subset,filename,path,random_seed
robustness,478__M_Right_middle_finger.BMP,C:\ImageProcessing\Fingerprint_Enhancement_Jupyter_Project\Fingerprint_Enhancement_Jupyter_Project\Fingerprint_Enhancement_Project\data\SOCOFing\Real\478__M_Right_middle_finger.BMP,20260902
robustness,150__M_Left_middle_finger.BMP,C:\ImageProcessing\Fingerprint_Enhancement_Jupyter_Project\Fingerprint_Enhancement_Jupyter_Project\Fingerprint_Enhancement_Project\data\SOCOFing\Real\150__M_Left_middle_finger.BMP,20260902
robustness,237__M_Left_ring_finger.BMP,C:\ImageProcessing\Fingerprint_Enhancement_Jupyter_Project\Fingerprint_Enhancement_Jupyter_Project\Fingerprint_Enhancement_Project\data\SOCOFing\Real\237__M_Left_ring_finger.BMP,20260902
robustness,239__M_Left_thumb_finger.BMP,C:\ImageProcessing\Fingerprint_Enhancement_Jupyter_Project\Fingerprint_Enhancement_Jupyter_Project\Fingerprint_Enhancement_Project\data\SOCOFing\Real\239__M_Left_thumb_finger.BMP,20260902
robustness,511__M_Right_little_finger.BMP,C:\ImageProcessing\Fingerprint_Enhancement_Jupyter_Project\Fingerprint_Enhancement_Jupyter_Project\Fingerprint_Enhancement_Project\data\SOCOFing\Real\511__M_Right_little_finger.BMP,20260902
robustness,328__M_Right_thumb_finger.BMP,C:\ImageProcessing\Fingerprint_Enhancement_Jupyter_Project\Fingerprint_Enhancement_Jupyter_Project\Fingerprint_Enhancement_Project\data\SOCOFing\Real\328__M_Right_thumb_finger.BMP,20260902
robustness,68__M_Left_index_finger.BMP,C:\ImageProcessing\Fingerprint_Enhancement_Jupyter_Project\Fingerprint_Enhancement_Jupyter_Project\Fingerprint_Enhancement_Project\data\SOCOFing\Real\68__M_Left_index_finger.BMP,20260902
robustness,561__M_Right_index_finger.BMP,C:\ImageProcessing\Fingerprint_Enhancement_Jupyter_Project\Fingerprint_Enhancement_Jupyter_Project\Fingerprint_Enhancement_Project\data\SOCOFing\Real\561__M_Right_index_finger.BMP,20260902
robustness,505__M_Right_index_finger.BMP,C:\ImageProcessing\Fingerprint_Enhancement_Jupyter_Project\Fingerprint_Enhancement_Jupyter_Project\Fingerprint_Enhancement_Project\data\SOCOFing\Real\505__M_Right_index_finger.BMP,20260902
robustness,109__F_Left_ring_finger.BMP,C:\ImageProcessing\Fingerprint_Enhancement_Jupyter_Project\Fingerprint_Enhancement_Jupyter_Project\Fingerprint_Enhancement_Project\data\SOCOFing\Real\109__F_Left_ring_finger.BMP,20260902
robustness,217__M_Left_index_finger.BMP,C:\ImageProcessing\Fingerprint_Enhancement_Jupyter_Project\Fingerprint_Enhancement_Jupyter_Project\Fingerprint_Enhancement_Project\data\SOCOFing\Real\217__M_Left_index_finger.BMP,20260902
robustness,537__M_Left_little_finger.BMP,C:\ImageProcessing\Fingerprint_Enhancement_Jupyter_Project\Fingerprint_Enhancement_Jupyter_Project\Fingerprint_Enhancement_Project\data\SOCOFing\Real\537__M_Left_little_finger.BMP,20260902
robustness,197__M_Right_ring_finger.BMP,C:\ImageProcessing\Fingerprint_Enhancement_Jupyter_Project\Fingerprint_Enhancement_Jupyter_Project\Fingerprint_Enhancement_Project\data\SOCOFing\Real\197__M_Right_ring_finger.BMP,20260902
robustness,156__F_Left_ring_finger.BMP,C:\ImageProcessing\Fingerprint_Enhancement_Jupyter_Project\Fingerprint_Enhancement_Jupyter_Project\Fingerprint_Enhancement_Project\data\SOCOFing\Real\156__F_Left_ring_finger.BMP,20260902
robustness,399__M_Left_little_finger.BMP,C:\ImageProcessing\Fingerprint_Enhancement_Jupyter_Project\Fingerprint_Enhancement_Jupyter_Project\Fingerprint_Enhancement_Project\data\SOCOFing\Real\399__M_Left_little_finger.BMP,20260902
robustness,62__M_Left_ring_finger.BMP,C:\ImageProcessing\Fingerprint_Enhancement_Jupyter_Project\Fingerprint_Enhancement_Jupyter_Project\Fingerprint_Enhancement_Project\data\SOCOFing\Real\62__M_Left_ring_finger.BMP,20260902
robustness,152__M_Left_little_finger.BMP,C:\ImageProcessing\Fingerprint_Enhancement_Jupyter_Project\Fingerprint_Enhancement_Jupyter_Project\Fingerprint_Enhancement_Project\data\SOCOFing\Real\152__M_Left_little_finger.BMP,20260902
robustness,273__M_Right_index_finger.BMP,C:\ImageProcessing\Fingerprint_Enhancement_Jupyter_Project\Fingerprint_Enhancement_Jupyter_Project\Fingerprint_Enhancement_Project\data\SOCOFing\Real\273__M_Right_index_finger.BMP,20260902
robustness,367__M_Right_ring_finger.BMP,C:\ImageProcessing\Fingerprint_Enhancement_Jupyter_Project\Fingerprint_Enhancement_Jupyter_Project\Fingerprint_Enhancement_Project\data\SOCOFing\Real\367__M_Right_ring_finger.BMP,20260902
robustness,172__M_Left_middle_finger.BMP,C:\ImageProcessing\Fingerprint_Enhancement_Jupyter_Project\Fingerprint_Enhancement_Jupyter_Project\Fingerprint_Enhancement_Project\data\SOCOFing\Real\172__M_Left_middle_finger.BMP,20260902
robustness,275__F_Right_middle_finger.BMP,C:\ImageProcessing\Fingerprint_Enhancement_Jupyter_Project\Fingerprint_Enhancement_Jupyter_Project\Fingerprint_Enhancement_Project\data\SOCOFing\Real\275__F_Right_middle_finger.BMP,20260902
robustness,464__M_Left_middle_finger.BMP,C:\ImageProcessing\Fingerprint_Enhancement_Jupyter_Project\Fingerprint_Enhancement_Jupyter_Project\Fingerprint_Enhancement_Project\data\SOCOFing\Real\464__M_Left_middle_finger.BMP,20260902
robustness,150__M_Right_middle_finger.BMP,C:\ImageProcessing\Fingerprint_Enhancement_Jupyter_Project\Fingerprint_Enhancement_Jupyter_Project\Fingerprint_Enhancement_Project\data\SOCOFing\Real\150__M_Right_middle_finger.BMP,20260902
robustness,345__M_Right_ring_finger.BMP,C:\ImageProcessing\Fingerprint_Enhancement_Jupyter_Project\Fingerprint_Enhancement_Jupyter_Project\Fingerprint_Enhancement_Project\data\SOCOFing\Real\345__M_Right_ring_finger.BMP,20260902
robustness,368__M_Left_index_finger.BMP,C:\ImageProcessing\Fingerprint_Enhancement_Jupyter_Project\Fingerprint_Enhancement_Jupyter_Project\Fingerprint_Enhancement_Project\data\SOCOFing\Real\368__M_Left_index_finger.BMP,20260902
robustness,136__F_Right_little_finger.BMP,C:\ImageProcessing\Fingerprint_Enhancement_Jupyter_Project\Fingerprint_Enhancement_Jupyter_Project\Fingerprint_Enhancement_Project\data\SOCOFing\Real\136__F_Right_little_finger.BMP,20260902
robustness,97__M_Right_middle_finger.BMP,C:\ImageProcessing\Fingerprint_Enhancement_Jupyter_Project\Fingerprint_Enhancement_Jupyter_Project\Fingerprint_Enhancement_Project\data\SOCOFing\Real\97__M_Right_middle_finger.BMP,20260902
robustness,315__F_Left_little_finger.BMP,C:\ImageProcessing\Fingerprint_Enhancement_Jupyter_Project\Fingerprint_Enhancement_Jupyter_Project\Fingerprint_Enhancement_Project\data\SOCOFing\Real\315__F_Left_little_finger.BMP,20260902
robustness,308__M_Left_index_finger.BMP,C:\ImageProcessing\Fingerprint_Enhancement_Jupyter_Project\Fingerprint_Enhancement_Jupyter_Project\Fingerprint_Enhancement_Project\data\SOCOFing\Real\308__M_Left_index_finger.BMP,20260902
robustness,465__F_Right_ring_finger.BMP,C:\ImageProcessing\Fingerprint_Enhancement_Jupyter_Project\Fingerprint_Enhancement_Jupyter_Project\Fingerprint_Enhancement_Project\data\SOCOFing\Real\465__F_Right_ring_finger.BMP,20260902
robustness,49__M_Left_little_finger.BMP,C:\ImageProcessing\Fingerprint_Enhancement_Jupyter_Project\Fingerprint_Enhancement_Jupyter_Project\Fingerprint_Enhancement_Project\data\SOCOFing\Real\49__M_Left_little_finger.BMP,20260902
robustness,486__M_Right_ring_finger.BMP,C:\ImageProcessing\Fingerprint_Enhancement_Jupyter_Project\Fingerprint_Enhancement_Jupyter_Project\Fingerprint_Enhancement_Project\data\SOCOFing\Real\486__M_Right_ring_finger.BMP,20260902
robustness,51__M_Left_ring_finger.BMP,C:\ImageProcessing\Fingerprint_Enhancement_Jupyter_Project\Fingerprint_Enhancement_Jupyter_Project\Fingerprint_Enhancement_Project\data\SOCOFing\Real\51__M_Left_ring_finger.BMP,20260902
robustness,105__M_Left_middle_finger.BMP,C:\ImageProcessing\Fingerprint_Enhancement_Jupyter_Project\Fingerprint_Enhancement_Jupyter_Project\Fingerprint_Enhancement_Project\data\SOCOFing\Real\105__M_Left_middle_finger.BMP,20260902
robustness,466__F_Right_middle_finger.BMP,C:\ImageProcessing\Fingerprint_Enhancement_Jupyter_Project\Fingerprint_Enhancement_Jupyter_Project\Fingerprint_Enhancement_Project\data\SOCOFing\Real\466__F_Right_middle_finger.BMP,20260902
robustness,567__M_Left_little_finger.BMP,C:\ImageProcessing\Fingerprint_Enhancement_Jupyter_Project\Fingerprint_Enhancement_Jupyter_Project\Fingerprint_Enhancement_Project\data\SOCOFing\Real\567__M_Left_little_finger.BMP,20260902
robustness,197__M_Left_thumb_finger.BMP,C:\ImageProcessing\Fingerprint_Enhancement_Jupyter_Project\Fingerprint_Enhancement_Jupyter_Project\Fingerprint_Enhancement_Project\data\SOCOFing\Real\197__M_Left_thumb_finger.BMP,20260902
robustness,264__M_Left_middle_finger.BMP,C:\ImageProcessing\Fingerprint_Enhancement_Jupyter_Project\Fingerprint_Enhancement_Jupyter_Project\Fingerprint_Enhancement_Project\data\SOCOFing\Real\264__M_Left_middle_finger.BMP,20260902
robustness,84__M_Left_middle_finger.BMP,C:\ImageProcessing\Fingerprint_Enhancement_Jupyter_Project\Fingerprint_Enhancement_Jupyter_Project\Fingerprint_Enhancement_Project\data\SOCOFing\Real\84__M_Left_middle_finger.BMP,20260902
robustness,512__M_Left_thumb_finger.BMP,C:\ImageProcessing\Fingerprint_Enhancement_Jupyter_Project\Fingerprint_Enhancement_Jupyter_Project\Fingerprint_Enhancement_Project\data\SOCOFing\Real\512__M_Left_thumb_finger.BMP,20260902
robustness,496__M_Left_little_finger.BMP,C:\ImageProcessing\Fingerprint_Enhancement_Jupyter_Project\Fingerprint_Enhancement_Jupyter_Project\Fingerprint_Enhancement_Project\data\SOCOFing\Real\496__M_Left_little_finger.BMP,20260902
robustness,424__M_Right_index_finger.BMP,C:\ImageProcessing\Fingerprint_Enhancement_Jupyter_Project\Fingerprint_Enhancement_Jupyter_Project\Fingerprint_Enhancement_Project\data\SOCOFing\Real\424__M_Right_index_finger.BMP,20260902
robustness,203__M_Left_thumb_finger.BMP,C:\ImageProcessing\Fingerprint_Enhancement_Jupyter_Project\Fingerprint_Enhancement_Jupyter_Project\Fingerprint_Enhancement_Project\data\SOCOFing\Real\203__M_Left_thumb_finger.BMP,20260902
robustness,169__F_Left_little_finger.BMP,C:\ImageProcessing\Fingerprint_Enhancement_Jupyter_Project\Fingerprint_Enhancement_Jupyter_Project\Fingerprint_Enhancement_Project\data\SOCOFing\Real\169__F_Left_little_finger.BMP,20260902
robustness,163__M_Right_index_finger.BMP,C:\ImageProcessing\Fingerprint_Enhancement_Jupyter_Project\Fingerprint_Enhancement_Jupyter_Project\Fingerprint_Enhancement_Project\data\SOCOFing\Real\163__M_Right_index_finger.BMP,20260902
robustness,448__M_Left_index_finger.BMP,C:\ImageProcessing\Fingerprint_Enhancement_Jupyter_Project\Fingerprint_Enhancement_Jupyter_Project\Fingerprint_Enhancement_Project\data\SOCOFing\Real\448__M_Left_index_finger.BMP,20260902
robustness,182__M_Left_little_finger.BMP,C:\ImageProcessing\Fingerprint_Enhancement_Jupyter_Project\Fingerprint_Enhancement_Jupyter_Project\Fingerprint_Enhancement_Project\data\SOCOFing\Real\182__M_Left_little_finger.BMP,20260902
robustness,477__M_Left_index_finger.BMP,C:\ImageProcessing\Fingerprint_Enhancement_Jupyter_Project\Fingerprint_Enhancement_Jupyter_Project\Fingerprint_Enhancement_Project\data\SOCOFing\Real\477__M_Left_index_finger.BMP,20260902
robustness,545__M_Right_thumb_finger.BMP,C:\ImageProcessing\Fingerprint_Enhancement_Jupyter_Project\Fingerprint_Enhancement_Jupyter_Project\Fingerprint_Enhancement_Project\data\SOCOFing\Real\545__M_Right_thumb_finger.BMP,20260902
robustness,148__M_Left_ring_finger.BMP,C:\ImageProcessing\Fingerprint_Enhancement_Jupyter_Project\Fingerprint_Enhancement_Jupyter_Project\Fingerprint_Enhancement_Project\data\SOCOFing\Real\148__M_Left_ring_finger.BMP,20260902
robustness,420__M_Left_thumb_finger.BMP,C:\ImageProcessing\Fingerprint_Enhancement_Jupyter_Project\Fingerprint_Enhancement_Jupyter_Project\Fingerprint_Enhancement_Project\data\SOCOFing\Real\420__M_Left_thumb_finger.BMP,20260902
robustness,526__F_Left_ring_finger.BMP,C:\ImageProcessing\Fingerprint_Enhancement_Jupyter_Project\Fingerprint_Enhancement_Jupyter_Project\Fingerprint_Enhancement_Project\data\SOCOFing\Real\526__F_Left_ring_finger.BMP,20260902
robustness,374__M_Left_ring_finger.BMP,C:\ImageProcessing\Fingerprint_Enhancement_Jupyter_Project\Fingerprint_Enhancement_Jupyter_Project\Fingerprint_Enhancement_Project\data\SOCOFing\Real\374__M_Left_ring_finger.BMP,20260902
robustness,119__F_Right_ring_finger.BMP,C:\ImageProcessing\Fingerprint_Enhancement_Jupyter_Project\Fingerprint_Enhancement_Jupyter_Project\Fingerprint_Enhancement_Project\data\SOCOFing\Real\119__F_Right_ring_finger.BMP,20260902
robustness,202__M_Left_little_finger.BMP,C:\ImageProcessing\Fingerprint_Enhancement_Jupyter_Project\Fingerprint_Enhancement_Jupyter_Project\Fingerprint_Enhancement_Project\data\SOCOFing\Real\202__M_Left_little_finger.BMP,20260902
robustness,290__M_Left_middle_finger.BMP,C:\ImageProcessing\Fingerprint_Enhancement_Jupyter_Project\Fingerprint_Enhancement_Jupyter_Project\Fingerprint_Enhancement_Project\data\SOCOFing\Real\290__M_Left_middle_finger.BMP,20260902
robustness,58__M_Left_little_finger.BMP,C:\ImageProcessing\Fingerprint_Enhancement_Jupyter_Project\Fingerprint_Enhancement_Jupyter_Project\Fingerprint_Enhancement_Project\data\SOCOFing\Real\58__M_Left_little_finger.BMP,20260902
robustness,340__M_Left_little_finger.BMP,C:\ImageProcessing\Fingerprint_Enhancement_Jupyter_Project\Fingerprint_Enhancement_Jupyter_Project\Fingerprint_Enhancement_Project\data\SOCOFing\Real\340__M_Left_little_finger.BMP,20260902
robustness,216__M_Left_ring_finger.BMP,C:\ImageProcessing\Fingerprint_Enhancement_Jupyter_Project\Fingerprint_Enhancement_Jupyter_Project\Fingerprint_Enhancement_Project\data\SOCOFing\Real\216__M_Left_ring_finger.BMP,20260902
robustness,272__M_Right_index_finger.BMP,C:\ImageProcessing\Fingerprint_Enhancement_Jupyter_Project\Fingerprint_Enhancement_Jupyter_Project\Fingerprint_Enhancement_Project\data\SOCOFing\Real\272__M_Right_index_finger.BMP,20260902
robustness,581__F_Left_little_finger.BMP,C:\ImageProcessing\Fingerprint_Enhancement_Jupyter_Project\Fingerprint_Enhancement_Jupyter_Project\Fingerprint_Enhancement_Project\data\SOCOFing\Real\581__F_Left_little_finger.BMP,20260902
robustness,446__M_Left_middle_finger.BMP,C:\ImageProcessing\Fingerprint_Enhancement_Jupyter_Project\Fingerprint_Enhancement_Jupyter_Project\Fingerprint_Enhancement_Project\data\SOCOFing\Real\446__M_Left_middle_finger.BMP,20260902
robustness,76__F_Right_thumb_finger.BMP,C:\ImageProcessing\Fingerprint_Enhancement_Jupyter_Project\Fingerprint_Enhancement_Jupyter_Project\Fingerprint_Enhancement_Project\data\SOCOFing\Real\76__F_Right_thumb_finger.BMP,20260902
robustness,352__M_Right_ring_finger.BMP,C:\ImageProcessing\Fingerprint_Enhancement_Jupyter_Project\Fingerprint_Enhancement_Jupyter_Project\Fingerprint_Enhancement_Project\data\SOCOFing\Real\352__M_Right_ring_finger.BMP,20260902
robustness,212__M_Right_middle_finger.BMP,C:\ImageProcessing\Fingerprint_Enhancement_Jupyter_Project\Fingerprint_Enhancement_Jupyter_Project\Fingerprint_Enhancement_Project\data\SOCOFing\Real\212__M_Right_middle_finger.BMP,20260902
robustness,360__M_Right_index_finger.BMP,C:\ImageProcessing\Fingerprint_Enhancement_Jupyter_Project\Fingerprint_Enhancement_Jupyter_Project\Fingerprint_Enhancement_Project\data\SOCOFing\Real\360__M_Right_index_finger.BMP,20260902
robustness,41__M_Left_index_finger.BMP,C:\ImageProcessing\Fingerprint_Enhancement_Jupyter_Project\Fingerprint_Enhancement_Jupyter_Project\Fingerprint_Enhancement_Project\data\SOCOFing\Real\41__M_Left_index_finger.BMP,20260902
robustness,112__M_Left_ring_finger.BMP,C:\ImageProcessing\Fingerprint_Enhancement_Jupyter_Project\Fingerprint_Enhancement_Jupyter_Project\Fingerprint_Enhancement_Project\data\SOCOFing\Real\112__M_Left_ring_finger.BMP,20260902
robustness,476__M_Right_middle_finger.BMP,C:\ImageProcessing\Fingerprint_Enhancement_Jupyter_Project\Fingerprint_Enhancement_Jupyter_Project\Fingerprint_Enhancement_Project\data\SOCOFing\Real\476__M_Right_middle_finger.BMP,20260902
robustness,226__M_Left_ring_finger.BMP,C:\ImageProcessing\Fingerprint_Enhancement_Jupyter_Project\Fingerprint_Enhancement_Jupyter_Project\Fingerprint_Enhancement_Project\data\SOCOFing\Real\226__M_Left_ring_finger.BMP,20260902
robustness,561__M_Left_index_finger.BMP,C:\ImageProcessing\Fingerprint_Enhancement_Jupyter_Project\Fingerprint_Enhancement_Jupyter_Project\Fingerprint_Enhancement_Project\data\SOCOFing\Real\561__M_Left_index_finger.BMP,20260902
robustness,54__M_Left_ring_finger.BMP,C:\ImageProcessing\Fingerprint_Enhancement_Jupyter_Project\Fingerprint_Enhancement_Jupyter_Project\Fingerprint_Enhancement_Project\data\SOCOFing\Real\54__M_Left_ring_finger.BMP,20260902
robustness,334__F_Left_index_finger.BMP,C:\ImageProcessing\Fingerprint_Enhancement_Jupyter_Project\Fingerprint_Enhancement_Jupyter_Project\Fingerprint_Enhancement_Project\data\SOCOFing\Real\334__F_Left_index_finger.BMP,20260902
robustness,129__M_Right_index_finger.BMP,C:\ImageProcessing\Fingerprint_Enhancement_Jupyter_Project\Fingerprint_Enhancement_Jupyter_Project\Fingerprint_Enhancement_Project\data\SOCOFing\Real\129__M_Right_index_finger.BMP,20260902
robustness,447__M_Left_little_finger.BMP,C:\ImageProcessing\Fingerprint_Enhancement_Jupyter_Project\Fingerprint_Enhancement_Jupyter_Project\Fingerprint_Enhancement_Project\data\SOCOFing\Real\447__M_Left_little_finger.BMP,20260902
robustness,227__M_Right_thumb_finger.BMP,C:\ImageProcessing\Fingerprint_Enhancement_Jupyter_Project\Fingerprint_Enhancement_Jupyter_Project\Fingerprint_Enhancement_Project\data\SOCOFing\Real\227__M_Right_thumb_finger.BMP,20260902
robustness,253__F_Left_thumb_finger.BMP,C:\ImageProcessing\Fingerprint_Enhancement_Jupyter_Project\Fingerprint_Enhancement_Jupyter_Project\Fingerprint_Enhancement_Project\data\SOCOFing\Real\253__F_Left_thumb_finger.BMP,20260902
robustness,578__M_Left_index_finger.BMP,C:\ImageProcessing\Fingerprint_Enhancement_Jupyter_Project\Fingerprint_Enhancement_Jupyter_Project\Fingerprint_Enhancement_Project\data\SOCOFing\Real\578__M_Left_index_finger.BMP,20260902
robustness,34__M_Right_thumb_finger.BMP,C:\ImageProcessing\Fingerprint_Enhancement_Jupyter_Project\Fingerprint_Enhancement_Jupyter_Project\Fingerprint_Enhancement_Project\data\SOCOFing\Real\34__M_Right_thumb_finger.BMP,20260902
robustness,146__M_Right_middle_finger.BMP,C:\ImageProcessing\Fingerprint_Enhancement_Jupyter_Project\Fingerprint_Enhancement_Jupyter_Project\Fingerprint_Enhancement_Project\data\SOCOFing\Real\146__M_Right_middle_finger.BMP,20260902
robustness,289__F_Right_little_finger.BMP,C:\ImageProcessing\Fingerprint_Enhancement_Jupyter_Project\Fingerprint_Enhancement_Jupyter_Project\Fingerprint_Enhancement_Project\data\SOCOFing\Real\289__F_Right_little_finger.BMP,20260902
robustness,80__M_Right_middle_finger.BMP,C:\ImageProcessing\Fingerprint_Enhancement_Jupyter_Project\Fingerprint_Enhancement_Jupyter_Project\Fingerprint_Enhancement_Project\data\SOCOFing\Real\80__M_Right_middle_finger.BMP,20260902
robustness,450__M_Right_ring_finger.BMP,C:\ImageProcessing\Fingerprint_Enhancement_Jupyter_Project\Fingerprint_Enhancement_Jupyter_Project\Fingerprint_Enhancement_Project\data\SOCOFing\Real\450__M_Right_ring_finger.BMP,20260902
robustness,376__F_Left_ring_finger.BMP,C:\ImageProcessing\Fingerprint_Enhancement_Jupyter_Project\Fingerprint_Enhancement_Jupyter_Project\Fingerprint_Enhancement_Project\data\SOCOFing\Real\376__F_Left_ring_finger.BMP,20260902
robustness,207__M_Right_thumb_finger.BMP,C:\ImageProcessing\Fingerprint_Enhancement_Jupyter_Project\Fingerprint_Enhancement_Jupyter_Project\Fingerprint_Enhancement_Project\data\SOCOFing\Real\207__M_Right_thumb_finger.BMP,20260902
robustness,356__M_Right_middle_finger.BMP,C:\ImageProcessing\Fingerprint_Enhancement_Jupyter_Project\Fingerprint_Enhancement_Jupyter_Project\Fingerprint_Enhancement_Project\data\SOCOFing\Real\356__M_Right_middle_finger.BMP,20260902
robustness,550__F_Right_thumb_finger.BMP,C:\ImageProcessing\Fingerprint_Enhancement_Jupyter_Project\Fingerprint_Enhancement_Jupyter_Project\Fingerprint_Enhancement_Project\data\SOCOFing\Real\550__F_Right_thumb_finger.BMP,20260902
robustness,516__M_Left_thumb_finger.BMP,C:\ImageProcessing\Fingerprint_Enhancement_Jupyter_Project\Fingerprint_Enhancement_Jupyter_Project\Fingerprint_Enhancement_Project\data\SOCOFing\Real\516__M_Left_thumb_finger.BMP,20260902
robustness,460__M_Right_index_finger.BMP,C:\ImageProcessing\Fingerprint_Enhancement_Jupyter_Project\Fingerprint_Enhancement_Jupyter_Project\Fingerprint_Enhancement_Project\data\SOCOFing\Real\460__M_Right_index_finger.BMP,20260902
robustness,128__M_Left_ring_finger.BMP,C:\ImageProcessing\Fingerprint_Enhancement_Jupyter_Project\Fingerprint_Enhancement_Jupyter_Project\Fingerprint_Enhancement_Project\data\SOCOFing\Real\128__M_Left_ring_finger.BMP,20260902
robustness,94__M_Right_little_finger.BMP,C:\ImageProcessing\Fingerprint_Enhancement_Jupyter_Project\Fingerprint_Enhancement_Jupyter_Project\Fingerprint_Enhancement_Project\data\SOCOFing\Real\94__M_Right_little_finger.BMP,20260902
robustness,192__M_Right_thumb_finger.BMP,C:\ImageProcessing\Fingerprint_Enhancement_Jupyter_Project\Fingerprint_Enhancement_Jupyter_Project\Fingerprint_Enhancement_Project\data\SOCOFing\Real\192__M_Right_thumb_finger.BMP,20260902
robustness,128__M_Left_little_finger.BMP,C:\ImageProcessing\Fingerprint_Enhancement_Jupyter_Project\Fingerprint_Enhancement_Jupyter_Project\Fingerprint_Enhancement_Project\data\SOCOFing\Real\128__M_Left_little_finger.BMP,20260902
robustness,108__M_Right_thumb_finger.BMP,C:\ImageProcessing\Fingerprint_Enhancement_Jupyter_Project\Fingerprint_Enhancement_Jupyter_Project\Fingerprint_Enhancement_Project\data\SOCOFing\Real\108__M_Right_thumb_finger.BMP,20260902
robustness,290__M_Left_index_finger.BMP,C:\ImageProcessing\Fingerprint_Enhancement_Jupyter_Project\Fingerprint_Enhancement_Jupyter_Project\Fingerprint_Enhancement_Project\data\SOCOFing\Real\290__M_Left_index_finger.BMP,20260902
robustness,449__F_Left_thumb_finger.BMP,C:\ImageProcessing\Fingerprint_Enhancement_Jupyter_Project\Fingerprint_Enhancement_Jupyter_Project\Fingerprint_Enhancement_Project\data\SOCOFing\Real\449__F_Left_thumb_finger.BMP,20260902
robustness,150__M_Right_little_finger.BMP,C:\ImageProcessing\Fingerprint_Enhancement_Jupyter_Project\Fingerprint_Enhancement_Jupyter_Project\Fingerprint_Enhancement_Project\data\SOCOFing\Real\150__M_Right_little_finger.BMP,20260902
robustness,304__M_Right_thumb_finger.BMP,C:\ImageProcessing\Fingerprint_Enhancement_Jupyter_Project\Fingerprint_Enhancement_Jupyter_Project\Fingerprint_Enhancement_Project\data\SOCOFing\Real\304__M_Right_thumb_finger.BMP,20260902
robustness,422__M_Left_middle_finger.BMP,C:\ImageProcessing\Fingerprint_Enhancement_Jupyter_Project\Fingerprint_Enhancement_Jupyter_Project\Fingerprint_Enhancement_Project\data\SOCOFing\Real\422__M_Left_middle_finger.BMP,20260902
robustness,89__M_Left_middle_finger.BMP,C:\ImageProcessing\Fingerprint_Enhancement_Jupyter_Project\Fingerprint_Enhancement_Jupyter_Project\Fingerprint_Enhancement_Project\data\SOCOFing\Real\89__M_Left_middle_finger.BMP,20260902
robustness,251__M_Left_little_finger.BMP,C:\ImageProcessing\Fingerprint_Enhancement_Jupyter_Project\Fingerprint_Enhancement_Jupyter_Project\Fingerprint_Enhancement_Project\data\SOCOFing\Real\251__M_Left_little_finger.BMP,20260902
robustness,590__M_Left_thumb_finger.BMP,C:\ImageProcessing\Fingerprint_Enhancement_Jupyter_Project\Fingerprint_Enhancement_Jupyter_Project\Fingerprint_Enhancement_Project\data\SOCOFing\Real\590__M_Left_thumb_finger.BMP,20260902
robustness,192__M_Left_ring_finger.BMP,C:\ImageProcessing\Fingerprint_Enhancement_Jupyter_Project\Fingerprint_Enhancement_Jupyter_Project\Fingerprint_Enhancement_Project\data\SOCOFing\Real\192__M_Left_ring_finger.BMP,20260902
robustness,3__M_Right_ring_finger.BMP,C:\ImageProcessing\Fingerprint_Enhancement_Jupyter_Project\Fingerprint_Enhancement_Jupyter_Project\Fingerprint_Enhancement_Project\data\SOCOFing\Real\3__M_Right_ring_finger.BMP,20260902
robustness,568__M_Left_middle_finger.BMP,C:\ImageProcessing\Fingerprint_Enhancement_Jupyter_Project\Fingerprint_Enhancement_Jupyter_Project\Fingerprint_Enhancement_Project\data\SOCOFing\Real\568__M_Left_middle_finger.BMP,20260902
robustness,310__M_Left_thumb_finger.BMP,C:\ImageProcessing\Fingerprint_Enhancement_Jupyter_Project\Fingerprint_Enhancement_Jupyter_Project\Fingerprint_Enhancement_Project\data\SOCOFing\Real\310__M_Left_thumb_finger.BMP,20260902
robustness,25__F_Right_index_finger.BMP,C:\ImageProcessing\Fingerprint_Enhancement_Jupyter_Project\Fingerprint_Enhancement_Jupyter_Project\Fingerprint_Enhancement_Project\data\SOCOFing\Real\25__F_Right_index_finger.BMP,20260902
robustness,356__M_Right_index_finger.BMP,C:\ImageProcessing\Fingerprint_Enhancement_Jupyter_Project\Fingerprint_Enhancement_Jupyter_Project\Fingerprint_Enhancement_Project\data\SOCOFing\Real\356__M_Right_index_finger.BMP,20260902
robustness,256__M_Left_index_finger.BMP,C:\ImageProcessing\Fingerprint_Enhancement_Jupyter_Project\Fingerprint_Enhancement_Jupyter_Project\Fingerprint_Enhancement_Project\data\SOCOFing\Real\256__M_Left_index_finger.BMP,20260902
robustness,371__M_Right_thumb_finger.BMP,C:\ImageProcessing\Fingerprint_Enhancement_Jupyter_Project\Fingerprint_Enhancement_Jupyter_Project\Fingerprint_Enhancement_Project\data\SOCOFing\Real\371__M_Right_thumb_finger.BMP,20260902
robustness,97__M_Right_ring_finger.BMP,C:\ImageProcessing\Fingerprint_Enhancement_Jupyter_Project\Fingerprint_Enhancement_Jupyter_Project\Fingerprint_Enhancement_Project\data\SOCOFing\Real\97__M_Right_ring_finger.BMP,20260902
robustness,272__M_Left_thumb_finger.BMP,C:\ImageProcessing\Fingerprint_Enhancement_Jupyter_Project\Fingerprint_Enhancement_Jupyter_Project\Fingerprint_Enhancement_Project\data\SOCOFing\Real\272__M_Left_thumb_finger.BMP,20260902
robustness,524__M_Right_thumb_finger.BMP,C:\ImageProcessing\Fingerprint_Enhancement_Jupyter_Project\Fingerprint_Enhancement_Jupyter_Project\Fingerprint_Enhancement_Project\data\SOCOFing\Real\524__M_Right_thumb_finger.BMP,20260902
robustness,118__F_Left_little_finger.BMP,C:\ImageProcessing\Fingerprint_Enhancement_Jupyter_Project\Fingerprint_Enhancement_Jupyter_Project\Fingerprint_Enhancement_Project\data\SOCOFing\Real\118__F_Left_little_finger.BMP,20260902
robustness,307__M_Left_little_finger.BMP,C:\ImageProcessing\Fingerprint_Enhancement_Jupyter_Project\Fingerprint_Enhancement_Jupyter_Project\Fingerprint_Enhancement_Project\data\SOCOFing\Real\307__M_Left_little_finger.BMP,20260902
robustness,445__M_Right_middle_finger.BMP,C:\ImageProcessing\Fingerprint_Enhancement_Jupyter_Project\Fingerprint_Enhancement_Jupyter_Project\Fingerprint_Enhancement_Project\data\SOCOFing\Real\445__M_Right_middle_finger.BMP,20260902
robustness,295__M_Right_index_finger.BMP,C:\ImageProcessing\Fingerprint_Enhancement_Jupyter_Project\Fingerprint_Enhancement_Jupyter_Project\Fingerprint_Enhancement_Project\data\SOCOFing\Real\295__M_Right_index_finger.BMP,20260902
robustness,299__M_Right_ring_finger.BMP,C:\ImageProcessing\Fingerprint_Enhancement_Jupyter_Project\Fingerprint_Enhancement_Jupyter_Project\Fingerprint_Enhancement_Project\data\SOCOFing\Real\299__M_Right_ring_finger.BMP,20260902
robustness,334__F_Right_index_finger.BMP,C:\ImageProcessing\Fingerprint_Enhancement_Jupyter_Project\Fingerprint_Enhancement_Jupyter_Project\Fingerprint_Enhancement_Project\data\SOCOFing\Real\334__F_Right_index_finger.BMP,20260902
robustness,532__M_Left_middle_finger.BMP,C:\ImageProcessing\Fingerprint_Enhancement_Jupyter_Project\Fingerprint_Enhancement_Jupyter_Project\Fingerprint_Enhancement_Project\data\SOCOFing\Real\532__M_Left_middle_finger.BMP,20260902
robustness,534__F_Left_middle_finger.BMP,C:\ImageProcessing\Fingerprint_Enhancement_Jupyter_Project\Fingerprint_Enhancement_Jupyter_Project\Fingerprint_Enhancement_Project\data\SOCOFing\Real\534__F_Left_middle_finger.BMP,20260902
robustness,519__M_Right_middle_finger.BMP,C:\ImageProcessing\Fingerprint_Enhancement_Jupyter_Project\Fingerprint_Enhancement_Jupyter_Project\Fingerprint_Enhancement_Project\data\SOCOFing\Real\519__M_Right_middle_finger.BMP,20260902
robustness,348__F_Left_middle_finger.BMP,C:\ImageProcessing\Fingerprint_Enhancement_Jupyter_Project\Fingerprint_Enhancement_Jupyter_Project\Fingerprint_Enhancement_Project\data\SOCOFing\Real\348__F_Left_middle_finger.BMP,20260902
robustness,527__M_Left_little_finger.BMP,C:\ImageProcessing\Fingerprint_Enhancement_Jupyter_Project\Fingerprint_Enhancement_Jupyter_Project\Fingerprint_Enhancement_Project\data\SOCOFing\Real\527__M_Left_little_finger.BMP,20260902
robustness,525__M_Left_little_finger.BMP,C:\ImageProcessing\Fingerprint_Enhancement_Jupyter_Project\Fingerprint_Enhancement_Jupyter_Project\Fingerprint_Enhancement_Project\data\SOCOFing\Real\525__M_Left_little_finger.BMP,20260902
robustness,480__M_Left_ring_finger.BMP,C:\ImageProcessing\Fingerprint_Enhancement_Jupyter_Project\Fingerprint_Enhancement_Jupyter_Project\Fingerprint_Enhancement_Project\data\SOCOFing\Real\480__M_Left_ring_finger.BMP,20260902
robustness,187__M_Right_index_finger.BMP,C:\ImageProcessing\Fingerprint_Enhancement_Jupyter_Project\Fingerprint_Enhancement_Jupyter_Project\Fingerprint_Enhancement_Project\data\SOCOFing\Real\187__M_Right_index_finger.BMP,20260902
robustness,119__F_Left_middle_finger.BMP,C:\ImageProcessing\Fingerprint_Enhancement_Jupyter_Project\Fingerprint_Enhancement_Jupyter_Project\Fingerprint_Enhancement_Project\data\SOCOFing\Real\119__F_Left_middle_finger.BMP,20260902
robustness,595__M_Left_middle_finger.BMP,C:\ImageProcessing\Fingerprint_Enhancement_Jupyter_Project\Fingerprint_Enhancement_Jupyter_Project\Fingerprint_Enhancement_Project\data\SOCOFing\Real\595__M_Left_middle_finger.BMP,20260902
robustness,594__M_Left_little_finger.BMP,C:\ImageProcessing\Fingerprint_Enhancement_Jupyter_Project\Fingerprint_Enhancement_Jupyter_Project\Fingerprint_Enhancement_Project\data\SOCOFing\Real\594__M_Left_little_finger.BMP,20260902
robustness,223__M_Right_middle_finger.BMP,C:\ImageProcessing\Fingerprint_Enhancement_Jupyter_Project\Fingerprint_Enhancement_Jupyter_Project\Fingerprint_Enhancement_Project\data\SOCOFing\Real\223__M_Right_middle_finger.BMP,20260902
robustness,7__M_Left_middle_finger.BMP,C:\ImageProcessing\Fingerprint_Enhancement_Jupyter_Project\Fingerprint_Enhancement_Jupyter_Project\Fingerprint_Enhancement_Project\data\SOCOFing\Real\7__M_Left_middle_finger.BMP,20260902
robustness,394__M_Right_ring_finger.BMP,C:\ImageProcessing\Fingerprint_Enhancement_Jupyter_Project\Fingerprint_Enhancement_Jupyter_Project\Fingerprint_Enhancement_Project\data\SOCOFing\Real\394__M_Right_ring_finger.BMP,20260902
robustness,186__M_Left_thumb_finger.BMP,C:\ImageProcessing\Fingerprint_Enhancement_Jupyter_Project\Fingerprint_Enhancement_Jupyter_Project\Fingerprint_Enhancement_Project\data\SOCOFing\Real\186__M_Left_thumb_finger.BMP,20260902
robustness,260__M_Right_index_finger.BMP,C:\ImageProcessing\Fingerprint_Enhancement_Jupyter_Project\Fingerprint_Enhancement_Jupyter_Project\Fingerprint_Enhancement_Project\data\SOCOFing\Real\260__M_Right_index_finger.BMP,20260902
robustness,481__F_Left_thumb_finger.BMP,C:\ImageProcessing\Fingerprint_Enhancement_Jupyter_Project\Fingerprint_Enhancement_Jupyter_Project\Fingerprint_Enhancement_Project\data\SOCOFing\Real\481__F_Left_thumb_finger.BMP,20260902
robustness,133__M_Left_little_finger.BMP,C:\ImageProcessing\Fingerprint_Enhancement_Jupyter_Project\Fingerprint_Enhancement_Jupyter_Project\Fingerprint_Enhancement_Project\data\SOCOFing\Real\133__M_Left_little_finger.BMP,20260902
robustness,149__F_Left_ring_finger.BMP,C:\ImageProcessing\Fingerprint_Enhancement_Jupyter_Project\Fingerprint_Enhancement_Jupyter_Project\Fingerprint_Enhancement_Project\data\SOCOFing\Real\149__F_Left_ring_finger.BMP,20260902
robustness,423__M_Right_thumb_finger.BMP,C:\ImageProcessing\Fingerprint_Enhancement_Jupyter_Project\Fingerprint_Enhancement_Jupyter_Project\Fingerprint_Enhancement_Project\data\SOCOFing\Real\423__M_Right_thumb_finger.BMP,20260902
robustness,399__M_Right_thumb_finger.BMP,C:\ImageProcessing\Fingerprint_Enhancement_Jupyter_Project\Fingerprint_Enhancement_Jupyter_Project\Fingerprint_Enhancement_Project\data\SOCOFing\Real\399__M_Right_thumb_finger.BMP,20260902
robustness,328__M_Right_little_finger.BMP,C:\ImageProcessing\Fingerprint_Enhancement_Jupyter_Project\Fingerprint_Enhancement_Jupyter_Project\Fingerprint_Enhancement_Project\data\SOCOFing\Real\328__M_Right_little_finger.BMP,20260902
robustness,391__M_Right_ring_finger.BMP,C:\ImageProcessing\Fingerprint_Enhancement_Jupyter_Project\Fingerprint_Enhancement_Jupyter_Project\Fingerprint_Enhancement_Project\data\SOCOFing\Real\391__M_Right_ring_finger.BMP,20260902
robustness,141__F_Right_little_finger.BMP,C:\ImageProcessing\Fingerprint_Enhancement_Jupyter_Project\Fingerprint_Enhancement_Jupyter_Project\Fingerprint_Enhancement_Project\data\SOCOFing\Real\141__F_Right_little_finger.BMP,20260902
robustness,556__F_Right_index_finger.BMP,C:\ImageProcessing\Fingerprint_Enhancement_Jupyter_Project\Fingerprint_Enhancement_Jupyter_Project\Fingerprint_Enhancement_Project\data\SOCOFing\Real\556__F_Right_index_finger.BMP,20260902
robustness,7__M_Right_index_finger.BMP,C:\ImageProcessing\Fingerprint_Enhancement_Jupyter_Project\Fingerprint_Enhancement_Jupyter_Project\Fingerprint_Enhancement_Project\data\SOCOFing\Real\7__M_Right_index_finger.BMP,20260902
robustness,94__M_Right_ring_finger.BMP,C:\ImageProcessing\Fingerprint_Enhancement_Jupyter_Project\Fingerprint_Enhancement_Jupyter_Project\Fingerprint_Enhancement_Project\data\SOCOFing\Real\94__M_Right_ring_finger.BMP,20260902
robustness,196__M_Right_little_finger.BMP,C:\ImageProcessing\Fingerprint_Enhancement_Jupyter_Project\Fingerprint_Enhancement_Jupyter_Project\Fingerprint_Enhancement_Project\data\SOCOFing\Real\196__M_Right_little_finger.BMP,20260902
robustness,409__M_Left_middle_finger.BMP,C:\ImageProcessing\Fingerprint_Enhancement_Jupyter_Project\Fingerprint_Enhancement_Jupyter_Project\Fingerprint_Enhancement_Project\data\SOCOFing\Real\409__M_Left_middle_finger.BMP,20260902
robustness,177__F_Right_index_finger.BMP,C:\ImageProcessing\Fingerprint_Enhancement_Jupyter_Project\Fingerprint_Enhancement_Jupyter_Project\Fingerprint_Enhancement_Project\data\SOCOFing\Real\177__F_Right_index_finger.BMP,20260902
robustness,414__M_Right_index_finger.BMP,C:\ImageProcessing\Fingerprint_Enhancement_Jupyter_Project\Fingerprint_Enhancement_Jupyter_Project\Fingerprint_Enhancement_Project\data\SOCOFing\Real\414__M_Right_index_finger.BMP,20260902
robustness,221__M_Right_middle_finger.BMP,C:\ImageProcessing\Fingerprint_Enhancement_Jupyter_Project\Fingerprint_Enhancement_Jupyter_Project\Fingerprint_Enhancement_Project\data\SOCOFing\Real\221__M_Right_middle_finger.BMP,20260902
robustness,446__M_Left_thumb_finger.BMP,C:\ImageProcessing\Fingerprint_Enhancement_Jupyter_Project\Fingerprint_Enhancement_Jupyter_Project\Fingerprint_Enhancement_Project\data\SOCOFing\Real\446__M_Left_thumb_finger.BMP,20260902
robustness,374__M_Right_middle_finger.BMP,C:\ImageProcessing\Fingerprint_Enhancement_Jupyter_Project\Fingerprint_Enhancement_Jupyter_Project\Fingerprint_Enhancement_Project\data\SOCOFing\Real\374__M_Right_middle_finger.BMP,20260902
robustness,43__F_Left_little_finger.BMP,C:\ImageProcessing\Fingerprint_Enhancement_Jupyter_Project\Fingerprint_Enhancement_Jupyter_Project\Fingerprint_Enhancement_Project\data\SOCOFing\Real\43__F_Left_little_finger.BMP,20260902
robustness,1__M_Left_middle_finger.BMP,C:\ImageProcessing\Fingerprint_Enhancement_Jupyter_Project\Fingerprint_Enhancement_Jupyter_Project\Fingerprint_Enhancement_Project\data\SOCOFing\Real\1__M_Left_middle_finger.BMP,20260902
robustness,316__M_Right_little_finger.BMP,C:\ImageProcessing\Fingerprint_Enhancement_Jupyter_Project\Fingerprint_Enhancement_Jupyter_Project\Fingerprint_Enhancement_Project\data\SOCOFing\Real\316__M_Right_little_finger.BMP,20260902
robustness,262__M_Left_little_finger.BMP,C:\ImageProcessing\Fingerprint_Enhancement_Jupyter_Project\Fingerprint_Enhancement_Jupyter_Project\Fingerprint_Enhancement_Project\data\SOCOFing\Real\262__M_Left_little_finger.BMP,20260902
robustness,303__F_Right_ring_finger.BMP,C:\ImageProcessing\Fingerprint_Enhancement_Jupyter_Project\Fingerprint_Enhancement_Jupyter_Project\Fingerprint_Enhancement_Project\data\SOCOFing\Real\303__F_Right_ring_finger.BMP,20260902
robustness,57__M_Right_little_finger.BMP,C:\ImageProcessing\Fingerprint_Enhancement_Jupyter_Project\Fingerprint_Enhancement_Jupyter_Project\Fingerprint_Enhancement_Project\data\SOCOFing\Real\57__M_Right_little_finger.BMP,20260902
robustness,145__M_Right_index_finger.BMP,C:\ImageProcessing\Fingerprint_Enhancement_Jupyter_Project\Fingerprint_Enhancement_Jupyter_Project\Fingerprint_Enhancement_Project\data\SOCOFing\Real\145__M_Right_index_finger.BMP,20260902
robustness,122__M_Right_middle_finger.BMP,C:\ImageProcessing\Fingerprint_Enhancement_Jupyter_Project\Fingerprint_Enhancement_Jupyter_Project\Fingerprint_Enhancement_Project\data\SOCOFing\Real\122__M_Right_middle_finger.BMP,20260902
robustness,144__M_Right_little_finger.BMP,C:\ImageProcessing\Fingerprint_Enhancement_Jupyter_Project\Fingerprint_Enhancement_Jupyter_Project\Fingerprint_Enhancement_Project\data\SOCOFing\Real\144__M_Right_little_finger.BMP,20260902
robustness,30__F_Right_middle_finger.BMP,C:\ImageProcessing\Fingerprint_Enhancement_Jupyter_Project\Fingerprint_Enhancement_Jupyter_Project\Fingerprint_Enhancement_Project\data\SOCOFing\Real\30__F_Right_middle_finger.BMP,20260902
robustness,17__M_Left_thumb_finger.BMP,C:\ImageProcessing\Fingerprint_Enhancement_Jupyter_Project\Fingerprint_Enhancement_Jupyter_Project\Fingerprint_Enhancement_Project\data\SOCOFing\Real\17__M_Left_thumb_finger.BMP,20260902
robustness,508__F_Left_middle_finger.BMP,C:\ImageProcessing\Fingerprint_Enhancement_Jupyter_Project\Fingerprint_Enhancement_Jupyter_Project\Fingerprint_Enhancement_Project\data\SOCOFing\Real\508__F_Left_middle_finger.BMP,20260902
robustness,452__F_Right_thumb_finger.BMP,C:\ImageProcessing\Fingerprint_Enhancement_Jupyter_Project\Fingerprint_Enhancement_Jupyter_Project\Fingerprint_Enhancement_Project\data\SOCOFing\Real\452__F_Right_thumb_finger.BMP,20260902
robustness,297__M_Left_index_finger.BMP,C:\ImageProcessing\Fingerprint_Enhancement_Jupyter_Project\Fingerprint_Enhancement_Jupyter_Project\Fingerprint_Enhancement_Project\data\SOCOFing\Real\297__M_Left_index_finger.BMP,20260902
robustness,425__M_Right_thumb_finger.BMP,C:\ImageProcessing\Fingerprint_Enhancement_Jupyter_Project\Fingerprint_Enhancement_Jupyter_Project\Fingerprint_Enhancement_Project\data\SOCOFing\Real\425__M_Right_thumb_finger.BMP,20260902
robustness,380__M_Left_ring_finger.BMP,C:\ImageProcessing\Fingerprint_Enhancement_Jupyter_Project\Fingerprint_Enhancement_Jupyter_Project\Fingerprint_Enhancement_Project\data\SOCOFing\Real\380__M_Left_ring_finger.BMP,20260902
robustness,443__M_Right_little_finger.BMP,C:\ImageProcessing\Fingerprint_Enhancement_Jupyter_Project\Fingerprint_Enhancement_Jupyter_Project\Fingerprint_Enhancement_Project\data\SOCOFing\Real\443__M_Right_little_finger.BMP,20260902
robustness,433__M_Right_index_finger.BMP,C:\ImageProcessing\Fingerprint_Enhancement_Jupyter_Project\Fingerprint_Enhancement_Jupyter_Project\Fingerprint_Enhancement_Project\data\SOCOFing\Real\433__M_Right_index_finger.BMP,20260902
robustness,245__M_Left_ring_finger.BMP,C:\ImageProcessing\Fingerprint_Enhancement_Jupyter_Project\Fingerprint_Enhancement_Jupyter_Project\Fingerprint_Enhancement_Project\data\SOCOFing\Real\245__M_Left_ring_finger.BMP,20260902
robustness,82__M_Left_index_finger.BMP,C:\ImageProcessing\Fingerprint_Enhancement_Jupyter_Project\Fingerprint_Enhancement_Jupyter_Project\Fingerprint_Enhancement_Project\data\SOCOFing\Real\82__M_Left_index_finger.BMP,20260902
robustness,324__M_Left_thumb_finger.BMP,C:\ImageProcessing\Fingerprint_Enhancement_Jupyter_Project\Fingerprint_Enhancement_Jupyter_Project\Fingerprint_Enhancement_Project\data\SOCOFing\Real\324__M_Left_thumb_finger.BMP,20260902
robustness,309__M_Right_thumb_finger.BMP,C:\ImageProcessing\Fingerprint_Enhancement_Jupyter_Project\Fingerprint_Enhancement_Jupyter_Project\Fingerprint_Enhancement_Project\data\SOCOFing\Real\309__M_Right_thumb_finger.BMP,20260902
robustness,326__M_Left_little_finger.BMP,C:\ImageProcessing\Fingerprint_Enhancement_Jupyter_Project\Fingerprint_Enhancement_Jupyter_Project\Fingerprint_Enhancement_Project\data\SOCOFing\Real\326__M_Left_little_finger.BMP,20260902
robustness,242__M_Right_little_finger.BMP,C:\ImageProcessing\Fingerprint_Enhancement_Jupyter_Project\Fingerprint_Enhancement_Jupyter_Project\Fingerprint_Enhancement_Project\data\SOCOFing\Real\242__M_Right_little_finger.BMP,20260902
robustness,592__M_Left_index_finger.BMP,C:\ImageProcessing\Fingerprint_Enhancement_Jupyter_Project\Fingerprint_Enhancement_Jupyter_Project\Fingerprint_Enhancement_Project\data\SOCOFing\Real\592__M_Left_index_finger.BMP,20260902
robustness,342__M_Left_middle_finger.BMP,C:\ImageProcessing\Fingerprint_Enhancement_Jupyter_Project\Fingerprint_Enhancement_Jupyter_Project\Fingerprint_Enhancement_Project\data\SOCOFing\Real\342__M_Left_middle_finger.BMP,20260902
robustness,276__M_Right_thumb_finger.BMP,C:\ImageProcessing\Fingerprint_Enhancement_Jupyter_Project\Fingerprint_Enhancement_Jupyter_Project\Fingerprint_Enhancement_Project\data\SOCOFing\Real\276__M_Right_thumb_finger.BMP,20260902
robustness,124__M_Left_ring_finger.BMP,C:\ImageProcessing\Fingerprint_Enhancement_Jupyter_Project\Fingerprint_Enhancement_Jupyter_Project\Fingerprint_Enhancement_Project\data\SOCOFing\Real\124__M_Left_ring_finger.BMP,20260902
robustness,264__M_Left_index_finger.BMP,C:\ImageProcessing\Fingerprint_Enhancement_Jupyter_Project\Fingerprint_Enhancement_Jupyter_Project\Fingerprint_Enhancement_Project\data\SOCOFing\Real\264__M_Left_index_finger.BMP,20260902
robustness,213__M_Left_little_finger.BMP,C:\ImageProcessing\Fingerprint_Enhancement_Jupyter_Project\Fingerprint_Enhancement_Jupyter_Project\Fingerprint_Enhancement_Project\data\SOCOFing\Real\213__M_Left_little_finger.BMP,20260902
robustness,126__F_Left_thumb_finger.BMP,C:\ImageProcessing\Fingerprint_Enhancement_Jupyter_Project\Fingerprint_Enhancement_Jupyter_Project\Fingerprint_Enhancement_Project\data\SOCOFing\Real\126__F_Left_thumb_finger.BMP,20260902
robustness,453__F_Left_little_finger.BMP,C:\ImageProcessing\Fingerprint_Enhancement_Jupyter_Project\Fingerprint_Enhancement_Jupyter_Project\Fingerprint_Enhancement_Project\data\SOCOFing\Real\453__F_Left_little_finger.BMP,20260902
robustness,441__M_Left_ring_finger.BMP,C:\ImageProcessing\Fingerprint_Enhancement_Jupyter_Project\Fingerprint_Enhancement_Jupyter_Project\Fingerprint_Enhancement_Project\data\SOCOFing\Real\441__M_Left_ring_finger.BMP,20260902
robustness,101__M_Right_index_finger.BMP,C:\ImageProcessing\Fingerprint_Enhancement_Jupyter_Project\Fingerprint_Enhancement_Jupyter_Project\Fingerprint_Enhancement_Project\data\SOCOFing\Real\101__M_Right_index_finger.BMP,20260902
robustness,318__F_Right_ring_finger.BMP,C:\ImageProcessing\Fingerprint_Enhancement_Jupyter_Project\Fingerprint_Enhancement_Jupyter_Project\Fingerprint_Enhancement_Project\data\SOCOFing\Real\318__F_Right_ring_finger.BMP,20260902
robustness,185__M_Right_thumb_finger.BMP,C:\ImageProcessing\Fingerprint_Enhancement_Jupyter_Project\Fingerprint_Enhancement_Jupyter_Project\Fingerprint_Enhancement_Project\data\SOCOFing\Real\185__M_Right_thumb_finger.BMP,20260902
robustness,266__M_Right_little_finger.BMP,C:\ImageProcessing\Fingerprint_Enhancement_Jupyter_Project\Fingerprint_Enhancement_Jupyter_Project\Fingerprint_Enhancement_Project\data\SOCOFing\Real\266__M_Right_little_finger.BMP,20260902
robustness,293__F_Left_little_finger.BMP,C:\ImageProcessing\Fingerprint_Enhancement_Jupyter_Project\Fingerprint_Enhancement_Jupyter_Project\Fingerprint_Enhancement_Project\data\SOCOFing\Real\293__F_Left_little_finger.BMP,20260902
robustness,149__F_Right_middle_finger.BMP,C:\ImageProcessing\Fingerprint_Enhancement_Jupyter_Project\Fingerprint_Enhancement_Jupyter_Project\Fingerprint_Enhancement_Project\data\SOCOFing\Real\149__F_Right_middle_finger.BMP,20260902
robustness,459__M_Right_ring_finger.BMP,C:\ImageProcessing\Fingerprint_Enhancement_Jupyter_Project\Fingerprint_Enhancement_Jupyter_Project\Fingerprint_Enhancement_Project\data\SOCOFing\Real\459__M_Right_ring_finger.BMP,20260902
robustness,84__M_Right_index_finger.BMP,C:\ImageProcessing\Fingerprint_Enhancement_Jupyter_Project\Fingerprint_Enhancement_Jupyter_Project\Fingerprint_Enhancement_Project\data\SOCOFing\Real\84__M_Right_index_finger.BMP,20260902
robustness,30__F_Left_ring_finger.BMP,C:\ImageProcessing\Fingerprint_Enhancement_Jupyter_Project\Fingerprint_Enhancement_Jupyter_Project\Fingerprint_Enhancement_Project\data\SOCOFing\Real\30__F_Left_ring_finger.BMP,20260902
robustness,436__M_Left_little_finger.BMP,C:\ImageProcessing\Fingerprint_Enhancement_Jupyter_Project\Fingerprint_Enhancement_Jupyter_Project\Fingerprint_Enhancement_Project\data\SOCOFing\Real\436__M_Left_little_finger.BMP,20260902
robustness,210__M_Left_little_finger.BMP,C:\ImageProcessing\Fingerprint_Enhancement_Jupyter_Project\Fingerprint_Enhancement_Jupyter_Project\Fingerprint_Enhancement_Project\data\SOCOFing\Real\210__M_Left_little_finger.BMP,20260902
robustness,5__M_Left_thumb_finger.BMP,C:\ImageProcessing\Fingerprint_Enhancement_Jupyter_Project\Fingerprint_Enhancement_Jupyter_Project\Fingerprint_Enhancement_Project\data\SOCOFing\Real\5__M_Left_thumb_finger.BMP,20260902
robustness,32__M_Right_index_finger.BMP,C:\ImageProcessing\Fingerprint_Enhancement_Jupyter_Project\Fingerprint_Enhancement_Jupyter_Project\Fingerprint_Enhancement_Project\data\SOCOFing\Real\32__M_Right_index_finger.BMP,20260902
robustness,211__M_Left_middle_finger.BMP,C:\ImageProcessing\Fingerprint_Enhancement_Jupyter_Project\Fingerprint_Enhancement_Jupyter_Project\Fingerprint_Enhancement_Project\data\SOCOFing\Real\211__M_Left_middle_finger.BMP,20260902
robustness,447__M_Left_thumb_finger.BMP,C:\ImageProcessing\Fingerprint_Enhancement_Jupyter_Project\Fingerprint_Enhancement_Jupyter_Project\Fingerprint_Enhancement_Project\data\SOCOFing\Real\447__M_Left_thumb_finger.BMP,20260902
robustness,468__F_Right_ring_finger.BMP,C:\ImageProcessing\Fingerprint_Enhancement_Jupyter_Project\Fingerprint_Enhancement_Jupyter_Project\Fingerprint_Enhancement_Project\data\SOCOFing\Real\468__F_Right_ring_finger.BMP,20260902
robustness,129__M_Left_thumb_finger.BMP,C:\ImageProcessing\Fingerprint_Enhancement_Jupyter_Project\Fingerprint_Enhancement_Jupyter_Project\Fingerprint_Enhancement_Project\data\SOCOFing\Real\129__M_Left_thumb_finger.BMP,20260902
robustness,200__M_Left_little_finger.BMP,C:\ImageProcessing\Fingerprint_Enhancement_Jupyter_Project\Fingerprint_Enhancement_Jupyter_Project\Fingerprint_Enhancement_Project\data\SOCOFing\Real\200__M_Left_little_finger.BMP,20260902
robustness,482__M_Left_thumb_finger.BMP,C:\ImageProcessing\Fingerprint_Enhancement_Jupyter_Project\Fingerprint_Enhancement_Jupyter_Project\Fingerprint_Enhancement_Project\data\SOCOFing\Real\482__M_Left_thumb_finger.BMP,20260902
robustness,28__M_Left_index_finger.BMP,C:\ImageProcessing\Fingerprint_Enhancement_Jupyter_Project\Fingerprint_Enhancement_Jupyter_Project\Fingerprint_Enhancement_Project\data\SOCOFing\Real\28__M_Left_index_finger.BMP,20260902
robustness,292__M_Left_thumb_finger.BMP,C:\ImageProcessing\Fingerprint_Enhancement_Jupyter_Project\Fingerprint_Enhancement_Jupyter_Project\Fingerprint_Enhancement_Project\data\SOCOFing\Real\292__M_Left_thumb_finger.BMP,20260902
robustness,252__F_Right_middle_finger.BMP,C:\ImageProcessing\Fingerprint_Enhancement_Jupyter_Project\Fingerprint_Enhancement_Jupyter_Project\Fingerprint_Enhancement_Project\data\SOCOFing\Real\252__F_Right_middle_finger.BMP,20260902
robustness,87__M_Left_middle_finger.BMP,C:\ImageProcessing\Fingerprint_Enhancement_Jupyter_Project\Fingerprint_Enhancement_Jupyter_Project\Fingerprint_Enhancement_Project\data\SOCOFing\Real\87__M_Left_middle_finger.BMP,20260902
robustness,396__M_Right_thumb_finger.BMP,C:\ImageProcessing\Fingerprint_Enhancement_Jupyter_Project\Fingerprint_Enhancement_Jupyter_Project\Fingerprint_Enhancement_Project\data\SOCOFing\Real\396__M_Right_thumb_finger.BMP,20260902
robustness,360__M_Right_ring_finger.BMP,C:\ImageProcessing\Fingerprint_Enhancement_Jupyter_Project\Fingerprint_Enhancement_Jupyter_Project\Fingerprint_Enhancement_Project\data\SOCOFing\Real\360__M_Right_ring_finger.BMP,20260902
robustness,589__M_Left_index_finger.BMP,C:\ImageProcessing\Fingerprint_Enhancement_Jupyter_Project\Fingerprint_Enhancement_Jupyter_Project\Fingerprint_Enhancement_Project\data\SOCOFing\Real\589__M_Left_index_finger.BMP,20260902
robustness,139__M_Right_thumb_finger.BMP,C:\ImageProcessing\Fingerprint_Enhancement_Jupyter_Project\Fingerprint_Enhancement_Jupyter_Project\Fingerprint_Enhancement_Project\data\SOCOFing\Real\139__M_Right_thumb_finger.BMP,20260902
robustness,347__M_Left_ring_finger.BMP,C:\ImageProcessing\Fingerprint_Enhancement_Jupyter_Project\Fingerprint_Enhancement_Jupyter_Project\Fingerprint_Enhancement_Project\data\SOCOFing\Real\347__M_Left_ring_finger.BMP,20260902
robustness,291__M_Left_middle_finger.BMP,C:\ImageProcessing\Fingerprint_Enhancement_Jupyter_Project\Fingerprint_Enhancement_Jupyter_Project\Fingerprint_Enhancement_Project\data\SOCOFing\Real\291__M_Left_middle_finger.BMP,20260902
robustness,56__F_Right_thumb_finger.BMP,C:\ImageProcessing\Fingerprint_Enhancement_Jupyter_Project\Fingerprint_Enhancement_Jupyter_Project\Fingerprint_Enhancement_Project\data\SOCOFing\Real\56__F_Right_thumb_finger.BMP,20260902
robustness,364__M_Right_middle_finger.BMP,C:\ImageProcessing\Fingerprint_Enhancement_Jupyter_Project\Fingerprint_Enhancement_Jupyter_Project\Fingerprint_Enhancement_Project\data\SOCOFing\Real\364__M_Right_middle_finger.BMP,20260902
robustness,158__M_Left_ring_finger.BMP,C:\ImageProcessing\Fingerprint_Enhancement_Jupyter_Project\Fingerprint_Enhancement_Jupyter_Project\Fingerprint_Enhancement_Project\data\SOCOFing\Real\158__M_Left_ring_finger.BMP,20260902
robustness,129__M_Left_middle_finger.BMP,C:\ImageProcessing\Fingerprint_Enhancement_Jupyter_Project\Fingerprint_Enhancement_Jupyter_Project\Fingerprint_Enhancement_Project\data\SOCOFing\Real\129__M_Left_middle_finger.BMP,20260902
robustness,336__M_Left_ring_finger.BMP,C:\ImageProcessing\Fingerprint_Enhancement_Jupyter_Project\Fingerprint_Enhancement_Jupyter_Project\Fingerprint_Enhancement_Project\data\SOCOFing\Real\336__M_Left_ring_finger.BMP,20260902
robustness,455__M_Left_thumb_finger.BMP,C:\ImageProcessing\Fingerprint_Enhancement_Jupyter_Project\Fingerprint_Enhancement_Jupyter_Project\Fingerprint_Enhancement_Project\data\SOCOFing\Real\455__M_Left_thumb_finger.BMP,20260902
robustness,164__M_Right_ring_finger.BMP,C:\ImageProcessing\Fingerprint_Enhancement_Jupyter_Project\Fingerprint_Enhancement_Jupyter_Project\Fingerprint_Enhancement_Project\data\SOCOFing\Real\164__M_Right_ring_finger.BMP,20260902
robustness,144__M_Left_thumb_finger.BMP,C:\ImageProcessing\Fingerprint_Enhancement_Jupyter_Project\Fingerprint_Enhancement_Jupyter_Project\Fingerprint_Enhancement_Project\data\SOCOFing\Real\144__M_Left_thumb_finger.BMP,20260902
robustness,454__M_Right_middle_finger.BMP,C:\ImageProcessing\Fingerprint_Enhancement_Jupyter_Project\Fingerprint_Enhancement_Jupyter_Project\Fingerprint_Enhancement_Project\data\SOCOFing\Real\454__M_Right_middle_finger.BMP,20260902
robustness,430__F_Right_middle_finger.BMP,C:\ImageProcessing\Fingerprint_Enhancement_Jupyter_Project\Fingerprint_Enhancement_Jupyter_Project\Fingerprint_Enhancement_Project\data\SOCOFing\Real\430__F_Right_middle_finger.BMP,20260902
robustness,37__M_Right_little_finger.BMP,C:\ImageProcessing\Fingerprint_Enhancement_Jupyter_Project\Fingerprint_Enhancement_Jupyter_Project\Fingerprint_Enhancement_Project\data\SOCOFing\Real\37__M_Right_little_finger.BMP,20260902
robustness,159__M_Left_ring_finger.BMP,C:\ImageProcessing\Fingerprint_Enhancement_Jupyter_Project\Fingerprint_Enhancement_Jupyter_Project\Fingerprint_Enhancement_Project\data\SOCOFing\Real\159__M_Left_ring_finger.BMP,20260902
robustness,429__M_Left_thumb_finger.BMP,C:\ImageProcessing\Fingerprint_Enhancement_Jupyter_Project\Fingerprint_Enhancement_Jupyter_Project\Fingerprint_Enhancement_Project\data\SOCOFing\Real\429__M_Left_thumb_finger.BMP,20260902
robustness,540__F_Left_ring_finger.BMP,C:\ImageProcessing\Fingerprint_Enhancement_Jupyter_Project\Fingerprint_Enhancement_Jupyter_Project\Fingerprint_Enhancement_Project\data\SOCOFing\Real\540__F_Left_ring_finger.BMP,20260902
robustness,3__M_Left_ring_finger.BMP,C:\ImageProcessing\Fingerprint_Enhancement_Jupyter_Project\Fingerprint_Enhancement_Jupyter_Project\Fingerprint_Enhancement_Project\data\SOCOFing\Real\3__M_Left_ring_finger.BMP,20260902
robustness,570__M_Right_thumb_finger.BMP,C:\ImageProcessing\Fingerprint_Enhancement_Jupyter_Project\Fingerprint_Enhancement_Jupyter_Project\Fingerprint_Enhancement_Project\data\SOCOFing\Real\570__M_Right_thumb_finger.BMP,20260902
robustness,171__M_Right_middle_finger.BMP,C:\ImageProcessing\Fingerprint_Enhancement_Jupyter_Project\Fingerprint_Enhancement_Jupyter_Project\Fingerprint_Enhancement_Project\data\SOCOFing\Real\171__M_Right_middle_finger.BMP,20260902
robustness,69__M_Right_little_finger.BMP,C:\ImageProcessing\Fingerprint_Enhancement_Jupyter_Project\Fingerprint_Enhancement_Jupyter_Project\Fingerprint_Enhancement_Project\data\SOCOFing\Real\69__M_Right_little_finger.BMP,20260902
robustness,428__M_Left_ring_finger.BMP,C:\ImageProcessing\Fingerprint_Enhancement_Jupyter_Project\Fingerprint_Enhancement_Jupyter_Project\Fingerprint_Enhancement_Project\data\SOCOFing\Real\428__M_Left_ring_finger.BMP,20260902
robustness,156__F_Left_little_finger.BMP,C:\ImageProcessing\Fingerprint_Enhancement_Jupyter_Project\Fingerprint_Enhancement_Jupyter_Project\Fingerprint_Enhancement_Project\data\SOCOFing\Real\156__F_Left_little_finger.BMP,20260902
robustness,104__M_Left_little_finger.BMP,C:\ImageProcessing\Fingerprint_Enhancement_Jupyter_Project\Fingerprint_Enhancement_Jupyter_Project\Fingerprint_Enhancement_Project\data\SOCOFing\Real\104__M_Left_little_finger.BMP,20260902
robustness,586__M_Left_little_finger.BMP,C:\ImageProcessing\Fingerprint_Enhancement_Jupyter_Project\Fingerprint_Enhancement_Jupyter_Project\Fingerprint_Enhancement_Project\data\SOCOFing\Real\586__M_Left_little_finger.BMP,20260902
robustness,478__M_Left_middle_finger.BMP,C:\ImageProcessing\Fingerprint_Enhancement_Jupyter_Project\Fingerprint_Enhancement_Jupyter_Project\Fingerprint_Enhancement_Project\data\SOCOFing\Real\478__M_Left_middle_finger.BMP,20260902
robustness,433__M_Left_thumb_finger.BMP,C:\ImageProcessing\Fingerprint_Enhancement_Jupyter_Project\Fingerprint_Enhancement_Jupyter_Project\Fingerprint_Enhancement_Project\data\SOCOFing\Real\433__M_Left_thumb_finger.BMP,20260902
robustness,155__M_Left_ring_finger.BMP,C:\ImageProcessing\Fingerprint_Enhancement_Jupyter_Project\Fingerprint_Enhancement_Jupyter_Project\Fingerprint_Enhancement_Project\data\SOCOFing\Real\155__M_Left_ring_finger.BMP,20260902
robustness,355__M_Left_index_finger.BMP,C:\ImageProcessing\Fingerprint_Enhancement_Jupyter_Project\Fingerprint_Enhancement_Jupyter_Project\Fingerprint_Enhancement_Project\data\SOCOFing\Real\355__M_Left_index_finger.BMP,20260902
robustness,161__F_Right_thumb_finger.BMP,C:\ImageProcessing\Fingerprint_Enhancement_Jupyter_Project\Fingerprint_Enhancement_Jupyter_Project\Fingerprint_Enhancement_Project\data\SOCOFing\Real\161__F_Right_thumb_finger.BMP,20260902
robustness,16__M_Left_ring_finger.BMP,C:\ImageProcessing\Fingerprint_Enhancement_Jupyter_Project\Fingerprint_Enhancement_Jupyter_Project\Fingerprint_Enhancement_Project\data\SOCOFing\Real\16__M_Left_ring_finger.BMP,20260902
robustness,212__M_Left_ring_finger.BMP,C:\ImageProcessing\Fingerprint_Enhancement_Jupyter_Project\Fingerprint_Enhancement_Jupyter_Project\Fingerprint_Enhancement_Project\data\SOCOFing\Real\212__M_Left_ring_finger.BMP,20260902
robustness,29__F_Left_middle_finger.BMP,C:\ImageProcessing\Fingerprint_Enhancement_Jupyter_Project\Fingerprint_Enhancement_Jupyter_Project\Fingerprint_Enhancement_Project\data\SOCOFing\Real\29__F_Left_middle_finger.BMP,20260902
robustness,407__M_Right_middle_finger.BMP,C:\ImageProcessing\Fingerprint_Enhancement_Jupyter_Project\Fingerprint_Enhancement_Jupyter_Project\Fingerprint_Enhancement_Project\data\SOCOFing\Real\407__M_Right_middle_finger.BMP,20260902
robustness,75__F_Right_middle_finger.BMP,C:\ImageProcessing\Fingerprint_Enhancement_Jupyter_Project\Fingerprint_Enhancement_Jupyter_Project\Fingerprint_Enhancement_Project\data\SOCOFing\Real\75__F_Right_middle_finger.BMP,20260902
robustness,522__M_Right_little_finger.BMP,C:\ImageProcessing\Fingerprint_Enhancement_Jupyter_Project\Fingerprint_Enhancement_Jupyter_Project\Fingerprint_Enhancement_Project\data\SOCOFing\Real\522__M_Right_little_finger.BMP,20260902
robustness,97__M_Right_thumb_finger.BMP,C:\ImageProcessing\Fingerprint_Enhancement_Jupyter_Project\Fingerprint_Enhancement_Jupyter_Project\Fingerprint_Enhancement_Project\data\SOCOFing\Real\97__M_Right_thumb_finger.BMP,20260902
robustness,482__M_Right_middle_finger.BMP,C:\ImageProcessing\Fingerprint_Enhancement_Jupyter_Project\Fingerprint_Enhancement_Jupyter_Project\Fingerprint_Enhancement_Project\data\SOCOFing\Real\482__M_Right_middle_finger.BMP,20260902
robustness,91__F_Right_little_finger.BMP,C:\ImageProcessing\Fingerprint_Enhancement_Jupyter_Project\Fingerprint_Enhancement_Jupyter_Project\Fingerprint_Enhancement_Project\data\SOCOFing\Real\91__F_Right_little_finger.BMP,20260902
robustness,441__M_Left_little_finger.BMP,C:\ImageProcessing\Fingerprint_Enhancement_Jupyter_Project\Fingerprint_Enhancement_Jupyter_Project\Fingerprint_Enhancement_Project\data\SOCOFing\Real\441__M_Left_little_finger.BMP,20260902
robustness,552__M_Right_middle_finger.BMP,C:\ImageProcessing\Fingerprint_Enhancement_Jupyter_Project\Fingerprint_Enhancement_Jupyter_Project\Fingerprint_Enhancement_Project\data\SOCOFing\Real\552__M_Right_middle_finger.BMP,20260902
robustness,483__M_Right_little_finger.BMP,C:\ImageProcessing\Fingerprint_Enhancement_Jupyter_Project\Fingerprint_Enhancement_Jupyter_Project\Fingerprint_Enhancement_Project\data\SOCOFing\Real\483__M_Right_little_finger.BMP,20260902
robustness,326__M_Right_ring_finger.BMP,C:\ImageProcessing\Fingerprint_Enhancement_Jupyter_Project\Fingerprint_Enhancement_Jupyter_Project\Fingerprint_Enhancement_Project\data\SOCOFing\Real\326__M_Right_ring_finger.BMP,20260902
robustness,161__F_Left_middle_finger.BMP,C:\ImageProcessing\Fingerprint_Enhancement_Jupyter_Project\Fingerprint_Enhancement_Jupyter_Project\Fingerprint_Enhancement_Project\data\SOCOFing\Real\161__F_Left_middle_finger.BMP,20260902
robustness,177__F_Right_thumb_finger.BMP,C:\ImageProcessing\Fingerprint_Enhancement_Jupyter_Project\Fingerprint_Enhancement_Jupyter_Project\Fingerprint_Enhancement_Project\data\SOCOFing\Real\177__F_Right_thumb_finger.BMP,20260902
robustness,562__F_Left_middle_finger.BMP,C:\ImageProcessing\Fingerprint_Enhancement_Jupyter_Project\Fingerprint_Enhancement_Jupyter_Project\Fingerprint_Enhancement_Project\data\SOCOFing\Real\562__F_Left_middle_finger.BMP,20260902
robustness,305__M_Right_thumb_finger.BMP,C:\ImageProcessing\Fingerprint_Enhancement_Jupyter_Project\Fingerprint_Enhancement_Jupyter_Project\Fingerprint_Enhancement_Project\data\SOCOFing\Real\305__M_Right_thumb_finger.BMP,20260902
robustness,508__F_Right_index_finger.BMP,C:\ImageProcessing\Fingerprint_Enhancement_Jupyter_Project\Fingerprint_Enhancement_Jupyter_Project\Fingerprint_Enhancement_Project\data\SOCOFing\Real\508__F_Right_index_finger.BMP,20260902
robustness,291__M_Left_thumb_finger.BMP,C:\ImageProcessing\Fingerprint_Enhancement_Jupyter_Project\Fingerprint_Enhancement_Jupyter_Project\Fingerprint_Enhancement_Project\data\SOCOFing\Real\291__M_Left_thumb_finger.BMP,20260902
robustness,99__M_Right_thumb_finger.BMP,C:\ImageProcessing\Fingerprint_Enhancement_Jupyter_Project\Fingerprint_Enhancement_Jupyter_Project\Fingerprint_Enhancement_Project\data\SOCOFing\Real\99__M_Right_thumb_finger.BMP,20260902
robustness,583__M_Right_middle_finger.BMP,C:\ImageProcessing\Fingerprint_Enhancement_Jupyter_Project\Fingerprint_Enhancement_Jupyter_Project\Fingerprint_Enhancement_Project\data\SOCOFing\Real\583__M_Right_middle_finger.BMP,20260902
robustness,28__M_Left_little_finger.BMP,C:\ImageProcessing\Fingerprint_Enhancement_Jupyter_Project\Fingerprint_Enhancement_Jupyter_Project\Fingerprint_Enhancement_Project\data\SOCOFing\Real\28__M_Left_little_finger.BMP,20260902
robustness,548__F_Left_little_finger.BMP,C:\ImageProcessing\Fingerprint_Enhancement_Jupyter_Project\Fingerprint_Enhancement_Jupyter_Project\Fingerprint_Enhancement_Project\data\SOCOFing\Real\548__F_Left_little_finger.BMP,20260902
robustness,73__M_Left_ring_finger.BMP,C:\ImageProcessing\Fingerprint_Enhancement_Jupyter_Project\Fingerprint_Enhancement_Jupyter_Project\Fingerprint_Enhancement_Project\data\SOCOFing\Real\73__M_Left_ring_finger.BMP,20260902
robustness,175__M_Left_little_finger.BMP,C:\ImageProcessing\Fingerprint_Enhancement_Jupyter_Project\Fingerprint_Enhancement_Jupyter_Project\Fingerprint_Enhancement_Project\data\SOCOFing\Real\175__M_Left_little_finger.BMP,20260902
robustness,324__M_Right_thumb_finger.BMP,C:\ImageProcessing\Fingerprint_Enhancement_Jupyter_Project\Fingerprint_Enhancement_Jupyter_Project\Fingerprint_Enhancement_Project\data\SOCOFing\Real\324__M_Right_thumb_finger.BMP,20260902
robustness,149__F_Left_middle_finger.BMP,C:\ImageProcessing\Fingerprint_Enhancement_Jupyter_Project\Fingerprint_Enhancement_Jupyter_Project\Fingerprint_Enhancement_Project\data\SOCOFing\Real\149__F_Left_middle_finger.BMP,20260902
robustness,249__M_Right_little_finger.BMP,C:\ImageProcessing\Fingerprint_Enhancement_Jupyter_Project\Fingerprint_Enhancement_Jupyter_Project\Fingerprint_Enhancement_Project\data\SOCOFing\Real\249__M_Right_little_finger.BMP,20260902
robustness,38__M_Left_ring_finger.BMP,C:\ImageProcessing\Fingerprint_Enhancement_Jupyter_Project\Fingerprint_Enhancement_Jupyter_Project\Fingerprint_Enhancement_Project\data\SOCOFing\Real\38__M_Left_ring_finger.BMP,20260902
robustness,7__M_Right_little_finger.BMP,C:\ImageProcessing\Fingerprint_Enhancement_Jupyter_Project\Fingerprint_Enhancement_Jupyter_Project\Fingerprint_Enhancement_Project\data\SOCOFing\Real\7__M_Right_little_finger.BMP,20260902
robustness,266__M_Left_little_finger.BMP,C:\ImageProcessing\Fingerprint_Enhancement_Jupyter_Project\Fingerprint_Enhancement_Jupyter_Project\Fingerprint_Enhancement_Project\data\SOCOFing\Real\266__M_Left_little_finger.BMP,20260902
robustness,227__M_Left_middle_finger.BMP,C:\ImageProcessing\Fingerprint_Enhancement_Jupyter_Project\Fingerprint_Enhancement_Jupyter_Project\Fingerprint_Enhancement_Project\data\SOCOFing\Real\227__M_Left_middle_finger.BMP,20260902
robustness,115__F_Right_index_finger.BMP,C:\ImageProcessing\Fingerprint_Enhancement_Jupyter_Project\Fingerprint_Enhancement_Jupyter_Project\Fingerprint_Enhancement_Project\data\SOCOFing\Real\115__F_Right_index_finger.BMP,20260902
robustness,317__M_Left_ring_finger.BMP,C:\ImageProcessing\Fingerprint_Enhancement_Jupyter_Project\Fingerprint_Enhancement_Jupyter_Project\Fingerprint_Enhancement_Project\data\SOCOFing\Real\317__M_Left_ring_finger.BMP,20260902
robustness,569__M_Left_ring_finger.BMP,C:\ImageProcessing\Fingerprint_Enhancement_Jupyter_Project\Fingerprint_Enhancement_Jupyter_Project\Fingerprint_Enhancement_Project\data\SOCOFing\Real\569__M_Left_ring_finger.BMP,20260902
robustness,329__M_Left_index_finger.BMP,C:\ImageProcessing\Fingerprint_Enhancement_Jupyter_Project\Fingerprint_Enhancement_Jupyter_Project\Fingerprint_Enhancement_Project\data\SOCOFing\Real\329__M_Left_index_finger.BMP,20260902
robustness,365__M_Right_little_finger.BMP,C:\ImageProcessing\Fingerprint_Enhancement_Jupyter_Project\Fingerprint_Enhancement_Jupyter_Project\Fingerprint_Enhancement_Project\data\SOCOFing\Real\365__M_Right_little_finger.BMP,20260902
robustness,403__M_Right_index_finger.BMP,C:\ImageProcessing\Fingerprint_Enhancement_Jupyter_Project\Fingerprint_Enhancement_Jupyter_Project\Fingerprint_Enhancement_Project\data\SOCOFing\Real\403__M_Right_index_finger.BMP,20260902
robustness,484__M_Left_middle_finger.BMP,C:\ImageProcessing\Fingerprint_Enhancement_Jupyter_Project\Fingerprint_Enhancement_Jupyter_Project\Fingerprint_Enhancement_Project\data\SOCOFing\Real\484__M_Left_middle_finger.BMP,20260902
robustness,363__M_Left_middle_finger.BMP,C:\ImageProcessing\Fingerprint_Enhancement_Jupyter_Project\Fingerprint_Enhancement_Jupyter_Project\Fingerprint_Enhancement_Project\data\SOCOFing\Real\363__M_Left_middle_finger.BMP,20260902
robustness,588__M_Left_thumb_finger.BMP,C:\ImageProcessing\Fingerprint_Enhancement_Jupyter_Project\Fingerprint_Enhancement_Jupyter_Project\Fingerprint_Enhancement_Project\data\SOCOFing\Real\588__M_Left_thumb_finger.BMP,20260902
robustness,460__M_Right_thumb_finger.BMP,C:\ImageProcessing\Fingerprint_Enhancement_Jupyter_Project\Fingerprint_Enhancement_Jupyter_Project\Fingerprint_Enhancement_Project\data\SOCOFing\Real\460__M_Right_thumb_finger.BMP,20260902
robustness,2__F_Left_middle_finger.BMP,C:\ImageProcessing\Fingerprint_Enhancement_Jupyter_Project\Fingerprint_Enhancement_Jupyter_Project\Fingerprint_Enhancement_Project\data\SOCOFing\Real\2__F_Left_middle_finger.BMP,20260902
robustness,360__M_Right_thumb_finger.BMP,C:\ImageProcessing\Fingerprint_Enhancement_Jupyter_Project\Fingerprint_Enhancement_Jupyter_Project\Fingerprint_Enhancement_Project\data\SOCOFing\Real\360__M_Right_thumb_finger.BMP,20260902
robustness,487__M_Left_ring_finger.BMP,C:\ImageProcessing\Fingerprint_Enhancement_Jupyter_Project\Fingerprint_Enhancement_Jupyter_Project\Fingerprint_Enhancement_Project\data\SOCOFing\Real\487__M_Left_ring_finger.BMP,20260902
robustness,285__M_Right_little_finger.BMP,C:\ImageProcessing\Fingerprint_Enhancement_Jupyter_Project\Fingerprint_Enhancement_Jupyter_Project\Fingerprint_Enhancement_Project\data\SOCOFing\Real\285__M_Right_little_finger.BMP,20260902
robustness,578__M_Right_middle_finger.BMP,C:\ImageProcessing\Fingerprint_Enhancement_Jupyter_Project\Fingerprint_Enhancement_Jupyter_Project\Fingerprint_Enhancement_Project\data\SOCOFing\Real\578__M_Right_middle_finger.BMP,20260902
robustness,301__F_Left_index_finger.BMP,C:\ImageProcessing\Fingerprint_Enhancement_Jupyter_Project\Fingerprint_Enhancement_Jupyter_Project\Fingerprint_Enhancement_Project\data\SOCOFing\Real\301__F_Left_index_finger.BMP,20260902
robustness,253__F_Left_index_finger.BMP,C:\ImageProcessing\Fingerprint_Enhancement_Jupyter_Project\Fingerprint_Enhancement_Jupyter_Project\Fingerprint_Enhancement_Project\data\SOCOFing\Real\253__F_Left_index_finger.BMP,20260902
robustness,58__M_Right_middle_finger.BMP,C:\ImageProcessing\Fingerprint_Enhancement_Jupyter_Project\Fingerprint_Enhancement_Jupyter_Project\Fingerprint_Enhancement_Project\data\SOCOFing\Real\58__M_Right_middle_finger.BMP,20260902
robustness,291__M_Left_ring_finger.BMP,C:\ImageProcessing\Fingerprint_Enhancement_Jupyter_Project\Fingerprint_Enhancement_Jupyter_Project\Fingerprint_Enhancement_Project\data\SOCOFing\Real\291__M_Left_ring_finger.BMP,20260902
robustness,370__M_Right_little_finger.BMP,C:\ImageProcessing\Fingerprint_Enhancement_Jupyter_Project\Fingerprint_Enhancement_Jupyter_Project\Fingerprint_Enhancement_Project\data\SOCOFing\Real\370__M_Right_little_finger.BMP,20260902
robustness,370__M_Left_index_finger.BMP,C:\ImageProcessing\Fingerprint_Enhancement_Jupyter_Project\Fingerprint_Enhancement_Jupyter_Project\Fingerprint_Enhancement_Project\data\SOCOFing\Real\370__M_Left_index_finger.BMP,20260902
robustness,77__M_Right_ring_finger.BMP,C:\ImageProcessing\Fingerprint_Enhancement_Jupyter_Project\Fingerprint_Enhancement_Jupyter_Project\Fingerprint_Enhancement_Project\data\SOCOFing\Real\77__M_Right_ring_finger.BMP,20260902
robustness,486__M_Left_little_finger.BMP,C:\ImageProcessing\Fingerprint_Enhancement_Jupyter_Project\Fingerprint_Enhancement_Jupyter_Project\Fingerprint_Enhancement_Project\data\SOCOFing\Real\486__M_Left_little_finger.BMP,20260902
robustness,503__M_Left_thumb_finger.BMP,C:\ImageProcessing\Fingerprint_Enhancement_Jupyter_Project\Fingerprint_Enhancement_Jupyter_Project\Fingerprint_Enhancement_Project\data\SOCOFing\Real\503__M_Left_thumb_finger.BMP,20260902
robustness,364__M_Left_middle_finger.BMP,C:\ImageProcessing\Fingerprint_Enhancement_Jupyter_Project\Fingerprint_Enhancement_Jupyter_Project\Fingerprint_Enhancement_Project\data\SOCOFing\Real\364__M_Left_middle_finger.BMP,20260902
robustness,563__M_Right_thumb_finger.BMP,C:\ImageProcessing\Fingerprint_Enhancement_Jupyter_Project\Fingerprint_Enhancement_Jupyter_Project\Fingerprint_Enhancement_Project\data\SOCOFing\Real\563__M_Right_thumb_finger.BMP,20260902
robustness,28__M_Left_middle_finger.BMP,C:\ImageProcessing\Fingerprint_Enhancement_Jupyter_Project\Fingerprint_Enhancement_Jupyter_Project\Fingerprint_Enhancement_Project\data\SOCOFing\Real\28__M_Left_middle_finger.BMP,20260902
robustness,40__F_Left_ring_finger.BMP,C:\ImageProcessing\Fingerprint_Enhancement_Jupyter_Project\Fingerprint_Enhancement_Jupyter_Project\Fingerprint_Enhancement_Project\data\SOCOFing\Real\40__F_Left_ring_finger.BMP,20260902
robustness,103__F_Left_thumb_finger.BMP,C:\ImageProcessing\Fingerprint_Enhancement_Jupyter_Project\Fingerprint_Enhancement_Jupyter_Project\Fingerprint_Enhancement_Project\data\SOCOFing\Real\103__F_Left_thumb_finger.BMP,20260902
robustness,379__F_Right_little_finger.BMP,C:\ImageProcessing\Fingerprint_Enhancement_Jupyter_Project\Fingerprint_Enhancement_Jupyter_Project\Fingerprint_Enhancement_Project\data\SOCOFing\Real\379__F_Right_little_finger.BMP,20260902
robustness,95__M_Left_little_finger.BMP,C:\ImageProcessing\Fingerprint_Enhancement_Jupyter_Project\Fingerprint_Enhancement_Jupyter_Project\Fingerprint_Enhancement_Project\data\SOCOFing\Real\95__M_Left_little_finger.BMP,20260902
robustness,23__M_Right_index_finger.BMP,C:\ImageProcessing\Fingerprint_Enhancement_Jupyter_Project\Fingerprint_Enhancement_Jupyter_Project\Fingerprint_Enhancement_Project\data\SOCOFing\Real\23__M_Right_index_finger.BMP,20260902
robustness,273__M_Right_thumb_finger.BMP,C:\ImageProcessing\Fingerprint_Enhancement_Jupyter_Project\Fingerprint_Enhancement_Jupyter_Project\Fingerprint_Enhancement_Project\data\SOCOFing\Real\273__M_Right_thumb_finger.BMP,20260902
robustness,541__M_Left_ring_finger.BMP,C:\ImageProcessing\Fingerprint_Enhancement_Jupyter_Project\Fingerprint_Enhancement_Jupyter_Project\Fingerprint_Enhancement_Project\data\SOCOFing\Real\541__M_Left_ring_finger.BMP,20260902
robustness,79__M_Left_middle_finger.BMP,C:\ImageProcessing\Fingerprint_Enhancement_Jupyter_Project\Fingerprint_Enhancement_Jupyter_Project\Fingerprint_Enhancement_Project\data\SOCOFing\Real\79__M_Left_middle_finger.BMP,20260902
robustness,405__M_Left_thumb_finger.BMP,C:\ImageProcessing\Fingerprint_Enhancement_Jupyter_Project\Fingerprint_Enhancement_Jupyter_Project\Fingerprint_Enhancement_Project\data\SOCOFing\Real\405__M_Left_thumb_finger.BMP,20260902
robustness,196__M_Left_ring_finger.BMP,C:\ImageProcessing\Fingerprint_Enhancement_Jupyter_Project\Fingerprint_Enhancement_Jupyter_Project\Fingerprint_Enhancement_Project\data\SOCOFing\Real\196__M_Left_ring_finger.BMP,20260902
robustness,186__M_Right_ring_finger.BMP,C:\ImageProcessing\Fingerprint_Enhancement_Jupyter_Project\Fingerprint_Enhancement_Jupyter_Project\Fingerprint_Enhancement_Project\data\SOCOFing\Real\186__M_Right_ring_finger.BMP,20260902
robustness,188__M_Right_thumb_finger.BMP,C:\ImageProcessing\Fingerprint_Enhancement_Jupyter_Project\Fingerprint_Enhancement_Jupyter_Project\Fingerprint_Enhancement_Project\data\SOCOFing\Real\188__M_Right_thumb_finger.BMP,20260902
robustness,99__M_Left_ring_finger.BMP,C:\ImageProcessing\Fingerprint_Enhancement_Jupyter_Project\Fingerprint_Enhancement_Jupyter_Project\Fingerprint_Enhancement_Project\data\SOCOFing\Real\99__M_Left_ring_finger.BMP,20260902
robustness,47__F_Right_thumb_finger.BMP,C:\ImageProcessing\Fingerprint_Enhancement_Jupyter_Project\Fingerprint_Enhancement_Jupyter_Project\Fingerprint_Enhancement_Project\data\SOCOFing\Real\47__F_Right_thumb_finger.BMP,20260902
robustness,506__M_Left_ring_finger.BMP,C:\ImageProcessing\Fingerprint_Enhancement_Jupyter_Project\Fingerprint_Enhancement_Jupyter_Project\Fingerprint_Enhancement_Project\data\SOCOFing\Real\506__M_Left_ring_finger.BMP,20260902
robustness,95__M_Right_ring_finger.BMP,C:\ImageProcessing\Fingerprint_Enhancement_Jupyter_Project\Fingerprint_Enhancement_Jupyter_Project\Fingerprint_Enhancement_Project\data\SOCOFing\Real\95__M_Right_ring_finger.BMP,20260902
robustness,525__M_Left_ring_finger.BMP,C:\ImageProcessing\Fingerprint_Enhancement_Jupyter_Project\Fingerprint_Enhancement_Jupyter_Project\Fingerprint_Enhancement_Project\data\SOCOFing\Real\525__M_Left_ring_finger.BMP,20260902
robustness,55__M_Right_index_finger.BMP,C:\ImageProcessing\Fingerprint_Enhancement_Jupyter_Project\Fingerprint_Enhancement_Jupyter_Project\Fingerprint_Enhancement_Project\data\SOCOFing\Real\55__M_Right_index_finger.BMP,20260902
robustness,430__F_Right_ring_finger.BMP,C:\ImageProcessing\Fingerprint_Enhancement_Jupyter_Project\Fingerprint_Enhancement_Jupyter_Project\Fingerprint_Enhancement_Project\data\SOCOFing\Real\430__F_Right_ring_finger.BMP,20260902
robustness,517__M_Left_index_finger.BMP,C:\ImageProcessing\Fingerprint_Enhancement_Jupyter_Project\Fingerprint_Enhancement_Jupyter_Project\Fingerprint_Enhancement_Project\data\SOCOFing\Real\517__M_Left_index_finger.BMP,20260902
robustness,350__M_Left_ring_finger.BMP,C:\ImageProcessing\Fingerprint_Enhancement_Jupyter_Project\Fingerprint_Enhancement_Jupyter_Project\Fingerprint_Enhancement_Project\data\SOCOFing\Real\350__M_Left_ring_finger.BMP,20260902
robustness,523__F_Right_middle_finger.BMP,C:\ImageProcessing\Fingerprint_Enhancement_Jupyter_Project\Fingerprint_Enhancement_Jupyter_Project\Fingerprint_Enhancement_Project\data\SOCOFing\Real\523__F_Right_middle_finger.BMP,20260902
robustness,302__M_Right_little_finger.BMP,C:\ImageProcessing\Fingerprint_Enhancement_Jupyter_Project\Fingerprint_Enhancement_Jupyter_Project\Fingerprint_Enhancement_Project\data\SOCOFing\Real\302__M_Right_little_finger.BMP,20260902
robustness,397__M_Right_ring_finger.BMP,C:\ImageProcessing\Fingerprint_Enhancement_Jupyter_Project\Fingerprint_Enhancement_Jupyter_Project\Fingerprint_Enhancement_Project\data\SOCOFing\Real\397__M_Right_ring_finger.BMP,20260902
robustness,138__M_Left_index_finger.BMP,C:\ImageProcessing\Fingerprint_Enhancement_Jupyter_Project\Fingerprint_Enhancement_Jupyter_Project\Fingerprint_Enhancement_Project\data\SOCOFing\Real\138__M_Left_index_finger.BMP,20260902
robustness,233__M_Left_index_finger.BMP,C:\ImageProcessing\Fingerprint_Enhancement_Jupyter_Project\Fingerprint_Enhancement_Jupyter_Project\Fingerprint_Enhancement_Project\data\SOCOFing\Real\233__M_Left_index_finger.BMP,20260902
robustness,255__M_Left_ring_finger.BMP,C:\ImageProcessing\Fingerprint_Enhancement_Jupyter_Project\Fingerprint_Enhancement_Jupyter_Project\Fingerprint_Enhancement_Project\data\SOCOFing\Real\255__M_Left_ring_finger.BMP,20260902
robustness,31__F_Right_little_finger.BMP,C:\ImageProcessing\Fingerprint_Enhancement_Jupyter_Project\Fingerprint_Enhancement_Jupyter_Project\Fingerprint_Enhancement_Project\data\SOCOFing\Real\31__F_Right_little_finger.BMP,20260902
robustness,494__F_Left_ring_finger.BMP,C:\ImageProcessing\Fingerprint_Enhancement_Jupyter_Project\Fingerprint_Enhancement_Jupyter_Project\Fingerprint_Enhancement_Project\data\SOCOFing\Real\494__F_Left_ring_finger.BMP,20260902
robustness,425__M_Left_thumb_finger.BMP,C:\ImageProcessing\Fingerprint_Enhancement_Jupyter_Project\Fingerprint_Enhancement_Jupyter_Project\Fingerprint_Enhancement_Project\data\SOCOFing\Real\425__M_Left_thumb_finger.BMP,20260902
robustness,372__M_Left_ring_finger.BMP,C:\ImageProcessing\Fingerprint_Enhancement_Jupyter_Project\Fingerprint_Enhancement_Jupyter_Project\Fingerprint_Enhancement_Project\data\SOCOFing\Real\372__M_Left_ring_finger.BMP,20260902
robustness,547__M_Right_ring_finger.BMP,C:\ImageProcessing\Fingerprint_Enhancement_Jupyter_Project\Fingerprint_Enhancement_Jupyter_Project\Fingerprint_Enhancement_Project\data\SOCOFing\Real\547__M_Right_ring_finger.BMP,20260902
robustness,319__M_Left_middle_finger.BMP,C:\ImageProcessing\Fingerprint_Enhancement_Jupyter_Project\Fingerprint_Enhancement_Jupyter_Project\Fingerprint_Enhancement_Project\data\SOCOFing\Real\319__M_Left_middle_finger.BMP,20260902
robustness,191__F_Left_index_finger.BMP,C:\ImageProcessing\Fingerprint_Enhancement_Jupyter_Project\Fingerprint_Enhancement_Jupyter_Project\Fingerprint_Enhancement_Project\data\SOCOFing\Real\191__F_Left_index_finger.BMP,20260902
robustness,160__M_Left_little_finger.BMP,C:\ImageProcessing\Fingerprint_Enhancement_Jupyter_Project\Fingerprint_Enhancement_Jupyter_Project\Fingerprint_Enhancement_Project\data\SOCOFing\Real\160__M_Left_little_finger.BMP,20260902
robustness,392__M_Right_little_finger.BMP,C:\ImageProcessing\Fingerprint_Enhancement_Jupyter_Project\Fingerprint_Enhancement_Jupyter_Project\Fingerprint_Enhancement_Project\data\SOCOFing\Real\392__M_Right_little_finger.BMP,20260902
robustness,24__F_Right_thumb_finger.BMP,C:\ImageProcessing\Fingerprint_Enhancement_Jupyter_Project\Fingerprint_Enhancement_Jupyter_Project\Fingerprint_Enhancement_Project\data\SOCOFing\Real\24__F_Right_thumb_finger.BMP,20260902
robustness,220__F_Left_thumb_finger.BMP,C:\ImageProcessing\Fingerprint_Enhancement_Jupyter_Project\Fingerprint_Enhancement_Jupyter_Project\Fingerprint_Enhancement_Project\data\SOCOFing\Real\220__F_Left_thumb_finger.BMP,20260902
robustness,157__M_Left_index_finger.BMP,C:\ImageProcessing\Fingerprint_Enhancement_Jupyter_Project\Fingerprint_Enhancement_Jupyter_Project\Fingerprint_Enhancement_Project\data\SOCOFing\Real\157__M_Left_index_finger.BMP,20260902
robustness,448__M_Right_middle_finger.BMP,C:\ImageProcessing\Fingerprint_Enhancement_Jupyter_Project\Fingerprint_Enhancement_Jupyter_Project\Fingerprint_Enhancement_Project\data\SOCOFing\Real\448__M_Right_middle_finger.BMP,20260902
robustness,490__M_Right_middle_finger.BMP,C:\ImageProcessing\Fingerprint_Enhancement_Jupyter_Project\Fingerprint_Enhancement_Jupyter_Project\Fingerprint_Enhancement_Project\data\SOCOFing\Real\490__M_Right_middle_finger.BMP,20260902
robustness,62__M_Left_index_finger.BMP,C:\ImageProcessing\Fingerprint_Enhancement_Jupyter_Project\Fingerprint_Enhancement_Jupyter_Project\Fingerprint_Enhancement_Project\data\SOCOFing\Real\62__M_Left_index_finger.BMP,20260902
robustness,543__M_Left_index_finger.BMP,C:\ImageProcessing\Fingerprint_Enhancement_Jupyter_Project\Fingerprint_Enhancement_Jupyter_Project\Fingerprint_Enhancement_Project\data\SOCOFing\Real\543__M_Left_index_finger.BMP,20260902
robustness,165__M_Right_index_finger.BMP,C:\ImageProcessing\Fingerprint_Enhancement_Jupyter_Project\Fingerprint_Enhancement_Jupyter_Project\Fingerprint_Enhancement_Project\data\SOCOFing\Real\165__M_Right_index_finger.BMP,20260902
robustness,432__M_Right_thumb_finger.BMP,C:\ImageProcessing\Fingerprint_Enhancement_Jupyter_Project\Fingerprint_Enhancement_Jupyter_Project\Fingerprint_Enhancement_Project\data\SOCOFing\Real\432__M_Right_thumb_finger.BMP,20260902
robustness,372__M_Right_index_finger.BMP,C:\ImageProcessing\Fingerprint_Enhancement_Jupyter_Project\Fingerprint_Enhancement_Jupyter_Project\Fingerprint_Enhancement_Project\data\SOCOFing\Real\372__M_Right_index_finger.BMP,20260902
robustness,195__M_Left_thumb_finger.BMP,C:\ImageProcessing\Fingerprint_Enhancement_Jupyter_Project\Fingerprint_Enhancement_Jupyter_Project\Fingerprint_Enhancement_Project\data\SOCOFing\Real\195__M_Left_thumb_finger.BMP,20260902
robustness,440__M_Left_index_finger.BMP,C:\ImageProcessing\Fingerprint_Enhancement_Jupyter_Project\Fingerprint_Enhancement_Jupyter_Project\Fingerprint_Enhancement_Project\data\SOCOFing\Real\440__M_Left_index_finger.BMP,20260902
robustness,40__F_Left_thumb_finger.BMP,C:\ImageProcessing\Fingerprint_Enhancement_Jupyter_Project\Fingerprint_Enhancement_Jupyter_Project\Fingerprint_Enhancement_Project\data\SOCOFing\Real\40__F_Left_thumb_finger.BMP,20260902
robustness,49__M_Left_thumb_finger.BMP,C:\ImageProcessing\Fingerprint_Enhancement_Jupyter_Project\Fingerprint_Enhancement_Jupyter_Project\Fingerprint_Enhancement_Project\data\SOCOFing\Real\49__M_Left_thumb_finger.BMP,20260902
robustness,558__M_Left_middle_finger.BMP,C:\ImageProcessing\Fingerprint_Enhancement_Jupyter_Project\Fingerprint_Enhancement_Jupyter_Project\Fingerprint_Enhancement_Project\data\SOCOFing\Real\558__M_Left_middle_finger.BMP,20260902
robustness,167__M_Right_thumb_finger.BMP,C:\ImageProcessing\Fingerprint_Enhancement_Jupyter_Project\Fingerprint_Enhancement_Jupyter_Project\Fingerprint_Enhancement_Project\data\SOCOFing\Real\167__M_Right_thumb_finger.BMP,20260902
robustness,239__M_Left_index_finger.BMP,C:\ImageProcessing\Fingerprint_Enhancement_Jupyter_Project\Fingerprint_Enhancement_Jupyter_Project\Fingerprint_Enhancement_Project\data\SOCOFing\Real\239__M_Left_index_finger.BMP,20260902
robustness,15__F_Left_little_finger.BMP,C:\ImageProcessing\Fingerprint_Enhancement_Jupyter_Project\Fingerprint_Enhancement_Jupyter_Project\Fingerprint_Enhancement_Project\data\SOCOFing\Real\15__F_Left_little_finger.BMP,20260902
robustness,400__M_Right_thumb_finger.BMP,C:\ImageProcessing\Fingerprint_Enhancement_Jupyter_Project\Fingerprint_Enhancement_Jupyter_Project\Fingerprint_Enhancement_Project\data\SOCOFing\Real\400__M_Right_thumb_finger.BMP,20260902
robustness,485__M_Right_middle_finger.BMP,C:\ImageProcessing\Fingerprint_Enhancement_Jupyter_Project\Fingerprint_Enhancement_Jupyter_Project\Fingerprint_Enhancement_Project\data\SOCOFing\Real\485__M_Right_middle_finger.BMP,20260902
robustness,191__F_Right_ring_finger.BMP,C:\ImageProcessing\Fingerprint_Enhancement_Jupyter_Project\Fingerprint_Enhancement_Jupyter_Project\Fingerprint_Enhancement_Project\data\SOCOFing\Real\191__F_Right_ring_finger.BMP,20260902
robustness,230__M_Left_little_finger.BMP,C:\ImageProcessing\Fingerprint_Enhancement_Jupyter_Project\Fingerprint_Enhancement_Jupyter_Project\Fingerprint_Enhancement_Project\data\SOCOFing\Real\230__M_Left_little_finger.BMP,20260902
robustness,595__M_Right_middle_finger.BMP,C:\ImageProcessing\Fingerprint_Enhancement_Jupyter_Project\Fingerprint_Enhancement_Jupyter_Project\Fingerprint_Enhancement_Project\data\SOCOFing\Real\595__M_Right_middle_finger.BMP,20260902
robustness,346__M_Right_thumb_finger.BMP,C:\ImageProcessing\Fingerprint_Enhancement_Jupyter_Project\Fingerprint_Enhancement_Jupyter_Project\Fingerprint_Enhancement_Project\data\SOCOFing\Real\346__M_Right_thumb_finger.BMP,20260902
robustness,214__M_Right_index_finger.BMP,C:\ImageProcessing\Fingerprint_Enhancement_Jupyter_Project\Fingerprint_Enhancement_Jupyter_Project\Fingerprint_Enhancement_Project\data\SOCOFing\Real\214__M_Right_index_finger.BMP,20260902
robustness,184__M_Left_ring_finger.BMP,C:\ImageProcessing\Fingerprint_Enhancement_Jupyter_Project\Fingerprint_Enhancement_Jupyter_Project\Fingerprint_Enhancement_Project\data\SOCOFing\Real\184__M_Left_ring_finger.BMP,20260902
robustness,503__M_Right_ring_finger.BMP,C:\ImageProcessing\Fingerprint_Enhancement_Jupyter_Project\Fingerprint_Enhancement_Jupyter_Project\Fingerprint_Enhancement_Project\data\SOCOFing\Real\503__M_Right_ring_finger.BMP,20260902
robustness,61__M_Right_ring_finger.BMP,C:\ImageProcessing\Fingerprint_Enhancement_Jupyter_Project\Fingerprint_Enhancement_Jupyter_Project\Fingerprint_Enhancement_Project\data\SOCOFing\Real\61__M_Right_ring_finger.BMP,20260902
robustness,90__M_Left_ring_finger.BMP,C:\ImageProcessing\Fingerprint_Enhancement_Jupyter_Project\Fingerprint_Enhancement_Jupyter_Project\Fingerprint_Enhancement_Project\data\SOCOFing\Real\90__M_Left_ring_finger.BMP,20260902
robustness,488__M_Left_middle_finger.BMP,C:\ImageProcessing\Fingerprint_Enhancement_Jupyter_Project\Fingerprint_Enhancement_Jupyter_Project\Fingerprint_Enhancement_Project\data\SOCOFing\Real\488__M_Left_middle_finger.BMP,20260902
robustness,522__M_Right_thumb_finger.BMP,C:\ImageProcessing\Fingerprint_Enhancement_Jupyter_Project\Fingerprint_Enhancement_Jupyter_Project\Fingerprint_Enhancement_Project\data\SOCOFing\Real\522__M_Right_thumb_finger.BMP,20260902
robustness,456__M_Right_ring_finger.BMP,C:\ImageProcessing\Fingerprint_Enhancement_Jupyter_Project\Fingerprint_Enhancement_Jupyter_Project\Fingerprint_Enhancement_Project\data\SOCOFing\Real\456__M_Right_ring_finger.BMP,20260902
robustness,565__M_Right_little_finger.BMP,C:\ImageProcessing\Fingerprint_Enhancement_Jupyter_Project\Fingerprint_Enhancement_Jupyter_Project\Fingerprint_Enhancement_Project\data\SOCOFing\Real\565__M_Right_little_finger.BMP,20260902
robustness,200__M_Left_middle_finger.BMP,C:\ImageProcessing\Fingerprint_Enhancement_Jupyter_Project\Fingerprint_Enhancement_Jupyter_Project\Fingerprint_Enhancement_Project\data\SOCOFing\Real\200__M_Left_middle_finger.BMP,20260902
robustness,135__F_Left_index_finger.BMP,C:\ImageProcessing\Fingerprint_Enhancement_Jupyter_Project\Fingerprint_Enhancement_Jupyter_Project\Fingerprint_Enhancement_Project\data\SOCOFing\Real\135__F_Left_index_finger.BMP,20260902
robustness,517__M_Right_ring_finger.BMP,C:\ImageProcessing\Fingerprint_Enhancement_Jupyter_Project\Fingerprint_Enhancement_Jupyter_Project\Fingerprint_Enhancement_Project\data\SOCOFing\Real\517__M_Right_ring_finger.BMP,20260902
robustness,99__M_Right_ring_finger.BMP,C:\ImageProcessing\Fingerprint_Enhancement_Jupyter_Project\Fingerprint_Enhancement_Jupyter_Project\Fingerprint_Enhancement_Project\data\SOCOFing\Real\99__M_Right_ring_finger.BMP,20260902
robustness,30__F_Right_index_finger.BMP,C:\ImageProcessing\Fingerprint_Enhancement_Jupyter_Project\Fingerprint_Enhancement_Jupyter_Project\Fingerprint_Enhancement_Project\data\SOCOFing\Real\30__F_Right_index_finger.BMP,20260902
robustness,567__M_Right_thumb_finger.BMP,C:\ImageProcessing\Fingerprint_Enhancement_Jupyter_Project\Fingerprint_Enhancement_Jupyter_Project\Fingerprint_Enhancement_Project\data\SOCOFing\Real\567__M_Right_thumb_finger.BMP,20260902
robustness,482__M_Left_index_finger.BMP,C:\ImageProcessing\Fingerprint_Enhancement_Jupyter_Project\Fingerprint_Enhancement_Jupyter_Project\Fingerprint_Enhancement_Project\data\SOCOFing\Real\482__M_Left_index_finger.BMP,20260902
robustness,405__M_Left_ring_finger.BMP,C:\ImageProcessing\Fingerprint_Enhancement_Jupyter_Project\Fingerprint_Enhancement_Jupyter_Project\Fingerprint_Enhancement_Project\data\SOCOFing\Real\405__M_Left_ring_finger.BMP,20260902
robustness,10__M_Right_ring_finger.BMP,C:\ImageProcessing\Fingerprint_Enhancement_Jupyter_Project\Fingerprint_Enhancement_Jupyter_Project\Fingerprint_Enhancement_Project\data\SOCOFing\Real\10__M_Right_ring_finger.BMP,20260902
robustness,392__M_Left_index_finger.BMP,C:\ImageProcessing\Fingerprint_Enhancement_Jupyter_Project\Fingerprint_Enhancement_Jupyter_Project\Fingerprint_Enhancement_Project\data\SOCOFing\Real\392__M_Left_index_finger.BMP,20260902
robustness,6__M_Right_index_finger.BMP,C:\ImageProcessing\Fingerprint_Enhancement_Jupyter_Project\Fingerprint_Enhancement_Jupyter_Project\Fingerprint_Enhancement_Project\data\SOCOFing\Real\6__M_Right_index_finger.BMP,20260902
robustness,35__M_Right_little_finger.BMP,C:\ImageProcessing\Fingerprint_Enhancement_Jupyter_Project\Fingerprint_Enhancement_Jupyter_Project\Fingerprint_Enhancement_Project\data\SOCOFing\Real\35__M_Right_little_finger.BMP,20260902
robustness,594__M_Right_little_finger.BMP,C:\ImageProcessing\Fingerprint_Enhancement_Jupyter_Project\Fingerprint_Enhancement_Jupyter_Project\Fingerprint_Enhancement_Project\data\SOCOFing\Real\594__M_Right_little_finger.BMP,20260902
robustness,280__M_Left_ring_finger.BMP,C:\ImageProcessing\Fingerprint_Enhancement_Jupyter_Project\Fingerprint_Enhancement_Jupyter_Project\Fingerprint_Enhancement_Project\data\SOCOFing\Real\280__M_Left_ring_finger.BMP,20260902
robustness,194__M_Right_index_finger.BMP,C:\ImageProcessing\Fingerprint_Enhancement_Jupyter_Project\Fingerprint_Enhancement_Jupyter_Project\Fingerprint_Enhancement_Project\data\SOCOFing\Real\194__M_Right_index_finger.BMP,20260902
robustness,13__F_Left_thumb_finger.BMP,C:\ImageProcessing\Fingerprint_Enhancement_Jupyter_Project\Fingerprint_Enhancement_Jupyter_Project\Fingerprint_Enhancement_Project\data\SOCOFing\Real\13__F_Left_thumb_finger.BMP,20260902
robustness,82__M_Right_thumb_finger.BMP,C:\ImageProcessing\Fingerprint_Enhancement_Jupyter_Project\Fingerprint_Enhancement_Jupyter_Project\Fingerprint_Enhancement_Project\data\SOCOFing\Real\82__M_Right_thumb_finger.BMP,20260902
robustness,513__M_Right_ring_finger.BMP,C:\ImageProcessing\Fingerprint_Enhancement_Jupyter_Project\Fingerprint_Enhancement_Jupyter_Project\Fingerprint_Enhancement_Project\data\SOCOFing\Real\513__M_Right_ring_finger.BMP,20260902
robustness,365__M_Left_middle_finger.BMP,C:\ImageProcessing\Fingerprint_Enhancement_Jupyter_Project\Fingerprint_Enhancement_Jupyter_Project\Fingerprint_Enhancement_Project\data\SOCOFing\Real\365__M_Left_middle_finger.BMP,20260902
robustness,436__M_Left_middle_finger.BMP,C:\ImageProcessing\Fingerprint_Enhancement_Jupyter_Project\Fingerprint_Enhancement_Jupyter_Project\Fingerprint_Enhancement_Project\data\SOCOFing\Real\436__M_Left_middle_finger.BMP,20260902
robustness,325__M_Right_little_finger.BMP,C:\ImageProcessing\Fingerprint_Enhancement_Jupyter_Project\Fingerprint_Enhancement_Jupyter_Project\Fingerprint_Enhancement_Project\data\SOCOFing\Real\325__M_Right_little_finger.BMP,20260902
robustness,33__M_Right_index_finger.BMP,C:\ImageProcessing\Fingerprint_Enhancement_Jupyter_Project\Fingerprint_Enhancement_Jupyter_Project\Fingerprint_Enhancement_Project\data\SOCOFing\Real\33__M_Right_index_finger.BMP,20260902
robustness,301__F_Left_little_finger.BMP,C:\ImageProcessing\Fingerprint_Enhancement_Jupyter_Project\Fingerprint_Enhancement_Jupyter_Project\Fingerprint_Enhancement_Project\data\SOCOFing\Real\301__F_Left_little_finger.BMP,20260902
robustness,457__M_Right_index_finger.BMP,C:\ImageProcessing\Fingerprint_Enhancement_Jupyter_Project\Fingerprint_Enhancement_Jupyter_Project\Fingerprint_Enhancement_Project\data\SOCOFing\Real\457__M_Right_index_finger.BMP,20260902
robustness,421__F_Right_thumb_finger.BMP,C:\ImageProcessing\Fingerprint_Enhancement_Jupyter_Project\Fingerprint_Enhancement_Jupyter_Project\Fingerprint_Enhancement_Project\data\SOCOFing\Real\421__F_Right_thumb_finger.BMP,20260902
robustness,248__M_Left_little_finger.BMP,C:\ImageProcessing\Fingerprint_Enhancement_Jupyter_Project\Fingerprint_Enhancement_Jupyter_Project\Fingerprint_Enhancement_Project\data\SOCOFing\Real\248__M_Left_little_finger.BMP,20260902
robustness,321__M_Left_thumb_finger.BMP,C:\ImageProcessing\Fingerprint_Enhancement_Jupyter_Project\Fingerprint_Enhancement_Jupyter_Project\Fingerprint_Enhancement_Project\data\SOCOFing\Real\321__M_Left_thumb_finger.BMP,20260902
robustness,515__M_Left_thumb_finger.BMP,C:\ImageProcessing\Fingerprint_Enhancement_Jupyter_Project\Fingerprint_Enhancement_Jupyter_Project\Fingerprint_Enhancement_Project\data\SOCOFing\Real\515__M_Left_thumb_finger.BMP,20260902
robustness,382__M_Left_thumb_finger.BMP,C:\ImageProcessing\Fingerprint_Enhancement_Jupyter_Project\Fingerprint_Enhancement_Jupyter_Project\Fingerprint_Enhancement_Project\data\SOCOFing\Real\382__M_Left_thumb_finger.BMP,20260902
robustness,21__M_Left_ring_finger.BMP,C:\ImageProcessing\Fingerprint_Enhancement_Jupyter_Project\Fingerprint_Enhancement_Jupyter_Project\Fingerprint_Enhancement_Project\data\SOCOFing\Real\21__M_Left_ring_finger.BMP,20260902
robustness,130__F_Right_middle_finger.BMP,C:\ImageProcessing\Fingerprint_Enhancement_Jupyter_Project\Fingerprint_Enhancement_Jupyter_Project\Fingerprint_Enhancement_Project\data\SOCOFing\Real\130__F_Right_middle_finger.BMP,20260902
robustness,488__M_Right_ring_finger.BMP,C:\ImageProcessing\Fingerprint_Enhancement_Jupyter_Project\Fingerprint_Enhancement_Jupyter_Project\Fingerprint_Enhancement_Project\data\SOCOFing\Real\488__M_Right_ring_finger.BMP,20260902
robustness,136__F_Right_ring_finger.BMP,C:\ImageProcessing\Fingerprint_Enhancement_Jupyter_Project\Fingerprint_Enhancement_Jupyter_Project\Fingerprint_Enhancement_Project\data\SOCOFing\Real\136__F_Right_ring_finger.BMP,20260902
robustness,9__M_Right_little_finger.BMP,C:\ImageProcessing\Fingerprint_Enhancement_Jupyter_Project\Fingerprint_Enhancement_Jupyter_Project\Fingerprint_Enhancement_Project\data\SOCOFing\Real\9__M_Right_little_finger.BMP,20260902
robustness,484__M_Right_ring_finger.BMP,C:\ImageProcessing\Fingerprint_Enhancement_Jupyter_Project\Fingerprint_Enhancement_Jupyter_Project\Fingerprint_Enhancement_Project\data\SOCOFing\Real\484__M_Right_ring_finger.BMP,20260902
robustness,29__F_Right_middle_finger.BMP,C:\ImageProcessing\Fingerprint_Enhancement_Jupyter_Project\Fingerprint_Enhancement_Jupyter_Project\Fingerprint_Enhancement_Project\data\SOCOFing\Real\29__F_Right_middle_finger.BMP,20260902
robustness,224__M_Left_middle_finger.BMP,C:\ImageProcessing\Fingerprint_Enhancement_Jupyter_Project\Fingerprint_Enhancement_Jupyter_Project\Fingerprint_Enhancement_Project\data\SOCOFing\Real\224__M_Left_middle_finger.BMP,20260902
robustness,425__M_Right_index_finger.BMP,C:\ImageProcessing\Fingerprint_Enhancement_Jupyter_Project\Fingerprint_Enhancement_Jupyter_Project\Fingerprint_Enhancement_Project\data\SOCOFing\Real\425__M_Right_index_finger.BMP,20260902
robustness,596__M_Left_index_finger.BMP,C:\ImageProcessing\Fingerprint_Enhancement_Jupyter_Project\Fingerprint_Enhancement_Jupyter_Project\Fingerprint_Enhancement_Project\data\SOCOFing\Real\596__M_Left_index_finger.BMP,20260902
robustness,437__M_Left_thumb_finger.BMP,C:\ImageProcessing\Fingerprint_Enhancement_Jupyter_Project\Fingerprint_Enhancement_Jupyter_Project\Fingerprint_Enhancement_Project\data\SOCOFing\Real\437__M_Left_thumb_finger.BMP,20260902
robustness,185__M_Left_little_finger.BMP,C:\ImageProcessing\Fingerprint_Enhancement_Jupyter_Project\Fingerprint_Enhancement_Jupyter_Project\Fingerprint_Enhancement_Project\data\SOCOFing\Real\185__M_Left_little_finger.BMP,20260902
robustness,79__M_Right_middle_finger.BMP,C:\ImageProcessing\Fingerprint_Enhancement_Jupyter_Project\Fingerprint_Enhancement_Jupyter_Project\Fingerprint_Enhancement_Project\data\SOCOFing\Real\79__M_Right_middle_finger.BMP,20260902
robustness,422__M_Left_little_finger.BMP,C:\ImageProcessing\Fingerprint_Enhancement_Jupyter_Project\Fingerprint_Enhancement_Jupyter_Project\Fingerprint_Enhancement_Project\data\SOCOFing\Real\422__M_Left_little_finger.BMP,20260902
robustness,446__M_Right_ring_finger.BMP,C:\ImageProcessing\Fingerprint_Enhancement_Jupyter_Project\Fingerprint_Enhancement_Jupyter_Project\Fingerprint_Enhancement_Project\data\SOCOFing\Real\446__M_Right_ring_finger.BMP,20260902
robustness,543__M_Left_little_finger.BMP,C:\ImageProcessing\Fingerprint_Enhancement_Jupyter_Project\Fingerprint_Enhancement_Jupyter_Project\Fingerprint_Enhancement_Project\data\SOCOFing\Real\543__M_Left_little_finger.BMP,20260902
robustness,282__M_Left_thumb_finger.BMP,C:\ImageProcessing\Fingerprint_Enhancement_Jupyter_Project\Fingerprint_Enhancement_Jupyter_Project\Fingerprint_Enhancement_Project\data\SOCOFing\Real\282__M_Left_thumb_finger.BMP,20260902
robustness,68__M_Left_ring_finger.BMP,C:\ImageProcessing\Fingerprint_Enhancement_Jupyter_Project\Fingerprint_Enhancement_Jupyter_Project\Fingerprint_Enhancement_Project\data\SOCOFing\Real\68__M_Left_ring_finger.BMP,20260902
robustness,140__F_Right_little_finger.BMP,C:\ImageProcessing\Fingerprint_Enhancement_Jupyter_Project\Fingerprint_Enhancement_Jupyter_Project\Fingerprint_Enhancement_Project\data\SOCOFing\Real\140__F_Right_little_finger.BMP,20260902
robustness,462__M_Left_little_finger.BMP,C:\ImageProcessing\Fingerprint_Enhancement_Jupyter_Project\Fingerprint_Enhancement_Jupyter_Project\Fingerprint_Enhancement_Project\data\SOCOFing\Real\462__M_Left_little_finger.BMP,20260902
robustness,422__M_Right_index_finger.BMP,C:\ImageProcessing\Fingerprint_Enhancement_Jupyter_Project\Fingerprint_Enhancement_Jupyter_Project\Fingerprint_Enhancement_Project\data\SOCOFing\Real\422__M_Right_index_finger.BMP,20260902
robustness,96__M_Left_little_finger.BMP,C:\ImageProcessing\Fingerprint_Enhancement_Jupyter_Project\Fingerprint_Enhancement_Jupyter_Project\Fingerprint_Enhancement_Project\data\SOCOFing\Real\96__M_Left_little_finger.BMP,20260902
robustness,325__M_Right_thumb_finger.BMP,C:\ImageProcessing\Fingerprint_Enhancement_Jupyter_Project\Fingerprint_Enhancement_Jupyter_Project\Fingerprint_Enhancement_Project\data\SOCOFing\Real\325__M_Right_thumb_finger.BMP,20260902
robustness,552__M_Left_little_finger.BMP,C:\ImageProcessing\Fingerprint_Enhancement_Jupyter_Project\Fingerprint_Enhancement_Jupyter_Project\Fingerprint_Enhancement_Project\data\SOCOFing\Real\552__M_Left_little_finger.BMP,20260902
robustness,500__M_Right_little_finger.BMP,C:\ImageProcessing\Fingerprint_Enhancement_Jupyter_Project\Fingerprint_Enhancement_Jupyter_Project\Fingerprint_Enhancement_Project\data\SOCOFing\Real\500__M_Right_little_finger.BMP,20260902
robustness,383__M_Right_little_finger.BMP,C:\ImageProcessing\Fingerprint_Enhancement_Jupyter_Project\Fingerprint_Enhancement_Jupyter_Project\Fingerprint_Enhancement_Project\data\SOCOFing\Real\383__M_Right_little_finger.BMP,20260902
robustness,578__M_Right_index_finger.BMP,C:\ImageProcessing\Fingerprint_Enhancement_Jupyter_Project\Fingerprint_Enhancement_Jupyter_Project\Fingerprint_Enhancement_Project\data\SOCOFing\Real\578__M_Right_index_finger.BMP,20260902
robustness,490__M_Right_little_finger.BMP,C:\ImageProcessing\Fingerprint_Enhancement_Jupyter_Project\Fingerprint_Enhancement_Jupyter_Project\Fingerprint_Enhancement_Project\data\SOCOFing\Real\490__M_Right_little_finger.BMP,20260902
robustness,70__M_Right_thumb_finger.BMP,C:\ImageProcessing\Fingerprint_Enhancement_Jupyter_Project\Fingerprint_Enhancement_Jupyter_Project\Fingerprint_Enhancement_Project\data\SOCOFing\Real\70__M_Right_thumb_finger.BMP,20260902
robustness,321__M_Left_index_finger.BMP,C:\ImageProcessing\Fingerprint_Enhancement_Jupyter_Project\Fingerprint_Enhancement_Jupyter_Project\Fingerprint_Enhancement_Project\data\SOCOFing\Real\321__M_Left_index_finger.BMP,20260902
robustness,289__F_Right_index_finger.BMP,C:\ImageProcessing\Fingerprint_Enhancement_Jupyter_Project\Fingerprint_Enhancement_Jupyter_Project\Fingerprint_Enhancement_Project\data\SOCOFing\Real\289__F_Right_index_finger.BMP,20260902
robustness,250__F_Left_index_finger.BMP,C:\ImageProcessing\Fingerprint_Enhancement_Jupyter_Project\Fingerprint_Enhancement_Jupyter_Project\Fingerprint_Enhancement_Project\data\SOCOFing\Real\250__F_Left_index_finger.BMP,20260902
robustness,420__M_Left_middle_finger.BMP,C:\ImageProcessing\Fingerprint_Enhancement_Jupyter_Project\Fingerprint_Enhancement_Jupyter_Project\Fingerprint_Enhancement_Project\data\SOCOFing\Real\420__M_Left_middle_finger.BMP,20260902
robustness,112__M_Left_index_finger.BMP,C:\ImageProcessing\Fingerprint_Enhancement_Jupyter_Project\Fingerprint_Enhancement_Jupyter_Project\Fingerprint_Enhancement_Project\data\SOCOFing\Real\112__M_Left_index_finger.BMP,20260902
robustness,439__M_Right_ring_finger.BMP,C:\ImageProcessing\Fingerprint_Enhancement_Jupyter_Project\Fingerprint_Enhancement_Jupyter_Project\Fingerprint_Enhancement_Project\data\SOCOFing\Real\439__M_Right_ring_finger.BMP,20260902
robustness,451__M_Right_little_finger.BMP,C:\ImageProcessing\Fingerprint_Enhancement_Jupyter_Project\Fingerprint_Enhancement_Jupyter_Project\Fingerprint_Enhancement_Project\data\SOCOFing\Real\451__M_Right_little_finger.BMP,20260902
robustness,394__M_Right_index_finger.BMP,C:\ImageProcessing\Fingerprint_Enhancement_Jupyter_Project\Fingerprint_Enhancement_Jupyter_Project\Fingerprint_Enhancement_Project\data\SOCOFing\Real\394__M_Right_index_finger.BMP,20260902
robustness,14__M_Left_little_finger.BMP,C:\ImageProcessing\Fingerprint_Enhancement_Jupyter_Project\Fingerprint_Enhancement_Jupyter_Project\Fingerprint_Enhancement_Project\data\SOCOFing\Real\14__M_Left_little_finger.BMP,20260902
robustness,255__M_Right_thumb_finger.BMP,C:\ImageProcessing\Fingerprint_Enhancement_Jupyter_Project\Fingerprint_Enhancement_Jupyter_Project\Fingerprint_Enhancement_Project\data\SOCOFing\Real\255__M_Right_thumb_finger.BMP,20260902
robustness,239__M_Left_ring_finger.BMP,C:\ImageProcessing\Fingerprint_Enhancement_Jupyter_Project\Fingerprint_Enhancement_Jupyter_Project\Fingerprint_Enhancement_Project\data\SOCOFing\Real\239__M_Left_ring_finger.BMP,20260902
robustness,152__M_Left_ring_finger.BMP,C:\ImageProcessing\Fingerprint_Enhancement_Jupyter_Project\Fingerprint_Enhancement_Jupyter_Project\Fingerprint_Enhancement_Project\data\SOCOFing\Real\152__M_Left_ring_finger.BMP,20260902
robustness,162__M_Left_thumb_finger.BMP,C:\ImageProcessing\Fingerprint_Enhancement_Jupyter_Project\Fingerprint_Enhancement_Jupyter_Project\Fingerprint_Enhancement_Project\data\SOCOFing\Real\162__M_Left_thumb_finger.BMP,20260902
robustness,473__M_Right_middle_finger.BMP,C:\ImageProcessing\Fingerprint_Enhancement_Jupyter_Project\Fingerprint_Enhancement_Jupyter_Project\Fingerprint_Enhancement_Project\data\SOCOFing\Real\473__M_Right_middle_finger.BMP,20260902
robustness,379__F_Right_ring_finger.BMP,C:\ImageProcessing\Fingerprint_Enhancement_Jupyter_Project\Fingerprint_Enhancement_Jupyter_Project\Fingerprint_Enhancement_Project\data\SOCOFing\Real\379__F_Right_ring_finger.BMP,20260902
robustness,29__F_Left_index_finger.BMP,C:\ImageProcessing\Fingerprint_Enhancement_Jupyter_Project\Fingerprint_Enhancement_Jupyter_Project\Fingerprint_Enhancement_Project\data\SOCOFing\Real\29__F_Left_index_finger.BMP,20260902
robustness,93__M_Left_ring_finger.BMP,C:\ImageProcessing\Fingerprint_Enhancement_Jupyter_Project\Fingerprint_Enhancement_Jupyter_Project\Fingerprint_Enhancement_Project\data\SOCOFing\Real\93__M_Left_ring_finger.BMP,20260902
robustness,211__M_Left_index_finger.BMP,C:\ImageProcessing\Fingerprint_Enhancement_Jupyter_Project\Fingerprint_Enhancement_Jupyter_Project\Fingerprint_Enhancement_Project\data\SOCOFing\Real\211__M_Left_index_finger.BMP,20260902
robustness,314__M_Right_little_finger.BMP,C:\ImageProcessing\Fingerprint_Enhancement_Jupyter_Project\Fingerprint_Enhancement_Jupyter_Project\Fingerprint_Enhancement_Project\data\SOCOFing\Real\314__M_Right_little_finger.BMP,20260902
robustness,75__F_Left_thumb_finger.BMP,C:\ImageProcessing\Fingerprint_Enhancement_Jupyter_Project\Fingerprint_Enhancement_Jupyter_Project\Fingerprint_Enhancement_Project\data\SOCOFing\Real\75__F_Left_thumb_finger.BMP,20260902
robustness,187__M_Left_index_finger.BMP,C:\ImageProcessing\Fingerprint_Enhancement_Jupyter_Project\Fingerprint_Enhancement_Jupyter_Project\Fingerprint_Enhancement_Project\data\SOCOFing\Real\187__M_Left_index_finger.BMP,20260902
robustness,380__M_Right_middle_finger.BMP,C:\ImageProcessing\Fingerprint_Enhancement_Jupyter_Project\Fingerprint_Enhancement_Jupyter_Project\Fingerprint_Enhancement_Project\data\SOCOFing\Real\380__M_Right_middle_finger.BMP,20260902
robustness,458__M_Right_ring_finger.BMP,C:\ImageProcessing\Fingerprint_Enhancement_Jupyter_Project\Fingerprint_Enhancement_Jupyter_Project\Fingerprint_Enhancement_Project\data\SOCOFing\Real\458__M_Right_ring_finger.BMP,20260902
robustness,53__M_Left_middle_finger.BMP,C:\ImageProcessing\Fingerprint_Enhancement_Jupyter_Project\Fingerprint_Enhancement_Jupyter_Project\Fingerprint_Enhancement_Project\data\SOCOFing\Real\53__M_Left_middle_finger.BMP,20260902
robustness,340__M_Left_index_finger.BMP,C:\ImageProcessing\Fingerprint_Enhancement_Jupyter_Project\Fingerprint_Enhancement_Jupyter_Project\Fingerprint_Enhancement_Project\data\SOCOFing\Real\340__M_Left_index_finger.BMP,20260902
robustness,293__F_Left_index_finger.BMP,C:\ImageProcessing\Fingerprint_Enhancement_Jupyter_Project\Fingerprint_Enhancement_Jupyter_Project\Fingerprint_Enhancement_Project\data\SOCOFing\Real\293__F_Left_index_finger.BMP,20260902
robustness,203__M_Left_little_finger.BMP,C:\ImageProcessing\Fingerprint_Enhancement_Jupyter_Project\Fingerprint_Enhancement_Jupyter_Project\Fingerprint_Enhancement_Project\data\SOCOFing\Real\203__M_Left_little_finger.BMP,20260902
robustness,82__M_Left_little_finger.BMP,C:\ImageProcessing\Fingerprint_Enhancement_Jupyter_Project\Fingerprint_Enhancement_Jupyter_Project\Fingerprint_Enhancement_Project\data\SOCOFing\Real\82__M_Left_little_finger.BMP,20260902
robustness,207__M_Right_ring_finger.BMP,C:\ImageProcessing\Fingerprint_Enhancement_Jupyter_Project\Fingerprint_Enhancement_Jupyter_Project\Fingerprint_Enhancement_Project\data\SOCOFing\Real\207__M_Right_ring_finger.BMP,20260902
robustness,225__M_Left_little_finger.BMP,C:\ImageProcessing\Fingerprint_Enhancement_Jupyter_Project\Fingerprint_Enhancement_Jupyter_Project\Fingerprint_Enhancement_Project\data\SOCOFing\Real\225__M_Left_little_finger.BMP,20260902
robustness,420__M_Right_thumb_finger.BMP,C:\ImageProcessing\Fingerprint_Enhancement_Jupyter_Project\Fingerprint_Enhancement_Jupyter_Project\Fingerprint_Enhancement_Project\data\SOCOFing\Real\420__M_Right_thumb_finger.BMP,20260902
robustness,460__M_Right_little_finger.BMP,C:\ImageProcessing\Fingerprint_Enhancement_Jupyter_Project\Fingerprint_Enhancement_Jupyter_Project\Fingerprint_Enhancement_Project\data\SOCOFing\Real\460__M_Right_little_finger.BMP,20260902
robustness,99__M_Left_little_finger.BMP,C:\ImageProcessing\Fingerprint_Enhancement_Jupyter_Project\Fingerprint_Enhancement_Jupyter_Project\Fingerprint_Enhancement_Project\data\SOCOFing\Real\99__M_Left_little_finger.BMP,20260902
robustness,566__M_Right_middle_finger.BMP,C:\ImageProcessing\Fingerprint_Enhancement_Jupyter_Project\Fingerprint_Enhancement_Jupyter_Project\Fingerprint_Enhancement_Project\data\SOCOFing\Real\566__M_Right_middle_finger.BMP,20260902
robustness,1__M_Left_index_finger.BMP,C:\ImageProcessing\Fingerprint_Enhancement_Jupyter_Project\Fingerprint_Enhancement_Jupyter_Project\Fingerprint_Enhancement_Project\data\SOCOFing\Real\1__M_Left_index_finger.BMP,20260902
robustness,117__F_Right_thumb_finger.BMP,C:\ImageProcessing\Fingerprint_Enhancement_Jupyter_Project\Fingerprint_Enhancement_Jupyter_Project\Fingerprint_Enhancement_Project\data\SOCOFing\Real\117__F_Right_thumb_finger.BMP,20260902
robustness,482__M_Left_little_finger.BMP,C:\ImageProcessing\Fingerprint_Enhancement_Jupyter_Project\Fingerprint_Enhancement_Jupyter_Project\Fingerprint_Enhancement_Project\data\SOCOFing\Real\482__M_Left_little_finger.BMP,20260902
robustness,308__M_Right_thumb_finger.BMP,C:\ImageProcessing\Fingerprint_Enhancement_Jupyter_Project\Fingerprint_Enhancement_Jupyter_Project\Fingerprint_Enhancement_Project\data\SOCOFing\Real\308__M_Right_thumb_finger.BMP,20260902
robustness,245__M_Right_index_finger.BMP,C:\ImageProcessing\Fingerprint_Enhancement_Jupyter_Project\Fingerprint_Enhancement_Jupyter_Project\Fingerprint_Enhancement_Project\data\SOCOFing\Real\245__M_Right_index_finger.BMP,20260902
robustness,369__F_Left_ring_finger.BMP,C:\ImageProcessing\Fingerprint_Enhancement_Jupyter_Project\Fingerprint_Enhancement_Jupyter_Project\Fingerprint_Enhancement_Project\data\SOCOFing\Real\369__F_Left_ring_finger.BMP,20260902
robustness,240__F_Left_ring_finger.BMP,C:\ImageProcessing\Fingerprint_Enhancement_Jupyter_Project\Fingerprint_Enhancement_Jupyter_Project\Fingerprint_Enhancement_Project\data\SOCOFing\Real\240__F_Left_ring_finger.BMP,20260902
robustness,253__F_Right_thumb_finger.BMP,C:\ImageProcessing\Fingerprint_Enhancement_Jupyter_Project\Fingerprint_Enhancement_Jupyter_Project\Fingerprint_Enhancement_Project\data\SOCOFing\Real\253__F_Right_thumb_finger.BMP,20260902
robustness,200__M_Right_ring_finger.BMP,C:\ImageProcessing\Fingerprint_Enhancement_Jupyter_Project\Fingerprint_Enhancement_Jupyter_Project\Fingerprint_Enhancement_Project\data\SOCOFing\Real\200__M_Right_ring_finger.BMP,20260902
robustness,73__M_Right_middle_finger.BMP,C:\ImageProcessing\Fingerprint_Enhancement_Jupyter_Project\Fingerprint_Enhancement_Jupyter_Project\Fingerprint_Enhancement_Project\data\SOCOFing\Real\73__M_Right_middle_finger.BMP,20260902
robustness,25__F_Left_ring_finger.BMP,C:\ImageProcessing\Fingerprint_Enhancement_Jupyter_Project\Fingerprint_Enhancement_Jupyter_Project\Fingerprint_Enhancement_Project\data\SOCOFing\Real\25__F_Left_ring_finger.BMP,20260902
robustness,290__M_Left_thumb_finger.BMP,C:\ImageProcessing\Fingerprint_Enhancement_Jupyter_Project\Fingerprint_Enhancement_Jupyter_Project\Fingerprint_Enhancement_Project\data\SOCOFing\Real\290__M_Left_thumb_finger.BMP,20260902
robustness,160__M_Right_little_finger.BMP,C:\ImageProcessing\Fingerprint_Enhancement_Jupyter_Project\Fingerprint_Enhancement_Jupyter_Project\Fingerprint_Enhancement_Project\data\SOCOFing\Real\160__M_Right_little_finger.BMP,20260902
robustness,215__M_Right_ring_finger.BMP,C:\ImageProcessing\Fingerprint_Enhancement_Jupyter_Project\Fingerprint_Enhancement_Jupyter_Project\Fingerprint_Enhancement_Project\data\SOCOFing\Real\215__M_Right_ring_finger.BMP,20260902
robustness,233__M_Left_thumb_finger.BMP,C:\ImageProcessing\Fingerprint_Enhancement_Jupyter_Project\Fingerprint_Enhancement_Jupyter_Project\Fingerprint_Enhancement_Project\data\SOCOFing\Real\233__M_Left_thumb_finger.BMP,20260902
robustness,222__M_Right_thumb_finger.BMP,C:\ImageProcessing\Fingerprint_Enhancement_Jupyter_Project\Fingerprint_Enhancement_Jupyter_Project\Fingerprint_Enhancement_Project\data\SOCOFing\Real\222__M_Right_thumb_finger.BMP,20260902
robustness,154__F_Right_thumb_finger.BMP,C:\ImageProcessing\Fingerprint_Enhancement_Jupyter_Project\Fingerprint_Enhancement_Jupyter_Project\Fingerprint_Enhancement_Project\data\SOCOFing\Real\154__F_Right_thumb_finger.BMP,20260902
robustness,402__M_Right_ring_finger.BMP,C:\ImageProcessing\Fingerprint_Enhancement_Jupyter_Project\Fingerprint_Enhancement_Jupyter_Project\Fingerprint_Enhancement_Project\data\SOCOFing\Real\402__M_Right_ring_finger.BMP,20260902
robustness,373__M_Right_little_finger.BMP,C:\ImageProcessing\Fingerprint_Enhancement_Jupyter_Project\Fingerprint_Enhancement_Jupyter_Project\Fingerprint_Enhancement_Project\data\SOCOFing\Real\373__M_Right_little_finger.BMP,20260902
robustness,363__M_Right_little_finger.BMP,C:\ImageProcessing\Fingerprint_Enhancement_Jupyter_Project\Fingerprint_Enhancement_Jupyter_Project\Fingerprint_Enhancement_Project\data\SOCOFing\Real\363__M_Right_little_finger.BMP,20260902
robustness,257__M_Right_thumb_finger.BMP,C:\ImageProcessing\Fingerprint_Enhancement_Jupyter_Project\Fingerprint_Enhancement_Jupyter_Project\Fingerprint_Enhancement_Project\data\SOCOFing\Real\257__M_Right_thumb_finger.BMP,20260902
robustness,520__M_Right_little_finger.BMP,C:\ImageProcessing\Fingerprint_Enhancement_Jupyter_Project\Fingerprint_Enhancement_Jupyter_Project\Fingerprint_Enhancement_Project\data\SOCOFing\Real\520__M_Right_little_finger.BMP,20260902
robustness,391__M_Right_little_finger.BMP,C:\ImageProcessing\Fingerprint_Enhancement_Jupyter_Project\Fingerprint_Enhancement_Jupyter_Project\Fingerprint_Enhancement_Project\data\SOCOFing\Real\391__M_Right_little_finger.BMP,20260902
robustness,393__M_Left_thumb_finger.BMP,C:\ImageProcessing\Fingerprint_Enhancement_Jupyter_Project\Fingerprint_Enhancement_Jupyter_Project\Fingerprint_Enhancement_Project\data\SOCOFing\Real\393__M_Left_thumb_finger.BMP,20260902
robustness,587__M_Left_ring_finger.BMP,C:\ImageProcessing\Fingerprint_Enhancement_Jupyter_Project\Fingerprint_Enhancement_Jupyter_Project\Fingerprint_Enhancement_Project\data\SOCOFing\Real\587__M_Left_ring_finger.BMP,20260902
robustness,325__M_Right_ring_finger.BMP,C:\ImageProcessing\Fingerprint_Enhancement_Jupyter_Project\Fingerprint_Enhancement_Jupyter_Project\Fingerprint_Enhancement_Project\data\SOCOFing\Real\325__M_Right_ring_finger.BMP,20260902
robustness,519__M_Right_thumb_finger.BMP,C:\ImageProcessing\Fingerprint_Enhancement_Jupyter_Project\Fingerprint_Enhancement_Jupyter_Project\Fingerprint_Enhancement_Project\data\SOCOFing\Real\519__M_Right_thumb_finger.BMP,20260902
robustness,516__M_Right_little_finger.BMP,C:\ImageProcessing\Fingerprint_Enhancement_Jupyter_Project\Fingerprint_Enhancement_Jupyter_Project\Fingerprint_Enhancement_Project\data\SOCOFing\Real\516__M_Right_little_finger.BMP,20260902
robustness,388__F_Left_middle_finger.BMP,C:\ImageProcessing\Fingerprint_Enhancement_Jupyter_Project\Fingerprint_Enhancement_Jupyter_Project\Fingerprint_Enhancement_Project\data\SOCOFing\Real\388__F_Left_middle_finger.BMP,20260902
robustness,151__M_Left_middle_finger.BMP,C:\ImageProcessing\Fingerprint_Enhancement_Jupyter_Project\Fingerprint_Enhancement_Jupyter_Project\Fingerprint_Enhancement_Project\data\SOCOFing\Real\151__M_Left_middle_finger.BMP,20260902
robustness,317__M_Left_index_finger.BMP,C:\ImageProcessing\Fingerprint_Enhancement_Jupyter_Project\Fingerprint_Enhancement_Jupyter_Project\Fingerprint_Enhancement_Project\data\SOCOFing\Real\317__M_Left_index_finger.BMP,20260902
robustness,403__M_Left_middle_finger.BMP,C:\ImageProcessing\Fingerprint_Enhancement_Jupyter_Project\Fingerprint_Enhancement_Jupyter_Project\Fingerprint_Enhancement_Project\data\SOCOFing\Real\403__M_Left_middle_finger.BMP,20260902
robustness,548__F_Left_index_finger.BMP,C:\ImageProcessing\Fingerprint_Enhancement_Jupyter_Project\Fingerprint_Enhancement_Jupyter_Project\Fingerprint_Enhancement_Project\data\SOCOFing\Real\548__F_Left_index_finger.BMP,20260902
robustness,289__F_Left_index_finger.BMP,C:\ImageProcessing\Fingerprint_Enhancement_Jupyter_Project\Fingerprint_Enhancement_Jupyter_Project\Fingerprint_Enhancement_Project\data\SOCOFing\Real\289__F_Left_index_finger.BMP,20260902
robustness,467__M_Left_little_finger.BMP,C:\ImageProcessing\Fingerprint_Enhancement_Jupyter_Project\Fingerprint_Enhancement_Jupyter_Project\Fingerprint_Enhancement_Project\data\SOCOFing\Real\467__M_Left_little_finger.BMP,20260902
robustness,485__M_Right_thumb_finger.BMP,C:\ImageProcessing\Fingerprint_Enhancement_Jupyter_Project\Fingerprint_Enhancement_Jupyter_Project\Fingerprint_Enhancement_Project\data\SOCOFing\Real\485__M_Right_thumb_finger.BMP,20260902
robustness,266__M_Right_ring_finger.BMP,C:\ImageProcessing\Fingerprint_Enhancement_Jupyter_Project\Fingerprint_Enhancement_Jupyter_Project\Fingerprint_Enhancement_Project\data\SOCOFing\Real\266__M_Right_ring_finger.BMP,20260902
robustness,55__M_Right_little_finger.BMP,C:\ImageProcessing\Fingerprint_Enhancement_Jupyter_Project\Fingerprint_Enhancement_Jupyter_Project\Fingerprint_Enhancement_Project\data\SOCOFing\Real\55__M_Right_little_finger.BMP,20260902
