Category,Category order,Image,Path,Real pair candidate path,Real pair candidate exists,Pairing used for metrics,Selection rule,Experiment,Pipeline ID,Pipeline,Purpose,Final output domain,Has Closing stage,Is baseline,Is grayscale finalist candidate,Runtime (s),Ridge coherence,Local contrast,Foreground/background separation proxy,Foreground usable-area ratio,Ridge coverage in foreground,Detected ridge endings,Detected bifurcations,Ridge pixels,Connected components,Small connected components <20px,Largest component fraction,Fragmentation per 1000 ridge pixels,Skeleton pixels,Skeleton endpoints,Skeleton bifurcations,Ridge continuity proxy,Delta Ridge coherence vs P0,Delta Local contrast vs P0,Delta Foreground/background separation proxy vs P0,Delta Ridge coverage in foreground vs P0,Delta Fragmentation per 1000 ridge pixels vs P0,Delta Small connected components <20px vs P0,Delta Ridge continuity proxy vs P0,Delta Ridge coherence vs CLAHE,Delta Local contrast vs CLAHE,Delta Foreground/background separation proxy vs CLAHE,Delta Ridge coverage in foreground vs CLAHE,Delta Fragmentation per 1000 ridge pixels vs CLAHE,Delta Small connected components <20px vs CLAHE,Delta Ridge continuity proxy vs CLAHE
Easy,0,100__M_Left_index_finger_CR.BMP,data\SOCOFing\Altered\Altered-Easy\100__M_Left_index_finger_CR.BMP,data\SOCOFing\Real\100__M_Left_index_finger.BMP,True,False,"sorted category file list, 8 evenly spaced indexes",Direct Altered,B0,P0 only,neutral common-preprocessing control,grayscale,False,True,False,0.00012969999806955457,0.7615703344345093,0.22480694949626923,0.22480694949626923,1.0,0.417572021484375,187.0,98.0,27366.0,66.0,1.0,0.5232405066490173,2.4117518088138565,5881.0,187.0,98.0,31.449197860962567,0.0,0.0,0.0,0.0,0.0,0.0,0.0,-0.009239137172698975,-0.03173069655895233,-0.03173069655895233,-0.0115509033203125,0.3138248451186607,0.0,-1.9299230181583091
Easy,0,100__M_Left_index_finger_CR.BMP,data\SOCOFing\Altered\Altered-Easy\100__M_Left_index_finger_CR.BMP,data\SOCOFing\Real\100__M_Left_index_finger.BMP,True,False,"sorted category file list, 8 evenly spaced indexes",Direct Altered,B1,P0 -> CLAHE,main M1 enhancement baseline from Direct24,grayscale,False,True,True,0.00887030002195388,0.7708094716072083,0.25653764605522156,0.25653764605522156,1.0,0.4291229248046875,182.0,86.0,28123.0,59.0,1.0,0.5019023418426514,2.097926963695196,6075.0,182.0,86.0,33.379120879120876,0.009239137172698975,0.03173069655895233,0.03173069655895233,0.0115509033203125,-0.3138248451186607,0.0,1.9299230181583091,0.0,0.0,0.0,0.0,0.0,0.0,0.0
Easy,0,100__M_Left_index_finger_CR.BMP,data\SOCOFing\Altered\Altered-Easy\100__M_Left_index_finger_CR.BMP,data\SOCOFing\Real\100__M_Left_index_finger.BMP,True,False,"sorted category file list, 8 evenly spaced indexes",Direct Altered,C1,P0 -> CLAHE -> Ordinary Gabor,measure exact trade-off of the Direct24 M2 coherence winner,grayscale,False,False,True,0.8762790000182576,0.7775160074234009,0.1873752474784851,0.1873752474784851,1.0,0.385986328125,201.0,57.0,25296.0,77.0,2.0,0.47924572229385376,3.0439595192915876,5727.0,201.0,57.0,28.492537313432837,0.0159456729888916,-0.03743170201778412,-0.03743170201778412,-0.031585693359375,0.632207710477731,1.0,-2.9566605475297294,0.006706535816192627,-0.06916239857673645,-0.06916239857673645,-0.0431365966796875,0.9460325555963918,1.0,-4.8865835656880385
Easy,0,100__M_Left_index_finger_CR.BMP,data\SOCOFing\Altered\Altered-Easy\100__M_Left_index_finger_CR.BMP,data\SOCOFing\Real\100__M_Left_index_finger.BMP,True,False,"sorted category file list, 8 evenly spaced indexes",Direct Altered,C2,P0 -> CLAHE -> Coherence-Guided Directional Diffusion,test whether directional enhancement is more compatible with CLAHE than Ordinary Gabor,grayscale,False,False,True,0.27864340000087395,0.7749226093292236,0.2325964868068695,0.2325964868068695,1.0,0.420135498046875,193.0,81.0,27534.0,63.0,1.0,0.5059199333190918,2.288080191762911,5966.0,193.0,81.0,30.911917098445596,0.013352274894714355,0.007789537310600281,0.007789537310600281,0.0025634765625,-0.12367161705094531,0.0,-0.5372807625169713,0.004113137722015381,-0.02394115924835205,-0.02394115924835205,-0.0089874267578125,0.1901532280677154,0.0,-2.4672037806752805
Easy,0,100__M_Left_index_finger_CR.BMP,data\SOCOFing\Altered\Altered-Easy\100__M_Left_index_finger_CR.BMP,data\SOCOFing\Real\100__M_Left_index_finger.BMP,True,False,"sorted category file list, 8 evenly spaced indexes",Direct Altered,C3,P0 -> CLAHE -> Total Variation Restoration,test CLAHE followed by the best Direct24 supporting restoration candidate,grayscale,False,False,True,0.0425556999980472,0.793487548828125,0.23311802744865417,0.23311802744865417,1.0,0.42364501953125,193.0,81.0,27764.0,65.0,1.0,0.5066633224487305,2.3411612159631177,5858.0,193.0,81.0,30.352331606217618,0.03191721439361572,0.008311077952384949,0.008311077952384949,0.006072998046875,-0.07059059285073888,0.0,-1.096866254744949,0.022678077220916748,-0.023419618606567383,-0.023419618606567383,-0.0054779052734375,0.24323425226792184,0.0,-3.026789272903258
Easy,0,100__M_Left_index_finger_CR.BMP,data\SOCOFing\Altered\Altered-Easy\100__M_Left_index_finger_CR.BMP,data\SOCOFing\Real\100__M_Left_index_finger.BMP,True,False,"sorted category file list, 8 evenly spaced indexes",Direct Altered,C4,P0 -> Total Variation Restoration -> CLAHE,explicit order test for restoration before local contrast enhancement,grayscale,False,False,True,0.011077700066380203,0.7984113097190857,0.24683953821659088,0.24683953821659088,1.0,0.4251251220703125,188.0,76.0,27861.0,63.0,1.0,0.5043968558311462,2.26122536879509,5809.0,188.0,76.0,30.898936170212767,0.036840975284576416,0.022032588720321655,0.022032588720321655,0.0075531005859375,-0.15052644001876647,0.0,-0.5502616907497995,0.02760183811187744,-0.009698107838630676,-0.009698107838630676,-0.003997802734375,0.16329840509989424,0.0,-2.4801847089081086
Easy,0,100__M_Left_index_finger_CR.BMP,data\SOCOFing\Altered\Altered-Easy\100__M_Left_index_finger_CR.BMP,data\SOCOFing\Real\100__M_Left_index_finger.BMP,True,False,"sorted category file list, 8 evenly spaced indexes",Direct Altered,C5,P0 -> CLAHE -> Coherence-Guided Directional Diffusion -> Closing,test whether morphology can repair ridge gaps after directional enhancement,morphology-assisted structural output,True,False,False,0.3346130999852903,0.7749226093292236,0.2325964868068695,0.2325964868068695,1.0,0.427490234375,162.0,109.0,28016.0,43.0,0.0,0.6644774675369263,1.53483723586522,6033.0,162.0,109.0,37.24074074074074,0.013352274894714355,0.007789537310600281,0.007789537310600281,0.009918212890625,-0.8769145729486365,-1.0,5.791542879778174,0.004113137722015381,-0.02394115924835205,-0.02394115924835205,-0.0016326904296875,-0.5630897278299758,-1.0,3.8616198616198645
Easy,0,100__M_Left_index_finger_CR.BMP,data\SOCOFing\Altered\Altered-Easy\100__M_Left_index_finger_CR.BMP,data\SOCOFing\Real\100__M_Left_index_finger.BMP,True,False,"sorted category file list, 8 evenly spaced indexes",Direct Altered,C6,P0 -> CLAHE -> Total Variation Restoration -> Closing,test whether morphology improves continuity after CLAHE plus TV restoration,morphology-assisted structural output,True,False,False,0.0655361000681296,0.793487548828125,0.23311802744865417,0.23311802744865417,1.0,0.4290313720703125,166.0,102.0,28117.0,47.0,0.0,0.5040367245674133,1.6715865846285165,5930.0,166.0,102.0,35.72289156626506,0.03191721439361572,0.008311077952384949,0.008311077952384949,0.0114593505859375,-0.74016522418534,-1.0,4.273693705302495,0.022678077220916748,-0.023419618606567383,-0.023419618606567383,-9.1552734375e-05,-0.4263403790666793,-1.0,2.343770687144186
Easy,1,179__M_Left_little_finger_Obl.BMP,data\SOCOFing\Altered\Altered-Easy\179__M_Left_little_finger_Obl.BMP,data\SOCOFing\Real\179__M_Left_little_finger.BMP,True,False,"sorted category file list, 8 evenly spaced indexes",Direct Altered,B0,P0 only,neutral common-preprocessing control,grayscale,False,True,False,8.600001456215978e-05,0.5187233686447144,0.15843753516674042,0.15843753516674042,1.0,0.236572265625,303.0,78.0,15504.0,117.0,7.0,0.3363003134727478,7.546439628482973,2932.0,303.0,78.0,9.676567656765677,0.0,0.0,0.0,0.0,0.0,0.0,0.0,-0.05990117788314819,-0.04443149268627167,-0.04443149268627167,-0.1031341552734375,0.9884734963354642,4.0,0.09267503931601162
Easy,1,179__M_Left_little_finger_Obl.BMP,data\SOCOFing\Altered\Altered-Easy\179__M_Left_little_finger_Obl.BMP,data\SOCOFing\Real\179__M_Left_little_finger.BMP,True,False,"sorted category file list, 8 evenly spaced indexes",Direct Altered,B1,P0 -> CLAHE,main M1 enhancement baseline from Direct24,grayscale,False,True,True,0.004935899982228875,0.5786245465278625,0.20286902785301208,0.20286902785301208,1.0,0.3397064208984375,447.0,154.0,22263.0,146.0,3.0,0.3512554466724396,6.5579661321475085,4284.0,447.0,154.0,9.583892617449665,0.05990117788314819,0.04443149268627167,0.04443149268627167,0.1031341552734375,-0.9884734963354642,-4.0,-0.09267503931601162,0.0,0.0,0.0,0.0,0.0,0.0,0.0
Easy,1,179__M_Left_little_finger_Obl.BMP,data\SOCOFing\Altered\Altered-Easy\179__M_Left_little_finger_Obl.BMP,data\SOCOFing\Real\179__M_Left_little_finger.BMP,True,False,"sorted category file list, 8 evenly spaced indexes",Direct Altered,C1,P0 -> CLAHE -> Ordinary Gabor,measure exact trade-off of the Direct24 M2 coherence winner,grayscale,False,False,True,0.8713940000161529,0.6127731204032898,0.15381035208702087,0.15381035208702087,1.0,0.286163330078125,429.0,117.0,18754.0,156.0,6.0,0.34126052260398865,8.31822544523835,3853.0,429.0,117.0,8.981351981351981,0.09404975175857544,-0.0046271830797195435,-0.0046271830797195435,0.049591064453125,0.7717858167553766,-1.0,-0.6952156754136958,0.034148573875427246,-0.04905867576599121,-0.04905867576599121,-0.0535430908203125,1.7602593130908408,3.0,-0.6025406360976842
Easy,1,179__M_Left_little_finger_Obl.BMP,data\SOCOFing\Altered\Altered-Easy\179__M_Left_little_finger_Obl.BMP,data\SOCOFing\Real\179__M_Left_little_finger.BMP,True,False,"sorted category file list, 8 evenly spaced indexes",Direct Altered,C2,P0 -> CLAHE -> Coherence-Guided Directional Diffusion,test whether directional enhancement is more compatible with CLAHE than Ordinary Gabor,grayscale,False,False,True,0.2815400999970734,0.586022138595581,0.19425231218338013,0.19425231218338013,1.0,0.33624267578125,436.0,153.0,22036.0,140.0,6.0,0.3533762991428375,6.353240152477763,4237.0,436.0,153.0,9.71788990825688,0.0672987699508667,0.03581477701663971,0.03581477701663971,0.09967041015625,-1.1931994760052094,-1.0,0.04132225149120394,0.007397592067718506,-0.008616715669631958,-0.008616715669631958,-0.0034637451171875,-0.20472597966974515,3.0,0.13399729080721556
Easy,1,179__M_Left_little_finger_Obl.BMP,data\SOCOFing\Altered\Altered-Easy\179__M_Left_little_finger_Obl.BMP,data\SOCOFing\Real\179__M_Left_little_finger.BMP,True,False,"sorted category file list, 8 evenly spaced indexes",Direct Altered,C3,P0 -> CLAHE -> Total Variation Restoration,test CLAHE followed by the best Direct24 supporting restoration candidate,grayscale,False,False,True,0.009938000002875924,0.6077860593795776,0.18451014161109924,0.18451014161109924,1.0,0.332763671875,415.0,135.0,21808.0,142.0,4.0,0.3580337464809418,6.511371973587674,3934.0,415.0,135.0,9.479518072289157,0.08906269073486328,0.026072606444358826,0.026072606444358826,0.09619140625,-1.0350676548952986,-3.0,-0.19704958447652032,0.029161512851715088,-0.018358886241912842,-0.018358886241912842,-0.0069427490234375,-0.0465941585598344,1.0,-0.1043745451605087
Easy,1,179__M_Left_little_finger_Obl.BMP,data\SOCOFing\Altered\Altered-Easy\179__M_Left_little_finger_Obl.BMP,data\SOCOFing\Real\179__M_Left_little_finger.BMP,True,False,"sorted category file list, 8 evenly spaced indexes",Direct Altered,C4,P0 -> Total Variation Restoration -> CLAHE,explicit order test for restoration before local contrast enhancement,grayscale,False,False,True,0.011657600058242679,0.621907651424408,0.19276465475559235,0.19276465475559235,1.0,0.3349761962890625,400.0,138.0,21953.0,131.0,3.0,0.3603607714176178,5.9672937639502575,3855.0,400.0,138.0,9.6375,0.1031842827796936,0.03432711958885193,0.03432711958885193,0.0984039306640625,-1.5791458645327152,-4.0,-0.03906765676567758,0.04328310489654541,-0.010104373097419739,-0.010104373097419739,-0.004730224609375,-0.590672368197251,0.0,0.05360738255033404
Easy,1,179__M_Left_little_finger_Obl.BMP,data\SOCOFing\Altered\Altered-Easy\179__M_Left_little_finger_Obl.BMP,data\SOCOFing\Real\179__M_Left_little_finger.BMP,True,False,"sorted category file list, 8 evenly spaced indexes",Direct Altered,C5,P0 -> CLAHE -> Coherence-Guided Directional Diffusion -> Closing,test whether morphology can repair ridge gaps after directional enhancement,morphology-assisted structural output,True,False,False,0.33422370004700497,0.586022138595581,0.19425231218338013,0.19425231218338013,1.0,0.352264404296875,303.0,224.0,23086.0,57.0,4.0,0.3383868932723999,2.4690288486528633,4398.0,303.0,224.0,14.514851485148515,0.0672987699508667,0.03581477701663971,0.03581477701663971,0.115692138671875,-5.077410779830109,-3.0,4.838283828382838,0.007397592067718506,-0.008616715669631958,-0.008616715669631958,0.0125579833984375,-4.088937283494645,1.0,4.93095886769885
Easy,1,179__M_Left_little_finger_Obl.BMP,data\SOCOFing\Altered\Altered-Easy\179__M_Left_little_finger_Obl.BMP,data\SOCOFing\Real\179__M_Left_little_finger.BMP,True,False,"sorted category file list, 8 evenly spaced indexes",Direct Altered,C6,P0 -> CLAHE -> Total Variation Restoration -> Closing,test whether morphology improves continuity after CLAHE plus TV restoration,morphology-assisted structural output,True,False,False,0.06225090002408251,0.6077860593795776,0.18451014161109924,0.18451014161109924,1.0,0.3451385498046875,306.0,202.0,22619.0,65.0,3.0,0.345638632774353,2.873690260400548,4122.0,306.0,202.0,13.470588235294118,0.08906269073486328,0.026072606444358826,0.026072606444358826,0.1085662841796875,-4.672749368082425,-4.0,3.794020578528441,0.029161512851715088,-0.018358886241912842,-0.018358886241912842,0.00543212890625,-3.6842758717469604,0.0,3.8866956178444525
Easy,2,255__M_Right_middle_finger_Obl.BMP,data\SOCOFing\Altered\Altered-Easy\255__M_Right_middle_finger_Obl.BMP,data\SOCOFing\Real\255__M_Right_middle_finger.BMP,True,False,"sorted category file list, 8 evenly spaced indexes",Direct Altered,B0,P0 only,neutral common-preprocessing control,grayscale,False,True,False,0.0001480000209994614,0.7578345537185669,0.21485373377799988,0.21485373377799988,1.0,0.42950439453125,141.0,78.0,28148.0,44.0,0.0,0.7058761119842529,1.5631661219269575,5782.0,141.0,78.0,41.00709219858156,0.0,0.0,0.0,0.0,0.0,0.0,0.0,-0.023595094680786133,-0.031064480543136597,-0.031064480543136597,0.0032501220703125,-0.047716283657434966,-1.0,4.122945857118147
Easy,2,255__M_Right_middle_finger_Obl.BMP,data\SOCOFing\Altered\Altered-Easy\255__M_Right_middle_finger_Obl.BMP,data\SOCOFing\Real\255__M_Right_middle_finger.BMP,True,False,"sorted category file list, 8 evenly spaced indexes",Direct Altered,B1,P0 -> CLAHE,main M1 enhancement baseline from Direct24,grayscale,False,True,True,0.004840700014028698,0.781429648399353,0.24591821432113647,0.24591821432113647,1.0,0.4262542724609375,164.0,91.0,27935.0,45.0,1.0,0.7182387709617615,1.6108824055843924,6049.0,164.0,91.0,36.88414634146341,0.023595094680786133,0.031064480543136597,0.031064480543136597,-0.0032501220703125,0.047716283657434966,1.0,-4.122945857118147,0.0,0.0,0.0,0.0,0.0,0.0,0.0
Easy,2,255__M_Right_middle_finger_Obl.BMP,data\SOCOFing\Altered\Altered-Easy\255__M_Right_middle_finger_Obl.BMP,data\SOCOFing\Real\255__M_Right_middle_finger.BMP,True,False,"sorted category file list, 8 evenly spaced indexes",Direct Altered,C1,P0 -> CLAHE -> Ordinary Gabor,measure exact trade-off of the Direct24 M2 coherence winner,grayscale,False,False,True,0.8732127000112087,0.7898809909820557,0.1770407259464264,0.1770407259464264,1.0,0.372283935546875,174.0,66.0,24398.0,59.0,1.0,0.5761537551879883,2.4182310025411917,5679.0,174.0,66.0,32.63793103448276,0.03204643726348877,-0.037813007831573486,-0.037813007831573486,-0.057220458984375,0.8550648806142342,1.0,-8.369161164098799,0.008451342582702637,-0.06887748837471008,-0.06887748837471008,-0.0539703369140625,0.8073485969567993,0.0,-4.246215306980652
Easy,2,255__M_Right_middle_finger_Obl.BMP,data\SOCOFing\Altered\Altered-Easy\255__M_Right_middle_finger_Obl.BMP,data\SOCOFing\Real\255__M_Right_middle_finger.BMP,True,False,"sorted category file list, 8 evenly spaced indexes",Direct Altered,C2,P0 -> CLAHE -> Coherence-Guided Directional Diffusion,test whether directional enhancement is more compatible with CLAHE than Ordinary Gabor,grayscale,False,False,True,0.28318049997324124,0.791003406047821,0.22320953011512756,0.22320953011512756,1.0,0.4201507568359375,162.0,89.0,27535.0,43.0,0.0,0.722026526927948,1.5616488106046849,6000.0,162.0,89.0,37.03703703703704,0.03316885232925415,0.008355796337127686,0.008355796337127686,-0.0093536376953125,-0.0015173113222726187,0.0,-3.970055161544522,0.009573757648468018,-0.02270868420600891,-0.02270868420600891,-0.006103515625,-0.049233594979707584,-1.0,0.15289069557362467
Easy,2,255__M_Right_middle_finger_Obl.BMP,data\SOCOFing\Altered\Altered-Easy\255__M_Right_middle_finger_Obl.BMP,data\SOCOFing\Real\255__M_Right_middle_finger.BMP,True,False,"sorted category file list, 8 evenly spaced indexes",Direct Altered,C3,P0 -> CLAHE -> Total Variation Restoration,test CLAHE followed by the best Direct24 supporting restoration candidate,grayscale,False,False,True,0.009883600054308772,0.8024064302444458,0.22378186881542206,0.22378186881542206,1.0,0.4232177734375,148.0,74.0,27736.0,44.0,1.0,0.7217335104942322,1.586385924430343,5814.0,148.0,74.0,39.28378378378378,0.044571876525878906,0.00892813503742218,0.00892813503742218,-0.00628662109375,0.023219802503385623,1.0,-1.7233084147977777,0.020976781845092773,-0.022136345505714417,-0.022136345505714417,-0.0030364990234375,-0.024496481154049343,0.0,2.399637442320369
Easy,2,255__M_Right_middle_finger_Obl.BMP,data\SOCOFing\Altered\Altered-Easy\255__M_Right_middle_finger_Obl.BMP,data\SOCOFing\Real\255__M_Right_middle_finger.BMP,True,False,"sorted category file list, 8 evenly spaced indexes",Direct Altered,C4,P0 -> Total Variation Restoration -> CLAHE,explicit order test for restoration before local contrast enhancement,grayscale,False,False,True,0.010053099947981536,0.8038166761398315,0.23599834740161896,0.23599834740161896,1.0,0.4226226806640625,147.0,66.0,27697.0,44.0,0.0,0.7083077430725098,1.5886197061053544,5754.0,147.0,66.0,39.142857142857146,0.04598212242126465,0.02114461362361908,0.02114461362361908,-0.0068817138671875,0.025453584178396937,0.0,-1.8642350557244143,0.022387027740478516,-0.009919866919517517,-0.009919866919517517,-0.003631591796875,-0.02226269947903803,-1.0,2.2587108013937325
Easy,2,255__M_Right_middle_finger_Obl.BMP,data\SOCOFing\Altered\Altered-Easy\255__M_Right_middle_finger_Obl.BMP,data\SOCOFing\Real\255__M_Right_middle_finger.BMP,True,False,"sorted category file list, 8 evenly spaced indexes",Direct Altered,C5,P0 -> CLAHE -> Coherence-Guided Directional Diffusion -> Closing,test whether morphology can repair ridge gaps after directional enhancement,morphology-assisted structural output,True,False,False,0.33509910001885146,0.791003406047821,0.22320953011512756,0.22320953011512756,1.0,0.42901611328125,139.0,127.0,28116.0,24.0,0.0,0.832515299320221,0.8536064874093043,6038.0,139.0,127.0,43.43884892086331,0.03316885232925415,0.008355796337127686,0.008355796337127686,-0.00048828125,-0.7095596345176531,0.0,2.4317567222817473,0.009573757648468018,-0.02270868420600891,-0.02270868420600891,0.0027618408203125,-0.7572759181750881,-1.0,6.554702579399894
Easy,2,255__M_Right_middle_finger_Obl.BMP,data\SOCOFing\Altered\Altered-Easy\255__M_Right_middle_finger_Obl.BMP,data\SOCOFing\Real\255__M_Right_middle_finger.BMP,True,False,"sorted category file list, 8 evenly spaced indexes",Direct Altered,C6,P0 -> CLAHE -> Total Variation Restoration -> Closing,test whether morphology improves continuity after CLAHE plus TV restoration,morphology-assisted structural output,True,False,False,0.06419299996923655,0.8024064302444458,0.22378186881542206,0.22378186881542206,1.0,0.4296112060546875,141.0,115.0,28155.0,29.0,1.0,0.7935357689857483,1.0300124311845142,5879.0,141.0,115.0,41.695035460992905,0.044571876525878906,0.00892813503742218,0.00892813503742218,0.0001068115234375,-0.5331536907424432,1.0,0.6879432624113448,0.020976781845092773,-0.022136345505714417,-0.022136345505714417,0.00335693359375,-0.5808699743998782,0.0,4.810889119529492
Easy,3,332__M_Left_thumb_finger_CR.BMP,data\SOCOFing\Altered\Altered-Easy\332__M_Left_thumb_finger_CR.BMP,data\SOCOFing\Real\332__M_Left_thumb_finger.BMP,True,False,"sorted category file list, 8 evenly spaced indexes",Direct Altered,B0,P0 only,neutral common-preprocessing control,grayscale,False,True,False,0.00012379995314404368,0.6662470698356628,0.20458516478538513,0.20458516478538513,1.0,0.3150482177734375,338.0,35.0,20647.0,148.0,11.0,0.3815082013607025,7.16811159006151,4164.0,338.0,35.0,12.319526627218934,0.0,0.0,0.0,0.0,0.0,0.0,0.0,-0.03969985246658325,-0.04315759241580963,-0.04315759241580963,-0.1065826416015625,2.6805609241668957,10.0,-4.265137909522281
Easy,3,332__M_Left_thumb_finger_CR.BMP,data\SOCOFing\Altered\Altered-Easy\332__M_Left_thumb_finger_CR.BMP,data\SOCOFing\Real\332__M_Left_thumb_finger.BMP,True,False,"sorted category file list, 8 evenly spaced indexes",Direct Altered,B1,P0 -> CLAHE,main M1 enhancement baseline from Direct24,grayscale,False,True,True,0.00487010000506416,0.7059469223022461,0.24774275720119476,0.24774275720119476,1.0,0.421630859375,313.0,53.0,27632.0,124.0,1.0,0.4149898588657379,4.487550665894615,5191.0,313.0,53.0,16.584664536741215,0.03969985246658325,0.04315759241580963,0.04315759241580963,0.1065826416015625,-2.6805609241668957,-10.0,4.265137909522281,0.0,0.0,0.0,0.0,0.0,0.0,0.0
Easy,3,332__M_Left_thumb_finger_CR.BMP,data\SOCOFing\Altered\Altered-Easy\332__M_Left_thumb_finger_CR.BMP,data\SOCOFing\Real\332__M_Left_thumb_finger.BMP,True,False,"sorted category file list, 8 evenly spaced indexes",Direct Altered,C1,P0 -> CLAHE -> Ordinary Gabor,measure exact trade-off of the Direct24 M2 coherence winner,grayscale,False,False,True,0.872417799953837,0.7162551879882812,0.17910686135292053,0.17910686135292053,1.0,0.3766937255859375,336.0,45.0,24687.0,141.0,2.0,0.3475513458251953,5.711508081176327,4946.0,336.0,45.0,14.720238095238095,0.05000811815261841,-0.0254783034324646,-0.0254783034324646,0.0616455078125,-1.4566035088851832,-9.0,2.4007114680191606,0.010308265686035156,-0.06863589584827423,-0.06863589584827423,-0.0449371337890625,1.2239574152817125,1.0,-1.8644264415031202
Easy,3,332__M_Left_thumb_finger_CR.BMP,data\SOCOFing\Altered\Altered-Easy\332__M_Left_thumb_finger_CR.BMP,data\SOCOFing\Real\332__M_Left_thumb_finger.BMP,True,False,"sorted category file list, 8 evenly spaced indexes",Direct Altered,C2,P0 -> CLAHE -> Coherence-Guided Directional Diffusion,test whether directional enhancement is more compatible with CLAHE than Ordinary Gabor,grayscale,False,False,True,0.2805208000354469,0.7159686088562012,0.23140491545200348,0.23140491545200348,1.0,0.4141082763671875,307.0,46.0,27139.0,125.0,2.0,0.4136851131916046,4.605917683039169,5120.0,307.0,46.0,16.677524429967427,0.04972153902053833,0.026819750666618347,0.026819750666618347,0.09906005859375,-2.5621939070223414,-9.0,4.357997802748493,0.010021686553955078,-0.016337841749191284,-0.016337841749191284,-0.0075225830078125,0.11836701714455433,1.0,0.09285989322621191
Easy,3,332__M_Left_thumb_finger_CR.BMP,data\SOCOFing\Altered\Altered-Easy\332__M_Left_thumb_finger_CR.BMP,data\SOCOFing\Real\332__M_Left_thumb_finger.BMP,True,False,"sorted category file list, 8 evenly spaced indexes",Direct Altered,C3,P0 -> CLAHE -> Total Variation Restoration,test CLAHE followed by the best Direct24 supporting restoration candidate,grayscale,False,False,True,0.010192799963988364,0.7374255061149597,0.22667106986045837,0.22667106986045837,1.0,0.4174346923828125,295.0,36.0,27357.0,124.0,0.0,0.4161275029182434,4.532660744964725,4965.0,295.0,36.0,16.83050847457627,0.07117843627929688,0.022085905075073242,0.022085905075073242,0.102386474609375,-2.635450845096785,-11.0,4.5109818473573355,0.03147858381271362,-0.02107168734073639,-0.02107168734073639,-0.0041961669921875,0.045110079070110665,-1.0,0.24584393783505476
Easy,3,332__M_Left_thumb_finger_CR.BMP,data\SOCOFing\Altered\Altered-Easy\332__M_Left_thumb_finger_CR.BMP,data\SOCOFing\Real\332__M_Left_thumb_finger.BMP,True,False,"sorted category file list, 8 evenly spaced indexes",Direct Altered,C4,P0 -> Total Variation Restoration -> CLAHE,explicit order test for restoration before local contrast enhancement,grayscale,False,False,True,0.010877200053073466,0.7433934211730957,0.23848797380924225,0.23848797380924225,1.0,0.4157257080078125,285.0,38.0,27245.0,120.0,1.0,0.4002569317817688,4.404477885850615,4929.0,285.0,38.0,17.294736842105262,0.07714635133743286,0.03390280902385712,0.03390280902385712,0.100677490234375,-2.7636337042108954,-10.0,4.975210214886328,0.03744649887084961,-0.009254783391952515,-0.009254783391952515,-0.0059051513671875,-0.08307278004399965,0.0,0.7100723053640472
Easy,3,332__M_Left_thumb_finger_CR.BMP,data\SOCOFing\Altered\Altered-Easy\332__M_Left_thumb_finger_CR.BMP,data\SOCOFing\Real\332__M_Left_thumb_finger.BMP,True,False,"sorted category file list, 8 evenly spaced indexes",Direct Altered,C5,P0 -> CLAHE -> Coherence-Guided Directional Diffusion -> Closing,test whether morphology can repair ridge gaps after directional enhancement,morphology-assisted structural output,True,False,False,0.33103500003926456,0.7159686088562012,0.23140491545200348,0.23140491545200348,1.0,0.421875,245.0,72.0,27648.0,84.0,1.0,0.5017361044883728,3.0381944444444446,5207.0,245.0,72.0,21.253061224489795,0.04972153902053833,0.026819750666618347,0.026819750666618347,0.1068267822265625,-4.129917145617066,-10.0,8.93353459727086,0.010021686553955078,-0.016337841749191284,-0.016337841749191284,0.000244140625,-1.44935622145017,0.0,4.668396687748579
Easy,3,332__M_Left_thumb_finger_CR.BMP,data\SOCOFing\Altered\Altered-Easy\332__M_Left_thumb_finger_CR.BMP,data\SOCOFing\Real\332__M_Left_thumb_finger.BMP,True,False,"sorted category file list, 8 evenly spaced indexes",Direct Altered,C6,P0 -> CLAHE -> Total Variation Restoration -> Closing,test whether morphology improves continuity after CLAHE plus TV restoration,morphology-assisted structural output,True,False,False,0.06239789997925982,0.7374255061149597,0.22667106986045837,0.22667106986045837,1.0,0.4234466552734375,247.0,60.0,27751.0,91.0,0.0,0.4446326196193695,3.279161111311304,5073.0,247.0,60.0,20.53846153846154,0.07117843627929688,0.022085905075073242,0.022085905075073242,0.1083984375,-3.8889504787502065,-11.0,8.218934911242606,0.03147858381271362,-0.02107168734073639,-0.02107168734073639,0.0018157958984375,-1.2083895545833108,-1.0,3.953797001720325
Easy,4,40__F_Left_index_finger_CR.BMP,data\SOCOFing\Altered\Altered-Easy\40__F_Left_index_finger_CR.BMP,data\SOCOFing\Real\40__F_Left_index_finger.BMP,True,False,"sorted category file list, 8 evenly spaced indexes",Direct Altered,B0,P0 only,neutral common-preprocessing control,grayscale,False,True,False,0.00014429999282583594,0.6760505437850952,0.20546554028987885,0.20546554028987885,1.0,0.3878631591796875,185.0,103.0,25419.0,49.0,1.0,0.30610960721969604,1.9276918840237618,4622.0,185.0,103.0,24.983783783783785,0.0,0.0,0.0,0.0,0.0,0.0,0.0,-0.045108795166015625,-0.022032618522644043,-0.022032618522644043,0.0032806396484375,-0.29417766049298133,1.0,0.664196154917807
Easy,4,40__F_Left_index_finger_CR.BMP,data\SOCOFing\Altered\Altered-Easy\40__F_Left_index_finger_CR.BMP,data\SOCOFing\Real\40__F_Left_index_finger.BMP,True,False,"sorted category file list, 8 evenly spaced indexes",Direct Altered,B1,P0 -> CLAHE,main M1 enhancement baseline from Direct24,grayscale,False,True,True,0.005080700037069619,0.7211593389511108,0.2274981588125229,0.2274981588125229,1.0,0.38458251953125,194.0,89.0,25204.0,56.0,0.0,0.3747817873954773,2.221869544516743,4718.0,194.0,89.0,24.31958762886598,0.045108795166015625,0.022032618522644043,0.022032618522644043,-0.0032806396484375,0.29417766049298133,-1.0,-0.664196154917807,0.0,0.0,0.0,0.0,0.0,0.0,0.0
Easy,4,40__F_Left_index_finger_CR.BMP,data\SOCOFing\Altered\Altered-Easy\40__F_Left_index_finger_CR.BMP,data\SOCOFing\Real\40__F_Left_index_finger.BMP,True,False,"sorted category file list, 8 evenly spaced indexes",Direct Altered,C1,P0 -> CLAHE -> Ordinary Gabor,measure exact trade-off of the Direct24 M2 coherence winner,grayscale,False,False,True,0.8723104998935014,0.7437410354614258,0.16675201058387756,0.16675201058387756,1.0,0.3421630859375,204.0,71.0,22424.0,70.0,0.0,0.3411969244480133,3.121655369247235,4425.0,204.0,71.0,21.691176470588236,0.06769049167633057,-0.03871352970600128,-0.03871352970600128,-0.0457000732421875,1.1939634852234733,-1.0,-3.29260731319555,0.02258169651031494,-0.060746148228645325,-0.060746148228645325,-0.04241943359375,0.899785824730492,0.0,-2.6284111582777427
Easy,4,40__F_Left_index_finger_CR.BMP,data\SOCOFing\Altered\Altered-Easy\40__F_Left_index_finger_CR.BMP,data\SOCOFing\Real\40__F_Left_index_finger.BMP,True,False,"sorted category file list, 8 evenly spaced indexes",Direct Altered,C2,P0 -> CLAHE -> Coherence-Guided Directional Diffusion,test whether directional enhancement is more compatible with CLAHE than Ordinary Gabor,grayscale,False,False,True,0.2864448999171145,0.7295545339584351,0.21189559996128082,0.21189559996128082,1.0,0.3790435791015625,192.0,77.0,24841.0,59.0,0.0,0.37784308195114136,2.375105672074393,4597.0,192.0,77.0,23.942708333333332,0.053503990173339844,0.0064300596714019775,0.0064300596714019775,-0.008819580078125,0.44741378805063126,-1.0,-1.0410754504504531,0.008395195007324219,-0.015602558851242065,-0.015602558851242065,-0.0055389404296875,0.15323612755764993,0.0,-0.3768792955326461
Easy,4,40__F_Left_index_finger_CR.BMP,data\SOCOFing\Altered\Altered-Easy\40__F_Left_index_finger_CR.BMP,data\SOCOFing\Real\40__F_Left_index_finger.BMP,True,False,"sorted category file list, 8 evenly spaced indexes",Direct Altered,C3,P0 -> CLAHE -> Total Variation Restoration,test CLAHE followed by the best Direct24 supporting restoration candidate,grayscale,False,False,True,0.009525500005111098,0.751569390296936,0.20893973112106323,0.20893973112106323,1.0,0.38092041015625,183.0,74.0,24964.0,58.0,0.0,0.3688912093639374,2.323345617689473,4501.0,183.0,74.0,24.595628415300546,0.07551884651184082,0.003474190831184387,0.003474190831184387,-0.0069427490234375,0.3956537336657113,-1.0,-0.3881553684832397,0.030410051345825195,-0.018558427691459656,-0.018558427691459656,-0.003662109375,0.10147607317273,0.0,0.2760407864345673
Easy,4,40__F_Left_index_finger_CR.BMP,data\SOCOFing\Altered\Altered-Easy\40__F_Left_index_finger_CR.BMP,data\SOCOFing\Real\40__F_Left_index_finger.BMP,True,False,"sorted category file list, 8 evenly spaced indexes",Direct Altered,C4,P0 -> Total Variation Restoration -> CLAHE,explicit order test for restoration before local contrast enhancement,grayscale,False,False,True,0.00940690003335476,0.7694718837738037,0.21755695343017578,0.21755695343017578,1.0,0.3827056884765625,177.0,70.0,25081.0,57.0,0.0,0.3663729429244995,2.272636657230573,4504.0,177.0,70.0,25.44632768361582,0.0934213399887085,0.012091413140296936,0.012091413140296936,-0.005157470703125,0.34494477320681116,-1.0,0.4625438998320348,0.04831254482269287,-0.009941205382347107,-0.009941205382347107,-0.0018768310546875,0.05076711271382983,0.0,1.1267400547498418
Easy,4,40__F_Left_index_finger_CR.BMP,data\SOCOFing\Altered\Altered-Easy\40__F_Left_index_finger_CR.BMP,data\SOCOFing\Real\40__F_Left_index_finger.BMP,True,False,"sorted category file list, 8 evenly spaced indexes",Direct Altered,C5,P0 -> CLAHE -> Coherence-Guided Directional Diffusion -> Closing,test whether morphology can repair ridge gaps after directional enhancement,morphology-assisted structural output,True,False,False,0.34185729996534064,0.7295545339584351,0.21189559996128082,0.21189559996128082,1.0,0.385406494140625,165.0,88.0,25258.0,47.0,0.0,0.3965476155281067,1.8607965793016075,4593.0,165.0,88.0,27.836363636363636,0.053503990173339844,0.0064300596714019775,0.0064300596714019775,-0.0024566650390625,-0.06689530472215433,-1.0,2.8525798525798507,0.008395195007324219,-0.015602558851242065,-0.015602558851242065,0.000823974609375,-0.36107296521513566,0.0,3.5167760074976577
Easy,4,40__F_Left_index_finger_CR.BMP,data\SOCOFing\Altered\Altered-Easy\40__F_Left_index_finger_CR.BMP,data\SOCOFing\Real\40__F_Left_index_finger.BMP,True,False,"sorted category file list, 8 evenly spaced indexes",Direct Altered,C6,P0 -> CLAHE -> Total Variation Restoration -> Closing,test whether morphology improves continuity after CLAHE plus TV restoration,morphology-assisted structural output,True,False,False,0.06393489992478862,0.751569390296936,0.20893973112106323,0.20893973112106323,1.0,0.385955810546875,164.0,87.0,25294.0,47.0,0.0,0.3885901868343353,1.8581481774333835,4523.0,164.0,87.0,27.579268292682926,0.07551884651184082,0.003474190831184387,0.003474190831184387,-0.0019073486328125,-0.06954370659037834,-1.0,2.5954845088991405,0.030410051345825195,-0.018558427691459656,-0.018558427691459656,0.001373291015625,-0.36372136708335967,0.0,3.2596806638169475
Easy,5,487__M_Right_index_finger_Zcut.BMP,data\SOCOFing\Altered\Altered-Easy\487__M_Right_index_finger_Zcut.BMP,data\SOCOFing\Real\487__M_Right_index_finger.BMP,True,False,"sorted category file list, 8 evenly spaced indexes",Direct Altered,B0,P0 only,neutral common-preprocessing control,grayscale,False,True,False,0.00013050000416114926,0.6666898131370544,0.18614163994789124,0.18614163994789124,1.0,0.44537353515625,143.0,191.0,29188.0,27.0,1.0,0.7895367741584778,0.9250376867205702,6179.0,143.0,191.0,43.20979020979021,0.0,0.0,0.0,0.0,0.0,0.0,0.0,-0.06724482774734497,-0.04385419189929962,-0.04385419189929962,0.040435791015625,-0.16773494120919097,1.0,4.650041782117249
Easy,5,487__M_Right_index_finger_Zcut.BMP,data\SOCOFing\Altered\Altered-Easy\487__M_Right_index_finger_Zcut.BMP,data\SOCOFing\Real\487__M_Right_index_finger.BMP,True,False,"sorted category file list, 8 evenly spaced indexes",Direct Altered,B1,P0 -> CLAHE,main M1 enhancement baseline from Direct24,grayscale,False,True,True,0.005179799976758659,0.7339346408843994,0.22999583184719086,0.22999583184719086,1.0,0.404937744140625,159.0,155.0,26538.0,29.0,0.0,0.7803903818130493,1.0927726279297612,6131.0,159.0,155.0,38.55974842767296,0.06724482774734497,0.04385419189929962,0.04385419189929962,-0.040435791015625,0.16773494120919097,-1.0,-4.650041782117249,0.0,0.0,0.0,0.0,0.0,0.0,0.0
Easy,5,487__M_Right_index_finger_Zcut.BMP,data\SOCOFing\Altered\Altered-Easy\487__M_Right_index_finger_Zcut.BMP,data\SOCOFing\Real\487__M_Right_index_finger.BMP,True,False,"sorted category file list, 8 evenly spaced indexes",Direct Altered,C1,P0 -> CLAHE -> Ordinary Gabor,measure exact trade-off of the Direct24 M2 coherence winner,grayscale,False,False,True,0.8711768999928609,0.7640490531921387,0.16622424125671387,0.16622424125671387,1.0,0.3472900390625,209.0,134.0,22760.0,46.0,1.0,0.6958699226379395,2.0210896309314585,5721.0,209.0,134.0,27.373205741626794,0.09735924005508423,-0.019917398691177368,-0.019917398691177368,-0.09808349609375,1.0960519442108883,0.0,-15.836584468163412,0.030114412307739258,-0.06377159059047699,-0.06377159059047699,-0.057647705078125,0.9283170030016974,1.0,-11.186542686046163
Easy,5,487__M_Right_index_finger_Zcut.BMP,data\SOCOFing\Altered\Altered-Easy\487__M_Right_index_finger_Zcut.BMP,data\SOCOFing\Real\487__M_Right_index_finger.BMP,True,False,"sorted category file list, 8 evenly spaced indexes",Direct Altered,C2,P0 -> CLAHE -> Coherence-Guided Directional Diffusion,test whether directional enhancement is more compatible with CLAHE than Ordinary Gabor,grayscale,False,False,True,0.2757440999848768,0.7428710460662842,0.20897164940834045,0.20897164940834045,1.0,0.39874267578125,166.0,143.0,26132.0,33.0,0.0,0.7429588437080383,1.2628195316087554,6017.0,166.0,143.0,36.24698795180723,0.07618123292922974,0.02283000946044922,0.02283000946044922,-0.046630859375,0.3377818448881852,-1.0,-6.962802257982979,0.008936405181884766,-0.021024182438850403,-0.021024182438850403,-0.006195068359375,0.17004690367899422,0.0,-2.31276047586573
Easy,5,487__M_Right_index_finger_Zcut.BMP,data\SOCOFing\Altered\Altered-Easy\487__M_Right_index_finger_Zcut.BMP,data\SOCOFing\Real\487__M_Right_index_finger.BMP,True,False,"sorted category file list, 8 evenly spaced indexes",Direct Altered,C3,P0 -> CLAHE -> Total Variation Restoration,test CLAHE followed by the best Direct24 supporting restoration candidate,grayscale,False,False,True,0.009188099997118115,0.761284351348877,0.20789802074432373,0.20789802074432373,1.0,0.4022674560546875,166.0,136.0,26363.0,34.0,0.0,0.6868337988853455,1.2896863027728256,5908.0,166.0,136.0,35.59036144578313,0.09459453821182251,0.021756380796432495,0.021756380796432495,-0.0431060791015625,0.3646486160522554,-1.0,-7.6194287640070755,0.02734971046447754,-0.022097811102867126,-0.022097811102867126,-0.0026702880859375,0.19691367484306443,0.0,-2.9693869818898264
Easy,5,487__M_Right_index_finger_Zcut.BMP,data\SOCOFing\Altered\Altered-Easy\487__M_Right_index_finger_Zcut.BMP,data\SOCOFing\Real\487__M_Right_index_finger.BMP,True,False,"sorted category file list, 8 evenly spaced indexes",Direct Altered,C4,P0 -> Total Variation Restoration -> CLAHE,explicit order test for restoration before local contrast enhancement,grayscale,False,False,True,0.010256399982608855,0.7744231224060059,0.21887937188148499,0.21887937188148499,1.0,0.3998565673828125,177.0,127.0,26205.0,38.0,1.0,0.692119836807251,1.4501049418049992,5663.0,177.0,127.0,31.994350282485875,0.10773330926895142,0.03273773193359375,0.03273773193359375,-0.0455169677734375,0.525067255084429,0.0,-11.215439927304331,0.040488481521606445,-0.011116459965705872,-0.011116459965705872,-0.0050811767578125,0.357332313875238,1.0,-6.565398145187082
Easy,5,487__M_Right_index_finger_Zcut.BMP,data\SOCOFing\Altered\Altered-Easy\487__M_Right_index_finger_Zcut.BMP,data\SOCOFing\Real\487__M_Right_index_finger.BMP,True,False,"sorted category file list, 8 evenly spaced indexes",Direct Altered,C5,P0 -> CLAHE -> Coherence-Guided Directional Diffusion -> Closing,test whether morphology can repair ridge gaps after directional enhancement,morphology-assisted structural output,True,False,False,0.3361321000265889,0.7428710460662842,0.20897164940834045,0.20897164940834045,1.0,0.4096221923828125,130.0,173.0,26845.0,23.0,0.0,0.8233935832977295,0.856770348295772,6015.0,130.0,173.0,46.26923076923077,0.07618123292922974,0.02283000946044922,0.02283000946044922,-0.0357513427734375,-0.06826733842479815,-1.0,3.05944055944056,0.008936405181884766,-0.021024182438850403,-0.021024182438850403,0.0046844482421875,-0.23600227963398912,0.0,7.709482341557809
Easy,5,487__M_Right_index_finger_Zcut.BMP,data\SOCOFing\Altered\Altered-Easy\487__M_Right_index_finger_Zcut.BMP,data\SOCOFing\Real\487__M_Right_index_finger.BMP,True,False,"sorted category file list, 8 evenly spaced indexes",Direct Altered,C6,P0 -> CLAHE -> Total Variation Restoration -> Closing,test whether morphology improves continuity after CLAHE plus TV restoration,morphology-assisted structural output,True,False,False,0.06317720003426075,0.761284351348877,0.20789802074432373,0.20789802074432373,1.0,0.4119415283203125,139.0,171.0,26997.0,25.0,0.0,0.7428233027458191,0.9260288180168167,5943.0,139.0,171.0,42.75539568345324,0.09459453821182251,0.021756380796432495,0.021756380796432495,-0.0334320068359375,0.0009911312962465058,-1.0,-0.4543945263369693,0.02734971046447754,-0.022097811102867126,-0.022097811102867126,0.0070037841796875,-0.16674380991294446,0.0,4.19564725578028
Easy,6,564__M_Left_ring_finger_Obl.BMP,data\SOCOFing\Altered\Altered-Easy\564__M_Left_ring_finger_Obl.BMP,data\SOCOFing\Real\564__M_Left_ring_finger.BMP,True,False,"sorted category file list, 8 evenly spaced indexes",Direct Altered,B0,P0 only,neutral common-preprocessing control,grayscale,False,True,False,0.00013110000872984529,0.5120904445648193,0.16978710889816284,0.16978710889816284,1.0,0.305572509765625,363.0,176.0,20026.0,90.0,5.0,0.2918206453323364,4.494157595126336,4260.0,363.0,176.0,11.735537190082646,0.0,0.0,0.0,0.0,0.0,0.0,0.0,-0.04987680912017822,-0.017201244831085205,-0.017201244831085205,-0.007568359375,0.49844567621005087,2.0,-0.4178874674516013
Easy,6,564__M_Left_ring_finger_Obl.BMP,data\SOCOFing\Altered\Altered-Easy\564__M_Left_ring_finger_Obl.BMP,data\SOCOFing\Real\564__M_Left_ring_finger.BMP,True,False,"sorted category file list, 8 evenly spaced indexes",Direct Altered,B1,P0 -> CLAHE,main M1 enhancement baseline from Direct24,grayscale,False,True,True,0.005050100036896765,0.5619672536849976,0.18698835372924805,0.18698835372924805,1.0,0.313140869140625,365.0,194.0,20522.0,82.0,3.0,0.3981093466281891,3.9957119189162853,4436.0,365.0,194.0,12.153424657534247,0.04987680912017822,0.017201244831085205,0.017201244831085205,0.007568359375,-0.49844567621005087,-2.0,0.4178874674516013,0.0,0.0,0.0,0.0,0.0,0.0,0.0
Easy,6,564__M_Left_ring_finger_Obl.BMP,data\SOCOFing\Altered\Altered-Easy\564__M_Left_ring_finger_Obl.BMP,data\SOCOFing\Real\564__M_Left_ring_finger.BMP,True,False,"sorted category file list, 8 evenly spaced indexes",Direct Altered,C1,P0 -> CLAHE -> Ordinary Gabor,measure exact trade-off of the Direct24 M2 coherence winner,grayscale,False,False,True,0.8730272998800501,0.6327923536300659,0.1421661078929901,0.1421661078929901,1.0,0.2614593505859375,352.0,161.0,17135.0,91.0,1.0,0.3674350678920746,5.310767435074409,4163.0,352.0,161.0,11.826704545454545,0.12070190906524658,-0.02762100100517273,-0.02762100100517273,-0.0441131591796875,0.8166098399480726,-4.0,0.09116735537189946,0.07082509994506836,-0.044822245836257935,-0.044822245836257935,-0.0516815185546875,1.3150555161581234,-2.0,-0.32672011207970186
Easy,6,564__M_Left_ring_finger_Obl.BMP,data\SOCOFing\Altered\Altered-Easy\564__M_Left_ring_finger_Obl.BMP,data\SOCOFing\Real\564__M_Left_ring_finger.BMP,True,False,"sorted category file list, 8 evenly spaced indexes",Direct Altered,C2,P0 -> CLAHE -> Coherence-Guided Directional Diffusion,test whether directional enhancement is more compatible with CLAHE than Ordinary Gabor,grayscale,False,False,True,0.28206699999282137,0.5733588933944702,0.17895916104316711,0.17895916104316711,1.0,0.3107147216796875,354.0,187.0,20363.0,83.0,3.0,0.40023571252822876,4.076020232775131,4353.0,354.0,187.0,12.296610169491526,0.06126844882965088,0.009172052145004272,0.009172052145004272,0.0051422119140625,-0.4181373623512048,-2.0,0.5610729794088805,0.011391639709472656,-0.008029192686080933,-0.008029192686080933,-0.0024261474609375,0.08030831385884607,0.0,0.14318551195727913
Easy,6,564__M_Left_ring_finger_Obl.BMP,data\SOCOFing\Altered\Altered-Easy\564__M_Left_ring_finger_Obl.BMP,data\SOCOFing\Real\564__M_Left_ring_finger.BMP,True,False,"sorted category file list, 8 evenly spaced indexes",Direct Altered,C3,P0 -> CLAHE -> Total Variation Restoration,test CLAHE followed by the best Direct24 supporting restoration candidate,grayscale,False,False,True,0.009243899956345558,0.5910478234291077,0.17064973711967468,0.17064973711967468,1.0,0.30908203125,349.0,181.0,20256.0,82.0,5.0,0.37978869676589966,4.048183254344392,4182.0,349.0,181.0,11.982808022922637,0.07895737886428833,0.0008626282215118408,0.0008626282215118408,0.003509521484375,-0.44597434078194453,0.0,0.24727083283999107,0.029080569744110107,-0.016338616609573364,-0.016338616609573364,-0.004058837890625,0.052471335428106336,2.0,-0.17061663461161025
Easy,6,564__M_Left_ring_finger_Obl.BMP,data\SOCOFing\Altered\Altered-Easy\564__M_Left_ring_finger_Obl.BMP,data\SOCOFing\Real\564__M_Left_ring_finger.BMP,True,False,"sorted category file list, 8 evenly spaced indexes",Direct Altered,C4,P0 -> Total Variation Restoration -> CLAHE,explicit order test for restoration before local contrast enhancement,grayscale,False,False,True,0.00985699996817857,0.688572347164154,0.18012814223766327,0.18012814223766327,1.0,0.312713623046875,340.0,178.0,20494.0,84.0,3.0,0.2550990581512451,4.098760612862301,4094.0,340.0,178.0,12.041176470588235,0.17648190259933472,0.010341033339500427,0.010341033339500427,0.00714111328125,-0.3953969822640353,-2.0,0.30563928050558964,0.1266050934791565,-0.006860211491584778,-0.006860211491584778,-0.00042724609375,0.10304869394601557,0.0,-0.11224818694601169
Easy,6,564__M_Left_ring_finger_Obl.BMP,data\SOCOFing\Altered\Altered-Easy\564__M_Left_ring_finger_Obl.BMP,data\SOCOFing\Real\564__M_Left_ring_finger.BMP,True,False,"sorted category file list, 8 evenly spaced indexes",Direct Altered,C5,P0 -> CLAHE -> Coherence-Guided Directional Diffusion -> Closing,test whether morphology can repair ridge gaps after directional enhancement,morphology-assisted structural output,True,False,False,0.3322803999762982,0.5733588933944702,0.17895916104316711,0.17895916104316711,1.0,0.322662353515625,272.0,235.0,21146.0,46.0,1.0,0.38740187883377075,2.1753523124940886,4405.0,272.0,235.0,16.19485294117647,0.06126844882965088,0.009172052145004272,0.009172052145004272,0.01708984375,-2.3188052826322476,-4.0,4.4593157510938255,0.011391639709472656,-0.008029192686080933,-0.008029192686080933,0.009521484375,-1.8203596064221967,-2.0,4.041428283642224
Easy,6,564__M_Left_ring_finger_Obl.BMP,data\SOCOFing\Altered\Altered-Easy\564__M_Left_ring_finger_Obl.BMP,data\SOCOFing\Real\564__M_Left_ring_finger.BMP,True,False,"sorted category file list, 8 evenly spaced indexes",Direct Altered,C6,P0 -> CLAHE -> Total Variation Restoration -> Closing,test whether morphology improves continuity after CLAHE plus TV restoration,morphology-assisted structural output,True,False,False,0.06241540005430579,0.5910478234291077,0.17064973711967468,0.17064973711967468,1.0,0.3192291259765625,279.0,214.0,20921.0,53.0,2.0,0.3680512309074402,2.533339706514985,4167.0,279.0,214.0,14.935483870967742,0.07895737886428833,0.0008626282215118408,0.0008626282215118408,0.0136566162109375,-1.9608178886113512,-3.0,3.1999466808850965,0.029080569744110107,-0.016338616609573364,-0.016338616609573364,0.0060882568359375,-1.4623722124013003,-1.0,2.782059213433495
Easy,7,9__M_Right_thumb_finger_Zcut.BMP,data\SOCOFing\Altered\Altered-Easy\9__M_Right_thumb_finger_Zcut.BMP,data\SOCOFing\Real\9__M_Right_thumb_finger.BMP,True,False,"sorted category file list, 8 evenly spaced indexes",Direct Altered,B0,P0 only,neutral common-preprocessing control,grayscale,False,True,False,0.00017600000137463212,0.6948041915893555,0.2514876127243042,0.2514876127243042,1.0,0.3835601806640625,251.0,25.0,25137.0,107.0,0.0,0.28042328357696533,4.25667342960576,4322.0,251.0,25.0,17.219123505976096,0.0,0.0,0.0,0.0,0.0,0.0,0.0,-0.04143881797790527,0.001968592405319214,0.001968592405319214,-0.0176849365234375,0.45381367907335957,0.0,-0.7606335790441463
Easy,7,9__M_Right_thumb_finger_Zcut.BMP,data\SOCOFing\Altered\Altered-Easy\9__M_Right_thumb_finger_Zcut.BMP,data\SOCOFing\Real\9__M_Right_thumb_finger.BMP,True,False,"sorted category file list, 8 evenly spaced indexes",Direct Altered,B1,P0 -> CLAHE,main M1 enhancement baseline from Direct24,grayscale,False,True,True,0.00473059993237257,0.7362430095672607,0.24951902031898499,0.24951902031898499,1.0,0.4012451171875,247.0,32.0,26296.0,100.0,0.0,0.35693642497062683,3.8028597505324004,4441.0,247.0,32.0,17.979757085020243,0.04143881797790527,-0.001968592405319214,-0.001968592405319214,0.0176849365234375,-0.45381367907335957,0.0,0.7606335790441463,0.0,0.0,0.0,0.0,0.0,0.0,0.0
Easy,7,9__M_Right_thumb_finger_Zcut.BMP,data\SOCOFing\Altered\Altered-Easy\9__M_Right_thumb_finger_Zcut.BMP,data\SOCOFing\Real\9__M_Right_thumb_finger.BMP,True,False,"sorted category file list, 8 evenly spaced indexes",Direct Altered,C1,P0 -> CLAHE -> Ordinary Gabor,measure exact trade-off of the Direct24 M2 coherence winner,grayscale,False,False,True,0.8765704000252299,0.7474144697189331,0.18509314954280853,0.18509314954280853,1.0,0.3648529052734375,252.0,28.0,23911.0,106.0,1.0,0.3078499436378479,4.433106101794153,4346.0,252.0,28.0,17.246031746031747,0.05261027812957764,-0.06639446318149567,-0.06639446318149567,-0.018707275390625,0.1764326721883931,1.0,0.026908240055650623,0.011171460151672363,-0.06442587077617645,-0.06442587077617645,-0.0363922119140625,0.6302463512617527,1.0,-0.7337253389884957
Easy,7,9__M_Right_thumb_finger_Zcut.BMP,data\SOCOFing\Altered\Altered-Easy\9__M_Right_thumb_finger_Zcut.BMP,data\SOCOFing\Real\9__M_Right_thumb_finger.BMP,True,False,"sorted category file list, 8 evenly spaced indexes",Direct Altered,C2,P0 -> CLAHE -> Coherence-Guided Directional Diffusion,test whether directional enhancement is more compatible with CLAHE than Ordinary Gabor,grayscale,False,False,True,0.29418049997184426,0.749893844127655,0.23733094334602356,0.23733094334602356,1.0,0.39849853515625,243.0,34.0,26116.0,98.0,1.0,0.3569459319114685,3.752488895696125,4432.0,243.0,34.0,18.238683127572017,0.05508965253829956,-0.01415666937828064,-0.01415666937828064,0.0149383544921875,-0.5041845339096351,1.0,1.0195596215959206,0.013650834560394287,-0.012188076972961426,-0.012188076972961426,-0.00274658203125,-0.05037085483627557,1.0,0.2589260425517743
Easy,7,9__M_Right_thumb_finger_Zcut.BMP,data\SOCOFing\Altered\Altered-Easy\9__M_Right_thumb_finger_Zcut.BMP,data\SOCOFing\Real\9__M_Right_thumb_finger.BMP,True,False,"sorted category file list, 8 evenly spaced indexes",Direct Altered,C3,P0 -> CLAHE -> Total Variation Restoration,test CLAHE followed by the best Direct24 supporting restoration candidate,grayscale,False,False,True,0.009882599988486618,0.7575976848602295,0.2313978523015976,0.2313978523015976,1.0,0.3978729248046875,244.0,33.0,26075.0,100.0,2.0,0.267344206571579,3.8350910834132312,4345.0,244.0,33.0,17.807377049180328,0.06279349327087402,-0.020089760422706604,-0.020089760422706604,0.014312744140625,-0.42158234619252877,2.0,0.5882535432042317,0.02135467529296875,-0.01812116801738739,-0.01812116801738739,-0.0033721923828125,0.0322313328808308,2.0,-0.17238003583991457
Easy,7,9__M_Right_thumb_finger_Zcut.BMP,data\SOCOFing\Altered\Altered-Easy\9__M_Right_thumb_finger_Zcut.BMP,data\SOCOFing\Real\9__M_Right_thumb_finger.BMP,True,False,"sorted category file list, 8 evenly spaced indexes",Direct Altered,C4,P0 -> Total Variation Restoration -> CLAHE,explicit order test for restoration before local contrast enhancement,grayscale,False,False,True,0.008472500019706786,0.7616034150123596,0.2406175136566162,0.2406175136566162,1.0,0.4063720703125,235.0,32.0,26632.0,97.0,0.0,0.24943676590919495,3.64223490537699,4383.0,235.0,32.0,18.651063829787233,0.06679922342300415,-0.010870099067687988,-0.010870099067687988,0.0228118896484375,-0.61443852422877,0.0,1.431940323811137,0.025360405445098877,-0.008901506662368774,-0.008901506662368774,0.005126953125,-0.16062484515541042,0.0,0.6713067447669907
Easy,7,9__M_Right_thumb_finger_Zcut.BMP,data\SOCOFing\Altered\Altered-Easy\9__M_Right_thumb_finger_Zcut.BMP,data\SOCOFing\Real\9__M_Right_thumb_finger.BMP,True,False,"sorted category file list, 8 evenly spaced indexes",Direct Altered,C5,P0 -> CLAHE -> Coherence-Guided Directional Diffusion -> Closing,test whether morphology can repair ridge gaps after directional enhancement,morphology-assisted structural output,True,False,False,0.33872699993662536,0.749893844127655,0.23733094334602356,0.23733094334602356,1.0,0.4038848876953125,204.0,55.0,26469.0,72.0,1.0,0.3766670525074005,2.7201632097925876,4490.0,204.0,55.0,22.00980392156863,0.05508965253829956,-0.01415666937828064,-0.01415666937828064,0.02032470703125,-1.5365102198131724,1.0,4.790680415592533,0.013650834560394287,-0.012188076972961426,-0.012188076972961426,0.0026397705078125,-1.0826965407398128,1.0,4.030046836548387
Easy,7,9__M_Right_thumb_finger_Zcut.BMP,data\SOCOFing\Altered\Altered-Easy\9__M_Right_thumb_finger_Zcut.BMP,data\SOCOFing\Real\9__M_Right_thumb_finger.BMP,True,False,"sorted category file list, 8 evenly spaced indexes",Direct Altered,C6,P0 -> CLAHE -> Total Variation Restoration -> Closing,test whether morphology improves continuity after CLAHE plus TV restoration,morphology-assisted structural output,True,False,False,0.062034800008405,0.7575976848602295,0.2313978523015976,0.2313978523015976,1.0,0.40216064453125,209.0,58.0,26356.0,74.0,1.0,0.26669448614120483,2.8077098193959626,4435.0,209.0,58.0,21.220095693779903,0.06279349327087402,-0.020089760422706604,-0.020089760422706604,0.0186004638671875,-1.4489636102097974,1.0,4.000972187803807,0.02135467529296875,-0.01812116801738739,-0.01812116801738739,0.00091552734375,-0.9951499311364378,1.0,3.240338608759661
Medium,0,100__M_Left_index_finger_CR.BMP,data\SOCOFing\Altered\Altered-Medium\100__M_Left_index_finger_CR.BMP,data\SOCOFing\Real\100__M_Left_index_finger.BMP,True,False,"sorted category file list, 8 evenly spaced indexes",Direct Altered,B0,P0 only,neutral common-preprocessing control,grayscale,False,True,False,0.000132500019390136,0.7484726905822754,0.21836848556995392,0.21836848556995392,1.0,0.40997314453125,220.0,93.0,26868.0,77.0,1.0,0.4113815724849701,2.8658627363406284,5658.0,220.0,93.0,25.71818181818182,0.0,0.0,0.0,0.0,0.0,0.0,0.0,-0.009195089340209961,-0.03492449223995209,-0.03492449223995209,-0.0158538818359375,0.46503140370007223,1.0,-2.126157804459691
Medium,0,100__M_Left_index_finger_CR.BMP,data\SOCOFing\Altered\Altered-Medium\100__M_Left_index_finger_CR.BMP,data\SOCOFing\Real\100__M_Left_index_finger.BMP,True,False,"sorted category file list, 8 evenly spaced indexes",Direct Altered,B1,P0 -> CLAHE,main M1 enhancement baseline from Direct24,grayscale,False,True,True,0.004751099913846701,0.7576677799224854,0.253292977809906,0.253292977809906,1.0,0.4258270263671875,212.0,90.0,27907.0,67.0,0.0,0.44995880126953125,2.400831332640556,5903.0,212.0,90.0,27.84433962264151,0.009195089340209961,0.03492449223995209,0.03492449223995209,0.0158538818359375,-0.46503140370007223,-1.0,2.126157804459691,0.0,0.0,0.0,0.0,0.0,0.0,0.0
Medium,0,100__M_Left_index_finger_CR.BMP,data\SOCOFing\Altered\Altered-Medium\100__M_Left_index_finger_CR.BMP,data\SOCOFing\Real\100__M_Left_index_finger.BMP,True,False,"sorted category file list, 8 evenly spaced indexes",Direct Altered,C1,P0 -> CLAHE -> Ordinary Gabor,measure exact trade-off of the Direct24 M2 coherence winner,grayscale,False,False,True,0.8732675000210293,0.76463782787323,0.18601706624031067,0.18601706624031067,1.0,0.379669189453125,223.0,55.0,24882.0,88.0,3.0,0.42187124490737915,3.5366931918656053,5460.0,223.0,55.0,24.484304932735427,0.01616513729095459,-0.03235141932964325,-0.03235141932964325,-0.030303955078125,0.6708304555249769,2.0,-1.2338768854463922,0.006970047950744629,-0.06727591156959534,-0.06727591156959534,-0.0461578369140625,1.1358618592250491,3.0,-3.360034689906083
Medium,0,100__M_Left_index_finger_CR.BMP,data\SOCOFing\Altered\Altered-Medium\100__M_Left_index_finger_CR.BMP,data\SOCOFing\Real\100__M_Left_index_finger.BMP,True,False,"sorted category file list, 8 evenly spaced indexes",Direct Altered,C2,P0 -> CLAHE -> Coherence-Guided Directional Diffusion,test whether directional enhancement is more compatible with CLAHE than Ordinary Gabor,grayscale,False,False,True,0.2795058999909088,0.761729896068573,0.23031428456306458,0.23031428456306458,1.0,0.4177398681640625,225.0,85.0,27377.0,73.0,1.0,0.45267924666404724,2.666471855937466,5795.0,225.0,85.0,25.755555555555556,0.013257205486297607,0.011945798993110657,0.011945798993110657,0.0077667236328125,-0.19939088040316255,0.0,0.037373737373737725,0.0040621161460876465,-0.02297869324684143,-0.02297869324684143,-0.008087158203125,0.2656405232969097,1.0,-2.088784067085953
Medium,0,100__M_Left_index_finger_CR.BMP,data\SOCOFing\Altered\Altered-Medium\100__M_Left_index_finger_CR.BMP,data\SOCOFing\Real\100__M_Left_index_finger.BMP,True,False,"sorted category file list, 8 evenly spaced indexes",Direct Altered,C3,P0 -> CLAHE -> Total Variation Restoration,test CLAHE followed by the best Direct24 supporting restoration candidate,grayscale,False,False,True,0.009353200031910092,0.7791279554367065,0.2301790863275528,0.2301790863275528,1.0,0.4203948974609375,226.0,82.0,27551.0,77.0,1.0,0.45301440358161926,2.7948168850495447,5669.0,226.0,82.0,25.08407079646018,0.030655264854431152,0.011810600757598877,0.011810600757598877,0.0104217529296875,-0.07104585129108365,0.0,-0.6341110217216404,0.02146017551422119,-0.02311389148235321,-0.02311389148235321,-0.00543212890625,0.3939855524089886,1.0,-2.7602688261813313
Medium,0,100__M_Left_index_finger_CR.BMP,data\SOCOFing\Altered\Altered-Medium\100__M_Left_index_finger_CR.BMP,data\SOCOFing\Real\100__M_Left_index_finger.BMP,True,False,"sorted category file list, 8 evenly spaced indexes",Direct Altered,C4,P0 -> Total Variation Restoration -> CLAHE,explicit order test for restoration before local contrast enhancement,grayscale,False,False,True,0.009961100062355399,0.7843649983406067,0.24369004368782043,0.24369004368782043,1.0,0.4222259521484375,225.0,81.0,27671.0,76.0,1.0,0.4520617127418518,2.7465577680604243,5623.0,225.0,81.0,24.99111111111111,0.0358923077583313,0.025321558117866516,0.025321558117866516,0.0122528076171875,-0.1193049682802041,0.0,-0.727070707070709,0.026697218418121338,-0.009602934122085571,-0.009602934122085571,-0.00360107421875,0.34572643541986814,1.0,-2.8532285115304
Medium,0,100__M_Left_index_finger_CR.BMP,data\SOCOFing\Altered\Altered-Medium\100__M_Left_index_finger_CR.BMP,data\SOCOFing\Real\100__M_Left_index_finger.BMP,True,False,"sorted category file list, 8 evenly spaced indexes",Direct Altered,C5,P0 -> CLAHE -> Coherence-Guided Directional Diffusion -> Closing,test whether morphology can repair ridge gaps after directional enhancement,morphology-assisted structural output,True,False,False,0.34321750001981854,0.761729896068573,0.23031428456306458,0.23031428456306458,1.0,0.424346923828125,191.0,108.0,27810.0,52.0,0.0,0.5562387704849243,1.8698309960445885,5865.0,191.0,108.0,30.706806282722514,0.013257205486297607,0.011945798993110657,0.011945798993110657,0.014373779296875,-0.9960317402960399,-1.0,4.988624464540695,0.0040621161460876465,-0.02297869324684143,-0.02297869324684143,-0.0014801025390625,-0.5310003365959677,0.0,2.8624666600810045
Medium,0,100__M_Left_index_finger_CR.BMP,data\SOCOFing\Altered\Altered-Medium\100__M_Left_index_finger_CR.BMP,data\SOCOFing\Real\100__M_Left_index_finger.BMP,True,False,"sorted category file list, 8 evenly spaced indexes",Direct Altered,C6,P0 -> CLAHE -> Total Variation Restoration -> Closing,test whether morphology improves continuity after CLAHE plus TV restoration,morphology-assisted structural output,True,False,False,0.06460240005981177,0.7791279554367065,0.2301790863275528,0.2301790863275528,1.0,0.425262451171875,188.0,102.0,27870.0,53.0,0.0,0.5544671416282654,1.901686401148188,5765.0,188.0,102.0,30.664893617021278,0.030655264854431152,0.011810600757598877,0.011810600757598877,0.015289306640625,-0.9641763351924404,-1.0,4.946711798839459,0.02146017551422119,-0.02311389148235321,-0.02311389148235321,-0.0005645751953125,-0.49914493149236816,0.0,2.820553994379768
Medium,1,178__M_Right_thumb_finger_Zcut.BMP,data\SOCOFing\Altered\Altered-Medium\178__M_Right_thumb_finger_Zcut.BMP,data\SOCOFing\Real\178__M_Right_thumb_finger.BMP,True,False,"sorted category file list, 8 evenly spaced indexes",Direct Altered,B0,P0 only,neutral common-preprocessing control,grayscale,False,True,False,8.09000339359045e-05,0.697451651096344,0.19416706264019012,0.4028067849576473,0.954010009765625,0.543680624420204,161.0,263.0,33992.0,24.0,0.0,0.6590962409973145,0.7060484819957638,7119.0,161.0,263.0,44.21739130434783,0.0,0.0,0.0,0.0,0.0,0.0,0.0,-0.017033040523529053,-0.057236865162849426,0.15140285715460777,0.04117818301395404,-0.2656507770835511,0.0,3.7903642773207977
Medium,1,178__M_Right_thumb_finger_Zcut.BMP,data\SOCOFing\Altered\Altered-Medium\178__M_Right_thumb_finger_Zcut.BMP,data\SOCOFing\Real\178__M_Right_thumb_finger.BMP,True,False,"sorted category file list, 8 evenly spaced indexes",Direct Altered,B1,P0 -> CLAHE,main M1 enhancement baseline from Direct24,grayscale,False,True,True,0.004701899946667254,0.714484691619873,0.25140392780303955,0.25140392780303955,1.0,0.50250244140625,185.0,246.0,32932.0,32.0,0.0,0.6656747460365295,0.9716992590793149,7479.0,185.0,246.0,40.42702702702703,0.017033040523529053,0.057236865162849426,-0.15140285715460777,-0.04117818301395404,0.2656507770835511,0.0,-3.7903642773207977,0.0,0.0,0.0,0.0,0.0,0.0,0.0
Medium,1,178__M_Right_thumb_finger_Zcut.BMP,data\SOCOFing\Altered\Altered-Medium\178__M_Right_thumb_finger_Zcut.BMP,data\SOCOFing\Real\178__M_Right_thumb_finger.BMP,True,False,"sorted category file list, 8 evenly spaced indexes",Direct Altered,C1,P0 -> CLAHE -> Ordinary Gabor,measure exact trade-off of the Direct24 M2 coherence winner,grayscale,False,False,True,0.8724392999429256,0.7191179990768433,0.178170308470726,0.178170308470726,1.0,0.4145965576171875,231.0,198.0,27171.0,51.0,1.0,0.5703507661819458,1.8770012145301977,6869.0,231.0,198.0,29.735930735930737,0.021666347980499268,-0.01599675416946411,-0.2246364764869213,-0.12908406680301654,1.170952732534434,1.0,-14.481460568417091,0.004633307456970215,-0.07323361933231354,-0.07323361933231354,-0.0879058837890625,0.9053019554508829,1.0,-10.691096291096294
Medium,1,178__M_Right_thumb_finger_Zcut.BMP,data\SOCOFing\Altered\Altered-Medium\178__M_Right_thumb_finger_Zcut.BMP,data\SOCOFing\Real\178__M_Right_thumb_finger.BMP,True,False,"sorted category file list, 8 evenly spaced indexes",Direct Altered,C2,P0 -> CLAHE -> Coherence-Guided Directional Diffusion,test whether directional enhancement is more compatible with CLAHE than Ordinary Gabor,grayscale,False,False,True,0.2892106999643147,0.723655104637146,0.23203541338443756,0.23203541338443756,1.0,0.496124267578125,182.0,224.0,32514.0,35.0,0.0,0.666789710521698,1.076459371347727,7340.0,182.0,224.0,40.32967032967033,0.026203453540802002,0.037868350744247437,-0.17077137157320976,-0.04755635684207904,0.3704108893519633,0.0,-3.8877209746774994,0.00917041301727295,-0.01936851441860199,-0.01936851441860199,-0.006378173828125,0.1047601122684122,0.0,-0.09735669735670172
Medium,1,178__M_Right_thumb_finger_Zcut.BMP,data\SOCOFing\Altered\Altered-Medium\178__M_Right_thumb_finger_Zcut.BMP,data\SOCOFing\Real\178__M_Right_thumb_finger.BMP,True,False,"sorted category file list, 8 evenly spaced indexes",Direct Altered,C3,P0 -> CLAHE -> Total Variation Restoration,test CLAHE followed by the best Direct24 supporting restoration candidate,grayscale,False,False,True,0.011839799990411848,0.7321380376815796,0.22671844065189362,0.22671844065189362,1.0,0.501495361328125,186.0,220.0,32866.0,38.0,1.0,0.6154080033302307,1.1562100651128826,7099.0,186.0,220.0,38.166666666666664,0.034686386585235596,0.03255137801170349,-0.1760883443057537,-0.04218526309207904,0.45016158311711885,1.0,-6.050724637681164,0.017653346061706543,-0.024685487151145935,-0.024685487151145935,-0.001007080078125,0.18451080603356773,1.0,-2.260360360360366
Medium,1,178__M_Right_thumb_finger_Zcut.BMP,data\SOCOFing\Altered\Altered-Medium\178__M_Right_thumb_finger_Zcut.BMP,data\SOCOFing\Real\178__M_Right_thumb_finger.BMP,True,False,"sorted category file list, 8 evenly spaced indexes",Direct Altered,C4,P0 -> Total Variation Restoration -> CLAHE,explicit order test for restoration before local contrast enhancement,grayscale,False,False,True,0.010438599972985685,0.732889711856842,0.23344942927360535,0.23344942927360535,1.0,0.500579833984375,187.0,191.0,32806.0,35.0,1.0,0.6038834452629089,1.0668780101201,6755.0,187.0,191.0,36.12299465240642,0.03543806076049805,0.03928236663341522,-0.16935735568404198,-0.04310079043582904,0.36082952812433633,1.0,-8.094396651941409,0.018405020236968994,-0.017954498529434204,-0.017954498529434204,-0.001922607421875,0.09517875104078521,1.0,-4.304032374620611
Medium,1,178__M_Right_thumb_finger_Zcut.BMP,data\SOCOFing\Altered\Altered-Medium\178__M_Right_thumb_finger_Zcut.BMP,data\SOCOFing\Real\178__M_Right_thumb_finger.BMP,True,False,"sorted category file list, 8 evenly spaced indexes",Direct Altered,C5,P0 -> CLAHE -> Coherence-Guided Directional Diffusion -> Closing,test whether morphology can repair ridge gaps after directional enhancement,morphology-assisted structural output,True,False,False,0.33581939997384325,0.723655104637146,0.23203541338443756,0.23203541338443756,1.0,0.51007080078125,140.0,263.0,33428.0,13.0,0.0,0.6970204710960388,0.38889553667584065,7303.0,140.0,263.0,52.16428571428571,0.026203453540802002,0.037868350744247437,-0.17077137157320976,-0.03360982363895404,-0.3171529453199231,0.0,7.946894409937883,0.00917041301727295,-0.01936851441860199,-0.01936851441860199,0.007568359375,-0.5828037224034742,0.0,11.73725868725868
Medium,1,178__M_Right_thumb_finger_Zcut.BMP,data\SOCOFing\Altered\Altered-Medium\178__M_Right_thumb_finger_Zcut.BMP,data\SOCOFing\Real\178__M_Right_thumb_finger.BMP,True,False,"sorted category file list, 8 evenly spaced indexes",Direct Altered,C6,P0 -> CLAHE -> Total Variation Restoration -> Closing,test whether morphology improves continuity after CLAHE plus TV restoration,morphology-assisted structural output,True,False,False,0.05876149999676272,0.7321380376815796,0.22671844065189362,0.22671844065189362,1.0,0.5121002197265625,156.0,255.0,33561.0,22.0,0.0,0.6487589478492737,0.6555227794165848,7145.0,156.0,255.0,45.80128205128205,0.034686386585235596,0.03255137801170349,-0.1760883443057537,-0.03158040469364154,-0.05052570257917899,0.0,1.5838907469342232,0.017653346061706543,-0.024685487151145935,-0.024685487151145935,0.0095977783203125,-0.3161764796627301,0.0,5.374255024255021
Medium,2,256__M_Right_little_finger_Obl.BMP,data\SOCOFing\Altered\Altered-Medium\256__M_Right_little_finger_Obl.BMP,data\SOCOFing\Real\256__M_Right_little_finger.BMP,True,False,"sorted category file list, 8 evenly spaced indexes",Direct Altered,B0,P0 only,neutral common-preprocessing control,grayscale,False,True,False,0.00012699997751042247,0.5783807039260864,0.1488335281610489,0.1488335281610489,1.0,0.315032958984375,144.0,70.0,20646.0,40.0,3.0,0.5278504490852356,1.9374212922600018,4318.0,144.0,70.0,29.98611111111111,0.0,0.0,0.0,0.0,0.0,0.0,0.0,-0.06619024276733398,-0.03101806342601776,-0.03101806342601776,-0.0099639892578125,-0.550958443877845,2.0,6.189236111111111
Medium,2,256__M_Right_little_finger_Obl.BMP,data\SOCOFing\Altered\Altered-Medium\256__M_Right_little_finger_Obl.BMP,data\SOCOFing\Real\256__M_Right_little_finger.BMP,True,False,"sorted category file list, 8 evenly spaced indexes",Direct Altered,B1,P0 -> CLAHE,main M1 enhancement baseline from Direct24,grayscale,False,True,True,0.00576060003368184,0.6445709466934204,0.17985159158706665,0.17985159158706665,1.0,0.3249969482421875,192.0,88.0,21299.0,53.0,1.0,0.5911075472831726,2.488379736137847,4569.0,192.0,88.0,23.796875,0.06619024276733398,0.03101806342601776,0.03101806342601776,0.0099639892578125,0.550958443877845,-2.0,-6.189236111111111,0.0,0.0,0.0,0.0,0.0,0.0,0.0
Medium,2,256__M_Right_little_finger_Obl.BMP,data\SOCOFing\Altered\Altered-Medium\256__M_Right_little_finger_Obl.BMP,data\SOCOFing\Real\256__M_Right_little_finger.BMP,True,False,"sorted category file list, 8 evenly spaced indexes",Direct Altered,C1,P0 -> CLAHE -> Ordinary Gabor,measure exact trade-off of the Direct24 M2 coherence winner,grayscale,False,False,True,0.882687299977988,0.7052104473114014,0.1315038502216339,0.1315038502216339,1.0,0.272430419921875,199.0,51.0,17854.0,71.0,0.0,0.538142740726471,3.976699899182256,4184.0,199.0,51.0,21.025125628140703,0.12682974338531494,-0.017329677939414978,-0.017329677939414978,-0.0426025390625,2.039278606922254,-3.0,-8.960985482970408,0.06063950061798096,-0.04834774136543274,-0.04834774136543274,-0.0525665283203125,1.4883201630444094,-1.0,-2.771749371859297
Medium,2,256__M_Right_little_finger_Obl.BMP,data\SOCOFing\Altered\Altered-Medium\256__M_Right_little_finger_Obl.BMP,data\SOCOFing\Real\256__M_Right_little_finger.BMP,True,False,"sorted category file list, 8 evenly spaced indexes",Direct Altered,C2,P0 -> CLAHE -> Coherence-Guided Directional Diffusion,test whether directional enhancement is more compatible with CLAHE than Ordinary Gabor,grayscale,False,False,True,0.3282370999804698,0.6543400287628174,0.16714538633823395,0.16714538633823395,1.0,0.320892333984375,193.0,86.0,21030.0,54.0,2.0,0.5703281164169312,2.5677603423680453,4521.0,193.0,86.0,23.424870466321245,0.07595932483673096,0.01831185817718506,0.01831185817718506,0.005859375,0.6303390501080435,-1.0,-6.561240644789866,0.009769082069396973,-0.012706205248832703,-0.012706205248832703,-0.0041046142578125,0.07938060623019849,1.0,-0.37200453367875497
Medium,2,256__M_Right_little_finger_Obl.BMP,data\SOCOFing\Altered\Altered-Medium\256__M_Right_little_finger_Obl.BMP,data\SOCOFing\Real\256__M_Right_little_finger.BMP,True,False,"sorted category file list, 8 evenly spaced indexes",Direct Altered,C3,P0 -> CLAHE -> Total Variation Restoration,test CLAHE followed by the best Direct24 supporting restoration candidate,grayscale,False,False,True,0.009649100014939904,0.6796867847442627,0.1633685976266861,0.1633685976266861,1.0,0.322479248046875,179.0,65.0,21134.0,52.0,3.0,0.5808649659156799,2.460490205356298,4342.0,179.0,65.0,24.256983240223462,0.10130608081817627,0.014535069465637207,0.014535069465637207,0.0074462890625,0.523068913096296,0.0,-5.729127870887648,0.035115838050842285,-0.016482993960380554,-0.016482993960380554,-0.0025177001953125,-0.027889530781548988,2.0,0.4601082402234624
Medium,2,256__M_Right_little_finger_Obl.BMP,data\SOCOFing\Altered\Altered-Medium\256__M_Right_little_finger_Obl.BMP,data\SOCOFing\Real\256__M_Right_little_finger.BMP,True,False,"sorted category file list, 8 evenly spaced indexes",Direct Altered,C4,P0 -> Total Variation Restoration -> CLAHE,explicit order test for restoration before local contrast enhancement,grayscale,False,False,True,0.01606629998423159,0.7494034767150879,0.17278192937374115,0.17278192937374115,1.0,0.3204345703125,174.0,58.0,21000.0,51.0,0.0,0.5734285712242126,2.4285714285714284,4197.0,174.0,58.0,24.120689655172413,0.17102277278900146,0.02394840121269226,0.02394840121269226,0.005401611328125,0.49115013631142657,-3.0,-5.865421455938698,0.10483253002166748,-0.0070696622133255005,-0.0070696622133255005,-0.0045623779296875,-0.05980830756641842,-1.0,0.3238146551724128
Medium,2,256__M_Right_little_finger_Obl.BMP,data\SOCOFing\Altered\Altered-Medium\256__M_Right_little_finger_Obl.BMP,data\SOCOFing\Real\256__M_Right_little_finger.BMP,True,False,"sorted category file list, 8 evenly spaced indexes",Direct Altered,C5,P0 -> CLAHE -> Coherence-Guided Directional Diffusion -> Closing,test whether morphology can repair ridge gaps after directional enhancement,morphology-assisted structural output,True,False,False,0.40733660000842065,0.6543400287628174,0.16714538633823395,0.16714538633823395,1.0,0.3290252685546875,145.0,112.0,21563.0,28.0,2.0,0.8351806402206421,1.2985206140147476,4561.0,145.0,112.0,31.455172413793104,0.07595932483673096,0.01831185817718506,0.01831185817718506,0.0139923095703125,-0.6389006782452542,-1.0,1.4690613026819932,0.009769082069396973,-0.012706205248832703,-0.012706205248832703,0.0040283203125,-1.1898591221230992,1.0,7.658297413793104
Medium,2,256__M_Right_little_finger_Obl.BMP,data\SOCOFing\Altered\Altered-Medium\256__M_Right_little_finger_Obl.BMP,data\SOCOFing\Real\256__M_Right_little_finger.BMP,True,False,"sorted category file list, 8 evenly spaced indexes",Direct Altered,C6,P0 -> CLAHE -> Total Variation Restoration -> Closing,test whether morphology improves continuity after CLAHE plus TV restoration,morphology-assisted structural output,True,False,False,0.06276690005324781,0.6796867847442627,0.1633685976266861,0.1633685976266861,1.0,0.3281402587890625,153.0,95.0,21505.0,36.0,3.0,0.6246454119682312,1.6740292955126717,4381.0,153.0,95.0,28.633986928104576,0.10130608081817627,0.014535069465637207,0.014535069465637207,0.0131072998046875,-0.26339199674733016,0.0,-1.3521241830065343,0.035115838050842285,-0.016482993960380554,-0.016482993960380554,0.003143310546875,-0.8143504406251751,2.0,4.8371119281045765
Medium,3,333__M_Left_little_finger_CR.BMP,data\SOCOFing\Altered\Altered-Medium\333__M_Left_little_finger_CR.BMP,data\SOCOFing\Real\333__M_Left_little_finger.BMP,True,False,"sorted category file list, 8 evenly spaced indexes",Direct Altered,B0,P0 only,neutral common-preprocessing control,grayscale,False,True,False,0.00017300003673881292,0.5770723223686218,0.15930521488189697,0.15930521488189697,1.0,0.306854248046875,125.0,77.0,20110.0,34.0,1.0,0.3777722418308258,1.6907011437095973,4032.0,125.0,77.0,32.256,0.0,0.0,0.0,0.0,0.0,0.0,0.0,-0.10703074932098389,-0.016941815614700317,-0.016941815614700317,0.008270263671875,-0.14903720461419656,1.0,1.0636923076923068
Medium,3,333__M_Left_little_finger_CR.BMP,data\SOCOFing\Altered\Altered-Medium\333__M_Left_little_finger_CR.BMP,data\SOCOFing\Real\333__M_Left_little_finger.BMP,True,False,"sorted category file list, 8 evenly spaced indexes",Direct Altered,B1,P0 -> CLAHE,main M1 enhancement baseline from Direct24,grayscale,False,True,True,0.004724600003100932,0.6841030716896057,0.1762470304965973,0.1762470304965973,1.0,0.298583984375,130.0,68.0,19568.0,36.0,0.0,0.49197670817375183,1.839738348323794,4055.0,130.0,68.0,31.192307692307693,0.10703074932098389,0.016941815614700317,0.016941815614700317,-0.008270263671875,0.14903720461419656,-1.0,-1.0636923076923068,0.0,0.0,0.0,0.0,0.0,0.0,0.0
Medium,3,333__M_Left_little_finger_CR.BMP,data\SOCOFing\Altered\Altered-Medium\333__M_Left_little_finger_CR.BMP,data\SOCOFing\Real\333__M_Left_little_finger.BMP,True,False,"sorted category file list, 8 evenly spaced indexes",Direct Altered,C1,P0 -> CLAHE -> Ordinary Gabor,measure exact trade-off of the Direct24 M2 coherence winner,grayscale,False,False,True,0.8785266000195406,0.7461588382720947,0.13421623408794403,0.13421623408794403,1.0,0.26837158203125,139.0,44.0,17588.0,44.0,0.0,0.4644075632095337,2.501705708437571,3804.0,139.0,44.0,27.366906474820144,0.1690865159034729,-0.025088980793952942,-0.025088980793952942,-0.038482666015625,0.8110045647279738,-1.0,-4.889093525179856,0.062055766582489014,-0.04203079640865326,-0.04203079640865326,-0.03021240234375,0.6619673601137772,0.0,-3.825401217487549
Medium,3,333__M_Left_little_finger_CR.BMP,data\SOCOFing\Altered\Altered-Medium\333__M_Left_little_finger_CR.BMP,data\SOCOFing\Real\333__M_Left_little_finger.BMP,True,False,"sorted category file list, 8 evenly spaced indexes",Direct Altered,C2,P0 -> CLAHE -> Coherence-Guided Directional Diffusion,test whether directional enhancement is more compatible with CLAHE than Ordinary Gabor,grayscale,False,False,True,0.28789279994089156,0.6934921741485596,0.16328869760036469,0.16328869760036469,1.0,0.29400634765625,131.0,71.0,19268.0,34.0,0.0,0.44140544533729553,1.7645837658293544,3995.0,131.0,71.0,30.49618320610687,0.11641985177993774,0.003983482718467712,0.003983482718467712,-0.012847900390625,0.07388262211975705,-1.0,-1.7598167938931297,0.009389102458953857,-0.012958332896232605,-0.012958332896232605,-0.00457763671875,-0.07515458249443951,0.0,-0.6961244862008229
Medium,3,333__M_Left_little_finger_CR.BMP,data\SOCOFing\Altered\Altered-Medium\333__M_Left_little_finger_CR.BMP,data\SOCOFing\Real\333__M_Left_little_finger.BMP,True,False,"sorted category file list, 8 evenly spaced indexes",Direct Altered,C3,P0 -> CLAHE -> Total Variation Restoration,test CLAHE followed by the best Direct24 supporting restoration candidate,grayscale,False,False,True,0.009886199957691133,0.7163437008857727,0.16153669357299805,0.16153669357299805,1.0,0.2953643798828125,125.0,55.0,19357.0,37.0,0.0,0.3306814134120941,1.9114532210569821,3897.0,125.0,55.0,31.176,0.13927137851715088,0.0022314786911010742,0.0022314786911010742,-0.0114898681640625,0.22075207734738478,-1.0,-1.0800000000000018,0.03224062919616699,-0.014710336923599243,-0.014710336923599243,-0.0032196044921875,0.07171487273318822,0.0,-0.01630769230769502
Medium,3,333__M_Left_little_finger_CR.BMP,data\SOCOFing\Altered\Altered-Medium\333__M_Left_little_finger_CR.BMP,data\SOCOFing\Real\333__M_Left_little_finger.BMP,True,False,"sorted category file list, 8 evenly spaced indexes",Direct Altered,C4,P0 -> Total Variation Restoration -> CLAHE,explicit order test for restoration before local contrast enhancement,grayscale,False,False,True,0.010563499934505671,0.7904847264289856,0.16917209327220917,0.16917209327220917,1.0,0.2966156005859375,128.0,60.0,19439.0,37.0,0.0,0.32861772179603577,1.903390092082926,3876.0,128.0,60.0,30.28125,0.21341240406036377,0.009866878390312195,0.009866878390312195,-0.0102386474609375,0.21268894837332875,-1.0,-1.9747500000000002,0.10638165473937988,-0.0070749372243881226,-0.0070749372243881226,-0.0019683837890625,0.06365174375913218,0.0,-0.9110576923076934
Medium,3,333__M_Left_little_finger_CR.BMP,data\SOCOFing\Altered\Altered-Medium\333__M_Left_little_finger_CR.BMP,data\SOCOFing\Real\333__M_Left_little_finger.BMP,True,False,"sorted category file list, 8 evenly spaced indexes",Direct Altered,C5,P0 -> CLAHE -> Coherence-Guided Directional Diffusion -> Closing,test whether morphology can repair ridge gaps after directional enhancement,morphology-assisted structural output,True,False,False,0.34260990004986525,0.6934921741485596,0.16328869760036469,0.16328869760036469,1.0,0.3004302978515625,102.0,102.0,19689.0,22.0,0.0,0.5391335487365723,1.1173751841129564,4076.0,102.0,102.0,39.96078431372549,0.11641985177993774,0.003983482718467712,0.003983482718467712,-0.0064239501953125,-0.5733259595966409,-1.0,7.70478431372549,0.009389102458953857,-0.012958332896232605,-0.012958332896232605,0.0018463134765625,-0.7223631642108375,0.0,8.768476621417797
Medium,3,333__M_Left_little_finger_CR.BMP,data\SOCOFing\Altered\Altered-Medium\333__M_Left_little_finger_CR.BMP,data\SOCOFing\Real\333__M_Left_little_finger.BMP,True,False,"sorted category file list, 8 evenly spaced indexes",Direct Altered,C6,P0 -> CLAHE -> Total Variation Restoration -> Closing,test whether morphology improves continuity after CLAHE plus TV restoration,morphology-assisted structural output,True,False,False,0.060722399910446256,0.7163437008857727,0.16153669357299805,0.16153669357299805,1.0,0.3000640869140625,109.0,77.0,19665.0,26.0,0.0,0.40732264518737793,1.322145944571574,3958.0,109.0,77.0,36.31192660550459,0.13927137851715088,0.0022314786911010742,0.0022314786911010742,-0.0067901611328125,-0.36855519913802337,-1.0,4.055926605504588,0.03224062919616699,-0.014710336923599243,-0.014710336923599243,0.0014801025390625,-0.5175924037522199,0.0,5.119618913196895
Medium,4,40__F_Left_little_finger_CR.BMP,data\SOCOFing\Altered\Altered-Medium\40__F_Left_little_finger_CR.BMP,data\SOCOFing\Real\40__F_Left_little_finger.BMP,True,False,"sorted category file list, 8 evenly spaced indexes",Direct Altered,B0,P0 only,neutral common-preprocessing control,grayscale,False,True,False,0.00013339996803551912,0.5279273986816406,0.1448253095149994,0.1448253095149994,1.0,0.363922119140625,131.0,189.0,23850.0,27.0,1.0,0.656519889831543,1.1320754716981132,4325.0,131.0,189.0,33.01526717557252,0.0,0.0,0.0,0.0,0.0,0.0,0.0,-0.06551265716552734,-0.033589571714401245,-0.033589571714401245,0.016632080078125,-0.3617733859468779,0.0,7.572085357390701
Medium,4,40__F_Left_little_finger_CR.BMP,data\SOCOFing\Altered\Altered-Medium\40__F_Left_little_finger_CR.BMP,data\SOCOFing\Real\40__F_Left_little_finger.BMP,True,False,"sorted category file list, 8 evenly spaced indexes",Direct Altered,B1,P0 -> CLAHE,main M1 enhancement baseline from Direct24,grayscale,False,True,True,0.004870799952186644,0.593440055847168,0.17841488122940063,0.17841488122940063,1.0,0.3472900390625,176.0,192.0,22760.0,34.0,1.0,0.7083479762077332,1.493848857644991,4478.0,176.0,192.0,25.443181818181817,0.06551265716552734,0.033589571714401245,0.033589571714401245,-0.016632080078125,0.3617733859468779,0.0,-7.572085357390701,0.0,0.0,0.0,0.0,0.0,0.0,0.0
Medium,4,40__F_Left_little_finger_CR.BMP,data\SOCOFing\Altered\Altered-Medium\40__F_Left_little_finger_CR.BMP,data\SOCOFing\Real\40__F_Left_little_finger.BMP,True,False,"sorted category file list, 8 evenly spaced indexes",Direct Altered,C1,P0 -> CLAHE -> Ordinary Gabor,measure exact trade-off of the Direct24 M2 coherence winner,grayscale,False,False,True,0.8827809999347664,0.6630758047103882,0.13424725830554962,0.13424725830554962,1.0,0.2924652099609375,195.0,191.0,19167.0,38.0,0.0,0.5793812274932861,1.9825742161005895,4230.0,195.0,191.0,21.692307692307693,0.13514840602874756,-0.010578051209449768,-0.010578051209449768,-0.0714569091796875,0.8504987444024763,-1.0,-11.322959483264825,0.06963574886322021,-0.04416762292385101,-0.04416762292385101,-0.0548248291015625,0.4887253584555984,-1.0,-3.750874125874123
Medium,4,40__F_Left_little_finger_CR.BMP,data\SOCOFing\Altered\Altered-Medium\40__F_Left_little_finger_CR.BMP,data\SOCOFing\Real\40__F_Left_little_finger.BMP,True,False,"sorted category file list, 8 evenly spaced indexes",Direct Altered,C2,P0 -> CLAHE -> Coherence-Guided Directional Diffusion,test whether directional enhancement is more compatible with CLAHE than Ordinary Gabor,grayscale,False,False,True,0.28624180000042543,0.6005730032920837,0.16966821253299713,0.16966821253299713,1.0,0.3443145751953125,169.0,189.0,22565.0,32.0,2.0,0.7068911790847778,1.4181254154664302,4423.0,169.0,189.0,26.171597633136095,0.07264560461044312,0.02484290301799774,0.02484290301799774,-0.0196075439453125,0.28604994376831705,1.0,-6.843669542436423,0.0071329474449157715,-0.008746668696403503,-0.008746668696403503,-0.0029754638671875,-0.07572344217856086,1.0,0.7284158149542783
Medium,4,40__F_Left_little_finger_CR.BMP,data\SOCOFing\Altered\Altered-Medium\40__F_Left_little_finger_CR.BMP,data\SOCOFing\Real\40__F_Left_little_finger.BMP,True,False,"sorted category file list, 8 evenly spaced indexes",Direct Altered,C3,P0 -> CLAHE -> Total Variation Restoration,test CLAHE followed by the best Direct24 supporting restoration candidate,grayscale,False,False,True,0.009597600030247122,0.635429859161377,0.16374462842941284,0.16374462842941284,1.0,0.34381103515625,157.0,170.0,22532.0,33.0,1.0,0.6283951997756958,1.464583703177703,4187.0,157.0,170.0,26.668789808917197,0.10750246047973633,0.018919318914413452,0.018919318914413452,-0.020111083984375,0.33250823147958974,0.0,-6.346477366655321,0.041989803314208984,-0.014670252799987793,-0.014670252799987793,-0.00347900390625,-0.029265154467288168,0.0,1.22560799073538
Medium,4,40__F_Left_little_finger_CR.BMP,data\SOCOFing\Altered\Altered-Medium\40__F_Left_little_finger_CR.BMP,data\SOCOFing\Real\40__F_Left_little_finger.BMP,True,False,"sorted category file list, 8 evenly spaced indexes",Direct Altered,C4,P0 -> Total Variation Restoration -> CLAHE,explicit order test for restoration before local contrast enhancement,grayscale,False,False,True,0.009978900023270398,0.68660569190979,0.16665734350681305,0.16665734350681305,1.0,0.34130859375,167.0,151.0,22368.0,37.0,1.0,0.6246870756149292,1.6541487839771103,3966.0,167.0,151.0,23.748502994011975,0.15867829322814941,0.02183203399181366,0.02183203399181366,-0.022613525390625,0.5220733122789971,0.0,-9.266764181560543,0.09316563606262207,-0.011757537722587585,-0.011757537722587585,-0.0059814453125,0.1602999263321192,0.0,-1.6946788241698414
Medium,4,40__F_Left_little_finger_CR.BMP,data\SOCOFing\Altered\Altered-Medium\40__F_Left_little_finger_CR.BMP,data\SOCOFing\Real\40__F_Left_little_finger.BMP,True,False,"sorted category file list, 8 evenly spaced indexes",Direct Altered,C5,P0 -> CLAHE -> Coherence-Guided Directional Diffusion -> Closing,test whether morphology can repair ridge gaps after directional enhancement,morphology-assisted structural output,True,False,False,0.3465832000365481,0.6005730032920837,0.16966821253299713,0.16966821253299713,1.0,0.3511505126953125,149.0,191.0,23013.0,26.0,2.0,0.7108590602874756,1.1297962021466128,4438.0,149.0,191.0,29.78523489932886,0.07264560461044312,0.02484290301799774,0.02484290301799774,-0.0127716064453125,-0.0022792695515003736,1.0,-3.2300322762436586,0.0071329474449157715,-0.008746668696403503,-0.008746668696403503,0.0038604736328125,-0.3640526554983783,1.0,4.342053081147043
Medium,4,40__F_Left_little_finger_CR.BMP,data\SOCOFing\Altered\Altered-Medium\40__F_Left_little_finger_CR.BMP,data\SOCOFing\Real\40__F_Left_little_finger.BMP,True,False,"sorted category file list, 8 evenly spaced indexes",Direct Altered,C6,P0 -> CLAHE -> Total Variation Restoration -> Closing,test whether morphology improves continuity after CLAHE plus TV restoration,morphology-assisted structural output,True,False,False,0.0641005999641493,0.635429859161377,0.16374462842941284,0.16374462842941284,1.0,0.3487091064453125,147.0,182.0,22853.0,27.0,1.0,0.6332647800445557,1.181464140375443,4218.0,147.0,182.0,28.693877551020407,0.10750246047973633,0.018919318914413452,0.018919318914413452,-0.0152130126953125,0.04938866867732972,0.0,-4.321389624552111,0.041989803314208984,-0.014670252799987793,-0.014670252799987793,0.0014190673828125,-0.3123847172695482,0.0,3.25069573283859
Medium,5,489__M_Left_index_finger_Zcut.BMP,data\SOCOFing\Altered\Altered-Medium\489__M_Left_index_finger_Zcut.BMP,data\SOCOFing\Real\489__M_Left_index_finger.BMP,True,False,"sorted category file list, 8 evenly spaced indexes",Direct Altered,B0,P0 only,neutral common-preprocessing control,grayscale,False,True,False,0.00012690003495663404,0.7247051000595093,0.2296152114868164,0.2296152114868164,1.0,0.38037109375,205.0,68.0,24928.0,76.0,1.0,0.21782734990119934,3.048780487804878,4995.0,205.0,68.0,24.365853658536587,0.0,0.0,0.0,0.0,0.0,0.0,0.0,-0.020945072174072266,-0.012654170393943787,-0.012654170393943787,-0.0161285400390625,0.1624999413357613,-1.0,-0.7259337810769395
Medium,5,489__M_Left_index_finger_Zcut.BMP,data\SOCOFing\Altered\Altered-Medium\489__M_Left_index_finger_Zcut.BMP,data\SOCOFing\Real\489__M_Left_index_finger.BMP,True,False,"sorted category file list, 8 evenly spaced indexes",Direct Altered,B1,P0 -> CLAHE,main M1 enhancement baseline from Direct24,grayscale,False,True,True,0.004571400000713766,0.7456501722335815,0.2422693818807602,0.2422693818807602,1.0,0.3964996337890625,207.0,70.0,25985.0,75.0,2.0,0.30509909987449646,2.886280546469117,5194.0,207.0,70.0,25.091787439613526,0.020945072174072266,0.012654170393943787,0.012654170393943787,0.0161285400390625,-0.1624999413357613,1.0,0.7259337810769395,0.0,0.0,0.0,0.0,0.0,0.0,0.0
Medium,5,489__M_Left_index_finger_Zcut.BMP,data\SOCOFing\Altered\Altered-Medium\489__M_Left_index_finger_Zcut.BMP,data\SOCOFing\Real\489__M_Left_index_finger.BMP,True,False,"sorted category file list, 8 evenly spaced indexes",Direct Altered,C1,P0 -> CLAHE -> Ordinary Gabor,measure exact trade-off of the Direct24 M2 coherence winner,grayscale,False,False,True,0.8723960999632254,0.7642645835876465,0.17863589525222778,0.17863589525222778,1.0,0.3556060791015625,225.0,54.0,23305.0,88.0,0.0,0.2942287027835846,3.7760137309590216,4898.0,225.0,54.0,21.76888888888889,0.03955948352813721,-0.05097931623458862,-0.05097931623458862,-0.0247650146484375,0.7272332431541435,-1.0,-2.5969647696476983,0.01861441135406494,-0.06363348662853241,-0.06363348662853241,-0.0408935546875,0.8897331844899048,-2.0,-3.322898550724638
Medium,5,489__M_Left_index_finger_Zcut.BMP,data\SOCOFing\Altered\Altered-Medium\489__M_Left_index_finger_Zcut.BMP,data\SOCOFing\Real\489__M_Left_index_finger.BMP,True,False,"sorted category file list, 8 evenly spaced indexes",Direct Altered,C2,P0 -> CLAHE -> Coherence-Guided Directional Diffusion,test whether directional enhancement is more compatible with CLAHE than Ordinary Gabor,grayscale,False,False,True,0.2818984999903478,0.7559877038002014,0.2262379378080368,0.2262379378080368,1.0,0.3918914794921875,204.0,67.0,25683.0,76.0,1.0,0.30097728967666626,2.959155861854145,5141.0,204.0,67.0,25.20098039215686,0.03128260374069214,-0.003377273678779602,-0.003377273678779602,0.0115203857421875,-0.08962462595073317,0.0,0.8351267336202746,0.010337531566619873,-0.01603144407272339,-0.01603144407272339,-0.004608154296875,0.07287531538502812,-1.0,0.10919295254333505
Medium,5,489__M_Left_index_finger_Zcut.BMP,data\SOCOFing\Altered\Altered-Medium\489__M_Left_index_finger_Zcut.BMP,data\SOCOFing\Real\489__M_Left_index_finger.BMP,True,False,"sorted category file list, 8 evenly spaced indexes",Direct Altered,C3,P0 -> CLAHE -> Total Variation Restoration,test CLAHE followed by the best Direct24 supporting restoration candidate,grayscale,False,False,True,0.009620699973311275,0.7702137231826782,0.2222452461719513,0.2222452461719513,1.0,0.3917694091796875,191.0,66.0,25675.0,71.0,0.0,0.30901655554771423,2.765335929892892,4997.0,191.0,66.0,26.162303664921467,0.045508623123168945,-0.007369965314865112,-0.007369965314865112,0.0113983154296875,-0.2834445579119862,-1.0,1.7964500063848803,0.02456355094909668,-0.0200241357088089,-0.0200241357088089,-0.004730224609375,-0.1209446165762249,-2.0,1.0705162253079408
Medium,5,489__M_Left_index_finger_Zcut.BMP,data\SOCOFing\Altered\Altered-Medium\489__M_Left_index_finger_Zcut.BMP,data\SOCOFing\Real\489__M_Left_index_finger.BMP,True,False,"sorted category file list, 8 evenly spaced indexes",Direct Altered,C4,P0 -> Total Variation Restoration -> CLAHE,explicit order test for restoration before local contrast enhancement,grayscale,False,False,True,0.009447599994018674,0.7781060338020325,0.23348823189735413,0.23348823189735413,1.0,0.395477294921875,187.0,61.0,25918.0,73.0,1.0,0.2090824842453003,2.8165753530365,4939.0,187.0,61.0,26.41176470588235,0.05340093374252319,0.0038730204105377197,0.0038730204105377197,0.015106201171875,-0.23220513476837823,0.0,2.045911047345765,0.03245586156845093,-0.008781149983406067,-0.008781149983406067,-0.0010223388671875,-0.06970519343261694,-1.0,1.3199772662688254
Medium,5,489__M_Left_index_finger_Zcut.BMP,data\SOCOFing\Altered\Altered-Medium\489__M_Left_index_finger_Zcut.BMP,data\SOCOFing\Real\489__M_Left_index_finger.BMP,True,False,"sorted category file list, 8 evenly spaced indexes",Direct Altered,C5,P0 -> CLAHE -> Coherence-Guided Directional Diffusion -> Closing,test whether morphology can repair ridge gaps after directional enhancement,morphology-assisted structural output,True,False,False,0.3332562000141479,0.7559877038002014,0.2262379378080368,0.2262379378080368,1.0,0.40008544921875,178.0,121.0,26220.0,47.0,1.0,0.302173912525177,1.7925247902364607,5193.0,178.0,121.0,29.174157303370787,0.03128260374069214,-0.003377273678779602,-0.003377273678779602,0.01971435546875,-1.2562556975684174,0.0,4.808303644834201,0.010337531566619873,-0.01603144407272339,-0.01603144407272339,0.0035858154296875,-1.093755756232656,-1.0,4.082369863757261
Medium,5,489__M_Left_index_finger_Zcut.BMP,data\SOCOFing\Altered\Altered-Medium\489__M_Left_index_finger_Zcut.BMP,data\SOCOFing\Real\489__M_Left_index_finger.BMP,True,False,"sorted category file list, 8 evenly spaced indexes",Direct Altered,C6,P0 -> CLAHE -> Total Variation Restoration -> Closing,test whether morphology improves continuity after CLAHE plus TV restoration,morphology-assisted structural output,True,False,False,0.06302549998508766,0.7702137231826782,0.2222452461719513,0.2222452461719513,1.0,0.3978118896484375,175.0,107.0,26071.0,49.0,0.0,0.30466800928115845,1.8794829504046642,5043.0,175.0,107.0,28.81714285714286,0.045508623123168945,-0.007369965314865112,-0.007369965314865112,0.0174407958984375,-1.169297537400214,-1.0,4.451289198606272,0.02456355094909668,-0.0200241357088089,-0.0200241357088089,0.001312255859375,-1.0067975960644526,-2.0,3.7253554175293324
Medium,6,565__M_Right_middle_finger_Obl.BMP,data\SOCOFing\Altered\Altered-Medium\565__M_Right_middle_finger_Obl.BMP,data\SOCOFing\Real\565__M_Right_middle_finger.BMP,True,False,"sorted category file list, 8 evenly spaced indexes",Direct Altered,B0,P0 only,neutral common-preprocessing control,grayscale,False,True,False,0.0002253999700769782,0.6936447024345398,0.1684635728597641,0.1684635728597641,1.0,0.43695068359375,113.0,214.0,28636.0,17.0,0.0,0.850328266620636,0.5936583321692974,6574.0,113.0,214.0,58.176991150442475,0.0,0.0,0.0,0.0,0.0,0.0,0.0,-0.05331772565841675,-0.06127098202705383,-0.06127098202705383,0.0211944580078125,-0.14036743213502967,-1.0,2.8094697829211057
Medium,6,565__M_Right_middle_finger_Obl.BMP,data\SOCOFing\Altered\Altered-Medium\565__M_Right_middle_finger_Obl.BMP,data\SOCOFing\Real\565__M_Right_middle_finger.BMP,True,False,"sorted category file list, 8 evenly spaced indexes",Direct Altered,B1,P0 -> CLAHE,main M1 enhancement baseline from Direct24,grayscale,False,True,True,0.004745100042782724,0.7469624280929565,0.22973455488681793,0.22973455488681793,1.0,0.4157562255859375,117.0,172.0,27247.0,20.0,1.0,0.9212757349014282,0.7340257643043271,6478.0,117.0,172.0,55.36752136752137,0.05331772565841675,0.06127098202705383,0.06127098202705383,-0.0211944580078125,0.14036743213502967,1.0,-2.8094697829211057,0.0,0.0,0.0,0.0,0.0,0.0,0.0
Medium,6,565__M_Right_middle_finger_Obl.BMP,data\SOCOFing\Altered\Altered-Medium\565__M_Right_middle_finger_Obl.BMP,data\SOCOFing\Real\565__M_Right_middle_finger.BMP,True,False,"sorted category file list, 8 evenly spaced indexes",Direct Altered,C1,P0 -> CLAHE -> Ordinary Gabor,measure exact trade-off of the Direct24 M2 coherence winner,grayscale,False,False,True,0.8775096000172198,0.7714799046516418,0.16419799625873566,0.16419799625873566,1.0,0.3577880859375,156.0,117.0,23448.0,37.0,0.0,0.8095786571502686,1.5779597407028318,6169.0,156.0,117.0,39.544871794871796,0.07783520221710205,-0.004265576601028442,-0.004265576601028442,-0.07916259765625,0.9843014085335344,0.0,-18.63211935557068,0.024517476558685303,-0.06553655862808228,-0.06553655862808228,-0.0579681396484375,0.8439339763985048,-1.0,-15.822649572649574
Medium,6,565__M_Right_middle_finger_Obl.BMP,data\SOCOFing\Altered\Altered-Medium\565__M_Right_middle_finger_Obl.BMP,data\SOCOFing\Real\565__M_Right_middle_finger.BMP,True,False,"sorted category file list, 8 evenly spaced indexes",Direct Altered,C2,P0 -> CLAHE -> Coherence-Guided Directional Diffusion,test whether directional enhancement is more compatible with CLAHE than Ordinary Gabor,grayscale,False,False,True,0.2918530000606552,0.7529350519180298,0.20787009596824646,0.20787009596824646,1.0,0.4095001220703125,133.0,165.0,26837.0,18.0,0.0,0.9283079504966736,0.670715802809554,6397.0,133.0,165.0,48.097744360902254,0.05929034948348999,0.03940652310848236,0.03940652310848236,-0.0274505615234375,0.07705747064025659,0.0,-10.079246789540221,0.005972623825073242,-0.021864458918571472,-0.021864458918571472,-0.006256103515625,-0.06330996149477308,-1.0,-7.269777006619115
Medium,6,565__M_Right_middle_finger_Obl.BMP,data\SOCOFing\Altered\Altered-Medium\565__M_Right_middle_finger_Obl.BMP,data\SOCOFing\Real\565__M_Right_middle_finger.BMP,True,False,"sorted category file list, 8 evenly spaced indexes",Direct Altered,C3,P0 -> CLAHE -> Total Variation Restoration,test CLAHE followed by the best Direct24 supporting restoration candidate,grayscale,False,False,True,0.009477599989622831,0.7736331224441528,0.20765900611877441,0.20765900611877441,1.0,0.4144134521484375,125.0,157.0,27159.0,23.0,0.0,0.9090541005134583,0.8468647593799478,6296.0,125.0,157.0,50.368,0.07998842000961304,0.039195433259010315,0.039195433259010315,-0.0225372314453125,0.25320642721065034,0.0,-7.808991150442473,0.02667069435119629,-0.022075548768043518,-0.022075548768043518,-0.0013427734375,0.11283899507562067,-1.0,-4.999521367521368
Medium,6,565__M_Right_middle_finger_Obl.BMP,data\SOCOFing\Altered\Altered-Medium\565__M_Right_middle_finger_Obl.BMP,data\SOCOFing\Real\565__M_Right_middle_finger.BMP,True,False,"sorted category file list, 8 evenly spaced indexes",Direct Altered,C4,P0 -> Total Variation Restoration -> CLAHE,explicit order test for restoration before local contrast enhancement,grayscale,False,False,True,0.010198599949944764,0.7832725644111633,0.21996748447418213,0.21996748447418213,1.0,0.4154052734375,150.0,143.0,27224.0,25.0,0.0,0.9078386425971985,0.9183073758448428,6109.0,150.0,143.0,40.72666666666667,0.08962786197662354,0.05150391161441803,0.05150391161441803,-0.02154541015625,0.32464904367554537,0.0,-17.45032448377581,0.03631013631820679,-0.009767070412635803,-0.009767070412635803,-0.0003509521484375,0.1842816115405157,-1.0,-14.640854700854703
Medium,6,565__M_Right_middle_finger_Obl.BMP,data\SOCOFing\Altered\Altered-Medium\565__M_Right_middle_finger_Obl.BMP,data\SOCOFing\Real\565__M_Right_middle_finger.BMP,True,False,"sorted category file list, 8 evenly spaced indexes",Direct Altered,C5,P0 -> CLAHE -> Coherence-Guided Directional Diffusion -> Closing,test whether morphology can repair ridge gaps after directional enhancement,morphology-assisted structural output,True,False,False,0.3457961999811232,0.7529350519180298,0.20787009596824646,0.20787009596824646,1.0,0.4202728271484375,107.0,220.0,27543.0,9.0,0.0,0.950114369392395,0.3267617906546128,6490.0,107.0,220.0,60.654205607476634,0.05929034948348999,0.03940652310848236,0.03940652310848236,-0.0166778564453125,-0.2668965415146846,0.0,2.477214457034158,0.005972623825073242,-0.021864458918571472,-0.021864458918571472,0.0045166015625,-0.4072639736497143,-1.0,5.286684239955264
Medium,6,565__M_Right_middle_finger_Obl.BMP,data\SOCOFing\Altered\Altered-Medium\565__M_Right_middle_finger_Obl.BMP,data\SOCOFing\Real\565__M_Right_middle_finger.BMP,True,False,"sorted category file list, 8 evenly spaced indexes",Direct Altered,C6,P0 -> CLAHE -> Total Variation Restoration -> Closing,test whether morphology improves continuity after CLAHE plus TV restoration,morphology-assisted structural output,True,False,False,0.06375159998424351,0.7736331224441528,0.20765900611877441,0.20765900611877441,1.0,0.423553466796875,106.0,209.0,27758.0,12.0,0.0,0.9394048452377319,0.432307803155847,6381.0,106.0,209.0,60.198113207547166,0.07998842000961304,0.039195433259010315,0.039195433259010315,-0.013397216796875,-0.16135052901345043,0.0,2.021122057104691,0.02667069435119629,-0.022075548768043518,-0.022075548768043518,0.0077972412109375,-0.3017179611484801,-1.0,4.830591840025797
Medium,7,9__M_Right_thumb_finger_Zcut.BMP,data\SOCOFing\Altered\Altered-Medium\9__M_Right_thumb_finger_Zcut.BMP,data\SOCOFing\Real\9__M_Right_thumb_finger.BMP,True,False,"sorted category file list, 8 evenly spaced indexes",Direct Altered,B0,P0 only,neutral common-preprocessing control,grayscale,False,True,False,0.00012919999426230788,0.690665602684021,0.24140408635139465,0.24140408635139465,1.0,0.377532958984375,269.0,35.0,24742.0,110.0,1.0,0.28465765714645386,4.445881497049551,4380.0,269.0,35.0,16.28252788104089,0.0,0.0,0.0,0.0,0.0,0.0,0.0,-0.04329037666320801,-0.005841851234436035,-0.005841851234436035,-0.0222015380859375,0.7813397556287773,1.0,-1.509628981704207
Medium,7,9__M_Right_thumb_finger_Zcut.BMP,data\SOCOFing\Altered\Altered-Medium\9__M_Right_thumb_finger_Zcut.BMP,data\SOCOFing\Real\9__M_Right_thumb_finger.BMP,True,False,"sorted category file list, 8 evenly spaced indexes",Direct Altered,B1,P0 -> CLAHE,main M1 enhancement baseline from Direct24,grayscale,False,True,True,0.00556350004626438,0.733955979347229,0.2472459375858307,0.2472459375858307,1.0,0.3997344970703125,255.0,48.0,26197.0,96.0,0.0,0.3580944240093231,3.6645417414207735,4537.0,255.0,48.0,17.7921568627451,0.04329037666320801,0.005841851234436035,0.005841851234436035,0.0222015380859375,-0.7813397556287773,-1.0,1.509628981704207,0.0,0.0,0.0,0.0,0.0,0.0,0.0
Medium,7,9__M_Right_thumb_finger_Zcut.BMP,data\SOCOFing\Altered\Altered-Medium\9__M_Right_thumb_finger_Zcut.BMP,data\SOCOFing\Real\9__M_Right_thumb_finger.BMP,True,False,"sorted category file list, 8 evenly spaced indexes",Direct Altered,C1,P0 -> CLAHE -> Ordinary Gabor,measure exact trade-off of the Direct24 M2 coherence winner,grayscale,False,False,True,0.8745221000281163,0.7456990480422974,0.18366184830665588,0.18366184830665588,1.0,0.3582305908203125,266.0,30.0,23477.0,112.0,1.0,0.31520211696624756,4.770626570686203,4370.0,266.0,30.0,16.428571428571427,0.05503344535827637,-0.05774223804473877,-0.05774223804473877,-0.0193023681640625,0.3247450736366524,0.0,0.14604354753053528,0.01174306869506836,-0.0635840892791748,-0.0635840892791748,-0.04150390625,1.1060848292654297,1.0,-1.3635854341736717
Medium,7,9__M_Right_thumb_finger_Zcut.BMP,data\SOCOFing\Altered\Altered-Medium\9__M_Right_thumb_finger_Zcut.BMP,data\SOCOFing\Real\9__M_Right_thumb_finger.BMP,True,False,"sorted category file list, 8 evenly spaced indexes",Direct Altered,C2,P0 -> CLAHE -> Coherence-Guided Directional Diffusion,test whether directional enhancement is more compatible with CLAHE than Ordinary Gabor,grayscale,False,False,True,0.27691229997435585,0.7441273331642151,0.23365327715873718,0.23365327715873718,1.0,0.396728515625,250.0,53.0,26000.0,94.0,1.0,0.35865384340286255,3.6153846153846154,4508.0,250.0,53.0,18.032,0.05346173048019409,-0.007750809192657471,-0.007750809192657471,0.019195556640625,-0.8304968816649354,0.0,1.7494721189591083,0.010171353816986084,-0.013592660427093506,-0.013592660427093506,-0.0030059814453125,-0.04915712603615807,1.0,0.23984313725490125
Medium,7,9__M_Right_thumb_finger_Zcut.BMP,data\SOCOFing\Altered\Altered-Medium\9__M_Right_thumb_finger_Zcut.BMP,data\SOCOFing\Real\9__M_Right_thumb_finger.BMP,True,False,"sorted category file list, 8 evenly spaced indexes",Direct Altered,C3,P0 -> CLAHE -> Total Variation Restoration,test CLAHE followed by the best Direct24 supporting restoration candidate,grayscale,False,False,True,0.008752499998081475,0.7555255889892578,0.2290332317352295,0.2290332317352295,1.0,0.3969879150390625,252.0,51.0,26017.0,96.0,2.0,0.2670177221298218,3.6898950686089864,4423.0,252.0,51.0,17.5515873015873,0.06485998630523682,-0.012370854616165161,-0.012370854616165161,0.0194549560546875,-0.7559864284405644,1.0,1.2690594205464087,0.02156960964202881,-0.018212705850601196,-0.018212705850601196,-0.00274658203125,0.025353327188212926,2.0,-0.24056956115779826
Medium,7,9__M_Right_thumb_finger_Zcut.BMP,data\SOCOFing\Altered\Altered-Medium\9__M_Right_thumb_finger_Zcut.BMP,data\SOCOFing\Real\9__M_Right_thumb_finger.BMP,True,False,"sorted category file list, 8 evenly spaced indexes",Direct Altered,C4,P0 -> Total Variation Restoration -> CLAHE,explicit order test for restoration before local contrast enhancement,grayscale,False,False,True,0.008846099954098463,0.7613116502761841,0.23940372467041016,0.23940372467041016,1.0,0.4047393798828125,243.0,48.0,26525.0,94.0,0.0,0.2502167820930481,3.5438265786993406,4457.0,243.0,48.0,18.34156378600823,0.07064604759216309,-0.002000361680984497,-0.002000361680984497,0.0272064208984375,-0.9020549183502102,-1.0,2.059035904967338,0.027355670928955078,-0.007842212915420532,-0.007842212915420532,0.0050048828125,-0.1207151627214329,0.0,0.5494069232631311
Medium,7,9__M_Right_thumb_finger_Zcut.BMP,data\SOCOFing\Altered\Altered-Medium\9__M_Right_thumb_finger_Zcut.BMP,data\SOCOFing\Real\9__M_Right_thumb_finger.BMP,True,False,"sorted category file list, 8 evenly spaced indexes",Direct Altered,C5,P0 -> CLAHE -> Coherence-Guided Directional Diffusion -> Closing,test whether morphology can repair ridge gaps after directional enhancement,morphology-assisted structural output,True,False,False,0.33558909996645525,0.7441273331642151,0.23365327715873718,0.23365327715873718,1.0,0.4039154052734375,208.0,81.0,26471.0,67.0,1.0,0.41313135623931885,2.531071738884062,4576.0,208.0,81.0,22.0,0.05346173048019409,-0.007750809192657471,-0.007750809192657471,0.0263824462890625,-1.914809758165489,0.0,5.717472118959108,0.010171353816986084,-0.013592660427093506,-0.013592660427093506,0.004180908203125,-1.1334700025367117,1.0,4.207843137254901
Medium,7,9__M_Right_thumb_finger_Zcut.BMP,data\SOCOFing\Altered\Altered-Medium\9__M_Right_thumb_finger_Zcut.BMP,data\SOCOFing\Real\9__M_Right_thumb_finger.BMP,True,False,"sorted category file list, 8 evenly spaced indexes",Direct Altered,C6,P0 -> CLAHE -> Total Variation Restoration -> Closing,test whether morphology improves continuity after CLAHE plus TV restoration,morphology-assisted structural output,True,False,False,0.06374930002493784,0.7555255889892578,0.2290332317352295,0.2290332317352295,1.0,0.402496337890625,215.0,72.0,26378.0,73.0,1.0,0.29285767674446106,2.767457729926454,4491.0,215.0,72.0,20.888372093023257,0.06485998630523682,-0.012370854616165161,-0.012370854616165161,0.02496337890625,-1.678423767123097,0.0,4.605844211982365,0.02156960964202881,-0.018212705850601196,-0.018212705850601196,0.0027618408203125,-0.8970840114943197,1.0,3.0962152302781583
Hard,0,100__M_Left_index_finger_CR.BMP,data\SOCOFing\Altered\Altered-Hard\100__M_Left_index_finger_CR.BMP,data\SOCOFing\Real\100__M_Left_index_finger.BMP,True,False,"sorted category file list, 8 evenly spaced indexes",Direct Altered,B0,P0 only,neutral common-preprocessing control,grayscale,False,True,False,0.0001270999782718718,0.7494031190872192,0.21506711840629578,0.21506711840629578,1.0,0.412994384765625,201.0,108.0,27066.0,63.0,1.0,0.36906081438064575,2.3276435380181777,5943.0,201.0,108.0,29.567164179104477,0.0,0.0,0.0,0.0,0.0,0.0,0.0,-0.008478045463562012,-0.03520682454109192,-0.03520682454109192,-0.0098114013671875,0.054014031359691295,1.0,0.31716417910447703
Hard,0,100__M_Left_index_finger_CR.BMP,data\SOCOFing\Altered\Altered-Hard\100__M_Left_index_finger_CR.BMP,data\SOCOFing\Real\100__M_Left_index_finger.BMP,True,False,"sorted category file list, 8 evenly spaced indexes",Direct Altered,B1,P0 -> CLAHE,main M1 enhancement baseline from Direct24,grayscale,False,True,True,0.004775000037625432,0.7578811645507812,0.2502739429473877,0.2502739429473877,1.0,0.4228057861328125,208.0,94.0,27709.0,63.0,0.0,0.47493594884872437,2.2736295066584864,6084.0,208.0,94.0,29.25,0.008478045463562012,0.03520682454109192,0.03520682454109192,0.0098114013671875,-0.054014031359691295,-1.0,-0.31716417910447703,0.0,0.0,0.0,0.0,0.0,0.0,0.0
Hard,0,100__M_Left_index_finger_CR.BMP,data\SOCOFing\Altered\Altered-Hard\100__M_Left_index_finger_CR.BMP,data\SOCOFing\Real\100__M_Left_index_finger.BMP,True,False,"sorted category file list, 8 evenly spaced indexes",Direct Altered,C1,P0 -> CLAHE -> Ordinary Gabor,measure exact trade-off of the Direct24 M2 coherence winner,grayscale,False,False,True,0.8717735999962315,0.765454888343811,0.18307805061340332,0.18307805061340332,1.0,0.37841796875,227.0,63.0,24800.0,84.0,2.0,0.395725816488266,3.3870967741935485,5706.0,227.0,63.0,25.136563876651984,0.016051769256591797,-0.031989067792892456,-0.031989067792892456,-0.034576416015625,1.0594532361753708,1.0,-4.430600302452493,0.007573723793029785,-0.06719589233398438,-0.06719589233398438,-0.0443878173828125,1.113467267535062,2.0,-4.113436123348016
Hard,0,100__M_Left_index_finger_CR.BMP,data\SOCOFing\Altered\Altered-Hard\100__M_Left_index_finger_CR.BMP,data\SOCOFing\Real\100__M_Left_index_finger.BMP,True,False,"sorted category file list, 8 evenly spaced indexes",Direct Altered,C2,P0 -> CLAHE -> Coherence-Guided Directional Diffusion,test whether directional enhancement is more compatible with CLAHE than Ordinary Gabor,grayscale,False,False,True,0.28065550001338124,0.7607475519180298,0.22850096225738525,0.22850096225738525,1.0,0.4145660400390625,217.0,87.0,27169.0,68.0,1.0,0.5025948882102966,2.502852515734845,5985.0,217.0,87.0,27.580645161290324,0.011344432830810547,0.013433843851089478,0.013433843851089478,0.0015716552734375,0.1752089777166672,0.0,-1.9865190178141532,0.002866387367248535,-0.02177298069000244,-0.02177298069000244,-0.00823974609375,0.2292230090763585,1.0,-1.6693548387096762
Hard,0,100__M_Left_index_finger_CR.BMP,data\SOCOFing\Altered\Altered-Hard\100__M_Left_index_finger_CR.BMP,data\SOCOFing\Real\100__M_Left_index_finger.BMP,True,False,"sorted category file list, 8 evenly spaced indexes",Direct Altered,C3,P0 -> CLAHE -> Total Variation Restoration,test CLAHE followed by the best Direct24 supporting restoration candidate,grayscale,False,False,True,0.010182099998928607,0.7791240215301514,0.22727280855178833,0.22727280855178833,1.0,0.417816162109375,215.0,83.0,27382.0,70.0,1.0,0.4167701303958893,2.556423928127967,5867.0,215.0,83.0,27.288372093023256,0.02972090244293213,0.012205690145492554,0.012205690145492554,0.00482177734375,0.22878039010978934,0.0,-2.2787920860812214,0.021242856979370117,-0.023001134395599365,-0.023001134395599365,-0.0049896240234375,0.28279442146948064,1.0,-1.9616279069767444
Hard,0,100__M_Left_index_finger_CR.BMP,data\SOCOFing\Altered\Altered-Hard\100__M_Left_index_finger_CR.BMP,data\SOCOFing\Real\100__M_Left_index_finger.BMP,True,False,"sorted category file list, 8 evenly spaced indexes",Direct Altered,C4,P0 -> Total Variation Restoration -> CLAHE,explicit order test for restoration before local contrast enhancement,grayscale,False,False,True,0.010471599991433322,0.7854632139205933,0.2405450940132141,0.2405450940132141,1.0,0.421417236328125,211.0,73.0,27618.0,72.0,2.0,0.4115069806575775,2.606995437757984,5804.0,211.0,73.0,27.507109004739338,0.03606009483337402,0.025477975606918335,0.025477975606918335,0.0084228515625,0.27935189973980634,1.0,-2.0600551743651394,0.02758204936981201,-0.009728848934173584,-0.009728848934173584,-0.0013885498046875,0.33336593109949764,2.0,-1.7428909952606624
Hard,0,100__M_Left_index_finger_CR.BMP,data\SOCOFing\Altered\Altered-Hard\100__M_Left_index_finger_CR.BMP,data\SOCOFing\Real\100__M_Left_index_finger.BMP,True,False,"sorted category file list, 8 evenly spaced indexes",Direct Altered,C5,P0 -> CLAHE -> Coherence-Guided Directional Diffusion -> Closing,test whether morphology can repair ridge gaps after directional enhancement,morphology-assisted structural output,True,False,False,0.33711780002340674,0.7607475519180298,0.22850096225738525,0.22850096225738525,1.0,0.42132568359375,193.0,132.0,27612.0,46.0,0.0,0.5667101144790649,1.6659423439084458,6096.0,193.0,132.0,31.585492227979273,0.011344432830810547,0.013433843851089478,0.013433843851089478,0.008331298828125,-0.6617011941097319,-1.0,2.018328048874796,0.002866387367248535,-0.02177298069000244,-0.02177298069000244,-0.0014801025390625,-0.6076871627500406,0.0,2.335492227979273
Hard,0,100__M_Left_index_finger_CR.BMP,data\SOCOFing\Altered\Altered-Hard\100__M_Left_index_finger_CR.BMP,data\SOCOFing\Real\100__M_Left_index_finger.BMP,True,False,"sorted category file list, 8 evenly spaced indexes",Direct Altered,C6,P0 -> CLAHE -> Total Variation Restoration -> Closing,test whether morphology improves continuity after CLAHE plus TV restoration,morphology-assisted structural output,True,False,False,0.06462499999906868,0.7791240215301514,0.22727280855178833,0.22727280855178833,1.0,0.4229736328125,189.0,115.0,27720.0,52.0,0.0,0.4458152949810028,1.875901875901876,5962.0,189.0,115.0,31.544973544973544,0.02972090244293213,0.012205690145492554,0.012205690145492554,0.009979248046875,-0.45174166211630173,-1.0,1.9778093658690672,0.021242856979370117,-0.023001134395599365,-0.023001134395599365,0.0001678466796875,-0.39772763075661044,0.0,2.294973544973544
Hard,1,179__M_Right_little_finger_CR.BMP,data\SOCOFing\Altered\Altered-Hard\179__M_Right_little_finger_CR.BMP,data\SOCOFing\Real\179__M_Right_little_finger.BMP,True,False,"sorted category file list, 8 evenly spaced indexes",Direct Altered,B0,P0 only,neutral common-preprocessing control,grayscale,False,True,False,8.410000009462237e-05,0.5684996843338013,0.15989677608013153,0.15989677608013153,1.0,0.2586517333984375,320.0,89.0,16951.0,121.0,5.0,0.3070615231990814,7.1382219338092145,3569.0,320.0,89.0,11.153125,0.0,0.0,0.0,0.0,0.0,0.0,0.0,-0.05224442481994629,-0.047486767172813416,-0.047486767172813416,-0.088104248046875,2.2097290845242865,4.0,-1.1020296391752584
Hard,1,179__M_Right_little_finger_CR.BMP,data\SOCOFing\Altered\Altered-Hard\179__M_Right_little_finger_CR.BMP,data\SOCOFing\Real\179__M_Right_little_finger.BMP,True,False,"sorted category file list, 8 evenly spaced indexes",Direct Altered,B1,P0 -> CLAHE,main M1 enhancement baseline from Direct24,grayscale,False,True,True,0.004726100014522672,0.6207441091537476,0.20738354325294495,0.20738354325294495,1.0,0.3467559814453125,388.0,177.0,22725.0,112.0,1.0,0.3453025221824646,4.928492849284928,4755.0,388.0,177.0,12.255154639175258,0.05224442481994629,0.047486767172813416,0.047486767172813416,0.088104248046875,-2.2097290845242865,-4.0,1.1020296391752584,0.0,0.0,0.0,0.0,0.0,0.0,0.0
Hard,1,179__M_Right_little_finger_CR.BMP,data\SOCOFing\Altered\Altered-Hard\179__M_Right_little_finger_CR.BMP,data\SOCOFing\Real\179__M_Right_little_finger.BMP,True,False,"sorted category file list, 8 evenly spaced indexes",Direct Altered,C1,P0 -> CLAHE -> Ordinary Gabor,measure exact trade-off of the Direct24 M2 coherence winner,grayscale,False,False,True,0.8761598999844864,0.6506741046905518,0.1551618129014969,0.1551618129014969,1.0,0.2926177978515625,392.0,111.0,19177.0,143.0,5.0,0.34056422114372253,7.456849350784794,4204.0,392.0,111.0,10.724489795918368,0.08217442035675049,-0.0047349631786346436,-0.0047349631786346436,0.033966064453125,0.3186274169755796,0.0,-0.42863520408163147,0.0299299955368042,-0.05222173035144806,-0.05222173035144806,-0.05413818359375,2.528356501499866,4.0,-1.53066484325689
Hard,1,179__M_Right_little_finger_CR.BMP,data\SOCOFing\Altered\Altered-Hard\179__M_Right_little_finger_CR.BMP,data\SOCOFing\Real\179__M_Right_little_finger.BMP,True,False,"sorted category file list, 8 evenly spaced indexes",Direct Altered,C2,P0 -> CLAHE -> Coherence-Guided Directional Diffusion,test whether directional enhancement is more compatible with CLAHE than Ordinary Gabor,grayscale,False,False,True,0.28787960001500323,0.6257113814353943,0.19632527232170105,0.19632527232170105,1.0,0.3415985107421875,386.0,172.0,22387.0,113.0,0.0,0.3491758704185486,5.04757225175325,4656.0,386.0,172.0,12.062176165803109,0.05721169710159302,0.03642849624156952,0.03642849624156952,0.08294677734375,-2.0906496820559646,-5.0,0.9090511658031097,0.0049672722816467285,-0.011058270931243896,-0.011058270931243896,-0.005157470703125,0.11907940246832194,-1.0,-0.19297847337214868
Hard,1,179__M_Right_little_finger_CR.BMP,data\SOCOFing\Altered\Altered-Hard\179__M_Right_little_finger_CR.BMP,data\SOCOFing\Real\179__M_Right_little_finger.BMP,True,False,"sorted category file list, 8 evenly spaced indexes",Direct Altered,C3,P0 -> CLAHE -> Total Variation Restoration,test CLAHE followed by the best Direct24 supporting restoration candidate,grayscale,False,False,True,0.009543600084725767,0.6438388824462891,0.18799829483032227,0.18799829483032227,1.0,0.3413848876953125,369.0,158.0,22373.0,112.0,2.0,0.35140570998191833,5.006034058910293,4435.0,369.0,158.0,12.018970189701896,0.07533919811248779,0.028101518750190735,0.028101518750190735,0.082733154296875,-2.1321878748989214,-3.0,0.8658451897018971,0.023094773292541504,-0.01938524842262268,-0.01938524842262268,-0.00537109375,0.07754120962536515,1.0,-0.23618444947336137
Hard,1,179__M_Right_little_finger_CR.BMP,data\SOCOFing\Altered\Altered-Hard\179__M_Right_little_finger_CR.BMP,data\SOCOFing\Real\179__M_Right_little_finger.BMP,True,False,"sorted category file list, 8 evenly spaced indexes",Direct Altered,C4,P0 -> Total Variation Restoration -> CLAHE,explicit order test for restoration before local contrast enhancement,grayscale,False,False,True,0.010794200003147125,0.6556230783462524,0.19526618719100952,0.19526618719100952,1.0,0.340606689453125,339.0,146.0,22322.0,105.0,1.0,0.35503092408180237,4.7038795806827345,4265.0,339.0,146.0,12.581120943952802,0.08712339401245117,0.03536941111087799,0.03536941111087799,0.0819549560546875,-2.43434235312648,-4.0,1.4279959439528032,0.03487896919250488,-0.012117356061935425,-0.012117356061935425,-0.0061492919921875,-0.22461326860219355,0.0,0.32596630477754474
Hard,1,179__M_Right_little_finger_CR.BMP,data\SOCOFing\Altered\Altered-Hard\179__M_Right_little_finger_CR.BMP,data\SOCOFing\Real\179__M_Right_little_finger.BMP,True,False,"sorted category file list, 8 evenly spaced indexes",Direct Altered,C5,P0 -> CLAHE -> Coherence-Guided Directional Diffusion -> Closing,test whether morphology can repair ridge gaps after directional enhancement,morphology-assisted structural output,True,False,False,0.3516554000088945,0.6257113814353943,0.19632527232170105,0.19632527232170105,1.0,0.3573760986328125,296.0,262.0,23421.0,51.0,0.0,0.33461424708366394,2.1775329832201873,4840.0,296.0,262.0,16.35135135135135,0.05721169710159302,0.03642849624156952,0.03642849624156952,0.098724365234375,-4.960688950589027,-5.0,5.198226351351352,0.0049672722816467285,-0.011058270931243896,-0.011058270931243896,0.0106201171875,-2.7509598660647407,-1.0,4.096196712176093
Hard,1,179__M_Right_little_finger_CR.BMP,data\SOCOFing\Altered\Altered-Hard\179__M_Right_little_finger_CR.BMP,data\SOCOFing\Real\179__M_Right_little_finger.BMP,True,False,"sorted category file list, 8 evenly spaced indexes",Direct Altered,C6,P0 -> CLAHE -> Total Variation Restoration -> Closing,test whether morphology improves continuity after CLAHE plus TV restoration,morphology-assisted structural output,True,False,False,0.06350370007567108,0.6438388824462891,0.18799829483032227,0.18799829483032227,1.0,0.354095458984375,298.0,223.0,23206.0,63.0,1.0,0.3390502333641052,2.7148151340170648,4584.0,298.0,223.0,15.38255033557047,0.07533919811248779,0.028101518750190735,0.028101518750190735,0.0954437255859375,-4.42340679979215,-4.0,4.22942533557047,0.023094773292541504,-0.01938524842262268,-0.01938524842262268,0.0073394775390625,-2.2136777152678633,0.0,3.1273956963952116
Hard,2,25__F_Left_ring_finger_Obl.BMP,data\SOCOFing\Altered\Altered-Hard\25__F_Left_ring_finger_Obl.BMP,data\SOCOFing\Real\25__F_Left_ring_finger.BMP,True,False,"sorted category file list, 8 evenly spaced indexes",Direct Altered,B0,P0 only,neutral common-preprocessing control,grayscale,False,True,False,0.00012989999959245324,0.6110977530479431,0.1772019863128662,0.1772019863128662,1.0,0.3114471435546875,286.0,83.0,20411.0,100.0,2.0,0.25765517354011536,4.899318994659742,4354.0,286.0,83.0,15.223776223776223,0.0,0.0,0.0,0.0,0.0,0.0,0.0,-0.04075139760971069,-0.033627256751060486,-0.033627256751060486,-0.047332763671875,0.9865898660925669,-1.0,-1.1128904428904427
Hard,2,25__F_Left_ring_finger_Obl.BMP,data\SOCOFing\Altered\Altered-Hard\25__F_Left_ring_finger_Obl.BMP,data\SOCOFing\Real\25__F_Left_ring_finger.BMP,True,False,"sorted category file list, 8 evenly spaced indexes",Direct Altered,B1,P0 -> CLAHE,main M1 enhancement baseline from Direct24,grayscale,False,True,True,0.0046938000014051795,0.6518491506576538,0.2108292430639267,0.2108292430639267,1.0,0.3587799072265625,300.0,111.0,23513.0,92.0,3.0,0.3596733808517456,3.9127291285671753,4901.0,300.0,111.0,16.336666666666666,0.04075139760971069,0.033627256751060486,0.033627256751060486,0.047332763671875,-0.9865898660925669,1.0,1.1128904428904427,0.0,0.0,0.0,0.0,0.0,0.0,0.0
Hard,2,25__F_Left_ring_finger_Obl.BMP,data\SOCOFing\Altered\Altered-Hard\25__F_Left_ring_finger_Obl.BMP,data\SOCOFing\Real\25__F_Left_ring_finger.BMP,True,False,"sorted category file list, 8 evenly spaced indexes",Direct Altered,C1,P0 -> CLAHE -> Ordinary Gabor,measure exact trade-off of the Direct24 M2 coherence winner,grayscale,False,False,True,0.9294012000318617,0.7040094137191772,0.15563693642616272,0.15563693642616272,1.0,0.30780029296875,296.0,64.0,20172.0,114.0,1.0,0.29754114151000977,5.651397977394408,4428.0,296.0,64.0,14.95945945945946,0.09291166067123413,-0.02156504988670349,-0.02156504988670349,-0.0036468505859375,0.7520789827346661,-1.0,-0.26431676431676365,0.05216026306152344,-0.05519230663776398,-0.05519230663776398,-0.0509796142578125,1.738668848827233,-2.0,-1.3772072072072064
Hard,2,25__F_Left_ring_finger_Obl.BMP,data\SOCOFing\Altered\Altered-Hard\25__F_Left_ring_finger_Obl.BMP,data\SOCOFing\Real\25__F_Left_ring_finger.BMP,True,False,"sorted category file list, 8 evenly spaced indexes",Direct Altered,C2,P0 -> CLAHE -> Coherence-Guided Directional Diffusion,test whether directional enhancement is more compatible with CLAHE than Ordinary Gabor,grayscale,False,False,True,0.30372790002729744,0.6598219871520996,0.1961919069290161,0.1961919069290161,1.0,0.3520050048828125,289.0,109.0,23069.0,89.0,2.0,0.3633447587490082,3.8579912436603236,4819.0,289.0,109.0,16.674740484429066,0.048724234104156494,0.018989920616149902,0.018989920616149902,0.040557861328125,-1.0413277509994185,0.0,1.4509642606528423,0.0079728364944458,-0.014637336134910583,-0.014637336134910583,-0.00677490234375,-0.05473788490685161,-1.0,0.33807381776239964
Hard,2,25__F_Left_ring_finger_Obl.BMP,data\SOCOFing\Altered\Altered-Hard\25__F_Left_ring_finger_Obl.BMP,data\SOCOFing\Real\25__F_Left_ring_finger.BMP,True,False,"sorted category file list, 8 evenly spaced indexes",Direct Altered,C3,P0 -> CLAHE -> Total Variation Restoration,test CLAHE followed by the best Direct24 supporting restoration candidate,grayscale,False,False,True,0.010007200005929917,0.6892145872116089,0.1916399449110031,0.1916399449110031,1.0,0.3515777587890625,287.0,91.0,23041.0,93.0,1.0,0.23805390298366547,4.036283147432837,4583.0,287.0,91.0,15.968641114982578,0.07811683416366577,0.014437958598136902,0.014437958598136902,0.040130615234375,-0.8630358472269055,-1.0,0.7448648912063547,0.03736543655395508,-0.019189298152923584,-0.019189298152923584,-0.0072021484375,0.12355401886566142,-2.0,-0.368025551684088
Hard,2,25__F_Left_ring_finger_Obl.BMP,data\SOCOFing\Altered\Altered-Hard\25__F_Left_ring_finger_Obl.BMP,data\SOCOFing\Real\25__F_Left_ring_finger.BMP,True,False,"sorted category file list, 8 evenly spaced indexes",Direct Altered,C4,P0 -> Total Variation Restoration -> CLAHE,explicit order test for restoration before local contrast enhancement,grayscale,False,False,True,0.009965999983251095,0.7203661203384399,0.20368334650993347,0.20368334650993347,1.0,0.352783203125,277.0,95.0,23120.0,89.0,1.0,0.23542387783527374,3.8494809688581313,4546.0,277.0,95.0,16.411552346570396,0.10926836729049683,0.02648136019706726,0.02648136019706726,0.0413360595703125,-1.049838025801611,-1.0,1.1877761227941726,0.06851696968078613,-0.007145896553993225,-0.007145896553993225,-0.0059967041015625,-0.06324815970904396,-2.0,0.07488567990372985
Hard,2,25__F_Left_ring_finger_Obl.BMP,data\SOCOFing\Altered\Altered-Hard\25__F_Left_ring_finger_Obl.BMP,data\SOCOFing\Real\25__F_Left_ring_finger.BMP,True,False,"sorted category file list, 8 evenly spaced indexes",Direct Altered,C5,P0 -> CLAHE -> Coherence-Guided Directional Diffusion -> Closing,test whether morphology can repair ridge gaps after directional enhancement,morphology-assisted structural output,True,False,False,0.354651200119406,0.6598219871520996,0.1961919069290161,0.1961919069290161,1.0,0.360931396484375,250.0,158.0,23654.0,56.0,2.0,0.3598545789718628,2.3674642766551113,4887.0,250.0,158.0,19.548,0.048724234104156494,0.018989920616149902,0.018989920616149902,0.0494842529296875,-2.531854718004631,0.0,4.324223776223775,0.0079728364944458,-0.014637336134910583,-0.014637336134910583,0.0021514892578125,-1.545264851912064,-1.0,3.2113333333333323
Hard,2,25__F_Left_ring_finger_Obl.BMP,data\SOCOFing\Altered\Altered-Hard\25__F_Left_ring_finger_Obl.BMP,data\SOCOFing\Real\25__F_Left_ring_finger.BMP,True,False,"sorted category file list, 8 evenly spaced indexes",Direct Altered,C6,P0 -> CLAHE -> Total Variation Restoration -> Closing,test whether morphology improves continuity after CLAHE plus TV restoration,morphology-assisted structural output,True,False,False,0.0649563999613747,0.6892145872116089,0.1916399449110031,0.1916399449110031,1.0,0.3584136962890625,244.0,138.0,23489.0,60.0,1.0,0.23615309596061707,2.5543871599472094,4719.0,244.0,138.0,19.34016393442623,0.07811683416366577,0.014437958598136902,0.014437958598136902,0.046966552734375,-2.3449318347125327,-1.0,4.116387710650006,0.03736543655395508,-0.019189298152923584,-0.019189298152923584,-0.0003662109375,-1.3583419686199658,-2.0,3.0034972677595633
Hard,3,335__M_Left_middle_finger_CR.BMP,data\SOCOFing\Altered\Altered-Hard\335__M_Left_middle_finger_CR.BMP,data\SOCOFing\Real\335__M_Left_middle_finger.BMP,True,False,"sorted category file list, 8 evenly spaced indexes",Direct Altered,B0,P0 only,neutral common-preprocessing control,grayscale,False,True,False,0.00013649999164044857,0.5558511018753052,0.15841791033744812,0.15841791033744812,1.0,0.299835205078125,310.0,171.0,19650.0,78.0,2.0,0.317404568195343,3.9694656488549622,4328.0,310.0,171.0,13.961290322580645,0.0,0.0,0.0,0.0,0.0,0.0,0.0,-0.05518072843551636,-0.04970237612724304,-0.04970237612724304,-0.06793212890625,0.940671357924749,0.0,-0.7406066963895448
Hard,3,335__M_Left_middle_finger_CR.BMP,data\SOCOFing\Altered\Altered-Hard\335__M_Left_middle_finger_CR.BMP,data\SOCOFing\Real\335__M_Left_middle_finger.BMP,True,False,"sorted category file list, 8 evenly spaced indexes",Direct Altered,B1,P0 -> CLAHE,main M1 enhancement baseline from Direct24,grayscale,False,True,True,0.005491499963682145,0.6110318303108215,0.20812028646469116,0.20812028646469116,1.0,0.367767333984375,369.0,244.0,24102.0,73.0,2.0,0.4399634897708893,3.0287942909302132,5425.0,369.0,244.0,14.70189701897019,0.05518072843551636,0.04970237612724304,0.04970237612724304,0.06793212890625,-0.940671357924749,0.0,0.7406066963895448,0.0,0.0,0.0,0.0,0.0,0.0,0.0
Hard,3,335__M_Left_middle_finger_CR.BMP,data\SOCOFing\Altered\Altered-Hard\335__M_Left_middle_finger_CR.BMP,data\SOCOFing\Real\335__M_Left_middle_finger.BMP,True,False,"sorted category file list, 8 evenly spaced indexes",Direct Altered,C1,P0 -> CLAHE -> Ordinary Gabor,measure exact trade-off of the Direct24 M2 coherence winner,grayscale,False,False,True,0.8806688000331633,0.6424176096916199,0.15462076663970947,0.15462076663970947,1.0,0.302093505859375,373.0,191.0,19798.0,95.0,2.0,0.33654913306236267,4.798464491362765,4832.0,373.0,191.0,12.954423592493297,0.0865665078163147,-0.0037971436977386475,-0.0037971436977386475,0.00225830078125,0.8289988425078025,0.0,-1.0068667300873475,0.03138577938079834,-0.05349951982498169,-0.05349951982498169,-0.065673828125,1.7696702004325515,0.0,-1.7474734264768923
Hard,3,335__M_Left_middle_finger_CR.BMP,data\SOCOFing\Altered\Altered-Hard\335__M_Left_middle_finger_CR.BMP,data\SOCOFing\Real\335__M_Left_middle_finger.BMP,True,False,"sorted category file list, 8 evenly spaced indexes",Direct Altered,C2,P0 -> CLAHE -> Coherence-Guided Directional Diffusion,test whether directional enhancement is more compatible with CLAHE than Ordinary Gabor,grayscale,False,False,True,0.32239970000227913,0.6103240251541138,0.194442480802536,0.194442480802536,1.0,0.360626220703125,384.0,239.0,23634.0,76.0,2.0,0.4454176127910614,3.2157061860032154,5290.0,384.0,239.0,13.776041666666666,0.054472923278808594,0.03602457046508789,0.03602457046508789,0.060791015625,-0.7537594628517468,0.0,-0.18524865591397877,-0.0007078051567077637,-0.013677805662155151,-0.013677805662155151,-0.00714111328125,0.1869118950730022,0.0,-0.9258553523035236
Hard,3,335__M_Left_middle_finger_CR.BMP,data\SOCOFing\Altered\Altered-Hard\335__M_Left_middle_finger_CR.BMP,data\SOCOFing\Real\335__M_Left_middle_finger.BMP,True,False,"sorted category file list, 8 evenly spaced indexes",Direct Altered,C3,P0 -> CLAHE -> Total Variation Restoration,test CLAHE followed by the best Direct24 supporting restoration candidate,grayscale,False,False,True,0.009903399972245097,0.6437237858772278,0.1876148283481598,0.1876148283481598,1.0,0.360443115234375,341.0,199.0,23622.0,70.0,5.0,0.4461095631122589,2.9633392600118533,5000.0,341.0,199.0,14.662756598240469,0.08787268400192261,0.02919691801071167,0.02919691801071167,0.06060791015625,-1.006126388843109,3.0,0.7014662756598238,0.03269195556640625,-0.020505458116531372,-0.020505458116531372,-0.00732421875,-0.06545503091835991,3.0,-0.039140420729721015
Hard,3,335__M_Left_middle_finger_CR.BMP,data\SOCOFing\Altered\Altered-Hard\335__M_Left_middle_finger_CR.BMP,data\SOCOFing\Real\335__M_Left_middle_finger.BMP,True,False,"sorted category file list, 8 evenly spaced indexes",Direct Altered,C4,P0 -> Total Variation Restoration -> CLAHE,explicit order test for restoration before local contrast enhancement,grayscale,False,False,True,0.011885799991432577,0.6573388576507568,0.193192720413208,0.193192720413208,1.0,0.3521575927734375,297.0,190.0,23079.0,56.0,2.0,0.44092032313346863,2.426448286320898,4651.0,297.0,190.0,15.65993265993266,0.10148775577545166,0.03477481007575989,0.03477481007575989,0.0523223876953125,-1.5430173625340644,0.0,1.6986423373520143,0.0463070273399353,-0.014927566051483154,-0.014927566051483154,-0.0156097412109375,-0.6023460046093154,0.0,0.9580356409624695
Hard,3,335__M_Left_middle_finger_CR.BMP,data\SOCOFing\Altered\Altered-Hard\335__M_Left_middle_finger_CR.BMP,data\SOCOFing\Real\335__M_Left_middle_finger.BMP,True,False,"sorted category file list, 8 evenly spaced indexes",Direct Altered,C5,P0 -> CLAHE -> Coherence-Guided Directional Diffusion -> Closing,test whether morphology can repair ridge gaps after directional enhancement,morphology-assisted structural output,True,False,False,0.352011599985417,0.6103240251541138,0.194442480802536,0.194442480802536,1.0,0.3744659423828125,294.0,313.0,24541.0,32.0,1.0,0.4760604798793793,1.3039403447292286,5450.0,294.0,313.0,18.537414965986393,0.054472923278808594,0.03602457046508789,0.03602457046508789,0.0746307373046875,-2.6655253041257336,-1.0,4.576124643405748,-0.0007078051567077637,-0.013677805662155151,-0.013677805662155151,0.0066986083984375,-1.7248539462009846,-1.0,3.8355179470162035
Hard,3,335__M_Left_middle_finger_CR.BMP,data\SOCOFing\Altered\Altered-Hard\335__M_Left_middle_finger_CR.BMP,data\SOCOFing\Real\335__M_Left_middle_finger.BMP,True,False,"sorted category file list, 8 evenly spaced indexes",Direct Altered,C6,P0 -> CLAHE -> Total Variation Restoration -> Closing,test whether morphology improves continuity after CLAHE plus TV restoration,morphology-assisted structural output,True,False,False,0.06388770003104582,0.6437237858772278,0.1876148283481598,0.1876148283481598,1.0,0.370819091796875,274.0,255.0,24302.0,36.0,2.0,0.8484898209571838,1.4813595588840425,5109.0,274.0,255.0,18.645985401459853,0.08787268400192261,0.02919691801071167,0.02919691801071167,0.07098388671875,-2.4881060899709198,0.0,4.6846950788792086,0.03269195556640625,-0.020505458116531372,-0.020505458116531372,0.0030517578125,-1.5474347320461708,0.0,3.9440883824896638
Hard,4,40__F_Right_little_finger_Obl.BMP,data\SOCOFing\Altered\Altered-Hard\40__F_Right_little_finger_Obl.BMP,data\SOCOFing\Real\40__F_Right_little_finger.BMP,True,False,"sorted category file list, 8 evenly spaced indexes",Direct Altered,B0,P0 only,neutral common-preprocessing control,grayscale,False,True,False,0.00014329998521134257,0.5507125854492188,0.14321988821029663,0.14321988821029663,1.0,0.307464599609375,188.0,97.0,20150.0,55.0,2.0,0.32570719718933105,2.729528535980149,3768.0,188.0,97.0,20.04255319148936,0.0,0.0,0.0,0.0,0.0,0.0,0.0,-0.08454596996307373,-0.033936142921447754,-0.033936142921447754,-0.0185546875,0.014935256938680919,2.0,0.9659981675659175
Hard,4,40__F_Right_little_finger_Obl.BMP,data\SOCOFing\Altered\Altered-Hard\40__F_Right_little_finger_Obl.BMP,data\SOCOFing\Real\40__F_Right_little_finger.BMP,True,False,"sorted category file list, 8 evenly spaced indexes",Direct Altered,B1,P0 -> CLAHE,main M1 enhancement baseline from Direct24,grayscale,False,True,True,0.004863100009970367,0.6352585554122925,0.17715603113174438,0.17715603113174438,1.0,0.326019287109375,209.0,114.0,21366.0,58.0,0.0,0.4073761999607086,2.714593279041468,3987.0,209.0,114.0,19.076555023923444,0.08454596996307373,0.033936142921447754,0.033936142921447754,0.0185546875,-0.014935256938680919,-2.0,-0.9659981675659175,0.0,0.0,0.0,0.0,0.0,0.0,0.0
Hard,4,40__F_Right_little_finger_Obl.BMP,data\SOCOFing\Altered\Altered-Hard\40__F_Right_little_finger_Obl.BMP,data\SOCOFing\Real\40__F_Right_little_finger.BMP,True,False,"sorted category file list, 8 evenly spaced indexes",Direct Altered,C1,P0 -> CLAHE -> Ordinary Gabor,measure exact trade-off of the Direct24 M2 coherence winner,grayscale,False,False,True,0.8765119000454433,0.6810811758041382,0.13257011771202087,0.13257011771202087,1.0,0.2728118896484375,217.0,87.0,17879.0,71.0,0.0,0.37440574169158936,3.97113932546563,3675.0,217.0,87.0,16.93548387096774,0.13036859035491943,-0.010649770498275757,-0.010649770498275757,-0.0346527099609375,1.241610789485481,-2.0,-3.107069320521621,0.0458226203918457,-0.04458591341972351,-0.04458591341972351,-0.0532073974609375,1.256546046424162,0.0,-2.1410711529557034
Hard,4,40__F_Right_little_finger_Obl.BMP,data\SOCOFing\Altered\Altered-Hard\40__F_Right_little_finger_Obl.BMP,data\SOCOFing\Real\40__F_Right_little_finger.BMP,True,False,"sorted category file list, 8 evenly spaced indexes",Direct Altered,C2,P0 -> CLAHE -> Coherence-Guided Directional Diffusion,test whether directional enhancement is more compatible with CLAHE than Ordinary Gabor,grayscale,False,False,True,0.2934657000005245,0.6476296186447144,0.1700042486190796,0.1700042486190796,1.0,0.3226165771484375,210.0,107.0,21143.0,60.0,0.0,0.4085986018180847,2.8378186633874094,3932.0,210.0,107.0,18.723809523809525,0.0969170331954956,0.02678436040878296,0.02678436040878296,0.0151519775390625,0.10829012740726052,-2.0,-1.3187436676798363,0.012371063232421875,-0.007151782512664795,-0.007151782512664795,-0.0034027099609375,0.12322538434594144,0.0,-0.3527455001139188
Hard,4,40__F_Right_little_finger_Obl.BMP,data\SOCOFing\Altered\Altered-Hard\40__F_Right_little_finger_Obl.BMP,data\SOCOFing\Real\40__F_Right_little_finger.BMP,True,False,"sorted category file list, 8 evenly spaced indexes",Direct Altered,C3,P0 -> CLAHE -> Total Variation Restoration,test CLAHE followed by the best Direct24 supporting restoration candidate,grayscale,False,False,True,0.010101200023200363,0.6691805124282837,0.1629536896944046,0.1629536896944046,1.0,0.3204498291015625,204.0,99.0,21001.0,59.0,0.0,0.412647008895874,2.8093900290462357,3778.0,204.0,99.0,18.519607843137255,0.11846792697906494,0.01973380148410797,0.01973380148410797,0.0129852294921875,0.07986149306608681,-2.0,-1.5229453483521063,0.03392195701599121,-0.014202341437339783,-0.014202341437339783,-0.0055694580078125,0.09479675000476773,0.0,-0.5569471807861888
Hard,4,40__F_Right_little_finger_Obl.BMP,data\SOCOFing\Altered\Altered-Hard\40__F_Right_little_finger_Obl.BMP,data\SOCOFing\Real\40__F_Right_little_finger.BMP,True,False,"sorted category file list, 8 evenly spaced indexes",Direct Altered,C4,P0 -> Total Variation Restoration -> CLAHE,explicit order test for restoration before local contrast enhancement,grayscale,False,False,True,0.010685699875466526,0.732507586479187,0.1690051108598709,0.1690051108598709,1.0,0.3189697265625,201.0,87.0,20904.0,62.0,1.0,0.40939533710479736,2.9659395331037124,3651.0,201.0,87.0,18.16417910447761,0.18179500102996826,0.02578522264957428,0.02578522264957428,0.011505126953125,0.2364109971235635,-1.0,-1.8783740870117498,0.09724903106689453,-0.008150920271873474,-0.008150920271873474,-0.007049560546875,0.2513462540622444,1.0,-0.9123759194458323
Hard,4,40__F_Right_little_finger_Obl.BMP,data\SOCOFing\Altered\Altered-Hard\40__F_Right_little_finger_Obl.BMP,data\SOCOFing\Real\40__F_Right_little_finger.BMP,True,False,"sorted category file list, 8 evenly spaced indexes",Direct Altered,C5,P0 -> CLAHE -> Coherence-Guided Directional Diffusion -> Closing,test whether morphology can repair ridge gaps after directional enhancement,morphology-assisted structural output,True,False,False,0.38752029999159276,0.6476296186447144,0.1700042486190796,0.1700042486190796,1.0,0.328125,188.0,145.0,21504.0,41.0,0.0,0.4079706072807312,1.9066220238095237,4027.0,188.0,145.0,21.420212765957448,0.0969170331954956,0.02678436040878296,0.02678436040878296,0.020660400390625,-0.8229065121706252,-2.0,1.3776595744680868,0.012371063232421875,-0.007151782512664795,-0.007151782512664795,0.002105712890625,-0.8079712552319442,0.0,2.3436577420340043
Hard,4,40__F_Right_little_finger_Obl.BMP,data\SOCOFing\Altered\Altered-Hard\40__F_Right_little_finger_Obl.BMP,data\SOCOFing\Real\40__F_Right_little_finger.BMP,True,False,"sorted category file list, 8 evenly spaced indexes",Direct Altered,C6,P0 -> CLAHE -> Total Variation Restoration -> Closing,test whether morphology improves continuity after CLAHE plus TV restoration,morphology-assisted structural output,True,False,False,0.06434100004844368,0.6691805124282837,0.1629536896944046,0.1629536896944046,1.0,0.32476806640625,185.0,124.0,21284.0,46.0,0.0,0.4119526445865631,2.161247885735764,3852.0,185.0,124.0,20.82162162162162,0.11846792697906494,0.01973380148410797,0.01973380148410797,0.017303466796875,-0.5682806502443847,-2.0,0.7790684301322592,0.03392195701599121,-0.014202341437339783,-0.014202341437339783,-0.001251220703125,-0.5533453933057038,0.0,1.7450665976981767
Hard,5,48__F_Left_index_finger_Obl.BMP,data\SOCOFing\Altered\Altered-Hard\48__F_Left_index_finger_Obl.BMP,data\SOCOFing\Real\48__F_Left_index_finger.BMP,True,False,"sorted category file list, 8 evenly spaced indexes",Direct Altered,B0,P0 only,neutral common-preprocessing control,grayscale,False,True,False,0.00012969999806955457,0.6989280581474304,0.1772633045911789,0.1772633045911789,1.0,0.362823486328125,185.0,89.0,23778.0,51.0,0.0,0.27655816078186035,2.144839767852637,4421.0,185.0,89.0,23.897297297297296,0.0,0.0,0.0,0.0,0.0,0.0,0.0,-0.05193370580673218,-0.031374379992485046,-0.031374379992485046,-0.016143798828125,0.05110486690240368,0.0,-0.8924462924462944
Hard,5,48__F_Left_index_finger_Obl.BMP,data\SOCOFing\Altered\Altered-Hard\48__F_Left_index_finger_Obl.BMP,data\SOCOFing\Real\48__F_Left_index_finger.BMP,True,False,"sorted category file list, 8 evenly spaced indexes",Direct Altered,B1,P0 -> CLAHE,main M1 enhancement baseline from Direct24,grayscale,False,True,True,0.005882099969312549,0.7508617639541626,0.20863768458366394,0.20863768458366394,1.0,0.37896728515625,195.0,93.0,24836.0,52.0,0.0,0.3569818139076233,2.0937349009502335,4834.0,195.0,93.0,24.78974358974359,0.05193370580673218,0.031374379992485046,0.031374379992485046,0.016143798828125,-0.05110486690240368,0.0,0.8924462924462944,0.0,0.0,0.0,0.0,0.0,0.0,0.0
Hard,5,48__F_Left_index_finger_Obl.BMP,data\SOCOFing\Altered\Altered-Hard\48__F_Left_index_finger_Obl.BMP,data\SOCOFing\Real\48__F_Left_index_finger.BMP,True,False,"sorted category file list, 8 evenly spaced indexes",Direct Altered,C1,P0 -> CLAHE -> Ordinary Gabor,measure exact trade-off of the Direct24 M2 coherence winner,grayscale,False,False,True,0.8884751999867149,0.771378755569458,0.15416434407234192,0.15416434407234192,1.0,0.3332672119140625,218.0,63.0,21841.0,76.0,3.0,0.35694336891174316,3.4796941531981136,4558.0,218.0,63.0,20.908256880733944,0.07245069742202759,-0.023098960518836975,-0.023098960518836975,-0.0295562744140625,1.3348543853454764,3.0,-2.989040416563352,0.02051699161529541,-0.05447334051132202,-0.05447334051132202,-0.0457000732421875,1.38595925224788,3.0,-3.8814867090096463
Hard,5,48__F_Left_index_finger_Obl.BMP,data\SOCOFing\Altered\Altered-Hard\48__F_Left_index_finger_Obl.BMP,data\SOCOFing\Real\48__F_Left_index_finger.BMP,True,False,"sorted category file list, 8 evenly spaced indexes",Direct Altered,C2,P0 -> CLAHE -> Coherence-Guided Directional Diffusion,test whether directional enhancement is more compatible with CLAHE than Ordinary Gabor,grayscale,False,False,True,0.28968849999364465,0.7544113397598267,0.19295647740364075,0.19295647740364075,1.0,0.371246337890625,201.0,84.0,24330.0,58.0,0.0,0.3609946668148041,2.383888203863543,4724.0,201.0,84.0,23.502487562189053,0.05548328161239624,0.015693172812461853,0.015693172812461853,0.0084228515625,0.23904843601090597,0.0,-0.39480973510824313,0.0035495758056640625,-0.015681207180023193,-0.015681207180023193,-0.007720947265625,0.29015330291330965,0.0,-1.2872560275545375
Hard,5,48__F_Left_index_finger_Obl.BMP,data\SOCOFing\Altered\Altered-Hard\48__F_Left_index_finger_Obl.BMP,data\SOCOFing\Real\48__F_Left_index_finger.BMP,True,False,"sorted category file list, 8 evenly spaced indexes",Direct Altered,C3,P0 -> CLAHE -> Total Variation Restoration,test CLAHE followed by the best Direct24 supporting restoration candidate,grayscale,False,False,True,0.013502900023013353,0.7826008796691895,0.1910434514284134,0.1910434514284134,1.0,0.3753662109375,187.0,67.0,24600.0,60.0,1.0,0.2596747875213623,2.4390243902439024,4548.0,187.0,67.0,24.32085561497326,0.08367282152175903,0.013780146837234497,0.013780146837234497,0.012542724609375,0.2941846223912652,1.0,0.4235583176759654,0.031739115715026855,-0.01759423315525055,-0.01759423315525055,-0.00360107421875,0.34528948929366887,1.0,-0.46888797477032895
Hard,5,48__F_Left_index_finger_Obl.BMP,data\SOCOFing\Altered\Altered-Hard\48__F_Left_index_finger_Obl.BMP,data\SOCOFing\Real\48__F_Left_index_finger.BMP,True,False,"sorted category file list, 8 evenly spaced indexes",Direct Altered,C4,P0 -> Total Variation Restoration -> CLAHE,explicit order test for restoration before local contrast enhancement,grayscale,False,False,True,0.03674479998880997,0.7918994426727295,0.19881665706634521,0.19881665706634521,1.0,0.3780670166015625,187.0,62.0,24777.0,61.0,0.0,0.24728578329086304,2.461960689348993,4441.0,187.0,62.0,23.74866310160428,0.09297138452529907,0.02155335247516632,0.02155335247516632,0.0152435302734375,0.31712092149635573,0.0,-0.14863419569301684,0.041037678718566895,-0.009821027517318726,-0.009821027517318726,-0.0009002685546875,0.3682257883987594,0.0,-1.0410804881393112
Hard,5,48__F_Left_index_finger_Obl.BMP,data\SOCOFing\Altered\Altered-Hard\48__F_Left_index_finger_Obl.BMP,data\SOCOFing\Real\48__F_Left_index_finger.BMP,True,False,"sorted category file list, 8 evenly spaced indexes",Direct Altered,C5,P0 -> CLAHE -> Coherence-Guided Directional Diffusion -> Closing,test whether morphology can repair ridge gaps after directional enhancement,morphology-assisted structural output,True,False,False,0.3636648000101559,0.7544113397598267,0.19295647740364075,0.19295647740364075,1.0,0.3790130615234375,168.0,98.0,24839.0,42.0,0.0,0.40673941373825073,1.6908893272676035,4741.0,168.0,98.0,28.220238095238095,0.05548328161239624,0.015693172812461853,0.015693172812461853,0.0161895751953125,-0.45395044058503364,0.0,4.322940797940799,0.0035495758056640625,-0.015681207180023193,-0.015681207180023193,4.57763671875e-05,-0.40284557368262996,0.0,3.4304945054945044
Hard,5,48__F_Left_index_finger_Obl.BMP,data\SOCOFing\Altered\Altered-Hard\48__F_Left_index_finger_Obl.BMP,data\SOCOFing\Real\48__F_Left_index_finger.BMP,True,False,"sorted category file list, 8 evenly spaced indexes",Direct Altered,C6,P0 -> CLAHE -> Total Variation Restoration -> Closing,test whether morphology improves continuity after CLAHE plus TV restoration,morphology-assisted structural output,True,False,False,0.06560430000536144,0.7826008796691895,0.1910434514284134,0.1910434514284134,1.0,0.380706787109375,169.0,79.0,24950.0,47.0,1.0,0.25699397921562195,1.8837675350701404,4571.0,169.0,79.0,27.047337278106507,0.08367282152175903,0.013780146837234497,0.013780146837234497,0.01788330078125,-0.2610722327824968,1.0,3.150039980809211,0.031739115715026855,-0.01759423315525055,-0.01759423315525055,0.001739501953125,-0.20996736588009313,1.0,2.257593688362917
Hard,6,566__M_Left_middle_finger_Zcut.BMP,data\SOCOFing\Altered\Altered-Hard\566__M_Left_middle_finger_Zcut.BMP,data\SOCOFing\Real\566__M_Left_middle_finger.BMP,True,False,"sorted category file list, 8 evenly spaced indexes",Direct Altered,B0,P0 only,neutral common-preprocessing control,grayscale,False,True,False,0.00013470003614202142,0.7534165382385254,0.20936381816864014,0.20936381816864014,1.0,0.3741302490234375,228.0,90.0,24519.0,68.0,0.0,0.36534932255744934,2.7733594355397857,5671.0,228.0,90.0,24.87280701754386,0.0,0.0,0.0,0.0,0.0,0.0,0.0,-0.03014242649078369,-0.03886866569519043,-0.03886866569519043,-0.0458831787109375,0.33929709448042367,0.0,-0.353913630229421
Hard,6,566__M_Left_middle_finger_Zcut.BMP,data\SOCOFing\Altered\Altered-Hard\566__M_Left_middle_finger_Zcut.BMP,data\SOCOFing\Real\566__M_Left_middle_finger.BMP,True,False,"sorted category file list, 8 evenly spaced indexes",Direct Altered,B1,P0 -> CLAHE,main M1 enhancement baseline from Direct24,grayscale,False,True,True,0.004712700028903782,0.7835589647293091,0.24823248386383057,0.24823248386383057,1.0,0.420013427734375,247.0,105.0,27526.0,67.0,0.0,0.45782169699668884,2.434062341059362,6231.0,247.0,105.0,25.22672064777328,0.03014242649078369,0.03886866569519043,0.03886866569519043,0.0458831787109375,-0.33929709448042367,0.0,0.353913630229421,0.0,0.0,0.0,0.0,0.0,0.0,0.0
Hard,6,566__M_Left_middle_finger_Zcut.BMP,data\SOCOFing\Altered\Altered-Hard\566__M_Left_middle_finger_Zcut.BMP,data\SOCOFing\Real\566__M_Left_middle_finger.BMP,True,False,"sorted category file list, 8 evenly spaced indexes",Direct Altered,C1,P0 -> CLAHE -> Ordinary Gabor,measure exact trade-off of the Direct24 M2 coherence winner,grayscale,False,False,True,0.8800358999869786,0.7937101721763611,0.18237635493278503,0.18237635493278503,1.0,0.37164306640625,281.0,72.0,24356.0,99.0,0.0,0.32008540630340576,4.064706848415175,5771.0,281.0,72.0,20.537366548042705,0.04029363393783569,-0.026987463235855103,-0.026987463235855103,-0.0024871826171875,1.291347412875389,0.0,-4.335440469501155,0.010151207447052002,-0.06585612893104553,-0.06585612893104553,-0.048370361328125,1.6306445073558127,0.0,-4.689354099730576
Hard,6,566__M_Left_middle_finger_Zcut.BMP,data\SOCOFing\Altered\Altered-Hard\566__M_Left_middle_finger_Zcut.BMP,data\SOCOFing\Real\566__M_Left_middle_finger.BMP,True,False,"sorted category file list, 8 evenly spaced indexes",Direct Altered,C2,P0 -> CLAHE -> Coherence-Guided Directional Diffusion,test whether directional enhancement is more compatible with CLAHE than Ordinary Gabor,grayscale,False,False,True,0.2983858000370674,0.7866429090499878,0.225702166557312,0.225702166557312,1.0,0.409576416015625,270.0,111.0,26842.0,76.0,0.0,0.41073691844940186,2.8313836524849116,6171.0,270.0,111.0,22.855555555555554,0.0332263708114624,0.016338348388671875,0.016338348388671875,0.0354461669921875,0.05802421694512594,0.0,-2.0172514619883053,0.003083944320678711,-0.022530317306518555,-0.022530317306518555,-0.01043701171875,0.3973213114255496,0.0,-2.3711650922177263
Hard,6,566__M_Left_middle_finger_Zcut.BMP,data\SOCOFing\Altered\Altered-Hard\566__M_Left_middle_finger_Zcut.BMP,data\SOCOFing\Real\566__M_Left_middle_finger.BMP,True,False,"sorted category file list, 8 evenly spaced indexes",Direct Altered,C3,P0 -> CLAHE -> Total Variation Restoration,test CLAHE followed by the best Direct24 supporting restoration candidate,grayscale,False,False,True,0.009100900031626225,0.7992661595344543,0.22505071759223938,0.22505071759223938,1.0,0.414276123046875,260.0,92.0,27150.0,81.0,0.0,0.32585635781288147,2.9834254143646413,5957.0,260.0,92.0,22.911538461538463,0.045849621295928955,0.015686899423599243,0.015686899423599243,0.0401458740234375,0.21006597882485556,0.0,-1.9612685560053968,0.015707194805145264,-0.023181766271591187,-0.023181766271591187,-0.0057373046875,0.5493630733052792,0.0,-2.315182186234818
Hard,6,566__M_Left_middle_finger_Zcut.BMP,data\SOCOFing\Altered\Altered-Hard\566__M_Left_middle_finger_Zcut.BMP,data\SOCOFing\Real\566__M_Left_middle_finger.BMP,True,False,"sorted category file list, 8 evenly spaced indexes",Direct Altered,C4,P0 -> Total Variation Restoration -> CLAHE,explicit order test for restoration before local contrast enhancement,grayscale,False,False,True,0.010443300008773804,0.8032220602035522,0.2390071302652359,0.2390071302652359,1.0,0.4186248779296875,252.0,103.0,27435.0,73.0,0.0,0.3223254978656769,2.660834700200474,5924.0,252.0,103.0,23.50793650793651,0.049805521965026855,0.029643312096595764,0.029643312096595764,0.04449462890625,-0.11252473533931173,0.0,-1.36487050960735,0.019663095474243164,-0.009225353598594666,-0.009225353598594666,-0.0013885498046875,0.22677235914111193,0.0,-1.718784139836771
Hard,6,566__M_Left_middle_finger_Zcut.BMP,data\SOCOFing\Altered\Altered-Hard\566__M_Left_middle_finger_Zcut.BMP,data\SOCOFing\Real\566__M_Left_middle_finger.BMP,True,False,"sorted category file list, 8 evenly spaced indexes",Direct Altered,C5,P0 -> CLAHE -> Coherence-Guided Directional Diffusion -> Closing,test whether morphology can repair ridge gaps after directional enhancement,morphology-assisted structural output,True,False,False,0.35697570006595924,0.7866429090499878,0.225702166557312,0.225702166557312,1.0,0.4205322265625,225.0,175.0,27560.0,41.0,0.0,0.45384615659713745,1.4876632801161103,6251.0,225.0,175.0,27.782222222222224,0.0332263708114624,0.016338348388671875,0.016338348388671875,0.0464019775390625,-1.2856961554236754,0.0,2.909415204678364,0.003083944320678711,-0.022530317306518555,-0.022530317306518555,0.000518798828125,-0.9463990609432518,0.0,2.555501574448943
Hard,6,566__M_Left_middle_finger_Zcut.BMP,data\SOCOFing\Altered\Altered-Hard\566__M_Left_middle_finger_Zcut.BMP,data\SOCOFing\Real\566__M_Left_middle_finger.BMP,True,False,"sorted category file list, 8 evenly spaced indexes",Direct Altered,C6,P0 -> CLAHE -> Total Variation Restoration -> Closing,test whether morphology improves continuity after CLAHE plus TV restoration,morphology-assisted structural output,True,False,False,0.06273299996973947,0.7992661595344543,0.22505071759223938,0.22505071759223938,1.0,0.422637939453125,222.0,161.0,27698.0,45.0,0.0,0.3540327847003937,1.624666040869377,6085.0,222.0,161.0,27.40990990990991,0.045849621295928955,0.015686899423599243,0.015686899423599243,0.0485076904296875,-1.1486933946704088,0.0,2.5371028923660504,0.015707194805145264,-0.023181766271591187,-0.023181766271591187,0.00262451171875,-0.8093963001899851,0.0,2.1831892621366293
Hard,7,9__M_Right_thumb_finger_Zcut.BMP,data\SOCOFing\Altered\Altered-Hard\9__M_Right_thumb_finger_Zcut.BMP,data\SOCOFing\Real\9__M_Right_thumb_finger.BMP,True,False,"sorted category file list, 8 evenly spaced indexes",Direct Altered,B0,P0 only,neutral common-preprocessing control,grayscale,False,True,False,0.00013599998783320189,0.7001280188560486,0.2355526089668274,0.2355526089668274,1.0,0.375152587890625,268.0,36.0,24586.0,110.0,2.0,0.2864231765270233,4.474090946066868,4485.0,268.0,36.0,16.73507462686567,0.0,0.0,0.0,0.0,0.0,0.0,0.0,-0.04186201095581055,-0.007354378700256348,-0.007354378700256348,-0.0280609130859375,0.6897957710432161,2.0,-0.8852261250140288
Hard,7,9__M_Right_thumb_finger_Zcut.BMP,data\SOCOFing\Altered\Altered-Hard\9__M_Right_thumb_finger_Zcut.BMP,data\SOCOFing\Real\9__M_Right_thumb_finger.BMP,True,False,"sorted category file list, 8 evenly spaced indexes",Direct Altered,B1,P0 -> CLAHE,main M1 enhancement baseline from Direct24,grayscale,False,True,True,0.004790399980265647,0.7419900298118591,0.24290698766708374,0.24290698766708374,1.0,0.4032135009765625,266.0,51.0,26425.0,100.0,0.0,0.35553452372550964,3.7842951750236518,4687.0,266.0,51.0,17.6203007518797,0.04186201095581055,0.007354378700256348,0.007354378700256348,0.0280609130859375,-0.6897957710432161,-2.0,0.8852261250140288,0.0,0.0,0.0,0.0,0.0,0.0,0.0
Hard,7,9__M_Right_thumb_finger_Zcut.BMP,data\SOCOFing\Altered\Altered-Hard\9__M_Right_thumb_finger_Zcut.BMP,data\SOCOFing\Real\9__M_Right_thumb_finger.BMP,True,False,"sorted category file list, 8 evenly spaced indexes",Direct Altered,C1,P0 -> CLAHE -> Ordinary Gabor,measure exact trade-off of the Direct24 M2 coherence winner,grayscale,False,False,True,1.0005533000221476,0.7535419464111328,0.18065819144248962,0.18065819144248962,1.0,0.35980224609375,274.0,35.0,23580.0,113.0,2.0,0.3120865225791931,4.792196776929602,4485.0,274.0,35.0,16.368613138686133,0.05341392755508423,-0.05489441752433777,-0.05489441752433777,-0.015350341796875,0.31810583086273425,0.0,-0.3664614881795387,0.011551916599273682,-0.062248796224594116,-0.062248796224594116,-0.0434112548828125,1.0079016019059504,2.0,-1.2516876131935675
Hard,7,9__M_Right_thumb_finger_Zcut.BMP,data\SOCOFing\Altered\Altered-Hard\9__M_Right_thumb_finger_Zcut.BMP,data\SOCOFing\Real\9__M_Right_thumb_finger.BMP,True,False,"sorted category file list, 8 evenly spaced indexes",Direct Altered,C2,P0 -> CLAHE -> Coherence-Guided Directional Diffusion,test whether directional enhancement is more compatible with CLAHE than Ordinary Gabor,grayscale,False,False,True,0.29173640004592016,0.7522608041763306,0.22933179140090942,0.22933179140090942,1.0,0.3988800048828125,256.0,47.0,26141.0,99.0,1.0,0.35668107867240906,3.7871542787192536,4650.0,256.0,47.0,18.1640625,0.05213278532028198,-0.006220817565917969,-0.006220817565917969,0.0237274169921875,-0.6869366673476143,-1.0,1.4289878731343286,0.010270774364471436,-0.013575196266174316,-0.013575196266174316,-0.00433349609375,0.002859103695601828,1.0,0.5437617481202999
Hard,7,9__M_Right_thumb_finger_Zcut.BMP,data\SOCOFing\Altered\Altered-Hard\9__M_Right_thumb_finger_Zcut.BMP,data\SOCOFing\Real\9__M_Right_thumb_finger.BMP,True,False,"sorted category file list, 8 evenly spaced indexes",Direct Altered,C3,P0 -> CLAHE -> Total Variation Restoration,test CLAHE followed by the best Direct24 supporting restoration candidate,grayscale,False,False,True,0.009564099949784577,0.7612887620925903,0.22439703345298767,0.22439703345298767,1.0,0.398651123046875,263.0,42.0,26126.0,105.0,2.0,0.26693713665008545,4.018984919237541,4522.0,263.0,42.0,17.193916349809886,0.06116074323654175,-0.011155575513839722,-0.011155575513839722,0.02349853515625,-0.455106026829327,0.0,0.4588417229442143,0.0192987322807312,-0.01850995421409607,-0.01850995421409607,-0.0045623779296875,0.2346897442138891,2.0,-0.4263844020698144
Hard,7,9__M_Right_thumb_finger_Zcut.BMP,data\SOCOFing\Altered\Altered-Hard\9__M_Right_thumb_finger_Zcut.BMP,data\SOCOFing\Real\9__M_Right_thumb_finger.BMP,True,False,"sorted category file list, 8 evenly spaced indexes",Direct Altered,C4,P0 -> Total Variation Restoration -> CLAHE,explicit order test for restoration before local contrast enhancement,grayscale,False,False,True,0.009845799941103905,0.7658904194831848,0.23657073080539703,0.23657073080539703,1.0,0.405029296875,258.0,47.0,26544.0,101.0,1.0,0.27294304966926575,3.8050030138637734,4574.0,258.0,47.0,17.728682170542637,0.06576240062713623,0.0010181218385696411,0.0010181218385696411,0.029876708984375,-0.6690879322030945,-1.0,0.9936075436769656,0.023900389671325684,-0.0063362568616867065,-0.0063362568616867065,0.0018157958984375,0.020707838840121617,1.0,0.10838141866293682
Hard,7,9__M_Right_thumb_finger_Zcut.BMP,data\SOCOFing\Altered\Altered-Hard\9__M_Right_thumb_finger_Zcut.BMP,data\SOCOFing\Real\9__M_Right_thumb_finger.BMP,True,False,"sorted category file list, 8 evenly spaced indexes",Direct Altered,C5,P0 -> CLAHE -> Coherence-Guided Directional Diffusion -> Closing,test whether morphology can repair ridge gaps after directional enhancement,morphology-assisted structural output,True,False,False,0.34891929995501414,0.7522608041763306,0.22933179140090942,0.22933179140090942,1.0,0.4059906005859375,223.0,82.0,26607.0,71.0,1.0,0.3758409321308136,2.6684707031984063,4686.0,223.0,82.0,21.013452914798208,0.05213278532028198,-0.006220817565917969,-0.006220817565917969,0.0308380126953125,-1.8056202428684616,-1.0,4.2783782879325365,0.010270774364471436,-0.013575196266174316,-0.013575196266174316,0.002777099609375,-1.1158244718252455,1.0,3.3931521629185077
Hard,7,9__M_Right_thumb_finger_Zcut.BMP,data\SOCOFing\Altered\Altered-Hard\9__M_Right_thumb_finger_Zcut.BMP,data\SOCOFing\Real\9__M_Right_thumb_finger.BMP,True,False,"sorted category file list, 8 evenly spaced indexes",Direct Altered,C6,P0 -> CLAHE -> Total Variation Restoration -> Closing,test whether morphology improves continuity after CLAHE plus TV restoration,morphology-assisted structural output,True,False,False,0.06375639996258542,0.7612887620925903,0.22439703345298767,0.22439703345298767,1.0,0.4041595458984375,234.0,81.0,26487.0,77.0,2.0,0.2655642330646515,2.9070864952618267,4611.0,234.0,81.0,19.705128205128204,0.06116074323654175,-0.011155575513839722,-0.011155575513839722,0.0290069580078125,-1.5670044508050411,0.0,2.970053578262533,0.0192987322807312,-0.01850995421409607,-0.01850995421409607,0.000946044921875,-0.877208679761825,2.0,2.0848274532485043
