filename,noise_seed,degraded_mse,degraded_psnr,degraded_ssim,enhanced_mse,enhanced_psnr,enhanced_ssim,delta_mse,delta_psnr,delta_ssim,above_28_17
100__M_Left_index_finger.BMP,20260903,0.00194854966754118,27.102885197844788,0.9030805618406534,0.0012402378129979567,29.064950317973143,0.9442284409844875,-0.0007083118545432234,1.9620651201283543,0.04114787914383411,True
100__M_Left_little_finger.BMP,20260904,0.0017606265888876578,27.543327437384054,0.8360315830876828,0.001101119925085298,29.58165378606391,0.9451587182465792,-0.0006595066638023597,2.038326348679856,0.10912713515889638,True
100__M_Left_middle_finger.BMP,20260905,0.002006458207622953,26.975698817251885,0.9180676572268606,0.001347875801952291,28.703501233880505,0.9430396579003334,-0.0006585824056706622,1.72780241662862,0.024972000673472827,True
100__M_Left_ring_finger.BMP,20260906,0.0019426923923962264,27.11595960522663,0.8937056085785031,0.0012983696632889558,28.86601640455487,0.9433936305345297,-0.0006443227291072706,1.750056799328238,0.04968802195602662,True
100__M_Left_thumb_finger.BMP,20260907,0.001983613956844418,27.025428446442916,0.9183081810625792,0.0014395188401700582,28.417826467787087,0.9495651641521454,-0.0005440951166743597,1.392398021344171,0.03125698308956626,True
100__M_Right_index_finger.BMP,20260908,0.0018457277503645538,27.33832358149783,0.8629819838281274,0.0012865452569282743,28.90574931965478,0.936973811965704,-0.0005591824934362795,1.5674257381569525,0.07399182813757654,True
100__M_Right_little_finger.BMP,20260909,0.0017595979140681288,27.545865615333412,0.8104901290780604,0.0010597187237076167,29.748093922371076,0.9518756379239559,-0.0006998791903605121,2.2022283070376645,0.1413855088458955,True
100__M_Right_middle_finger.BMP,20260910,0.0019924821129826903,27.0060556868607,0.903213450398922,0.001389243413741668,28.572216534826083,0.9261454088122845,-0.0006032386992410224,1.5661608479653815,0.022931958413362485,True
100__M_Right_ring_finger.BMP,20260911,0.0020091650786519823,26.969843789300402,0.8954291673393547,0.0013560587099217011,28.677215074873395,0.9289068159766197,-0.0006531063687302812,1.707371285572993,0.03347764863726499,True
100__M_Right_thumb_finger.BMP,20260912,0.001922316166506854,27.161751816638727,0.892115608337462,0.001406075696340351,28.519912983645614,0.9526561815886497,-0.000516240470166503,1.3581611670068874,0.06054057325118778,True
101__M_Left_index_finger.BMP,20260913,0.0017161171127085856,27.65453077986383,0.815602342308253,0.0009497044242005326,30.22411538829462,0.9501352746617794,-0.000766412688508053,2.569584608430791,0.13453293235352637,True
101__M_Left_little_finger.BMP,20260914,0.0017915296607231772,27.467759972205773,0.828155792743802,0.0010403716838728691,29.828114766464005,0.9535602454493046,-0.000751157976850308,2.3603547942582317,0.1254044527055026,True
101__M_Left_middle_finger.BMP,20260915,0.0017759247500348746,27.50575440211125,0.8396039492769242,0.001007583436125518,29.96718980572907,0.9535405513384342,-0.0007683413139093567,2.46143540361782,0.11393660206151002,True
101__M_Left_ring_finger.BMP,20260916,0.0018434429238589794,27.34370304348522,0.8332831610777676,0.00106550507559681,29.724444771572532,0.958264880137682,-0.0007779378482621693,2.3807417280873118,0.1249817190599144,True
101__M_Left_thumb_finger.BMP,20260917,0.001920853083826639,27.16505850819402,0.9009023645392656,0.0012220004388619388,29.129286381235104,0.9541745571519137,-0.0006988526449647002,1.9642278730410858,0.05327219261264804,True
101__M_Right_index_finger.BMP,20260918,0.0018008184736603657,27.44530062783411,0.834343347489655,0.000949043100869227,30.227140636057804,0.934720324562788,-0.0008517753727911387,2.7818400082236927,0.10037697707313298,True
101__M_Right_little_finger.BMP,20260919,0.0017550390843495813,27.55713207444114,0.8194375643723607,0.000955429011919016,30.198015753563716,0.9582037154645919,-0.0007996100724305653,2.6408836791225774,0.13876615109223123,True
101__M_Right_middle_finger.BMP,20260920,0.0017472524015299683,27.57644353932978,0.8142187826405763,0.0009408961330505425,30.26458316352474,0.9568208952958583,-0.0008063562684794258,2.68813962419496,0.142602112655282,True
101__M_Right_ring_finger.BMP,20260921,0.0017119153211632555,27.665177212365858,0.7983425663143694,0.0009222275014930393,30.351619309470344,0.9464225896915197,-0.0007896878196702162,2.686442097104486,0.14808002337715032,True
101__M_Right_thumb_finger.BMP,20260922,0.0018469927225164113,27.335348157547728,0.858121281169951,0.0010377902206276754,29.83890426093826,0.9527476467959881,-0.0008092025018887358,2.503556103390533,0.0946263656260371,True
102__M_Left_index_finger.BMP,20260923,0.0018485978108354758,27.33157565603557,0.8681470317237377,0.0012612912495559264,28.99184617257251,0.9407151022911072,-0.0005873065612795494,1.66027051653694,0.07256807056736947,True
102__M_Left_little_finger.BMP,20260924,0.0018552723180370993,27.31592335353078,0.8486473994605244,0.0012269600073472014,29.111695928324806,0.9481673347270488,-0.0006283123106898979,1.7957725747940252,0.09951993526652447,True
102__M_Left_middle_finger.BMP,20260925,0.0018953804984295324,27.22303592144263,0.8928348465111852,0.0012389747902581626,29.069375302366524,0.9515430217782259,-0.0006564057081713697,1.8463393809238937,0.05870817526704075,True
102__M_Left_ring_finger.BMP,20260926,0.0018239373997427683,27.389900713874408,0.8663996163203717,0.0010702832748405884,29.705012611764268,0.9593402899105549,-0.0007536541249021798,2.31511189788986,0.09294067359018321,True
102__M_Left_thumb_finger.BMP,20260927,0.0018003151130394674,27.44651472742927,0.8509772991045713,0.0012865648762628722,28.90568309187351,0.9182711598286629,-0.0005137502367765952,1.4591683644442384,0.0672938607240916,True
102__M_Right_index_finger.BMP,20260928,0.0016266776109177482,27.886985107834285,0.7498933188058734,0.0010453739014747642,29.80728346582807,0.8696436045011282,-0.000581303709442984,1.9202983579937865,0.11975028569525481,True
102__M_Right_little_finger.BMP,20260929,0.0017674923692393605,27.52642452498187,0.802248267390132,0.0010195792751536373,29.91579000956684,0.9590553830225468,-0.0007479130940857232,2.389365484584971,0.15680711563241478,True
102__M_Right_middle_finger.BMP,20260930,0.001727623345817366,27.625509358521654,0.8108046016703844,0.001032111021495369,29.862735842693866,0.9232744814587831,-0.0006955123243219971,2.2372264841722114,0.11246987978839873,True
102__M_Right_ring_finger.BMP,20260931,0.0016593883430907736,27.800519650757877,0.7923192567611337,0.0009831031047651197,30.07400932338375,0.9217123071718216,-0.0006762852383256539,2.273489672625871,0.12939305041068794,True
102__M_Right_thumb_finger.BMP,20260932,0.0019214462860462555,27.163717517147358,0.9185971154282689,0.0012265508666322276,29.113144363368374,0.9509605321564675,-0.0006948954194140279,1.9494268462210158,0.032363416728198535,True
103__F_Left_index_finger.BMP,20260933,0.0018760420867329592,27.26757422976751,0.8847074074665904,0.0012118739295963897,29.165425571733714,0.9504221453597546,-0.0006641681571365695,1.8978513419662022,0.06571473789316418,True
103__F_Left_little_finger.BMP,20260934,0.0017167338692757334,27.65297024619617,0.7800264205748438,0.001075139256587446,29.68535280445473,0.9031302320783138,-0.0006415946126882874,2.0323825582585613,0.12310381150346994,True
103__F_Left_middle_finger.BMP,20260935,0.001942671373220636,27.116006594453502,0.8782442579433322,0.0012793318644771655,28.930167829521753,0.9464581314110756,-0.0006633395087434705,1.8141612350682514,0.06821387346774344,True
103__F_Left_ring_finger.BMP,20260936,0.00196769455809708,27.060423154718013,0.8824632970753908,0.001311982314734354,28.820720191257912,0.9282279291200638,-0.0006557122433627262,1.7602970365398996,0.04576463204467296,True
103__F_Left_thumb_finger.BMP,20260937,0.0018929159746588432,27.228686636653183,0.8606000508263111,0.0012181512927312446,29.14298769570229,0.9391283156030178,-0.0006747646819275986,1.9143010590491052,0.07852826477670671,True
103__F_Right_index_finger.BMP,20260938,0.0018427054616241309,27.345440769425615,0.8663069324684143,0.0011037164877473141,29.571424697404183,0.946577116314888,-0.0007389889738768167,2.225983927978568,0.08027018384647366,True
103__F_Right_little_finger.BMP,20260939,0.0015182991335278722,28.18642655817279,0.6677007785265445,0.0009401811504036578,30.26788460186417,0.7997481130149364,-0.0005781179831242144,2.0814580436913808,0.1320473344883919,True
103__F_Right_middle_finger.BMP,20260940,0.0019552759917005583,27.08791932276897,0.8843313550983667,0.001243680181359106,29.052912863077847,0.9526699934470654,-0.0007115958103414523,1.9649935403088783,0.06833863834869869,True
103__F_Right_ring_finger.BMP,20260941,0.001934721743265666,27.133814875205246,0.880372744738549,0.00126202457961986,28.989321865425033,0.9449666131696701,-0.000672697163645806,1.8555069902197872,0.06459386843112114,True
103__F_Right_thumb_finger.BMP,20260942,0.0018527363537319342,27.32186376830995,0.8584118941926658,0.001181472504182288,29.275763810319155,0.8865814198435545,-0.0006712638495496462,1.9539000420092059,0.028169525650888705,True
104__M_Left_index_finger.BMP,20260943,0.0018745322165342555,27.271070912025156,0.8862210293882489,0.0013208219696356895,28.791557159322725,0.9445675948016643,-0.0005537102468985661,1.520486247297569,0.05834656541341543,True
104__M_Left_little_finger.BMP,20260944,0.0019200194980609653,27.16694360954113,0.854877375469029,0.0012394256615164546,29.067795163034763,0.9404415710238219,-0.0006805938365445107,1.9008515534936343,0.08556419555479289,True
104__M_Left_middle_finger.BMP,20260945,0.0020319993247562033,26.920764407063782,0.872109222517103,0.0012644685593992092,28.980919647768218,0.9344502209380865,-0.0007675307653569941,2.060155240704436,0.06234099842098351,True
104__M_Left_ring_finger.BMP,20260946,0.0019310740865766895,27.14201063986416,0.8571610224673748,0.0012799026320660333,28.92823067824672,0.9419405587408543,-0.0006511714545106562,1.7862200383825595,0.08477953627347945,True
104__M_Left_thumb_finger.BMP,20260947,0.0019063904571996076,27.197881445998743,0.8948993438842595,0.0014090828419765224,28.510634733522053,0.9401386968823672,-0.0004973076152230852,1.3127532875233108,0.04523935299810766,True
104__M_Right_index_finger.BMP,20260948,0.0017727414811670172,27.513545929318745,0.8536608864407241,0.0010582981468378909,29.753919643560867,0.9268537940859795,-0.0007144433343291264,2.2403737142421214,0.07319290764525532,True
104__M_Right_little_finger.BMP,20260949,0.0018511942151954509,27.325480155188487,0.8675463790373206,0.0012396559188008415,29.06698841694695,0.938005592802763,-0.0006115382963946094,1.7415082617584616,0.0704592137654424,True
104__M_Right_middle_finger.BMP,20260950,0.001934105217901371,27.135199034117605,0.8971516556446553,0.0013774863821110705,28.609126859086643,0.952027088432312,-0.0005566188357903005,1.4739278249690386,0.05487543278765672,True
104__M_Right_ring_finger.BMP,20260951,0.0018494802506543687,27.329503018601432,0.8708009880930483,0.0012383539959810604,29.07155190109725,0.9430050207797289,-0.0006111262546733083,1.7420488824958191,0.07220403268668063,True
104__M_Right_thumb_finger.BMP,20260952,0.0018796589094311374,27.259209524339532,0.9085053022445142,0.0011303302698828586,29.46794641976173,0.9483914110836983,-0.0007493286395482788,2.2087368954221986,0.03988610883918409,True
105__M_Left_index_finger.BMP,20260953,0.0018860881737337407,27.24438008061628,0.8709610558123588,0.0012656723709405181,28.976787002484926,0.9379829879623651,-0.0006204158027932226,1.7324069218686446,0.06702193215000629,True
105__M_Left_little_finger.BMP,20260954,0.001719687744318285,27.645504038079608,0.7962354832362533,0.0010271788768155547,29.883539201326688,0.9568762893593311,-0.0006925088675027303,2.23803516324708,0.16064080612307785,True
105__M_Left_middle_finger.BMP,20260955,0.0019156796122659337,27.176771227417,0.892408282068491,0.0012793142349145261,28.93022767696822,0.9493871353538036,-0.0006363653773514076,1.7534564495512193,0.0569788532853126,True
105__M_Left_ring_finger.BMP,20260956,0.0017599883269132418,27.5449021262561,0.842911131609261,0.0010513006874958394,29.78273051580181,0.9352017925407886,-0.0007086876394174024,2.237828389545708,0.0922906609315276,True
105__M_Left_thumb_finger.BMP,20260957,0.0018790817088992838,27.260543348794904,0.8766202702115774,0.0013483373475760717,28.702014357966803,0.9372556384615898,-0.0005307443613232121,1.4414710091718987,0.06063536825001237,True
105__M_Right_index_finger.BMP,20260958,0.0017985336486025755,27.450814325934708,0.848561615553528,0.0011922853648043393,29.23619786938469,0.9075572551647425,-0.0006062482837982362,1.7853835434499814,0.05899563961121446,True
105__M_Right_little_finger.BMP,20260959,0.0016506971938018953,27.823325870171,0.7826177242683172,0.0009861216888977945,30.060694891603355,0.9228428536889554,-0.0006645755049041009,2.237369021432354,0.14022512942063814,True
105__M_Right_middle_finger.BMP,20260960,0.0018403757446950812,27.35093499170825,0.8401181998926998,0.0011252958360625752,29.487332881485365,0.9358853208143711,-0.000715079908632506,2.1363978897771148,0.09576712092167139,True
105__M_Right_ring_finger.BMP,20260961,0.0017476413675172752,27.575476838801546,0.8085184523175954,0.0011123927559264831,29.537418479914443,0.9050169041725397,-0.000635248611590792,1.9619416411128974,0.09649845185494421,True
105__M_Right_thumb_finger.BMP,20260962,0.0017684032295283592,27.524187006395717,0.8272064257186055,0.0010699345471677619,29.706427892991986,0.9211064187390804,-0.0006984686823605973,2.1822408865962686,0.09389999302047491,True
106__M_Left_index_finger.BMP,20260963,0.0017974732819058105,27.453375563593283,0.8416337415627837,0.0011612526898913077,29.350732670102726,0.9457728973397016,-0.0006362205920145028,1.8973571065094426,0.1041391557769179,True
106__M_Left_little_finger.BMP,20260964,0.0017332691350168527,27.611339965603992,0.8047386461895406,0.0010463657608803724,29.803164797461097,0.9424330096490383,-0.0006869033741364803,2.1918248318571045,0.1376943634594977,True
106__M_Left_middle_finger.BMP,20260965,0.0019032148449206134,27.205121834960302,0.9033115825352669,0.0011549046257573522,29.37453879163649,0.952514836820364,-0.0007483102191632612,2.169416956676187,0.04920325428509709,True
106__M_Left_ring_finger.BMP,20260966,0.0018529800185990459,27.321292638213954,0.8436594015962183,0.0011982825687147402,29.21440758271185,0.9503246349183321,-0.0006546974498843057,1.8931149444978956,0.10666523332211375,True
106__M_Left_thumb_finger.BMP,20260967,0.0018353792891331328,27.36274173288725,0.8534755678891539,0.001210831035581255,29.169164558944033,0.9560138202180862,-0.0006245482535518778,1.8064228260567816,0.10253825232893232,True
106__M_Right_index_finger.BMP,20260968,0.0017690855516998346,27.52251164414892,0.8263118390054107,0.0010675538733232875,29.716101993974,0.9466167043819428,-0.000701531678376547,2.1935903498250795,0.12030486537653207,True
106__M_Right_little_finger.BMP,20260969,0.0018084795506060215,27.426863976622037,0.8365257764366865,0.0012424414993554883,29.057240509690573,0.9347342026970387,-0.0005660380512505332,1.6303765330685351,0.0982084262603522,True
106__M_Right_middle_finger.BMP,20260970,0.0018387014591850753,27.35488779273975,0.852168916274786,0.001162032872111127,29.3478158625331,0.940767779309988,-0.0006766685870739483,1.9929280697933507,0.08859886303520204,True
106__M_Right_ring_finger.BMP,20260971,0.0018889394041802228,27.23781973709854,0.8640045129228234,0.0012902193925304506,28.89336434767445,0.9327746220583916,-0.0005987200116497721,1.6555446105759088,0.06877010913556814,True
106__M_Right_thumb_finger.BMP,20260972,0.0018541678540618925,27.318509526116475,0.8579610128319264,0.0012659165786000326,28.975949125235427,0.9480746951019764,-0.0005882512754618598,1.657439599118952,0.09011368227005001,True
107__M_Left_index_finger.BMP,20260973,0.001787301965198117,27.478020671135944,0.8554687711025775,0.0010889319252172373,29.629992693962972,0.9529152909009456,-0.0006983700399808797,2.151972022827028,0.09744651979836816,True
107__M_Left_little_finger.BMP,20260974,0.0017352576548557248,27.606360310896896,0.8059777600064874,0.0010735167544116623,29.691911731264273,0.9555516177985668,-0.0006617409004440625,2.085551420367377,0.14957385779207943,True
107__M_Left_middle_finger.BMP,20260975,0.0018385255156267825,27.35530338479906,0.8587999022002221,0.001166572716672041,29.33088184889836,0.9533468063462973,-0.0006719527989547415,1.9755784640993,0.09454690414607525,True
107__M_Left_ring_finger.BMP,20260976,0.0018016457848446575,27.443305900543628,0.8362289163940549,0.0011300901599799501,29.468869065875687,0.9532064613059759,-0.0006715556248647074,2.025563165332059,0.11697754491192092,True
107__M_Left_thumb_finger.BMP,20260977,0.0018342532684927741,27.365406983744307,0.8664566483824253,0.001103612969846314,29.571832042606424,0.9430414155067205,-0.0007306402986464601,2.2064250588621164,0.07658476712429518,True
107__M_Right_index_finger.BMP,20260978,0.0016718036692439872,27.768147259223618,0.7775756748872399,0.0009279188898763999,30.32489984146023,0.9273815463628768,-0.0007438847793675873,2.556752582236612,0.14980587147563695,True
107__M_Right_little_finger.BMP,20260979,0.0015850631711622227,27.999534247140744,0.7416468294937014,0.000815760799584828,30.884371680224024,0.9367535318641662,-0.0007693023715773946,2.8848374330832804,0.1951067023704648,True
107__M_Right_middle_finger.BMP,20260980,0.0019192626202720183,27.168655949720055,0.8994494934488833,0.0012504532588529917,29.029325372814263,0.934506222899437,-0.0006688093614190267,1.8606694230942082,0.035056729450553714,True
107__M_Right_ring_finger.BMP,20260981,0.0016651324260242167,27.78551221854604,0.7845726843255162,0.0009537269867697467,30.205759283445246,0.9349805594359636,-0.0007114054392544701,2.4202470648992076,0.1504078751104474,True
107__M_Right_thumb_finger.BMP,20260982,0.0019040659141149492,27.203180214762753,0.8968843046285808,0.0012573632446011434,29.005392391506255,0.9590447954789401,-0.0006467026695138058,1.8022121767435024,0.06216049085035924,True
108__M_Left_index_finger.BMP,20260983,0.0018388179510130662,27.354612652067694,0.8786367446829975,0.0011952455960818657,29.225428478002282,0.9515870691432953,-0.0006435723549312006,1.8708158259345886,0.07295032446029781,True
108__M_Left_little_finger.BMP,20260984,0.0017237111698514488,27.635355040846598,0.8132801981957555,0.0010741099164351953,29.689512738890578,0.9460466965025663,-0.0006496012534162536,2.05415769804398,0.13276649830681087,True
108__M_Left_middle_finger.BMP,20260985,0.0018833487725648378,27.250692466459423,0.8930727829505205,0.0012266499625442433,29.112793500876567,0.9504285263136625,-0.0006566988100205945,1.8621010344171438,0.057355743363141976,True
108__M_Left_ring_finger.BMP,20260986,0.0017712905282041612,27.5171019970902,0.8472667361695171,0.0010728230556764837,29.6947190178073,0.9565929005564451,-0.0006984674725276775,2.1776170207171006,0.109326164386928,True
108__M_Left_thumb_finger.BMP,20260987,0.0018611254465049631,27.302243528828058,0.8770160744206905,0.0012500253452651388,29.030811812341835,0.9537283076841832,-0.0006111001012398243,1.728568283513777,0.07671223326349264,True
108__M_Right_index_finger.BMP,20260988,0.0017910219983729104,27.46899079861023,0.8584827785443068,0.0011218644337541855,29.50059620111603,0.9242413834990263,-0.0006691575646187249,2.0316054025058,0.06575860495471952,True
108__M_Right_little_finger.BMP,20260989,0.0017340056662690005,27.60949487698713,0.8162556682573557,0.0010280350317654172,29.87992085882389,0.9561317593375445,-0.0007059706345035833,2.270425981836759,0.13987609108018872,True
108__M_Right_middle_finger.BMP,20260990,0.0018460939100983314,27.33746210352288,0.885696290066719,0.0012119032658013437,29.165320442005154,0.9445262755633592,-0.0006341906442969877,1.8278583384822724,0.0588299854966402,True
108__M_Right_ring_finger.BMP,20260991,0.0018275070783909339,27.381409322359463,0.8723597832294703,0.0011940636437060936,29.22972524652428,0.9582605876368284,-0.0006334434346848402,1.8483159241648153,0.08590080440735814,True
108__M_Right_thumb_finger.BMP,20260992,0.001944432968599124,27.112070239072615,0.9150179650461078,0.0013448904600028323,28.713130870769163,0.9569367832859754,-0.0005995425085962916,1.6010606316965479,0.04191881823986765,True
109__F_Left_index_finger.BMP,20260993,0.0018319590485711733,27.370842387349512,0.8697692794799805,0.0011546664113169195,29.375434674167884,0.9476294106404781,-0.0006772926372542538,2.0045922868183723,0.07786013116049761,True
109__F_Left_little_finger.BMP,20260994,0.0017945649515745885,27.460408184118485,0.8255062593578398,0.0011399513693363288,29.431136753998175,0.9465673212339878,-0.0006546135822382596,1.9707285698796895,0.12106106187614796,True
109__F_Left_middle_finger.BMP,20260995,0.0019282481872165294,27.148370682539024,0.8728190300066769,0.0012731260957356163,28.951285798733537,0.940936066220522,-0.0006551220914809131,1.8029151161945123,0.06811703621384502,True
109__F_Left_ring_finger.BMP,20260996,0.001794576913729349,27.460379235149624,0.8196027798008323,0.001096452367875862,29.600102302135415,0.9456484936873912,-0.0006981245458534868,2.139723066985791,0.12604571388655894,True
109__F_Left_thumb_finger.BMP,20260997,0.0019488306649316886,27.102258953516916,0.8999612354679704,0.0013745496621231754,28.618395645899362,0.9394083200707436,-0.0005742810028085132,1.516136692382446,0.03944708460277324,True
109__F_Right_index_finger.BMP,20260998,0.0017923516673667606,27.46576775805036,0.844587992781192,0.001170396685946603,29.31666916613727,0.9457612240934372,-0.0006219549814201575,1.8509014080869086,0.1011732313122452,True
109__F_Right_little_finger.BMP,20260999,0.0017896061301460918,27.472425412694612,0.8093289222462178,0.001151748001057131,29.386425328244567,0.9129779793086052,-0.0006378581290889609,1.9139999155499545,0.10364905706238747,True
109__F_Right_middle_finger.BMP,20261000,0.0018332587364184101,27.367762366914047,0.8427666362484098,0.0011905444023269673,29.24254402589231,0.9407739574798346,-0.0006427143340914428,1.8747816589782644,0.09800732123142486,True
109__F_Right_ring_finger.BMP,20261001,0.0018313184666985131,27.37236125221399,0.8494894656795859,0.0011610194181280763,29.35160516596181,0.9404632735744715,-0.0006702990485704368,1.979243913747819,0.09097380789488552,True
109__F_Right_thumb_finger.BMP,20261002,0.0018990324815302832,27.21467606917156,0.8890105073850751,0.0013529366773861397,28.687225295704017,0.9411143372535705,-0.0005460958041441435,1.4725492265324576,0.05210382986849538,True
10__M_Left_index_finger.BMP,20261003,0.0019112710989837337,27.18677707271379,0.8751274038925468,0.0013409246442880917,28.725956274350594,0.9321914759361744,-0.000570346454695642,1.5391792016368022,0.05706407204362751,True
10__M_Left_little_finger.BMP,20261004,0.0017775537981552887,27.50177246357176,0.8060078841074705,0.0011684097229550509,29.324048376894524,0.9364433005821705,-0.0006091440752002378,1.8222759133227626,0.13043541647470003,True
10__M_Left_middle_finger.BMP,20261005,0.001948173290121276,27.103724152211633,0.916555137616992,0.0013133330324094253,28.81625132403942,0.9537936803710461,-0.0006348402577118508,1.7125271718277872,0.03723854275405403,True
10__M_Left_ring_finger.BMP,20261006,0.001986635064923875,27.01881903320871,0.896052860301137,0.0013465775432177313,28.707686325072714,0.9474155764191151,-0.0006400575217061436,1.6888672918640033,0.05136271611797816,True
10__M_Left_thumb_finger.BMP,20261007,0.0019360246399888284,27.130891196809902,0.9104307546854019,0.001313594068871298,28.815388211429365,0.9540519572913647,-0.0006224305711175304,1.6844970146194633,0.043621202605962806,True
10__M_Right_index_finger.BMP,20261008,0.0018775811533704387,27.264012827129896,0.8868157451466322,0.0012453407238630385,29.04711809814113,0.9467238799526692,-0.0006322404295074002,1.7831052710112338,0.05990813480603696,True
10__M_Right_little_finger.BMP,20261009,0.0017085088732643429,27.67382761319574,0.8002930418992042,0.0010701491296386412,29.705556973930847,0.9165212643646001,-0.0006383597436257016,2.031729360735106,0.11622822246539588,True
10__M_Right_middle_finger.BMP,20261010,0.0018924160032976823,27.229833879778962,0.9116788632465601,0.0012105269669568889,29.17025531319217,0.9503562296578885,-0.0006818890363407934,1.9404214334132064,0.03867736641132835,True
10__M_Right_ring_finger.BMP,20261011,0.001683810986385568,27.737066611599364,0.7906025743829012,0.0010878888248781584,29.634154844254738,0.8734192402664424,-0.0005959221615074097,1.8970882326553742,0.0828166658835412,True
10__M_Right_thumb_finger.BMP,20261012,0.001862848627945808,27.29822433734322,0.8919271901786328,0.001197475707106573,29.217332882487472,0.9614547382376194,-0.000665372920839235,1.919108545144251,0.06952754805898664,True
110__F_Left_index_finger.BMP,20261013,0.0018382876886720034,27.355865213363707,0.8420482459954619,0.001074670746867085,29.687245726984308,0.9418974614530802,-0.0007636169418049185,2.3313805136206014,0.09984921545761827,True
110__F_Left_little_finger.BMP,20261014,0.0017159664593832853,27.654912052094097,0.7855195763030648,0.0010622952223726953,29.737547717386825,0.9443703274157047,-0.00065367123701059,2.0826356652927274,0.1588507511126399,True
110__F_Left_middle_finger.BMP,20261015,0.001865591999714344,27.291833293178232,0.8436714245964885,0.0011392316324868369,29.433879646976028,0.9535141677086353,-0.0007263603672275072,2.142046353797795,0.10984274311214681,True
110__F_Left_ring_finger.BMP,20261016,0.0017510264522385159,27.567072931087594,0.7888471164389252,0.001039980949271865,29.82974616183801,0.9351028872365952,-0.000711045502966651,2.2626732307504156,0.14625577079766994,True
110__F_Left_thumb_finger.BMP,20261017,0.0019247760991705847,27.156197828049237,0.8973243649214506,0.0012906046835313338,28.892067631959453,0.9273888189764022,-0.0006341714156392509,1.7358698039102158,0.030064454054951617,True
110__F_Right_index_finger.BMP,20261018,0.0019720219326505063,27.05088259183794,0.8875640001668632,0.0013942559671359213,28.55657488139139,0.9396363996778726,-0.000577765965514585,1.5056922895534512,0.05207239951100939,True
110__F_Right_little_finger.BMP,20261019,0.0019385515033170436,27.12522656194425,0.8141677468152047,0.0011355257345961795,29.448030188493824,0.8943641154613495,-0.000803025768720864,2.3228036265495753,0.08019636864614488,True
110__F_Right_middle_finger.BMP,20261020,0.0018723645459184986,27.27609591031957,0.8293340826209188,0.0012750478040364323,28.94473532375089,0.8801890111669302,-0.0005973167418820663,1.6686394134313218,0.05085492854601137,True
110__F_Right_ring_finger.BMP,20261021,0.001891702539608896,27.23147153115397,0.8182097393324971,0.0011187553684522773,29.512648676683387,0.9353184448919296,-0.0007729471711566188,2.2811771455294156,0.11710870555943254,True
110__F_Right_thumb_finger.BMP,20261022,0.0019280186652517513,27.14888765984744,0.8975593503049016,0.0012994039624515377,28.86255813214629,0.952701271096468,-0.0006286147028002136,1.7136704722988512,0.05514192079156632,True
111__M_Left_index_finger.BMP,20261023,0.0018634300260976734,27.296869108523076,0.8747360160295368,0.0013176469889891343,28.80200926061423,0.9226897692413331,-0.0005457830371085391,1.5051401520911547,0.04795375321179629,True
111__M_Left_little_finger.BMP,20261024,0.0017174690623505645,27.651110773667803,0.8050694642595053,0.000999470763401383,30.002299053769377,0.9385604452276229,-0.0007179982989491815,2.3511882801015744,0.13349098096811762,True
111__M_Left_middle_finger.BMP,20261025,0.0018166410477098022,27.407308769843326,0.8406607285861671,0.00122531731025878,29.11751431095654,0.9299890277904272,-0.0005913237374510223,1.7102055411132149,0.08932829920426011,True
111__M_Left_ring_finger.BMP,20261026,0.0019295309296188433,27.145482554677432,0.8838940163068175,0.001266773611826789,28.973009919984023,0.9409853157775402,-0.0006627573177920543,1.8275273653065902,0.05709129947072267,True
111__M_Left_thumb_finger.BMP,20261027,0.0019041172496185054,27.20306312624593,0.8796347168340684,0.0012307861180632185,29.098174107691857,0.9392328782562017,-0.000673331131555287,1.895110981445928,0.05959816142213337,True
111__M_Right_index_finger.BMP,20261028,0.001841189415408722,27.349015304339392,0.8888937685300707,0.0012186546684531453,29.141193434649608,0.9456147369420529,-0.0006225347469555767,1.7921781303102158,0.05672096841198215,True
111__M_Right_little_finger.BMP,20261029,0.0017354969819941078,27.60576137224171,0.8107210774055124,0.0010563196428088003,29.76204644205085,0.9294816163048745,-0.0006791773391853074,2.1562850698091403,0.11876053889936211,True
111__M_Right_middle_finger.BMP,20261030,0.0018591791423443,27.306787615012453,0.8967532942993045,0.0011583141687335733,29.361736312457115,0.9281249390672446,-0.0007008649736107268,2.0549486974446616,0.03137164476794008,True
111__M_Right_ring_finger.BMP,20261031,0.001849002147690414,27.330625843900137,0.8726769227287173,0.0011887352030909384,29.249148759480732,0.9285308569731713,-0.0006602669445994755,1.9185229155805956,0.05585393424445395,True
111__M_Right_thumb_finger.BMP,20261032,0.0019261910745685452,27.15300633870491,0.9012498319586515,0.0013206014592972658,28.792282271566023,0.9391297515197993,-0.0006055896152712794,1.6392759328611142,0.03787991956114778,True
112__M_Left_index_finger.BMP,20261033,0.0018643658826552952,27.294688531274133,0.8296782981929183,0.0012223364477984512,29.12809238192418,0.9247232547552585,-0.000642029434856844,1.833403850650047,0.09504495656234024,True
112__M_Left_little_finger.BMP,20261034,0.0017514282354439189,27.566076531445898,0.7846755461003184,0.0010140919253621287,29.93922675310365,0.9604816591016054,-0.0007373363100817902,2.3731502216577525,0.175806113001287,True
112__M_Left_middle_finger.BMP,20261035,0.0019145757116318758,27.179274548614536,0.8171922547157406,0.0011383808982025976,29.43712400234741,0.9304598804761172,-0.0007761948134292782,2.2578494537328737,0.11326762576037652,True
112__M_Left_ring_finger.BMP,20261036,0.0018307790326621966,27.373640700546854,0.7945870402979255,0.001020780967473457,29.910674359958666,0.9585625611803532,-0.0008099980651887395,2.5370336594118115,0.16397552088242773,True
112__M_Left_thumb_finger.BMP,20261037,0.0019459342028195661,27.108718484641138,0.8645209055796266,0.0012389145843486008,29.06958634564048,0.9509919924634695,-0.0007070196184709653,1.9608678609993433,0.08647108688384297,True
112__M_Right_index_finger.BMP,20261038,0.0018074561062259074,27.429322406753933,0.8305195903616548,0.0011897469195149793,29.245454110002097,0.8825641797866821,-0.0006177091867109281,1.816131703248164,0.05204458942502732,True
112__M_Right_little_finger.BMP,20261039,0.0018749899926967261,27.270010458712967,0.8502818296902179,0.0013408197948175339,28.726295870815143,0.9296694060001374,-0.0005341701978791922,1.4562854121021758,0.07938757630991944,True
112__M_Right_middle_finger.BMP,20261040,0.0017987442071300103,27.450305917019108,0.8220304839711189,0.0010839920894190037,29.649738871096346,0.9307117184433937,-0.0007147521177110067,2.1994329540772384,0.10868123447227485,True
112__M_Right_ring_finger.BMP,20261041,0.0019098313528315666,27.190049813221027,0.846036587259531,0.0013136700896734313,28.815136882191858,0.9167998403213025,-0.0005961612631581353,1.6250870689708314,0.07076325306177145,True
112__M_Right_thumb_finger.BMP,20261042,0.0017369752386701325,27.60206372563595,0.7601762411620617,0.0011531839672493604,29.38101404250822,0.7709365929881334,-0.0005837912714207721,1.778950316872269,0.010760351826071712,True
113__M_Left_index_finger.BMP,20261043,0.00195172831698367,27.095806367956822,0.8796733811921478,0.001286458126125297,28.906043453950915,0.9505569400098324,-0.0006652701908583731,1.8102370859940926,0.0708835588176846,True
113__M_Left_little_finger.BMP,20261044,0.0018262963939846826,27.384287383974865,0.8271075096171498,0.0011578204000366665,29.363588027176487,0.9514897980782986,-0.0006684759939480161,1.979300643201622,0.12438228846114874,True
113__M_Left_middle_finger.BMP,20261045,0.0019682869610019717,27.059115845151887,0.8763446575587391,0.0013121774122155107,28.820074424471798,0.9374003948953151,-0.0006561095487864609,1.7609585793199116,0.06105573733657599,True
113__M_Left_ring_finger.BMP,20261046,0.0019466104276197635,27.107209545219302,0.8837120344201624,0.0013536236080174202,28.685020798796042,0.9341249337427616,-0.0005929868196023432,1.5778112535767406,0.05041289932259918,True
113__M_Left_thumb_finger.BMP,20261047,0.0018882638165916036,27.23937328848436,0.8777920923807323,0.0012506084608498336,29.028786374753043,0.9535994825177193,-0.00063765535574177,1.7894130862686843,0.07580739013698701,True
113__M_Right_index_finger.BMP,20261048,0.0017649841270006073,27.532591959911983,0.79621187808007,0.0011362272891668865,29.44534784331536,0.928905038164854,-0.0006287568378337209,1.9127558834033778,0.13269316008478405,True
113__M_Right_little_finger.BMP,20261049,0.0019303613402241095,27.143613887243564,0.8789713869490623,0.0013025879154269578,28.85192955248174,0.9488147084488868,-0.0006277734247971518,1.7083156652381746,0.06984332149982453,True
113__M_Right_middle_finger.BMP,20261050,0.0017981927157911162,27.45163765928931,0.8184167458167673,0.0011526487278886257,29.383030246940827,0.9213017269154787,-0.0006455439879024904,1.9313925876515157,0.10288498109871147,True
113__M_Right_ring_finger.BMP,20261051,0.0017655916474905904,27.531097343645975,0.7889936251890362,0.0010396641638375764,29.831069254573933,0.9495915608557463,-0.000725927483653014,2.299971910927958,0.1605979356667101,True
113__M_Right_thumb_finger.BMP,20261052,0.0019020712430211637,27.207732203788815,0.8835037894292176,0.0013413511143424703,28.724575256069546,0.941518579052329,-0.0005607201286786934,1.5168430522807306,0.05801478962311146,True
114__F_Left_index_finger.BMP,20261053,0.0018926915783162353,27.229201502983642,0.8416368918140531,0.0012250346701607909,29.118516199962254,0.9317899571797847,-0.0006676569081554445,1.8893146969786123,0.09015306536573164,True
114__F_Left_little_finger.BMP,20261054,0.0017421143758237145,27.58923335460117,0.7815157400400042,0.0009057669967950529,30.42983507643917,0.9403643479368686,-0.0008363473790286616,2.8406017218379986,0.1588486078968644,True
114__F_Left_middle_finger.BMP,20261055,0.0019827712001419906,27.027273978717126,0.8349578850134611,0.0009369513606977608,30.28282953753469,0.9301121629338265,-0.0010458198394442298,3.255555558817562,0.09515427792036535,True
114__F_Left_ring_finger.BMP,20261056,0.0018873751350488056,27.241417707997332,0.8078567900188566,0.0009355614293758484,30.28927691260626,0.9353114558038712,-0.0009518137056729573,3.0478592046089297,0.12745466578501463,True
114__F_Left_thumb_finger.BMP,20261057,0.0020148256421989538,26.95762530618255,0.883600865500629,0.0013836048156587587,28.589879350861338,0.9162184962663651,-0.0006312208265401951,1.6322540446787883,0.032617630765736094,True
114__F_Right_index_finger.BMP,20261058,0.0017386994331071049,27.597754874769038,0.7867236526393294,0.0011908536427968962,29.241416104999782,0.8206597012950182,-0.0005478457903102087,1.6436612302307445,0.03393604865568878,True
114__F_Right_little_finger.BMP,20261059,0.0017697363529194084,27.52091427988883,0.7923666439495682,0.0010011976704503056,29.9948016956297,0.9502487104606628,-0.0007685386824691027,2.473887415740869,0.1578820665110946,True
114__F_Right_middle_finger.BMP,20261060,0.0019281864490624464,27.148509736054365,0.9144864563652874,0.0012516013930660584,29.025339621441205,0.9522611899189949,-0.000676585055996388,1.8768298853868401,0.03777473355370753,True
114__F_Right_ring_finger.BMP,20261061,0.0018904223890138382,27.234411478253353,0.8721841941128076,0.0011542486248703261,29.377006341791045,0.9483752136200666,-0.000736173764143512,2.142594863537692,0.07619101950725904,True
114__F_Right_thumb_finger.BMP,20261062,0.0018799309885569975,27.2585809320387,0.8966322152503728,0.001226284634649169,29.11408713414564,0.9411675277936459,-0.0006536463539078285,1.855506202106941,0.04453531254327303,True
115__F_Left_index_finger.BMP,20261063,0.0018414293929157187,27.348449289160293,0.8334832186358273,0.0011607849562762233,29.352482289719056,0.9285542887079715,-0.0006806444366394954,2.0040330005587634,0.09507107007214421,True
115__F_Left_little_finger.BMP,20261064,0.001759797698047383,27.545372547264808,0.7773034537776411,0.0010615160094111528,29.740734515719417,0.9360127369532585,-0.0006982816886362301,2.195361968454609,0.1587092831756174,True
115__F_Left_middle_finger.BMP,20261065,0.001896775243948422,27.219841272535902,0.8217677953273058,0.0012606377390284016,28.994096957773895,0.9314949783244133,-0.0006361375049200205,1.7742556852379927,0.10972718299710749,True
115__F_Left_ring_finger.BMP,20261066,0.0019014518941208602,27.209146575687996,0.8370964778087437,0.0012875202788884023,28.90245921945043,0.9236055240062475,-0.0006139316152324579,1.693312643762436,0.08650904619750377,True
115__F_Left_thumb_finger.BMP,20261067,0.0019889614678411417,27.013736303828864,0.8937097432590425,0.0014212386625071958,28.473329867405873,0.9480959823631048,-0.0005677228053339459,1.459593563577009,0.05438623910406226,True
115__F_Right_index_finger.BMP,20261068,0.001939730925807493,27.12258510039736,0.8627529187272787,0.0013315909470225998,28.756291661073607,0.9376434652674198,-0.0006081399787848931,1.6337065606762486,0.07489054654014116,True
115__F_Right_little_finger.BMP,20261069,0.0018809564058959113,27.256212697862743,0.8271420451866388,0.001193366604379701,29.232261197821423,0.9348342441811561,-0.0006875898015162103,1.9760484999586794,0.10769219899451732,True
115__F_Right_middle_finger.BMP,20261070,0.001955147604051662,27.08820449927793,0.8641413964313864,0.0014026486314028524,28.530511076989157,0.9255861660648584,-0.0005524989726488096,1.4423065777112285,0.06144476963347201,True
115__F_Right_ring_finger.BMP,20261071,0.0018448157395456533,27.3404700473245,0.8109700510780216,0.0012461227642150611,29.044391702010593,0.9457341517045498,-0.0005986929753305922,1.7039216546860914,0.13476410062652822,True
115__F_Right_thumb_finger.BMP,20261072,0.001977998060964654,27.03774138478356,0.8935299827292561,0.0014360500005375254,28.42830438520252,0.9503650803455115,-0.0005419480604271284,1.390563000418961,0.05683509761625538,True
116__M_Left_index_finger.BMP,20261073,0.0017982358784636157,27.451533415259437,0.8210998273114264,0.0011110369195788516,29.54271509283288,0.9251807255284786,-0.0006871989588847641,2.0911816775734415,0.10408089821705224,True
116__M_Left_little_finger.BMP,20261074,0.0016753876459281519,27.758846913079765,0.7916175254887938,0.0009729664564265071,30.11902132023513,0.9520765792878866,-0.0007024211895016448,2.360174407155366,0.16045905379909275,True
116__M_Left_middle_finger.BMP,20261075,0.001816479521694521,27.407694938459677,0.8655399918526709,0.0011531783815764106,29.381035078465043,0.9541160207670927,-0.0006633011401181105,1.9733401400053658,0.08857602891442173,True
116__M_Left_ring_finger.BMP,20261076,0.0017900290935865888,27.471399103153956,0.8430560692918897,0.0010804160802364798,29.66408960669332,0.9611484398568869,-0.000709613013350109,2.192690503539364,0.11809237056499722,True
116__M_Left_thumb_finger.BMP,20261077,0.0019256605875539055,27.154202581991747,0.9005789267373681,0.0013050203007461355,28.843827324379987,0.9565527215079069,-0.00062064028680777,1.68962474238824,0.055973794770538876,True
116__M_Right_index_finger.BMP,20261078,0.0018458821061951515,27.337960401811337,0.840631695969522,0.0011988212338175947,29.212455733272087,0.9507094479657412,-0.0006470608723775568,1.87449533146075,0.11007775199621916,True
116__M_Right_little_finger.BMP,20261079,0.001798771299585737,27.45024050463102,0.8419884233859182,0.001184499565568963,29.26465094224489,0.9283482275154591,-0.000614271734016774,1.8144104376138728,0.08635980412954092,True
116__M_Right_middle_finger.BMP,20261080,0.0019480862043608595,27.103918291566373,0.8935977156567275,0.0012691208478684253,28.96497021669251,0.9418439661992788,-0.0006789653564924342,1.8610519251261373,0.04824625054255127,True
116__M_Right_ring_finger.BMP,20261081,0.001880187750418222,27.257987811090096,0.8632203635334372,0.0011943041044100392,29.22885075173784,0.9524878006441593,-0.0006858836460081829,1.970862940647745,0.08926743711072205,True
116__M_Right_thumb_finger.BMP,20261082,0.0018962092445008953,27.22113740458914,0.8838336745611429,0.0011525571078587356,29.383375466207728,0.9631119698379039,-0.0007436521366421596,2.162238061618588,0.079278295276761,True
117__F_Left_index_finger.BMP,20261083,0.0017741443411929607,27.510110496488743,0.8474673300260007,0.000948809742833102,30.228208644130653,0.9402808717579841,-0.0008253345983598587,2.7180981476419106,0.09281354173198342,True
117__F_Left_little_finger.BMP,20261084,0.0017457633184093896,27.580146360464234,0.7839972232052088,0.0009157601525977127,30.3821825782015,0.9551951756165028,-0.0008300031658116768,2.8020362177372675,0.17119795241129399,True
117__F_Left_middle_finger.BMP,20261085,0.0017983432597234385,27.451274085007977,0.8421129067339301,0.0009554582321054167,30.197882933945447,0.9386642893419266,-0.0008428850276180218,2.74660884893747,0.09655138260799645,True
117__F_Left_ring_finger.BMP,20261086,0.0018980230887341225,27.216985088482236,0.831198322617948,0.0008875245324349196,30.518196335924603,0.9551822186734676,-0.0010104985562992027,3.3012112474423674,0.12398389605551963,True
117__F_Left_thumb_finger.BMP,20261087,0.0018868492315583488,27.242628006926132,0.8855633635466695,0.0010692374215336383,29.709258500640562,0.9569009834952354,-0.0008176118100247105,2.4666304937144297,0.07133761994856591,True
117__F_Right_index_finger.BMP,20261088,0.0014383819620004982,28.42125771837743,0.6934005466405749,0.0008065979291809217,30.93342897312845,0.8734582077627182,-0.0006317840328195765,2.5121712547510207,0.18005766112214328,True
117__F_Right_little_finger.BMP,20261089,0.001722309827892556,27.63888720222317,0.8076971972950399,0.0009390447069754071,30.273137309175667,0.9538667506450415,-0.0007832651209171488,2.6342501069524964,0.1461695533500016,True
117__F_Right_middle_finger.BMP,20261090,0.0016301991073812648,27.877593489972003,0.7315655313256979,0.0009101139209035054,30.409042427083822,0.8240725895409584,-0.0007200851864777594,2.5314489371118185,0.09250705821526051,True
117__F_Right_ring_finger.BMP,20261091,0.0017638876991118969,27.535290684153942,0.8545584759370387,0.0010359692685256775,29.846531275132527,0.9287141082197428,-0.0007279184305862194,2.311240590978585,0.07415563228270405,True
117__F_Right_thumb_finger.BMP,20261092,0.0017551417149571141,27.55687811654503,0.8368908591335714,0.0008984967185700152,30.46483504653547,0.9608491980851889,-0.000856644996387099,2.9079569299904406,0.12395833895161745,True
118__F_Left_index_finger.BMP,20261093,0.0018135006378311364,27.414822873366518,0.7810462043033838,0.0009190013251840797,30.36683862368276,0.9315859251275063,-0.0008944993126470568,2.9520157503162423,0.15053972082412248,True
118__F_Left_little_finger.BMP,20261094,0.001734785665531105,27.607541750674667,0.7473313351884484,0.000834224056395628,30.787172906239242,0.9348998303576708,-0.000900561609135477,3.179631155564575,0.18756849516922236,True
118__F_Left_middle_finger.BMP,20261095,0.0018866128908191007,27.243172024466045,0.8146065768184065,0.0010192057434286275,29.917381376653847,0.9360582939047813,-0.0008674071473904733,2.674209352187802,0.12145171708637481,True
118__F_Left_ring_finger.BMP,20261096,0.001775450732968794,27.50691374444683,0.7597279921629428,0.0008280223384021196,30.819579466524253,0.9489889495981931,-0.0009474283945666744,3.3126657220774227,0.1892609574352503,True
118__F_Left_thumb_finger.BMP,20261097,0.0018733263750549858,27.273865522898376,0.8053993555156589,0.0009164305863523244,30.37900424434231,0.9329593255357742,-0.0009568957887026614,3.1051387214439323,0.12755997002011532,True
118__F_Right_index_finger.BMP,20261098,0.0016933587994984798,27.712510110980453,0.7759543230959177,0.0009753263831211811,30.108500277180056,0.8852062119047642,-0.0007180324163772987,2.395990166199603,0.10925188880884651,True
118__F_Right_little_finger.BMP,20261099,0.001747642883101008,27.57547307252902,0.7356869679152369,0.0008059841275390512,30.936735107880608,0.9437411528795957,-0.0009416587555619569,3.3612620353515865,0.2080541849643588,True
118__F_Right_middle_finger.BMP,20261100,0.001920744648058212,27.165303682515578,0.774603399004519,0.000899018858227201,30.462311982132533,0.9236069265365601,-0.001021725789831011,3.297008299616955,0.14900352753204105,True
118__F_Right_ring_finger.BMP,20261101,0.0018197554895008393,27.399869618469506,0.7459698609837592,0.000734960185209514,31.337361871908488,0.9406138746395111,-0.0010847953042913254,3.9374922534389825,0.1946440136557519,True
118__F_Right_thumb_finger.BMP,20261102,0.0017632254874646535,27.536921450462906,0.8364791066017151,0.001005788171773009,29.974934760564302,0.906627557412982,-0.0007574373156916444,2.4380133101013968,0.07014845081126686,True
119__F_Left_index_finger.BMP,20261103,0.0018608766148659266,27.30282421742595,0.8166615682631135,0.0011717638323130353,29.311599110641925,0.9351799029912948,-0.0006891127825528914,2.008774893215975,0.1185183347281813,True
119__F_Left_little_finger.BMP,20261104,0.0017953033553124078,27.458621574438908,0.7936174822249412,0.001073037714823958,29.693850133070413,0.9422900488376618,-0.0007222656404884497,2.235228558631505,0.14867256661272055,True
119__F_Left_middle_finger.BMP,20261105,0.0018491665517081156,27.330239708147328,0.8193644341864585,0.001157210353213223,29.36587689504474,0.9277155316400528,-0.0006919561984948925,2.035637186897411,0.10835109745359428,True
119__F_Left_ring_finger.BMP,20261106,0.0018727100511637717,27.275294585710263,0.8287262427194715,0.0012346550167661998,29.084543745861353,0.9425547853851318,-0.0006380550343975718,1.80924916015109,0.11382854266566034,True
119__F_Left_thumb_finger.BMP,20261107,0.0019233681411252258,27.159375819303996,0.8686760668014288,0.0012958169880996743,28.874563307731705,0.9367039073030948,-0.0006275511530255515,1.7151874884277092,0.06802784050166599,True
119__F_Right_index_finger.BMP,20261108,0.001827141237770251,27.382278804452426,0.8255368103077412,0.00108276882423266,29.654642572039336,0.941634331766963,-0.000744372413537591,2.27236376758691,0.11609752145922181,True
119__F_Right_little_finger.BMP,20261109,0.0017253092178901482,27.63133057350999,0.7730781618924439,0.0009559071731993043,30.19584279402433,0.9478239609436989,-0.0007694020446908439,2.564512220514338,0.17474579905125498,True
119__F_Right_middle_finger.BMP,20261110,0.0018291440943948886,27.377520807807723,0.8161676652365327,0.0010891990380091517,29.6289275090488,0.9425068298430442,-0.0007399450563857369,2.251406701241077,0.1263391646065115,True
119__F_Right_ring_finger.BMP,20261111,0.0017057988589934537,27.680721804248076,0.7583356048305034,0.0009564162407230542,30.19353057821299,0.9414277061133385,-0.0007493826182703995,2.512808773964913,0.18309210128283504,True
119__F_Right_thumb_finger.BMP,20261112,0.0018190959227440573,27.401443995511062,0.8264362972693146,0.0011921279509663394,29.236771293135227,0.946162369918108,-0.000626967971777718,1.8353272976241648,0.11972607264879342,True
11__M_Left_index_finger.BMP,20261113,0.0019148055046402023,27.178753326881942,0.9000729359018504,0.0012165969899930423,29.148532623684346,0.9604771669602394,-0.00069820851464716,1.969779296802404,0.06040423105838899,True
11__M_Left_little_finger.BMP,20261114,0.001725156077140359,27.631716076199893,0.8119661758816242,0.0010418879807711611,29.82178971965611,0.9477434858179092,-0.0006832680963691979,2.1900736434562162,0.135777309936285,True
11__M_Left_middle_finger.BMP,20261115,0.0017175926925390838,27.65079816264346,0.830147434336245,0.0010190838869434658,29.917900651229594,0.9442292473559379,-0.000698508805595618,2.267102488586133,0.11408181301969289,True
11__M_Left_ring_finger.BMP,20261116,0.0018093401170517873,27.42479787438318,0.8418937859151363,0.001087046717643266,29.637517909839076,0.9585089963283538,-0.0007222933994085214,2.212720035455895,0.11661521041321754,True
11__M_Left_thumb_finger.BMP,20261117,0.0019067264050677928,27.19711619116388,0.8870841613247394,0.001270182583402678,28.96133846552044,0.9509704713364839,-0.0006365438216651147,1.7642222743565625,0.0638863100117445,True
11__M_Right_index_finger.BMP,20261118,0.001960589340700051,27.076133628567614,0.9007958456838727,0.0012460423323161962,29.044672029585254,0.9549382464101315,-0.0007145470083838549,1.9685384010176392,0.054142400726258755,True
11__M_Right_little_finger.BMP,20261119,0.0019268123645186375,27.15160575444075,0.8606548370643556,0.001187281614438691,29.254462573799955,0.9337291301817894,-0.0007395307500799465,2.1028568193592037,0.07307429311743374,True
11__M_Right_middle_finger.BMP,20261120,0.002000454039016889,26.988714222058267,0.9069694246863127,0.001344218972999418,28.715299790358188,0.9469560201978684,-0.0006562350660174712,1.726585568299921,0.0399865955115557,True
11__M_Right_ring_finger.BMP,20261121,0.0019722840195665363,27.050305441368593,0.8935437238023877,0.00126286232518792,28.98643992809861,0.9435622334842682,-0.0007094216943786162,1.9361344867300154,0.050018509681880485,True
11__M_Right_thumb_finger.BMP,20261122,0.0019310988278925074,27.141954997524095,0.8908708146135808,0.0012897675446189815,28.894885557365797,0.9519592534828186,-0.0006413312832735259,1.752930559841701,0.06108843886923787,True
120__M_Left_index_finger.BMP,20261123,0.001950437869920113,27.098678793335335,0.7896683905717135,0.0008793427411717998,30.558418170910336,0.9169520448637009,-0.001071095128748313,3.4597393775750014,0.1272836542919874,True
120__M_Left_little_finger.BMP,20261124,0.0019358633429087807,27.13125303802102,0.7309233651856184,0.0008884069195626832,30.51388067507414,0.8768449682314395,-0.0010474564233460975,3.3826276370531225,0.14592160304582114,True
120__M_Left_middle_finger.BMP,20261125,0.001994824093767377,27.000953949518557,0.7609387841796875,0.0009359352202699668,30.287542094380527,0.8935371090533734,-0.0010588888734974103,3.2865881448619696,0.13259832487368584,True
120__M_Left_ring_finger.BMP,20261126,0.001948185753732942,27.103696367925277,0.7692588446876407,0.0008980110000314075,30.467183434844976,0.9067882749084234,-0.0010501747537015344,3.3634870669196992,0.13752943022078268,True
120__M_Left_thumb_finger.BMP,20261127,0.002047619582822493,26.88750725639139,0.8515419403120578,0.0009837452936923663,30.071173323236792,0.9170510328718424,-0.0010638742891301268,3.183666066845401,0.06550909255978465,True
120__M_Right_index_finger.BMP,20261128,0.0016113141909655628,27.928197680237496,0.7627505605193377,0.0010200558120407473,29.913760652986735,0.8522736352254152,-0.0005912583789248155,1.9855629727492392,0.08952307470607757,True
120__M_Right_little_finger.BMP,20261129,0.001777282186018894,27.502436120926475,0.7030821603148878,0.0007793690346348733,31.082568532961588,0.9028614682686329,-0.0009979131513840206,3.5801324120351126,0.1997793079537451,True
120__M_Right_middle_finger.BMP,20261130,0.0019799094636234666,27.033546684999422,0.8053385057587028,0.0009601824781266683,30.17646223509878,0.9151121303801537,-0.0010197269854967982,3.1429155500993566,0.1097736246214509,True
120__M_Right_ring_finger.BMP,20261131,0.0018279364461073367,27.380389079373625,0.7439823100515008,0.0007964369511760205,30.988485988209607,0.9196748909493685,-0.0010314994949313162,3.608096908835982,0.17569258089786766,True
120__M_Right_thumb_finger.BMP,20261132,0.0016382481085615388,27.856203247859916,0.7651196398136616,0.001113915397244457,29.53147792919168,0.7960430524717569,-0.0005243327113170818,1.6752746813317643,0.030923412658095284,True
121__F_Left_index_finger.BMP,20261133,0.0017273674310605861,27.626152731393468,0.8069696253310442,0.0010821243389855166,29.65722834762888,0.9478786569347382,-0.0006452430920750696,2.0310756162354124,0.14090903160369395,True
121__F_Left_little_finger.BMP,20261134,0.0015881902910619232,27.990974632395265,0.7410883196965754,0.0008213006523376666,30.8549783222378,0.9594426874667407,-0.0007668896387242566,2.8640036898425336,0.21835436777016526,True
121__F_Left_middle_finger.BMP,20261135,0.0017371254583381929,27.601688148883046,0.8059642304592729,0.0009720646435325721,30.123048529790992,0.9612388487327099,-0.0007650608148056208,2.5213603809079466,0.15527461827343703,True
121__F_Left_ring_finger.BMP,20261136,0.0017045088580708778,27.684007374674714,0.7915769415138364,0.0009019234559140319,30.44830318427827,0.96425656430161,-0.0008025854021568459,2.7642958096035564,0.1726796227877736,True
121__F_Left_thumb_finger.BMP,20261137,0.0017830490503120855,27.488367095521458,0.8332264184536636,0.0011838078862463942,29.267187711880513,0.9307896605433226,-0.0005992411640656913,1.7788206163590559,0.09756324208965894,True
121__F_Right_index_finger.BMP,20261138,0.0016056262845950146,27.94355530928432,0.7346662915150524,0.0009646260646062661,30.156410074341018,0.8330924412111044,-0.0006410002199887485,2.212854765056697,0.09842614969605201,True
121__F_Right_little_finger.BMP,20261139,0.0016340199595839646,27.86742642856091,0.756073874130547,0.0008846594702834592,30.532238690046164,0.9586903330081701,-0.0007493604893005054,2.6648122614852525,0.20261645887762303,True
121__F_Right_middle_finger.BMP,20261140,0.001690190045864261,27.720644603391108,0.8121427743627428,0.0009419694675065995,30.259631739675292,0.945485135232687,-0.0007482205783576615,2.5389871362841845,0.1333423608699441,True
121__F_Right_ring_finger.BMP,20261141,0.001693593066754798,27.71190932903321,0.7881443999213577,0.0008652341988840021,30.628663231521777,0.9612424153680802,-0.0008283588678707959,2.9167539024885656,0.17309801544672254,True
121__F_Right_thumb_finger.BMP,20261142,0.001802971569294181,27.440111215282936,0.8341705928806067,0.0011966537933550546,29.22031478151039,0.9299344407842159,-0.0006063177759391264,1.7802035662274527,0.09576384790360926,True
122__M_Left_index_finger.BMP,20261143,0.001760391576532465,27.543907182016973,0.8201906072950363,0.001075772075227193,29.68279733276092,0.9439914190235138,-0.0006846195013052721,2.138890150743947,0.12380081172847746,True
122__M_Left_little_finger.BMP,20261144,0.0015897655530206323,27.986669175266123,0.708191112146914,0.0008165958605320941,30.879928259224833,0.9312870504472256,-0.0007731696924885382,2.8932590839587107,0.2230959383003116,True
122__M_Left_middle_finger.BMP,20261145,0.0018507060537066502,27.326625544457205,0.8514157065340877,0.0012512851926356032,29.026436947254027,0.9433049328961373,-0.000599420861071047,1.699811402796822,0.09188922636204955,True
122__M_Left_ring_finger.BMP,20261146,0.0018785691574128766,27.261728122428952,0.84992410948959,0.0012301826498220653,29.100304024461302,0.9491953971134425,-0.0006483865075908113,1.8385759020323498,0.09927128762385251,True
122__M_Left_thumb_finger.BMP,20261147,0.0019164825879187425,27.17495122146733,0.8710154260351658,0.0011268957881910551,29.481162442965708,0.9522208090929986,-0.0007895867997276874,2.3062112214983763,0.08120538305783276,True
122__M_Right_index_finger.BMP,20261148,0.0017814963185485387,27.49215070778981,0.8148347904149293,0.0010769030644374672,29.678233872076515,0.9358156314649582,-0.0007045932541110715,2.1860831642867034,0.12098084105002882,True
122__M_Right_little_finger.BMP,20261149,0.001637171414773166,27.85905846798974,0.7505160371127725,0.0008690315089132269,30.609644768320404,0.9292818607945442,-0.0007681399058599392,2.7505863003306636,0.17876582368177174,True
122__M_Right_middle_finger.BMP,20261150,0.0016464064536518652,27.834629402128982,0.7850220446989536,0.0008727455681056164,30.591123479015376,0.9317743961143493,-0.0007736608855462488,2.756494076886394,0.14675235141539567,True
122__M_Right_ring_finger.BMP,20261151,0.0018579144963028504,27.309742766923847,0.8340839002976418,0.0011189401122449602,29.511931570977072,0.9414340806499719,-0.0007389743840578902,2.2021888040532254,0.10735018035233013,True
122__M_Right_thumb_finger.BMP,20261152,0.0020115180949472657,26.964760563065397,0.8965056936870813,0.0012906149055297938,28.892033234595168,0.9447922108824253,-0.0007209031894174719,1.9272726715297708,0.048286517195343936,True
123__M_Left_index_finger.BMP,20261153,0.0017961741501999566,27.456515580895235,0.8356531527767778,0.0010786919570765889,29.67102559433893,0.9501953334325552,-0.0007174821931233677,2.214510013443693,0.11454218065577748,True
123__M_Left_little_finger.BMP,20261154,0.001717007122192046,27.652279033700744,0.7612167899411321,0.0009154717984965744,30.383550297849673,0.9287909138896465,-0.0008015353236954716,2.73127126414893,0.16757412394851445,True
123__M_Left_middle_finger.BMP,20261155,0.001709623833573404,27.670994363767058,0.7826996819117665,0.0008176748702983863,30.8741934926813,0.9519112505381108,-0.0008919489632750177,3.2031991289142425,0.16921156862634423,True
123__M_Left_ring_finger.BMP,20261156,0.0017662689103690248,27.529431753911112,0.8041141228337884,0.0010035510044831314,29.98460550029843,0.9378614217510224,-0.0007627179058858934,2.4551737463873167,0.13374729891723403,True
123__M_Left_thumb_finger.BMP,20261157,0.0018346381049228172,27.364495905592324,0.8274989010231197,0.0011251301740279318,29.48797228137955,0.939198812974453,-0.0007095079308948853,2.1234763757872273,0.11169991195133322,True
123__M_Right_index_finger.BMP,20261158,0.0018315717025180452,27.37176074870918,0.8533344950364828,0.0010300377142441746,29.871468735586383,0.953745108399272,-0.0008015339882738706,2.4997079868772047,0.10041061336278911,True
123__M_Right_little_finger.BMP,20261159,0.0017549677738340989,27.557308539984547,0.7630306140307784,0.000977216001358259,30.100094303143408,0.9253207796547412,-0.0007777517724758399,2.542785763158861,0.1622901656239628,True
123__M_Right_middle_finger.BMP,20261160,0.00192438962263974,27.157069937162873,0.8685286856445074,0.0012369731333765114,29.076397329925776,0.9385857893562317,-0.0006874164892632286,1.9193273927629022,0.07005710371172436,True
123__M_Right_ring_finger.BMP,20261161,0.0018715826251899839,27.277909952276342,0.8127522657976747,0.0010833906365105637,29.652149222372476,0.932573677558899,-0.0007881919886794202,2.3742392700961332,0.1198214117612243,True
123__M_Right_thumb_finger.BMP,20261162,0.0019029877818395496,27.205640000980015,0.8900637067684531,0.001244078287153051,29.05152289573827,0.9582878897016048,-0.0006589094946864986,1.8458828947582546,0.06822418293315169,True
124__M_Left_index_finger.BMP,20261163,0.0017602086705573272,27.544358440610427,0.823949973530829,0.0011782933948141442,29.287465568462522,0.8689436649150848,-0.000581915275743183,1.7431071278520953,0.044993691384255796,True
124__M_Left_little_finger.BMP,20261164,0.0018932672120478917,27.227880862326813,0.7844027851489782,0.0009585171086184314,30.18400130973434,0.9201701423957348,-0.0009347501034294603,2.956120447407528,0.1357673572467566,True
124__M_Left_middle_finger.BMP,20261165,0.002022267546591655,26.941613876560872,0.8303173960748911,0.0011016750620747731,29.57946481307515,0.9108220580925942,-0.0009205924845168819,2.637850936514276,0.08050466201770312,True
124__M_Left_ring_finger.BMP,20261166,0.0017868905674371357,27.479020436966234,0.7865565189441145,0.000893994132940305,30.486653313606947,0.9459509099615813,-0.0008928964344968307,3.007632876640713,0.15939439101746677,True
124__M_Left_thumb_finger.BMP,20261167,0.0018951058852120174,27.2236651969137,0.8871488641076386,0.0012746647152770106,28.94604035978368,0.9162792497172355,-0.0006204411699350068,1.7223751628699802,0.02913038560959691,True
124__M_Right_index_finger.BMP,20261168,0.0017925887024010422,27.465193449989766,0.8150190814605057,0.00117222557868014,29.309888062793963,0.8788666232805252,-0.0006203631237209021,1.8446946128041972,0.0638475418200195,True
124__M_Right_little_finger.BMP,20261169,0.001749810982994888,27.57008861871324,0.8067231608207226,0.0011391921275130295,29.43403024926903,0.9053454200279712,-0.0006106188554818586,1.8639416305557894,0.09862225920724865,True
124__M_Right_middle_finger.BMP,20261170,0.0018356568185053546,27.3620850818949,0.8563205819258988,0.0011949343258498791,29.22655963088041,0.9344146707831621,-0.0006407224926554755,1.864474548985509,0.07809408885726332,True
124__M_Right_ring_finger.BMP,20261171,0.0016445724528956502,27.839469885847063,0.7516212505042553,0.0009742488990364611,30.113300763155234,0.9146749630322456,-0.0006703235538591891,2.2738308773081712,0.16305371252799028,True
124__M_Right_thumb_finger.BMP,20261172,0.001976044444034917,27.042032917412783,0.9141064023610354,0.0014238486854846037,28.465361613668332,0.9510500344693661,-0.0005521957585503134,1.423328696255549,0.03694363210833074,True
125__M_Left_index_finger.BMP,20261173,0.0019073760145410534,27.195636829671606,0.8609406087783575,0.0013001562873292123,28.860044395046934,0.928432823911786,-0.0006072197272118411,1.6644075653753276,0.06749221513342851,True
125__M_Left_little_finger.BMP,20261174,0.0018914077471289634,27.232148364436096,0.8273221106459498,0.001211184992189313,29.167895191598447,0.9271971240161657,-0.0006802227549396504,1.935746827162351,0.09987501337021587,True
125__M_Left_middle_finger.BMP,20261175,0.001874662701054651,27.270768614020113,0.8402498946847916,0.0012541959331587244,29.016346117966666,0.906086997969985,-0.0006204667678959266,1.7455775039465529,0.06583710328519343,True
125__M_Left_ring_finger.BMP,20261176,0.0018520648500639078,27.323438105634693,0.8322257862224579,0.0012488703605412564,29.03482641388617,0.8992137362271547,-0.0006031944895226514,1.7113883082514754,0.06698795000469682,True
125__M_Left_thumb_finger.BMP,20261177,0.0019462067156881047,27.10811033176217,0.8833764378380179,0.001330534121124159,28.759739836259875,0.9536824254145623,-0.0006156725945639457,1.6516295044977056,0.07030598757654438,True
125__M_Right_index_finger.BMP,20261178,0.0018504451459903344,27.32723784466088,0.8339140899071693,0.0012010512627891354,29.204384558183026,0.9423670880496502,-0.0006493938832011991,1.8771467135221478,0.10845299814248088,True
125__M_Right_little_finger.BMP,20261179,0.001860893983720535,27.30278368189312,0.8354984811553955,0.0011811780717926302,29.276846241755138,0.9445741089541912,-0.0006797159119279047,1.9740625598620163,0.10907562779879576,True
125__M_Right_middle_finger.BMP,20261180,0.0019480122783267248,27.104083100894677,0.8781455741201342,0.0013525024713398619,28.688619326625876,0.9328515684159994,-0.0005955098069868629,1.584536225731199,0.0547059942958652,True
125__M_Right_ring_finger.BMP,20261181,0.0018844626179252359,27.248124732262184,0.8464597146974207,0.0011892225217144535,29.247368746405847,0.9584529390940666,-0.0006952400962107824,1.9992440141436632,0.11199322439664594,True
125__M_Right_thumb_finger.BMP,20261182,0.0018010391983985631,27.44476834952293,0.8575615189133883,0.0010786954233842282,29.671011638585835,0.93583570723176,-0.0007223437750143349,2.2262432890629036,0.07827418831837174,True
126__F_Left_index_finger.BMP,20261183,0.0018302097451333224,27.374991365350304,0.8215496030520201,0.0012556194150756535,29.011419776207426,0.9454235436067581,-0.000574590330057669,1.6364284108571212,0.123873940554738,True
126__F_Left_little_finger.BMP,20261184,0.0017748342767745717,27.508421924919336,0.7830441451569795,0.001128595822544991,29.474615615877006,0.9409103170609474,-0.0006462384542295807,1.9661936909576703,0.1578661719039679,True
126__F_Left_middle_finger.BMP,20261185,0.0018955666518018605,27.222609403323276,0.8424086153054238,0.0013417314045888794,28.72334415001539,0.948760316347599,-0.0005538352472129811,1.500734746692114,0.10635170104217528,True
126__F_Left_ring_finger.BMP,20261186,0.001846452036223811,27.33661969179466,0.8137252794476747,0.001240527270317686,29.063936842589108,0.9472738609671593,-0.0006059247659061251,1.7273171507944483,0.13354858151948457,True
126__F_Left_thumb_finger.BMP,20261187,0.0019267413850737997,27.151765741731595,0.8734093613536954,0.0012945015177319255,28.878974360423854,0.9548168422042131,-0.0006322398673418743,1.7272086186922593,0.08140748085051774,True
126__F_Right_index_finger.BMP,20261188,0.0017772353798730157,27.50255049735308,0.8009694247328937,0.0010911139760228631,29.621298813342914,0.9551512006043196,-0.0006861214038501526,2.1187483159898335,0.1541817758714259,True
126__F_Right_little_finger.BMP,20261189,0.001761446709829014,27.541304912720005,0.7980494654679596,0.0010297932025313066,29.872499791944392,0.9499447618346214,-0.0007316535072977074,2.3311948792243875,0.15189529636666177,True
126__F_Right_middle_finger.BMP,20261190,0.0018992576926518147,27.21416105876965,0.8559464244775772,0.0012347154729722165,29.08433109412048,0.9540563204290867,-0.0006645422196795983,1.870170035350828,0.09810989595150954,True
126__F_Right_ring_finger.BMP,20261191,0.0018294514598140592,27.376791090057782,0.8269537258207202,0.0011038767131080138,29.57079428243364,0.9543877759754658,-0.0007255747467060454,2.194003192375856,0.12743405015474552,True
126__F_Right_thumb_finger.BMP,20261192,0.00190938588333612,27.19106292628919,0.9018392581700385,0.0012544230988228119,29.01555957530393,0.9295135719015598,-0.0006549627845133081,1.824496649014737,0.027674313731521294,True
127__F_Left_index_finger.BMP,20261193,0.0014726020477739293,28.319145999367997,0.6710594350368977,0.0006689548661303979,31.746031827579554,0.947440254881382,-0.0008036471816435314,3.4268858282115566,0.27638081984448426,True
127__F_Left_little_finger.BMP,20261194,0.0014746084120321312,28.31323292955153,0.6317532118041217,0.0007493822265684997,31.252966114754216,0.82725852158463,-0.0007252261854636315,2.9397331852026873,0.19550530978050829,True
127__F_Left_middle_finger.BMP,20261195,0.0015419115880153326,28.119405276714925,0.7240607686245739,0.0008594971524599666,30.65755557805285,0.8894319574259519,-0.000682414435555366,2.538150301337925,0.16537118880137802,True
127__F_Left_ring_finger.BMP,20261196,0.001558214405688545,28.07372784917022,0.6531561674475074,0.0007741871137678265,31.111540617255386,0.8529332498406171,-0.0007840272919207186,3.0378127680851676,0.19977708239310976,True
127__F_Left_thumb_finger.BMP,20261197,0.0015848369189143013,28.000154204238225,0.7295799787939787,0.0008820213660039972,30.54520894431392,0.9428130985503197,-0.0007028155529103041,2.5450547400756953,0.21323311975634096,True
127__F_Right_index_finger.BMP,20261198,0.0016919535237691296,27.716115707578854,0.7793853044956922,0.0010193821834538952,29.91662961188038,0.8953481432964802,-0.0006725713403152344,2.200513904301527,0.11596283880078795,True
127__F_Right_little_finger.BMP,20261199,0.0017463253195912282,27.57874849208514,0.8068620906392336,0.0010411396239244437,29.824910247317618,0.9484403303844928,-0.0007051856956667845,2.246161755232478,0.14157823974525918,True
127__F_Right_middle_finger.BMP,20261200,0.0018594169321717656,27.30623218598498,0.8768409068853259,0.0011613662163577863,29.350308115580688,0.9290434705675841,-0.0006980507158139792,2.0440759295957065,0.052202563682258174,True
127__F_Right_ring_finger.BMP,20261201,0.0017333814223660802,27.61105862328023,0.8059686476659179,0.00108762054903291,29.63522595634653,0.9089650169833898,-0.0006457608733331703,2.024167333066302,0.10299636931747191,True
127__F_Right_thumb_finger.BMP,20261202,0.0018738540365528164,27.272642414036973,0.8493082952423692,0.0013252871161885634,28.776900240152052,0.9082934244517088,-0.000548566920364253,1.5042578261150794,0.058985129209339626,True
128__M_Left_index_finger.BMP,20261203,0.0017439666851793505,27.584618156081348,0.8148756276500821,0.001006013122449236,29.973963542998497,0.9514523362952471,-0.0007379535627301146,2.3893453869171495,0.1365767086451649,True
128__M_Left_little_finger.BMP,20261204,0.0017880506543319788,27.476201820807876,0.8056810697258711,0.0011771036463253772,29.29185294976974,0.9623351409194469,-0.0006109470080066016,1.8156511289618642,0.15665407119357588,True
128__M_Left_middle_finger.BMP,20261205,0.0018512920054421442,27.325250743047555,0.854591146739304,0.0012512583738307282,29.026530030620286,0.9599518232780695,-0.000600033631611416,1.7012792875727314,0.10536067653876546,True
128__M_Left_ring_finger.BMP,20261206,0.0017007247876004183,27.693659585194897,0.7708570124999284,0.0009848065355696203,30.06649077915485,0.9666505660791397,-0.000715918252030798,2.3728311939599536,0.19579355357921124,True
128__M_Left_thumb_finger.BMP,20261207,0.001773101661850942,27.51266363149707,0.8387019283845425,0.001055863617131842,29.763921747493733,0.9656487010120154,-0.0007172380447191,2.251258115996663,0.1269467726274729,True
128__M_Right_index_finger.BMP,20261208,0.0018258048534442438,27.38545642793707,0.8693876498497128,0.00121867579035887,29.14111816273011,0.946097359360218,-0.0006071290630853738,1.7556617347930406,0.07670970951050515,True
128__M_Right_little_finger.BMP,20261209,0.0017404019971716048,27.593504270110664,0.7967496418632865,0.0010949305185373934,29.606134391555624,0.9454271583447457,-0.0006454714786342114,2.0126301214449605,0.14867751648145922,True
128__M_Right_middle_finger.BMP,20261210,0.0017663100176715817,27.529330679455132,0.8110584968698025,0.0011232484431661811,29.495241746711088,0.9517593041350841,-0.0006430615745054006,1.9659110672559557,0.14070080726528167,True
128__M_Right_ring_finger.BMP,20261211,0.0017212010770694044,27.641683908226028,0.7948795255201458,0.0011083247846447384,29.55332954851308,0.9443584415979386,-0.0006128762924246659,1.9116456402870519,0.14947891607779273,True
128__M_Right_thumb_finger.BMP,20261212,0.001761839663687737,27.54033617118099,0.8371752719971538,0.0010452189725062002,29.807927156879494,0.9648363709640503,-0.0007166206911815368,2.2675909856985044,0.12766109896689648,True
129__M_Left_index_finger.BMP,20261213,0.0020211258643080808,26.94406640234124,0.8812633955629467,0.001086122014258136,29.64121383639923,0.9498210910569429,-0.0009350038500499447,2.6971474340579924,0.06855769549399615,True
129__M_Left_little_finger.BMP,20261214,0.001976652770546169,27.04069614490138,0.7985678869086504,0.0008168290833283842,30.87868807522309,0.9221481375255585,-0.001159823687217785,3.83799193032171,0.12358025061690803,True
129__M_Left_middle_finger.BMP,20261215,0.0020034413835849484,26.982233595741853,0.8768651449178457,0.0009885351769016364,30.05007871760071,0.9492221120786667,-0.001014906206683312,3.0678451218588556,0.07235696716082096,True
129__M_Left_ring_finger.BMP,20261216,0.0019212412273404277,27.1641810253779,0.8411069535592794,0.0009363612664979878,30.285565596209793,0.9522840676399469,-0.00098487996084244,3.121384570831893,0.11117711408066744,True
129__M_Left_thumb_finger.BMP,20261217,0.0019108350535418212,27.18776800348623,0.8964823925440609,0.001129160432302085,29.472443486741984,0.9424067342243194,-0.0007816746212397363,2.2846754832557536,0.045924341680258496,True
129__M_Right_index_finger.BMP,20261218,0.0019400925370201606,27.12177554936384,0.9152895170553327,0.0011769991792175318,29.29223840012488,0.9609369831877946,-0.0007630933578026287,2.170462850761041,0.045647466132461956,True
129__M_Right_little_finger.BMP,20261219,0.0017453079920865247,27.581279225954617,0.8467557314140797,0.0009779215328783934,30.096959910253517,0.9360160825124979,-0.0007673864592081313,2.5156806842989,0.08926035109841823,True
129__M_Right_middle_finger.BMP,20261220,0.0019481002046241114,27.103887080343718,0.9145954677336812,0.0012290130361604105,29.104435105207834,0.9511501380903721,-0.0007190871684637009,2.0005480248641163,0.03655467035669091,True
129__M_Right_ring_finger.BMP,20261221,0.001569885835414616,28.041319290253035,0.7560285621849299,0.0008506336016034699,30.702574658463767,0.9099039513522387,-0.0007192522338111461,2.661255368210732,0.1538753891673088,True
129__M_Right_thumb_finger.BMP,20261222,0.0017562456565878596,27.554147368133407,0.8715401126533449,0.0010442408482191517,29.811993222254827,0.9225329166772366,-0.0007120048083687079,2.2578458541214204,0.050992804023891725,True
12__M_Left_index_finger.BMP,20261223,0.00179155702275567,27.46769364291611,0.8164446737288237,0.0010072811427501293,29.968492963739873,0.9475549335579873,-0.0007842758800055407,2.500799320823763,0.13111025982916358,True
12__M_Left_little_finger.BMP,20261224,0.00179789568608967,27.45235509638305,0.8054681933316589,0.001116499519967882,29.521414593147508,0.947412825078249,-0.0006813961661217879,2.0690594967644564,0.1419446317465901,True
12__M_Left_middle_finger.BMP,20261225,0.001894210547448615,27.225717494546963,0.8742013385804892,0.0010995818867020207,29.587724228574462,0.9478726980274915,-0.0007946286607465943,2.3620067340274993,0.07367135944700232,True
12__M_Left_ring_finger.BMP,20261226,0.0018490896951060963,27.330420216992213,0.845764834541589,0.0011649742216629114,29.336836845207213,0.9475757127687932,-0.0006841154734431849,2.0064166282149998,0.10181087822720414,True
12__M_Left_thumb_finger.BMP,20261227,0.0019362600896522014,27.13036306162959,0.8790835735270977,0.0011902299779992108,29.24369115476301,0.9596506180552244,-0.0007460301116529906,2.1133280931334184,0.0805670445281268,True
12__M_Right_index_finger.BMP,20261228,0.001847191359759796,27.33488111499184,0.8313948191251159,0.0010865105880274268,29.63966037130405,0.9512868351044654,-0.0007606807717323691,2.3047792563122087,0.11989201597934951,True
12__M_Right_little_finger.BMP,20261229,0.0019157164387163398,27.176687740750587,0.8537634321506024,0.0011878537253220424,29.252370359513698,0.9389304311408997,-0.0007278627133942973,2.0756826187631106,0.08516699899029734,True
12__M_Right_middle_finger.BMP,20261230,0.0019387093659628742,27.124872916015683,0.8595281552355886,0.0013030392204098668,28.850425121836256,0.9371822794222832,-0.0006356701455530074,1.7255522058205734,0.0776541241866946,True
12__M_Right_ring_finger.BMP,20261231,0.001954267834133438,27.090159160957256,0.878064685748905,0.0012508777213638559,29.027851423709002,0.945216528355956,-0.0007033901127695822,1.9376922627517459,0.0671518426070511,True
12__M_Right_thumb_finger.BMP,20261232,0.0019611937792640534,27.074794929679662,0.88697100087291,0.0012262071537463039,29.114361545083426,0.9582672311077118,-0.0007349866255177495,2.039566615403764,0.0712962302348018,True
130__F_Left_index_finger.BMP,20261233,0.0019878454586957956,27.01617382033522,0.8371488888408541,0.0008423067800159546,30.74529703509263,0.9410371381390095,-0.0011455386786798408,3.7291232147574114,0.10388824929815532,True
130__F_Left_little_finger.BMP,20261234,0.001834992072738893,27.363658075825686,0.8016856696123779,0.0008139682375613895,30.893925416967377,0.9470184881807566,-0.0010210238351775034,3.530267341141691,0.14533281856837876,True
130__F_Left_middle_finger.BMP,20261235,0.0020254673960184585,26.9347474326945,0.7840536545504928,0.0008308513435783787,30.804766734949283,0.8996433346488476,-0.0011946160524400797,3.870019302254782,0.1155896800983548,True
130__F_Left_ring_finger.BMP,20261236,0.0020585082869914242,26.86447380312158,0.8473799080914854,0.0009258033113393186,30.334812702006246,0.9221828615051508,-0.0011327049756521055,3.470338898884666,0.07480295341366539,True
130__F_Left_thumb_finger.BMP,20261237,0.0019257405385286184,27.15402227219794,0.8449782974381447,0.0009033943216510842,30.441226435547343,0.9363829244215488,-0.001022346216877534,3.2872041633494042,0.09140462698340412,True
130__F_Right_index_finger.BMP,20261238,0.0016268548336087671,27.88651198000682,0.7792713862890601,0.0010063164438308817,29.972654306126994,0.8835560129874944,-0.0006205383897778854,2.086142326120175,0.1042846266984343,True
130__F_Right_little_finger.BMP,20261239,0.0017877012282169205,27.477050614790627,0.782272895248115,0.0007823093906767399,31.066214565434272,0.9385490837390423,-0.0010053918375401804,3.589163950643645,0.15627618849092728,True
130__F_Right_middle_finger.BMP,20261240,0.0017910740849588125,27.46886449872148,0.8599719889667035,0.0009344884133504692,30.29426079035444,0.9417666956892013,-0.0008565856716083433,2.825396291632959,0.08179470672249789,True
130__F_Right_ring_finger.BMP,20261241,0.0018517588829256872,27.324155633517524,0.7962622161409557,0.000745620294381864,31.274822798143358,0.9532624494313001,-0.001106138588543823,3.950667164625834,0.1570002332903444,True
130__F_Right_thumb_finger.BMP,20261242,0.0017990739603688495,27.44950982335483,0.8818066188106835,0.001026262725783437,29.8874144453437,0.9495759485638141,-0.0007728112345854125,2.4379046219888707,0.06776932975313066,True
131__M_Left_index_finger.BMP,20261243,0.0018967847840096444,27.219819429222945,0.7905833719850779,0.0008236795472440189,30.84241717832441,0.9336256241143942,-0.0010731052367656255,3.622597749101466,0.14304225212931632,True
131__M_Left_little_finger.BMP,20261244,0.0018272543931620506,27.382009852936307,0.8106649429748952,0.0009792629333017938,30.09100683936839,0.951995308258295,-0.0008479914598602568,2.7089969864320835,0.14133036528339982,True
131__M_Left_middle_finger.BMP,20261245,0.0018186870451023982,27.4024202676299,0.7887072004782557,0.0008614232859921317,30.64783392567382,0.9388684219338894,-0.0009572637591102665,3.245413658043919,0.1501612214556337,True
131__M_Left_ring_finger.BMP,20261246,0.0019219642106766892,27.16254703686381,0.8159237614453435,0.0009202525070822531,30.360929907131293,0.9401750121638774,-0.001001711703594436,3.1983828702674835,0.12425125071853393,True
131__M_Left_thumb_finger.BMP,20261247,0.0017284887290583907,27.623334480126395,0.8120553031260371,0.0010307088387132906,29.868639997006245,0.9241171679413319,-0.0006977798903451001,2.2453055168798493,0.11206186481529479,True
131__M_Right_index_finger.BMP,20261248,0.0015205590970467345,28.179966961890123,0.7198443078276515,0.0008695278591578399,30.607164989002626,0.8872598857684135,-0.0006510312378888946,2.427198027112503,0.167415577940762,True
131__M_Right_little_finger.BMP,20261249,0.0015964067666626527,27.968564400473586,0.7608146999206244,0.0008922748827929239,30.49501332070559,0.9301527138454914,-0.0007041318838697288,2.526448920232003,0.16933801392486691,True
131__M_Right_middle_finger.BMP,20261250,0.0017733924044907705,27.51195155967598,0.8323628542550803,0.0011657766504476867,29.333846474925366,0.9379622226985693,-0.0006076157540430838,1.8218949152493877,0.10559936844348905,True
131__M_Right_ring_finger.BMP,20261251,0.001792910061512686,27.464414955847335,0.8306158632205128,0.0010650271813179143,29.72639308144735,0.9534622042505742,-0.0007278828801947717,2.261978125600013,0.12284634103006131,True
131__M_Right_thumb_finger.BMP,20261252,0.0018622047570580576,27.299725682679743,0.8732492567571402,0.0011537339192413162,29.378943391261018,0.9142021811739206,-0.0007084708378167414,2.0792177085812753,0.040952924416780445,True
132__M_Left_index_finger.BMP,20261253,0.001779930570764242,27.4959693775967,0.8354547165279388,0.0010139832104334994,29.939692360051005,0.9476845171988011,-0.0007659473603307426,2.443722982454304,0.1122298006708623,True
132__M_Left_little_finger.BMP,20261254,0.001868030380204565,27.286160650181777,0.859621897994399,0.001165281910617019,29.335689953122372,0.9420550857379436,-0.0007027484695875459,2.049529302940595,0.08243318774354458,True
132__M_Left_middle_finger.BMP,20261255,0.0018672525270147186,27.287969441437244,0.888711917201221,0.0011523576406373371,29.384127142718516,0.9493319883586169,-0.0007148948863773814,2.096157701281271,0.06062007115739587,True
132__M_Left_ring_finger.BMP,20261256,0.0019129322350295989,27.183004144337488,0.86890312518996,0.0011353890303579897,29.448553060574156,0.9344113287537098,-0.0007775432046716092,2.2655489162366678,0.06550820356374976,True
132__M_Left_thumb_finger.BMP,20261257,0.0018422892734610366,27.34642176525561,0.8886366443384289,0.0011617487068957683,29.348878022477123,0.9313491458904744,-0.0006805405665652683,2.002456257221514,0.04271250155204542,True
132__M_Right_index_finger.BMP,20261258,0.0018717147558928921,27.27760335822653,0.8709473941215873,0.0011968010622043117,29.219780340273523,0.9412218473746776,-0.0006749136936885804,1.9421769820469947,0.07027445325309034,True
132__M_Right_little_finger.BMP,20261259,0.001845416184859883,27.339056748137367,0.8223577449122668,0.0011732063232256975,29.306256049698458,0.9258173178788424,-0.0006722098616341854,1.9671993015610916,0.1034595729665756,True
132__M_Right_middle_finger.BMP,20261260,0.0018694062267503653,27.282963150651398,0.8555484314528108,0.001179677563956178,29.28236680261709,0.9408136085200309,-0.0006897286627941873,1.999403651965693,0.08526517706722014,True
132__M_Right_ring_finger.BMP,20261261,0.0019018538369677688,27.208228629178063,0.8310326369662285,0.0011488567900317225,29.39734104623527,0.9138337364174127,-0.0007529970469360462,2.1891124170572063,0.08280109945118419,True
132__M_Right_thumb_finger.BMP,20261262,0.001893447605292692,27.227467079960682,0.889553372059226,0.0012969313437312846,28.870830137600652,0.9425364417552948,-0.0005965162615614074,1.64336305763997,0.05298306969606881,True
133__M_Left_index_finger.BMP,20261263,0.0019479582433377008,27.104203569452814,0.8568074424543977,0.0009578816620486279,30.186881409149432,0.9492354937772751,-0.0009900765812890728,3.0826778396966183,0.09242805132287746,True
133__M_Left_little_finger.BMP,20261264,0.0019159305315416277,27.176202417684785,0.8440481894179582,0.0009172218414146695,30.375256121486743,0.955127085000515,-0.0009987086901269582,3.199053703801958,0.11107889558255679,True
133__M_Left_middle_finger.BMP,20261265,0.0019337524627483333,27.1359912019247,0.8477537391204238,0.0009551306818807316,30.19937203770272,0.9510761751815081,-0.0009786217808676017,3.0633808357780197,0.10332243606108427,True
133__M_Left_ring_finger.BMP,20261266,0.0019439626531099904,27.113120828789054,0.853630388022542,0.0009559094379200659,30.19583250479759,0.9535426441913843,-0.0009880532151899245,3.082711676008536,0.09991225616884236,True
133__M_Left_thumb_finger.BMP,20261267,0.0019651313255229386,27.066084213474987,0.8787501956208348,0.0010290719347247886,29.875542658963617,0.9553553099027872,-0.0009360593907981501,2.80945844548863,0.07660511428195238,True
133__M_Right_index_finger.BMP,20261268,0.001549994092388068,28.09669957086581,0.7533580137879551,0.0008752493601004853,30.578681980778452,0.9012012907007932,-0.0006747447322875827,2.481982409912643,0.14784327691283816,True
133__M_Right_little_finger.BMP,20261269,0.0019975767463978073,26.99496526208319,0.8533938137560487,0.0009902170576766743,30.042695966966704,0.9464271117670536,-0.001007359688721133,3.047730704883513,0.0930332980110049,True
133__M_Right_middle_finger.BMP,20261270,0.0017773484443059499,27.50227421601176,0.8547975900802314,0.0010905311812329332,29.6236191225511,0.9004377470313311,-0.0006868172630730167,2.121344906539342,0.045640156951099686,True
133__M_Right_ring_finger.BMP,20261271,0.0017268427965367894,27.62747196714023,0.8239456582482159,0.0009531476018080141,30.208398405084694,0.9392497758264542,-0.0007736951947287752,2.5809264379444627,0.11530411757823833,True
133__M_Right_thumb_finger.BMP,20261272,0.0019337319325321684,27.136037310240503,0.9188794189521671,0.0011378442090769559,29.439171964381895,0.9463912040168047,-0.0007958877234552125,2.3031346541413917,0.027511785064637584,True
134__M_Left_index_finger.BMP,20261273,0.0018964507554302885,27.220584300097315,0.8280033328912855,0.0009119692636184178,30.400197985859027,0.943201742456913,-0.0009844814918118707,3.179613685761712,0.11519840956562755,True
134__M_Left_little_finger.BMP,20261274,0.0018672337076898694,27.288013212539465,0.724975106641531,0.000722891117299434,31.409271117194038,0.9187328848748207,-0.0011443425903904353,4.121257904654573,0.19375777823328977,True
134__M_Left_middle_finger.BMP,20261275,0.001985235643041516,27.02187936055166,0.8618359867835342,0.0009888862753667624,30.048536505874054,0.9416197185707093,-0.0009963493676747536,3.0266571453223925,0.07978373178717502,True
134__M_Left_ring_finger.BMP,20261276,0.0019197564312855788,27.167538688270735,0.8579178668646812,0.0009973887590524306,30.01135530752718,0.9457186506021023,-0.0009223676722331482,2.843816619256444,0.08780078373742106,True
134__M_Left_thumb_finger.BMP,20261277,0.0019284162213037853,27.147992240086253,0.8573898990455866,0.0010513307132844407,29.782606480421183,0.9433516556272507,-0.0008770855080193446,2.6346142403349297,0.08596175658166405,True
134__M_Right_index_finger.BMP,20261278,0.0015130350448161022,28.201510127606923,0.7216785692762733,0.0008125501616807366,30.901498189414557,0.888871205496788,-0.0007004848831353656,2.699988061807634,0.16719263622051472,True
134__M_Right_little_finger.BMP,20261279,0.0017960420605749772,27.456834970330085,0.7972750182448626,0.0008896523604071996,30.507796646483392,0.9544128434023857,-0.0009063897001677776,3.0509616761533067,0.15713782515752317,True
134__M_Right_middle_finger.BMP,20261280,0.0017312623833873615,27.616371071553377,0.8242774493598938,0.0010913681608627618,29.62028720301186,0.853821099051714,-0.0006398942225245997,2.0039161314584817,0.029543649691820217,True
134__M_Right_ring_finger.BMP,20261281,0.001619729508985312,27.905575055582172,0.7720438415455818,0.0009074284719799467,30.421875981912404,0.9065865356494188,-0.0007123010370053654,2.5163009263302314,0.134542694103837,True
134__M_Right_thumb_finger.BMP,20261282,0.0018285565856238704,27.3789159565191,0.8619234365887641,0.001021570563795609,29.90731629610456,0.9348181196331978,-0.0008069860218282614,2.5284003395854597,0.0728946830444337,True
135__F_Left_index_finger.BMP,20261283,0.0018126609517593152,27.416834206976624,0.850614280223012,0.0010548090528511346,29.768261515497997,0.9480736318945885,-0.0007578518989081807,2.351427308521373,0.09745935167157649,True
135__F_Left_little_finger.BMP,20261284,0.0016351082190904913,27.86453498417458,0.76439720535779,0.000944673955314571,30.247180579888628,0.9510878719869852,-0.0006904342637759203,2.382645595714049,0.1866906666291952,True
135__F_Left_middle_finger.BMP,20261285,0.00188509281750918,27.246672612992192,0.8504900430249572,0.001162042334488179,29.34778049828905,0.9554014689555168,-0.0007230504830210011,2.1011078852968588,0.10491142593055958,True
135__F_Left_ring_finger.BMP,20261286,0.001795672380580492,27.45772897226076,0.8211362973735928,0.0010449647512405288,29.808983589308408,0.9604891184026003,-0.0007507076293399632,2.3512546170476476,0.13935282102900748,True
135__F_Left_thumb_finger.BMP,20261287,0.001826607488684907,27.383547661735665,0.8419244280868172,0.0010745104523303321,29.6878935554033,0.9582725305421352,-0.0007520970363545749,2.3043458936676338,0.11634810245531801,True
135__F_Right_index_finger.BMP,20261288,0.0016982448046230227,27.699997053561102,0.8092184452105462,0.0009873792218662455,30.055160161926278,0.9346204562036992,-0.0007108655827567773,2.3551631083651756,0.12540201099315296,True
135__F_Right_little_finger.BMP,20261289,0.0017387507075899773,27.597626802623786,0.7952243974248171,0.0009475143274472702,30.234142143052782,0.9545107071353197,-0.0007912363801427071,2.6365153404289963,0.15928630971050262,True
135__F_Right_middle_finger.BMP,20261290,0.001802763633742313,27.440612113201297,0.8637104194374681,0.001061081632206439,29.74251203230576,0.9493978949294091,-0.0007416820015358739,2.3018999191044642,0.085687475491941,True
135__F_Right_ring_finger.BMP,20261291,0.0017347332618528179,27.607672942513013,0.8039865915438235,0.0009147643270394422,30.386907798676507,0.9554798864473104,-0.0008199689348133757,2.7792348561634945,0.15149329490348695,True
135__F_Right_thumb_finger.BMP,20261292,0.0018451693514704181,27.339637676979677,0.8757036200092733,0.001234354070174981,29.085602465695576,0.8921663241119385,-0.000610815281295437,1.7459647887158987,0.01646270410266526,True
136__F_Left_index_finger.BMP,20261293,0.0018839074786429649,27.24940429834802,0.7739823455003499,0.0009254452466685123,30.336492708853108,0.9044482665958404,-0.0009584622319744525,3.087088410505089,0.1304659210954905,True
136__F_Left_little_finger.BMP,20261294,0.0018315866865548217,27.37172521934464,0.7724036528918147,0.0008693348153943671,30.60812927264404,0.9318894016785622,-0.0009622518711604547,3.236404053299399,0.15948574878674748,True
136__F_Left_middle_finger.BMP,20261295,0.002033339541802524,26.91790093659816,0.836239190144062,0.0010154860368302673,29.93326043868486,0.9081623481388093,-0.001017853504972257,3.015359502086703,0.07192315799474724,True
136__F_Left_ring_finger.BMP,20261296,0.0018419245721096212,27.347281583885138,0.7905844751240612,0.0008920341845726537,30.49618502253027,0.9359455275629759,-0.0009498903875369675,3.1489034386451316,0.14536105243891473,True
136__F_Left_thumb_finger.BMP,20261297,0.001964119920957401,27.06831999532721,0.8707870415782333,0.0012364304479445967,29.0783030867869,0.9232938685193062,-0.0007276894730128042,2.009983091459688,0.05250682694107289,True
136__F_Right_index_finger.BMP,20261298,0.0019224816329066604,27.161378006892832,0.8770612652856707,0.0011697064349665354,29.319231208790747,0.9439441928766966,-0.000752775197940125,2.1578532018979146,0.06688292759102588,True
136__F_Right_little_finger.BMP,20261299,0.0017980168970060425,27.45206231266859,0.805786746549815,0.0010372574942293503,29.841134186916186,0.9539858264706135,-0.0007607594027766922,2.3890718742475947,0.1481990799207985,True
136__F_Right_middle_finger.BMP,20261300,0.0019279219832601924,27.149105445644835,0.8792222302857041,0.001157842009884964,29.363506970129222,0.9400371688768864,-0.0007700799733752284,2.214401524484387,0.060814938591182255,True
136__F_Right_ring_finger.BMP,20261301,0.0017763312346772478,27.504760475779975,0.8139368748950064,0.0009409658844555728,30.264261220151187,0.9564586892844439,-0.000835365350221675,2.7595007443712127,0.14252181438943745,True
136__F_Right_thumb_finger.BMP,20261302,0.00166361420697795,27.789473794914134,0.703886962396115,0.0012473385472359887,29.040156561913584,0.6953224179074764,-0.0004162756597419614,1.25068276699945,-0.008564544488638637,True
137__M_Left_index_finger.BMP,20261303,0.0019312029336912518,27.14172087509281,0.8529829685522914,0.001051456474665401,29.78208700347016,0.9503898162704706,-0.0008797464590258508,2.6403661283773516,0.0974068477181792,True
137__M_Left_little_finger.BMP,20261304,0.0017885791901306623,27.474918265100357,0.7961275074059964,0.0009840137286736622,30.06998842375952,0.9533418054901361,-0.0008045654614570001,2.595070158659162,0.15721429808413978,True
137__M_Left_middle_finger.BMP,20261305,0.0018952879865682289,27.22324790194708,0.8419609222922028,0.0009592937174055442,30.180483997967194,0.955529012876153,-0.0009359942691626847,2.9572360960201145,0.11356809058395023,True
137__M_Left_ring_finger.BMP,20261306,0.0018518457304761069,27.32395195404383,0.8126498689519763,0.0008932306406099539,30.490363876834635,0.9559866609485149,-0.0009586150898661529,3.166411922790804,0.1433367919965386,True
137__M_Left_thumb_finger.BMP,20261307,0.0018257389834102442,27.385613112307134,0.8317526034355164,0.0010303501740039284,29.870151512249052,0.9586400313560963,-0.0007953888094063158,2.4845383999419184,0.12688742792057994,True
137__M_Right_index_finger.BMP,20261308,0.0016958959913161618,27.706007863850687,0.8267873569483757,0.0009525097751520027,30.211305586730354,0.9329797260158061,-0.000743386216164159,2.505297722879668,0.10619236906743046,True
137__M_Right_little_finger.BMP,20261309,0.001830101713840385,27.375247722739203,0.8185272977665067,0.0008621803849021509,30.644018618180855,0.9597931300700903,-0.0009679213289382341,3.2687708954416514,0.14126583230358358,True
137__M_Right_middle_finger.BMP,20261310,0.0018601198320711584,27.30459076894507,0.7501878668120503,0.0007900720055500667,31.023333261931008,0.9234540703024864,-0.0010700478265210918,3.718742492985939,0.1732662034904361,True
137__M_Right_ring_finger.BMP,20261311,0.0017924479845956348,27.46553438355202,0.7436814484277368,0.0007329375599412078,31.349330219864783,0.9368483852701187,-0.0010595104246544271,3.883795836312764,0.19316693684238195,True
137__M_Right_thumb_finger.BMP,20261312,0.001562285422120393,28.062396196725405,0.6400515853360891,0.0009796067118255617,30.089482479462426,0.6977391205173731,-0.0005826787102948313,2.02708628273702,0.057687535181284,True
138__M_Left_index_finger.BMP,20261313,0.001775058309927527,27.507873759813805,0.8209350681822896,0.00099331094318406,30.029147799332097,0.9358377933561802,-0.0007817473667434669,2.5212740395182927,0.11490272517389066,True
138__M_Left_little_finger.BMP,20261314,0.001741732991656535,27.590184217382927,0.8063488044540882,0.0009822063104167346,30.077972799678413,0.9438365622956753,-0.0007595266812398004,2.4877885822954866,0.13748775784158707,True
138__M_Left_middle_finger.BMP,20261315,0.00163336790415948,27.86915982593103,0.7989299240106345,0.0008680383342192813,30.614610951319353,0.9505271861710548,-0.0007653295699401988,2.7454511253883247,0.15159726216042035,True
138__M_Left_ring_finger.BMP,20261316,0.001712567176137738,27.663523841253223,0.8105628255457878,0.0010021008422642964,29.990885728447445,0.9371497129135132,-0.0007104663338734416,2.327361887194222,0.1265868873677254,True
138__M_Left_thumb_finger.BMP,20261317,0.0017432559154985402,27.586388524021118,0.8079177241156399,0.0009883281709526966,30.050988254840817,0.9492741810281277,-0.0007549277445458437,2.4645997308196996,0.14135645691248777,True
138__M_Right_index_finger.BMP,20261318,0.001715923796351645,27.655020029435114,0.7621400189446211,0.0008794016267583801,30.558127353372647,0.9370759651913643,-0.0008365221695932649,2.903107323937533,0.17493594624674313,True
138__M_Right_little_finger.BMP,20261319,0.0016596731546625369,27.79977430696484,0.7302341076042355,0.0007851846074004853,31.050282228093668,0.9246725269596576,-0.0008744885472620515,3.250507921128829,0.19443841935542217,True
138__M_Right_middle_finger.BMP,20261320,0.001633771639365919,27.868086471267944,0.7460712662625313,0.0007642354522553889,31.16772819615733,0.9437185012514592,-0.00086953618711053,3.299641724889387,0.1976472349889279,True
138__M_Right_ring_finger.BMP,20261321,0.00176128717080429,27.541698282872172,0.7737208009769321,0.0008975253020931267,30.46953299401972,0.9246564985516071,-0.0008637618687111633,2.927834711147547,0.15093569757467507,True
138__M_Right_thumb_finger.BMP,20261322,0.0017643871072747386,27.53406124357638,0.8024422953363359,0.000974109059388362,30.11392417619248,0.9497468622589111,-0.0007902780478863767,2.5798629326160984,0.1473045669225752,True
139__M_Left_index_finger.BMP,20261323,0.0018783705296300797,27.26218734167274,0.9012850405715108,0.0011211289944712975,29.50344415626168,0.957588444214344,-0.0007572415351587822,2.24125681458894,0.05630340364283315,True
139__M_Left_little_finger.BMP,20261324,0.0017330245201170023,27.611952925219892,0.8114302812051774,0.0010249084982831632,29.893149057931517,0.9517876291115284,-0.0007081160218338392,2.2811961327116244,0.14035734790635102,True
139__M_Left_middle_finger.BMP,20261325,0.0018981750855736174,27.21663731217729,0.906907803491354,0.001181421873911488,29.275949924835597,0.9576967455565929,-0.0007167532116621293,2.0593126126583066,0.05078894206523887,True
139__M_Left_ring_finger.BMP,20261326,0.0018852917182638697,27.246214402433196,0.8762139076927304,0.001171515754453768,29.312518666689552,0.9490310998848677,-0.0007137759638101017,2.066304264256356,0.07281719219213723,True
139__M_Left_thumb_finger.BMP,20261327,0.0019433534682023552,27.114482002605406,0.9222695010296702,0.0012322495582312235,29.09301328870358,0.9595534001681805,-0.0007111039099711317,1.9785312860981747,0.03728389913851027,True
139__M_Right_index_finger.BMP,20261328,0.0018723513026967836,27.276126628047408,0.8959212678203583,0.0011656110248746384,29.334463534656095,0.9598061125782729,-0.0007067402778221453,2.0583369066086874,0.06388484475791456,True
139__M_Right_little_finger.BMP,20261329,0.0018227301130365736,27.392776314525655,0.8519876234032512,0.0011139794408628204,29.53122824245074,0.9560043853015899,-0.0007087506721737533,2.138451927925086,0.10401676189833875,True
139__M_Right_middle_finger.BMP,20261330,0.0019059710436808803,27.19883701633231,0.9056368985354603,0.0011620155705317568,29.347880525388753,0.9599766765254736,-0.0007439554731491235,2.149043509056444,0.05433977799001333,True
139__M_Right_ring_finger.BMP,20261331,0.0019272443520736812,27.15063218385792,0.8996184370402097,0.001231850608083394,29.09441957771439,0.949234268427372,-0.0006953937439902872,1.9437873938564714,0.0496158313871623,True
139__M_Right_thumb_finger.BMP,20261332,0.0019500668629741761,27.099504974975343,0.913811944070816,0.0013547146603641576,28.681521693497267,0.9516596681751013,-0.0005953522026100186,1.582016718521924,0.037847724104285274,True
13__F_Left_index_finger.BMP,20261333,0.001803147069689461,27.439688495672563,0.8291617468962371,0.0012062208901475811,29.18573154394946,0.9387140188822747,-0.0005969261795418799,1.7460430482768956,0.10955227198603756,True
13__F_Left_little_finger.BMP,20261334,0.0017000465693232623,27.695391818434274,0.7922142726987005,0.001030648803360283,29.868892966428007,0.957989519184947,-0.0006693977659629794,2.1735011479937327,0.16577524648624653,True
13__F_Left_middle_finger.BMP,20261335,0.0019619691764314567,27.07307819897398,0.8763505100993813,0.0012931956734605118,28.88335757041744,0.9545839497926235,-0.000668773502970945,1.8102793714434604,0.07823343969324226,True
13__F_Left_ring_finger.BMP,20261336,0.0019243470433704401,27.157166030729705,0.877044544698,0.0012676318373948112,28.970068617574952,0.9463434023504257,-0.0006567152059756289,1.8129025868452473,0.06929885765242572,True
13__F_Left_thumb_finger.BMP,20261337,0.0018376087673202745,27.35746945768117,0.8640069133516848,0.0012243616146736405,29.120902945571782,0.9486219562369586,-0.000613247152646634,1.7634334878906124,0.08461504288527377,True
13__F_Right_index_finger.BMP,20261338,0.0018465787859631836,27.336321580486825,0.861372783593148,0.0011048248705007558,29.567065579996022,0.9368047619862556,-0.0007417539154624278,2.2307439995091976,0.07543197839310767,True
13__F_Right_little_finger.BMP,20261339,0.001764084439713608,27.534806307552223,0.8152861976155042,0.0011103781977780715,29.545290741565417,0.9521761208546161,-0.0006537062419355365,2.0104844340131933,0.13688992323911187,True
13__F_Right_middle_finger.BMP,20261340,0.0017337680995268977,27.610089921141157,0.8173294680195451,0.0009717140979277389,30.124614963462044,0.9499227917705775,-0.0007620540015991588,2.514525042320887,0.1325933237510324,True
13__F_Right_ring_finger.BMP,20261341,0.0017189548472702771,27.647355310144643,0.8116757217310071,0.001073154183581459,29.6933787703858,0.9350631113519668,-0.0006458006636888181,2.0460234602411553,0.12338738962095974,True
13__F_Right_thumb_finger.BMP,20261342,0.0019214733193605015,27.163656415587035,0.8880043315437436,0.0014135726728810483,28.496818591801848,0.9493577396759987,-0.0005079006464794532,1.3331621762148131,0.061353408132255094,True
140__F_Left_index_finger.BMP,20261343,0.0019654398386671134,27.065402452220514,0.8584668140839339,0.0011583764620420847,29.361502758267413,0.9268758715561628,-0.0008070633766250287,2.296100306046899,0.06840905747222892,True
140__F_Left_little_finger.BMP,20261344,0.0017843609353743652,27.485172932409235,0.788553495390296,0.0009065692402096396,30.425990205893175,0.9570769188069105,-0.0008777916951647256,2.9408172734839404,0.16852342341661453,True
140__F_Left_middle_finger.BMP,20261345,0.0019648905838317364,27.06661628576667,0.8593007702425718,0.0011048440037896264,29.566990369797118,0.9301275024235248,-0.00086004658004211,2.5003740840304474,0.07082673218095303,True
140__F_Left_ring_finger.BMP,20261346,0.0019261136220435177,27.153180972888244,0.8417257993373275,0.0010027091421513346,29.98825025381949,0.9471476445016861,-0.0009234044798921831,2.835069280931247,0.1054218451643586,True
140__F_Left_thumb_finger.BMP,20261347,0.0019428837167266523,27.11553191523322,0.8639395538553893,0.0012002807084685028,29.207171740504748,0.927255813401103,-0.0007426030082581495,2.0916398252715283,0.06331625954571363,True
140__F_Right_index_finger.BMP,20261348,0.0016460998041625016,27.83543836752535,0.7904074994333983,0.0009926087436859432,30.032219035112206,0.8949755983439683,-0.0006534910604765584,2.1967806675868573,0.10456809891057006,True
140__F_Right_little_finger.BMP,20261349,0.0017961846410413198,27.456490215308,0.8350366352265477,0.0009563121275029984,30.19400336669419,0.9509682345058919,-0.0008398725135383214,2.737513151386189,0.11593159927934416,True
140__F_Right_middle_finger.BMP,20261350,0.0017907915377629734,27.469549665063326,0.8310160773046017,0.0009095322713527333,30.41181887010863,0.9575732580018044,-0.0008812592664102401,2.942269205045303,0.12655718069720268,True
140__F_Right_ring_finger.BMP,20261351,0.0019951277260240106,27.00029296001395,0.883262238819778,0.0011094328224302646,29.548989897195916,0.9467589118493795,-0.0008856949035937461,2.5486969371819654,0.0634966730296016,True
140__F_Right_thumb_finger.BMP,20261352,0.0018047896503929186,27.43573408161143,0.8826156942680776,0.0012185364427822738,29.141614778353695,0.880531551442504,-0.0005862532076106447,1.7058806967422662,-0.002084142825573676,True
141__F_Left_index_finger.BMP,20261353,0.0019293500680402295,27.14588965293045,0.8410663245275021,0.0010477372865652893,29.79747600270343,0.9354480694926978,-0.0008816127814749402,2.6515863497729804,0.09438174496519569,True
141__F_Left_little_finger.BMP,20261354,0.001791406702399862,27.468058052416687,0.7882305652490557,0.0009748606729481699,30.110574492179282,0.9569967079172135,-0.0008165460294516921,2.642516439762595,0.16876614266815781,True
141__F_Left_middle_finger.BMP,20261355,0.00192453682384361,27.156737747543303,0.8333213185737729,0.0010553590301023172,29.765997694973947,0.9422548984076977,-0.0008691777937412928,2.609259947430644,0.10893357983392482,True
141__F_Left_ring_finger.BMP,20261356,0.0018181220970896789,27.40376954825952,0.8098037797428965,0.0010866129197182786,29.63925135553909,0.952491078299284,-0.0007315091773714003,2.235481807279573,0.1426872985563875,True
141__F_Left_thumb_finger.BMP,20261357,0.002015147864210091,26.956930814065117,0.8664338440128565,0.0011085041066050795,29.552626936432034,0.931784297440052,-0.0009066437576050117,2.595696122366917,0.06535045342719548,True
141__F_Right_index_finger.BMP,20261358,0.0018111951496848052,27.420347535152022,0.8565699216789007,0.0011640706661223148,29.34020654586965,0.9327771170980931,-0.0006471244835624904,1.9198590107176265,0.07620719541919241,True
141__F_Right_little_finger.BMP,20261359,0.0016834687233260451,27.737949478313368,0.7818914059022665,0.0010581590033155305,29.754490685257,0.927926024876833,-0.0006253097200105146,2.016541206943632,0.1460346189745665,True
141__F_Right_middle_finger.BMP,20261360,0.001775955784800173,27.505678508639132,0.8381002110939622,0.0010433953128326605,29.815511185581364,0.9548468950867652,-0.0007325604719675125,2.309832676942232,0.11674668399280308,True
141__F_Right_ring_finger.BMP,20261361,0.0017847994073211283,27.484105869404928,0.8224300571516157,0.0011295926023261187,29.470781604667277,0.9537621494145393,-0.0006552068049950096,1.9866757352623488,0.13133209226292364,True
141__F_Right_thumb_finger.BMP,20261362,0.0018926314270624907,27.22933952744045,0.9145941613904238,0.0011803982279268146,29.279714511563068,0.9318144063444137,-0.0007122331991356761,2.050374984122616,0.017220244953989883,True
142__F_Left_index_finger.BMP,20261363,0.0017373063711580363,27.60123587672293,0.7838533849490881,0.0010422349768602983,29.820343562291978,0.9547411466331482,-0.0006950713942977379,2.219107685569046,0.17088776168406017,True
142__F_Left_little_finger.BMP,20261364,0.0017630625724605771,27.53732273978549,0.8068334488731027,0.0010159668468544699,29.931204637677308,0.9464973308293819,-0.0007470957256061072,2.3938818978918164,0.1396638819562792,True
142__F_Left_middle_finger.BMP,20261365,0.0018625553762332452,27.298908062387245,0.8489863499487043,0.0011253441727960638,29.487146335644642,0.9386816329576969,-0.0007372112034371814,2.1882382732573973,0.08969528300899265,True
142__F_Left_ring_finger.BMP,20261366,0.0018058397428117809,27.433207932809136,0.8134582779188156,0.001098219677330391,29.593107790937264,0.9255688511736393,-0.0007076200654813898,2.159899858128128,0.11211057325482365,True
142__F_Left_thumb_finger.BMP,20261367,0.0018928681906985193,27.228796269476334,0.8677278342366814,0.001216739598400965,29.148023577422517,0.9380640547178983,-0.0006761285922975543,1.9192273079461835,0.0703362204812169,True
142__F_Right_index_finger.BMP,20261368,0.0018558874566710639,27.314483634774376,0.8984941789099872,0.0010686792062976937,29.71152640762101,0.9430009484176636,-0.0007872082503733702,2.3970427728466355,0.0445067695076764,True
142__F_Right_little_finger.BMP,20261369,0.001783871546442,27.486364216414675,0.8219870179276466,0.0010794118129275898,29.66812833388468,0.9479456079860926,-0.0007044597335144102,2.1817641174700064,0.125958590058446,True
142__F_Right_middle_finger.BMP,20261370,0.0017136646965039306,27.660741501511872,0.8132206993660033,0.0009351998496500879,30.29095571666728,0.9562039133675099,-0.0007784648468538428,2.6302142151554087,0.1429832140015066,True
142__F_Right_ring_finger.BMP,20261371,0.0018481726338456072,27.33257464704196,0.8134107642285228,0.0010050184954205148,29.978259458204487,0.9515609408049583,-0.0008431541384250924,2.6456848111625284,0.13815017657643558,True
142__F_Right_thumb_finger.BMP,20261372,0.0018396044335224984,27.35275552429139,0.8737695338747501,0.0011910764142011698,29.24060375207951,0.9154723960176706,-0.0006485280193213286,1.8878482277881226,0.041702862142920516,True
143__M_Left_index_finger.BMP,20261373,0.0017020922822311142,27.69016897496268,0.7903909570943713,0.0009089921017242566,30.414398903671135,0.936820907534957,-0.0007931001805068576,2.7242299287084535,0.1464299504405856,True
143__M_Left_little_finger.BMP,20261374,0.0017288612776943353,27.622398527346714,0.8197953810780049,0.0009641025272443045,30.15876778702195,0.9487576492526532,-0.0007647587504500308,2.5363692596752365,0.1289622681746483,True
143__M_Left_middle_finger.BMP,20261375,0.001951830978181918,27.095577934424533,0.8826642164188624,0.0011844038866222523,29.265001761427282,0.9484042035217285,-0.0007674270915596657,2.169423827002749,0.0657399871028661,True
143__M_Left_ring_finger.BMP,20261376,0.001862808186117201,27.29831862226467,0.8666481344416141,0.0010985147712884295,29.591940989201436,0.9570802968896628,-0.0007642934148287715,2.2936223669367664,0.09043216244804864,True
143__M_Left_thumb_finger.BMP,20261377,0.0019634749829769314,27.069746277901952,0.9021131214315892,0.0012455254520737672,29.04647393312341,0.9360928245009184,-0.0007179495309031642,1.976727655221456,0.03397970306932918,True
143__M_Right_index_finger.BMP,20261378,0.0018453908385639675,27.33911639772827,0.8544248666304946,0.0011266039449409908,29.48228732362958,0.9436728879096508,-0.0007187868936229767,2.1431709259013125,0.08924802127915621,True
143__M_Right_little_finger.BMP,20261379,0.0017638420851557898,27.53540299371645,0.8330779713165164,0.0009967840249149136,30.013989309045044,0.9494308265764714,-0.0007670580602408762,2.478586315328595,0.11635285525995498,True
143__M_Right_middle_finger.BMP,20261380,0.0018915151189191012,27.23190183032672,0.8709477353647948,0.0011420540128379063,29.423133558776126,0.9411369872988462,-0.0007494611060811949,2.191231728449406,0.07018925193405146,True
143__M_Right_ring_finger.BMP,20261381,0.0019207305455692602,27.165335569396657,0.8688027776709795,0.0011439202984233872,29.416042335506354,0.9474711623033285,-0.000776810247145873,2.2507067661096976,0.07866838463234904,True
143__M_Right_thumb_finger.BMP,20261382,0.0018737319540468225,27.272925368231178,0.8925968937461972,0.0012387447607054172,29.07018169359575,0.9547954543304443,-0.0006349871933414052,1.7972563253645717,0.06219856058424711,True
144__M_Left_index_finger.BMP,20261383,0.0017747134928067655,27.508717488265123,0.8179450895927847,0.0009342251969890049,30.295484235332356,0.9460851192529202,-0.0008404882958177606,2.786766747067233,0.1281400296601355,True
144__M_Left_little_finger.BMP,20261384,0.0016962740288149578,27.705039872273698,0.769901600001514,0.0009520606637678445,30.21335378190895,0.9528297770391703,-0.0007442133650471133,2.508313909635252,0.1829281770376563,True
144__M_Left_middle_finger.BMP,20261385,0.0016760345323561213,27.757170375809146,0.7920883406688571,0.0008890514293469537,30.51073115480234,0.9615788704969883,-0.0007869831030091676,2.7535607789931937,0.16949052982813118,True
144__M_Left_ring_finger.BMP,20261386,0.0018235137377891225,27.390909604974247,0.8184410102485419,0.0010604063556227603,29.74527677955521,0.9382045454525948,-0.0007631073821663622,2.354367174580961,0.11976353520405292,True
144__M_Left_thumb_finger.BMP,20261387,0.0017286115258807436,27.62302595576532,0.7918201372854113,0.001008275983469502,29.96420577322305,0.9442698147306442,-0.0007203355424112417,2.3411798174577285,0.15244967744523286,True
144__M_Right_index_finger.BMP,20261388,0.0018296600701137797,27.376295897159757,0.8433314625098407,0.0010062484858790934,29.97294760114609,0.9433940867474079,-0.0008234115842346863,2.596651703986332,0.10006262423756718,True
144__M_Right_little_finger.BMP,20261389,0.0018186043775601664,27.402617678578093,0.8099370140316486,0.001051699069801938,29.781085102018988,0.9435857495051623,-0.0007669053077582284,2.3784674234408953,0.13364873547351364,True
144__M_Right_middle_finger.BMP,20261390,0.0018475646587530843,27.334003537730315,0.8311383388179541,0.001091751848230575,29.618760641873315,0.9464022104861737,-0.0007558128105225094,2.284757104143001,0.11526387166821961,True
144__M_Right_ring_finger.BMP,20261391,0.0019167817730170733,27.174273290464917,0.8528652394285798,0.001237372908298131,29.074993968867542,0.938100181224823,-0.0006794088647189423,1.9007206784026245,0.08523494179624314,True
144__M_Right_thumb_finger.BMP,20261392,0.0018452758078915186,27.339387119476374,0.8616564491676391,0.0011090497466006992,29.55048973066684,0.9617566775790453,-0.0007362260612908194,2.2111026111904657,0.1001002284114062,True
145__M_Left_index_finger.BMP,20261393,0.001936602480157001,27.12959516292625,0.8900421679756642,0.001223813035240411,29.12284925299501,0.9467449435920715,-0.0007127894449165898,1.9932540900687599,0.05670277561640735,True
145__M_Left_little_finger.BMP,20261394,0.0017912398141143092,27.46846266203267,0.7953950500075221,0.0009751567443510843,30.10925571239422,0.9484808872025013,-0.0008160830697632249,2.640793050361548,0.15308583719497926,True
145__M_Left_middle_finger.BMP,20261395,0.0019985625519254556,26.992822544436926,0.8877489782847167,0.0013080054528731718,28.833904455012064,0.9436465938507318,-0.0006905570990522838,1.841081910575138,0.055897615566015135,True
145__M_Left_ring_finger.BMP,20261396,0.0018965989266003056,27.220244995701414,0.8544618353708983,0.0012371634500706297,29.075729189849874,0.9465693901727199,-0.0006594354765296758,1.8554841941484597,0.09210755480182165,True
145__M_Left_thumb_finger.BMP,20261397,0.001896794055764546,27.219798200340342,0.8768287739846409,0.0012546139202474387,29.014898981687537,0.9135532170962095,-0.0006421801355171073,1.7951007813471946,0.03672444311156864,True
145__M_Right_index_finger.BMP,20261398,0.0016093680111284104,27.9334463524995,0.7099832204633653,0.0010294641266343375,29.873887824856777,0.7796501583126784,-0.0005799038844940729,1.940441472357275,0.0696669378493131,True
145__M_Right_little_finger.BMP,20261399,0.0017764500437009298,27.50447000980776,0.8261164196776748,0.0009970381223582102,30.012882358575688,0.9339413630714416,-0.0007794119213427196,2.5084123487679264,0.1078249433937668,True
145__M_Right_middle_finger.BMP,20261400,0.0019283487163475634,27.148144269211517,0.9010242192918956,0.0012987417474053997,28.86477199063396,0.9387359902170896,-0.0006296069689421637,1.7166277214224444,0.037711770925194066,True
145__M_Right_ring_finger.BMP,20261401,0.0018314376503693703,27.372078619087734,0.8536780240150094,0.001174376627144796,29.301926008229742,0.9313415940630436,-0.0006570610232245744,1.929847389142008,0.07766357004803426,True
145__M_Right_thumb_finger.BMP,20261402,0.0019288646442797296,27.14698247371624,0.8968200526979268,0.0013521181200535513,28.689853670876687,0.9325917069749832,-0.0005767465242261783,1.5428711971604478,0.03577165427705642,True
