Image,Quality band,Severity,Family,Technique ID,Technique,Metric domain,Role hint,Is image-processing technique,Notes,MSE,PSNR (dB),SSIM,Ridge coherence,Runtime (s),Delta PSNR vs degraded (dB),Delta PSNR vs common preprocessing (dB),PSNR delta to 28.17 dB,Binary foreground/ridge ratio,Connected components,Small components <20px,Largest component fraction,Fragmentation per 1000 ridge pixels,Skeleton pixels,Skeleton endpoints,Skeleton bifurcations,Ridge continuity proxy,Structural coherence,Reference ROI IoU proxy
75__F_Left_middle_finger.BMP,Higher quality,0.35,Control,CONTROL-DEGRADED,Degraded Input,grayscale,"Input condition/control, not a technique",False,"Input condition/control, not a technique",0.015114983280240843,18.205923288899456,0.7435694100628281,0.7118552923202515,0.0,0.0,0.0,-9.964076711100546,,,,,,,,,,,
75__F_Left_middle_finger.BMP,Higher quality,0.35,Control,CONTROL-P0,Common Preprocessed Input P0,grayscale,"Common preprocessing control, not a member technique",False,"Common preprocessing control, not a member technique",0.015114983280240843,18.205923288899456,0.7435694100628281,0.7118552923202515,0.0,0.0,0.0,-9.964076711100546,,,,,,,,,,,
75__F_Left_middle_finger.BMP,Higher quality,0.35,Denoising,D1,Gaussian filtering,grayscale,M1 candidate,True,sigma=0.65,0.017072424063298574,17.677048103104653,0.7343437538371226,0.7603966593742371,0.0011284000356681645,-0.5288751857948029,-0.5288751857948029,-10.492951896895349,,,,,,,,,,,
75__F_Left_middle_finger.BMP,Higher quality,0.35,Denoising,D2,Median filtering,grayscale,M1 candidate,True,3x3 median,0.017291478568169327,17.62167869274237,0.7310596169729643,0.7788148522377014,0.00769689999287948,-0.5842445961570846,-0.5842445961570846,-10.54832130725763,,,,,,,,,,,
75__F_Left_middle_finger.BMP,Higher quality,0.35,Denoising,D3,Bilateral filtering,grayscale,M1 candidate,True,"sigma_color=0.035, sigma_spatial=2.0",0.015924271697155348,17.979404211677757,0.7464216792848175,0.7248882055282593,0.13264949998119846,-0.22651907722169895,-0.22651907722169895,-10.190595788322245,,,,,,,,,,,
75__F_Left_middle_finger.BMP,Higher quality,0.35,Denoising,D4,Non-local means,grayscale,M1 candidate,True,"patch_size=3, patch_distance=5, h=0.055",0.01723459708964058,17.63598865072462,0.7330843237132677,0.7873817682266235,0.05815759999677539,-0.5699346381748356,-0.5699346381748356,-10.534011349275382,,,,,,,,,,,
75__F_Left_middle_finger.BMP,Higher quality,0.35,Denoising,D5,Wiener noise filtering,grayscale,M1 candidate,True,local window=5,0.026666779547036154,15.740294293570505,0.5580493384126397,0.7702910900115967,0.008081899955868721,-2.4656289953289505,-2.4656289953289505,-12.429705706429496,,,,,,,,,,,
75__F_Left_middle_finger.BMP,Higher quality,0.35,Denoising,D6,Wavelet denoising,grayscale,M1 candidate,True,db2 level=2 shrinkage,0.015812008135484078,18.010129708788437,0.7467844351894101,0.7392528057098389,0.0039594999980181456,-0.19579358011101888,-0.19579358011101888,-10.159870291211565,,,,,,,,,,,
75__F_Left_middle_finger.BMP,Higher quality,0.35,Denoising,D7,Anisotropic diffusion,grayscale,M1 candidate,True,Perona-Malik style fixed parameters,0.017413956108228237,17.591025545117624,0.736649873530143,0.756699800491333,0.006678100035060197,-0.6148977437818317,-0.6148977437818317,-10.578974454882378,,,,,,,,,,,
75__F_Left_middle_finger.BMP,Higher quality,0.35,Restoration/Deblurring,R1,Wiener deconvolution,grayscale,M1 candidate,True,uses known synthetic Gaussian PSF formula; no clean pixels used,0.013920737179669651,18.56337765832812,0.7661431879490186,0.7264577150344849,0.004407999978866428,0.3574543694286625,0.3574543694286625,-9.606622341671883,,,,,,,,,,,
75__F_Left_middle_finger.BMP,Higher quality,0.35,Restoration/Deblurring,R2,Richardson-Lucy deconvolution,grayscale,M1 candidate,True,uses known synthetic Gaussian PSF formula; 8 iterations,0.014164651105405105,18.48794118274742,0.7602702943897159,0.7157467603683472,0.01822110003558919,0.2820178938479643,0.2820178938479643,-9.682058817252582,,,,,,,,,,,
75__F_Left_middle_finger.BMP,Higher quality,0.35,Restoration/Deblurring,R3,Total variation restoration,grayscale,M1 candidate,True,TV Chambolle weight=0.045,0.019490353569991948,17.101802823752635,0.696452577837829,0.792046308517456,0.009118199988733977,-1.1041204651468206,-1.1041204651468206,-11.068197176247367,,,,,,,,,,,
75__F_Left_middle_finger.BMP,Higher quality,0.35,Restoration/Deblurring,R4,Tikhonov regularised inverse restoration,grayscale,M1 candidate,True,uses known synthetic Gaussian PSF formula; lambda=0.025,0.01564405736289996,18.05650600266235,0.7425215280016535,0.7294835448265076,0.00817250000545755,-0.1494172862371066,-0.1494172862371066,-10.113493997337653,,,,,,,,,,,
75__F_Left_middle_finger.BMP,Higher quality,0.35,Restoration/Deblurring,R5,Edge-preserving restoration,grayscale,M1 candidate,True,TV followed by bilateral filter,0.01803808243904401,17.4380963255935,0.7248366752402745,0.7906568646430969,0.13280449999729171,-0.7678269633059571,-0.7678269633059571,-10.731903674406503,,,,,,,,,,,
75__F_Left_middle_finger.BMP,Higher quality,0.35,Contrast Enhancement,C1,Global histogram equalisation,grayscale,M1 baseline candidate,True,global equalize_hist,0.009556109714425574,20.19718872725416,0.8062887901906483,0.716912031173706,0.005189299990888685,1.9912654383547057,1.9912654383547057,-7.97281127274584,,,,,,,,,,,
75__F_Left_middle_finger.BMP,Higher quality,0.35,Contrast Enhancement,C2,Adaptive histogram equalisation,grayscale,M1 baseline candidate,True,AHE-like un-clipped adaptive histogram equalisation,0.0437123762978288,13.593955836960559,0.7277070638534449,0.6921507120132446,0.007841399987228215,-4.611967451938897,-4.611967451938897,-14.576044163039443,,,,,,,,,,,
75__F_Left_middle_finger.BMP,Higher quality,0.35,Contrast Enhancement,C3,CLAHE,grayscale,M1 baseline candidate,True,clip_limit=0.025,0.04245269035699127,13.720947819766337,0.7292391644606797,0.6927222609519958,0.00550849997671321,-4.4849754691331185,-4.4849754691331185,-14.449052180233664,,,,,,,,,,,
75__F_Left_middle_finger.BMP,Higher quality,0.35,Contrast Enhancement,C4,Contrast stretching,grayscale,M1 candidate,True,2nd to 98th percentile,0.009082946576070327,20.417732402304324,0.7998816474979454,0.71784508228302,0.0010627000010572374,2.2118091134048683,2.2118091134048683,-7.752267597695678,,,,,,,,,,,
75__F_Left_middle_finger.BMP,Higher quality,0.35,Contrast Enhancement,C5,Gamma correction,grayscale,M1 candidate,True,gamma=0.85,0.01954915751713404,17.08871954050401,0.7235746935209432,0.7105207443237305,0.0009770000469870865,-1.117203748395447,-1.117203748395447,-11.081280459495993,,,,,,,,,,,
75__F_Left_middle_finger.BMP,Higher quality,0.35,Contrast Enhancement,C6,Homomorphic filtering,grayscale,M1 candidate,True,log-domain high-frequency gain=0.70,0.027747637979411363,15.567739803311337,0.6271480222789337,0.7127882242202759,0.00970299995969981,-2.6381834855881188,-2.6381834855881188,-12.602260196688665,,,,,,,,,,,
75__F_Left_middle_finger.BMP,Higher quality,0.35,Fingerprint Ridge Enhancement,G1,Ordinary Gabor filter,grayscale,M2 baseline,True,"fixed frequency=0.115, 8 orientations",0.03360229697673719,14.736310342105837,0.6092724315060587,0.7251205444335938,1.0194561000098474,-3.469612946793619,-3.469612946793619,-13.433689657894165,,,,,,,,,,,
75__F_Left_middle_finger.BMP,Higher quality,0.35,Fingerprint Ridge Enhancement,G2,Literature-inspired Modified Gabor,grayscale,M2 literature technique,True,local orientation + local ridge frequency; exact article parameters unavailable,0.017148225568282844,17.657808124009534,0.73531837430819,0.7235910892486572,2.186213899985887,-0.5481151648899214,-0.5481151648899214,-10.512191875990467,,,,,,,,,,,
75__F_Left_middle_finger.BMP,Higher quality,0.35,Fingerprint Ridge Enhancement,G3,Adaptive local-orientation Gabor,grayscale,M2 candidate,True,"local orientation, fixed frequency",0.01759575872438062,17.545920017638565,0.731818767281753,0.7242114543914795,0.4761126000084914,-0.6600032712608908,-0.6600032712608908,-10.624079982361437,,,,,,,,,,,
75__F_Left_middle_finger.BMP,Higher quality,0.35,Fingerprint Ridge Enhancement,G4,Adaptive orientation-frequency Gabor,grayscale,M2 candidate,True,local orientation + local frequency,0.017887532197403598,17.47449571505144,0.7322428198807165,0.7247021198272705,2.6595765999518335,-0.7314275738480163,-0.7314275738480163,-10.695504284948562,,,,,,,,,,,
75__F_Left_middle_finger.BMP,Higher quality,0.35,Fingerprint Ridge Enhancement,G5,Log-Gabor,grayscale,M2 candidate,True,local selection from log-Gabor frequency/orientation bank,0.025104222479794616,16.0025322491556,0.664554943563888,0.7071950435638428,0.5136485999682918,-2.203391039743856,-2.203391039743856,-12.167467750844402,,,,,,,,,,,
75__F_Left_middle_finger.BMP,Higher quality,0.35,Fingerprint Ridge Enhancement,G6,STFT contextual enhancement,grayscale,M2 candidate,True,"32px blocks, band-pass contextual filtering",0.031529302895423834,15.012856312824653,0.5711106872483032,0.6823280453681946,0.07877409999491647,-3.193066976074803,-3.193066976074803,-13.157143687175349,,,,,,,,,,,
75__F_Left_middle_finger.BMP,Higher quality,0.35,Fingerprint Ridge Enhancement,G7,Coherence-guided directional diffusion,grayscale,M2/M3 candidate,True,directional smoothing weighted by coherence,0.018064960292765875,17.43162988685033,0.7006745150103769,0.725760817527771,0.3913364000036381,-0.7742934020491248,-0.7742934020491248,-10.73837011314967,,,,,,,,,,,
75__F_Left_middle_finger.BMP,Higher quality,0.35,Fingerprint Ridge Enhancement,G8,Directional oriented filter-bank,grayscale,M2 candidate,True,orientation-selected elongated Gaussian smoothing,0.016172018671253643,17.912357659274218,0.7288898080940838,0.7166174650192261,0.12611889996333048,-0.29356562962523824,-0.29356562962523824,-10.257642340725784,,,,,,,,,,,
75__F_Left_middle_finger.BMP,Higher quality,0.35,Segmentation,S1,Otsu thresholding,ridge map,M3 candidate,True,Binary/structural output; PSNR/MSE/SSIM intentionally not calculated,,,,,,,,,0.52911376953125,162.0,150.0,0.9133694767951965,4.671819125620025,7398.0,150.0,643.0,49.32,0.7421033382415771,
75__F_Left_middle_finger.BMP,Higher quality,0.35,Segmentation,S2,Adaptive/local Sauvola thresholding,ridge map,M3 candidate,True,Binary/structural output; PSNR/MSE/SSIM intentionally not calculated,,,,,,,,,0.39007568359375,164.0,117.0,0.3867548108100891,6.415271475512439,6764.0,300.0,249.0,22.546666666666667,0.7376530766487122,
75__F_Left_middle_finger.BMP,Higher quality,0.35,Segmentation,S3,Local variance foreground segmentation,foreground mask,M3 candidate,True,Binary/structural output; PSNR/MSE/SSIM intentionally not calculated,,,,,,,,,0.90533447265625,1.0,0.0,1.0,0.01685431133283894,1960.0,4.0,31.0,490.0,0.753158450126648,0.90533447265625
75__F_Left_middle_finger.BMP,Higher quality,0.35,Segmentation,S4,Coherence-based foreground segmentation,foreground mask,M3 candidate,True,Binary/structural output; PSNR/MSE/SSIM intentionally not calculated,,,,,,,,,0.87396240234375,42.0,32.0,0.9907814860343933,0.7332914309658495,5069.0,62.0,204.0,81.75806451612904,0.784514844417572,0.87396240234375
75__F_Left_middle_finger.BMP,Higher quality,0.35,Segmentation,S5,Orientation-confidence segmentation,foreground mask,M3 candidate,True,Binary/structural output; PSNR/MSE/SSIM intentionally not calculated,,,,,,,,,0.438385009765625,25.0,14.0,0.6288896799087524,0.8701705534284719,2934.0,78.0,148.0,37.61538461538461,0.8140701055526733,0.438385009765625
75__F_Left_middle_finger.BMP,Higher quality,0.35,Morphological Ridge Restoration,M3-1,Opening,ridge map,M3 candidate,True,Binary ridge restoration; PSNR/MSE/SSIM intentionally not calculated,,,,,,,,,0.3563690185546875,185.0,75.0,0.34489402174949646,7.921216013701563,4659.0,347.0,48.0,13.426512968299711,0.7344644069671631,
75__F_Left_middle_finger.BMP,Higher quality,0.35,Morphological Ridge Restoration,M3-2,Closing,ridge map,M3 candidate,True,Binary ridge restoration; PSNR/MSE/SSIM intentionally not calculated,,,,,,,,,0.39495849609375,40.0,1.0,0.3925977349281311,1.5453562046051614,5741.0,157.0,123.0,36.56687898089172,0.7362481951713562,
75__F_Left_middle_finger.BMP,Higher quality,0.35,Morphological Ridge Restoration,M3-3,Opening + Closing,ridge map,M3 candidate,True,Binary ridge restoration; PSNR/MSE/SSIM intentionally not calculated,,,,,,,,,0.3608856201171875,147.0,52.0,0.350978821516037,6.21538201344552,4733.0,306.0,63.0,15.467320261437909,0.7339829802513123,
75__F_Left_middle_finger.BMP,Higher quality,0.35,Morphological Ridge Restoration,M3-4,Morphological reconstruction,ridge map,M3 candidate,True,Binary ridge restoration; PSNR/MSE/SSIM intentionally not calculated,,,,,,,,,0.3830718994140625,55.0,1.0,0.3984066843986511,2.19079864568811,5768.0,197.0,100.0,29.279187817258883,0.7366408109664917,
75__F_Left_middle_finger.BMP,Higher quality,0.35,Morphological Ridge Restoration,M3-5,Bridge / broken-ridge reconnection,ridge map,M3 candidate,True,Binary ridge restoration; PSNR/MSE/SSIM intentionally not calculated,,,,,,,,,0.2604217529296875,40.0,1.0,0.2960684299468994,2.343704224526865,5682.0,147.0,119.0,38.6530612244898,0.7554116249084473,
75__F_Left_middle_finger.BMP,Higher quality,0.35,Morphological Ridge Restoration,M3-6,Remove small objects / isolated noise,ridge map,M3 candidate,True,Binary ridge restoration; PSNR/MSE/SSIM intentionally not calculated,,,,,,,,,0.3811798095703125,51.0,0.0,0.4003843069076538,2.041551579200192,5725.0,190.0,100.0,30.13157894736842,0.7367100715637207,
75__F_Left_middle_finger.BMP,Higher quality,0.35,Morphological Ridge Restoration,M3-7,Spur cleanup,ridge map,M3 candidate,True,Binary ridge restoration; PSNR/MSE/SSIM intentionally not calculated,,,,,,,,,0.245758056640625,54.0,5.0,0.3059729337692261,3.352787780951198,5289.0,156.0,65.0,33.90384615384615,0.7646463513374329,
75__F_Left_middle_finger.BMP,Higher quality,0.35,Morphological Ridge Restoration,M3-8,Controlled ridge-restoration pipeline,ridge map,M3 candidate,True,Binary ridge restoration; PSNR/MSE/SSIM intentionally not calculated,,,,,,,,,0.249969482421875,37.0,0.0,0.30429738759994507,2.2585764863874984,5428.0,136.0,88.0,39.911764705882355,0.7598556280136108,
75__F_Left_middle_finger.BMP,Higher quality,0.35,Thinning / Feature Extraction,T1,Standard skeletonisation,skeleton,M4 candidate,True,"Skeleton/feature output; counts are detections, not ground-truth accuracy",,,,,,,,,0.08282470703125,37.0,14.0,0.307848185300827,6.8165070007369195,5428.0,136.0,88.0,39.911764705882355,0.7579916715621948,
75__F_Left_middle_finger.BMP,Higher quality,0.35,Thinning / Feature Extraction,T2,Zhang-Suen thinning,skeleton,M4 candidate,True,"Skeleton/feature output; counts are detections, not ground-truth accuracy",,,,,,,,,0.092498779296875,37.0,10.0,0.2984163761138916,6.103596172880238,5354.0,132.0,86.0,40.56060606060606,0.7652272582054138,
75__F_Left_middle_finger.BMP,Higher quality,0.35,Thinning / Feature Extraction,T3,Guo-Hall thinning,skeleton,M4 candidate,True,"Skeleton/feature output; counts are detections, not ground-truth accuracy",,,,,,,,,0.0835418701171875,37.0,10.0,0.30173516273498535,6.757990867579909,5446.0,140.0,94.0,38.9,0.7581960558891296,
75__F_Left_middle_finger.BMP,Higher quality,0.35,Thinning / Feature Extraction,T4,Morphological skeleton / medial axis,skeleton,M4 candidate,True,"Skeleton/feature output; counts are detections, not ground-truth accuracy",,,,,,,,,0.0849761962890625,37.0,9.0,0.3011312484741211,6.6439217094631,5569.0,151.0,105.0,36.88079470198676,0.7550680041313171,
422__M_Left_index_finger.BMP,Higher quality,0.55,Control,CONTROL-DEGRADED,Degraded Input,grayscale,"Input condition/control, not a technique",False,"Input condition/control, not a technique",0.029822220553575703,15.254600222425044,0.5762982588451102,0.5745490789413452,0.0,0.0,0.0,-12.915399777574958,,,,,,,,,,,
422__M_Left_index_finger.BMP,Higher quality,0.55,Control,CONTROL-P0,Common Preprocessed Input P0,grayscale,"Common preprocessing control, not a member technique",False,"Common preprocessing control, not a member technique",0.029822220553575703,15.254600222425044,0.5762982588451102,0.5745490789413452,0.0,0.0,0.0,-12.915399777574958,,,,,,,,,,,
422__M_Left_index_finger.BMP,Higher quality,0.55,Denoising,D1,Gaussian filtering,grayscale,M1 candidate,True,sigma=0.65,0.02994256156867422,15.237110487640727,0.6061137274085595,0.6722319722175598,0.0008158999844454229,-0.01748973478431637,-0.01748973478431637,-12.932889512359274,,,,,,,,,,,
422__M_Left_index_finger.BMP,Higher quality,0.55,Denoising,D2,Median filtering,grayscale,M1 candidate,True,3x3 median,0.030393981735686713,15.172124018429576,0.6027776267034989,0.7072454690933228,0.008075699966866523,-0.0824762039954674,-0.0824762039954674,-12.997875981570425,,,,,,,,,,,
422__M_Left_index_finger.BMP,Higher quality,0.55,Denoising,D3,Bilateral filtering,grayscale,M1 candidate,True,"sigma_color=0.035, sigma_spatial=2.0",0.030921732528392528,15.09736180780842,0.5693869226446862,0.5867157578468323,0.11133369995513931,-0.15723841461662325,-0.15723841461662325,-13.072638192191581,,,,,,,,,,,
422__M_Left_index_finger.BMP,Higher quality,0.55,Denoising,D4,Non-local means,grayscale,M1 candidate,True,"patch_size=3, patch_distance=5, h=0.055",0.03249821422292691,14.881405028499469,0.5651125501122731,0.6759740710258484,0.05206349998479709,-0.3731951939255751,-0.3731951939255751,-13.288594971500533,,,,,,,,,,,
422__M_Left_index_finger.BMP,Higher quality,0.55,Denoising,D5,Wiener noise filtering,grayscale,M1 candidate,True,local window=5,0.036787449014730036,14.343003267988701,0.50462109449254,0.7326789498329163,0.0046326000010594726,-0.9115969544363427,-0.9115969544363427,-13.8269967320113,,,,,,,,,,,
422__M_Left_index_finger.BMP,Higher quality,0.55,Denoising,D6,Wavelet denoising,grayscale,M1 candidate,True,db2 level=2 shrinkage,0.029850177002488407,15.25053089292532,0.5898696434710892,0.6322054266929626,0.002914800017606467,-0.00406932949972294,-0.00406932949972294,-12.919469107074681,,,,,,,,,,,
422__M_Left_index_finger.BMP,Higher quality,0.55,Denoising,D7,Anisotropic diffusion,grayscale,M1 candidate,True,Perona-Malik style fixed parameters,0.03112723536938631,15.06859450378782,0.5983789003267672,0.6704011559486389,0.006189399980939925,-0.18600571863722415,-0.18600571863722415,-13.101405496212182,,,,,,,,,,,
422__M_Left_index_finger.BMP,Higher quality,0.55,Restoration/Deblurring,R1,Wiener deconvolution,grayscale,M1 candidate,True,uses known synthetic Gaussian PSF formula; no clean pixels used,0.02762668593858207,15.586712093618107,0.6130640316541539,0.6048991680145264,0.0022205000277608633,0.33211187119306373,0.33211187119306373,-12.583287906381894,,,,,,,,,,,
422__M_Left_index_finger.BMP,Higher quality,0.55,Restoration/Deblurring,R2,Richardson-Lucy deconvolution,grayscale,M1 candidate,True,uses known synthetic Gaussian PSF formula; 8 iterations,0.028313411405804473,15.480078005233256,0.6013644606977318,0.5930792689323425,0.01892459997907281,0.22547778280821262,0.22547778280821262,-12.689921994766745,,,,,,,,,,,
422__M_Left_index_finger.BMP,Higher quality,0.55,Restoration/Deblurring,R3,Total variation restoration,grayscale,M1 candidate,True,TV Chambolle weight=0.045,0.031652126480579745,14.99597107518391,0.5905497308839229,0.6973378658294678,0.0021267999545671046,-0.25862914724113395,-0.25862914724113395,-13.174028924816092,,,,,,,,,,,
422__M_Left_index_finger.BMP,Higher quality,0.55,Restoration/Deblurring,R4,Tikhonov regularised inverse restoration,grayscale,M1 candidate,True,uses known synthetic Gaussian PSF formula; lambda=0.025,0.029661324082482045,15.278094659549597,0.5844430413734653,0.5869342088699341,0.007660799950826913,0.023494437124552903,0.023494437124552903,-12.891905340450405,,,,,,,,,,,
422__M_Left_index_finger.BMP,Higher quality,0.55,Restoration/Deblurring,R5,Edge-preserving restoration,grayscale,M1 candidate,True,TV followed by bilateral filter,0.032037103749634734,14.943467523382912,0.5880778553991404,0.704109787940979,0.1213770000031218,-0.3111326990421315,-0.3111326990421315,-13.22653247661709,,,,,,,,,,,
422__M_Left_index_finger.BMP,Higher quality,0.55,Contrast Enhancement,C1,Global histogram equalisation,grayscale,M1 baseline candidate,True,global equalize_hist,0.018691522860737712,17.283553137590836,0.6766358266605874,0.5854191780090332,0.0035097000072710216,2.0289529151657923,2.0289529151657923,-10.886446862409166,,,,,,,,,,,
422__M_Left_index_finger.BMP,Higher quality,0.55,Contrast Enhancement,C2,Adaptive histogram equalisation,grayscale,M1 baseline candidate,True,AHE-like un-clipped adaptive histogram equalisation,0.06717131105854234,11.728161750013866,0.6114223330433387,0.5799587965011597,0.005265100044198334,-3.5264384724111775,-3.5264384724111775,-16.441838249986134,,,,,,,,,,,
422__M_Left_index_finger.BMP,Higher quality,0.55,Contrast Enhancement,C3,CLAHE,grayscale,M1 baseline candidate,True,clip_limit=0.025,0.06633645722852251,11.782477261717982,0.612028791783821,0.5800607800483704,0.006298199994489551,-3.472122960707061,-3.472122960707061,-16.38752273828202,,,,,,,,,,,
422__M_Left_index_finger.BMP,Higher quality,0.55,Contrast Enhancement,C4,Contrast stretching,grayscale,M1 candidate,True,2nd to 98th percentile,0.02150923791163374,16.673749767178553,0.6499874022519267,0.581478476524353,0.0014501999830827117,1.419149544753509,1.419149544753509,-11.496250232821449,,,,,,,,,,,
422__M_Left_index_finger.BMP,Higher quality,0.55,Contrast Enhancement,C5,Gamma correction,grayscale,M1 candidate,True,gamma=0.85,0.03363247869659492,14.73241124223148,0.5570341316225602,0.5727008581161499,0.0010608999873511493,-0.5221889801935635,-0.5221889801935635,-13.437588757768522,,,,,,,,,,,
422__M_Left_index_finger.BMP,Higher quality,0.55,Contrast Enhancement,C6,Homomorphic filtering,grayscale,M1 candidate,True,log-domain high-frequency gain=0.70,0.04109100197494646,13.862532686460193,0.4792051606538531,0.5755906105041504,0.00953399995341897,-1.3920675359648502,-1.3920675359648502,-14.307467313539808,,,,,,,,,,,
422__M_Left_index_finger.BMP,Higher quality,0.55,Fingerprint Ridge Enhancement,G1,Ordinary Gabor filter,grayscale,M2 baseline,True,"fixed frequency=0.115, 8 orientations",0.047499024896897404,13.233153058749972,0.47489482180365733,0.590533435344696,1.0112581999856047,-2.021447163675072,-2.021447163675072,-14.93684694125003,,,,,,,,,,,
422__M_Left_index_finger.BMP,Higher quality,0.55,Fingerprint Ridge Enhancement,G2,Literature-inspired Modified Gabor,grayscale,M2 literature technique,True,local orientation + local ridge frequency; exact article parameters unavailable,0.029643214877388392,15.28074697865576,0.5872013281776435,0.5954290628433228,2.1259665000252426,0.02614675623071605,0.02614675623071605,-12.889253021344242,,,,,,,,,,,
422__M_Left_index_finger.BMP,Higher quality,0.55,Fingerprint Ridge Enhancement,G3,Adaptive local-orientation Gabor,grayscale,M2 candidate,True,"local orientation, fixed frequency",0.02924949630155408,15.338816083968144,0.5950927721746535,0.6017112731933594,0.468606699956581,0.08421586154310035,0.08421586154310035,-12.831183916031858,,,,,,,,,,,
422__M_Left_index_finger.BMP,Higher quality,0.55,Fingerprint Ridge Enhancement,G4,Adaptive orientation-frequency Gabor,grayscale,M2 candidate,True,local orientation + local frequency,0.02971976008880671,15.269547007165745,0.5889287350422984,0.5987547039985657,2.546350100019481,0.014946784740700991,0.014946784740700991,-12.900452992834257,,,,,,,,,,,
422__M_Left_index_finger.BMP,Higher quality,0.55,Fingerprint Ridge Enhancement,G5,Log-Gabor,grayscale,M2 candidate,True,local selection from log-Gabor frequency/orientation bank,0.03677454484814406,14.34452693751016,0.5177195103080746,0.5713986158370972,0.35297449998324737,-0.9100732849148834,-0.9100732849148834,-13.825473062489841,,,,,,,,,,,
422__M_Left_index_finger.BMP,Higher quality,0.55,Fingerprint Ridge Enhancement,G6,STFT contextual enhancement,grayscale,M2 candidate,True,"32px blocks, band-pass contextual filtering",0.04782886867503285,13.203098916348573,0.3995248469102543,0.5111023783683777,0.06443470000522211,-2.051501306076471,-2.051501306076471,-14.966901083651429,,,,,,,,,,,
422__M_Left_index_finger.BMP,Higher quality,0.55,Fingerprint Ridge Enhancement,G7,Coherence-guided directional diffusion,grayscale,M2/M3 candidate,True,directional smoothing weighted by coherence,0.03109469012715232,15.073137667725803,0.5592540657555694,0.6095582246780396,0.33673759998055175,-0.181462554699241,-0.181462554699241,-13.096862332274199,,,,,,,,,,,
422__M_Left_index_finger.BMP,Higher quality,0.55,Fingerprint Ridge Enhancement,G8,Directional oriented filter-bank,grayscale,M2 candidate,True,orientation-selected elongated Gaussian smoothing,0.0302894526525333,15.187085745420942,0.5703501476459927,0.5873180627822876,0.10688259999733418,-0.06751447700410118,-0.06751447700410118,-12.98291425457906,,,,,,,,,,,
422__M_Left_index_finger.BMP,Higher quality,0.55,Segmentation,S1,Otsu thresholding,ridge map,M3 candidate,True,Binary/structural output; PSNR/MSE/SSIM intentionally not calculated,,,,,,,,,0.5074005126953125,261.0,250.0,0.9389228224754333,7.848915887288365,7743.0,330.0,934.0,23.463636363636365,0.6125918626785278,
422__M_Left_index_finger.BMP,Higher quality,0.55,Segmentation,S2,Adaptive/local Sauvola thresholding,ridge map,M3 candidate,True,Binary/structural output; PSNR/MSE/SSIM intentionally not calculated,,,,,,,,,0.3280487060546875,406.0,335.0,0.29224616289138794,18.884599283687614,7981.0,739.0,797.0,10.799729364005414,0.5970003008842468,
422__M_Left_index_finger.BMP,Higher quality,0.55,Segmentation,S3,Local variance foreground segmentation,foreground mask,M3 candidate,True,Binary/structural output; PSNR/MSE/SSIM intentionally not calculated,,,,,,,,,0.87774658203125,5.0,3.0,0.9926987290382385,0.08692024198595369,2459.0,30.0,56.0,81.96666666666667,0.6161763668060303,0.87774658203125
422__M_Left_index_finger.BMP,Higher quality,0.55,Segmentation,S4,Coherence-based foreground segmentation,foreground mask,M3 candidate,True,Binary/structural output; PSNR/MSE/SSIM intentionally not calculated,,,,,,,,,0.77252197265625,68.0,54.0,0.9839614629745483,1.3431302836375127,5656.0,122.0,273.0,46.36065573770492,0.6829515099525452,0.77252197265625
422__M_Left_index_finger.BMP,Higher quality,0.55,Segmentation,S5,Orientation-confidence segmentation,foreground mask,M3 candidate,True,Binary/structural output; PSNR/MSE/SSIM intentionally not calculated,,,,,,,,,0.42181396484375,21.0,17.0,0.981804370880127,0.7596585154102157,3767.0,84.0,226.0,44.845238095238095,0.6916847825050354,0.42181396484375
422__M_Left_index_finger.BMP,Higher quality,0.55,Morphological Ridge Restoration,M3-1,Opening,ridge map,M3 candidate,True,Binary ridge restoration; PSNR/MSE/SSIM intentionally not calculated,,,,,,,,,0.2848663330078125,160.0,50.0,0.26021745800971985,8.570357276768975,3456.0,318.0,27.0,10.867924528301886,0.5907773375511169,
422__M_Left_index_finger.BMP,Higher quality,0.55,Morphological Ridge Restoration,M3-2,Closing,ridge map,M3 candidate,True,Binary ridge restoration; PSNR/MSE/SSIM intentionally not calculated,,,,,,,,,0.3238983154296875,59.0,0.0,0.24266265332698822,2.779478965468507,4488.0,231.0,115.0,19.428571428571427,0.5934917330741882,
422__M_Left_index_finger.BMP,Higher quality,0.55,Morphological Ridge Restoration,M3-3,Opening + Closing,ridge map,M3 candidate,True,Binary ridge restoration; PSNR/MSE/SSIM intentionally not calculated,,,,,,,,,0.288848876953125,128.0,39.0,0.25715795159339905,6.7617538298996305,3540.0,267.0,32.0,13.258426966292134,0.5907056331634521,
422__M_Left_index_finger.BMP,Higher quality,0.55,Morphological Ridge Restoration,M3-4,Morphological reconstruction,ridge map,M3 candidate,True,Binary ridge restoration; PSNR/MSE/SSIM intentionally not calculated,,,,,,,,,0.3106842041015625,78.0,1.0,0.2502332925796509,3.830853101517607,4821.0,390.0,214.0,12.361538461538462,0.5931763052940369,
422__M_Left_index_finger.BMP,Higher quality,0.55,Morphological Ridge Restoration,M3-5,Bridge / broken-ridge reconnection,ridge map,M3 candidate,True,Binary ridge restoration; PSNR/MSE/SSIM intentionally not calculated,,,,,,,,,0.2045440673828125,58.0,2.0,0.2895934283733368,4.32674375233122,4393.0,211.0,101.0,20.819905213270143,0.6025291085243225,
422__M_Left_index_finger.BMP,Higher quality,0.55,Morphological Ridge Restoration,M3-6,Remove small objects / isolated noise,ridge map,M3 candidate,True,Binary ridge restoration; PSNR/MSE/SSIM intentionally not calculated,,,,,,,,,0.306793212890625,71.0,0.0,0.25340694189071655,3.531284193773003,4716.0,368.0,206.0,12.815217391304348,0.5925604701042175,
422__M_Left_index_finger.BMP,Higher quality,0.55,Morphological Ridge Restoration,M3-7,Spur cleanup,ridge map,M3 candidate,True,Binary ridge restoration; PSNR/MSE/SSIM intentionally not calculated,,,,,,,,,0.187164306640625,76.0,13.0,0.1700635850429535,6.195988912440893,3904.0,199.0,43.0,19.618090452261306,0.6094442009925842,
422__M_Left_index_finger.BMP,Higher quality,0.55,Morphological Ridge Restoration,M3-8,Controlled ridge-restoration pipeline,ridge map,M3 candidate,True,Binary ridge restoration; PSNR/MSE/SSIM intentionally not calculated,,,,,,,,,0.1915130615234375,54.0,3.0,0.29423949122428894,4.302446020237431,4088.0,175.0,67.0,23.36,0.6046673059463501,
422__M_Left_index_finger.BMP,Higher quality,0.55,Thinning / Feature Extraction,T1,Standard skeletonisation,skeleton,M4 candidate,True,"Skeleton/feature output; counts are detections, not ground-truth accuracy",,,,,,,,,0.0623779296875,54.0,29.0,0.29892367124557495,13.209393346379647,4088.0,175.0,67.0,23.36,0.596127986907959,
422__M_Left_index_finger.BMP,Higher quality,0.55,Thinning / Feature Extraction,T2,Zhang-Suen thinning,skeleton,M4 candidate,True,"Skeleton/feature output; counts are detections, not ground-truth accuracy",,,,,,,,,0.06787109375,54.0,28.0,0.31092625856399536,12.140287769784171,4014.0,168.0,60.0,23.892857142857142,0.5977333188056946,
422__M_Left_index_finger.BMP,Higher quality,0.55,Thinning / Feature Extraction,T3,Guo-Hall thinning,skeleton,M4 candidate,True,"Skeleton/feature output; counts are detections, not ground-truth accuracy",,,,,,,,,0.0636749267578125,54.0,29.0,0.29595014452934265,12.940330697340043,4130.0,189.0,79.0,21.85185185185185,0.5908327698707581,
422__M_Left_index_finger.BMP,Higher quality,0.55,Thinning / Feature Extraction,T4,Morphological skeleton / medial axis,skeleton,M4 candidate,True,"Skeleton/feature output; counts are detections, not ground-truth accuracy",,,,,,,,,0.066070556640625,54.0,26.0,0.2928406596183777,12.471131639722863,4330.0,208.0,98.0,20.817307692307693,0.5916478037834167,
184__M_Right_index_finger.BMP,Higher quality,0.75,Control,CONTROL-DEGRADED,Degraded Input,grayscale,"Input condition/control, not a technique",False,"Input condition/control, not a technique",0.054350025105621494,12.648002509662726,0.3909409718803697,0.42632046341896057,0.0,0.0,0.0,-15.521997490337275,,,,,,,,,,,
184__M_Right_index_finger.BMP,Higher quality,0.75,Control,CONTROL-P0,Common Preprocessed Input P0,grayscale,"Common preprocessing control, not a member technique",False,"Common preprocessing control, not a member technique",0.054350025105621494,12.648002509662726,0.3909409718803697,0.42632046341896057,0.0,0.0,0.0,-15.521997490337275,,,,,,,,,,,
184__M_Right_index_finger.BMP,Higher quality,0.75,Denoising,D1,Gaussian filtering,grayscale,M1 candidate,True,sigma=0.65,0.05301270462743725,12.756200381654274,0.4369402784822812,0.5558911561965942,0.0009059999720193446,0.10819787199154796,0.10819787199154796,-15.413799618345728,,,,,,,,,,,
184__M_Right_index_finger.BMP,Higher quality,0.75,Denoising,D2,Median filtering,grayscale,M1 candidate,True,3x3 median,0.05361078919155588,12.707477995828418,0.4357905043773856,0.6052377223968506,0.009091600019019097,0.05947548616569165,0.05947548616569165,-15.462522004171584,,,,,,,,,,,
184__M_Right_index_finger.BMP,Higher quality,0.75,Denoising,D3,Bilateral filtering,grayscale,M1 candidate,True,"sigma_color=0.035, sigma_spatial=2.0",0.056448213579410086,12.483497976695864,0.36704254775127526,0.4159543216228485,0.12071489996742457,-0.16450453296686263,-0.16450453296686263,-15.686502023304138,,,,,,,,,,,
184__M_Right_index_finger.BMP,Higher quality,0.75,Denoising,D4,Non-local means,grayscale,M1 candidate,True,"patch_size=3, patch_distance=5, h=0.055",0.057371798048609424,12.413015389906182,0.3886932233622875,0.5268051028251648,0.058103299990762025,-0.23498711975654452,-0.23498711975654452,-15.75698461009382,,,,,,,,,,,
184__M_Right_index_finger.BMP,Higher quality,0.75,Denoising,D5,Wiener noise filtering,grayscale,M1 candidate,True,local window=5,0.05860623624605674,12.320561685698369,0.3800618349870334,0.631212592124939,0.005110600031912327,-0.32744082396435736,-0.32744082396435736,-15.849438314301633,,,,,,,,,,,
184__M_Right_index_finger.BMP,Higher quality,0.75,Denoising,D6,Wavelet denoising,grayscale,M1 candidate,True,db2 level=2 shrinkage,0.05384971263301912,12.68816609956103,0.40458338454214277,0.4972376525402069,0.0032112000044435263,0.04016358989830415,0.04016358989830415,-15.481833900438971,,,,,,,,,,,
184__M_Right_index_finger.BMP,Higher quality,0.75,Denoising,D7,Anisotropic diffusion,grayscale,M1 candidate,True,Perona-Malik style fixed parameters,0.05462178665364073,12.626340983902276,0.41830347682020974,0.519335925579071,0.006544399948325008,-0.021661525760450218,-0.021661525760450218,-15.543659016097726,,,,,,,,,,,
184__M_Right_index_finger.BMP,Higher quality,0.75,Restoration/Deblurring,R1,Wiener deconvolution,grayscale,M1 candidate,True,uses known synthetic Gaussian PSF formula; no clean pixels used,0.05093042482928517,12.930227011997337,0.43832963501002326,0.4842767119407654,0.0022903000353835523,0.2822245023346106,0.2822245023346106,-15.239772988002665,,,,,,,,,,,
184__M_Right_index_finger.BMP,Higher quality,0.75,Restoration/Deblurring,R2,Richardson-Lucy deconvolution,grayscale,M1 candidate,True,uses known synthetic Gaussian PSF formula; 8 iterations,0.052458139344599024,12.801871176096395,0.41703765274066523,0.46251681447029114,0.018837500014342368,0.15386866643366837,0.15386866643366837,-15.368128823903607,,,,,,,,,,,
184__M_Right_index_finger.BMP,Higher quality,0.75,Restoration/Deblurring,R3,Total variation restoration,grayscale,M1 candidate,True,TV Chambolle weight=0.045,0.056726636943451786,12.462129629573347,0.41260717260584284,0.5992389917373657,0.011159999994561076,-0.18587288008937897,-0.18587288008937897,-15.707870370426654,,,,,,,,,,,
184__M_Right_index_finger.BMP,Higher quality,0.75,Restoration/Deblurring,R4,Tikhonov regularised inverse restoration,grayscale,M1 candidate,True,uses known synthetic Gaussian PSF formula; lambda=0.025,0.052930296276212874,12.762956750477601,0.4138006850791013,0.46710893511772156,0.013064500002656132,0.11495424081487471,0.11495424081487471,-15.4070432495224,,,,,,,,,,,
184__M_Right_index_finger.BMP,Higher quality,0.75,Restoration/Deblurring,R5,Edge-preserving restoration,grayscale,M1 candidate,True,TV followed by bilateral filter,0.05706548887932172,12.436264577866464,0.40617511298458786,0.533139705657959,0.12280990002909675,-0.21173793179626266,-0.21173793179626266,-15.733735422133538,,,,,,,,,,,
184__M_Right_index_finger.BMP,Higher quality,0.75,Contrast Enhancement,C1,Global histogram equalisation,grayscale,M1 baseline candidate,True,global equalize_hist,0.04527781023664632,13.441145850251159,0.5153980463691363,0.4473824203014374,0.003590600041206926,0.7931433405884327,0.7931433405884327,-14.728854149748843,,,,,,,,,,,
184__M_Right_index_finger.BMP,Higher quality,0.75,Contrast Enhancement,C2,Adaptive histogram equalisation,grayscale,M1 baseline candidate,True,AHE-like un-clipped adaptive histogram equalisation,0.07534059084388044,11.229709782496775,0.5106667852748308,0.4427614212036133,0.005939599999692291,-1.4182927271659516,-1.4182927271659516,-16.940290217503225,,,,,,,,,,,
184__M_Right_index_finger.BMP,Higher quality,0.75,Contrast Enhancement,C3,CLAHE,grayscale,M1 baseline candidate,True,clip_limit=0.025,0.07501040255012059,11.248785038504973,0.5106614101813362,0.44262850284576416,0.005603099998552352,-1.399217471157753,-1.399217471157753,-16.92121496149503,,,,,,,,,,,
184__M_Right_index_finger.BMP,Higher quality,0.75,Contrast Enhancement,C4,Contrast stretching,grayscale,M1 candidate,True,2nd to 98th percentile,0.041315675588955283,13.838851413183697,0.4788167458243611,0.43638718128204346,0.0013930000131949782,1.1908489035209708,1.1908489035209708,-14.331148586816305,,,,,,,,,,,
184__M_Right_index_finger.BMP,Higher quality,0.75,Contrast Enhancement,C5,Gamma correction,grayscale,M1 candidate,True,gamma=0.85,0.054509867521258824,12.635248734640696,0.37911225337657406,0.4243919849395752,0.0009757999796420336,-0.012753775022030567,-0.012753775022030567,-15.534751265359306,,,,,,,,,,,
184__M_Right_index_finger.BMP,Higher quality,0.75,Contrast Enhancement,C6,Homomorphic filtering,grayscale,M1 candidate,True,log-domain high-frequency gain=0.70,0.06426760139281305,11.920079086053086,0.32820410136323247,0.42694661021232605,0.009997699991799891,-0.7279234236096404,-0.7279234236096404,-16.249920913946916,,,,,,,,,,,
184__M_Right_index_finger.BMP,Higher quality,0.75,Fingerprint Ridge Enhancement,G1,Ordinary Gabor filter,grayscale,M2 baseline,True,"fixed frequency=0.115, 8 orientations",0.06408722229641735,11.932285514379473,0.3374090488542781,0.4509148895740509,1.0081711999955587,-0.7157169952832536,-0.7157169952832536,-16.23771448562053,,,,,,,,,,,
184__M_Right_index_finger.BMP,Higher quality,0.75,Fingerprint Ridge Enhancement,G2,Literature-inspired Modified Gabor,grayscale,M2 literature technique,True,local orientation + local ridge frequency; exact article parameters unavailable,0.05292794330313826,12.763149816832492,0.40448337331410433,0.4474993944168091,2.0589374999981374,0.11514730716976551,0.11514730716976551,-15.40685018316751,,,,,,,,,,,
184__M_Right_index_finger.BMP,Higher quality,0.75,Fingerprint Ridge Enhancement,G3,Adaptive local-orientation Gabor,grayscale,M2 candidate,True,"local orientation, fixed frequency",0.051379587407232086,12.892093875644534,0.42121994901470666,0.4630082845687866,0.48723089997656643,0.24409136598180758,0.24409136598180758,-15.277906124355468,,,,,,,,,,,
184__M_Right_index_finger.BMP,Higher quality,0.75,Fingerprint Ridge Enhancement,G4,Adaptive orientation-frequency Gabor,grayscale,M2 candidate,True,local orientation + local frequency,0.05264395999673842,12.786514495603921,0.4072775615276119,0.4515542984008789,2.10682149999775,0.13851198594119474,0.13851198594119474,-15.38348550439608,,,,,,,,,,,
184__M_Right_index_finger.BMP,Higher quality,0.75,Fingerprint Ridge Enhancement,G5,Log-Gabor,grayscale,M2 candidate,True,local selection from log-Gabor frequency/orientation bank,0.05693611538446959,12.446121670562949,0.3606454245261238,0.4207676947116852,0.33453689998714253,-0.20188083909977728,-0.20188083909977728,-15.723878329437053,,,,,,,,,,,
184__M_Right_index_finger.BMP,Higher quality,0.75,Fingerprint Ridge Enhancement,G6,STFT contextual enhancement,grayscale,M2 candidate,True,"32px blocks, band-pass contextual filtering",0.06643766804608506,11.775856196356173,0.2700063761192936,0.3653576970100403,0.06178640003781766,-0.872146313306553,-0.872146313306553,-16.39414380364383,,,,,,,,,,,
184__M_Right_index_finger.BMP,Higher quality,0.75,Fingerprint Ridge Enhancement,G7,Coherence-guided directional diffusion,grayscale,M2/M3 candidate,True,directional smoothing weighted by coherence,0.05442812096081203,12.641766587095098,0.38681139848817386,0.46550092101097107,0.3916439999593422,-0.0062359225676278385,-0.0062359225676278385,-15.528233412904903,,,,,,,,,,,
184__M_Right_index_finger.BMP,Higher quality,0.75,Fingerprint Ridge Enhancement,G8,Directional oriented filter-bank,grayscale,M2 candidate,True,orientation-selected elongated Gaussian smoothing,0.05434375299137862,12.648503724112395,0.3898157858311436,0.441142737865448,0.12891680002212524,0.0005012144496685522,0.0005012144496685522,-15.521496275887607,,,,,,,,,,,
184__M_Right_index_finger.BMP,Higher quality,0.75,Segmentation,S1,Otsu thresholding,ridge map,M3 candidate,True,Binary/structural output; PSNR/MSE/SSIM intentionally not calculated,,,,,,,,,0.4423370361328125,493.0,447.0,0.8387319445610046,17.006450722687916,10909.0,791.0,1946.0,13.791403286978507,0.47253793478012085,
184__M_Right_index_finger.BMP,Higher quality,0.75,Segmentation,S2,Adaptive/local Sauvola thresholding,ridge map,M3 candidate,True,Binary/structural output; PSNR/MSE/SSIM intentionally not calculated,,,,,,,,,0.240966796875,1006.0,859.0,0.26171478629112244,63.70314083080041,9004.0,1206.0,1051.0,7.466003316749585,0.47019532322883606,
184__M_Right_index_finger.BMP,Higher quality,0.75,Segmentation,S3,Local variance foreground segmentation,foreground mask,M3 candidate,True,Binary/structural output; PSNR/MSE/SSIM intentionally not calculated,,,,,,,,,0.974151611328125,3.0,2.0,0.9999686479568481,0.046991009053601075,2241.0,12.0,94.0,186.75,0.4312230944633484,0.974151611328125
184__M_Right_index_finger.BMP,Higher quality,0.75,Segmentation,S4,Coherence-based foreground segmentation,foreground mask,M3 candidate,True,Binary/structural output; PSNR/MSE/SSIM intentionally not calculated,,,,,,,,,0.6151580810546875,129.0,96.0,0.9492000341415405,3.1998015626937866,5416.0,211.0,274.0,25.66824644549763,0.5642638206481934,0.6151580810546875
184__M_Right_index_finger.BMP,Higher quality,0.75,Segmentation,S5,Orientation-confidence segmentation,foreground mask,M3 candidate,True,Binary/structural output; PSNR/MSE/SSIM intentionally not calculated,,,,,,,,,0.38250732421875,101.0,79.0,0.6413355469703674,4.029041008456996,4339.0,269.0,296.0,16.130111524163567,0.5493342876434326,0.38250732421875
184__M_Right_index_finger.BMP,Higher quality,0.75,Morphological Ridge Restoration,M3-1,Opening,ridge map,M3 candidate,True,Binary ridge restoration; PSNR/MSE/SSIM intentionally not calculated,,,,,,,,,0.161224365234375,193.0,90.0,0.3427976667881012,18.2661366647738,1876.0,306.0,1.0,6.130718954248366,0.4665548503398895,
184__M_Right_index_finger.BMP,Higher quality,0.75,Morphological Ridge Restoration,M3-2,Closing,ridge map,M3 candidate,True,Binary ridge restoration; PSNR/MSE/SSIM intentionally not calculated,,,,,,,,,0.2019195556640625,124.0,1.0,0.35562607645988464,9.37051311116149,2837.0,293.0,43.0,9.68259385665529,0.47772130370140076,
184__M_Right_index_finger.BMP,Higher quality,0.75,Morphological Ridge Restoration,M3-3,Opening + Closing,ridge map,M3 candidate,True,Binary ridge restoration; PSNR/MSE/SSIM intentionally not calculated,,,,,,,,,0.1631011962890625,174.0,74.0,0.36626437306404114,16.278417064271682,1921.0,297.0,2.0,6.468013468013468,0.4671257734298706,
184__M_Right_index_finger.BMP,Higher quality,0.75,Morphological Ridge Restoration,M3-4,Morphological reconstruction,ridge map,M3 candidate,True,Binary ridge restoration; PSNR/MSE/SSIM intentionally not calculated,,,,,,,,,0.1900177001953125,141.0,4.0,0.32048502564430237,11.322572874006264,3341.0,455.0,154.0,7.3428571428571425,0.4754897654056549,
184__M_Right_index_finger.BMP,Higher quality,0.75,Morphological Ridge Restoration,M3-5,Bridge / broken-ridge reconnection,ridge map,M3 candidate,True,Binary ridge restoration; PSNR/MSE/SSIM intentionally not calculated,,,,,,,,,0.132232666015625,123.0,5.0,0.19120702147483826,14.193399492268636,2721.0,277.0,32.0,9.823104693140793,0.4776327610015869,
184__M_Right_index_finger.BMP,Higher quality,0.75,Morphological Ridge Restoration,M3-6,Remove small objects / isolated noise,ridge map,M3 candidate,True,Binary ridge restoration; PSNR/MSE/SSIM intentionally not calculated,,,,,,,,,0.1781768798828125,111.0,0.0,0.34178298711776733,9.505866232765266,3028.0,375.0,134.0,8.074666666666667,0.4707833230495453,
184__M_Right_index_finger.BMP,Higher quality,0.75,Morphological Ridge Restoration,M3-7,Spur cleanup,ridge map,M3 candidate,True,Binary ridge restoration; PSNR/MSE/SSIM intentionally not calculated,,,,,,,,,0.114501953125,136.0,48.0,0.24573560059070587,18.12366737739872,2258.0,272.0,2.0,8.301470588235293,0.4790760278701782,
184__M_Right_index_finger.BMP,Higher quality,0.75,Morphological Ridge Restoration,M3-8,Controlled ridge-restoration pipeline,ridge map,M3 candidate,True,Binary ridge restoration; PSNR/MSE/SSIM intentionally not calculated,,,,,,,,,0.112945556640625,103.0,13.0,0.22007565200328827,13.915158065387732,2328.0,216.0,14.0,10.777777777777779,0.4720536172389984,
184__M_Right_index_finger.BMP,Higher quality,0.75,Thinning / Feature Extraction,T1,Standard skeletonisation,skeleton,M4 candidate,True,"Skeleton/feature output; counts are detections, not ground-truth accuracy",,,,,,,,,0.0355224609375,103.0,73.0,0.23410652577877045,44.243986254295535,2328.0,216.0,14.0,10.777777777777779,0.45994022488594055,
184__M_Right_index_finger.BMP,Higher quality,0.75,Thinning / Feature Extraction,T2,Zhang-Suen thinning,skeleton,M4 candidate,True,"Skeleton/feature output; counts are detections, not ground-truth accuracy",,,,,,,,,0.0367431640625,103.0,70.0,0.22632890939712524,42.77408637873754,2233.0,215.0,12.0,10.386046511627907,0.4622739851474762,
184__M_Right_index_finger.BMP,Higher quality,0.75,Thinning / Feature Extraction,T3,Guo-Hall thinning,skeleton,M4 candidate,True,"Skeleton/feature output; counts are detections, not ground-truth accuracy",,,,,,,,,0.0373077392578125,103.0,71.0,0.2220858931541443,42.126789366053174,2424.0,224.0,18.0,10.821428571428571,0.4588882625102997,
184__M_Right_index_finger.BMP,Higher quality,0.75,Thinning / Feature Extraction,T4,Morphological skeleton / medial axis,skeleton,M4 candidate,True,"Skeleton/feature output; counts are detections, not ground-truth accuracy",,,,,,,,,0.0404205322265625,103.0,66.0,0.2102680206298828,38.88259720649302,2649.0,247.0,39.0,10.724696356275304,0.4625689685344696,
445__M_Left_ring_finger.BMP,Higher quality,0.35,Control,CONTROL-DEGRADED,Degraded Input,grayscale,"Input condition/control, not a technique",False,"Input condition/control, not a technique",0.014399337938248978,18.416574757085808,0.7061618986973255,0.6278500556945801,0.0,0.0,0.0,-9.753425242914194,,,,,,,,,,,
445__M_Left_ring_finger.BMP,Higher quality,0.35,Control,CONTROL-P0,Common Preprocessed Input P0,grayscale,"Common preprocessing control, not a member technique",False,"Common preprocessing control, not a member technique",0.014399337938248978,18.416574757085808,0.7061618986973255,0.6278500556945801,0.0,0.0,0.0,-9.753425242914194,,,,,,,,,,,
445__M_Left_ring_finger.BMP,Higher quality,0.35,Denoising,D1,Gaussian filtering,grayscale,M1 candidate,True,sigma=0.65,0.015949274062913882,17.97259079230338,0.7381963778422381,0.6761560440063477,0.0007953000022098422,-0.4439839647824293,-0.4439839647824293,-10.197409207696623,,,,,,,,,,,
445__M_Left_ring_finger.BMP,Higher quality,0.35,Denoising,D2,Median filtering,grayscale,M1 candidate,True,3x3 median,0.01616464543600776,17.914338169957656,0.7354852244442404,0.6964238286018372,0.007167500036302954,-0.5022365871281522,-0.5022365871281522,-10.255661830042346,,,,,,,,,,,
445__M_Left_ring_finger.BMP,Higher quality,0.35,Denoising,D3,Bilateral filtering,grayscale,M1 candidate,True,"sigma_color=0.035, sigma_spatial=2.0",0.015069737642971412,18.2189430848176,0.7362154528125473,0.6436818838119507,0.11829740001121536,-0.19763167226820855,-0.19763167226820855,-9.951056915182402,,,,,,,,,,,
445__M_Left_ring_finger.BMP,Higher quality,0.35,Denoising,D4,Non-local means,grayscale,M1 candidate,True,"patch_size=3, patch_distance=5, h=0.055",0.016267863642320236,17.886694765204666,0.7451069611367276,0.7072667479515076,0.051035899959970266,-0.5298799918811419,-0.5298799918811419,-10.283305234795336,,,,,,,,,,,
445__M_Left_ring_finger.BMP,Higher quality,0.35,Denoising,D5,Wiener noise filtering,grayscale,M1 candidate,True,local window=5,0.02396972948408895,16.203368672692406,0.6014631391448909,0.6915037631988525,0.004503299947828054,-2.213206084393402,-2.213206084393402,-11.966631327307596,,,,,,,,,,,
445__M_Left_ring_finger.BMP,Higher quality,0.35,Denoising,D6,Wavelet denoising,grayscale,M1 candidate,True,db2 level=2 shrinkage,0.014800257610225215,18.297307252992574,0.7364899020067849,0.6623210310935974,0.0030737000051885843,-0.11926750409323361,-0.11926750409323361,-9.872692747007427,,,,,,,,,,,
445__M_Left_ring_finger.BMP,Higher quality,0.35,Denoising,D7,Anisotropic diffusion,grayscale,M1 candidate,True,Perona-Malik style fixed parameters,0.015925514499931778,17.97906528168631,0.7594516547667296,0.6999366879463196,0.00637389998883009,-0.4375094753994979,-0.4375094753994979,-10.190934718313692,,,,,,,,,,,
445__M_Left_ring_finger.BMP,Higher quality,0.35,Restoration/Deblurring,R1,Wiener deconvolution,grayscale,M1 candidate,True,uses known synthetic Gaussian PSF formula; no clean pixels used,0.013281466477996804,18.76753969535795,0.732117417270063,0.6414128541946411,0.0020343000069260597,0.35096493827214204,0.35096493827214204,-9.402460304642052,,,,,,,,,,,
445__M_Left_ring_finger.BMP,Higher quality,0.35,Restoration/Deblurring,R2,Richardson-Lucy deconvolution,grayscale,M1 candidate,True,uses known synthetic Gaussian PSF formula; 8 iterations,0.013527234551173311,18.68790979597692,0.7227711910648335,0.6320569515228271,0.019058700010646135,0.2713350388911131,0.2713350388911131,-9.48209020402308,,,,,,,,,,,
445__M_Left_ring_finger.BMP,Higher quality,0.35,Restoration/Deblurring,R3,Total variation restoration,grayscale,M1 candidate,True,TV Chambolle weight=0.045,0.018035503649704698,17.43871725303842,0.7218262733209501,0.736220121383667,0.008106999972369522,-0.9778575040473889,-0.9778575040473889,-10.731282746961583,,,,,,,,,,,
445__M_Left_ring_finger.BMP,Higher quality,0.35,Restoration/Deblurring,R4,Tikhonov regularised inverse restoration,grayscale,M1 candidate,True,uses known synthetic Gaussian PSF formula; lambda=0.025,0.014713767999820245,18.322760960026542,0.7123392510239631,0.6474090814590454,0.007091099978424609,-0.09381379705926562,-0.09381379705926562,-9.84723903997346,,,,,,,,,,,
445__M_Left_ring_finger.BMP,Higher quality,0.35,Restoration/Deblurring,R5,Edge-preserving restoration,grayscale,M1 candidate,True,TV followed by bilateral filter,0.01687174445812044,17.72840011105735,0.7439876271071308,0.7424533367156982,0.12604509998345748,-0.6881746460284575,-0.6881746460284575,-10.441599888942651,,,,,,,,,,,
445__M_Left_ring_finger.BMP,Higher quality,0.35,Contrast Enhancement,C1,Global histogram equalisation,grayscale,M1 baseline candidate,True,global equalize_hist,0.01399564064502668,18.540072170812095,0.7024754449698655,0.6227543354034424,0.003377299988642335,0.12349741372628742,0.12349741372628742,-9.629927829187906,,,,,,,,,,,
445__M_Left_ring_finger.BMP,Higher quality,0.35,Contrast Enhancement,C2,Adaptive histogram equalisation,grayscale,M1 baseline candidate,True,AHE-like un-clipped adaptive histogram equalisation,0.07180207612598469,11.438629981389902,0.6211036284301902,0.6031832098960876,0.005250399990472943,-6.9779447756959065,-6.9779447756959065,-16.7313700186101,,,,,,,,,,,
445__M_Left_ring_finger.BMP,Higher quality,0.35,Contrast Enhancement,C3,CLAHE,grayscale,M1 baseline candidate,True,clip_limit=0.025,0.06121517661777303,12.131408931446071,0.6281300898399836,0.6051726937294006,0.005393899977207184,-6.285165825639737,-6.285165825639737,-16.03859106855393,,,,,,,,,,,
445__M_Left_ring_finger.BMP,Higher quality,0.35,Contrast Enhancement,C4,Contrast stretching,grayscale,M1 candidate,True,2nd to 98th percentile,0.011094627881057518,19.5488725962517,0.7393848459503539,0.6315221786499023,0.001048100006300956,1.1322978391658935,1.1322978391658935,-8.6211274037483,,,,,,,,,,,
445__M_Left_ring_finger.BMP,Higher quality,0.35,Contrast Enhancement,C5,Gamma correction,grayscale,M1 candidate,True,gamma=0.85,0.017754054990686167,17.50702439287616,0.6969772197365696,0.6265351176261902,0.000970900000538677,-0.9095503642096467,-0.9095503642096467,-10.66297560712384,,,,,,,,,,,
445__M_Left_ring_finger.BMP,Higher quality,0.35,Contrast Enhancement,C6,Homomorphic filtering,grayscale,M1 candidate,True,log-domain high-frequency gain=0.70,0.02560022728714311,15.917561788633899,0.6216423258502823,0.6292179226875305,0.009376200032420456,-2.4990129684519093,-2.4990129684519093,-12.252438211366103,,,,,,,,,,,
445__M_Left_ring_finger.BMP,Higher quality,0.35,Fingerprint Ridge Enhancement,G1,Ordinary Gabor filter,grayscale,M2 baseline,True,"fixed frequency=0.115, 8 orientations",0.03186991838692256,14.966190486741986,0.6026906832116832,0.6429709196090698,0.9875324000022374,-3.4503842703438217,-3.4503842703438217,-13.203809513258015,,,,,,,,,,,
445__M_Left_ring_finger.BMP,Higher quality,0.35,Fingerprint Ridge Enhancement,G2,Literature-inspired Modified Gabor,grayscale,M2 literature technique,True,local orientation + local ridge frequency; exact article parameters unavailable,0.01674555914238759,17.761003465774237,0.6896459572046704,0.616997241973877,2.0334505999926478,-0.6555712913115705,-0.6555712913115705,-10.408996534225764,,,,,,,,,,,
445__M_Left_ring_finger.BMP,Higher quality,0.35,Fingerprint Ridge Enhancement,G3,Adaptive local-orientation Gabor,grayscale,M2 candidate,True,"local orientation, fixed frequency",0.017212877570691818,17.641465202240816,0.6856126782586153,0.612270712852478,0.4649826000095345,-0.7751095548449918,-0.7751095548449918,-10.528534797759185,,,,,,,,,,,
445__M_Left_ring_finger.BMP,Higher quality,0.35,Fingerprint Ridge Enhancement,G4,Adaptive orientation-frequency Gabor,grayscale,M2 candidate,True,local orientation + local frequency,0.017447504316274925,17.58266685563497,0.6848537653052774,0.6131048202514648,2.0518323000287637,-0.8339079014508393,-0.8339079014508393,-10.587333144365033,,,,,,,,,,,
445__M_Left_ring_finger.BMP,Higher quality,0.35,Fingerprint Ridge Enhancement,G5,Log-Gabor,grayscale,M2 candidate,True,local selection from log-Gabor frequency/orientation bank,0.023012469461009828,16.380367748235603,0.6436463410832447,0.6175178289413452,0.3318738000234589,-2.036207008850205,-2.036207008850205,-11.789632251764399,,,,,,,,,,,
445__M_Left_ring_finger.BMP,Higher quality,0.35,Fingerprint Ridge Enhancement,G6,STFT contextual enhancement,grayscale,M2 candidate,True,"32px blocks, band-pass contextual filtering",0.0304661514667416,15.161824030900885,0.558084699969697,0.6021970510482788,0.061854599975049496,-3.2547507261849233,-3.2547507261849233,-13.008175969099117,,,,,,,,,,,
445__M_Left_ring_finger.BMP,Higher quality,0.35,Fingerprint Ridge Enhancement,G7,Coherence-guided directional diffusion,grayscale,M2/M3 candidate,True,directional smoothing weighted by coherence,0.015786581309475273,18.017119092052276,0.6936725976878306,0.6549850702285767,0.3336532999528572,-0.3994556650335319,-0.3994556650335319,-10.152880907947726,,,,,,,,,,,
445__M_Left_ring_finger.BMP,Higher quality,0.35,Fingerprint Ridge Enhancement,G8,Directional oriented filter-bank,grayscale,M2 candidate,True,orientation-selected elongated Gaussian smoothing,0.014848036704341617,18.283309675480766,0.7039407968000919,0.6387693285942078,0.10710799996741116,-0.13326508160504247,-0.13326508160504247,-9.886690324519236,,,,,,,,,,,
445__M_Left_ring_finger.BMP,Higher quality,0.35,Segmentation,S1,Otsu thresholding,ridge map,M3 candidate,True,Binary/structural output; PSNR/MSE/SSIM intentionally not calculated,,,,,,,,,0.5348358154296875,91.0,71.0,0.9288179874420166,2.5962169410287865,7655.0,139.0,764.0,55.07194244604317,0.710908055305481,
445__M_Left_ring_finger.BMP,Higher quality,0.35,Segmentation,S2,Adaptive/local Sauvola thresholding,ridge map,M3 candidate,True,Binary/structural output; PSNR/MSE/SSIM intentionally not calculated,,,,,,,,,0.347381591796875,158.0,92.0,0.36312922835350037,6.940173943600106,6142.0,358.0,208.0,17.156424581005588,0.6985801458358765,
445__M_Left_ring_finger.BMP,Higher quality,0.35,Segmentation,S3,Local variance foreground segmentation,foreground mask,M3 candidate,True,Binary/structural output; PSNR/MSE/SSIM intentionally not calculated,,,,,,,,,0.81158447265625,2.0,1.0,0.9998871684074402,0.03760246672181695,1741.0,13.0,24.0,133.92307692307693,0.709464967250824,0.81158447265625
445__M_Left_ring_finger.BMP,Higher quality,0.35,Segmentation,S4,Coherence-based foreground segmentation,foreground mask,M3 candidate,True,Binary/structural output; PSNR/MSE/SSIM intentionally not calculated,,,,,,,,,0.7838592529296875,86.0,63.0,0.9767378568649292,1.6740962800023358,5224.0,143.0,222.0,36.53146853146853,0.7454981803894043,0.7838592529296875
445__M_Left_ring_finger.BMP,Higher quality,0.35,Segmentation,S5,Orientation-confidence segmentation,foreground mask,M3 candidate,True,Binary/structural output; PSNR/MSE/SSIM intentionally not calculated,,,,,,,,,0.431640625,26.0,20.0,0.9523826241493225,0.9191176470588235,3573.0,102.0,205.0,35.029411764705884,0.7693105936050415,0.431640625
445__M_Left_ring_finger.BMP,Higher quality,0.35,Morphological Ridge Restoration,M3-1,Opening,ridge map,M3 candidate,True,Binary ridge restoration; PSNR/MSE/SSIM intentionally not calculated,,,,,,,,,0.31927490234375,167.0,28.0,0.25511375069618225,7.981265532402983,4304.0,349.0,28.0,12.332378223495702,0.6983737945556641,
445__M_Left_ring_finger.BMP,Higher quality,0.35,Morphological Ridge Restoration,M3-2,Closing,ridge map,M3 candidate,True,Binary ridge restoration; PSNR/MSE/SSIM intentionally not calculated,,,,,,,,,0.3483428955078125,51.0,0.0,0.36769020557403564,2.2340006132550703,5285.0,206.0,120.0,25.655339805825243,0.6964402794837952,
445__M_Left_ring_finger.BMP,Higher quality,0.35,Morphological Ridge Restoration,M3-3,Opening + Closing,ridge map,M3 candidate,True,Binary ridge restoration; PSNR/MSE/SSIM intentionally not calculated,,,,,,,,,0.322509765625,147.0,24.0,0.255062460899353,6.954958364875095,4352.0,319.0,48.0,13.642633228840126,0.6972764134407043,
445__M_Left_ring_finger.BMP,Higher quality,0.35,Morphological Ridge Restoration,M3-4,Morphological reconstruction,ridge map,M3 candidate,True,Binary ridge restoration; PSNR/MSE/SSIM intentionally not calculated,,,,,,,,,0.339569091796875,74.0,0.0,0.35953086614608765,3.3252448997932955,5285.0,265.0,107.0,19.943396226415093,0.698206901550293,
445__M_Left_ring_finger.BMP,Higher quality,0.35,Morphological Ridge Restoration,M3-5,Bridge / broken-ridge reconnection,ridge map,M3 candidate,True,Binary ridge restoration; PSNR/MSE/SSIM intentionally not calculated,,,,,,,,,0.24066162109375,48.0,1.0,0.31733450293540955,3.043367993913264,5216.0,190.0,112.0,27.45263157894737,0.7226695418357849,
445__M_Left_ring_finger.BMP,Higher quality,0.35,Morphological Ridge Restoration,M3-6,Remove small objects / isolated noise,ridge map,M3 candidate,True,Binary ridge restoration; PSNR/MSE/SSIM intentionally not calculated,,,,,,,,,0.3379364013671875,69.0,0.0,0.36126789450645447,3.1155461236284827,5247.0,254.0,106.0,20.65748031496063,0.698379635810852,
445__M_Left_ring_finger.BMP,Higher quality,0.35,Morphological Ridge Restoration,M3-7,Spur cleanup,ridge map,M3 candidate,True,Binary ridge restoration; PSNR/MSE/SSIM intentionally not calculated,,,,,,,,,0.2189788818359375,74.0,8.0,0.27761131525039673,5.156435091631245,4691.0,203.0,59.0,23.108374384236452,0.7365681529045105,
445__M_Left_ring_finger.BMP,Higher quality,0.35,Morphological Ridge Restoration,M3-8,Controlled ridge-restoration pipeline,ridge map,M3 candidate,True,Binary ridge restoration; PSNR/MSE/SSIM intentionally not calculated,,,,,,,,,0.2280731201171875,47.0,1.0,0.28574296832084656,3.1444437010771393,4933.0,173.0,85.0,28.514450867052023,0.7295340895652771,
445__M_Left_ring_finger.BMP,Higher quality,0.35,Thinning / Feature Extraction,T1,Standard skeletonisation,skeleton,M4 candidate,True,"Skeleton/feature output; counts are detections, not ground-truth accuracy",,,,,,,,,0.0752716064453125,47.0,18.0,0.2862355709075928,9.527670788566795,4933.0,173.0,85.0,28.514450867052023,0.7314503192901611,
445__M_Left_ring_finger.BMP,Higher quality,0.35,Thinning / Feature Extraction,T2,Zhang-Suen thinning,skeleton,M4 candidate,True,"Skeleton/feature output; counts are detections, not ground-truth accuracy",,,,,,,,,0.08056640625,47.0,18.0,0.2825757563114166,8.90151515151515,4844.0,170.0,83.0,28.49411764705882,0.7355448603630066,
445__M_Left_ring_finger.BMP,Higher quality,0.35,Thinning / Feature Extraction,T3,Guo-Hall thinning,skeleton,M4 candidate,True,"Skeleton/feature output; counts are detections, not ground-truth accuracy",,,,,,,,,0.07623291015625,47.0,18.0,0.28402721881866455,9.407526020816652,4985.0,178.0,90.0,28.00561797752809,0.7307583093643188,
445__M_Left_ring_finger.BMP,Higher quality,0.35,Thinning / Feature Extraction,T4,Morphological skeleton / medial axis,skeleton,M4 candidate,True,"Skeleton/feature output; counts are detections, not ground-truth accuracy",,,,,,,,,0.078216552734375,47.0,17.0,0.2836519777774811,9.168942645337495,5126.0,196.0,108.0,26.153061224489797,0.7270486950874329,
576__M_Right_middle_finger.BMP,Higher quality,0.55,Control,CONTROL-DEGRADED,Degraded Input,grayscale,"Input condition/control, not a technique",False,"Input condition/control, not a technique",0.027405958687992386,15.621550012683855,0.5191537437271285,0.48222148418426514,0.0,0.0,0.0,-12.548449987316147,,,,,,,,,,,
576__M_Right_middle_finger.BMP,Higher quality,0.55,Control,CONTROL-P0,Common Preprocessed Input P0,grayscale,"Common preprocessing control, not a member technique",False,"Common preprocessing control, not a member technique",0.027405958687992386,15.621550012683855,0.5191537437271285,0.48222148418426514,0.0,0.0,0.0,-12.548449987316147,,,,,,,,,,,
576__M_Right_middle_finger.BMP,Higher quality,0.55,Denoising,D1,Gaussian filtering,grayscale,M1 candidate,True,sigma=0.65,0.027486032705830513,15.60887941069798,0.5376810950902412,0.5681489706039429,0.0008525000303052366,-0.012670601985874441,-0.012670601985874441,-12.561120589302021,,,,,,,,,,,
576__M_Right_middle_finger.BMP,Higher quality,0.55,Denoising,D2,Median filtering,grayscale,M1 candidate,True,3x3 median,0.028237200806111973,15.491783577163076,0.5222988600415588,0.5988894104957581,0.007982700015418231,-0.1297664355207786,-0.1297664355207786,-12.678216422836925,,,,,,,,,,,
576__M_Right_middle_finger.BMP,Higher quality,0.55,Denoising,D3,Bilateral filtering,grayscale,M1 candidate,True,"sigma_color=0.035, sigma_spatial=2.0",0.02898071290435982,15.378909354065467,0.4935902426424995,0.48249852657318115,0.11396819999208674,-0.24264065861838802,-0.24264065861838802,-12.791090645934535,,,,,,,,,,,
576__M_Right_middle_finger.BMP,Higher quality,0.55,Denoising,D4,Non-local means,grayscale,M1 candidate,True,"patch_size=3, patch_distance=5, h=0.055",0.030750531605067667,15.121473718836281,0.47297272074369967,0.5707784295082092,0.052375399973243475,-0.5000762938475738,-0.5000762938475738,-13.04852628116372,,,,,,,,,,,
576__M_Right_middle_finger.BMP,Higher quality,0.55,Denoising,D5,Wiener noise filtering,grayscale,M1 candidate,True,local window=5,0.03363170924075217,14.732510602808581,0.4156645795813446,0.6085829734802246,0.004974299983587116,-0.8890394098752736,-0.8890394098752736,-13.43748939719142,,,,,,,,,,,
576__M_Right_middle_finger.BMP,Higher quality,0.55,Denoising,D6,Wavelet denoising,grayscale,M1 candidate,True,db2 level=2 shrinkage,0.027657525513668194,15.581866783059601,0.5212724950488138,0.5306702852249146,0.0032254999969154596,-0.03968322962425397,-0.03968322962425397,-12.5881332169404,,,,,,,,,,,
576__M_Right_middle_finger.BMP,Higher quality,0.55,Denoising,D7,Anisotropic diffusion,grayscale,M1 candidate,True,Perona-Malik style fixed parameters,0.029085269987186954,15.363269004610657,0.5163795156793561,0.5698091983795166,0.005980000016279519,-0.2582810080731974,-0.2582810080731974,-12.806730995389344,,,,,,,,,,,
576__M_Right_middle_finger.BMP,Higher quality,0.55,Restoration/Deblurring,R1,Wiener deconvolution,grayscale,M1 candidate,True,uses known synthetic Gaussian PSF formula; no clean pixels used,0.025402194038171712,15.951287708792854,0.5600917841507604,0.5179650783538818,0.002482200041413307,0.3297376961089995,0.3297376961089995,-12.218712291207147,,,,,,,,,,,
576__M_Right_middle_finger.BMP,Higher quality,0.55,Restoration/Deblurring,R2,Richardson-Lucy deconvolution,grayscale,M1 candidate,True,uses known synthetic Gaussian PSF formula; 8 iterations,0.02606951032751461,15.838671262561277,0.5466387554165733,0.5047087669372559,0.022766700014472008,0.21712124987742243,0.21712124987742243,-12.331328737438724,,,,,,,,,,,
576__M_Right_middle_finger.BMP,Higher quality,0.55,Restoration/Deblurring,R3,Total variation restoration,grayscale,M1 candidate,True,TV Chambolle weight=0.045,0.031019346912762386,15.083673501448928,0.4759738366069796,0.6160722970962524,0.010592199978418648,-0.5378765112349271,-0.5378765112349271,-13.086326498551074,,,,,,,,,,,
576__M_Right_middle_finger.BMP,Higher quality,0.55,Restoration/Deblurring,R4,Tikhonov regularised inverse restoration,grayscale,M1 candidate,True,uses known synthetic Gaussian PSF formula; lambda=0.025,0.02695597256059326,15.693449943833222,0.5328906647097699,0.5088942050933838,0.009955100016668439,0.07189993114936755,0.07189993114936755,-12.47655005616678,,,,,,,,,,,
576__M_Right_middle_finger.BMP,Higher quality,0.55,Restoration/Deblurring,R5,Edge-preserving restoration,grayscale,M1 candidate,True,TV followed by bilateral filter,0.030534407732322077,15.15210499479444,0.4857702242171504,0.5898988246917725,0.14621459995396435,-0.46944501788941473,-0.46944501788941473,-13.017895005205562,,,,,,,,,,,
576__M_Right_middle_finger.BMP,Higher quality,0.55,Contrast Enhancement,C1,Global histogram equalisation,grayscale,M1 baseline candidate,True,global equalize_hist,0.019385737089812994,17.125176814789203,0.6189405390100368,0.49313732981681824,0.0038791000260971487,1.503626802105348,1.503626802105348,-11.044823185210799,,,,,,,,,,,
576__M_Right_middle_finger.BMP,Higher quality,0.55,Contrast Enhancement,C2,Adaptive histogram equalisation,grayscale,M1 baseline candidate,True,AHE-like un-clipped adaptive histogram equalisation,0.0725237372442831,11.395198242297333,0.5803015541797744,0.48840248584747314,0.0062679999973624945,-4.226351770386522,-4.226351770386522,-16.77480175770267,,,,,,,,,,,
576__M_Right_middle_finger.BMP,Higher quality,0.55,Contrast Enhancement,C3,CLAHE,grayscale,M1 baseline candidate,True,clip_limit=0.025,0.07138675953381368,11.463823315660486,0.5812926288061289,0.48860979080200195,0.00851469999179244,-4.157726697023369,-4.157726697023369,-16.706176684339518,,,,,,,,,,,
576__M_Right_middle_finger.BMP,Higher quality,0.55,Contrast Enhancement,C4,Contrast stretching,grayscale,M1 candidate,True,2nd to 98th percentile,0.020750487334357998,16.829716992344334,0.5879074763782556,0.48820024728775024,0.002852700010407716,1.2081669796604793,1.2081669796604793,-11.340283007655668,,,,,,,,,,,
576__M_Right_middle_finger.BMP,Higher quality,0.55,Contrast Enhancement,C5,Gamma correction,grayscale,M1 candidate,True,gamma=0.85,0.030914791612007015,15.098336766132853,0.503018411545215,0.4807402789592743,0.0012934999540448189,-0.523213246551002,-0.523213246551002,-13.071663233867149,,,,,,,,,,,
576__M_Right_middle_finger.BMP,Higher quality,0.55,Contrast Enhancement,C6,Homomorphic filtering,grayscale,M1 candidate,True,log-domain high-frequency gain=0.70,0.03534031772887863,14.517295502656317,0.43233060121828315,0.4832543134689331,0.010884599993005395,-1.1042545100275376,-1.1042545100275376,-13.652704497343684,,,,,,,,,,,
576__M_Right_middle_finger.BMP,Higher quality,0.55,Fingerprint Ridge Enhancement,G1,Ordinary Gabor filter,grayscale,M2 baseline,True,"fixed frequency=0.115, 8 orientations",0.04341787999826424,13.62331386029759,0.424850957125194,0.50839763879776,1.0930505999713205,-1.9982361523862657,-1.9982361523862657,-14.546686139702413,,,,,,,,,,,
576__M_Right_middle_finger.BMP,Higher quality,0.55,Fingerprint Ridge Enhancement,G2,Literature-inspired Modified Gabor,grayscale,M2 literature technique,True,local orientation + local ridge frequency; exact article parameters unavailable,0.02741793747986041,15.619652182119237,0.5220309588892986,0.48425084352493286,2.083530400006566,-0.0018978305646175642,-0.0018978305646175642,-12.550347817880764,,,,,,,,,,,
576__M_Right_middle_finger.BMP,Higher quality,0.55,Fingerprint Ridge Enhancement,G3,Adaptive local-orientation Gabor,grayscale,M2 candidate,True,"local orientation, fixed frequency",0.02718117030344303,15.65731848361963,0.5252349977906187,0.48433104157447815,0.7662390999612398,0.03576847093577484,0.03576847093577484,-12.512681516380372,,,,,,,,,,,
576__M_Right_middle_finger.BMP,Higher quality,0.55,Fingerprint Ridge Enhancement,G4,Adaptive orientation-frequency Gabor,grayscale,M2 candidate,True,local orientation + local frequency,0.027456867386695623,15.613490138683437,0.5223484255253574,0.4842251241207123,2.096815600001719,-0.008059874000418077,-0.008059874000418077,-12.556509861316565,,,,,,,,,,,
576__M_Right_middle_finger.BMP,Higher quality,0.55,Fingerprint Ridge Enhancement,G5,Log-Gabor,grayscale,M2 candidate,True,local selection from log-Gabor frequency/orientation bank,0.032945929872514025,14.821982303291431,0.4764162324728665,0.47348541021347046,0.3362397999735549,-0.7995677093924236,-0.7995677093924236,-13.34801769670857,,,,,,,,,,,
576__M_Right_middle_finger.BMP,Higher quality,0.55,Fingerprint Ridge Enhancement,G6,STFT contextual enhancement,grayscale,M2 candidate,True,"32px blocks, band-pass contextual filtering",0.04172881551411056,13.795639427022987,0.34915947292603616,0.4211321175098419,0.07209069997770712,-1.8259105856608677,-1.8259105856608677,-14.374360572977015,,,,,,,,,,,
576__M_Right_middle_finger.BMP,Higher quality,0.55,Fingerprint Ridge Enhancement,G7,Coherence-guided directional diffusion,grayscale,M2/M3 candidate,True,directional smoothing weighted by coherence,0.027805209086347947,15.558738348181278,0.5092185937997314,0.5183664560317993,0.3315152999712154,-0.06281166450257736,-0.06281166450257736,-12.611261651818724,,,,,,,,,,,
576__M_Right_middle_finger.BMP,Higher quality,0.55,Fingerprint Ridge Enhancement,G8,Directional oriented filter-bank,grayscale,M2 candidate,True,orientation-selected elongated Gaussian smoothing,0.02753523403413681,15.601112279060597,0.5158154886081675,0.4964746832847595,0.10450050001963973,-0.020437733623257515,-0.020437733623257515,-12.568887720939404,,,,,,,,,,,
576__M_Right_middle_finger.BMP,Higher quality,0.55,Segmentation,S1,Otsu thresholding,ridge map,M3 candidate,True,Binary/structural output; PSNR/MSE/SSIM intentionally not calculated,,,,,,,,,0.543670654296875,226.0,187.0,0.9135279059410095,6.342969407802413,8536.0,383.0,1208.0,22.287206266318538,0.5285249352455139,
576__M_Right_middle_finger.BMP,Higher quality,0.55,Segmentation,S2,Adaptive/local Sauvola thresholding,ridge map,M3 candidate,True,Binary/structural output; PSNR/MSE/SSIM intentionally not calculated,,,,,,,,,0.27716064453125,647.0,487.0,0.26668134331703186,35.619907509359166,8210.0,1036.0,816.0,7.924710424710424,0.5218252539634705,
576__M_Right_middle_finger.BMP,Higher quality,0.55,Segmentation,S3,Local variance foreground segmentation,foreground mask,M3 candidate,True,Binary/structural output; PSNR/MSE/SSIM intentionally not calculated,,,,,,,,,0.919769287109375,1.0,0.0,1.0,0.016589800590596903,1460.0,4.0,17.0,365.0,0.5035322904586792,0.919769287109375
576__M_Right_middle_finger.BMP,Higher quality,0.55,Segmentation,S4,Coherence-based foreground segmentation,foreground mask,M3 candidate,True,Binary/structural output; PSNR/MSE/SSIM intentionally not calculated,,,,,,,,,0.6722564697265625,112.0,82.0,0.9392604827880859,2.5421612910547697,6077.0,254.0,310.0,23.9251968503937,0.6142371296882629,0.6722564697265625
576__M_Right_middle_finger.BMP,Higher quality,0.55,Segmentation,S5,Orientation-confidence segmentation,foreground mask,M3 candidate,True,Binary/structural output; PSNR/MSE/SSIM intentionally not calculated,,,,,,,,,0.3914794921875,91.0,61.0,0.4711568355560303,3.5469285937012787,4074.0,241.0,239.0,16.904564315352697,0.6001706719398499,0.3914794921875
576__M_Right_middle_finger.BMP,Higher quality,0.55,Morphological Ridge Restoration,M3-1,Opening,ridge map,M3 candidate,True,Binary ridge restoration; PSNR/MSE/SSIM intentionally not calculated,,,,,,,,,0.21075439453125,230.0,116.0,0.23291340470314026,16.65218650448885,2588.0,415.0,20.0,6.236144578313253,0.5148109793663025,
576__M_Right_middle_finger.BMP,Higher quality,0.55,Morphological Ridge Restoration,M3-2,Closing,ridge map,M3 candidate,True,Binary ridge restoration; PSNR/MSE/SSIM intentionally not calculated,,,,,,,,,0.2529754638671875,139.0,3.0,0.2109294831752777,8.38410036793534,3748.0,366.0,88.0,10.240437158469945,0.519866943359375,
576__M_Right_middle_finger.BMP,Higher quality,0.55,Morphological Ridge Restoration,M3-3,Opening + Closing,ridge map,M3 candidate,True,Binary ridge restoration; PSNR/MSE/SSIM intentionally not calculated,,,,,,,,,0.2133636474609375,204.0,90.0,0.23213902115821838,14.589143960523492,2626.0,384.0,23.0,6.838541666666667,0.5139702558517456,
576__M_Right_middle_finger.BMP,Higher quality,0.55,Morphological Ridge Restoration,M3-4,Morphological reconstruction,ridge map,M3 candidate,True,Binary ridge restoration; PSNR/MSE/SSIM intentionally not calculated,,,,,,,,,0.241180419921875,163.0,8.0,0.20865494012832642,10.312539541946096,4052.0,469.0,125.0,8.639658848614072,0.5201171040534973,
576__M_Right_middle_finger.BMP,Higher quality,0.55,Morphological Ridge Restoration,M3-5,Bridge / broken-ridge reconnection,ridge map,M3 candidate,True,Binary ridge restoration; PSNR/MSE/SSIM intentionally not calculated,,,,,,,,,0.173187255859375,136.0,14.0,0.12352422624826431,11.982378854625551,3634.0,346.0,76.0,10.502890173410405,0.5267356038093567,
576__M_Right_middle_finger.BMP,Higher quality,0.55,Morphological Ridge Restoration,M3-6,Remove small objects / isolated noise,ridge map,M3 candidate,True,Binary ridge restoration; PSNR/MSE/SSIM intentionally not calculated,,,,,,,,,0.227630615234375,126.0,0.0,0.22107520699501038,8.446172409170131,3740.0,388.0,118.0,9.639175257731958,0.5196382403373718,
576__M_Right_middle_finger.BMP,Higher quality,0.55,Morphological Ridge Restoration,M3-7,Spur cleanup,ridge map,M3 candidate,True,Binary ridge restoration; PSNR/MSE/SSIM intentionally not calculated,,,,,,,,,0.146240234375,158.0,46.0,0.14534641802310944,16.485809682804675,2962.0,326.0,29.0,9.085889570552148,0.5316129326820374,
576__M_Right_middle_finger.BMP,Higher quality,0.55,Morphological Ridge Restoration,M3-8,Controlled ridge-restoration pipeline,ridge map,M3 candidate,True,Binary ridge restoration; PSNR/MSE/SSIM intentionally not calculated,,,,,,,,,0.1477508544921875,111.0,8.0,0.13404937088489532,11.463389445419809,3106.0,282.0,56.0,11.01418439716312,0.5251876711845398,
576__M_Right_middle_finger.BMP,Higher quality,0.55,Thinning / Feature Extraction,T1,Standard skeletonisation,skeleton,M4 candidate,True,"Skeleton/feature output; counts are detections, not ground-truth accuracy",,,,,,,,,0.047393798828125,111.0,77.0,0.14069542288780212,35.73728267868641,3106.0,282.0,56.0,11.01418439716312,0.5191171765327454,
576__M_Right_middle_finger.BMP,Higher quality,0.55,Thinning / Feature Extraction,T2,Zhang-Suen thinning,skeleton,M4 candidate,True,"Skeleton/feature output; counts are detections, not ground-truth accuracy",,,,,,,,,0.0487823486328125,111.0,78.0,0.13575226068496704,34.720050046918985,2963.0,273.0,50.0,10.853479853479854,0.5176594257354736,
576__M_Right_middle_finger.BMP,Higher quality,0.55,Thinning / Feature Extraction,T3,Guo-Hall thinning,skeleton,M4 candidate,True,"Skeleton/feature output; counts are detections, not ground-truth accuracy",,,,,,,,,0.049346923828125,111.0,74.0,0.1332714855670929,34.32282003710575,3189.0,286.0,60.0,11.15034965034965,0.5135149359703064,
576__M_Right_middle_finger.BMP,Higher quality,0.55,Thinning / Feature Extraction,T4,Morphological skeleton / medial axis,skeleton,M4 candidate,True,"Skeleton/feature output; counts are detections, not ground-truth accuracy",,,,,,,,,0.0525665283203125,111.0,69.0,0.12917271256446838,32.22060957910015,3445.0,306.0,79.0,11.258169934640524,0.5139515995979309,
533__M_Right_ring_finger.BMP,Higher quality,0.75,Control,CONTROL-DEGRADED,Degraded Input,grayscale,"Input condition/control, not a technique",False,"Input condition/control, not a technique",0.037505378832330516,14.259064434807145,0.3472088247192675,0.3226686716079712,0.0,0.0,0.0,-13.910935565192856,,,,,,,,,,,
533__M_Right_ring_finger.BMP,Higher quality,0.75,Control,CONTROL-P0,Common Preprocessed Input P0,grayscale,"Common preprocessing control, not a member technique",False,"Common preprocessing control, not a member technique",0.037505378832330516,14.259064434807145,0.3472088247192675,0.3226686716079712,0.0,0.0,0.0,-13.910935565192856,,,,,,,,,,,
533__M_Right_ring_finger.BMP,Higher quality,0.75,Denoising,D1,Gaussian filtering,grayscale,M1 candidate,True,sigma=0.65,0.03528858071869908,14.52365808300059,0.3963546116980428,0.4504833221435547,0.0010683999862521887,0.2645936481934452,0.2645936481934452,-13.646341916999411,,,,,,,,,,,
533__M_Right_ring_finger.BMP,Higher quality,0.75,Denoising,D2,Median filtering,grayscale,M1 candidate,True,3x3 median,0.03560131024771559,14.485340182383183,0.3911698774612695,0.5160442590713501,0.008477399998810142,0.22627574757603774,0.22627574757603774,-13.684659817616819,,,,,,,,,,,
533__M_Right_ring_finger.BMP,Higher quality,0.75,Denoising,D3,Bilateral filtering,grayscale,M1 candidate,True,"sigma_color=0.035, sigma_spatial=2.0",0.0381596764849211,14.18395315870698,0.32392197057283756,0.3217327892780304,0.10657149995677173,-0.07511127610016466,-0.07511127610016466,-13.986046841293021,,,,,,,,,,,
533__M_Right_ring_finger.BMP,Higher quality,0.75,Denoising,D4,Non-local means,grayscale,M1 candidate,True,"patch_size=3, patch_distance=5, h=0.055",0.039273082437657716,14.059050107965723,0.29777080817926455,0.38892459869384766,0.05099650000920519,-0.20001432684142273,-0.20001432684142273,-14.110949892034279,,,,,,,,,,,
533__M_Right_ring_finger.BMP,Higher quality,0.75,Denoising,D5,Wiener noise filtering,grayscale,M1 candidate,True,local window=5,0.03815119596261294,14.184918432445606,0.33661311336188304,0.5458908081054688,0.00432019995059818,-0.07414600236153923,-0.07414600236153923,-13.985081567554396,,,,,,,,,,,
533__M_Right_ring_finger.BMP,Higher quality,0.75,Denoising,D6,Wavelet denoising,grayscale,M1 candidate,True,db2 level=2 shrinkage,0.036571705927721194,14.368547810424285,0.3579323394575913,0.3888697028160095,0.003166799957398325,0.10948337561714006,0.10948337561714006,-13.801452189575716,,,,,,,,,,,
533__M_Right_ring_finger.BMP,Higher quality,0.75,Denoising,D7,Anisotropic diffusion,grayscale,M1 candidate,True,Perona-Malik style fixed parameters,0.03669839137987901,14.353529719918665,0.3692427269805722,0.42603838443756104,0.00610430003143847,0.09446528511151975,0.09446528511151975,-13.816470280081337,,,,,,,,,,,
533__M_Right_ring_finger.BMP,Higher quality,0.75,Restoration/Deblurring,R1,Wiener deconvolution,grayscale,M1 candidate,True,uses known synthetic Gaussian PSF formula; no clean pixels used,0.03522573272729222,14.531399644042667,0.39590013095385185,0.3766220510005951,0.0020691000390797853,0.27233520923552135,0.27233520923552135,-13.638600355957335,,,,,,,,,,,
533__M_Right_ring_finger.BMP,Higher quality,0.75,Restoration/Deblurring,R2,Richardson-Lucy deconvolution,grayscale,M1 candidate,True,uses known synthetic Gaussian PSF formula; 8 iterations,0.036248404168847906,14.407111084286877,0.3734669628570599,0.35453474521636963,0.018197800032794476,0.14804664947973123,0.14804664947973123,-13.762888915713125,,,,,,,,,,,
533__M_Right_ring_finger.BMP,Higher quality,0.75,Restoration/Deblurring,R3,Total variation restoration,grayscale,M1 candidate,True,TV Chambolle weight=0.045,0.03789305890599974,14.214403350159834,0.3459086082319767,0.5161169767379761,0.013383900048211217,-0.044661084647311,-0.044661084647311,-13.955596649840167,,,,,,,,,,,
533__M_Right_ring_finger.BMP,Higher quality,0.75,Restoration/Deblurring,R4,Tikhonov regularised inverse restoration,grayscale,M1 candidate,True,uses known synthetic Gaussian PSF formula; lambda=0.025,0.03667106146590411,14.356765189427783,0.3659222647006046,0.35160720348358154,0.00715169997420162,0.09770075462063765,0.09770075462063765,-13.813234810572219,,,,,,,,,,,
533__M_Right_ring_finger.BMP,Higher quality,0.75,Restoration/Deblurring,R5,Edge-preserving restoration,grayscale,M1 candidate,True,TV followed by bilateral filter,0.03822734147454104,14.176259039972866,0.338366059969635,0.452414870262146,0.11643769999500364,-0.08280539483427951,-0.08280539483427951,-13.993740960027136,,,,,,,,,,,
533__M_Right_ring_finger.BMP,Higher quality,0.75,Contrast Enhancement,C1,Global histogram equalisation,grayscale,M1 baseline candidate,True,global equalize_hist,0.02769636617002451,15.575772076803418,0.45744807910722324,0.33606845140457153,0.0034176999470219016,1.3167076419962722,1.3167076419962722,-12.594227923196584,,,,,,,,,,,
533__M_Right_ring_finger.BMP,Higher quality,0.75,Contrast Enhancement,C2,Adaptive histogram equalisation,grayscale,M1 baseline candidate,True,AHE-like un-clipped adaptive histogram equalisation,0.09295563852803694,10.31724261541985,0.3847066404612591,0.33727869391441345,0.005340599978808314,-3.941821819387295,-3.941821819387295,-17.85275738458015,,,,,,,,,,,
533__M_Right_ring_finger.BMP,Higher quality,0.75,Contrast Enhancement,C3,CLAHE,grayscale,M1 baseline candidate,True,clip_limit=0.025,0.09151947468892416,10.384864813434053,0.38618623513125794,0.3373492360115051,0.00593669997761026,-3.8741996213730925,-3.8741996213730925,-17.78513518656595,,,,,,,,,,,
533__M_Right_ring_finger.BMP,Higher quality,0.75,Contrast Enhancement,C4,Contrast stretching,grayscale,M1 candidate,True,2nd to 98th percentile,0.03130971168373227,15.04320931576334,0.4067876484755191,0.33017462491989136,0.0011684000492095947,0.7841448809561946,0.7841448809561946,-13.126790684236662,,,,,,,,,,,
533__M_Right_ring_finger.BMP,Higher quality,0.75,Contrast Enhancement,C5,Gamma correction,grayscale,M1 candidate,True,gamma=0.85,0.040712897696684035,13.90267986078117,0.3370578111178794,0.320984423160553,0.0010810000239871442,-0.35638457402597545,-0.35638457402597545,-14.267320139218832,,,,,,,,,,,
533__M_Right_ring_finger.BMP,Higher quality,0.75,Contrast Enhancement,C6,Homomorphic filtering,grayscale,M1 candidate,True,log-domain high-frequency gain=0.70,0.04196042699364429,13.771601010304344,0.29799922522761174,0.32382071018218994,0.009399799979291856,-0.4874634245028009,-0.4874634245028009,-14.398398989695657,,,,,,,,,,,
533__M_Right_ring_finger.BMP,Higher quality,0.75,Fingerprint Ridge Enhancement,G1,Ordinary Gabor filter,grayscale,M2 baseline,True,"fixed frequency=0.115, 8 orientations",0.04724125886253823,13.256785380320741,0.3058513054033985,0.36940497159957886,0.9936762999859639,-1.0022790544864044,-1.0022790544864044,-14.91321461967926,,,,,,,,,,,
533__M_Right_ring_finger.BMP,Higher quality,0.75,Fingerprint Ridge Enhancement,G2,Literature-inspired Modified Gabor,grayscale,M2 literature technique,True,local orientation + local ridge frequency; exact article parameters unavailable,0.036512452182734044,14.37558998776719,0.36125933832821167,0.33879464864730835,2.033139500010293,0.11652555296004508,0.11652555296004508,-13.794410012232811,,,,,,,,,,,
533__M_Right_ring_finger.BMP,Higher quality,0.75,Fingerprint Ridge Enhancement,G3,Adaptive local-orientation Gabor,grayscale,M2 candidate,True,"local orientation, fixed frequency",0.03540343021229814,14.509546574628715,0.3758844629876965,0.3519032597541809,0.4653110000072047,0.2504821398215693,0.2504821398215693,-13.660453425371287,,,,,,,,,,,
533__M_Right_ring_finger.BMP,Higher quality,0.75,Fingerprint Ridge Enhancement,G4,Adaptive orientation-frequency Gabor,grayscale,M2 candidate,True,local orientation + local frequency,0.036308250761244096,14.39994673781648,0.36420215497161623,0.3420429527759552,2.22711320000235,0.14088230300933446,0.14088230300933446,-13.770053262183522,,,,,,,,,,,
533__M_Right_ring_finger.BMP,Higher quality,0.75,Fingerprint Ridge Enhancement,G5,Log-Gabor,grayscale,M2 candidate,True,local selection from log-Gabor frequency/orientation bank,0.040263754423582036,13.950857314487983,0.3233174450662337,0.32187122106552124,0.4127625999972224,-0.3082071203191621,-0.3082071203191621,-14.219142685512018,,,,,,,,,,,
533__M_Right_ring_finger.BMP,Higher quality,0.75,Fingerprint Ridge Enhancement,G6,STFT contextual enhancement,grayscale,M2 candidate,True,"32px blocks, band-pass contextual filtering",0.048389223906688345,13.152513432921944,0.23495542987886717,0.28908658027648926,0.08155549998627976,-1.106551001885201,-1.106551001885201,-15.017486567078057,,,,,,,,,,,
533__M_Right_ring_finger.BMP,Higher quality,0.75,Fingerprint Ridge Enhancement,G7,Coherence-guided directional diffusion,grayscale,M2/M3 candidate,True,directional smoothing weighted by coherence,0.037059817779525564,14.310967204067893,0.34872745614732115,0.3506704568862915,0.4078482000040822,0.05190276926074766,0.05190276926074766,-13.859032795932109,,,,,,,,,,,
533__M_Right_ring_finger.BMP,Higher quality,0.75,Fingerprint Ridge Enhancement,G8,Directional oriented filter-bank,grayscale,M2 candidate,True,orientation-selected elongated Gaussian smoothing,0.03724276184269144,14.289581201567191,0.3485943800576111,0.33503907918930054,0.12887830002000555,0.03051676676004611,0.03051676676004611,-13.88041879843281,,,,,,,,,,,
533__M_Right_ring_finger.BMP,Higher quality,0.75,Segmentation,S1,Otsu thresholding,ridge map,M3 candidate,True,Binary/structural output; PSNR/MSE/SSIM intentionally not calculated,,,,,,,,,0.588134765625,415.0,394.0,0.9482669234275818,10.766915732669158,12054.0,686.0,2297.0,17.571428571428573,0.335554838180542,
533__M_Right_ring_finger.BMP,Higher quality,0.75,Segmentation,S2,Adaptive/local Sauvola thresholding,ridge map,M3 candidate,True,Binary/structural output; PSNR/MSE/SSIM intentionally not calculated,,,,,,,,,0.2085418701171875,1821.0,1711.0,0.2677983343601227,133.24065266700813,9641.0,1951.0,925.0,4.941568426447976,0.3407478630542755,
533__M_Right_ring_finger.BMP,Higher quality,0.75,Segmentation,S3,Local variance foreground segmentation,foreground mask,M3 candidate,True,Binary/structural output; PSNR/MSE/SSIM intentionally not calculated,,,,,,,,,0.997894287109375,1.0,0.0,1.0,0.015290987491972233,575.0,1.0,1.0,575.0,0.32272371649742126,0.997894287109375
533__M_Right_ring_finger.BMP,Higher quality,0.75,Segmentation,S4,Coherence-based foreground segmentation,foreground mask,M3 candidate,True,Binary/structural output; PSNR/MSE/SSIM intentionally not calculated,,,,,,,,,0.4142303466796875,228.0,148.0,0.3758057951927185,8.398718090396729,5010.0,438.0,262.0,11.438356164383562,0.4906555414199829,0.4142303466796875
533__M_Right_ring_finger.BMP,Higher quality,0.75,Segmentation,S5,Orientation-confidence segmentation,foreground mask,M3 candidate,True,Binary/structural output; PSNR/MSE/SSIM intentionally not calculated,,,,,,,,,0.32244873046875,185.0,144.0,0.5002366304397583,8.754495551769827,4401.0,334.0,271.0,13.176646706586826,0.457375168800354,0.32244873046875
533__M_Right_ring_finger.BMP,Higher quality,0.75,Morphological Ridge Restoration,M3-1,Opening,ridge map,M3 candidate,True,Binary ridge restoration; PSNR/MSE/SSIM intentionally not calculated,,,,,,,,,0.0948944091796875,66.0,45.0,0.3688696026802063,10.612638687891943,1041.0,85.0,0.0,12.24705882352941,0.3448673486709595,
533__M_Right_ring_finger.BMP,Higher quality,0.75,Morphological Ridge Restoration,M3-2,Closing,ridge map,M3 candidate,True,Binary ridge restoration; PSNR/MSE/SSIM intentionally not calculated,,,,,,,,,0.1129913330078125,55.0,0.0,0.47562459111213684,7.4274139095205935,1444.0,130.0,28.0,11.107692307692307,0.34852758049964905,
533__M_Right_ring_finger.BMP,Higher quality,0.75,Morphological Ridge Restoration,M3-3,Opening + Closing,ridge map,M3 candidate,True,Binary ridge restoration; PSNR/MSE/SSIM intentionally not calculated,,,,,,,,,0.096099853515625,61.0,40.0,0.46602097153663635,9.685614480787551,1030.0,79.0,1.0,13.037974683544304,0.3445909321308136,
533__M_Right_ring_finger.BMP,Higher quality,0.75,Morphological Ridge Restoration,M3-4,Morphological reconstruction,ridge map,M3 candidate,True,Binary ridge restoration; PSNR/MSE/SSIM intentionally not calculated,,,,,,,,,0.1068878173828125,55.0,1.0,0.42241257429122925,7.851534618129907,1678.0,163.0,51.0,10.294478527607362,0.34856104850769043,
533__M_Right_ring_finger.BMP,Higher quality,0.75,Morphological Ridge Restoration,M3-5,Bridge / broken-ridge reconnection,ridge map,M3 candidate,True,Binary ridge restoration; PSNR/MSE/SSIM intentionally not calculated,,,,,,,,,0.0665740966796875,55.0,2.0,0.3247765302658081,12.606005042402016,1370.0,113.0,16.0,12.123893805309734,0.31422337889671326,
533__M_Right_ring_finger.BMP,Higher quality,0.75,Morphological Ridge Restoration,M3-6,Remove small objects / isolated noise,ridge map,M3 candidate,True,Binary ridge restoration; PSNR/MSE/SSIM intentionally not calculated,,,,,,,,,0.0982666015625,29.0,0.0,0.45947206020355225,4.503105590062112,1435.0,95.0,31.0,15.105263157894736,0.3466174304485321,
533__M_Right_ring_finger.BMP,Higher quality,0.75,Morphological Ridge Restoration,M3-7,Spur cleanup,ridge map,M3 candidate,True,Binary ridge restoration; PSNR/MSE/SSIM intentionally not calculated,,,,,,,,,0.06304931640625,56.0,26.0,0.3000968098640442,13.552758954501453,1273.0,95.0,3.0,13.4,0.3213629126548767,
533__M_Right_ring_finger.BMP,Higher quality,0.75,Morphological Ridge Restoration,M3-8,Controlled ridge-restoration pipeline,ridge map,M3 candidate,True,Binary ridge restoration; PSNR/MSE/SSIM intentionally not calculated,,,,,,,,,0.0555572509765625,39.0,6.0,0.3713265657424927,10.711343037627026,1166.0,75.0,6.0,15.546666666666667,0.30592840909957886,
533__M_Right_ring_finger.BMP,Higher quality,0.75,Thinning / Feature Extraction,T1,Standard skeletonisation,skeleton,M4 candidate,True,"Skeleton/feature output; counts are detections, not ground-truth accuracy",,,,,,,,,0.017791748046875,39.0,33.0,0.3893653452396393,33.44768439108062,1166.0,75.0,6.0,15.546666666666667,0.29020488262176514,
533__M_Right_ring_finger.BMP,Higher quality,0.75,Thinning / Feature Extraction,T2,Zhang-Suen thinning,skeleton,M4 candidate,True,"Skeleton/feature output; counts are detections, not ground-truth accuracy",,,,,,,,,0.01800537109375,39.0,33.0,0.39067795872688293,33.05084745762712,1125.0,74.0,5.0,15.202702702702704,0.28505992889404297,
533__M_Right_ring_finger.BMP,Higher quality,0.75,Thinning / Feature Extraction,T3,Guo-Hall thinning,skeleton,M4 candidate,True,"Skeleton/feature output; counts are detections, not ground-truth accuracy",,,,,,,,,0.0188140869140625,39.0,32.0,0.36901864409446716,31.6301703163017,1207.0,77.0,8.0,15.675324675324676,0.28897562623023987,
533__M_Right_ring_finger.BMP,Higher quality,0.75,Thinning / Feature Extraction,T4,Morphological skeleton / medial axis,skeleton,M4 candidate,True,"Skeleton/feature output; counts are detections, not ground-truth accuracy",,,,,,,,,0.0198516845703125,39.0,28.0,0.3566487431526184,29.97694081475788,1301.0,94.0,19.0,13.840425531914894,0.29336783289909363,
158__M_Right_middle_finger.BMP,Higher quality,0.35,Control,CONTROL-DEGRADED,Degraded Input,grayscale,"Input condition/control, not a technique",False,"Input condition/control, not a technique",0.013497373831101628,18.697507234760902,0.7171050518347732,0.6117162108421326,0.0,0.0,0.0,-9.4724927652391,,,,,,,,,,,
158__M_Right_middle_finger.BMP,Higher quality,0.35,Control,CONTROL-P0,Common Preprocessed Input P0,grayscale,"Common preprocessing control, not a member technique",False,"Common preprocessing control, not a member technique",0.013497373831101628,18.697507234760902,0.7171050518347732,0.6117162108421326,0.0,0.0,0.0,-9.4724927652391,,,,,,,,,,,
158__M_Right_middle_finger.BMP,Higher quality,0.35,Denoising,D1,Gaussian filtering,grayscale,M1 candidate,True,sigma=0.65,0.01447401368844026,18.394110209865122,0.7408117054759301,0.668248176574707,0.0010986999841406941,-0.30339702489578,-0.30339702489578,-9.77588979013488,,,,,,,,,,,
158__M_Right_middle_finger.BMP,Higher quality,0.35,Denoising,D2,Median filtering,grayscale,M1 candidate,True,3x3 median,0.014580999734770402,18.3621269793785,0.7387618313284368,0.6909942030906677,0.008377699996344745,-0.3353802553824039,-0.3353802553824039,-9.807873020621503,,,,,,,,,,,
158__M_Right_middle_finger.BMP,Higher quality,0.35,Denoising,D3,Bilateral filtering,grayscale,M1 candidate,True,"sigma_color=0.035, sigma_spatial=2.0",0.014165243831265037,18.487759454173517,0.7254826685799509,0.6189960241317749,0.14431490004062653,-0.20974778058738508,-0.20974778058738508,-9.682240545826485,,,,,,,,,,,
158__M_Right_middle_finger.BMP,Higher quality,0.35,Denoising,D4,Non-local means,grayscale,M1 candidate,True,"patch_size=3, patch_distance=5, h=0.055",0.0148617011507074,18.27931476034397,0.7273637887256951,0.6888229846954346,0.06235930003458634,-0.41819247441693363,-0.41819247441693363,-9.890685239656033,,,,,,,,,,,
158__M_Right_middle_finger.BMP,Higher quality,0.35,Denoising,D5,Wiener noise filtering,grayscale,M1 candidate,True,local window=5,0.021083395523416485,16.760594438234225,0.6141513719731835,0.7095964550971985,0.0060884999693371356,-1.936912796526677,-1.936912796526677,-11.409405561765777,,,,,,,,,,,
158__M_Right_middle_finger.BMP,Higher quality,0.35,Denoising,D6,Wavelet denoising,grayscale,M1 candidate,True,db2 level=2 shrinkage,0.01371416363071478,18.62830673049691,0.7376035986133367,0.6478819847106934,0.004139800032135099,-0.06920050426399271,-0.06920050426399271,-9.541693269503092,,,,,,,,,,,
158__M_Right_middle_finger.BMP,Higher quality,0.35,Denoising,D7,Anisotropic diffusion,grayscale,M1 candidate,True,Perona-Malik style fixed parameters,0.014787760152413995,18.300976020080352,0.7428783837780859,0.6841479539871216,0.007419999979902059,-0.3965312146805502,-0.3965312146805502,-9.86902397991965,,,,,,,,,,,
158__M_Right_middle_finger.BMP,Higher quality,0.35,Restoration/Deblurring,R1,Wiener deconvolution,grayscale,M1 candidate,True,uses known synthetic Gaussian PSF formula; no clean pixels used,0.012493608932786594,19.03312092194295,0.7397979672442115,0.6229068040847778,0.002377700002398342,0.33561368718204676,0.33561368718204676,-9.136879078057053,,,,,,,,,,,
158__M_Right_middle_finger.BMP,Higher quality,0.35,Restoration/Deblurring,R2,Richardson-Lucy deconvolution,grayscale,M1 candidate,True,uses known synthetic Gaussian PSF formula; 8 iterations,0.012762565206074777,18.94062026016405,0.7315157811187692,0.6141787767410278,0.022874100017361343,0.24311302540314728,0.24311302540314728,-9.229379739835952,,,,,,,,,,,
158__M_Right_middle_finger.BMP,Higher quality,0.35,Restoration/Deblurring,R3,Total variation restoration,grayscale,M1 candidate,True,TV Chambolle weight=0.045,0.015624855449326604,18.061839917662997,0.7278202406231425,0.6900546550750732,0.0026511999894864857,-0.635667317097905,-0.635667317097905,-10.108160082337005,,,,,,,,,,,
158__M_Right_middle_finger.BMP,Higher quality,0.35,Restoration/Deblurring,R4,Tikhonov regularised inverse restoration,grayscale,M1 candidate,True,uses known synthetic Gaussian PSF formula; lambda=0.025,0.01355642346487102,18.67854873474056,0.725392178647941,0.639946460723877,0.010117300029378384,-0.01895850002034294,-0.01895850002034294,-9.491451265259442,,,,,,,,,,,
158__M_Right_middle_finger.BMP,Higher quality,0.35,Restoration/Deblurring,R5,Edge-preserving restoration,grayscale,M1 candidate,True,TV followed by bilateral filter,0.015541208203239447,18.085152213392764,0.7210367082364485,0.7061504125595093,0.15333330002613366,-0.6123550213681384,-0.6123550213681384,-10.084847786607238,,,,,,,,,,,
158__M_Right_middle_finger.BMP,Higher quality,0.35,Contrast Enhancement,C1,Global histogram equalisation,grayscale,M1 baseline candidate,True,global equalize_hist,0.013779374710021509,18.60770489696076,0.7173284430631679,0.6082180738449097,0.003872699977364391,-0.08980233780014046,-0.08980233780014046,-9.56229510303924,,,,,,,,,,,
158__M_Right_middle_finger.BMP,Higher quality,0.35,Contrast Enhancement,C2,Adaptive histogram equalisation,grayscale,M1 baseline candidate,True,AHE-like un-clipped adaptive histogram equalisation,0.08654415403865015,10.627622629070462,0.5884573433190332,0.595671534538269,0.0068651000037789345,-8.06988460569044,-8.06988460569044,-17.54237737092954,,,,,,,,,,,
158__M_Right_middle_finger.BMP,Higher quality,0.35,Contrast Enhancement,C3,CLAHE,grayscale,M1 baseline candidate,True,clip_limit=0.025,0.07595365414312723,11.19451327317708,0.5953498587771745,0.5976994037628174,0.006894200050737709,-7.502993961583822,-7.502993961583822,-16.975486726822922,,,,,,,,,,,
158__M_Right_middle_finger.BMP,Higher quality,0.35,Contrast Enhancement,C4,Contrast stretching,grayscale,M1 candidate,True,2nd to 98th percentile,0.009232733691755757,20.3466969101459,0.765433879062742,0.6155108213424683,0.0015538999577984214,1.6491896753849993,1.6491896753849993,-7.8233030898541,,,,,,,,,,,
158__M_Right_middle_finger.BMP,Higher quality,0.35,Contrast Enhancement,C5,Gamma correction,grayscale,M1 candidate,True,gamma=0.85,0.017898116081662453,17.471926795450543,0.6956192594901258,0.6103582978248596,0.0019384000333957374,-1.2255804393103595,-1.2255804393103595,-10.698073204549459,,,,,,,,,,,
158__M_Right_middle_finger.BMP,Higher quality,0.35,Contrast Enhancement,C6,Homomorphic filtering,grayscale,M1 candidate,True,log-domain high-frequency gain=0.70,0.0228304181249456,16.41486134602898,0.6203067467103097,0.6124775409698486,0.0110141999903135,-2.2826458887319205,-2.2826458887319205,-11.75513865397102,,,,,,,,,,,
158__M_Right_middle_finger.BMP,Higher quality,0.35,Fingerprint Ridge Enhancement,G1,Ordinary Gabor filter,grayscale,M2 baseline,True,"fixed frequency=0.115, 8 orientations",0.03620481385417093,14.412336810881033,0.5862940761827643,0.6282797455787659,1.1858577999519184,-4.285170423879869,-4.285170423879869,-13.757663189118968,,,,,,,,,,,
158__M_Right_middle_finger.BMP,Higher quality,0.35,Fingerprint Ridge Enhancement,G2,Literature-inspired Modified Gabor,grayscale,M2 literature technique,True,local orientation + local ridge frequency; exact article parameters unavailable,0.01608097542608379,17.93687611724534,0.6958858101017847,0.602573812007904,2.2913705999962986,-0.7606311175155618,-0.7606311175155618,-10.233123882754661,,,,,,,,,,,
158__M_Right_middle_finger.BMP,Higher quality,0.35,Fingerprint Ridge Enhancement,G3,Adaptive local-orientation Gabor,grayscale,M2 candidate,True,"local orientation, fixed frequency",0.016501275990032788,17.824824719070552,0.6943385640678108,0.5999537706375122,0.4863879999611527,-0.8726825156903502,-0.8726825156903502,-10.34517528092945,,,,,,,,,,,
158__M_Right_middle_finger.BMP,Higher quality,0.35,Fingerprint Ridge Enhancement,G4,Adaptive orientation-frequency Gabor,grayscale,M2 candidate,True,local orientation + local frequency,0.016843830336525204,17.735591417638826,0.6900177530881175,0.5992003679275513,2.0594101999886334,-0.9619158171220761,-0.9619158171220761,-10.434408582361176,,,,,,,,,,,
158__M_Right_middle_finger.BMP,Higher quality,0.35,Fingerprint Ridge Enhancement,G5,Log-Gabor,grayscale,M2 candidate,True,local selection from log-Gabor frequency/orientation bank,0.0232831519832081,16.329582269322565,0.6422423507921924,0.5994979739189148,0.34029299998655915,-2.3679249654383376,-2.3679249654383376,-11.840417730677437,,,,,,,,,,,
158__M_Right_middle_finger.BMP,Higher quality,0.35,Fingerprint Ridge Enhancement,G6,STFT contextual enhancement,grayscale,M2 candidate,True,"32px blocks, band-pass contextual filtering",0.030270230192651133,15.189842763999504,0.5476030353076667,0.5773249864578247,0.06909609999274835,-3.507664470761398,-3.507664470761398,-12.980157236000498,,,,,,,,,,,
158__M_Right_middle_finger.BMP,Higher quality,0.35,Fingerprint Ridge Enhancement,G7,Coherence-guided directional diffusion,grayscale,M2/M3 candidate,True,directional smoothing weighted by coherence,0.014443655084070256,18.40322891117099,0.7070929775398709,0.6435766220092773,0.3467495000222698,-0.2942783235899107,-0.2942783235899107,-9.76677108882901,,,,,,,,,,,
158__M_Right_middle_finger.BMP,Higher quality,0.35,Fingerprint Ridge Enhancement,G8,Directional oriented filter-bank,grayscale,M2 candidate,True,orientation-selected elongated Gaussian smoothing,0.013786665880219647,18.605407494076843,0.7151374831372164,0.6245794296264648,0.10629650001646951,-0.09209974068405913,-0.09209974068405913,-9.564592505923159,,,,,,,,,,,
158__M_Right_middle_finger.BMP,Higher quality,0.35,Segmentation,S1,Otsu thresholding,ridge map,M3 candidate,True,Binary/structural output; PSNR/MSE/SSIM intentionally not calculated,,,,,,,,,0.55621337890625,185.0,168.0,0.9469165205955505,5.075167343355646,6366.0,120.0,533.0,53.05,0.6408956050872803,
158__M_Right_middle_finger.BMP,Higher quality,0.35,Segmentation,S2,Adaptive/local Sauvola thresholding,ridge map,M3 candidate,True,Binary/structural output; PSNR/MSE/SSIM intentionally not calculated,,,,,,,,,0.3759307861328125,156.0,125.0,0.6367658376693726,6.331939765393514,7539.0,334.0,561.0,22.57185628742515,0.6565259099006653,
158__M_Right_middle_finger.BMP,Higher quality,0.35,Segmentation,S3,Local variance foreground segmentation,foreground mask,M3 candidate,True,Binary/structural output; PSNR/MSE/SSIM intentionally not calculated,,,,,,,,,0.787322998046875,7.0,4.0,0.9945540428161621,0.1356641730299624,1564.0,22.0,28.0,71.0909090909091,0.6917958855628967,0.787322998046875
158__M_Right_middle_finger.BMP,Higher quality,0.35,Segmentation,S4,Coherence-based foreground segmentation,foreground mask,M3 candidate,True,Binary/structural output; PSNR/MSE/SSIM intentionally not calculated,,,,,,,,,0.7837371826171875,90.0,72.0,0.9775519371032715,1.7522340984755564,5680.0,137.0,293.0,41.45985401459854,0.7244102358818054,0.7837371826171875
158__M_Right_middle_finger.BMP,Higher quality,0.35,Segmentation,S5,Orientation-confidence segmentation,foreground mask,M3 candidate,True,Binary/structural output; PSNR/MSE/SSIM intentionally not calculated,,,,,,,,,0.438079833984375,25.0,18.0,0.8127481937408447,0.8707767328456983,2896.0,79.0,155.0,36.65822784810127,0.773334801197052,0.438079833984375
158__M_Right_middle_finger.BMP,Higher quality,0.35,Morphological Ridge Restoration,M3-1,Opening,ridge map,M3 candidate,True,Binary ridge restoration; PSNR/MSE/SSIM intentionally not calculated,,,,,,,,,0.35430908203125,112.0,21.0,0.20439276099205017,4.823428079242033,4700.0,267.0,68.0,17.60299625468165,0.6559980511665344,
158__M_Right_middle_finger.BMP,Higher quality,0.35,Morphological Ridge Restoration,M3-2,Closing,ridge map,M3 candidate,True,Binary ridge restoration; PSNR/MSE/SSIM intentionally not calculated,,,,,,,,,0.3858489990234375,33.0,1.0,0.6439672708511353,1.3050183888954798,5557.0,136.0,160.0,40.86029411764706,0.6498599052429199,
158__M_Right_middle_finger.BMP,Higher quality,0.35,Morphological Ridge Restoration,M3-3,Opening + Closing,ridge map,M3 candidate,True,Binary ridge restoration; PSNR/MSE/SSIM intentionally not calculated,,,,,,,,,0.359405517578125,89.0,18.0,0.25677168369293213,3.778551413772608,4769.0,225.0,82.0,21.195555555555554,0.6533920168876648,
158__M_Right_middle_finger.BMP,Higher quality,0.35,Morphological Ridge Restoration,M3-4,Morphological reconstruction,ridge map,M3 candidate,True,Binary ridge restoration; PSNR/MSE/SSIM intentionally not calculated,,,,,,,,,0.3733367919921875,37.0,1.0,0.6344872713088989,1.5122409776433565,5648.0,206.0,171.0,27.41747572815534,0.6541453003883362,
158__M_Right_middle_finger.BMP,Higher quality,0.35,Morphological Ridge Restoration,M3-5,Bridge / broken-ridge reconnection,ridge map,M3 candidate,True,Binary ridge restoration; PSNR/MSE/SSIM intentionally not calculated,,,,,,,,,0.24993896484375,32.0,2.0,0.5907204151153564,1.9536019536019538,5506.0,120.0,152.0,45.88333333333333,0.6636404991149902,
158__M_Right_middle_finger.BMP,Higher quality,0.35,Morphological Ridge Restoration,M3-6,Remove small objects / isolated noise,ridge map,M3 candidate,True,Binary ridge restoration; PSNR/MSE/SSIM intentionally not calculated,,,,,,,,,0.3717498779296875,33.0,0.0,0.6371957659721375,1.3545129910109592,5618.0,197.0,170.0,28.517766497461928,0.6544394493103027,
158__M_Right_middle_finger.BMP,Higher quality,0.35,Morphological Ridge Restoration,M3-7,Spur cleanup,ridge map,M3 candidate,True,Binary ridge restoration; PSNR/MSE/SSIM intentionally not calculated,,,,,,,,,0.23675537109375,35.0,8.0,0.5919696092605591,2.2557360144367107,5130.0,110.0,97.0,46.63636363636363,0.6721509099006653,
158__M_Right_middle_finger.BMP,Higher quality,0.35,Morphological Ridge Restoration,M3-8,Controlled ridge-restoration pipeline,ridge map,M3 candidate,True,Binary ridge restoration; PSNR/MSE/SSIM intentionally not calculated,,,,,,,,,0.239898681640625,29.0,3.0,0.5961073637008667,1.8445490395623967,5272.0,105.0,125.0,50.20952380952381,0.6680499911308289,
158__M_Right_middle_finger.BMP,Higher quality,0.35,Thinning / Feature Extraction,T1,Standard skeletonisation,skeleton,M4 candidate,True,"Skeleton/feature output; counts are detections, not ground-truth accuracy",,,,,,,,,0.0804443359375,29.0,11.0,0.6037557125091553,5.500758725341426,5272.0,105.0,125.0,50.20952380952381,0.661390483379364,
158__M_Right_middle_finger.BMP,Higher quality,0.35,Thinning / Feature Extraction,T2,Zhang-Suen thinning,skeleton,M4 candidate,True,"Skeleton/feature output; counts are detections, not ground-truth accuracy",,,,,,,,,0.0867462158203125,29.0,11.0,0.6086191534996033,5.101143359718558,5214.0,102.0,122.0,51.11764705882353,0.6651133298873901,
158__M_Right_middle_finger.BMP,Higher quality,0.35,Thinning / Feature Extraction,T3,Guo-Hall thinning,skeleton,M4 candidate,True,"Skeleton/feature output; counts are detections, not ground-truth accuracy",,,,,,,,,0.080230712890625,29.0,11.0,0.5949029922485352,5.515405096995055,5246.0,108.0,126.0,48.574074074074076,0.66531902551651,
158__M_Right_middle_finger.BMP,Higher quality,0.35,Thinning / Feature Extraction,T4,Morphological skeleton / medial axis,skeleton,M4 candidate,True,"Skeleton/feature output; counts are detections, not ground-truth accuracy",,,,,,,,,0.081573486328125,29.0,10.0,0.5950242877006531,5.424616535727647,5346.0,124.0,143.0,43.11290322580645,0.6635569930076599,
148__M_Right_ring_finger.BMP,Higher quality,0.55,Control,CONTROL-DEGRADED,Degraded Input,grayscale,"Input condition/control, not a technique",False,"Input condition/control, not a technique",0.028741822356150123,15.414856991757253,0.5234865874058405,0.49878770112991333,0.0,0.0,0.0,-12.755143008242749,,,,,,,,,,,
148__M_Right_ring_finger.BMP,Higher quality,0.55,Control,CONTROL-P0,Common Preprocessed Input P0,grayscale,"Common preprocessing control, not a member technique",False,"Common preprocessing control, not a member technique",0.028741822356150123,15.414856991757253,0.5234865874058405,0.49878770112991333,0.0,0.0,0.0,-12.755143008242749,,,,,,,,,,,
148__M_Right_ring_finger.BMP,Higher quality,0.55,Denoising,D1,Gaussian filtering,grayscale,M1 candidate,True,sigma=0.65,0.028622483106553333,15.43292692285007,0.5696213427582681,0.5844669342041016,0.0015242999652400613,0.018069931092817626,0.018069931092817626,-12.737073077149931,,,,,,,,,,,
148__M_Right_ring_finger.BMP,Higher quality,0.55,Denoising,D2,Median filtering,grayscale,M1 candidate,True,3x3 median,0.029159508763415238,15.352197966481334,0.5658227324245889,0.6189250946044922,0.00936949998140335,-0.06265902527591827,-0.06265902527591827,-12.817802033518667,,,,,,,,,,,
148__M_Right_ring_finger.BMP,Higher quality,0.55,Denoising,D3,Bilateral filtering,grayscale,M1 candidate,True,"sigma_color=0.035, sigma_spatial=2.0",0.030104739290054038,15.213651294726505,0.5181777206919947,0.5000098943710327,0.12813460000324994,-0.20120569703074764,-0.20120569703074764,-12.956348705273497,,,,,,,,,,,
148__M_Right_ring_finger.BMP,Higher quality,0.55,Denoising,D4,Non-local means,grayscale,M1 candidate,True,"patch_size=3, patch_distance=5, h=0.055",0.03125239386888397,15.051167109845974,0.5402285316919513,0.5884097814559937,0.06185810000170022,-0.36368988191127904,-0.36368988191127904,-13.118832890154028,,,,,,,,,,,
148__M_Right_ring_finger.BMP,Higher quality,0.55,Denoising,D5,Wiener noise filtering,grayscale,M1 candidate,True,local window=5,0.0345251350002636,14.618646145667125,0.480960878424159,0.6261128187179565,0.005752699973527342,-0.796210846090128,-0.796210846090128,-13.551353854332877,,,,,,,,,,,
148__M_Right_ring_finger.BMP,Higher quality,0.55,Denoising,D6,Wavelet denoising,grayscale,M1 candidate,True,db2 level=2 shrinkage,0.028740206772773575,15.415101116384132,0.5433071113668627,0.5474123954772949,0.003415799990762025,0.00024412462687983805,0.00024412462687983805,-12.75489888361587,,,,,,,,,,,
148__M_Right_ring_finger.BMP,Higher quality,0.55,Denoising,D7,Anisotropic diffusion,grayscale,M1 candidate,True,Perona-Malik style fixed parameters,0.029991786332008653,15.229976665835764,0.5681705011534004,0.5878552198410034,0.008049800002481788,-0.18488032592148862,-0.18488032592148862,-12.940023334164238,,,,,,,,,,,
148__M_Right_ring_finger.BMP,Higher quality,0.55,Restoration/Deblurring,R1,Wiener deconvolution,grayscale,M1 candidate,True,uses known synthetic Gaussian PSF formula; no clean pixels used,0.026767183884943577,15.723973175528101,0.5628293700482917,0.530820369720459,0.002452199987601489,0.3091161837708487,0.3091161837708487,-12.4460268244719,,,,,,,,,,,
148__M_Right_ring_finger.BMP,Higher quality,0.55,Restoration/Deblurring,R2,Richardson-Lucy deconvolution,grayscale,M1 candidate,True,uses known synthetic Gaussian PSF formula; 8 iterations,0.02739356354738818,15.623514679906865,0.5500091301857091,0.5191538333892822,0.02245519997086376,0.2086576881496125,0.2086576881496125,-12.546485320093137,,,,,,,,,,,
148__M_Right_ring_finger.BMP,Higher quality,0.55,Restoration/Deblurring,R3,Total variation restoration,grayscale,M1 candidate,True,TV Chambolle weight=0.045,0.030334020037623123,15.18070030689513,0.5601222309398632,0.6071376204490662,0.0031568999984301627,-0.23415668486212304,-0.23415668486212304,-12.989299693104872,,,,,,,,,,,
148__M_Right_ring_finger.BMP,Higher quality,0.55,Restoration/Deblurring,R4,Tikhonov regularised inverse restoration,grayscale,M1 candidate,True,uses known synthetic Gaussian PSF formula; lambda=0.025,0.02824389850662553,15.49075357795148,0.5393910608033694,0.5292465686798096,0.009017599979415536,0.07589658619422757,0.07589658619422757,-12.679246422048521,,,,,,,,,,,
148__M_Right_ring_finger.BMP,Higher quality,0.55,Restoration/Deblurring,R5,Edge-preserving restoration,grayscale,M1 candidate,True,TV followed by bilateral filter,0.03037614347445758,15.174673645771719,0.5657474465856306,0.5796054601669312,0.12785629997961223,-0.2401833459855336,-0.2401833459855336,-12.995326354228283,,,,,,,,,,,
148__M_Right_ring_finger.BMP,Higher quality,0.55,Contrast Enhancement,C1,Global histogram equalisation,grayscale,M1 baseline candidate,True,global equalize_hist,0.018952769098167583,17.22327328376838,0.6107193720430839,0.5072861313819885,0.004072699986863881,1.8084162920111257,1.8084162920111257,-10.946726716231623,,,,,,,,,,,
148__M_Right_ring_finger.BMP,Higher quality,0.55,Contrast Enhancement,C2,Adaptive histogram equalisation,grayscale,M1 baseline candidate,True,AHE-like un-clipped adaptive histogram equalisation,0.08754010811901805,10.577929213342374,0.5381433382965978,0.5025143027305603,0.006247200013604015,-4.8369277784148785,-4.8369277784148785,-17.59207078665763,,,,,,,,,,,
148__M_Right_ring_finger.BMP,Higher quality,0.55,Contrast Enhancement,C3,CLAHE,grayscale,M1 baseline candidate,True,clip_limit=0.025,0.08423035738651925,10.745313566079524,0.5398045567555331,0.5027504563331604,0.0063658999861218035,-4.669543425677729,-4.669543425677729,-17.424686433920478,,,,,,,,,,,
148__M_Right_ring_finger.BMP,Higher quality,0.55,Contrast Enhancement,C4,Contrast stretching,grayscale,M1 candidate,True,2nd to 98th percentile,0.021224069462207014,16.73171341662938,0.5850070911941645,0.5043020844459534,0.0011474000057205558,1.3168564248721264,1.3168564248721264,-11.438286583370623,,,,,,,,,,,
148__M_Right_ring_finger.BMP,Higher quality,0.55,Contrast Enhancement,C5,Gamma correction,grayscale,M1 candidate,True,gamma=0.85,0.03300385947416476,14.814352707183394,0.5107546393151372,0.4972599744796753,0.0010887000244110823,-0.6005042845738586,-0.6005042845738586,-13.355647292816608,,,,,,,,,,,
148__M_Right_ring_finger.BMP,Higher quality,0.55,Contrast Enhancement,C6,Homomorphic filtering,grayscale,M1 candidate,True,log-domain high-frequency gain=0.70,0.037238562991327814,14.29007086470988,0.4489236790723825,0.500030517578125,0.010568499972578138,-1.124786127047372,-1.124786127047372,-13.879929135290121,,,,,,,,,,,
148__M_Right_ring_finger.BMP,Higher quality,0.55,Fingerprint Ridge Enhancement,G1,Ordinary Gabor filter,grayscale,M2 baseline,True,"fixed frequency=0.115, 8 orientations",0.0427411828159877,13.69153463375773,0.44270646530988217,0.5217182636260986,1.1848381999880075,-1.723322357999523,-1.723322357999523,-14.478465366242272,,,,,,,,,,,
148__M_Right_ring_finger.BMP,Higher quality,0.55,Fingerprint Ridge Enhancement,G2,Literature-inspired Modified Gabor,grayscale,M2 literature technique,True,local orientation + local ridge frequency; exact article parameters unavailable,0.02842227640723691,15.463411413448755,0.5355959912493016,0.5135722756385803,2.236790499999188,0.04855442169150237,0.04855442169150237,-12.706588586551247,,,,,,,,,,,
148__M_Right_ring_finger.BMP,Higher quality,0.55,Fingerprint Ridge Enhancement,G3,Adaptive local-orientation Gabor,grayscale,M2 candidate,True,"local orientation, fixed frequency",0.02802283646907496,15.524879075755578,0.5425273707705922,0.5182791948318481,0.4753749000374228,0.11002208399832547,0.11002208399832547,-12.645120924244424,,,,,,,,,,,
148__M_Right_ring_finger.BMP,Higher quality,0.55,Fingerprint Ridge Enhancement,G4,Adaptive orientation-frequency Gabor,grayscale,M2 candidate,True,local orientation + local frequency,0.028416569865422646,15.46428346479798,0.5377199301905037,0.5156857371330261,2.0590398000204004,0.049426473040727004,0.049426473040727004,-12.705716535202022,,,,,,,,,,,
148__M_Right_ring_finger.BMP,Higher quality,0.55,Fingerprint Ridge Enhancement,G5,Log-Gabor,grayscale,M2 candidate,True,local selection from log-Gabor frequency/orientation bank,0.036041884915342604,14.431925044042393,0.4732315524899245,0.48789143562316895,0.3354047000175342,-0.9829319477148601,-0.9829319477148601,-13.73807495595761,,,,,,,,,,,
148__M_Right_ring_finger.BMP,Higher quality,0.55,Fingerprint Ridge Enhancement,G6,STFT contextual enhancement,grayscale,M2 candidate,True,"32px blocks, band-pass contextual filtering",0.04565099623942255,13.405497404393676,0.36278919902743983,0.4378020763397217,0.06358949997229502,-2.0093595873635763,-2.0093595873635763,-14.764502595606325,,,,,,,,,,,
148__M_Right_ring_finger.BMP,Higher quality,0.55,Fingerprint Ridge Enhancement,G7,Coherence-guided directional diffusion,grayscale,M2/M3 candidate,True,directional smoothing weighted by coherence,0.029512045865812762,15.300006828268645,0.5111876054015013,0.5281469821929932,0.3377860999898985,-0.1148501634886081,-0.1148501634886081,-12.869993171731357,,,,,,,,,,,
148__M_Right_ring_finger.BMP,Higher quality,0.55,Fingerprint Ridge Enhancement,G8,Directional oriented filter-bank,grayscale,M2 candidate,True,orientation-selected elongated Gaussian smoothing,0.0290100860946078,15.374509823191005,0.5198869547021119,0.5100933313369751,0.10468150000087917,-0.04034716856624776,-0.04034716856624776,-12.795490176808997,,,,,,,,,,,
148__M_Right_ring_finger.BMP,Higher quality,0.55,Segmentation,S1,Otsu thresholding,ridge map,M3 candidate,True,Binary/structural output; PSNR/MSE/SSIM intentionally not calculated,,,,,,,,,0.5729522705078125,171.0,156.0,0.9688140749931335,4.554049375482703,8703.0,194.0,1205.0,44.86082474226804,0.5667856335639954,
148__M_Right_ring_finger.BMP,Higher quality,0.55,Segmentation,S2,Adaptive/local Sauvola thresholding,ridge map,M3 candidate,True,Binary/structural output; PSNR/MSE/SSIM intentionally not calculated,,,,,,,,,0.29425048828125,462.0,383.0,0.3091163635253906,23.957685127566897,8256.0,713.0,851.0,11.579242636746143,0.5523722767829895,
148__M_Right_ring_finger.BMP,Higher quality,0.55,Segmentation,S3,Local variance foreground segmentation,foreground mask,M3 candidate,True,Binary/structural output; PSNR/MSE/SSIM intentionally not calculated,,,,,,,,,0.873199462890625,5.0,2.0,0.988484263420105,0.08737287247055535,1714.0,20.0,25.0,85.7,0.5381398797035217,0.873199462890625
148__M_Right_ring_finger.BMP,Higher quality,0.55,Segmentation,S4,Coherence-based foreground segmentation,foreground mask,M3 candidate,True,Binary/structural output; PSNR/MSE/SSIM intentionally not calculated,,,,,,,,,0.67864990234375,121.0,104.0,0.9661165475845337,2.7205683964385288,5642.0,206.0,293.0,27.388349514563107,0.6389471292495728,0.67864990234375
148__M_Right_ring_finger.BMP,Higher quality,0.55,Segmentation,S5,Orientation-confidence segmentation,foreground mask,M3 candidate,True,Binary/structural output; PSNR/MSE/SSIM intentionally not calculated,,,,,,,,,0.4133148193359375,49.0,39.0,0.9363163113594055,1.808985860375826,3606.0,140.0,200.0,25.757142857142856,0.6508603096008301,0.4133148193359375
148__M_Right_ring_finger.BMP,Higher quality,0.55,Morphological Ridge Restoration,M3-1,Opening,ridge map,M3 candidate,True,Binary ridge restoration; PSNR/MSE/SSIM intentionally not calculated,,,,,,,,,0.2496795654296875,180.0,50.0,0.1494835913181305,11.000427794414227,3140.0,351.0,38.0,8.945868945868947,0.5445084571838379,
148__M_Right_ring_finger.BMP,Higher quality,0.55,Morphological Ridge Restoration,M3-2,Closing,ridge map,M3 candidate,True,Binary ridge restoration; PSNR/MSE/SSIM intentionally not calculated,,,,,,,,,0.28802490234375,74.0,1.0,0.3069506287574768,3.920322102140284,4222.0,256.0,111.0,16.4921875,0.5484981536865234,
148__M_Right_ring_finger.BMP,Higher quality,0.55,Morphological Ridge Restoration,M3-3,Opening + Closing,ridge map,M3 candidate,True,Binary ridge restoration; PSNR/MSE/SSIM intentionally not calculated,,,,,,,,,0.2531585693359375,150.0,36.0,0.2969079613685608,9.041046350430957,3201.0,310.0,39.0,10.325806451612904,0.5444769263267517,
148__M_Right_ring_finger.BMP,Higher quality,0.55,Morphological Ridge Restoration,M3-4,Morphological reconstruction,ridge map,M3 candidate,True,Binary ridge restoration; PSNR/MSE/SSIM intentionally not calculated,,,,,,,,,0.27545166015625,93.0,2.0,0.31376025080680847,5.151783735874141,4531.0,385.0,178.0,11.768831168831168,0.5487353801727295,
148__M_Right_ring_finger.BMP,Higher quality,0.55,Morphological Ridge Restoration,M3-5,Bridge / broken-ridge reconnection,ridge map,M3 candidate,True,Binary ridge restoration; PSNR/MSE/SSIM intentionally not calculated,,,,,,,,,0.192352294921875,72.0,1.0,0.19554179906845093,5.7115659209900045,4113.0,236.0,101.0,17.427966101694917,0.5585112571716309,
148__M_Right_ring_finger.BMP,Higher quality,0.55,Morphological Ridge Restoration,M3-6,Remove small objects / isolated noise,ridge map,M3 candidate,True,Binary ridge restoration; PSNR/MSE/SSIM intentionally not calculated,,,,,,,,,0.2704010009765625,83.0,0.0,0.3196207880973816,4.68370859432312,4412.0,360.0,173.0,12.255555555555556,0.5484021306037903,
148__M_Right_ring_finger.BMP,Higher quality,0.55,Morphological Ridge Restoration,M3-7,Spur cleanup,ridge map,M3 candidate,True,Binary ridge restoration; PSNR/MSE/SSIM intentionally not calculated,,,,,,,,,0.1733551025390625,92.0,17.0,0.22938121855258942,8.097878707860223,3601.0,236.0,49.0,15.258474576271187,0.5618899464607239,
148__M_Right_ring_finger.BMP,Higher quality,0.55,Morphological Ridge Restoration,M3-8,Controlled ridge-restoration pipeline,ridge map,M3 candidate,True,Binary ridge restoration; PSNR/MSE/SSIM intentionally not calculated,,,,,,,,,0.177459716796875,69.0,2.0,0.20868442952632904,5.932932072226999,3783.0,218.0,75.0,17.353211009174313,0.5619306564331055,
148__M_Right_ring_finger.BMP,Higher quality,0.55,Thinning / Feature Extraction,T1,Standard skeletonisation,skeleton,M4 candidate,True,"Skeleton/feature output; counts are detections, not ground-truth accuracy",,,,,,,,,0.0577239990234375,69.0,40.0,0.21226540207862854,18.23949246629659,3783.0,218.0,75.0,17.353211009174313,0.5554417967796326,
148__M_Right_ring_finger.BMP,Higher quality,0.55,Thinning / Feature Extraction,T2,Zhang-Suen thinning,skeleton,M4 candidate,True,"Skeleton/feature output; counts are detections, not ground-truth accuracy",,,,,,,,,0.0612335205078125,69.0,36.0,0.20782457292079926,17.19411911288313,3672.0,208.0,65.0,17.653846153846153,0.5576385855674744,
148__M_Right_ring_finger.BMP,Higher quality,0.55,Thinning / Feature Extraction,T3,Guo-Hall thinning,skeleton,M4 candidate,True,"Skeleton/feature output; counts are detections, not ground-truth accuracy",,,,,,,,,0.059112548828125,69.0,39.0,0.20702116191387177,17.811048012390295,3837.0,225.0,86.0,17.053333333333335,0.5524476170539856,
148__M_Right_ring_finger.BMP,Higher quality,0.55,Thinning / Feature Extraction,T4,Morphological skeleton / medial axis,skeleton,M4 candidate,True,"Skeleton/feature output; counts are detections, not ground-truth accuracy",,,,,,,,,0.0616912841796875,69.0,35.0,0.20479841530323029,17.06653475142221,4043.0,246.0,104.0,16.434959349593495,0.5521853566169739,
112__M_Left_middle_finger.BMP,Medium quality,0.75,Control,CONTROL-DEGRADED,Degraded Input,grayscale,"Input condition/control, not a technique",False,"Input condition/control, not a technique",0.03650229166639555,14.376798690551027,0.2948518343508618,0.2769134044647217,0.0,0.0,0.0,-13.793201309448975,,,,,,,,,,,
112__M_Left_middle_finger.BMP,Medium quality,0.75,Control,CONTROL-P0,Common Preprocessed Input P0,grayscale,"Common preprocessing control, not a member technique",False,"Common preprocessing control, not a member technique",0.03650229166639555,14.376798690551027,0.2948518343508618,0.2769134044647217,0.0,0.0,0.0,-13.793201309448975,,,,,,,,,,,
112__M_Left_middle_finger.BMP,Medium quality,0.75,Denoising,D1,Gaussian filtering,grayscale,M1 candidate,True,sigma=0.65,0.03407195814150463,14.676029064787055,0.3905144282504069,0.3769792914390564,0.0021671000286005437,0.2992303742360285,0.2992303742360285,-13.493970935212946,,,,,,,,,,,
112__M_Left_middle_finger.BMP,Medium quality,0.75,Denoising,D2,Median filtering,grayscale,M1 candidate,True,3x3 median,0.03410383472586888,14.671967850353633,0.3988258327757679,0.4386003911495209,0.010669500043150038,0.2951691598026063,0.2951691598026063,-13.498032149646368,,,,,,,,,,,
112__M_Left_middle_finger.BMP,Medium quality,0.75,Denoising,D3,Bilateral filtering,grayscale,M1 candidate,True,"sigma_color=0.035, sigma_spatial=2.0",0.036472376380987465,14.380359390298679,0.3009059123261272,0.28057020902633667,0.13501030002953485,0.003560699747652052,0.003560699747652052,-13.789640609701323,,,,,,,,,,,
112__M_Left_middle_finger.BMP,Medium quality,0.75,Denoising,D4,Non-local means,grayscale,M1 candidate,True,"patch_size=3, patch_distance=5, h=0.055",0.036119798773579445,14.422546778426817,0.37233693533992873,0.3804246485233307,0.05903639999451116,0.04574808787578988,0.04574808787578988,-13.747453221573185,,,,,,,,,,,
112__M_Left_middle_finger.BMP,Medium quality,0.75,Denoising,D5,Wiener noise filtering,grayscale,M1 candidate,True,local window=5,0.03589160455778545,14.450071258123353,0.3908320241393339,0.49652159214019775,0.00483610003720969,0.07327256757232625,0.07327256757232625,-13.719928741876648,,,,,,,,,,,
112__M_Left_middle_finger.BMP,Medium quality,0.75,Denoising,D6,Wavelet denoising,grayscale,M1 candidate,True,db2 level=2 shrinkage,0.03533297763891251,14.518197614426779,0.3283092457781013,0.3318728506565094,0.0033915999811142683,0.1413989238757516,0.1413989238757516,-13.651802385573223,,,,,,,,,,,
112__M_Left_middle_finger.BMP,Medium quality,0.75,Denoising,D7,Anisotropic diffusion,grayscale,M1 candidate,True,Perona-Malik style fixed parameters,0.03511327231705633,14.545286953703695,0.3799570936625714,0.37349122762680054,0.006909100047778338,0.16848826315266763,0.16848826315266763,-13.624713046296307,,,,,,,,,,,
112__M_Left_middle_finger.BMP,Medium quality,0.75,Restoration/Deblurring,R1,Wiener deconvolution,grayscale,M1 candidate,True,uses known synthetic Gaussian PSF formula; no clean pixels used,0.034800066829743986,14.584199220372936,0.3310282695820731,0.3063080906867981,0.0022646000143140554,0.20740052982190882,0.20740052982190882,-13.585800779627066,,,,,,,,,,,
112__M_Left_middle_finger.BMP,Medium quality,0.75,Restoration/Deblurring,R2,Richardson-Lucy deconvolution,grayscale,M1 candidate,True,uses known synthetic Gaussian PSF formula; 8 iterations,0.03556070886244854,14.490295904470027,0.31464454222129995,0.29416269063949585,0.0200431999983266,0.11349721391900047,0.11349721391900047,-13.679704095529974,,,,,,,,,,,
112__M_Left_middle_finger.BMP,Medium quality,0.75,Restoration/Deblurring,R3,Total variation restoration,grayscale,M1 candidate,True,TV Chambolle weight=0.045,0.03563282282644594,14.481497715477143,0.406246880846109,0.485066294670105,0.013382100034505129,0.10469902492611638,0.10469902492611638,-13.688502284522858,,,,,,,,,,,
112__M_Left_middle_finger.BMP,Medium quality,0.75,Restoration/Deblurring,R4,Tikhonov regularised inverse restoration,grayscale,M1 candidate,True,uses known synthetic Gaussian PSF formula; lambda=0.025,0.035888844531783225,14.450405238776437,0.3129965245153746,0.298139750957489,0.008954899967648089,0.0736065482254098,0.0736065482254098,-13.719594761223565,,,,,,,,,,,
112__M_Left_middle_finger.BMP,Medium quality,0.75,Restoration/Deblurring,R5,Edge-preserving restoration,grayscale,M1 candidate,True,TV followed by bilateral filter,0.03587454204316407,14.452136342132471,0.39978765471230693,0.4108767509460449,0.12529539997922257,0.07533765158144412,0.07533765158144412,-13.71786365786753,,,,,,,,,,,
112__M_Left_middle_finger.BMP,Medium quality,0.75,Contrast Enhancement,C1,Global histogram equalisation,grayscale,M1 baseline candidate,True,global equalize_hist,0.029961588582183046,15.234351637968027,0.33888071430878397,0.2818637192249298,0.0036359999794512987,0.857552947417,0.857552947417,-12.935648362031975,,,,,,,,,,,
112__M_Left_middle_finger.BMP,Medium quality,0.75,Contrast Enhancement,C2,Adaptive histogram equalisation,grayscale,M1 baseline candidate,True,AHE-like un-clipped adaptive histogram equalisation,0.11800712140669335,9.280917834200796,0.25699812154512003,0.27549421787261963,0.006150400033220649,-5.095880856350231,-5.095880856350231,-18.889082165799206,,,,,,,,,,,
112__M_Left_middle_finger.BMP,Medium quality,0.75,Contrast Enhancement,C3,CLAHE,grayscale,M1 baseline candidate,True,clip_limit=0.025,0.11615965744760175,9.349446773674291,0.2579774535306684,0.2754737138748169,0.006151299981866032,-5.027351916876736,-5.027351916876736,-18.82055322632571,,,,,,,,,,,
112__M_Left_middle_finger.BMP,Medium quality,0.75,Contrast Enhancement,C4,Contrast stretching,grayscale,M1 candidate,True,2nd to 98th percentile,0.03303806486100742,14.809853985428989,0.3187872819053926,0.28025496006011963,0.001188900030683726,0.43305529487796157,0.43305529487796157,-13.360146014571013,,,,,,,,,,,
112__M_Left_middle_finger.BMP,Medium quality,0.75,Contrast Enhancement,C5,Gamma correction,grayscale,M1 candidate,True,gamma=0.85,0.03903603822793591,14.08534265366354,0.2948476851221628,0.2758425176143646,0.0010366999777033925,-0.291456036887487,-0.291456036887487,-14.084657346336462,,,,,,,,,,,
112__M_Left_middle_finger.BMP,Medium quality,0.75,Contrast Enhancement,C6,Homomorphic filtering,grayscale,M1 candidate,True,log-domain high-frequency gain=0.70,0.041460884550729174,13.823614366511613,0.2834453534814655,0.2792162299156189,0.010008700017351657,-0.5531843240394139,-0.5531843240394139,-14.346385633488389,,,,,,,,,,,
112__M_Left_middle_finger.BMP,Medium quality,0.75,Fingerprint Ridge Enhancement,G1,Ordinary Gabor filter,grayscale,M2 baseline,True,"fixed frequency=0.115, 8 orientations",0.0485375706747218,13.139219640767104,0.27257667637892274,0.3167657256126404,1.0531195999938063,-1.237579049783923,-1.237579049783923,-15.030780359232898,,,,,,,,,,,
112__M_Left_middle_finger.BMP,Medium quality,0.75,Fingerprint Ridge Enhancement,G2,Literature-inspired Modified Gabor,grayscale,M2 literature technique,True,local orientation + local ridge frequency; exact article parameters unavailable,0.035852135787484606,14.454849673855769,0.30238254978257456,0.28471413254737854,2.1887530999956653,0.0780509833047418,0.0780509833047418,-13.715150326144233,,,,,,,,,,,
112__M_Left_middle_finger.BMP,Medium quality,0.75,Fingerprint Ridge Enhancement,G3,Adaptive local-orientation Gabor,grayscale,M2 candidate,True,"local orientation, fixed frequency",0.03469523406370956,14.597301782923163,0.3190664470081572,0.2986333668231964,0.6500440999516286,0.2205030923721356,0.2205030923721356,-13.572698217076839,,,,,,,,,,,
112__M_Left_middle_finger.BMP,Medium quality,0.75,Fingerprint Ridge Enhancement,G4,Adaptive orientation-frequency Gabor,grayscale,M2 candidate,True,local orientation + local frequency,0.03571725711880248,14.47121899836873,0.3040008815148234,0.2865762710571289,2.1362619000137784,0.09442030781770328,0.09442030781770328,-13.698781001631271,,,,,,,,,,,
112__M_Left_middle_finger.BMP,Medium quality,0.75,Fingerprint Ridge Enhancement,G5,Log-Gabor,grayscale,M2 candidate,True,local selection from log-Gabor frequency/orientation bank,0.03907731007379408,14.080753390247803,0.2819014228122813,0.27548444271087646,0.3325901000062004,-0.2960453003032235,-0.2960453003032235,-14.089246609752198,,,,,,,,,,,
112__M_Left_middle_finger.BMP,Medium quality,0.75,Fingerprint Ridge Enhancement,G6,STFT contextual enhancement,grayscale,M2 candidate,True,"32px blocks, band-pass contextual filtering",0.04711674663776638,13.268247047668972,0.23723332459149812,0.2770316004753113,0.06846640002913773,-1.1085516428820554,-1.1085516428820554,-14.90175295233103,,,,,,,,,,,
112__M_Left_middle_finger.BMP,Medium quality,0.75,Fingerprint Ridge Enhancement,G7,Coherence-guided directional diffusion,grayscale,M2/M3 candidate,True,directional smoothing weighted by coherence,0.03603817185442527,14.43237248039055,0.30162092512813515,0.2939601242542267,0.33833669999148697,0.05557378983952255,0.05557378983952255,-13.737627519609452,,,,,,,,,,,
112__M_Left_middle_finger.BMP,Medium quality,0.75,Fingerprint Ridge Enhancement,G8,Directional oriented filter-bank,grayscale,M2 candidate,True,orientation-selected elongated Gaussian smoothing,0.03621311687767724,14.411340936718029,0.299117585723048,0.2847767174243927,0.12049549998482689,0.03454224616700152,0.03454224616700152,-13.758659063281973,,,,,,,,,,,
112__M_Left_middle_finger.BMP,Medium quality,0.75,Segmentation,S1,Otsu thresholding,ridge map,M3 candidate,True,Binary/structural output; PSNR/MSE/SSIM intentionally not calculated,,,,,,,,,0.5753021240234375,381.0,376.0,0.978251039981842,10.105296660743177,8282.0,475.0,1298.0,17.43578947368421,0.28837475180625916,
112__M_Left_middle_finger.BMP,Medium quality,0.75,Segmentation,S2,Adaptive/local Sauvola thresholding,ridge map,M3 candidate,True,Binary/structural output; PSNR/MSE/SSIM intentionally not calculated,,,,,,,,,0.206573486328125,1543.0,1473.0,0.16568177938461304,113.97547643669671,9293.0,1622.0,1085.0,5.729346485819975,0.30449968576431274,
112__M_Left_middle_finger.BMP,Medium quality,0.75,Segmentation,S3,Local variance foreground segmentation,foreground mask,M3 candidate,True,Binary/structural output; PSNR/MSE/SSIM intentionally not calculated,,,,,,,,,0.9982452392578125,1.0,0.0,1.0,0.015285611653750324,634.0,1.0,3.0,634.0,0.2769492566585541,0.9982452392578125
112__M_Left_middle_finger.BMP,Medium quality,0.75,Segmentation,S4,Coherence-based foreground segmentation,foreground mask,M3 candidate,True,Binary/structural output; PSNR/MSE/SSIM intentionally not calculated,,,,,,,,,0.280487060546875,349.0,234.0,0.15993906557559967,18.985964530518984,3565.0,582.0,110.0,6.125429553264605,0.48960739374160767,0.280487060546875
112__M_Left_middle_finger.BMP,Medium quality,0.75,Segmentation,S5,Orientation-confidence segmentation,foreground mask,M3 candidate,True,Binary/structural output; PSNR/MSE/SSIM intentionally not calculated,,,,,,,,,0.281890869140625,180.0,143.0,0.4306051731109619,9.74342318934719,3705.0,348.0,199.0,10.64655172413793,0.44689977169036865,0.281890869140625
112__M_Left_middle_finger.BMP,Medium quality,0.75,Morphological Ridge Restoration,M3-1,Opening,ridge map,M3 candidate,True,Binary ridge restoration; PSNR/MSE/SSIM intentionally not calculated,,,,,,,,,0.1192626953125,80.0,35.0,0.16427840292453766,10.235414534288639,1411.0,133.0,15.0,10.609022556390977,0.3237845003604889,
112__M_Left_middle_finger.BMP,Medium quality,0.75,Morphological Ridge Restoration,M3-2,Closing,ridge map,M3 candidate,True,Binary ridge restoration; PSNR/MSE/SSIM intentionally not calculated,,,,,,,,,0.1476593017578125,57.0,0.0,0.14818641543388367,5.890255244393924,2076.0,186.0,69.0,11.161290322580646,0.3211207687854767,
112__M_Left_middle_finger.BMP,Medium quality,0.75,Morphological Ridge Restoration,M3-3,Opening + Closing,ridge map,M3 candidate,True,Binary ridge restoration; PSNR/MSE/SSIM intentionally not calculated,,,,,,,,,0.1210479736328125,75.0,33.0,0.17332661151885986,9.454178747006177,1358.0,129.0,11.0,10.527131782945736,0.3229410946369171,
112__M_Left_middle_finger.BMP,Medium quality,0.75,Morphological Ridge Restoration,M3-4,Morphological reconstruction,ridge map,M3 candidate,True,Binary ridge restoration; PSNR/MSE/SSIM intentionally not calculated,,,,,,,,,0.1375579833984375,66.0,1.0,0.1457570642232895,7.321131447587354,2497.0,268.0,121.0,9.317164179104477,0.32265520095825195,
112__M_Left_middle_finger.BMP,Medium quality,0.75,Morphological Ridge Restoration,M3-5,Bridge / broken-ridge reconnection,ridge map,M3 candidate,True,Binary ridge restoration; PSNR/MSE/SSIM intentionally not calculated,,,,,,,,,0.0941009521484375,57.0,2.0,0.1159396767616272,9.242743635479163,1966.0,166.0,55.0,11.843373493975903,0.2819659411907196,
112__M_Left_middle_finger.BMP,Medium quality,0.75,Morphological Ridge Restoration,M3-6,Remove small objects / isolated noise,ridge map,M3 candidate,True,Binary ridge restoration; PSNR/MSE/SSIM intentionally not calculated,,,,,,,,,0.132598876953125,53.0,0.0,0.1512082815170288,6.098964326812428,2354.0,228.0,107.0,10.324561403508772,0.3242076337337494,
112__M_Left_middle_finger.BMP,Medium quality,0.75,Morphological Ridge Restoration,M3-7,Spur cleanup,ridge map,M3 candidate,True,Binary ridge restoration; PSNR/MSE/SSIM intentionally not calculated,,,,,,,,,0.088043212890625,65.0,17.0,0.154419407248497,11.265164644714039,1750.0,143.0,34.0,12.237762237762238,0.29457253217697144,
112__M_Left_middle_finger.BMP,Medium quality,0.75,Morphological Ridge Restoration,M3-8,Controlled ridge-restoration pipeline,ridge map,M3 candidate,True,Binary ridge restoration; PSNR/MSE/SSIM intentionally not calculated,,,,,,,,,0.0831298828125,52.0,4.0,0.1312408149242401,9.544787077826724,1707.0,133.0,35.0,12.834586466165414,0.2816281318664551,
112__M_Left_middle_finger.BMP,Medium quality,0.75,Thinning / Feature Extraction,T1,Standard skeletonisation,skeleton,M4 candidate,True,"Skeleton/feature output; counts are detections, not ground-truth accuracy",,,,,,,,,0.0260467529296875,52.0,32.0,0.1400117129087448,30.462800234329233,1707.0,133.0,35.0,12.834586466165414,0.2713170647621155,
112__M_Left_middle_finger.BMP,Medium quality,0.75,Thinning / Feature Extraction,T2,Zhang-Suen thinning,skeleton,M4 candidate,True,"Skeleton/feature output; counts are detections, not ground-truth accuracy",,,,,,,,,0.026885986328125,52.0,32.0,0.1469920575618744,29.511918274687854,1661.0,125.0,31.0,13.288,0.2664717733860016,
112__M_Left_middle_finger.BMP,Medium quality,0.75,Thinning / Feature Extraction,T3,Guo-Hall thinning,skeleton,M4 candidate,True,"Skeleton/feature output; counts are detections, not ground-truth accuracy",,,,,,,,,0.0275726318359375,52.0,32.0,0.14609850943088531,28.77697841726619,1763.0,140.0,42.0,12.592857142857143,0.26826587319374084,
112__M_Left_middle_finger.BMP,Medium quality,0.75,Thinning / Feature Extraction,T4,Morphological skeleton / medial axis,skeleton,M4 candidate,True,"Skeleton/feature output; counts are detections, not ground-truth accuracy",,,,,,,,,0.029815673828125,52.0,31.0,0.12436028569936752,26.61207778915046,1954.0,166.0,66.0,11.771084337349398,0.26926249265670776,
412__M_Left_middle_finger.BMP,Medium quality,0.35,Control,CONTROL-DEGRADED,Degraded Input,grayscale,"Input condition/control, not a technique",False,"Input condition/control, not a technique",0.009071834659731591,20.423048736871216,0.7047279850341517,0.544333815574646,0.0,0.0,0.0,-7.746951263128786,,,,,,,,,,,
412__M_Left_middle_finger.BMP,Medium quality,0.35,Control,CONTROL-P0,Common Preprocessed Input P0,grayscale,"Common preprocessing control, not a member technique",False,"Common preprocessing control, not a member technique",0.009071834659731591,20.423048736871216,0.7047279850341517,0.544333815574646,0.0,0.0,0.0,-7.746951263128786,,,,,,,,,,,
412__M_Left_middle_finger.BMP,Medium quality,0.35,Denoising,D1,Gaussian filtering,grayscale,M1 candidate,True,sigma=0.65,0.008901703912776624,20.505268552552266,0.7488760677646874,0.6264379024505615,0.0009778999956324697,0.08221981568105008,0.08221981568105008,-7.6647314474477355,,,,,,,,,,,
412__M_Left_middle_finger.BMP,Medium quality,0.35,Denoising,D2,Median filtering,grayscale,M1 candidate,True,3x3 median,0.009082927048849703,20.417741739112824,0.736129466569867,0.6599098443984985,0.008716600015759468,-0.005306997758392384,-0.005306997758392384,-7.752258260887178,,,,,,,,,,,
412__M_Left_middle_finger.BMP,Medium quality,0.35,Denoising,D3,Bilateral filtering,grayscale,M1 candidate,True,"sigma_color=0.035, sigma_spatial=2.0",0.009491586669055467,20.226611823022402,0.6953797395655206,0.5486099720001221,0.11982329998863861,-0.1964369138488138,-0.1964369138488138,-7.943388176977599,,,,,,,,,,,
412__M_Left_middle_finger.BMP,Medium quality,0.35,Denoising,D4,Non-local means,grayscale,M1 candidate,True,"patch_size=3, patch_distance=5, h=0.055",0.010264650042534783,19.88655852643789,0.6562905370699335,0.6541463136672974,0.05421370000112802,-0.5364902104333247,-0.5364902104333247,-8.28344147356211,,,,,,,,,,,
412__M_Left_middle_finger.BMP,Medium quality,0.35,Denoising,D5,Wiener noise filtering,grayscale,M1 candidate,True,local window=5,0.01188631359576168,19.24952815966397,0.6097002321278648,0.6859928369522095,0.0047203999711200595,-1.1735205772072455,-1.1735205772072455,-8.920471840336031,,,,,,,,,,,
412__M_Left_middle_finger.BMP,Medium quality,0.35,Denoising,D6,Wavelet denoising,grayscale,M1 candidate,True,db2 level=2 shrinkage,0.008945175900893089,20.484111149025203,0.7287180193377766,0.5933166742324829,0.0027985000051558018,0.06106241215398711,0.06106241215398711,-7.6858888509747985,,,,,,,,,,,
412__M_Left_middle_finger.BMP,Medium quality,0.35,Denoising,D7,Anisotropic diffusion,grayscale,M1 candidate,True,Perona-Malik style fixed parameters,0.009717602821609987,20.12440855417911,0.7123745935221317,0.6585601568222046,0.00625829998170957,-0.29864018269210746,-0.29864018269210746,-8.045591445820893,,,,,,,,,,,
412__M_Left_middle_finger.BMP,Medium quality,0.35,Restoration/Deblurring,R1,Wiener deconvolution,grayscale,M1 candidate,True,uses known synthetic Gaussian PSF formula; no clean pixels used,0.008439588990882319,20.73678703058967,0.7331368261644412,0.5624552369117737,0.002190499973949045,0.31373829371845474,0.31373829371845474,-7.433212969410331,,,,,,,,,,,
412__M_Left_middle_finger.BMP,Medium quality,0.35,Restoration/Deblurring,R2,Richardson-Lucy deconvolution,grayscale,M1 candidate,True,uses known synthetic Gaussian PSF formula; 8 iterations,0.00866167790051251,20.623979702980442,0.7215246532875691,0.5471545457839966,0.018397299980279058,0.200930966109226,0.200930966109226,-7.54602029701956,,,,,,,,,,,
412__M_Left_middle_finger.BMP,Medium quality,0.35,Restoration/Deblurring,R3,Total variation restoration,grayscale,M1 candidate,True,TV Chambolle weight=0.045,0.01056868426072417,19.759790764460984,0.6632445069892665,0.6994279623031616,0.011678799986839294,-0.6632579724102321,-0.6632579724102321,-8.410209235539018,,,,,,,,,,,
412__M_Left_middle_finger.BMP,Medium quality,0.35,Restoration/Deblurring,R4,Tikhonov regularised inverse restoration,grayscale,M1 candidate,True,uses known synthetic Gaussian PSF formula; lambda=0.025,0.009113190334724528,20.403295591177752,0.716711704700849,0.577392578125,0.007155200000852346,-0.01975314569346409,-0.01975314569346409,-7.76670440882225,,,,,,,,,,,
412__M_Left_middle_finger.BMP,Medium quality,0.35,Restoration/Deblurring,R5,Edge-preserving restoration,grayscale,M1 candidate,True,TV followed by bilateral filter,0.010304238236841816,19.869841088594853,0.6637114139965801,0.675501823425293,0.12044119997881353,-0.5532076482763628,-0.5532076482763628,-8.300158911405148,,,,,,,,,,,
412__M_Left_middle_finger.BMP,Medium quality,0.35,Contrast Enhancement,C1,Global histogram equalisation,grayscale,M1 baseline candidate,True,global equalize_hist,0.01043530019434951,19.814950529833627,0.7236031471700719,0.5486096143722534,0.0033803999540396035,-0.6080982070375889,-0.6080982070375889,-8.355049470166374,,,,,,,,,,,
412__M_Left_middle_finger.BMP,Medium quality,0.35,Contrast Enhancement,C2,Adaptive histogram equalisation,grayscale,M1 baseline candidate,True,AHE-like un-clipped adaptive histogram equalisation,0.06829552440676219,11.6560775589583,0.5460832543199559,0.5277190208435059,0.006027499970514327,-8.766971177912916,-8.766971177912916,-16.5139224410417,,,,,,,,,,,
412__M_Left_middle_finger.BMP,Medium quality,0.35,Contrast Enhancement,C3,CLAHE,grayscale,M1 baseline candidate,True,clip_limit=0.025,0.06225500410720646,12.058257338900535,0.5514334962118628,0.528816819190979,0.006456999981310219,-8.36479139797068,-8.36479139797068,-16.111742661099466,,,,,,,,,,,
412__M_Left_middle_finger.BMP,Medium quality,0.35,Contrast Enhancement,C4,Contrast stretching,grayscale,M1 candidate,True,2nd to 98th percentile,0.006416961898980821,21.92670539345479,0.7347543940199851,0.5488759279251099,0.001115199993364513,1.5036566565835727,1.5036566565835727,-6.243294606545213,,,,,,,,,,,
412__M_Left_middle_finger.BMP,Medium quality,0.35,Contrast Enhancement,C5,Gamma correction,grayscale,M1 candidate,True,gamma=0.85,0.011591317625455748,19.358671934635566,0.6912793694480744,0.5428547859191895,0.0010087999980896711,-1.0643768022356497,-1.0643768022356497,-8.811328065364435,,,,,,,,,,,
412__M_Left_middle_finger.BMP,Medium quality,0.35,Contrast Enhancement,C6,Homomorphic filtering,grayscale,M1 candidate,True,log-domain high-frequency gain=0.70,0.015429855026978575,18.11638154382672,0.6278871473011652,0.5458600521087646,0.011592300026677549,-2.306667193044497,-2.306667193044497,-10.053618456173282,,,,,,,,,,,
412__M_Left_middle_finger.BMP,Medium quality,0.35,Fingerprint Ridge Enhancement,G1,Ordinary Gabor filter,grayscale,M2 baseline,True,"fixed frequency=0.115, 8 orientations",0.023129439025494514,16.3583490035029,0.6025667027773526,0.5781313180923462,1.0008550999918953,-4.064699733368315,-4.064699733368315,-11.8116509964971,,,,,,,,,,,
412__M_Left_middle_finger.BMP,Medium quality,0.35,Fingerprint Ridge Enhancement,G2,Literature-inspired Modified Gabor,grayscale,M2 literature technique,True,local orientation + local ridge frequency; exact article parameters unavailable,0.009939383991321198,20.026405308401216,0.7051619515375384,0.5551062226295471,2.0329848999972455,-0.39664342847,-0.39664342847,-8.143594691598786,,,,,,,,,,,
412__M_Left_middle_finger.BMP,Medium quality,0.35,Fingerprint Ridge Enhancement,G3,Adaptive local-orientation Gabor,grayscale,M2 candidate,True,"local orientation, fixed frequency",0.009825581607273294,20.07641732926733,0.7117986750343454,0.5631451606750488,0.49029099999461323,-0.346631407603887,-0.346631407603887,-8.093582670732673,,,,,,,,,,,
412__M_Left_middle_finger.BMP,Medium quality,0.35,Fingerprint Ridge Enhancement,G4,Adaptive orientation-frequency Gabor,grayscale,M2 candidate,True,local orientation + local frequency,0.010257281584922177,19.889677219821053,0.7042890632995907,0.5564427375793457,2.2131259000161663,-0.5333715170501634,-0.5333715170501634,-8.280322780178949,,,,,,,,,,,
412__M_Left_middle_finger.BMP,Medium quality,0.35,Fingerprint Ridge Enhancement,G5,Log-Gabor,grayscale,M2 candidate,True,local selection from log-Gabor frequency/orientation bank,0.013989903213815092,18.54185290072249,0.6529931612488636,0.533958911895752,0.3325784000335261,-1.881195836148727,-1.881195836148727,-9.628147099277513,,,,,,,,,,,
412__M_Left_middle_finger.BMP,Medium quality,0.35,Fingerprint Ridge Enhancement,G6,STFT contextual enhancement,grayscale,M2 candidate,True,"32px blocks, band-pass contextual filtering",0.019424336922254662,17.116537975422847,0.5236763055057194,0.47553959488868713,0.0614194999798201,-3.3065107614483686,-3.3065107614483686,-11.053462024577154,,,,,,,,,,,
412__M_Left_middle_finger.BMP,Medium quality,0.35,Fingerprint Ridge Enhancement,G7,Coherence-guided directional diffusion,grayscale,M2/M3 candidate,True,directional smoothing weighted by coherence,0.009383869110476784,20.276180585432215,0.70088324165198,0.572926938533783,0.3436339999898337,-0.14686815143900134,-0.14686815143900134,-7.893819414567787,,,,,,,,,,,
412__M_Left_middle_finger.BMP,Medium quality,0.35,Fingerprint Ridge Enhancement,G8,Directional oriented filter-bank,grayscale,M2 candidate,True,orientation-selected elongated Gaussian smoothing,0.00915611542126891,20.382887412809993,0.7045477887558651,0.5545873045921326,0.10790330002782866,-0.040161324061223524,-0.040161324061223524,-7.787112587190009,,,,,,,,,,,
412__M_Left_middle_finger.BMP,Medium quality,0.35,Segmentation,S1,Otsu thresholding,ridge map,M3 candidate,True,Binary/structural output; PSNR/MSE/SSIM intentionally not calculated,,,,,,,,,0.5652008056640625,107.0,99.0,0.9843416810035706,2.8886909100726226,7155.0,173.0,853.0,41.358381502890175,0.5703681707382202,
412__M_Left_middle_finger.BMP,Medium quality,0.35,Segmentation,S2,Adaptive/local Sauvola thresholding,ridge map,M3 candidate,True,Binary/structural output; PSNR/MSE/SSIM intentionally not calculated,,,,,,,,,0.2730255126953125,566.0,466.0,0.274464875459671,31.632481976191805,6620.0,879.0,793.0,7.531285551763368,0.6029657125473022,
412__M_Left_middle_finger.BMP,Medium quality,0.35,Segmentation,S3,Local variance foreground segmentation,foreground mask,M3 candidate,True,Binary/structural output; PSNR/MSE/SSIM intentionally not calculated,,,,,,,,,0.829437255859375,10.0,7.0,0.9915927648544312,0.1839655616468597,2368.0,30.0,61.0,78.93333333333334,0.5959851741790771,0.829437255859375
412__M_Left_middle_finger.BMP,Medium quality,0.35,Segmentation,S4,Coherence-based foreground segmentation,foreground mask,M3 candidate,True,Binary/structural output; PSNR/MSE/SSIM intentionally not calculated,,,,,,,,,0.7367401123046875,77.0,56.0,0.9727647304534912,1.5947642027214548,6075.0,177.0,321.0,34.32203389830509,0.6648073196411133,0.7367401123046875
412__M_Left_middle_finger.BMP,Medium quality,0.35,Segmentation,S5,Orientation-confidence segmentation,foreground mask,M3 candidate,True,Binary/structural output; PSNR/MSE/SSIM intentionally not calculated,,,,,,,,,0.4192657470703125,27.0,20.0,0.9757979512214661,0.982640026203734,3237.0,105.0,186.0,30.82857142857143,0.7121046781539917,0.4192657470703125
412__M_Left_middle_finger.BMP,Medium quality,0.35,Morphological Ridge Restoration,M3-1,Opening,ridge map,M3 candidate,True,Binary ridge restoration; PSNR/MSE/SSIM intentionally not calculated,,,,,,,,,0.210235595703125,175.0,80.0,0.3597038686275482,12.701408041805777,2393.0,297.0,17.0,8.057239057239057,0.616866409778595,
412__M_Left_middle_finger.BMP,Medium quality,0.35,Morphological Ridge Restoration,M3-2,Closing,ridge map,M3 candidate,True,Binary ridge restoration; PSNR/MSE/SSIM intentionally not calculated,,,,,,,,,0.241912841796875,78.0,1.0,0.3140532374382019,4.919894033051596,3319.0,226.0,71.0,14.685840707964601,0.6155291795730591,
412__M_Left_middle_finger.BMP,Medium quality,0.35,Morphological Ridge Restoration,M3-3,Opening + Closing,ridge map,M3 candidate,True,Binary ridge restoration; PSNR/MSE/SSIM intentionally not calculated,,,,,,,,,0.212615966796875,154.0,63.0,0.3556767702102661,11.052102770202383,2426.0,273.0,15.0,8.886446886446887,0.6164384484291077,
412__M_Left_middle_finger.BMP,Medium quality,0.35,Morphological Ridge Restoration,M3-4,Morphological reconstruction,ridge map,M3 candidate,True,Binary ridge restoration; PSNR/MSE/SSIM intentionally not calculated,,,,,,,,,0.2333831787109375,99.0,5.0,0.32487741112709045,6.472703497875123,3513.0,326.0,122.0,10.776073619631902,0.6168317794799805,
412__M_Left_middle_finger.BMP,Medium quality,0.35,Morphological Ridge Restoration,M3-5,Bridge / broken-ridge reconnection,ridge map,M3 candidate,True,Binary ridge restoration; PSNR/MSE/SSIM intentionally not calculated,,,,,,,,,0.152679443359375,76.0,4.0,0.15290825068950653,7.595442734359384,3229.0,199.0,58.0,16.22613065326633,0.6344882845878601,
412__M_Left_middle_finger.BMP,Medium quality,0.35,Morphological Ridge Restoration,M3-6,Remove small objects / isolated noise,ridge map,M3 candidate,True,Binary ridge restoration; PSNR/MSE/SSIM intentionally not calculated,,,,,,,,,0.226593017578125,82.0,0.0,0.33461278676986694,5.521885521885522,3353.0,286.0,116.0,11.723776223776223,0.61859130859375,
412__M_Left_middle_finger.BMP,Medium quality,0.35,Morphological Ridge Restoration,M3-7,Spur cleanup,ridge map,M3 candidate,True,Binary ridge restoration; PSNR/MSE/SSIM intentionally not calculated,,,,,,,,,0.133697509765625,98.0,25.0,0.18020999431610107,11.184661036293083,2753.0,215.0,30.0,12.804651162790698,0.6495781540870667,
412__M_Left_middle_finger.BMP,Medium quality,0.35,Morphological Ridge Restoration,M3-8,Controlled ridge-restoration pipeline,ridge map,M3 candidate,True,Binary ridge restoration; PSNR/MSE/SSIM intentionally not calculated,,,,,,,,,0.1388092041015625,69.0,3.0,0.16785754263401031,7.584918104869738,2923.0,169.0,38.0,17.29585798816568,0.6431650519371033,
412__M_Left_middle_finger.BMP,Medium quality,0.35,Thinning / Feature Extraction,T1,Standard skeletonisation,skeleton,M4 candidate,True,"Skeleton/feature output; counts are detections, not ground-truth accuracy",,,,,,,,,0.0446014404296875,69.0,42.0,0.17447827756404877,23.605884365378035,2923.0,169.0,38.0,17.29585798816568,0.6512100100517273,
412__M_Left_middle_finger.BMP,Medium quality,0.35,Thinning / Feature Extraction,T2,Zhang-Suen thinning,skeleton,M4 candidate,True,"Skeleton/feature output; counts are detections, not ground-truth accuracy",,,,,,,,,0.0471038818359375,69.0,39.0,0.16618075966835022,22.35179786200194,2847.0,166.0,35.0,17.150602409638555,0.6528802514076233,
412__M_Left_middle_finger.BMP,Medium quality,0.35,Thinning / Feature Extraction,T3,Guo-Hall thinning,skeleton,M4 candidate,True,"Skeleton/feature output; counts are detections, not ground-truth accuracy",,,,,,,,,0.0460662841796875,69.0,40.0,0.16959257423877716,22.855250082808876,2999.0,174.0,43.0,17.235632183908045,0.6472952961921692,
412__M_Left_middle_finger.BMP,Medium quality,0.35,Thinning / Feature Extraction,T4,Morphological skeleton / medial axis,skeleton,M4 candidate,True,"Skeleton/feature output; counts are detections, not ground-truth accuracy",,,,,,,,,0.048187255859375,69.0,36.0,0.1624445915222168,21.849271690943635,3158.0,197.0,68.0,16.03045685279188,0.6436657905578613,
480__M_Right_thumb_finger.BMP,Medium quality,0.55,Control,CONTROL-DEGRADED,Degraded Input,grayscale,"Input condition/control, not a technique",False,"Input condition/control, not a technique",0.028699726523408173,15.42122241591465,0.5122240778470925,0.4813656508922577,0.0,0.0,0.0,-12.748777584085351,,,,,,,,,,,
480__M_Right_thumb_finger.BMP,Medium quality,0.55,Control,CONTROL-P0,Common Preprocessed Input P0,grayscale,"Common preprocessing control, not a member technique",False,"Common preprocessing control, not a member technique",0.028699726523408173,15.42122241591465,0.5122240778470925,0.4813656508922577,0.0,0.0,0.0,-12.748777584085351,,,,,,,,,,,
480__M_Right_thumb_finger.BMP,Medium quality,0.55,Denoising,D1,Gaussian filtering,grayscale,M1 candidate,True,sigma=0.65,0.028655573759969816,15.427908914011649,0.529032829062196,0.5675774812698364,0.000839299988001585,0.0066864980969985055,0.0066864980969985055,-12.742091085988353,,,,,,,,,,,
480__M_Right_thumb_finger.BMP,Medium quality,0.55,Denoising,D2,Median filtering,grayscale,M1 candidate,True,3x3 median,0.029250828167445786,15.338618333951285,0.5170714928689432,0.5990376472473145,0.007737600011751056,-0.08260408196336577,-0.08260408196336577,-12.831381666048717,,,,,,,,,,,
480__M_Right_thumb_finger.BMP,Medium quality,0.55,Denoising,D3,Bilateral filtering,grayscale,M1 candidate,True,"sigma_color=0.035, sigma_spatial=2.0",0.02979680667218594,15.258302768284448,0.49246357233965093,0.4917033314704895,0.12005050003062934,-0.1629196476302024,-0.1629196476302024,-12.911697231715554,,,,,,,,,,,
480__M_Right_thumb_finger.BMP,Medium quality,0.55,Denoising,D4,Non-local means,grayscale,M1 candidate,True,"patch_size=3, patch_distance=5, h=0.055",0.03176921449865768,14.979935230738858,0.46177433220284725,0.5646637678146362,0.05170529999304563,-0.441287185175792,-0.441287185175792,-13.190064769261143,,,,,,,,,,,
480__M_Right_thumb_finger.BMP,Medium quality,0.55,Denoising,D5,Wiener noise filtering,grayscale,M1 candidate,True,local window=5,0.034556221440677465,14.614737516439039,0.4130304692858239,0.6118782162666321,0.004158099996857345,-0.8064848994756115,-0.8064848994756115,-13.555262483560963,,,,,,,,,,,
480__M_Right_thumb_finger.BMP,Medium quality,0.55,Denoising,D6,Wavelet denoising,grayscale,M1 candidate,True,db2 level=2 shrinkage,0.028765424206706195,15.411292170053079,0.5153757750359159,0.5322892069816589,0.0032894000178202987,-0.009930245861571763,-0.009930245861571763,-12.758707829946923,,,,,,,,,,,
480__M_Right_thumb_finger.BMP,Medium quality,0.55,Denoising,D7,Anisotropic diffusion,grayscale,M1 candidate,True,Perona-Malik style fixed parameters,0.029942102225752956,15.237177112410201,0.5112431373814554,0.5768752694129944,0.006222900003194809,-0.18404530350444936,-0.18404530350444936,-12.9328228875898,,,,,,,,,,,
480__M_Right_thumb_finger.BMP,Medium quality,0.55,Restoration/Deblurring,R1,Wiener deconvolution,grayscale,M1 candidate,True,uses known synthetic Gaussian PSF formula; no clean pixels used,0.026720488137116447,15.731556123147675,0.5500364851517571,0.514381468296051,0.00208170001860708,0.3103337072330241,0.3103337072330241,-12.438443876852327,,,,,,,,,,,
480__M_Right_thumb_finger.BMP,Medium quality,0.55,Restoration/Deblurring,R2,Richardson-Lucy deconvolution,grayscale,M1 candidate,True,uses known synthetic Gaussian PSF formula; 8 iterations,0.027367337637756325,15.62767449775511,0.5379800668021901,0.5019329786300659,0.017720700008794665,0.20645208184046027,0.20645208184046027,-12.542325502244891,,,,,,,,,,,
480__M_Right_thumb_finger.BMP,Medium quality,0.55,Restoration/Deblurring,R3,Total variation restoration,grayscale,M1 candidate,True,TV Chambolle weight=0.045,0.030339912515578535,15.179856758253685,0.503367122783328,0.5924209952354431,0.002300499996636063,-0.24136565766096574,-0.24136565766096574,-12.990143241746317,,,,,,,,,,,
480__M_Right_thumb_finger.BMP,Medium quality,0.55,Restoration/Deblurring,R4,Tikhonov regularised inverse restoration,grayscale,M1 candidate,True,uses known synthetic Gaussian PSF formula; lambda=0.025,0.028252460679615583,15.489437208342991,0.5232165330463581,0.5022053122520447,0.009386299992911518,0.06821479242834094,0.06821479242834094,-12.68056279165701,,,,,,,,,,,
480__M_Right_thumb_finger.BMP,Medium quality,0.55,Restoration/Deblurring,R5,Edge-preserving restoration,grayscale,M1 candidate,True,TV followed by bilateral filter,0.03015808739637585,15.205962045641519,0.5048055143002411,0.5701825618743896,0.12220619997242466,-0.21526037027313194,-0.21526037027313194,-12.964037954358483,,,,,,,,,,,
480__M_Right_thumb_finger.BMP,Medium quality,0.55,Contrast Enhancement,C1,Global histogram equalisation,grayscale,M1 baseline candidate,True,global equalize_hist,0.024477038720828827,16.11241125129243,0.6100403312497844,0.4880130887031555,0.0033177000004798174,0.691188835377778,0.691188835377778,-12.057588748707573,,,,,,,,,,,
480__M_Right_thumb_finger.BMP,Medium quality,0.55,Contrast Enhancement,C2,Adaptive histogram equalisation,grayscale,M1 baseline candidate,True,AHE-like un-clipped adaptive histogram equalisation,0.0932606561824268,10.303015331727071,0.5337817053131433,0.4869823157787323,0.005564799997955561,-5.1182070841875795,-5.1182070841875795,-17.86698466827293,,,,,,,,,,,
480__M_Right_thumb_finger.BMP,Medium quality,0.55,Contrast Enhancement,C3,CLAHE,grayscale,M1 baseline candidate,True,clip_limit=0.025,0.0915686575406879,10.382531528214642,0.5347865252199484,0.4871522784233093,0.0059016000013798475,-5.0386908877000085,-5.0386908877000085,-17.78746847178536,,,,,,,,,,,
480__M_Right_thumb_finger.BMP,Medium quality,0.55,Contrast Enhancement,C4,Contrast stretching,grayscale,M1 candidate,True,2nd to 98th percentile,0.019108895085116425,17.1876442400254,0.596538309490612,0.48713448643684387,0.0013261999702081084,1.7664218241107488,1.7664218241107488,-10.982355759974602,,,,,,,,,,,
480__M_Right_thumb_finger.BMP,Medium quality,0.55,Contrast Enhancement,C5,Gamma correction,grayscale,M1 candidate,True,gamma=0.85,0.035648113142189276,14.47963452449473,0.4901538019344121,0.4797779321670532,0.000923600047826767,-0.9415878914199212,-0.9415878914199212,-13.690365475505272,,,,,,,,,,,
480__M_Right_thumb_finger.BMP,Medium quality,0.55,Contrast Enhancement,C6,Homomorphic filtering,grayscale,M1 candidate,True,log-domain high-frequency gain=0.70,0.03624936048572033,14.406996508853371,0.4237485441181699,0.4822545647621155,0.009313799964729697,-1.0142259070612791,-1.0142259070612791,-13.76300349114663,,,,,,,,,,,
480__M_Right_thumb_finger.BMP,Medium quality,0.55,Fingerprint Ridge Enhancement,G1,Ordinary Gabor filter,grayscale,M2 baseline,True,"fixed frequency=0.115, 8 orientations",0.06022485023386514,12.202242713244189,0.39977811075995173,0.5003926157951355,0.9965115000377409,-3.2189797026704614,-3.2189797026704614,-15.967757286755813,,,,,,,,,,,
480__M_Right_thumb_finger.BMP,Medium quality,0.55,Fingerprint Ridge Enhancement,G2,Literature-inspired Modified Gabor,grayscale,M2 literature technique,True,local orientation + local ridge frequency; exact article parameters unavailable,0.029365253987369912,15.321662384840176,0.5115712725794681,0.4762711226940155,2.031746499997098,-0.09956003107447486,-0.09956003107447486,-12.848337615159826,,,,,,,,,,,
480__M_Right_thumb_finger.BMP,Medium quality,0.55,Fingerprint Ridge Enhancement,G3,Adaptive local-orientation Gabor,grayscale,M2 candidate,True,"local orientation, fixed frequency",0.029357915037509334,15.322747907129566,0.5151916007518964,0.4746243357658386,0.4721216000034474,-0.09847450878508468,-0.09847450878508468,-12.847252092870436,,,,,,,,,,,
480__M_Right_thumb_finger.BMP,Medium quality,0.55,Fingerprint Ridge Enhancement,G4,Adaptive orientation-frequency Gabor,grayscale,M2 candidate,True,local orientation + local frequency,0.029564425839257044,15.292305508696344,0.5109353410862929,0.4741654694080353,2.038883499975782,-0.12891690721830606,-0.12891690721830606,-12.877694491303657,,,,,,,,,,,
480__M_Right_thumb_finger.BMP,Medium quality,0.55,Fingerprint Ridge Enhancement,G5,Log-Gabor,grayscale,M2 candidate,True,local selection from log-Gabor frequency/orientation bank,0.03689624121590865,14.330178750967015,0.458098259752854,0.4718018174171448,0.32876599999144673,-1.0910436649476356,-1.0910436649476356,-13.839821249032987,,,,,,,,,,,
480__M_Right_thumb_finger.BMP,Medium quality,0.55,Fingerprint Ridge Enhancement,G6,STFT contextual enhancement,grayscale,M2 candidate,True,"32px blocks, band-pass contextual filtering",0.046661005766832415,13.31045904327568,0.33811773951242596,0.4223781228065491,0.060943300020881,-2.1107633726389707,-2.1107633726389707,-14.859540956724322,,,,,,,,,,,
480__M_Right_thumb_finger.BMP,Medium quality,0.55,Fingerprint Ridge Enhancement,G7,Coherence-guided directional diffusion,grayscale,M2/M3 candidate,True,directional smoothing weighted by coherence,0.028916131282373123,15.38859812176528,0.5056757428827188,0.5205416083335876,0.3445254999678582,-0.03262429414936996,-0.03262429414936996,-12.781401878234721,,,,,,,,,,,
480__M_Right_thumb_finger.BMP,Medium quality,0.55,Fingerprint Ridge Enhancement,G8,Directional oriented filter-bank,grayscale,M2 candidate,True,orientation-selected elongated Gaussian smoothing,0.028727120831936438,15.417078988761775,0.5103893969402977,0.497557133436203,0.10584159998688847,-0.004143427152875745,-0.004143427152875745,-12.752921011238227,,,,,,,,,,,
480__M_Right_thumb_finger.BMP,Medium quality,0.55,Segmentation,S1,Otsu thresholding,ridge map,M3 candidate,True,Binary/structural output; PSNR/MSE/SSIM intentionally not calculated,,,,,,,,,0.624786376953125,252.0,226.0,0.9260001182556152,6.154447320861623,8192.0,279.0,1144.0,29.36200716845878,0.4675005376338959,
480__M_Right_thumb_finger.BMP,Medium quality,0.55,Segmentation,S2,Adaptive/local Sauvola thresholding,ridge map,M3 candidate,True,Binary/structural output; PSNR/MSE/SSIM intentionally not calculated,,,,,,,,,0.3098297119140625,713.0,555.0,0.1098744124174118,35.11450381679389,9896.0,1185.0,1232.0,8.351054852320676,0.5015271902084351,
480__M_Right_thumb_finger.BMP,Medium quality,0.55,Segmentation,S3,Local variance foreground segmentation,foreground mask,M3 candidate,True,Binary/structural output; PSNR/MSE/SSIM intentionally not calculated,,,,,,,,,0.9033660888671875,4.0,1.0,0.9900680780410767,0.06756414370893367,2068.0,17.0,46.0,121.6470588235294,0.5029953122138977,0.9009957282030794
480__M_Right_thumb_finger.BMP,Medium quality,0.55,Segmentation,S4,Coherence-based foreground segmentation,foreground mask,M3 candidate,True,Binary/structural output; PSNR/MSE/SSIM intentionally not calculated,,,,,,,,,0.6497650146484375,151.0,116.0,0.9444848895072937,3.5460160157809457,5798.0,286.0,315.0,20.272727272727273,0.6227399706840515,0.6572219987001331
480__M_Right_thumb_finger.BMP,Medium quality,0.55,Segmentation,S5,Orientation-confidence segmentation,foreground mask,M3 candidate,True,Binary/structural output; PSNR/MSE/SSIM intentionally not calculated,,,,,,,,,0.4088592529296875,73.0,61.0,0.9222242832183838,2.724388878522112,3615.0,187.0,213.0,19.331550802139038,0.64239102602005,0.4153619593861417
480__M_Right_thumb_finger.BMP,Medium quality,0.55,Morphological Ridge Restoration,M3-1,Opening,ridge map,M3 candidate,True,Binary ridge restoration; PSNR/MSE/SSIM intentionally not calculated,,,,,,,,,0.223602294921875,254.0,102.0,0.15934215486049652,17.333151357990992,3064.0,469.0,21.0,6.533049040511727,0.5381263494491577,
480__M_Right_thumb_finger.BMP,Medium quality,0.55,Morphological Ridge Restoration,M3-2,Closing,ridge map,M3 candidate,True,Binary ridge restoration; PSNR/MSE/SSIM intentionally not calculated,,,,,,,,,0.269927978515625,147.0,2.0,0.1366308629512787,8.309779536461276,4303.0,394.0,109.0,10.921319796954315,0.5210656523704529,
480__M_Right_thumb_finger.BMP,Medium quality,0.55,Morphological Ridge Restoration,M3-3,Opening + Closing,ridge map,M3 candidate,True,Binary ridge restoration; PSNR/MSE/SSIM intentionally not calculated,,,,,,,,,0.2263946533203125,227.0,82.0,0.158253014087677,15.299588865673654,3084.0,427.0,26.0,7.22248243559719,0.5364687442779541,
480__M_Right_thumb_finger.BMP,Medium quality,0.55,Morphological Ridge Restoration,M3-4,Morphological reconstruction,ridge map,M3 candidate,True,Binary ridge restoration; PSNR/MSE/SSIM intentionally not calculated,,,,,,,,,0.256439208984375,169.0,4.0,0.14137807488441467,10.055932405093419,4773.0,571.0,219.0,8.359019264448337,0.5274025797843933,
480__M_Right_thumb_finger.BMP,Medium quality,0.55,Morphological Ridge Restoration,M3-5,Bridge / broken-ridge reconnection,ridge map,M3 candidate,True,Binary ridge restoration; PSNR/MSE/SSIM intentionally not calculated,,,,,,,,,0.1983642578125,143.0,10.0,0.0670769214630127,11.0,4150.0,355.0,87.0,11.690140845070422,0.526003897190094,
480__M_Right_thumb_finger.BMP,Medium quality,0.55,Morphological Ridge Restoration,M3-6,Remove small objects / isolated noise,ridge map,M3 candidate,True,Binary ridge restoration; PSNR/MSE/SSIM intentionally not calculated,,,,,,,,,0.2458038330078125,144.0,0.0,0.14749519526958466,8.939102365137499,4509.0,506.0,204.0,8.911067193675889,0.5314491987228394,
480__M_Right_thumb_finger.BMP,Medium quality,0.55,Morphological Ridge Restoration,M3-7,Spur cleanup,ridge map,M3 candidate,True,Binary ridge restoration; PSNR/MSE/SSIM intentionally not calculated,,,,,,,,,0.1701812744140625,166.0,39.0,0.08150273561477661,14.883887743208104,3421.0,338.0,31.0,10.121301775147929,0.5349255204200745,
480__M_Right_thumb_finger.BMP,Medium quality,0.55,Morphological Ridge Restoration,M3-8,Controlled ridge-restoration pipeline,ridge map,M3 candidate,True,Binary ridge restoration; PSNR/MSE/SSIM intentionally not calculated,,,,,,,,,0.1750946044921875,128.0,8.0,0.07468409836292267,11.154684095860567,3653.0,297.0,51.0,12.2996632996633,0.5335884690284729,
480__M_Right_thumb_finger.BMP,Medium quality,0.55,Thinning / Feature Extraction,T1,Standard skeletonisation,skeleton,M4 candidate,True,"Skeleton/feature output; counts are detections, not ground-truth accuracy",,,,,,,,,0.0557403564453125,128.0,71.0,0.07829181849956512,35.03969340268273,3653.0,297.0,51.0,12.2996632996633,0.5316442251205444,
480__M_Right_thumb_finger.BMP,Medium quality,0.55,Thinning / Feature Extraction,T2,Zhang-Suen thinning,skeleton,M4 candidate,True,"Skeleton/feature output; counts are detections, not ground-truth accuracy",,,,,,,,,0.0569610595703125,128.0,70.0,0.07447093725204468,34.288775783552104,3495.0,293.0,47.0,11.928327645051194,0.529908299446106,
480__M_Right_thumb_finger.BMP,Medium quality,0.55,Thinning / Feature Extraction,T3,Guo-Hall thinning,skeleton,M4 candidate,True,"Skeleton/feature output; counts are detections, not ground-truth accuracy",,,,,,,,,0.0589141845703125,128.0,64.0,0.07303807139396667,33.15203315203315,3827.0,314.0,69.0,12.187898089171975,0.525672972202301,
480__M_Right_thumb_finger.BMP,Medium quality,0.55,Thinning / Feature Extraction,T4,Morphological skeleton / medial axis,skeleton,M4 candidate,True,"Skeleton/feature output; counts are detections, not ground-truth accuracy",,,,,,,,,0.0622100830078125,128.0,58.0,0.07186657190322876,31.39563404464067,4077.0,347.0,100.0,11.749279538904899,0.5226010680198669,
514__F_Left_middle_finger.BMP,Medium quality,0.75,Control,CONTROL-DEGRADED,Degraded Input,grayscale,"Input condition/control, not a technique",False,"Input condition/control, not a technique",0.044556419395196015,13.510897168331795,0.3285024152864841,0.3337242603302002,0.0,0.0,0.0,-14.659102831668207,,,,,,,,,,,
514__F_Left_middle_finger.BMP,Medium quality,0.75,Control,CONTROL-P0,Common Preprocessed Input P0,grayscale,"Common preprocessing control, not a member technique",False,"Common preprocessing control, not a member technique",0.044556419395196015,13.510897168331795,0.3285024152864841,0.3337242603302002,0.0,0.0,0.0,-14.659102831668207,,,,,,,,,,,
514__F_Left_middle_finger.BMP,Medium quality,0.75,Denoising,D1,Gaussian filtering,grayscale,M1 candidate,True,sigma=0.65,0.04241614056655288,13.724688503621818,0.41074195425605287,0.45868873596191406,0.0008154999813996255,0.2137913352900238,0.2137913352900238,-14.445311496378183,,,,,,,,,,,
514__F_Left_middle_finger.BMP,Medium quality,0.75,Denoising,D2,Median filtering,grayscale,M1 candidate,True,3x3 median,0.04266480516623698,13.699302332827514,0.4135354795054701,0.5183311700820923,0.008328199968673289,0.18840516449571965,0.18840516449571965,-14.470697667172487,,,,,,,,,,,
514__F_Left_middle_finger.BMP,Medium quality,0.75,Denoising,D3,Bilateral filtering,grayscale,M1 candidate,True,"sigma_color=0.035, sigma_spatial=2.0",0.04506066276654725,13.462024248239622,0.3232655101607582,0.3328425884246826,0.12032360001467168,-0.04887292009217248,-0.04887292009217248,-14.70797575176038,,,,,,,,,,,
514__F_Left_middle_finger.BMP,Medium quality,0.75,Denoising,D4,Non-local means,grayscale,M1 candidate,True,"patch_size=3, patch_distance=5, h=0.055",0.045596196766105775,13.410713808526234,0.3715558547005876,0.42110487818717957,0.0503995000035502,-0.10018335980556081,-0.10018335980556081,-14.759286191473768,,,,,,,,,,,
514__F_Left_middle_finger.BMP,Medium quality,0.75,Denoising,D5,Wiener noise filtering,grayscale,M1 candidate,True,local window=5,0.04509261043333302,13.458946224451228,0.39659417773301436,0.562272310256958,0.004437699972186238,-0.051950943880566314,-0.051950943880566314,-14.711053775548773,,,,,,,,,,,
514__F_Left_middle_finger.BMP,Medium quality,0.75,Denoising,D6,Wavelet denoising,grayscale,M1 candidate,True,db2 level=2 shrinkage,0.043583893634400184,13.606739739888232,0.35655556219380075,0.3963419795036316,0.0029316999716684222,0.09584257155643705,0.09584257155643705,-14.56326026011177,,,,,,,,,,,
514__F_Left_middle_finger.BMP,Medium quality,0.75,Denoising,D7,Anisotropic diffusion,grayscale,M1 candidate,True,Perona-Malik style fixed parameters,0.04362930296687824,13.602217253596528,0.3966002584775089,0.4407353103160858,0.006740099983289838,0.09132008526473356,0.09132008526473356,-14.567782746403473,,,,,,,,,,,
514__F_Left_middle_finger.BMP,Medium quality,0.75,Restoration/Deblurring,R1,Wiener deconvolution,grayscale,M1 candidate,True,uses known synthetic Gaussian PSF formula; no clean pixels used,0.042408422920845144,13.72547877729152,0.37211069569522676,0.382784903049469,0.0020631999941542745,0.2145816089597261,0.2145816089597261,-14.444521222708481,,,,,,,,,,,
514__F_Left_middle_finger.BMP,Medium quality,0.75,Restoration/Deblurring,R2,Richardson-Lucy deconvolution,grayscale,M1 candidate,True,uses known synthetic Gaussian PSF formula; 8 iterations,0.04333912151884102,13.631198960477297,0.3528659912750574,0.36275720596313477,0.018193399999290705,0.12030179214550252,0.12030179214550252,-14.538801039522705,,,,,,,,,,,
514__F_Left_middle_finger.BMP,Medium quality,0.75,Restoration/Deblurring,R3,Total variation restoration,grayscale,M1 candidate,True,TV Chambolle weight=0.045,0.04470126106088963,13.496802248756588,0.41305953083314295,0.5378293395042419,0.011920699966140091,-0.014094919575207143,-0.014094919575207143,-14.673197751243414,,,,,,,,,,,
514__F_Left_middle_finger.BMP,Medium quality,0.75,Restoration/Deblurring,R4,Tikhonov regularised inverse restoration,grayscale,M1 candidate,True,uses known synthetic Gaussian PSF formula; lambda=0.025,0.04376856422478143,13.588376996624618,0.3479411945528122,0.36084336042404175,0.007844500010833144,0.07747982829282307,0.07747982829282307,-14.581623003375384,,,,,,,,,,,
514__F_Left_middle_finger.BMP,Medium quality,0.75,Restoration/Deblurring,R5,Edge-preserving restoration,grayscale,M1 candidate,True,TV followed by bilateral filter,0.04495347969805826,13.472366853506658,0.4060509296288359,0.4631899893283844,0.11539920000359416,-0.03853031482513636,-0.03853031482513636,-14.697633146493343,,,,,,,,,,,
514__F_Left_middle_finger.BMP,Medium quality,0.75,Contrast Enhancement,C1,Global histogram equalisation,grayscale,M1 baseline candidate,True,global equalize_hist,0.028472750819417997,15.455705726148166,0.42025724391765695,0.3429292142391205,0.0033570000086911023,1.944808557816371,1.944808557816371,-12.714294273851836,,,,,,,,,,,
514__F_Left_middle_finger.BMP,Medium quality,0.75,Contrast Enhancement,C2,Adaptive histogram equalisation,grayscale,M1 baseline candidate,True,AHE-like un-clipped adaptive histogram equalisation,0.11734701325606016,9.305279596906054,0.32824861537745464,0.34118515253067017,0.005695600004401058,-4.205617571425741,-4.205617571425741,-18.864720403093948,,,,,,,,,,,
514__F_Left_middle_finger.BMP,Medium quality,0.75,Contrast Enhancement,C3,CLAHE,grayscale,M1 baseline candidate,True,clip_limit=0.025,0.1150540832668601,9.390979636203078,0.32929890592914113,0.3410833179950714,0.0057339000049978495,-4.119917532128717,-4.119917532128717,-18.779020363796924,,,,,,,,,,,
514__F_Left_middle_finger.BMP,Medium quality,0.75,Contrast Enhancement,C4,Contrast stretching,grayscale,M1 candidate,True,2nd to 98th percentile,0.03429535551655203,14.647646907475707,0.3807941991640539,0.33932986855506897,0.0010306999902240932,1.1367497391439123,1.1367497391439123,-13.522353092524295,,,,,,,,,,,
514__F_Left_middle_finger.BMP,Medium quality,0.75,Contrast Enhancement,C5,Gamma correction,grayscale,M1 candidate,True,gamma=0.85,0.04907222993977666,13.091642063652127,0.32278296993294286,0.33233827352523804,0.0010022000060416758,-0.4192551046796673,-0.4192551046796673,-15.078357936347874,,,,,,,,,,,
514__F_Left_middle_finger.BMP,Medium quality,0.75,Contrast Enhancement,C6,Homomorphic filtering,grayscale,M1 candidate,True,log-domain high-frequency gain=0.70,0.05036510697576795,12.978702392682393,0.30004688394582235,0.33569228649139404,0.009456300002057105,-0.5321947756494012,-0.5321947756494012,-15.191297607317608,,,,,,,,,,,
514__F_Left_middle_finger.BMP,Medium quality,0.75,Fingerprint Ridge Enhancement,G1,Ordinary Gabor filter,grayscale,M2 baseline,True,"fixed frequency=0.115, 8 orientations",0.05596869679105535,12.520548053505982,0.301971436147292,0.36700916290283203,1.0539139999891631,-0.990349114825813,-0.990349114825813,-15.64945194649402,,,,,,,,,,,
514__F_Left_middle_finger.BMP,Medium quality,0.75,Fingerprint Ridge Enhancement,G2,Literature-inspired Modified Gabor,grayscale,M2 literature technique,True,local orientation + local ridge frequency; exact article parameters unavailable,0.04383560904225202,13.581729550762958,0.34151005285167635,0.3529403507709503,2.0553352999850176,0.07083238243116341,0.07083238243116341,-14.588270449237044,,,,,,,,,,,
514__F_Left_middle_finger.BMP,Medium quality,0.75,Fingerprint Ridge Enhancement,G3,Adaptive local-orientation Gabor,grayscale,M2 candidate,True,"local orientation, fixed frequency",0.04253399130258114,13.71263862069549,0.3579946374246585,0.370769202709198,0.4666338000097312,0.20174145236369512,0.20174145236369512,-14.457361379304512,,,,,,,,,,,
514__F_Left_middle_finger.BMP,Medium quality,0.75,Fingerprint Ridge Enhancement,G4,Adaptive orientation-frequency Gabor,grayscale,M2 candidate,True,local orientation + local frequency,0.04370147848913053,13.595038699218161,0.3442270276206399,0.35690921545028687,2.1827507999842055,0.08414153088636667,0.08414153088636667,-14.57496130078184,,,,,,,,,,,
514__F_Left_middle_finger.BMP,Medium quality,0.75,Fingerprint Ridge Enhancement,G5,Log-Gabor,grayscale,M2 candidate,True,local selection from log-Gabor frequency/orientation bank,0.04933994068361185,13.068013769540157,0.30245716989226507,0.3321376144886017,0.32615189999341965,-0.44288339879163807,-0.44288339879163807,-15.101986230459845,,,,,,,,,,,
514__F_Left_middle_finger.BMP,Medium quality,0.75,Fingerprint Ridge Enhancement,G6,STFT contextual enhancement,grayscale,M2 candidate,True,"32px blocks, band-pass contextual filtering",0.059432386348076724,12.25976831461547,0.24028847371775772,0.3026680052280426,0.06232759996782988,-1.2511288537163239,-1.2511288537163239,-15.910231685384531,,,,,,,,,,,
514__F_Left_middle_finger.BMP,Medium quality,0.75,Fingerprint Ridge Enhancement,G7,Coherence-guided directional diffusion,grayscale,M2/M3 candidate,True,directional smoothing weighted by coherence,0.04424047206365494,13.541802475815985,0.3308391636152849,0.35749518871307373,0.33771719998912886,0.030905307484189848,0.030905307484189848,-14.628197524184017,,,,,,,,,,,
514__F_Left_middle_finger.BMP,Medium quality,0.75,Fingerprint Ridge Enhancement,G8,Directional oriented filter-bank,grayscale,M2 candidate,True,orientation-selected elongated Gaussian smoothing,0.04435822111869246,13.530258785243749,0.33061317713460603,0.3434714376926422,0.10625080001773313,0.01936161691195437,0.01936161691195437,-14.639741214756253,,,,,,,,,,,
514__F_Left_middle_finger.BMP,Medium quality,0.75,Segmentation,S1,Otsu thresholding,ridge map,M3 candidate,True,Binary/structural output; PSNR/MSE/SSIM intentionally not calculated,,,,,,,,,0.5790252685546875,369.0,359.0,0.970353364944458,9.724088860779508,9119.0,428.0,1516.0,21.30607476635514,0.36577969789505005,
514__F_Left_middle_finger.BMP,Medium quality,0.75,Segmentation,S2,Adaptive/local Sauvola thresholding,ridge map,M3 candidate,True,Binary/structural output; PSNR/MSE/SSIM intentionally not calculated,,,,,,,,,0.2238922119140625,1521.0,1407.0,0.18482927978038788,103.6597832754038,9502.0,1549.0,1131.0,6.134280180761782,0.3683178722858429,
514__F_Left_middle_finger.BMP,Medium quality,0.75,Segmentation,S3,Local variance foreground segmentation,foreground mask,M3 candidate,True,Binary/structural output; PSNR/MSE/SSIM intentionally not calculated,,,,,,,,,0.99688720703125,1.0,0.0,1.0,0.015306434825200516,588.0,1.0,3.0,588.0,0.33369767665863037,0.99688720703125
514__F_Left_middle_finger.BMP,Medium quality,0.75,Segmentation,S4,Coherence-based foreground segmentation,foreground mask,M3 candidate,True,Binary/structural output; PSNR/MSE/SSIM intentionally not calculated,,,,,,,,,0.4205169677734375,252.0,173.0,0.37280017137527466,9.144018288036575,4792.0,462.0,218.0,10.372294372294371,0.5117619633674622,0.4205169677734375
514__F_Left_middle_finger.BMP,Medium quality,0.75,Segmentation,S5,Orientation-confidence segmentation,foreground mask,M3 candidate,True,Binary/structural output; PSNR/MSE/SSIM intentionally not calculated,,,,,,,,,0.336029052734375,127.0,97.0,0.46008536219596863,5.7669603124148585,4202.0,285.0,254.0,14.743859649122808,0.4845794439315796,0.336029052734375
514__F_Left_middle_finger.BMP,Medium quality,0.75,Morphological Ridge Restoration,M3-1,Opening,ridge map,M3 candidate,True,Binary ridge restoration; PSNR/MSE/SSIM intentionally not calculated,,,,,,,,,0.121185302734375,107.0,52.0,0.34739360213279724,13.472676907579954,1352.0,167.0,7.0,8.095808383233534,0.39472153782844543,
514__F_Left_middle_finger.BMP,Medium quality,0.75,Morphological Ridge Restoration,M3-2,Closing,ridge map,M3 candidate,True,Binary ridge restoration; PSNR/MSE/SSIM intentionally not calculated,,,,,,,,,0.1486968994140625,75.0,1.0,0.29256027936935425,7.696254489481786,2008.0,194.0,52.0,10.350515463917526,0.39721542596817017,
514__F_Left_middle_finger.BMP,Medium quality,0.75,Morphological Ridge Restoration,M3-3,Opening + Closing,ridge map,M3 candidate,True,Binary ridge restoration; PSNR/MSE/SSIM intentionally not calculated,,,,,,,,,0.1229095458984375,97.0,41.0,0.3432650566101074,12.042209807572936,1341.0,153.0,4.0,8.764705882352942,0.39409059286117554,
514__F_Left_middle_finger.BMP,Medium quality,0.75,Morphological Ridge Restoration,M3-4,Morphological reconstruction,ridge map,M3 candidate,True,Binary ridge restoration; PSNR/MSE/SSIM intentionally not calculated,,,,,,,,,0.139739990234375,77.0,3.0,0.3066171705722809,8.407949333915703,2426.0,291.0,118.0,8.336769759450172,0.3972558379173279,
514__F_Left_middle_finger.BMP,Medium quality,0.75,Morphological Ridge Restoration,M3-5,Bridge / broken-ridge reconnection,ridge map,M3 candidate,True,Binary ridge restoration; PSNR/MSE/SSIM intentionally not calculated,,,,,,,,,0.092437744140625,74.0,4.0,0.14790359139442444,12.215252558600199,1920.0,174.0,38.0,11.03448275862069,0.3677322566509247,
514__F_Left_middle_finger.BMP,Medium quality,0.75,Morphological Ridge Restoration,M3-6,Remove small objects / isolated noise,ridge map,M3 candidate,True,Binary ridge restoration; PSNR/MSE/SSIM intentionally not calculated,,,,,,,,,0.1331634521484375,59.0,0.0,0.32176005840301514,6.7606279362896755,2255.0,244.0,107.0,9.241803278688524,0.3998112082481384,
514__F_Left_middle_finger.BMP,Medium quality,0.75,Morphological Ridge Restoration,M3-7,Spur cleanup,ridge map,M3 candidate,True,Binary ridge restoration; PSNR/MSE/SSIM intentionally not calculated,,,,,,,,,0.0852813720703125,77.0,26.0,0.19377347826957703,13.777062086240829,1679.0,156.0,9.0,10.762820512820513,0.37240803241729736,
514__F_Left_middle_finger.BMP,Medium quality,0.75,Morphological Ridge Restoration,M3-8,Controlled ridge-restoration pipeline,ridge map,M3 candidate,True,Binary ridge restoration; PSNR/MSE/SSIM intentionally not calculated,,,,,,,,,0.0795745849609375,63.0,5.0,0.17181208729743958,12.080536912751679,1636.0,130.0,14.0,12.584615384615384,0.3651507794857025,
514__F_Left_middle_finger.BMP,Medium quality,0.75,Thinning / Feature Extraction,T1,Standard skeletonisation,skeleton,M4 candidate,True,"Skeleton/feature output; counts are detections, not ground-truth accuracy",,,,,,,,,0.02496337890625,63.0,46.0,0.18215158581733704,38.50855745721272,1636.0,130.0,14.0,12.584615384615384,0.3496154248714447,
514__F_Left_middle_finger.BMP,Medium quality,0.75,Thinning / Feature Extraction,T2,Zhang-Suen thinning,skeleton,M4 candidate,True,"Skeleton/feature output; counts are detections, not ground-truth accuracy",,,,,,,,,0.0256500244140625,63.0,43.0,0.17787031829357147,37.47769185008923,1570.0,123.0,9.0,12.764227642276422,0.3517594039440155,
514__F_Left_middle_finger.BMP,Medium quality,0.75,Thinning / Feature Extraction,T3,Guo-Hall thinning,skeleton,M4 candidate,True,"Skeleton/feature output; counts are detections, not ground-truth accuracy",,,,,,,,,0.0264434814453125,63.0,45.0,0.17426428198814392,36.353144835545294,1703.0,138.0,20.0,12.340579710144928,0.3498252332210541,
514__F_Left_middle_finger.BMP,Medium quality,0.75,Thinning / Feature Extraction,T4,Morphological skeleton / medial axis,skeleton,M4 candidate,True,"Skeleton/feature output; counts are detections, not ground-truth accuracy",,,,,,,,,0.028533935546875,63.0,42.0,0.16256684064865112,33.68983957219251,1870.0,159.0,39.0,11.761006289308176,0.3550609052181244,
457__M_Right_index_finger.BMP,Medium quality,0.35,Control,CONTROL-DEGRADED,Degraded Input,grayscale,"Input condition/control, not a technique",False,"Input condition/control, not a technique",0.013251318050460982,18.777409222122316,0.6898256189738503,0.6012032628059387,0.0,0.0,0.0,-9.392590777877686,,,,,,,,,,,
457__M_Right_index_finger.BMP,Medium quality,0.35,Control,CONTROL-P0,Common Preprocessed Input P0,grayscale,"Common preprocessing control, not a member technique",False,"Common preprocessing control, not a member technique",0.013251318050460982,18.777409222122316,0.6898256189738503,0.6012032628059387,0.0,0.0,0.0,-9.392590777877686,,,,,,,,,,,
457__M_Right_index_finger.BMP,Medium quality,0.35,Denoising,D1,Gaussian filtering,grayscale,M1 candidate,True,sigma=0.65,0.014064695495067834,18.518696660045258,0.7336669031853322,0.6629245281219482,0.0008829000289551914,-0.25871256207705784,-0.25871256207705784,-9.651303339954744,,,,,,,,,,,
457__M_Right_index_finger.BMP,Medium quality,0.35,Denoising,D2,Median filtering,grayscale,M1 candidate,True,3x3 median,0.014134381997569582,18.49723175565888,0.7339739664324559,0.6884620785713196,0.007669699960388243,-0.2801774664634351,-0.2801774664634351,-9.672768244341121,,,,,,,,,,,
457__M_Right_index_finger.BMP,Medium quality,0.35,Denoising,D3,Bilateral filtering,grayscale,M1 candidate,True,"sigma_color=0.035, sigma_spatial=2.0",0.013764056284259498,18.61253560121629,0.7139557950180899,0.6081911325454712,0.11930049996590242,-0.1648736209060253,-0.1648736209060253,-9.557464398783711,,,,,,,,,,,
457__M_Right_index_finger.BMP,Medium quality,0.35,Denoising,D4,Non-local means,grayscale,M1 candidate,True,"patch_size=3, patch_distance=5, h=0.055",0.014305891827288131,18.444850631577616,0.7318979981543389,0.6919522285461426,0.0519085000269115,-0.33255859054469994,-0.33255859054469994,-9.725149368422386,,,,,,,,,,,
457__M_Right_index_finger.BMP,Medium quality,0.35,Denoising,D5,Wiener noise filtering,grayscale,M1 candidate,True,local window=5,0.019528369924518438,17.093340067035562,0.6348188340257984,0.716458797454834,0.004378000041469932,-1.6840691550867533,-1.6840691550867533,-11.07665993296444,,,,,,,,,,,
457__M_Right_index_finger.BMP,Medium quality,0.35,Denoising,D6,Wavelet denoising,grayscale,M1 candidate,True,db2 level=2 shrinkage,0.013382463461193162,18.73463933718777,0.7225211514062332,0.6405408382415771,0.0030929999775253236,-0.04276988493454681,-0.04276988493454681,-9.435360662812233,,,,,,,,,,,
457__M_Right_index_finger.BMP,Medium quality,0.35,Denoising,D7,Anisotropic diffusion,grayscale,M1 candidate,True,Perona-Malik style fixed parameters,0.014375158047942373,18.423873717533287,0.7445881295842417,0.6836379766464233,0.006571200035978109,-0.35353550458902916,-0.35353550458902916,-9.746126282466715,,,,,,,,,,,
457__M_Right_index_finger.BMP,Medium quality,0.35,Restoration/Deblurring,R1,Wiener deconvolution,grayscale,M1 candidate,True,uses known synthetic Gaussian PSF formula; no clean pixels used,0.012331748820074047,19.08975329807252,0.7135447036434547,0.6136176586151123,0.002293099998496473,0.31234407595020386,0.31234407595020386,-9.080246701927482,,,,,,,,,,,
457__M_Right_index_finger.BMP,Medium quality,0.35,Restoration/Deblurring,R2,Richardson-Lucy deconvolution,grayscale,M1 candidate,True,uses known synthetic Gaussian PSF formula; 8 iterations,0.01258124236920204,19.00276471176268,0.7037860469682035,0.6031713485717773,0.017599500017240644,0.22535548964036423,0.22535548964036423,-9.167235288237322,,,,,,,,,,,
457__M_Right_index_finger.BMP,Medium quality,0.35,Restoration/Deblurring,R3,Total variation restoration,grayscale,M1 candidate,True,TV Chambolle weight=0.045,0.01573691084738401,18.030805155350464,0.717186960729531,0.7283280491828918,0.009285000036470592,-0.7466040667718516,-0.7466040667718516,-10.139194844649538,,,,,,,,,,,
457__M_Right_index_finger.BMP,Medium quality,0.35,Restoration/Deblurring,R4,Tikhonov regularised inverse restoration,grayscale,M1 candidate,True,uses known synthetic Gaussian PSF formula; lambda=0.025,0.01345868789102863,18.70997278110735,0.6987891394020156,0.6281370520591736,0.008478700008708984,-0.06743644101496571,-0.06743644101496571,-9.460027218892652,,,,,,,,,,,
457__M_Right_index_finger.BMP,Medium quality,0.35,Restoration/Deblurring,R5,Edge-preserving restoration,grayscale,M1 candidate,True,TV followed by bilateral filter,0.014922238281277938,18.261660293901198,0.7278628843895015,0.7172567844390869,0.1499020999763161,-0.5157489282211181,-0.5157489282211181,-9.908339706098804,,,,,,,,,,,
457__M_Right_index_finger.BMP,Medium quality,0.35,Contrast Enhancement,C1,Global histogram equalisation,grayscale,M1 baseline candidate,True,global equalize_hist,0.019699585227128856,17.055429177706667,0.6182762518632486,0.5858066082000732,0.003925999975763261,-1.7219800444156483,-1.7219800444156483,-11.114570822293334,,,,,,,,,,,
457__M_Right_index_finger.BMP,Medium quality,0.35,Contrast Enhancement,C2,Adaptive histogram equalisation,grayscale,M1 baseline candidate,True,AHE-like un-clipped adaptive histogram equalisation,0.11401396818760022,9.430419387057974,0.487069857187155,0.5757755041122437,0.0063916000071913,-9.346989835064342,-9.346989835064342,-18.739580612942028,,,,,,,,,,,
457__M_Right_index_finger.BMP,Medium quality,0.35,Contrast Enhancement,C3,CLAHE,grayscale,M1 baseline candidate,True,clip_limit=0.025,0.10242847294880647,9.895793018983024,0.49528002725000364,0.5779993534088135,0.006639299972448498,-8.881616203139291,-8.881616203139291,-18.274206981016977,,,,,,,,,,,
457__M_Right_index_finger.BMP,Medium quality,0.35,Contrast Enhancement,C4,Contrast stretching,grayscale,M1 candidate,True,2nd to 98th percentile,0.00916951708641486,20.37653535892444,0.7350091339826659,0.6041260957717896,0.0012758999946527183,1.5991261368021235,1.5991261368021235,-7.793464641075563,,,,,,,,,,,
457__M_Right_index_finger.BMP,Medium quality,0.35,Contrast Enhancement,C5,Gamma correction,grayscale,M1 candidate,True,gamma=0.85,0.017606787383674848,17.543198801953608,0.6699588887301371,0.5997358560562134,0.0011407000129111111,-1.2342104201687079,-1.2342104201687079,-10.626801198046394,,,,,,,,,,,
457__M_Right_index_finger.BMP,Medium quality,0.35,Contrast Enhancement,C6,Homomorphic filtering,grayscale,M1 candidate,True,log-domain high-frequency gain=0.70,0.02207669501629078,16.56065941976379,0.6123051222342527,0.6020593047142029,0.010542300005909055,-2.2167498023585246,-2.2167498023585246,-11.60934058023621,,,,,,,,,,,
457__M_Right_index_finger.BMP,Medium quality,0.35,Fingerprint Ridge Enhancement,G1,Ordinary Gabor filter,grayscale,M2 baseline,True,"fixed frequency=0.115, 8 orientations",0.03632362176490238,14.39810855247509,0.5687462292472452,0.6211522817611694,1.163763899996411,-4.379300669647225,-4.379300669647225,-13.771891447524911,,,,,,,,,,,
457__M_Right_index_finger.BMP,Medium quality,0.35,Fingerprint Ridge Enhancement,G2,Literature-inspired Modified Gabor,grayscale,M2 literature technique,True,local orientation + local ridge frequency; exact article parameters unavailable,0.015928691184107703,17.978199074927545,0.6732442517964419,0.6091543436050415,2.0718418000033125,-0.7992101471947706,-0.7992101471947706,-10.191800925072457,,,,,,,,,,,
457__M_Right_index_finger.BMP,Medium quality,0.35,Fingerprint Ridge Enhancement,G3,Adaptive local-orientation Gabor,grayscale,M2 candidate,True,"local orientation, fixed frequency",0.016598975650241675,17.79918712151156,0.671334032508238,0.610734224319458,0.4680824999813922,-0.9782221006107541,-0.9782221006107541,-10.37081287848844,,,,,,,,,,,
457__M_Right_index_finger.BMP,Medium quality,0.35,Fingerprint Ridge Enhancement,G4,Adaptive orientation-frequency Gabor,grayscale,M2 candidate,True,local orientation + local frequency,0.01676124354204911,17.756937635449198,0.6687658846111034,0.6101335287094116,2.0498245999915525,-1.0204715866731178,-1.0204715866731178,-10.413062364550804,,,,,,,,,,,
457__M_Right_index_finger.BMP,Medium quality,0.35,Fingerprint Ridge Enhancement,G5,Log-Gabor,grayscale,M2 candidate,True,local selection from log-Gabor frequency/orientation bank,0.024160232647911912,16.168988880468536,0.6099093682742778,0.5929526090621948,0.4475714000291191,-2.6084203416537797,-2.6084203416537797,-12.001011119531466,,,,,,,,,,,
457__M_Right_index_finger.BMP,Medium quality,0.35,Fingerprint Ridge Enhancement,G6,STFT contextual enhancement,grayscale,M2 candidate,True,"32px blocks, band-pass contextual filtering",0.030814218625911056,15.112488404518064,0.5338195153785646,0.5657356977462769,0.08519120002165437,-3.6649208176042514,-3.6649208176042514,-13.057511595481937,,,,,,,,,,,
457__M_Right_index_finger.BMP,Medium quality,0.35,Fingerprint Ridge Enhancement,G7,Coherence-guided directional diffusion,grayscale,M2/M3 candidate,True,directional smoothing weighted by coherence,0.014723222750032123,18.319971173515494,0.6763688277518288,0.6238069534301758,0.3683138999622315,-0.45743804860682147,-0.45743804860682147,-9.850028826484508,,,,,,,,,,,
457__M_Right_index_finger.BMP,Medium quality,0.35,Fingerprint Ridge Enhancement,G8,Directional oriented filter-bank,grayscale,M2 candidate,True,orientation-selected elongated Gaussian smoothing,0.013759667294618175,18.613920671076517,0.6866179008285888,0.6094729900360107,0.11023130000103265,-0.1634885510457984,-0.1634885510457984,-9.556079328923484,,,,,,,,,,,
457__M_Right_index_finger.BMP,Medium quality,0.35,Segmentation,S1,Otsu thresholding,ridge map,M3 candidate,True,Binary/structural output; PSNR/MSE/SSIM intentionally not calculated,,,,,,,,,0.54412841796875,180.0,164.0,0.9342120289802551,5.047672462142457,5560.0,86.0,454.0,64.65116279069767,0.6552796959877014,
457__M_Right_index_finger.BMP,Medium quality,0.35,Segmentation,S2,Adaptive/local Sauvola thresholding,ridge map,M3 candidate,True,Binary/structural output; PSNR/MSE/SSIM intentionally not calculated,,,,,,,,,0.3705291748046875,124.0,88.0,0.6971544027328491,5.106453074167113,7402.0,309.0,670.0,23.954692556634303,0.6627237796783447,
457__M_Right_index_finger.BMP,Medium quality,0.35,Segmentation,S3,Local variance foreground segmentation,foreground mask,M3 candidate,True,Binary/structural output; PSNR/MSE/SSIM intentionally not calculated,,,,,,,,,0.7594757080078125,6.0,3.0,0.9981716871261597,0.12054728467241274,2228.0,36.0,56.0,61.888888888888886,0.6990861892700195,0.7594757080078125
457__M_Right_index_finger.BMP,Medium quality,0.35,Segmentation,S4,Coherence-based foreground segmentation,foreground mask,M3 candidate,True,Binary/structural output; PSNR/MSE/SSIM intentionally not calculated,,,,,,,,,0.7556915283203125,89.0,69.0,0.9758505821228027,1.7970721857647654,5183.0,155.0,232.0,33.438709677419354,0.7308105230331421,0.7556915283203125
457__M_Right_index_finger.BMP,Medium quality,0.35,Segmentation,S5,Orientation-confidence segmentation,foreground mask,M3 candidate,True,Binary/structural output; PSNR/MSE/SSIM intentionally not calculated,,,,,,,,,0.436614990234375,13.0,9.0,0.9130145907402039,0.45432305864262246,2661.0,66.0,121.0,40.31818181818182,0.786781370639801,0.436614990234375
457__M_Right_index_finger.BMP,Medium quality,0.35,Morphological Ridge Restoration,M3-1,Opening,ridge map,M3 candidate,True,Binary ridge restoration; PSNR/MSE/SSIM intentionally not calculated,,,,,,,,,0.3592529296875,83.0,16.0,0.4830954670906067,3.5253143051308187,4518.0,210.0,53.0,21.514285714285716,0.6578404307365417,
457__M_Right_index_finger.BMP,Medium quality,0.35,Morphological Ridge Restoration,M3-2,Closing,ridge map,M3 candidate,True,Binary ridge restoration; PSNR/MSE/SSIM intentionally not calculated,,,,,,,,,0.387725830078125,33.0,1.0,0.7292798161506653,1.2987012987012987,5153.0,106.0,113.0,48.613207547169814,0.6532913446426392,
457__M_Right_index_finger.BMP,Medium quality,0.35,Morphological Ridge Restoration,M3-3,Opening + Closing,ridge map,M3 candidate,True,Binary ridge restoration; PSNR/MSE/SSIM intentionally not calculated,,,,,,,,,0.3647918701171875,61.0,9.0,0.5006901621818542,2.551553938177103,4605.0,159.0,61.0,28.962264150943398,0.6561082005500793,
457__M_Right_index_finger.BMP,Medium quality,0.35,Morphological Ridge Restoration,M3-4,Morphological reconstruction,ridge map,M3 candidate,True,Binary ridge restoration; PSNR/MSE/SSIM intentionally not calculated,,,,,,,,,0.3754425048828125,38.0,2.0,0.712944507598877,1.5444015444015444,5271.0,184.0,151.0,28.64673913043478,0.6559498310089111,
457__M_Right_index_finger.BMP,Medium quality,0.35,Morphological Ridge Restoration,M3-5,Bridge / broken-ridge reconnection,ridge map,M3 candidate,True,Binary ridge restoration; PSNR/MSE/SSIM intentionally not calculated,,,,,,,,,0.2321929931640625,32.0,2.0,0.7140697836875916,2.102911217717027,5096.0,99.0,109.0,51.474747474747474,0.6563411355018616,
457__M_Right_index_finger.BMP,Medium quality,0.35,Morphological Ridge Restoration,M3-6,Remove small objects / isolated noise,ridge map,M3 candidate,True,Binary ridge restoration; PSNR/MSE/SSIM intentionally not calculated,,,,,,,,,0.3745269775390625,36.0,0.0,0.7146872878074646,1.4666938276634751,5249.0,180.0,151.0,29.16111111111111,0.6560097932815552,
457__M_Right_index_finger.BMP,Medium quality,0.35,Morphological Ridge Restoration,M3-7,Spur cleanup,ridge map,M3 candidate,True,Binary ridge restoration; PSNR/MSE/SSIM intentionally not calculated,,,,,,,,,0.22174072265625,38.0,8.0,0.7153867483139038,2.614918799889898,4806.0,103.0,74.0,46.66019417475728,0.664810299873352,
457__M_Right_index_finger.BMP,Medium quality,0.35,Morphological Ridge Restoration,M3-8,Controlled ridge-restoration pipeline,ridge map,M3 candidate,True,Binary ridge restoration; PSNR/MSE/SSIM intentionally not calculated,,,,,,,,,0.2245635986328125,32.0,3.0,0.7201195955276489,2.1743561867228376,4914.0,93.0,93.0,52.83870967741935,0.6613739132881165,
457__M_Right_index_finger.BMP,Medium quality,0.35,Thinning / Feature Extraction,T1,Standard skeletonisation,skeleton,M4 candidate,True,"Skeleton/feature output; counts are detections, not ground-truth accuracy",,,,,,,,,0.074981689453125,32.0,19.0,0.7291412353515625,6.512006512006512,4914.0,93.0,93.0,52.83870967741935,0.6536082625389099,
457__M_Right_index_finger.BMP,Medium quality,0.35,Thinning / Feature Extraction,T2,Zhang-Suen thinning,skeleton,M4 candidate,True,"Skeleton/feature output; counts are detections, not ground-truth accuracy",,,,,,,,,0.083282470703125,32.0,17.0,0.731769859790802,5.862953462806889,4886.0,90.0,90.0,54.28888888888889,0.6609283685684204,
457__M_Right_index_finger.BMP,Medium quality,0.35,Thinning / Feature Extraction,T3,Guo-Hall thinning,skeleton,M4 candidate,True,"Skeleton/feature output; counts are detections, not ground-truth accuracy",,,,,,,,,0.074981689453125,32.0,18.0,0.719983696937561,6.512006512006512,4904.0,94.0,95.0,52.170212765957444,0.6569473743438721,
457__M_Right_index_finger.BMP,Medium quality,0.35,Thinning / Feature Extraction,T4,Morphological skeleton / medial axis,skeleton,M4 candidate,True,"Skeleton/feature output; counts are detections, not ground-truth accuracy",,,,,,,,,0.075958251953125,32.0,17.0,0.7157493233680725,6.4282844515869835,4978.0,107.0,108.0,46.52336448598131,0.6564871668815613,
195__M_Right_index_finger.BMP,Medium quality,0.55,Control,CONTROL-DEGRADED,Degraded Input,grayscale,"Input condition/control, not a technique",False,"Input condition/control, not a technique",0.02774234539963244,15.568568254884044,0.5394321414318124,0.5299065709114075,0.0,0.0,0.0,-12.601431745115958,,,,,,,,,,,
195__M_Right_index_finger.BMP,Medium quality,0.55,Control,CONTROL-P0,Common Preprocessed Input P0,grayscale,"Common preprocessing control, not a member technique",False,"Common preprocessing control, not a member technique",0.02774234539963244,15.568568254884044,0.5394321414318124,0.5299065709114075,0.0,0.0,0.0,-12.601431745115958,,,,,,,,,,,
195__M_Right_index_finger.BMP,Medium quality,0.55,Denoising,D1,Gaussian filtering,grayscale,M1 candidate,True,sigma=0.65,0.02737245797873503,15.626862022730696,0.5780085196107854,0.624046802520752,0.0008177999989129603,0.058293767846652855,0.058293767846652855,-12.543137977269305,,,,,,,,,,,
195__M_Right_index_finger.BMP,Medium quality,0.55,Denoising,D2,Median filtering,grayscale,M1 candidate,True,3x3 median,0.02762100236300545,15.587605649745068,0.5752301821874771,0.6629620790481567,0.007972999999765307,0.019037394861024737,0.019037394861024737,-12.582394350254933,,,,,,,,,,,
195__M_Right_index_finger.BMP,Medium quality,0.55,Denoising,D3,Bilateral filtering,grayscale,M1 candidate,True,"sigma_color=0.035, sigma_spatial=2.0",0.028930180511707572,15.386488565354274,0.5240146776975613,0.5283299088478088,0.11277149996021762,-0.18207968952977005,-0.18207968952977005,-12.783511434645728,,,,,,,,,,,
195__M_Right_index_finger.BMP,Medium quality,0.55,Denoising,D4,Non-local means,grayscale,M1 candidate,True,"patch_size=3, patch_distance=5, h=0.055",0.028826376116453882,15.402099511445538,0.5502287988236734,0.6324176788330078,0.051532299956306815,-0.16646874343850548,-0.16646874343850548,-12.767900488554464,,,,,,,,,,,
195__M_Right_index_finger.BMP,Medium quality,0.55,Denoising,D5,Wiener noise filtering,grayscale,M1 candidate,True,local window=5,0.03251645655534996,14.878967872570982,0.5013465717189065,0.693731963634491,0.004443499958142638,-0.6896003823130616,-0.6896003823130616,-13.29103212742902,,,,,,,,,,,
195__M_Right_index_finger.BMP,Medium quality,0.55,Denoising,D6,Wavelet denoising,grayscale,M1 candidate,True,db2 level=2 shrinkage,0.027447688210113338,15.614942282583668,0.5571490766080949,0.5843361616134644,0.0028535000164993107,0.046374027699624065,0.046374027699624065,-12.555057717416334,,,,,,,,,,,
195__M_Right_index_finger.BMP,Medium quality,0.55,Denoising,D7,Anisotropic diffusion,grayscale,M1 candidate,True,Perona-Malik style fixed parameters,0.02844582454590337,15.459814730213324,0.5709805097931386,0.627189040184021,0.006156699964776635,-0.10875352467071941,-0.10875352467071941,-12.710185269786678,,,,,,,,,,,
195__M_Right_index_finger.BMP,Medium quality,0.55,Restoration/Deblurring,R1,Wiener deconvolution,grayscale,M1 candidate,True,uses known synthetic Gaussian PSF formula; no clean pixels used,0.025919556086176385,15.8637244072486,0.5715112625076556,0.5579662919044495,0.0021254000021144748,0.29515615236455695,0.29515615236455695,-12.306275592751401,,,,,,,,,,,
195__M_Right_index_finger.BMP,Medium quality,0.55,Restoration/Deblurring,R2,Richardson-Lucy deconvolution,grayscale,M1 candidate,True,uses known synthetic Gaussian PSF formula; 8 iterations,0.02650432484462964,15.76683254255376,0.5612146271176888,0.5472651720046997,0.01788459997624159,0.1982642876697156,0.1982642876697156,-12.403167457446242,,,,,,,,,,,
195__M_Right_index_finger.BMP,Medium quality,0.55,Restoration/Deblurring,R3,Total variation restoration,grayscale,M1 candidate,True,TV Chambolle weight=0.045,0.02985932462471632,15.249200196209076,0.5499651010717379,0.6803402304649353,0.010010200028773397,-0.31936805867496787,-0.31936805867496787,-12.920799803790926,,,,,,,,,,,
195__M_Right_index_finger.BMP,Medium quality,0.55,Restoration/Deblurring,R4,Tikhonov regularised inverse restoration,grayscale,M1 candidate,True,uses known synthetic Gaussian PSF formula; lambda=0.025,0.02705153942236688,15.67808015451462,0.5542891576157748,0.5585358738899231,0.008255699998699129,0.10951189963057573,0.10951189963057573,-12.491919845485382,,,,,,,,,,,
195__M_Right_index_finger.BMP,Medium quality,0.55,Restoration/Deblurring,R5,Edge-preserving restoration,grayscale,M1 candidate,True,TV followed by bilateral filter,0.02888747461077308,15.392904232144698,0.5593122551863573,0.6112145185470581,0.11419980000937358,-0.17566402273934578,-0.17566402273934578,-12.777095767855304,,,,,,,,,,,
195__M_Right_index_finger.BMP,Medium quality,0.55,Contrast Enhancement,C1,Global histogram equalisation,grayscale,M1 baseline candidate,True,global equalize_hist,0.03381975289004385,14.708295699754872,0.5702916333650742,0.5298561453819275,0.0033184000058099627,-0.8602725551291712,-0.8602725551291712,-13.46170430024513,,,,,,,,,,,
195__M_Right_index_finger.BMP,Medium quality,0.55,Contrast Enhancement,C2,Adaptive histogram equalisation,grayscale,M1 baseline candidate,True,AHE-like un-clipped adaptive histogram equalisation,0.10899034363996792,9.626119781112044,0.4888740642272376,0.531551718711853,0.005367100005969405,-5.942448473772,-5.942448473772,-18.543880218887956,,,,,,,,,,,
195__M_Right_index_finger.BMP,Medium quality,0.55,Contrast Enhancement,C3,CLAHE,grayscale,M1 baseline candidate,True,clip_limit=0.025,0.10610860853173598,9.742493806022472,0.49056386091713183,0.5317983627319336,0.0055056000128388405,-5.826074448861572,-5.826074448861572,-18.42750619397753,,,,,,,,,,,
195__M_Right_index_finger.BMP,Medium quality,0.55,Contrast Enhancement,C4,Contrast stretching,grayscale,M1 candidate,True,2nd to 98th percentile,0.01739954265617657,17.594621669190783,0.6225942268870334,0.5349134206771851,0.0012330000172369182,2.0260534143067392,2.0260534143067392,-10.575378330809219,,,,,,,,,,,
195__M_Right_index_finger.BMP,Medium quality,0.55,Contrast Enhancement,C5,Gamma correction,grayscale,M1 candidate,True,gamma=0.85,0.035847623874997264,14.455396258309579,0.5147632691074816,0.5284534096717834,0.0009629999985918403,-1.113171996574465,-1.113171996574465,-13.714603741690423,,,,,,,,,,,
195__M_Right_index_finger.BMP,Medium quality,0.55,Contrast Enhancement,C6,Homomorphic filtering,grayscale,M1 candidate,True,log-domain high-frequency gain=0.70,0.036654903405220034,14.358679206302778,0.4540617703200488,0.530595064163208,0.009245299967005849,-1.2098890485812657,-1.2098890485812657,-13.811320793697224,,,,,,,,,,,
195__M_Right_index_finger.BMP,Medium quality,0.55,Fingerprint Ridge Enhancement,G1,Ordinary Gabor filter,grayscale,M2 baseline,True,"fixed frequency=0.115, 8 orientations",0.059385959177575984,12.26316224589701,0.42602496826800734,0.5491707921028137,1.244850100018084,-3.305406008987033,-3.305406008987033,-15.906837754102991,,,,,,,,,,,
195__M_Right_index_finger.BMP,Medium quality,0.55,Fingerprint Ridge Enhancement,G2,Literature-inspired Modified Gabor,grayscale,M2 literature technique,True,local orientation + local ridge frequency; exact article parameters unavailable,0.028367718139059757,15.471755968608656,0.5446420023268151,0.5462068319320679,2.0708167999982834,-0.0968122862753873,-0.0968122862753873,-12.698244031391345,,,,,,,,,,,
195__M_Right_index_finger.BMP,Medium quality,0.55,Fingerprint Ridge Enhancement,G3,Adaptive local-orientation Gabor,grayscale,M2 candidate,True,"local orientation, fixed frequency",0.02806229775310465,15.518767716312974,0.5551105337927565,0.5559085607528687,0.4654545999947004,-0.04980053857106981,-0.04980053857106981,-12.651232283687028,,,,,,,,,,,
195__M_Right_index_finger.BMP,Medium quality,0.55,Fingerprint Ridge Enhancement,G4,Adaptive orientation-frequency Gabor,grayscale,M2 candidate,True,local orientation + local frequency,0.02857866446792985,15.439580704282122,0.5452062379116712,0.5489565134048462,2.1172915000352077,-0.1289875506019218,-0.1289875506019218,-12.73041929571788,,,,,,,,,,,
195__M_Right_index_finger.BMP,Medium quality,0.55,Fingerprint Ridge Enhancement,G5,Log-Gabor,grayscale,M2 candidate,True,local selection from log-Gabor frequency/orientation bank,0.0394789431004072,14.03634482441233,0.47112979918143605,0.5181416273117065,0.39985129999695346,-1.5322234304717135,-1.5322234304717135,-14.133655175587672,,,,,,,,,,,
195__M_Right_index_finger.BMP,Medium quality,0.55,Fingerprint Ridge Enhancement,G6,STFT contextual enhancement,grayscale,M2 candidate,True,"32px blocks, band-pass contextual filtering",0.048514115491163114,13.141318822634481,0.37012548906345655,0.47550714015960693,0.0666581999976188,-2.427249432249562,-2.427249432249562,-15.02868117736552,,,,,,,,,,,
195__M_Right_index_finger.BMP,Medium quality,0.55,Fingerprint Ridge Enhancement,G7,Coherence-guided directional diffusion,grayscale,M2/M3 candidate,True,directional smoothing weighted by coherence,0.028361269460429692,15.472743338796342,0.5323939929151088,0.5643681287765503,0.38584959995932877,-0.09582491608770205,-0.09582491608770205,-12.69725666120366,,,,,,,,,,,
195__M_Right_index_finger.BMP,Medium quality,0.55,Fingerprint Ridge Enhancement,G8,Directional oriented filter-bank,grayscale,M2 candidate,True,orientation-selected elongated Gaussian smoothing,0.02792574281525452,15.539952659733009,0.537648965733848,0.5428707599639893,0.14295549999224022,-0.028615595151034512,-0.028615595151034512,-12.630047340266993,,,,,,,,,,,
195__M_Right_index_finger.BMP,Medium quality,0.55,Segmentation,S1,Otsu thresholding,ridge map,M3 candidate,True,Binary/structural output; PSNR/MSE/SSIM intentionally not calculated,,,,,,,,,0.64166259765625,180.0,172.0,0.9718443751335144,4.280414724626652,6918.0,149.0,780.0,46.42953020134228,0.5322266221046448,
195__M_Right_index_finger.BMP,Medium quality,0.55,Segmentation,S2,Adaptive/local Sauvola thresholding,ridge map,M3 candidate,True,Binary/structural output; PSNR/MSE/SSIM intentionally not calculated,,,,,,,,,0.352447509765625,327.0,287.0,0.38163477182388306,14.157069876179756,10005.0,755.0,1405.0,13.251655629139073,0.5617244243621826,
195__M_Right_index_finger.BMP,Medium quality,0.55,Segmentation,S3,Local variance foreground segmentation,foreground mask,M3 candidate,True,Binary/structural output; PSNR/MSE/SSIM intentionally not calculated,,,,,,,,,0.79620361328125,11.0,5.0,0.9805864095687866,0.21080873898045227,2011.0,45.0,51.0,44.68888888888889,0.598596453666687,0.79620361328125
195__M_Right_index_finger.BMP,Medium quality,0.55,Segmentation,S4,Coherence-based foreground segmentation,foreground mask,M3 candidate,True,Binary/structural output; PSNR/MSE/SSIM intentionally not calculated,,,,,,,,,0.6920318603515625,104.0,73.0,0.9346460103988647,2.2931228364165546,5281.0,222.0,248.0,23.78828828828829,0.675139307975769,0.6920318603515625
195__M_Right_index_finger.BMP,Medium quality,0.55,Segmentation,S5,Orientation-confidence segmentation,foreground mask,M3 candidate,True,Binary/structural output; PSNR/MSE/SSIM intentionally not calculated,,,,,,,,,0.4278411865234375,31.0,23.0,0.9671172499656677,1.1056029102321765,2870.0,84.0,143.0,34.166666666666664,0.7261426448822021,0.4278411865234375
195__M_Right_index_finger.BMP,Medium quality,0.55,Morphological Ridge Restoration,M3-1,Opening,ridge map,M3 candidate,True,Binary ridge restoration; PSNR/MSE/SSIM intentionally not calculated,,,,,,,,,0.300445556640625,156.0,47.0,0.12778060138225555,7.92280345352971,3778.0,287.0,33.0,13.16376306620209,0.5856866836547852,
195__M_Right_index_finger.BMP,Medium quality,0.55,Morphological Ridge Restoration,M3-2,Closing,ridge map,M3 candidate,True,Binary ridge restoration; PSNR/MSE/SSIM intentionally not calculated,,,,,,,,,0.350250244140625,59.0,1.0,0.18571926653385162,2.5703581075193864,4827.0,235.0,135.0,20.540425531914895,0.5714705586433411,
195__M_Right_index_finger.BMP,Medium quality,0.55,Morphological Ridge Restoration,M3-3,Opening + Closing,ridge map,M3 candidate,True,Binary ridge restoration; PSNR/MSE/SSIM intentionally not calculated,,,,,,,,,0.3058013916015625,126.0,37.0,0.12649069726467133,6.287111421585749,3817.0,241.0,35.0,15.838174273858922,0.5847145915031433,
195__M_Right_index_finger.BMP,Medium quality,0.55,Morphological Ridge Restoration,M3-4,Morphological reconstruction,ridge map,M3 candidate,True,Binary ridge restoration; PSNR/MSE/SSIM intentionally not calculated,,,,,,,,,0.3311920166015625,74.0,2.0,0.1899101585149765,3.4093526837134305,5352.0,411.0,261.0,13.021897810218977,0.5759832859039307,
195__M_Right_index_finger.BMP,Medium quality,0.55,Morphological Ridge Restoration,M3-5,Bridge / broken-ridge reconnection,ridge map,M3 candidate,True,Binary ridge restoration; PSNR/MSE/SSIM intentionally not calculated,,,,,,,,,0.21917724609375,56.0,4.0,0.14069896936416626,3.898635477582846,4694.0,199.0,112.0,23.587939698492463,0.548563539981842,
195__M_Right_index_finger.BMP,Medium quality,0.55,Morphological Ridge Restoration,M3-6,Remove small objects / isolated noise,ridge map,M3 candidate,True,Binary ridge restoration; PSNR/MSE/SSIM intentionally not calculated,,,,,,,,,0.3273468017578125,66.0,0.0,0.19214096665382385,3.0764927982100407,5241.0,384.0,251.0,13.6484375,0.5783857107162476,
195__M_Right_index_finger.BMP,Medium quality,0.55,Morphological Ridge Restoration,M3-7,Spur cleanup,ridge map,M3 candidate,True,Binary ridge restoration; PSNR/MSE/SSIM intentionally not calculated,,,,,,,,,0.206268310546875,73.0,12.0,0.1458795666694641,5.40020713123243,4242.0,178.0,51.0,23.831460674157302,0.5579233169555664,
195__M_Right_index_finger.BMP,Medium quality,0.55,Morphological Ridge Restoration,M3-8,Controlled ridge-restoration pipeline,ridge map,M3 candidate,True,Binary ridge restoration; PSNR/MSE/SSIM intentionally not calculated,,,,,,,,,0.20489501953125,53.0,5.0,0.14760202169418335,3.9469764670837053,4356.0,158.0,70.0,27.569620253164558,0.5579065084457397,
195__M_Right_index_finger.BMP,Medium quality,0.55,Thinning / Feature Extraction,T1,Standard skeletonisation,skeleton,M4 candidate,True,"Skeleton/feature output; counts are detections, not ground-truth accuracy",,,,,,,,,0.06646728515625,53.0,22.0,0.15220385789871216,12.16712580348944,4356.0,158.0,70.0,27.569620253164558,0.5534834265708923,
195__M_Right_index_finger.BMP,Medium quality,0.55,Thinning / Feature Extraction,T2,Zhang-Suen thinning,skeleton,M4 candidate,True,"Skeleton/feature output; counts are detections, not ground-truth accuracy",,,,,,,,,0.073516845703125,53.0,22.0,0.15566624701023102,11.000415110004152,4276.0,151.0,63.0,28.31788079470199,0.5603752136230469,
195__M_Right_index_finger.BMP,Medium quality,0.55,Thinning / Feature Extraction,T3,Guo-Hall thinning,skeleton,M4 candidate,True,"Skeleton/feature output; counts are detections, not ground-truth accuracy",,,,,,,,,0.0684051513671875,53.0,22.0,0.1474459022283554,11.82244033013607,4416.0,169.0,80.0,26.130177514792898,0.5461741089820862,
195__M_Right_index_finger.BMP,Medium quality,0.55,Thinning / Feature Extraction,T4,Morphological skeleton / medial axis,skeleton,M4 candidate,True,"Skeleton/feature output; counts are detections, not ground-truth accuracy",,,,,,,,,0.07086181640625,53.0,21.0,0.14448751509189606,11.412575366063738,4644.0,214.0,123.0,21.700934579439252,0.5430738925933838,
183__M_Left_ring_finger.BMP,Medium quality,0.75,Control,CONTROL-DEGRADED,Degraded Input,grayscale,"Input condition/control, not a technique",False,"Input condition/control, not a technique",0.05116287396425381,12.910450679510072,0.32278156574308914,0.3605555295944214,0.0,0.0,0.0,-15.25954932048993,,,,,,,,,,,
183__M_Left_ring_finger.BMP,Medium quality,0.75,Control,CONTROL-P0,Common Preprocessed Input P0,grayscale,"Common preprocessing control, not a member technique",False,"Common preprocessing control, not a member technique",0.05116287396425381,12.910450679510072,0.32278156574308914,0.3605555295944214,0.0,0.0,0.0,-15.25954932048993,,,,,,,,,,,
183__M_Left_ring_finger.BMP,Medium quality,0.75,Denoising,D1,Gaussian filtering,grayscale,M1 candidate,True,sigma=0.65,0.04946901098463071,13.05666772235597,0.39365569597403777,0.48495030403137207,0.0014756000018678606,0.14621704284589754,0.14621704284589754,-15.113332277644032,,,,,,,,,,,
183__M_Left_ring_finger.BMP,Medium quality,0.75,Denoising,D2,Median filtering,grayscale,M1 candidate,True,3x3 median,0.04991230971907356,13.017923324572882,0.39483413332016765,0.5409575700759888,0.011705900018569082,0.10747264506280985,0.10747264506280985,-15.15207667542712,,,,,,,,,,,
183__M_Left_ring_finger.BMP,Medium quality,0.75,Denoising,D3,Bilateral filtering,grayscale,M1 candidate,True,"sigma_color=0.035, sigma_spatial=2.0",0.05258395965262752,12.79146713959241,0.30772561886596356,0.34933173656463623,0.17627270001685247,-0.11898353991766264,-0.11898353991766264,-15.378532860407592,,,,,,,,,,,
183__M_Left_ring_finger.BMP,Medium quality,0.75,Denoising,D4,Non-local means,grayscale,M1 candidate,True,"patch_size=3, patch_distance=5, h=0.055",0.05382595420015568,12.69008262476346,0.3540523591577556,0.4400661587715149,0.07210980000672862,-0.22036805474661136,-0.22036805474661136,-15.47991737523654,,,,,,,,,,,
183__M_Left_ring_finger.BMP,Medium quality,0.75,Denoising,D5,Wiener noise filtering,grayscale,M1 candidate,True,local window=5,0.05361515023702172,12.707124727208477,0.36928161174419355,0.5607045292854309,0.007743299996946007,-0.20332595230159534,-0.20332595230159534,-15.462875272791525,,,,,,,,,,,
183__M_Left_ring_finger.BMP,Medium quality,0.75,Denoising,D6,Wavelet denoising,grayscale,M1 candidate,True,db2 level=2 shrinkage,0.050578680427553264,12.960325053693868,0.3443163192352088,0.42463985085487366,0.004074500000569969,0.04987437418379592,0.04987437418379592,-15.209674946306134,,,,,,,,,,,
183__M_Left_ring_finger.BMP,Medium quality,0.75,Denoising,D7,Anisotropic diffusion,grayscale,M1 candidate,True,Perona-Malik style fixed parameters,0.05102998197820668,12.921745850435627,0.3780025369092364,0.4557139575481415,0.010213200002908707,0.011295170925555098,0.011295170925555098,-15.248254149564374,,,,,,,,,,,
183__M_Left_ring_finger.BMP,Medium quality,0.75,Restoration/Deblurring,R1,Wiener deconvolution,grayscale,M1 candidate,True,uses known synthetic Gaussian PSF formula; no clean pixels used,0.04834439556222803,13.156538652722992,0.36939152119235164,0.41808342933654785,0.0041043999954126775,0.2460879732129193,0.2460879732129193,-15.01346134727701,,,,,,,,,,,
183__M_Left_ring_finger.BMP,Medium quality,0.75,Restoration/Deblurring,R2,Richardson-Lucy deconvolution,grayscale,M1 candidate,True,uses known synthetic Gaussian PSF formula; 8 iterations,0.04968017257659693,13.038169041975475,0.34734587748520274,0.3941701650619507,0.030824500019662082,0.12771836246540325,0.12771836246540325,-15.131830958024526,,,,,,,,,,,
183__M_Left_ring_finger.BMP,Medium quality,0.75,Restoration/Deblurring,R3,Total variation restoration,grayscale,M1 candidate,True,TV Chambolle weight=0.045,0.05284983229332781,12.769563864870728,0.3903163616340981,0.5382132530212402,0.02742309996392578,-0.1408868146393445,-0.1408868146393445,-15.400436135129274,,,,,,,,,,,
183__M_Left_ring_finger.BMP,Medium quality,0.75,Restoration/Deblurring,R4,Tikhonov regularised inverse restoration,grayscale,M1 candidate,True,uses known synthetic Gaussian PSF formula; lambda=0.025,0.04989791958958919,13.019175611821499,0.3473594456142215,0.40211671590805054,0.015563699998892844,0.10872493231142677,0.10872493231142677,-15.150824388178503,,,,,,,,,,,
183__M_Left_ring_finger.BMP,Medium quality,0.75,Restoration/Deblurring,R5,Edge-preserving restoration,grayscale,M1 candidate,True,TV followed by bilateral filter,0.05336144957999268,12.72772381189691,0.37923683844908024,0.4566335678100586,0.22350730001926422,-0.18272686761316237,-0.18272686761316237,-15.442276188103092,,,,,,,,,,,
183__M_Left_ring_finger.BMP,Medium quality,0.75,Contrast Enhancement,C1,Global histogram equalisation,grayscale,M1 baseline candidate,True,global equalize_hist,0.038935050679201264,14.096592556748284,0.42770286339644853,0.3737395405769348,0.006043900037184358,1.186141877238212,1.186141877238212,-14.073407443251718,,,,,,,,,,,
183__M_Left_ring_finger.BMP,Medium quality,0.75,Contrast Enhancement,C2,Adaptive histogram equalisation,grayscale,M1 baseline candidate,True,AHE-like un-clipped adaptive histogram equalisation,0.11490563084788576,9.396586885767645,0.3907154168788349,0.3748279809951782,0.015357099997345358,-3.513863793742427,-3.513863793742427,-18.773413114232355,,,,,,,,,,,
183__M_Left_ring_finger.BMP,Medium quality,0.75,Contrast Enhancement,C3,CLAHE,grayscale,M1 baseline candidate,True,clip_limit=0.025,0.11266178908764829,9.482233563784606,0.3912517840518822,0.3746345639228821,0.010996300028637052,-3.4282171157254666,-3.4282171157254666,-18.687766436215398,,,,,,,,,,,
183__M_Left_ring_finger.BMP,Medium quality,0.75,Contrast Enhancement,C4,Contrast stretching,grayscale,M1 candidate,True,2nd to 98th percentile,0.04438385833146546,13.5277494682619,0.3738659609235418,0.36697185039520264,0.001736900012474507,0.6172987887518282,0.6172987887518282,-14.642250531738101,,,,,,,,,,,
183__M_Left_ring_finger.BMP,Medium quality,0.75,Contrast Enhancement,C5,Gamma correction,grayscale,M1 candidate,True,gamma=0.85,0.05268490532334823,12.783137960549059,0.31842624983277446,0.3592054843902588,0.002017199993133545,-0.12731271896101326,-0.12731271896101326,-15.386862039450943,,,,,,,,,,,
183__M_Left_ring_finger.BMP,Medium quality,0.75,Contrast Enhancement,C6,Homomorphic filtering,grayscale,M1 candidate,True,log-domain high-frequency gain=0.70,0.05693997606309901,12.445827197613538,0.28960650156322343,0.36188197135925293,0.017026999965310097,-0.4646234818965347,-0.4646234818965347,-15.724172802386464,,,,,,,,,,,
183__M_Left_ring_finger.BMP,Medium quality,0.75,Fingerprint Ridge Enhancement,G1,Ordinary Gabor filter,grayscale,M2 baseline,True,"fixed frequency=0.115, 8 orientations",0.061194423901566396,12.132881494085137,0.29422069792687716,0.39104434847831726,1.3903319999808446,-0.7775691854249356,-0.7775691854249356,-16.037118505914865,,,,,,,,,,,
183__M_Left_ring_finger.BMP,Medium quality,0.75,Fingerprint Ridge Enhancement,G2,Literature-inspired Modified Gabor,grayscale,M2 literature technique,True,local orientation + local ridge frequency; exact article parameters unavailable,0.050251145969161665,12.988540297799421,0.33240605141349533,0.37378990650177,2.976089600007981,0.0780896182893489,0.0780896182893489,-15.18145970220058,,,,,,,,,,,
183__M_Left_ring_finger.BMP,Medium quality,0.75,Fingerprint Ridge Enhancement,G3,Adaptive local-orientation Gabor,grayscale,M2 candidate,True,"local orientation, fixed frequency",0.048967345831719564,13.100934353298975,0.3463051528253341,0.38720986247062683,0.5396818000008352,0.1904836737889024,0.1904836737889024,-15.069065646701027,,,,,,,,,,,
183__M_Left_ring_finger.BMP,Medium quality,0.75,Fingerprint Ridge Enhancement,G4,Adaptive orientation-frequency Gabor,grayscale,M2 candidate,True,local orientation + local frequency,0.05006764000267585,13.004428791018006,0.3344306162719042,0.37646886706352234,2.3090729999821633,0.09397811150793345,0.09397811150793345,-15.165571208981996,,,,,,,,,,,
183__M_Left_ring_finger.BMP,Medium quality,0.75,Fingerprint Ridge Enhancement,G5,Log-Gabor,grayscale,M2 candidate,True,local selection from log-Gabor frequency/orientation bank,0.05391279946676171,12.683081164852052,0.3011324866297489,0.3556208610534668,0.3458583999890834,-0.22736951465802058,-0.22736951465802058,-15.48691883514795,,,,,,,,,,,
183__M_Left_ring_finger.BMP,Medium quality,0.75,Fingerprint Ridge Enhancement,G6,STFT contextual enhancement,grayscale,M2 candidate,True,"32px blocks, band-pass contextual filtering",0.0626448072299243,12.03114922831939,0.2342651485677251,0.31364426016807556,0.06354329996975139,-0.8793014511906829,-0.8793014511906829,-16.138850771680612,,,,,,,,,,,
183__M_Left_ring_finger.BMP,Medium quality,0.75,Fingerprint Ridge Enhancement,G7,Coherence-guided directional diffusion,grayscale,M2/M3 candidate,True,directional smoothing weighted by coherence,0.0509564349424747,12.928009640905014,0.32192426303676724,0.39290857315063477,0.33436999999685213,0.01755896139494162,0.01755896139494162,-15.241990359094988,,,,,,,,,,,
183__M_Left_ring_finger.BMP,Medium quality,0.75,Fingerprint Ridge Enhancement,G8,Directional oriented filter-bank,grayscale,M2 candidate,True,orientation-selected elongated Gaussian smoothing,0.05101790616060955,12.922773693552625,0.3235949646184071,0.3735189735889435,0.10332779999589548,0.012323014042552316,0.012323014042552316,-15.247226306447377,,,,,,,,,,,
183__M_Left_ring_finger.BMP,Medium quality,0.75,Segmentation,S1,Otsu thresholding,ridge map,M3 candidate,True,Binary/structural output; PSNR/MSE/SSIM intentionally not calculated,,,,,,,,,0.56732177734375,318.0,308.0,0.9677245616912842,8.5529854760624,11183.0,469.0,2190.0,23.844349680170577,0.4025644063949585,
183__M_Left_ring_finger.BMP,Medium quality,0.75,Segmentation,S2,Adaptive/local Sauvola thresholding,ridge map,M3 candidate,True,Binary/structural output; PSNR/MSE/SSIM intentionally not calculated,,,,,,,,,0.20294189453125,1488.0,1377.0,0.21766917407512665,111.87969924812029,8770.0,1546.0,812.0,5.672703751617076,0.40189129114151,
183__M_Left_ring_finger.BMP,Medium quality,0.75,Segmentation,S3,Local variance foreground segmentation,foreground mask,M3 candidate,True,Binary/structural output; PSNR/MSE/SSIM intentionally not calculated,,,,,,,,,0.996978759765625,1.0,0.0,1.0,0.015305029232605835,582.0,0.0,1.0,582.0,0.3603542447090149,0.996978759765625
183__M_Left_ring_finger.BMP,Medium quality,0.75,Segmentation,S4,Coherence-based foreground segmentation,foreground mask,M3 candidate,True,Binary/structural output; PSNR/MSE/SSIM intentionally not calculated,,,,,,,,,0.490447998046875,197.0,143.0,0.8256175518035889,6.129052330284362,5146.0,361.0,270.0,14.254847645429363,0.520218014717102,0.490447998046875
183__M_Left_ring_finger.BMP,Medium quality,0.75,Segmentation,S5,Orientation-confidence segmentation,foreground mask,M3 candidate,True,Binary/structural output; PSNR/MSE/SSIM intentionally not calculated,,,,,,,,,0.35345458984375,154.0,127.0,0.42656707763671875,6.648247280262476,4369.0,299.0,285.0,14.612040133779264,0.4989596903324127,0.35345458984375
183__M_Left_ring_finger.BMP,Medium quality,0.75,Morphological Ridge Restoration,M3-1,Opening,ridge map,M3 candidate,True,Binary ridge restoration; PSNR/MSE/SSIM intentionally not calculated,,,,,,,,,0.0965728759765625,91.0,52.0,0.4286617040634155,14.378258808658556,1068.0,108.0,0.0,9.88888888888889,0.37738311290740967,
183__M_Left_ring_finger.BMP,Medium quality,0.75,Morphological Ridge Restoration,M3-2,Closing,ridge map,M3 candidate,True,Binary ridge restoration; PSNR/MSE/SSIM intentionally not calculated,,,,,,,,,0.11981201171875,63.0,0.0,0.41569027304649353,8.023433520122262,1670.0,145.0,26.0,11.517241379310345,0.39365071058273315,
183__M_Left_ring_finger.BMP,Medium quality,0.75,Morphological Ridge Restoration,M3-3,Opening + Closing,ridge map,M3 candidate,True,Binary ridge restoration; PSNR/MSE/SSIM intentionally not calculated,,,,,,,,,0.097320556640625,86.0,47.0,0.4259956181049347,13.48385073690812,1078.0,108.0,0.0,9.981481481481481,0.3771602213382721,
183__M_Left_ring_finger.BMP,Medium quality,0.75,Morphological Ridge Restoration,M3-4,Morphological reconstruction,ridge map,M3 candidate,True,Binary ridge restoration; PSNR/MSE/SSIM intentionally not calculated,,,,,,,,,0.1121368408203125,64.0,4.0,0.43162333965301514,8.708667845965437,1899.0,189.0,51.0,10.047619047619047,0.390430748462677,
183__M_Left_ring_finger.BMP,Medium quality,0.75,Morphological Ridge Restoration,M3-5,Bridge / broken-ridge reconnection,ridge map,M3 candidate,True,Binary ridge restoration; PSNR/MSE/SSIM intentionally not calculated,,,,,,,,,0.077178955078125,63.0,5.0,0.2504942715167999,12.455516014234876,1598.0,128.0,11.0,12.484375,0.3776518702507019,
183__M_Left_ring_finger.BMP,Medium quality,0.75,Morphological Ridge Restoration,M3-6,Remove small objects / isolated noise,ridge map,M3 candidate,True,Binary ridge restoration; PSNR/MSE/SSIM intentionally not calculated,,,,,,,,,0.1052093505859375,48.0,0.0,0.4600435197353363,6.961566352429297,1703.0,147.0,39.0,11.585034013605442,0.3848271071910858,
183__M_Left_ring_finger.BMP,Medium quality,0.75,Morphological Ridge Restoration,M3-7,Spur cleanup,ridge map,M3 candidate,True,Binary ridge restoration; PSNR/MSE/SSIM intentionally not calculated,,,,,,,,,0.071746826171875,64.0,19.0,0.2939174771308899,13.611229264142919,1464.0,113.0,0.0,12.955752212389381,0.36871570348739624,
183__M_Left_ring_finger.BMP,Medium quality,0.75,Morphological Ridge Restoration,M3-8,Controlled ridge-restoration pipeline,ridge map,M3 candidate,True,Binary ridge restoration; PSNR/MSE/SSIM intentionally not calculated,,,,,,,,,0.0649261474609375,48.0,6.0,0.2787308990955353,11.28084606345476,1355.0,91.0,3.0,14.89010989010989,0.36211976408958435,
183__M_Left_ring_finger.BMP,Medium quality,0.75,Thinning / Feature Extraction,T1,Standard skeletonisation,skeleton,M4 candidate,True,"Skeleton/feature output; counts are detections, not ground-truth accuracy",,,,,,,,,0.0206756591796875,48.0,38.0,0.29225093126296997,35.42435424354244,1355.0,91.0,3.0,14.89010989010989,0.34373733401298523,
183__M_Left_ring_finger.BMP,Medium quality,0.75,Thinning / Feature Extraction,T2,Zhang-Suen thinning,skeleton,M4 candidate,True,"Skeleton/feature output; counts are detections, not ground-truth accuracy",,,,,,,,,0.021240234375,48.0,38.0,0.2902298867702484,34.48275862068966,1309.0,89.0,1.0,14.707865168539326,0.3387395739555359,
183__M_Left_ring_finger.BMP,Medium quality,0.75,Thinning / Feature Extraction,T3,Guo-Hall thinning,skeleton,M4 candidate,True,"Skeleton/feature output; counts are detections, not ground-truth accuracy",,,,,,,,,0.02191162109375,48.0,37.0,0.2757660150527954,33.42618384401114,1403.0,94.0,6.0,14.925531914893616,0.34340113401412964,
183__M_Left_ring_finger.BMP,Medium quality,0.75,Thinning / Feature Extraction,T4,Morphological skeleton / medial axis,skeleton,M4 candidate,True,"Skeleton/feature output; counts are detections, not ground-truth accuracy",,,,,,,,,0.0229644775390625,48.0,34.0,0.27043190598487854,31.8936877076412,1505.0,104.0,12.0,14.471153846153847,0.3510199189186096,
494__F_Left_thumb_finger.BMP,Medium quality,0.35,Control,CONTROL-DEGRADED,Degraded Input,grayscale,"Input condition/control, not a technique",False,"Input condition/control, not a technique",0.013553076706866908,18.679621036724463,0.7133231194557166,0.6164482831954956,0.0,0.0,0.0,-9.490378963275539,,,,,,,,,,,
494__F_Left_thumb_finger.BMP,Medium quality,0.35,Control,CONTROL-P0,Common Preprocessed Input P0,grayscale,"Common preprocessing control, not a member technique",False,"Common preprocessing control, not a member technique",0.013553076706866908,18.679621036724463,0.7133231194557166,0.6164482831954956,0.0,0.0,0.0,-9.490378963275539,,,,,,,,,,,
494__F_Left_thumb_finger.BMP,Medium quality,0.35,Denoising,D1,Gaussian filtering,grayscale,M1 candidate,True,sigma=0.65,0.014557996382564959,18.36898392871416,0.7444595925445426,0.6714137196540833,0.0011298999888822436,-0.310637108010301,-0.310637108010301,-9.80101607128584,,,,,,,,,,,
494__F_Left_thumb_finger.BMP,Medium quality,0.35,Denoising,D2,Median filtering,grayscale,M1 candidate,True,3x3 median,0.014610752703871849,18.35327409889279,0.7449766491994188,0.6945193409919739,0.009584199986420572,-0.3263469378316728,-0.3263469378316728,-9.816725901107212,,,,,,,,,,,
494__F_Left_thumb_finger.BMP,Medium quality,0.35,Denoising,D3,Bilateral filtering,grayscale,M1 candidate,True,"sigma_color=0.035, sigma_spatial=2.0",0.014124364874528178,18.500310718405057,0.7346868545439486,0.6308535933494568,0.176585300010629,-0.17931031831940558,-0.17931031831940558,-9.669689281594945,,,,,,,,,,,
494__F_Left_thumb_finger.BMP,Medium quality,0.35,Denoising,D4,Non-local means,grayscale,M1 candidate,True,"patch_size=3, patch_distance=5, h=0.055",0.01476174179233558,18.308623954824895,0.7434273104289942,0.690253496170044,0.06794350000564009,-0.37099708189956715,-0.37099708189956715,-9.861376045175106,,,,,,,,,,,
494__F_Left_thumb_finger.BMP,Medium quality,0.35,Denoising,D5,Wiener noise filtering,grayscale,M1 candidate,True,local window=5,0.021339161370390845,16.7082265236086,0.6280199586059223,0.7076927423477173,0.006549299985636026,-1.971394513115861,-1.971394513115861,-11.4617734763914,,,,,,,,,,,
494__F_Left_thumb_finger.BMP,Medium quality,0.35,Denoising,D6,Wavelet denoising,grayscale,M1 candidate,True,db2 level=2 shrinkage,0.013752112164035553,18.61630594143644,0.7400048089623577,0.6517054438591003,0.004960299993399531,-0.06331509528802215,-0.06331509528802215,-9.553694058563561,,,,,,,,,,,
494__F_Left_thumb_finger.BMP,Medium quality,0.35,Denoising,D7,Anisotropic diffusion,grayscale,M1 candidate,True,Perona-Malik style fixed parameters,0.014691863554100515,18.329231136766207,0.7558980157834967,0.688224196434021,0.009824699955061078,-0.3503898999582553,-0.3503898999582553,-9.840768863233794,,,,,,,,,,,
494__F_Left_thumb_finger.BMP,Medium quality,0.35,Restoration/Deblurring,R1,Wiener deconvolution,grayscale,M1 candidate,True,uses known synthetic Gaussian PSF formula; no clean pixels used,0.012522172401783167,19.023203212642322,0.7363436773337899,0.628631591796875,0.003022700024303049,0.34358217591785944,0.34358217591785944,-9.14679678735768,,,,,,,,,,,
494__F_Left_thumb_finger.BMP,Medium quality,0.35,Restoration/Deblurring,R2,Richardson-Lucy deconvolution,grayscale,M1 candidate,True,uses known synthetic Gaussian PSF formula; 8 iterations,0.012794383151302784,18.92980647677787,0.7275232401037095,0.618442177772522,0.027297600056044757,0.25018544005340715,0.25018544005340715,-9.240193523222132,,,,,,,,,,,
494__F_Left_thumb_finger.BMP,Medium quality,0.35,Restoration/Deblurring,R3,Total variation restoration,grayscale,M1 candidate,True,TV Chambolle weight=0.045,0.016405793938603145,17.850027476119163,0.7246025255368291,0.7224091291427612,0.012533099972642958,-0.8295935606053,-0.8295935606053,-10.319972523880839,,,,,,,,,,,
494__F_Left_thumb_finger.BMP,Medium quality,0.35,Restoration/Deblurring,R4,Tikhonov regularised inverse restoration,grayscale,M1 candidate,True,uses known synthetic Gaussian PSF formula; lambda=0.025,0.01359850420357082,18.66508860149039,0.7219285340690329,0.640715479850769,0.012627899996004999,-0.01453243523407366,-0.01453243523407366,-9.504911398509613,,,,,,,,,,,
494__F_Left_thumb_finger.BMP,Medium quality,0.35,Restoration/Deblurring,R5,Edge-preserving restoration,grayscale,M1 candidate,True,TV followed by bilateral filter,0.015441308801148072,18.113158917576076,0.7420589718859657,0.7213711142539978,0.17422939999960363,-0.5664621191483867,-0.5664621191483867,-10.056841082423926,,,,,,,,,,,
494__F_Left_thumb_finger.BMP,Medium quality,0.35,Contrast Enhancement,C1,Global histogram equalisation,grayscale,M1 baseline candidate,True,global equalize_hist,0.016393435956994676,17.85330011605069,0.6770282289241334,0.6067293882369995,0.0047901999787427485,-0.8263209206737727,-0.8263209206737727,-10.316699883949312,,,,,,,,,,,
494__F_Left_thumb_finger.BMP,Medium quality,0.35,Contrast Enhancement,C2,Adaptive histogram equalisation,grayscale,M1 baseline candidate,True,AHE-like un-clipped adaptive histogram equalisation,0.09525687300109476,10.211036791823897,0.5597575388110634,0.6008658409118652,0.006336199992801994,-8.468584244900565,-8.468584244900565,-17.958963208176105,,,,,,,,,,,
494__F_Left_thumb_finger.BMP,Medium quality,0.35,Contrast Enhancement,C3,CLAHE,grayscale,M1 baseline candidate,True,clip_limit=0.025,0.08393689781166667,10.760470857341444,0.5666499508601844,0.6027617454528809,0.006452999950852245,-7.919150179383019,-7.919150179383019,-17.409529142658556,,,,,,,,,,,
494__F_Left_thumb_finger.BMP,Medium quality,0.35,Contrast Enhancement,C4,Contrast stretching,grayscale,M1 candidate,True,2nd to 98th percentile,0.009803070578066368,20.086378706095832,0.7562890181945842,0.619765043258667,0.0015631000278517604,1.4067576693713697,1.4067576693713697,-8.08362129390417,,,,,,,,,,,
494__F_Left_thumb_finger.BMP,Medium quality,0.35,Contrast Enhancement,C5,Gamma correction,grayscale,M1 candidate,True,gamma=0.85,0.017974957739565735,17.45332122001824,0.6941898167712865,0.6153308749198914,0.001186500012408942,-1.2262998167062236,-1.2262998167062236,-10.716678779981763,,,,,,,,,,,
494__F_Left_thumb_finger.BMP,Medium quality,0.35,Contrast Enhancement,C6,Homomorphic filtering,grayscale,M1 candidate,True,log-domain high-frequency gain=0.70,0.022992342621600576,16.384167774996094,0.6208266845286126,0.617489218711853,0.01119049999397248,-2.295453261728369,-2.295453261728369,-11.785832225003908,,,,,,,,,,,
494__F_Left_thumb_finger.BMP,Medium quality,0.35,Fingerprint Ridge Enhancement,G1,Ordinary Gabor filter,grayscale,M2 baseline,True,"fixed frequency=0.115, 8 orientations",0.03522475157824449,14.531520610597141,0.5900834083890294,0.6310689449310303,1.0361890000058338,-4.148100426127321,-4.148100426127321,-13.63847938940286,,,,,,,,,,,
494__F_Left_thumb_finger.BMP,Medium quality,0.35,Fingerprint Ridge Enhancement,G2,Literature-inspired Modified Gabor,grayscale,M2 literature technique,True,local orientation + local ridge frequency; exact article parameters unavailable,0.015849109515378167,17.99995133662103,0.6920366962169809,0.6035728454589844,2.0463418000144884,-0.6796697001034318,-0.6796697001034318,-10.17004866337897,,,,,,,,,,,
494__F_Left_thumb_finger.BMP,Medium quality,0.35,Fingerprint Ridge Enhancement,G3,Adaptive local-orientation Gabor,grayscale,M2 candidate,True,"local orientation, fixed frequency",0.016194261299795117,17.90638857517317,0.6910963794654357,0.6002135276794434,0.5047968999715522,-0.7732324615512915,-0.7732324615512915,-10.26361142482683,,,,,,,,,,,
494__F_Left_thumb_finger.BMP,Medium quality,0.35,Fingerprint Ridge Enhancement,G4,Adaptive orientation-frequency Gabor,grayscale,M2 candidate,True,local orientation + local frequency,0.016490107632543036,17.827765096637307,0.6861404674468916,0.5992383360862732,2.1316385999671184,-0.8518559400871553,-0.8518559400871553,-10.342234903362694,,,,,,,,,,,
494__F_Left_thumb_finger.BMP,Medium quality,0.35,Fingerprint Ridge Enhancement,G5,Log-Gabor,grayscale,M2 candidate,True,local selection from log-Gabor frequency/orientation bank,0.023883577987809344,16.219006112126202,0.6382652857809479,0.6004165410995483,0.3247531999950297,-2.4606149245982607,-2.4606149245982607,-11.9509938878738,,,,,,,,,,,
494__F_Left_thumb_finger.BMP,Medium quality,0.35,Fingerprint Ridge Enhancement,G6,STFT contextual enhancement,grayscale,M2 candidate,True,"32px blocks, band-pass contextual filtering",0.031169141326383907,15.06275161866564,0.5522052406043331,0.5863058567047119,0.06257370003731921,-3.6168694180588226,-3.6168694180588226,-13.107248381334362,,,,,,,,,,,
494__F_Left_thumb_finger.BMP,Medium quality,0.35,Fingerprint Ridge Enhancement,G7,Coherence-guided directional diffusion,grayscale,M2/M3 candidate,True,directional smoothing weighted by coherence,0.014364287777748744,18.42715902694089,0.7072828198768054,0.6486061811447144,0.33850640000309795,-0.25246200978357436,-0.25246200978357436,-9.742840973059113,,,,,,,,,,,
494__F_Left_thumb_finger.BMP,Medium quality,0.35,Fingerprint Ridge Enhancement,G8,Directional oriented filter-bank,grayscale,M2 candidate,True,orientation-selected elongated Gaussian smoothing,0.013781312342993695,18.607094242148317,0.7131950089771263,0.6294636726379395,0.1041943000163883,-0.07252679457614519,-0.07252679457614519,-9.562905757851684,,,,,,,,,,,
494__F_Left_thumb_finger.BMP,Medium quality,0.35,Segmentation,S1,Otsu thresholding,ridge map,M3 candidate,True,Binary/structural output; PSNR/MSE/SSIM intentionally not calculated,,,,,,,,,0.5632476806640625,182.0,172.0,0.9620459079742432,4.930512285644625,6758.0,85.0,601.0,79.50588235294117,0.6685172319412231,
494__F_Left_thumb_finger.BMP,Medium quality,0.35,Segmentation,S2,Adaptive/local Sauvola thresholding,ridge map,M3 candidate,True,Binary/structural output; PSNR/MSE/SSIM intentionally not calculated,,,,,,,,,0.3869171142578125,124.0,97.0,0.7960720658302307,4.8901683953149035,7465.0,254.0,487.0,29.38976377952756,0.6647940278053284,
494__F_Left_thumb_finger.BMP,Medium quality,0.35,Segmentation,S3,Local variance foreground segmentation,foreground mask,M3 candidate,True,Binary/structural output; PSNR/MSE/SSIM intentionally not calculated,,,,,,,,,0.809814453125,3.0,2.0,0.999811589717865,0.05652698221284293,1733.0,18.0,30.0,96.27777777777777,0.6962084174156189,0.809814453125
494__F_Left_thumb_finger.BMP,Medium quality,0.35,Segmentation,S4,Coherence-based foreground segmentation,foreground mask,M3 candidate,True,Binary/structural output; PSNR/MSE/SSIM intentionally not calculated,,,,,,,,,0.77642822265625,74.0,59.0,0.9794827699661255,1.4542881848911249,5518.0,144.0,282.0,38.31944444444444,0.7366604804992676,0.77642822265625
494__F_Left_thumb_finger.BMP,Medium quality,0.35,Segmentation,S5,Orientation-confidence segmentation,foreground mask,M3 candidate,True,Binary/structural output; PSNR/MSE/SSIM intentionally not calculated,,,,,,,,,0.4338226318359375,24.0,14.0,0.8874468207359314,0.8441489922971405,3383.0,104.0,189.0,32.52884615384615,0.7735927104949951,0.4338226318359375
494__F_Left_thumb_finger.BMP,Medium quality,0.35,Morphological Ridge Restoration,M3-1,Opening,ridge map,M3 candidate,True,Binary ridge restoration; PSNR/MSE/SSIM intentionally not calculated,,,,,,,,,0.3739471435546875,61.0,16.0,0.48227035999298096,2.489084751295548,4964.0,192.0,81.0,25.854166666666668,0.6607745289802551,
494__F_Left_thumb_finger.BMP,Medium quality,0.35,Morphological Ridge Restoration,M3-2,Closing,ridge map,M3 candidate,True,Binary ridge restoration; PSNR/MSE/SSIM intentionally not calculated,,,,,,,,,0.3977813720703125,24.0,0.0,0.8231616020202637,0.9206337028654724,5572.0,106.0,145.0,52.56603773584906,0.6582929491996765,
494__F_Left_thumb_finger.BMP,Medium quality,0.35,Morphological Ridge Restoration,M3-3,Opening + Closing,ridge map,M3 candidate,True,Binary ridge restoration; PSNR/MSE/SSIM intentionally not calculated,,,,,,,,,0.378265380859375,43.0,9.0,0.7822105884552002,1.7345703912868093,4998.0,158.0,88.0,31.632911392405063,0.6591339111328125,
494__F_Left_thumb_finger.BMP,Medium quality,0.35,Morphological Ridge Restoration,M3-4,Morphological reconstruction,ridge map,M3 candidate,True,Binary ridge restoration; PSNR/MSE/SSIM intentionally not calculated,,,,,,,,,0.387969970703125,27.0,1.0,0.7932038307189941,1.061905136474475,5660.0,165.0,159.0,34.303030303030305,0.6605477333068848,
494__F_Left_thumb_finger.BMP,Medium quality,0.35,Morphological Ridge Restoration,M3-5,Bridge / broken-ridge reconnection,ridge map,M3 candidate,True,Binary ridge restoration; PSNR/MSE/SSIM intentionally not calculated,,,,,,,,,0.2501983642578125,21.0,1.0,0.8055741786956787,1.2807220833079223,5530.0,91.0,142.0,60.76923076923077,0.6738237142562866,
494__F_Left_thumb_finger.BMP,Medium quality,0.35,Morphological Ridge Restoration,M3-6,Remove small objects / isolated noise,ridge map,M3 candidate,True,Binary ridge restoration; PSNR/MSE/SSIM intentionally not calculated,,,,,,,,,0.38702392578125,25.0,0.0,0.7943148016929626,0.9856489512695158,5639.0,161.0,159.0,35.024844720496894,0.6610644459724426,
494__F_Left_thumb_finger.BMP,Medium quality,0.35,Morphological Ridge Restoration,M3-7,Spur cleanup,ridge map,M3 candidate,True,Binary ridge restoration; PSNR/MSE/SSIM intentionally not calculated,,,,,,,,,0.2401275634765625,27.0,4.0,0.7788015604019165,1.7157018491453262,5243.0,106.0,109.0,49.4622641509434,0.6809828281402588,
494__F_Left_thumb_finger.BMP,Medium quality,0.35,Morphological Ridge Restoration,M3-8,Controlled ridge-restoration pipeline,ridge map,M3 candidate,True,Binary ridge restoration; PSNR/MSE/SSIM intentionally not calculated,,,,,,,,,0.241241455078125,22.0,2.0,0.8056293725967407,1.3915243516761542,5326.0,92.0,120.0,57.891304347826086,0.6775526404380798,
494__F_Left_thumb_finger.BMP,Medium quality,0.35,Thinning / Feature Extraction,T1,Standard skeletonisation,skeleton,M4 candidate,True,"Skeleton/feature output; counts are detections, not ground-truth accuracy",,,,,,,,,0.081268310546875,22.0,13.0,0.8107397556304932,4.130679684566279,5326.0,92.0,120.0,57.891304347826086,0.6692553162574768,
494__F_Left_thumb_finger.BMP,Medium quality,0.35,Thinning / Feature Extraction,T2,Zhang-Suen thinning,skeleton,M4 candidate,True,"Skeleton/feature output; counts are detections, not ground-truth accuracy",,,,,,,,,0.0873260498046875,22.0,12.0,0.8208981156349182,3.8441376900227153,5262.0,89.0,117.0,59.12359550561798,0.6736342310905457,
494__F_Left_thumb_finger.BMP,Medium quality,0.35,Thinning / Feature Extraction,T3,Guo-Hall thinning,skeleton,M4 candidate,True,"Skeleton/feature output; counts are detections, not ground-truth accuracy",,,,,,,,,0.0810394287109375,22.0,13.0,0.803238570690155,4.142346074185652,5292.0,91.0,117.0,58.15384615384615,0.6725651621818542,
494__F_Left_thumb_finger.BMP,Medium quality,0.35,Thinning / Feature Extraction,T4,Morphological skeleton / medial axis,skeleton,M4 candidate,True,"Skeleton/feature output; counts are detections, not ground-truth accuracy",,,,,,,,,0.0819091796875,22.0,11.0,0.803464949131012,4.098360655737705,5368.0,106.0,134.0,50.64150943396226,0.6717806458473206,
159__M_Right_thumb_finger.BMP,Lower quality,0.55,Control,CONTROL-DEGRADED,Degraded Input,grayscale,"Input condition/control, not a technique",False,"Input condition/control, not a technique",0.02976756429694738,15.26256699638508,0.3952516253058921,0.37059158086776733,0.0,0.0,0.0,-12.907433003614921,,,,,,,,,,,
159__M_Right_thumb_finger.BMP,Lower quality,0.55,Control,CONTROL-P0,Common Preprocessed Input P0,grayscale,"Common preprocessing control, not a member technique",False,"Common preprocessing control, not a member technique",0.02976756429694738,15.26256699638508,0.3952516253058921,0.37059158086776733,0.0,0.0,0.0,-12.907433003614921,,,,,,,,,,,
159__M_Right_thumb_finger.BMP,Lower quality,0.55,Denoising,D1,Gaussian filtering,grayscale,M1 candidate,True,sigma=0.65,0.028368690321713446,15.471607135232206,0.549607705275612,0.45466798543930054,0.0008007000433281064,0.2090401388471257,0.2090401388471257,-12.698392864767795,,,,,,,,,,,
159__M_Right_thumb_finger.BMP,Lower quality,0.55,Denoising,D2,Median filtering,grayscale,M1 candidate,True,3x3 median,0.028379147372169497,15.47000656698291,0.5700741132259779,0.5010968446731567,0.008572999970056117,0.20743957059782936,0.20743957059782936,-12.699993433017092,,,,,,,,,,,
159__M_Right_thumb_finger.BMP,Lower quality,0.55,Denoising,D3,Bilateral filtering,grayscale,M1 candidate,True,"sigma_color=0.035, sigma_spatial=2.0",0.029635157459907892,15.281927608903773,0.45002379890631805,0.37616923451423645,0.10739059996558353,0.019360612518692477,0.019360612518692477,-12.888072391096228,,,,,,,,,,,
159__M_Right_thumb_finger.BMP,Lower quality,0.55,Denoising,D4,Non-local means,grayscale,M1 candidate,True,"patch_size=3, patch_distance=5, h=0.055",0.02930437116492844,15.330675935975568,0.5969964791561688,0.4596199691295624,0.04886900004930794,0.0681089395904877,0.0681089395904877,-12.839324064024433,,,,,,,,,,,
159__M_Right_thumb_finger.BMP,Lower quality,0.55,Denoising,D5,Wiener noise filtering,grayscale,M1 candidate,True,local window=5,0.03045205127045797,15.163834476801764,0.5772618758197082,0.5290775895118713,0.004497300018556416,-0.09873251958331686,-0.09873251958331686,-13.006165523198238,,,,,,,,,,,
159__M_Right_thumb_finger.BMP,Lower quality,0.55,Denoising,D6,Wavelet denoising,grayscale,M1 candidate,True,db2 level=2 shrinkage,0.029006091695969263,15.375107844417514,0.46630200472557953,0.4209350049495697,0.0030928999767638743,0.1125408480324328,0.1125408480324328,-12.794892155582488,,,,,,,,,,,
159__M_Right_thumb_finger.BMP,Lower quality,0.55,Denoising,D7,Anisotropic diffusion,grayscale,M1 candidate,True,Perona-Malik style fixed parameters,0.029109741875449534,15.35961645559641,0.5901795275643085,0.4804561138153076,0.006617299979552627,0.09704945921132868,0.09704945921132868,-12.810383544403592,,,,,,,,,,,
159__M_Right_thumb_finger.BMP,Lower quality,0.55,Restoration/Deblurring,R1,Wiener deconvolution,grayscale,M1 candidate,True,uses known synthetic Gaussian PSF formula; no clean pixels used,0.028570962247713067,15.440751326716962,0.4316914302012243,0.39472106099128723,0.0019862999906763434,0.17818433033188086,0.17818433033188086,-12.72924867328304,,,,,,,,,,,
159__M_Right_thumb_finger.BMP,Lower quality,0.55,Restoration/Deblurring,R2,Richardson-Lucy deconvolution,grayscale,M1 candidate,True,uses known synthetic Gaussian PSF formula; 8 iterations,0.02898936140877339,15.377613513818268,0.41815410422433563,0.38634440302848816,0.016990400035865605,0.11504651743318739,0.11504651743318739,-12.792386486181734,,,,,,,,,,,
159__M_Right_thumb_finger.BMP,Lower quality,0.55,Restoration/Deblurring,R3,Total variation restoration,grayscale,M1 candidate,True,TV Chambolle weight=0.045,0.02972004961770043,15.269504698550858,0.6133081044793728,0.5552759170532227,0.010974100034218282,0.006937702165776827,0.006937702165776827,-12.900495301449144,,,,,,,,,,,
159__M_Right_thumb_finger.BMP,Lower quality,0.55,Restoration/Deblurring,R4,Tikhonov regularised inverse restoration,grayscale,M1 candidate,True,uses known synthetic Gaussian PSF formula; lambda=0.025,0.02940677015772085,15.315526728648504,0.4190193524845225,0.41126295924186707,0.007387000019662082,0.052959732263422765,0.052959732263422765,-12.854473271351498,,,,,,,,,,,
159__M_Right_thumb_finger.BMP,Lower quality,0.55,Restoration/Deblurring,R5,Edge-preserving restoration,grayscale,M1 candidate,True,TV followed by bilateral filter,0.029398273522162573,15.316781737311864,0.6164711106163744,0.5210563540458679,0.11911870003677905,0.05421474092678302,0.05421474092678302,-12.853218262688138,,,,,,,,,,,
159__M_Right_thumb_finger.BMP,Lower quality,0.55,Contrast Enhancement,C1,Global histogram equalisation,grayscale,M1 baseline candidate,True,global equalize_hist,0.042576047097349766,13.70834662378655,0.326333123417107,0.3591251075267792,0.003552100039087236,-1.5542203725985306,-1.5542203725985306,-14.461653376213452,,,,,,,,,,,
159__M_Right_thumb_finger.BMP,Lower quality,0.55,Contrast Enhancement,C2,Adaptive histogram equalisation,grayscale,M1 baseline candidate,True,AHE-like un-clipped adaptive histogram equalisation,0.17667967919138905,7.528133979892406,0.22434797136163395,0.3566579818725586,0.0052482999744825065,-7.734433016492675,-7.734433016492675,-20.641866020107596,,,,,,,,,,,
159__M_Right_thumb_finger.BMP,Lower quality,0.55,Contrast Enhancement,C3,CLAHE,grayscale,M1 baseline candidate,True,clip_limit=0.025,0.15738816380853132,8.030279313538625,0.2279628539521605,0.3572271466255188,0.005980000016279519,-7.232287682846456,-7.232287682846456,-20.139720686461377,,,,,,,,,,,
159__M_Right_thumb_finger.BMP,Lower quality,0.55,Contrast Enhancement,C4,Contrast stretching,grayscale,M1 candidate,True,2nd to 98th percentile,0.021116446209397982,16.753791695432206,0.43121676129439823,0.3744114637374878,0.0012531999964267015,1.491224699047125,1.491224699047125,-11.416208304567796,,,,,,,,,,,
159__M_Right_thumb_finger.BMP,Lower quality,0.55,Contrast Enhancement,C5,Gamma correction,grayscale,M1 candidate,True,gamma=0.85,0.03398211921274469,14.687495408965695,0.3976857633564784,0.36884254217147827,0.001111100020352751,-0.5750715874193855,-0.5750715874193855,-13.482504591034306,,,,,,,,,,,
159__M_Right_thumb_finger.BMP,Lower quality,0.55,Contrast Enhancement,C6,Homomorphic filtering,grayscale,M1 candidate,True,log-domain high-frequency gain=0.70,0.036691388162224475,14.354358570696292,0.4047635776890139,0.37168586254119873,0.009682000032626092,-0.9082084256887892,-0.9082084256887892,-13.81564142930371,,,,,,,,,,,
159__M_Right_thumb_finger.BMP,Lower quality,0.55,Fingerprint Ridge Enhancement,G1,Ordinary Gabor filter,grayscale,M2 baseline,True,"fixed frequency=0.115, 8 orientations",0.053923583520979874,12.682212542384319,0.3735720853503317,0.4010719954967499,1.0977266000118107,-2.580354454000762,-2.580354454000762,-15.487787457615683,,,,,,,,,,,
159__M_Right_thumb_finger.BMP,Lower quality,0.55,Fingerprint Ridge Enhancement,G2,Literature-inspired Modified Gabor,grayscale,M2 literature technique,True,local orientation + local ridge frequency; exact article parameters unavailable,0.03106763816562779,15.076917615703646,0.39004895173005316,0.36502641439437866,2.349993199983146,-0.18564938068143455,-0.18564938068143455,-13.093082384296356,,,,,,,,,,,
159__M_Right_thumb_finger.BMP,Lower quality,0.55,Fingerprint Ridge Enhancement,G3,Adaptive local-orientation Gabor,grayscale,M2 candidate,True,"local orientation, fixed frequency",0.029746191240709232,15.265686342728067,0.40089529623833836,0.36019474267959595,0.5937006999738514,0.0031193463429861623,0.0031193463429861623,-12.904313657271935,,,,,,,,,,,
159__M_Right_thumb_finger.BMP,Lower quality,0.55,Fingerprint Ridge Enhancement,G4,Adaptive orientation-frequency Gabor,grayscale,M2 candidate,True,local orientation + local frequency,0.031407726460287014,15.029635001340731,0.388676790497452,0.3634014129638672,2.3600604999810457,-0.2329319950443498,-0.2329319950443498,-13.14036499865927,,,,,,,,,,,
159__M_Right_thumb_finger.BMP,Lower quality,0.55,Fingerprint Ridge Enhancement,G5,Log-Gabor,grayscale,M2 candidate,True,local selection from log-Gabor frequency/orientation bank,0.03814526878821309,14.185593205293525,0.36451262506484045,0.3621872663497925,0.32786429999396205,-1.0769737910915556,-1.0769737910915556,-13.984406794706477,,,,,,,,,,,
159__M_Right_thumb_finger.BMP,Lower quality,0.55,Fingerprint Ridge Enhancement,G6,STFT contextual enhancement,grayscale,M2 candidate,True,"32px blocks, band-pass contextual filtering",0.04872176293414699,13.12277005705228,0.3261051892725764,0.3435385823249817,0.06462880002800375,-2.1397969393328005,-2.1397969393328005,-15.047229942947721,,,,,,,,,,,
159__M_Right_thumb_finger.BMP,Lower quality,0.55,Fingerprint Ridge Enhancement,G7,Coherence-guided directional diffusion,grayscale,M2/M3 candidate,True,directional smoothing weighted by coherence,0.029505911956723706,15.300909578203665,0.4099587794037304,0.40657857060432434,0.44865529995877296,0.03834258181858452,0.03834258181858452,-12.869090421796336,,,,,,,,,,,
159__M_Right_thumb_finger.BMP,Lower quality,0.55,Fingerprint Ridge Enhancement,G8,Directional oriented filter-bank,grayscale,M2 candidate,True,orientation-selected elongated Gaussian smoothing,0.0295694316573149,15.291570228010398,0.4048966730629478,0.386049747467041,0.15350959997158498,0.029003231625317483,0.029003231625317483,-12.878429771989603,,,,,,,,,,,
159__M_Right_thumb_finger.BMP,Lower quality,0.55,Segmentation,S1,Otsu thresholding,ridge map,M3 candidate,True,Binary/structural output; PSNR/MSE/SSIM intentionally not calculated,,,,,,,,,0.5120697021484375,112.0,103.0,0.9733603596687317,3.3374057629845946,3738.0,25.0,307.0,149.52,0.43710601329803467,
159__M_Right_thumb_finger.BMP,Lower quality,0.55,Segmentation,S2,Adaptive/local Sauvola thresholding,ridge map,M3 candidate,True,Binary/structural output; PSNR/MSE/SSIM intentionally not calculated,,,,,,,,,0.2502593994140625,449.0,401.0,0.25638681650161743,27.376379489055545,8041.0,760.0,1225.0,10.580263157894738,0.4540850520133972,
159__M_Right_thumb_finger.BMP,Lower quality,0.55,Segmentation,S3,Local variance foreground segmentation,foreground mask,M3 candidate,True,Binary/structural output; PSNR/MSE/SSIM intentionally not calculated,,,,,,,,,0.7165985107421875,12.0,3.0,0.9226199388504028,0.25552030321742647,2155.0,36.0,59.0,59.861111111111114,0.42799851298332214,0.7202706660295637
159__M_Right_thumb_finger.BMP,Lower quality,0.55,Segmentation,S4,Coherence-based foreground segmentation,foreground mask,M3 candidate,True,Binary/structural output; PSNR/MSE/SSIM intentionally not calculated,,,,,,,,,0.434661865234375,236.0,152.0,0.7506494522094727,8.28477146668539,3956.0,405.0,163.0,9.767901234567901,0.6004955172538757,0.43648871681757184
159__M_Right_thumb_finger.BMP,Lower quality,0.55,Segmentation,S5,Orientation-confidence segmentation,foreground mask,M3 candidate,True,Binary/structural output; PSNR/MSE/SSIM intentionally not calculated,,,,,,,,,0.3649749755859375,76.0,62.0,0.8949788808822632,3.1773903591287262,3274.0,168.0,161.0,19.488095238095237,0.604321300983429,0.36978377207906704
159__M_Right_thumb_finger.BMP,Lower quality,0.55,Morphological Ridge Restoration,M3-1,Opening,ridge map,M3 candidate,True,Binary ridge restoration; PSNR/MSE/SSIM intentionally not calculated,,,,,,,,,0.1934967041015625,107.0,41.0,0.23113319277763367,8.437820361170255,2288.0,217.0,37.0,10.543778801843319,0.4856891632080078,
159__M_Right_thumb_finger.BMP,Lower quality,0.55,Morphological Ridge Restoration,M3-2,Closing,ridge map,M3 candidate,True,Binary ridge restoration; PSNR/MSE/SSIM intentionally not calculated,,,,,,,,,0.2264862060546875,52.0,0.0,0.2559455633163452,3.503334905342586,3076.0,185.0,95.0,16.627027027027026,0.47212353348731995,
159__M_Right_thumb_finger.BMP,Lower quality,0.55,Morphological Ridge Restoration,M3-3,Opening + Closing,ridge map,M3 candidate,True,Binary ridge restoration; PSNR/MSE/SSIM intentionally not calculated,,,,,,,,,0.196044921875,90.0,28.0,0.22906288504600525,7.004981320049813,2290.0,193.0,41.0,11.865284974093264,0.48426830768585205,
159__M_Right_thumb_finger.BMP,Lower quality,0.55,Morphological Ridge Restoration,M3-4,Morphological reconstruction,ridge map,M3 candidate,True,Binary ridge restoration; PSNR/MSE/SSIM intentionally not calculated,,,,,,,,,0.2142333984375,60.0,2.0,0.2282763570547104,4.273504273504273,3477.0,312.0,193.0,11.14423076923077,0.4779388904571533,
159__M_Right_thumb_finger.BMP,Lower quality,0.55,Morphological Ridge Restoration,M3-5,Bridge / broken-ridge reconnection,ridge map,M3 candidate,True,Binary ridge restoration; PSNR/MSE/SSIM intentionally not calculated,,,,,,,,,0.1395721435546875,50.0,3.0,0.20673444867134094,5.466273095003826,2971.0,166.0,92.0,17.897590361445783,0.4426736831665039,
159__M_Right_thumb_finger.BMP,Lower quality,0.55,Morphological Ridge Restoration,M3-6,Remove small objects / isolated noise,ridge map,M3 candidate,True,Binary ridge restoration; PSNR/MSE/SSIM intentionally not calculated,,,,,,,,,0.21124267578125,53.0,0.0,0.23150824010372162,3.8283733025137243,3383.0,290.0,185.0,11.66551724137931,0.48062291741371155,
159__M_Right_thumb_finger.BMP,Lower quality,0.55,Morphological Ridge Restoration,M3-7,Spur cleanup,ridge map,M3 candidate,True,Binary ridge restoration; PSNR/MSE/SSIM intentionally not calculated,,,,,,,,,0.13006591796875,63.0,12.0,0.16283434629440308,7.390896292820273,2674.0,159.0,68.0,16.81761006289308,0.45263367891311646,
159__M_Right_thumb_finger.BMP,Lower quality,0.55,Morphological Ridge Restoration,M3-8,Controlled ridge-restoration pipeline,ridge map,M3 candidate,True,Binary ridge restoration; PSNR/MSE/SSIM intentionally not calculated,,,,,,,,,0.12860107421875,49.0,3.0,0.19589464366436005,5.813953488372093,2724.0,142.0,62.0,19.183098591549296,0.4500008821487427,
159__M_Right_thumb_finger.BMP,Lower quality,0.55,Thinning / Feature Extraction,T1,Standard skeletonisation,skeleton,M4 candidate,True,"Skeleton/feature output; counts are detections, not ground-truth accuracy",,,,,,,,,0.04156494140625,49.0,23.0,0.2022760659456253,17.988252569750365,2724.0,142.0,62.0,19.183098591549296,0.4470955729484558,
159__M_Right_thumb_finger.BMP,Lower quality,0.55,Thinning / Feature Extraction,T2,Zhang-Suen thinning,skeleton,M4 candidate,True,"Skeleton/feature output; counts are detections, not ground-truth accuracy",,,,,,,,,0.043701171875,49.0,22.0,0.20251396298408508,17.108938547486034,2651.0,135.0,57.0,19.637037037037036,0.446440726518631,
159__M_Right_thumb_finger.BMP,Lower quality,0.55,Thinning / Feature Extraction,T3,Guo-Hall thinning,skeleton,M4 candidate,True,"Skeleton/feature output; counts are detections, not ground-truth accuracy",,,,,,,,,0.043365478515625,49.0,22.0,0.19422940909862518,17.241379310344826,2797.0,150.0,70.0,18.64666666666667,0.438485324382782,
159__M_Right_thumb_finger.BMP,Lower quality,0.55,Thinning / Feature Extraction,T4,Morphological skeleton / medial axis,skeleton,M4 candidate,True,"Skeleton/feature output; counts are detections, not ground-truth accuracy",,,,,,,,,0.04510498046875,49.0,20.0,0.18944519758224487,16.576454668470905,2956.0,170.0,90.0,17.388235294117646,0.4348444640636444,
493__M_Left_little_finger.BMP,Lower quality,0.75,Control,CONTROL-DEGRADED,Degraded Input,grayscale,"Input condition/control, not a technique",False,"Input condition/control, not a technique",0.044177192527388644,13.54801887120194,0.31363286437437116,0.28244054317474365,0.0,0.0,0.0,-14.621981128798062,,,,,,,,,,,
493__M_Left_little_finger.BMP,Lower quality,0.75,Control,CONTROL-P0,Common Preprocessed Input P0,grayscale,"Common preprocessing control, not a member technique",False,"Common preprocessing control, not a member technique",0.044177192527388644,13.54801887120194,0.31363286437437116,0.28244054317474365,0.0,0.0,0.0,-14.621981128798062,,,,,,,,,,,
493__M_Left_little_finger.BMP,Lower quality,0.75,Denoising,D1,Gaussian filtering,grayscale,M1 candidate,True,sigma=0.65,0.04163120925166051,13.805809740832908,0.45023400297356814,0.38433748483657837,0.0008003999828360975,0.2577908696309681,0.2577908696309681,-14.364190259167094,,,,,,,,,,,
493__M_Left_little_finger.BMP,Lower quality,0.75,Denoising,D2,Median filtering,grayscale,M1 candidate,True,3x3 median,0.04157064117326299,13.812132770126059,0.46732646858390947,0.44405174255371094,0.008545599994249642,0.2641138989241192,0.2641138989241192,-14.357867229873943,,,,,,,,,,,
493__M_Left_little_finger.BMP,Lower quality,0.75,Denoising,D3,Bilateral filtering,grayscale,M1 candidate,True,"sigma_color=0.035, sigma_spatial=2.0",0.04398702176327935,13.566754418776469,0.3333651567005607,0.2904444932937622,0.1076939000049606,0.01873554757452922,0.01873554757452922,-14.603245581223533,,,,,,,,,,,
493__M_Left_little_finger.BMP,Lower quality,0.75,Denoising,D4,Non-local means,grayscale,M1 candidate,True,"patch_size=3, patch_distance=5, h=0.055",0.04324933702642354,13.640205454933339,0.4678392788711844,0.39464861154556274,0.04978800000390038,0.0921865837313991,0.0921865837313991,-14.529794545066663,,,,,,,,,,,
493__M_Left_little_finger.BMP,Lower quality,0.75,Denoising,D5,Wiener noise filtering,grayscale,M1 candidate,True,local window=5,0.043168428888081666,13.64833757173082,0.49202744831917844,0.5073754787445068,0.005291899957228452,0.10031870052888081,0.10031870052888081,-14.521662428269181,,,,,,,,,,,
493__M_Left_little_finger.BMP,Lower quality,0.75,Denoising,D6,Wavelet denoising,grayscale,M1 candidate,True,db2 level=2 shrinkage,0.04287040322464259,13.678424316418354,0.3663652425427225,0.34096822142601013,0.0035261999582871795,0.1304054452164145,0.1304054452164145,-14.491575683581647,,,,,,,,,,,
493__M_Left_little_finger.BMP,Lower quality,0.75,Denoising,D7,Anisotropic diffusion,grayscale,M1 candidate,True,Perona-Malik style fixed parameters,0.04253198170516251,13.71284381603719,0.4449671623935789,0.38645341992378235,0.006397699995432049,0.16482494483524945,0.16482494483524945,-14.457156183962812,,,,,,,,,,,
493__M_Left_little_finger.BMP,Lower quality,0.75,Restoration/Deblurring,R1,Wiener deconvolution,grayscale,M1 candidate,True,uses known synthetic Gaussian PSF formula; no clean pixels used,0.04254976064983503,13.711028785582007,0.3514122692823294,0.3080686330795288,0.002119000011589378,0.1630099143800674,0.1630099143800674,-14.458971214417994,,,,,,,,,,,
493__M_Left_little_finger.BMP,Lower quality,0.75,Restoration/Deblurring,R2,Richardson-Lucy deconvolution,grayscale,M1 candidate,True,uses known synthetic Gaussian PSF formula; 8 iterations,0.04325809539373011,13.63932605983437,0.33535813296680883,0.29979971051216125,0.018439400009810925,0.09130718863243104,0.09130718863243104,-14.53067394016563,,,,,,,,,,,
493__M_Left_little_finger.BMP,Lower quality,0.75,Restoration/Deblurring,R3,Total variation restoration,grayscale,M1 candidate,True,TV Chambolle weight=0.045,0.04289563561266781,13.675868925648462,0.5098215967943733,0.49086809158325195,0.011360800010152161,0.12785005444652242,0.12785005444652242,-14.49413107435154,,,,,,,,,,,
493__M_Left_little_finger.BMP,Lower quality,0.75,Restoration/Deblurring,R4,Tikhonov regularised inverse restoration,grayscale,M1 candidate,True,uses known synthetic Gaussian PSF formula; lambda=0.025,0.04364728116817803,13.600428037438071,0.33480341108672296,0.30537956953048706,0.007798100006766617,0.052409166236131455,0.052409166236131455,-14.56957196256193,,,,,,,,,,,
493__M_Left_little_finger.BMP,Lower quality,0.75,Restoration/Deblurring,R5,Edge-preserving restoration,grayscale,M1 candidate,True,TV followed by bilateral filter,0.043013502014500646,13.663951972120557,0.5017929274666665,0.42194247245788574,0.11843959998805076,0.11593310091861753,0.11593310091861753,-14.506048027879444,,,,,,,,,,,
493__M_Left_little_finger.BMP,Lower quality,0.75,Contrast Enhancement,C1,Global histogram equalisation,grayscale,M1 baseline candidate,True,global equalize_hist,0.040221946113286874,13.955369201685553,0.33477872755957605,0.2909843325614929,0.0033366999705322087,0.407350330483613,0.407350330483613,-14.214630798314449,,,,,,,,,,,
493__M_Left_little_finger.BMP,Lower quality,0.75,Contrast Enhancement,C2,Adaptive histogram equalisation,grayscale,M1 baseline candidate,True,AHE-like un-clipped adaptive histogram equalisation,0.11757534825427585,9.29683726214149,0.25909917504903535,0.2772243916988373,0.005557299999054521,-4.251181609060449,-4.251181609060449,-18.87316273785851,,,,,,,,,,,
493__M_Left_little_finger.BMP,Lower quality,0.75,Contrast Enhancement,C3,CLAHE,grayscale,M1 baseline candidate,True,clip_limit=0.025,0.11471342989762108,9.403857347665719,0.260010210819282,0.2772744297981262,0.00569819996599108,-4.144161523536221,-4.144161523536221,-18.76614265233428,,,,,,,,,,,
493__M_Left_little_finger.BMP,Lower quality,0.75,Contrast Enhancement,C4,Contrast stretching,grayscale,M1 candidate,True,2nd to 98th percentile,0.038689018254263116,14.124122904949791,0.3296473136776947,0.2867864966392517,0.0016008000238798559,0.5761040337478516,0.5761040337478516,-14.04587709505021,,,,,,,,,,,
493__M_Left_little_finger.BMP,Lower quality,0.75,Contrast Enhancement,C5,Gamma correction,grayscale,M1 candidate,True,gamma=0.85,0.04451183171503993,13.515245336130947,0.31614296652907653,0.28099608421325684,0.0009732000180520117,-0.032773535070992565,-0.032773535070992565,-14.654754663869054,,,,,,,,,,,
493__M_Left_little_finger.BMP,Lower quality,0.75,Contrast Enhancement,C6,Homomorphic filtering,grayscale,M1 candidate,True,log-domain high-frequency gain=0.70,0.05141902969626048,12.88876122977791,0.3168340210408196,0.2852267622947693,0.009496499958913773,-0.6592576414240305,-0.6592576414240305,-15.281238770222092,,,,,,,,,,,
493__M_Left_little_finger.BMP,Lower quality,0.75,Fingerprint Ridge Enhancement,G1,Ordinary Gabor filter,grayscale,M2 baseline,True,"fixed frequency=0.115, 8 orientations",0.052247997851344874,12.819303471072958,0.29873348726701243,0.3337191939353943,0.9989219999988563,-0.7287154001289817,-0.7287154001289817,-15.350696528927044,,,,,,,,,,,
493__M_Left_little_finger.BMP,Lower quality,0.75,Fingerprint Ridge Enhancement,G2,Literature-inspired Modified Gabor,grayscale,M2 literature technique,True,local orientation + local ridge frequency; exact article parameters unavailable,0.04372628773590153,13.592573917209595,0.31857523949766914,0.28536736965179443,2.134456700005103,0.04455504600765536,0.04455504600765536,-14.577426082790407,,,,,,,,,,,
493__M_Left_little_finger.BMP,Lower quality,0.75,Fingerprint Ridge Enhancement,G3,Adaptive local-orientation Gabor,grayscale,M2 candidate,True,"local orientation, fixed frequency",0.04263265370637712,13.702576334761012,0.3310196504163621,0.29001614451408386,0.46526149997953326,0.15455746355907252,0.15455746355907252,-14.46742366523899,,,,,,,,,,,
493__M_Left_little_finger.BMP,Lower quality,0.75,Fingerprint Ridge Enhancement,G4,Adaptive orientation-frequency Gabor,grayscale,M2 candidate,True,local orientation + local frequency,0.04364274143668116,13.600879768410604,0.3195984063128472,0.2859661877155304,2.0541518999962136,0.052860897208663715,0.052860897208663715,-14.569120231589398,,,,,,,,,,,
493__M_Left_little_finger.BMP,Lower quality,0.75,Fingerprint Ridge Enhancement,G5,Log-Gabor,grayscale,M2 candidate,True,local selection from log-Gabor frequency/orientation bank,0.04626700374567473,13.347286245297912,0.30428259501907523,0.27881667017936707,0.3600620999932289,-0.20073262590402763,-0.20073262590402763,-14.82271375470209,,,,,,,,,,,
493__M_Left_little_finger.BMP,Lower quality,0.75,Fingerprint Ridge Enhancement,G6,STFT contextual enhancement,grayscale,M2 candidate,True,"32px blocks, band-pass contextual filtering",0.053264342933130586,12.735634260495505,0.2662343226983456,0.2871274948120117,0.06667779997223988,-0.8123846107064345,-0.8123846107064345,-15.434365739504496,,,,,,,,,,,
493__M_Left_little_finger.BMP,Lower quality,0.75,Fingerprint Ridge Enhancement,G7,Coherence-guided directional diffusion,grayscale,M2/M3 candidate,True,directional smoothing weighted by coherence,0.04367324302005988,13.597845577140372,0.3259226233350959,0.3046896159648895,0.3431306999991648,0.049826705938432525,0.049826705938432525,-14.57215442285963,,,,,,,,,,,
493__M_Left_little_finger.BMP,Lower quality,0.75,Fingerprint Ridge Enhancement,G8,Directional oriented filter-bank,grayscale,M2 candidate,True,orientation-selected elongated Gaussian smoothing,0.04385666002127745,13.579644458359112,0.321193390078199,0.2932448089122772,0.10341420001350343,0.031625587157172674,0.031625587157172674,-14.59035554164089,,,,,,,,,,,
493__M_Left_little_finger.BMP,Lower quality,0.75,Segmentation,S1,Otsu thresholding,ridge map,M3 candidate,True,Binary/structural output; PSNR/MSE/SSIM intentionally not calculated,,,,,,,,,0.5114898681640625,286.0,279.0,0.9608007073402405,8.531965036842577,8366.0,333.0,1361.0,25.123123123123122,0.29394471645355225,
493__M_Left_little_finger.BMP,Lower quality,0.75,Segmentation,S2,Adaptive/local Sauvola thresholding,ridge map,M3 candidate,True,Binary/structural output; PSNR/MSE/SSIM intentionally not calculated,,,,,,,,,0.20648193359375,1320.0,1254.0,0.3263375759124756,97.5465563109666,8924.0,1300.0,1119.0,6.864615384615385,0.3137068450450897,
493__M_Left_little_finger.BMP,Lower quality,0.75,Segmentation,S3,Local variance foreground segmentation,foreground mask,M3 candidate,True,Binary/structural output; PSNR/MSE/SSIM intentionally not calculated,,,,,,,,,0.99560546875,1.0,0.0,1.0,0.015326140264835702,1590.0,3.0,45.0,530.0,0.2823375463485718,0.99560546875
493__M_Left_little_finger.BMP,Lower quality,0.75,Segmentation,S4,Coherence-based foreground segmentation,foreground mask,M3 candidate,True,Binary/structural output; PSNR/MSE/SSIM intentionally not calculated,,,,,,,,,0.2819061279296875,352.0,232.0,0.1924763172864914,19.05277401894452,3485.0,587.0,88.0,5.936967632027257,0.5029692649841309,0.2819061279296875
493__M_Left_little_finger.BMP,Lower quality,0.75,Segmentation,S5,Orientation-confidence segmentation,foreground mask,M3 candidate,True,Binary/structural output; PSNR/MSE/SSIM intentionally not calculated,,,,,,,,,0.2852783203125,182.0,135.0,0.390350878238678,9.734702610183996,3614.0,388.0,166.0,9.314432989690722,0.4597972333431244,0.2852783203125
493__M_Left_little_finger.BMP,Lower quality,0.75,Morphological Ridge Restoration,M3-1,Opening,ridge map,M3 candidate,True,Binary ridge restoration; PSNR/MSE/SSIM intentionally not calculated,,,,,,,,,0.126190185546875,80.0,28.0,0.38149940967559814,9.673518742442564,1353.0,123.0,11.0,11.0,0.3433326780796051,
493__M_Left_little_finger.BMP,Lower quality,0.75,Morphological Ridge Restoration,M3-2,Closing,ridge map,M3 candidate,True,Binary ridge restoration; PSNR/MSE/SSIM intentionally not calculated,,,,,,,,,0.1545867919921875,64.0,0.0,0.32770705223083496,6.317244102260389,2036.0,188.0,67.0,10.829787234042554,0.3355795443058014,
493__M_Left_little_finger.BMP,Lower quality,0.75,Morphological Ridge Restoration,M3-3,Opening + Closing,ridge map,M3 candidate,True,Binary ridge restoration; PSNR/MSE/SSIM intentionally not calculated,,,,,,,,,0.1273956298828125,78.0,26.0,0.37836867570877075,9.342436219906576,1323.0,121.0,11.0,10.933884297520661,0.3425254821777344,
493__M_Left_little_finger.BMP,Lower quality,0.75,Morphological Ridge Restoration,M3-4,Morphological reconstruction,ridge map,M3 candidate,True,Binary ridge restoration; PSNR/MSE/SSIM intentionally not calculated,,,,,,,,,0.14398193359375,65.0,0.0,0.3382789194583893,6.88851208139042,2394.0,270.0,126.0,8.866666666666667,0.3387792110443115,
493__M_Left_little_finger.BMP,Lower quality,0.75,Morphological Ridge Restoration,M3-5,Bridge / broken-ridge reconnection,ridge map,M3 candidate,True,Binary ridge restoration; PSNR/MSE/SSIM intentionally not calculated,,,,,,,,,0.093017578125,62.0,0.0,0.187007874250412,10.170603674540683,1944.0,168.0,62.0,11.571428571428571,0.2750228941440582,
493__M_Left_little_finger.BMP,Lower quality,0.75,Morphological Ridge Restoration,M3-6,Remove small objects / isolated noise,ridge map,M3 candidate,True,Binary ridge restoration; PSNR/MSE/SSIM intentionally not calculated,,,,,,,,,0.141632080078125,60.0,0.0,0.3438914120197296,6.464124111182935,2326.0,257.0,121.0,9.050583657587548,0.3397446870803833,
493__M_Left_little_finger.BMP,Lower quality,0.75,Morphological Ridge Restoration,M3-7,Spur cleanup,ridge map,M3 candidate,True,Binary ridge restoration; PSNR/MSE/SSIM intentionally not calculated,,,,,,,,,0.086151123046875,71.0,13.0,0.1990789920091629,12.575274530641162,1727.0,148.0,30.0,11.66891891891892,0.28582048416137695,
493__M_Left_little_finger.BMP,Lower quality,0.75,Morphological Ridge Restoration,M3-8,Controlled ridge-restoration pipeline,ridge map,M3 candidate,True,Binary ridge restoration; PSNR/MSE/SSIM intentionally not calculated,,,,,,,,,0.08233642578125,58.0,3.0,0.20959970355033875,10.748702742772425,1694.0,140.0,37.0,12.1,0.2747375965118408,
493__M_Left_little_finger.BMP,Lower quality,0.75,Thinning / Feature Extraction,T1,Standard skeletonisation,skeleton,M4 candidate,True,"Skeleton/feature output; counts are detections, not ground-truth accuracy",,,,,,,,,0.025848388671875,58.0,42.0,0.2243211269378662,34.23848878394333,1694.0,140.0,37.0,12.1,0.2632973790168762,
493__M_Left_little_finger.BMP,Lower quality,0.75,Thinning / Feature Extraction,T2,Zhang-Suen thinning,skeleton,M4 candidate,True,"Skeleton/feature output; counts are detections, not ground-truth accuracy",,,,,,,,,0.0262451171875,58.0,43.0,0.22965116798877716,33.72093023255814,1620.0,131.0,28.0,12.366412213740459,0.25975674390792847,
493__M_Left_little_finger.BMP,Lower quality,0.75,Thinning / Feature Extraction,T3,Guo-Hall thinning,skeleton,M4 candidate,True,"Skeleton/feature output; counts are detections, not ground-truth accuracy",,,,,,,,,0.0278472900390625,58.0,40.0,0.21095889806747437,31.78082191780822,1787.0,150.0,46.0,11.913333333333334,0.26078730821609497,
493__M_Left_little_finger.BMP,Lower quality,0.75,Thinning / Feature Extraction,T4,Morphological skeleton / medial axis,skeleton,M4 candidate,True,"Skeleton/feature output; counts are detections, not ground-truth accuracy",,,,,,,,,0.0296478271484375,58.0,36.0,0.1971178650856018,29.850746268656714,1943.0,167.0,65.0,11.634730538922156,0.2612159252166748,
543__M_Right_middle_finger.BMP,Lower quality,0.35,Control,CONTROL-DEGRADED,Degraded Input,grayscale,"Input condition/control, not a technique",False,"Input condition/control, not a technique",0.013593711746510157,18.666619434933,0.622298704735867,0.4842648506164551,0.0,0.0,0.0,-9.503380565067001,,,,,,,,,,,
543__M_Right_middle_finger.BMP,Lower quality,0.35,Control,CONTROL-P0,Common Preprocessed Input P0,grayscale,"Common preprocessing control, not a member technique",False,"Common preprocessing control, not a member technique",0.013593711746510157,18.666619434933,0.622298704735867,0.4842648506164551,0.0,0.0,0.0,-9.503380565067001,,,,,,,,,,,
543__M_Right_middle_finger.BMP,Lower quality,0.35,Denoising,D1,Gaussian filtering,grayscale,M1 candidate,True,sigma=0.65,0.01346151800800724,18.709059634903277,0.7517638792992113,0.5493831634521484,0.0008143000304698944,0.04244019997027593,0.04244019997027593,-9.460940365096725,,,,,,,,,,,
543__M_Right_middle_finger.BMP,Lower quality,0.35,Denoising,D2,Median filtering,grayscale,M1 candidate,True,3x3 median,0.01341478456834606,18.724162973885974,0.7617409778734167,0.5880113244056702,0.008158099954016507,0.057543538952973705,0.057543538952973705,-9.445837026114027,,,,,,,,,,,
543__M_Right_middle_finger.BMP,Lower quality,0.35,Denoising,D3,Bilateral filtering,grayscale,M1 candidate,True,"sigma_color=0.035, sigma_spatial=2.0",0.013715355808157541,18.62792921306623,0.7012997592232011,0.4877468943595886,0.11318109999410808,-0.03869022186676929,-0.03869022186676929,-9.54207078693377,,,,,,,,,,,
543__M_Right_middle_finger.BMP,Lower quality,0.35,Denoising,D4,Non-local means,grayscale,M1 candidate,True,"patch_size=3, patch_distance=5, h=0.055",0.013590052953445238,18.667788510420266,0.7788440600790552,0.5914053916931152,0.05050790001405403,0.001169075487265303,0.001169075487265303,-9.502211489579736,,,,,,,,,,,
543__M_Right_middle_finger.BMP,Lower quality,0.35,Denoising,D5,Wiener noise filtering,grayscale,M1 candidate,True,local window=5,0.015927184614017067,17.9786098594758,0.7212029489000852,0.6147474050521851,0.004339099978096783,-0.6880095754572011,-0.6880095754572011,-10.191390140524202,,,,,,,,,,,
543__M_Right_middle_finger.BMP,Lower quality,0.35,Denoising,D6,Wavelet denoising,grayscale,M1 candidate,True,db2 level=2 shrinkage,0.013372761528272057,18.737788999444597,0.6965093973685219,0.5212516188621521,0.002925500040873885,0.07116956451159595,0.07116956451159595,-9.432211000555405,,,,,,,,,,,
543__M_Right_middle_finger.BMP,Lower quality,0.35,Denoising,D7,Anisotropic diffusion,grayscale,M1 candidate,True,Perona-Malik style fixed parameters,0.013819851933897396,18.594966099745406,0.7830696011710295,0.595752477645874,0.005950899969320744,-0.07165333518759454,-0.07165333518759454,-9.575033900254596,,,,,,,,,,,
543__M_Right_middle_finger.BMP,Lower quality,0.35,Restoration/Deblurring,R1,Wiener deconvolution,grayscale,M1 candidate,True,uses known synthetic Gaussian PSF formula; no clean pixels used,0.012930871748949344,18.883721956922052,0.6539069612884598,0.49805665016174316,0.002182000025641173,0.21710252198905167,0.21710252198905167,-9.28627804307795,,,,,,,,,,,
543__M_Right_middle_finger.BMP,Lower quality,0.35,Restoration/Deblurring,R2,Richardson-Lucy deconvolution,grayscale,M1 candidate,True,uses known synthetic Gaussian PSF formula; 8 iterations,0.013155995882075671,18.80876271126757,0.6373447209006634,0.48778191208839417,0.017565599991939962,0.14214327633456847,0.14214327633456847,-9.361237288732433,,,,,,,,,,,
543__M_Right_middle_finger.BMP,Lower quality,0.35,Restoration/Deblurring,R3,Total variation restoration,grayscale,M1 candidate,True,TV Chambolle weight=0.045,0.01455116554074882,18.371022185239564,0.767801184221059,0.6472228765487671,0.007257799967192113,-0.2955972496934365,-0.2955972496934365,-9.798977814760438,,,,,,,,,,,
543__M_Right_middle_finger.BMP,Lower quality,0.35,Restoration/Deblurring,R4,Tikhonov regularised inverse restoration,grayscale,M1 candidate,True,uses known synthetic Gaussian PSF formula; lambda=0.025,0.01357066403165002,18.673989011814015,0.6494252719193786,0.5366487503051758,0.007453199999872595,0.0073695768810146944,0.0073695768810146944,-9.496010988185986,,,,,,,,,,,
543__M_Right_middle_finger.BMP,Lower quality,0.35,Restoration/Deblurring,R5,Edge-preserving restoration,grayscale,M1 candidate,True,TV followed by bilateral filter,0.01427695968854391,18.45364266724324,0.7665486934605068,0.6449347138404846,0.1211897999746725,-0.21297676768976004,-0.21297676768976004,-9.716357332756761,,,,,,,,,,,
543__M_Right_middle_finger.BMP,Lower quality,0.35,Contrast Enhancement,C1,Global histogram equalisation,grayscale,M1 baseline candidate,True,global equalize_hist,0.05263635257716899,12.787142126785,0.4185208302629185,0.46486642956733704,0.003285899991169572,-5.879477308148001,-5.879477308148001,-15.382857873215002,,,,,,,,,,,
543__M_Right_middle_finger.BMP,Lower quality,0.35,Contrast Enhancement,C2,Adaptive histogram equalisation,grayscale,M1 baseline candidate,True,AHE-like un-clipped adaptive histogram equalisation,0.10870371904741716,9.637555972739504,0.40128815258800005,0.44566667079925537,0.0053820000030100346,-9.029063462193497,-9.029063462193497,-18.532444027260496,,,,,,,,,,,
543__M_Right_middle_finger.BMP,Lower quality,0.35,Contrast Enhancement,C3,CLAHE,grayscale,M1 baseline candidate,True,clip_limit=0.025,0.08680714376600256,10.614445332279796,0.41202672543959523,0.4480723738670349,0.005738499981816858,-8.052174102653204,-8.052174102653204,-17.555554667720205,,,,,,,,,,,
543__M_Right_middle_finger.BMP,Lower quality,0.35,Contrast Enhancement,C4,Contrast stretching,grayscale,M1 candidate,True,2nd to 98th percentile,0.009792033406257401,20.091271135677435,0.63396159615704,0.4881143867969513,0.0011922000558115542,1.424651700744434,1.424651700744434,-8.078728864322567,,,,,,,,,,,
543__M_Right_middle_finger.BMP,Lower quality,0.35,Contrast Enhancement,C5,Gamma correction,grayscale,M1 candidate,True,gamma=0.85,0.014654645218770707,18.340246911385613,0.6294841134859652,0.48294973373413086,0.0009729000157676637,-0.32637252354738777,-0.32637252354738777,-9.829753088614389,,,,,,,,,,,
543__M_Right_middle_finger.BMP,Lower quality,0.35,Contrast Enhancement,C6,Homomorphic filtering,grayscale,M1 candidate,True,log-domain high-frequency gain=0.70,0.02373439420950822,16.246218486233243,0.6121566050494176,0.48419123888015747,0.009359500021673739,-2.4204009486997577,-2.4204009486997577,-11.923781513766759,,,,,,,,,,,
543__M_Right_middle_finger.BMP,Lower quality,0.35,Fingerprint Ridge Enhancement,G1,Ordinary Gabor filter,grayscale,M2 baseline,True,"fixed frequency=0.115, 8 orientations",0.022700222920246614,16.439698779364964,0.5869718117653991,0.523063063621521,0.9864921999978833,-2.226920655568037,-2.226920655568037,-11.730301220635038,,,,,,,,,,,
543__M_Right_middle_finger.BMP,Lower quality,0.35,Fingerprint Ridge Enhancement,G2,Literature-inspired Modified Gabor,grayscale,M2 literature technique,True,local orientation + local ridge frequency; exact article parameters unavailable,0.01489591507622451,18.269328123315976,0.6205887498293773,0.48495054244995117,2.029683400003705,-0.3972913116170247,-0.3972913116170247,-9.900671876684026,,,,,,,,,,,
543__M_Right_middle_finger.BMP,Lower quality,0.35,Fingerprint Ridge Enhancement,G3,Adaptive local-orientation Gabor,grayscale,M2 candidate,True,"local orientation, fixed frequency",0.014491280487023027,18.38893237449603,0.627775323270638,0.48631951212882996,0.4699436000082642,-0.2776870604369712,-0.2776870604369712,-9.781067625503972,,,,,,,,,,,
543__M_Right_middle_finger.BMP,Lower quality,0.35,Fingerprint Ridge Enhancement,G4,Adaptive orientation-frequency Gabor,grayscale,M2 candidate,True,local orientation + local frequency,0.01528978826360538,18.155985287527887,0.6195823696333536,0.4845036268234253,2.0274386000237428,-0.5106341474051135,-0.5106341474051135,-10.014014712472115,,,,,,,,,,,
543__M_Right_middle_finger.BMP,Lower quality,0.35,Fingerprint Ridge Enhancement,G5,Log-Gabor,grayscale,M2 candidate,True,local selection from log-Gabor frequency/orientation bank,0.019584800632481244,17.08080845083895,0.5889707376105611,0.47317272424697876,0.3188666000496596,-1.5858109840940493,-1.5858109840940493,-11.08919154916105,,,,,,,,,,,
543__M_Right_middle_finger.BMP,Lower quality,0.35,Fingerprint Ridge Enhancement,G6,STFT contextual enhancement,grayscale,M2 candidate,True,"32px blocks, band-pass contextual filtering",0.02918660726333611,15.348163857398804,0.5318654198333407,0.4530690610408783,0.06283280003117397,-3.3184555775341966,-3.3184555775341966,-12.821836142601198,,,,,,,,,,,
543__M_Right_middle_finger.BMP,Lower quality,0.35,Fingerprint Ridge Enhancement,G7,Coherence-guided directional diffusion,grayscale,M2/M3 candidate,True,directional smoothing weighted by coherence,0.013941568315441069,18.55688368818301,0.6322378587229794,0.5093786120414734,0.32529569999314845,-0.10973574674999043,-0.10973574674999043,-9.613116311816992,,,,,,,,,,,
543__M_Right_middle_finger.BMP,Lower quality,0.35,Fingerprint Ridge Enhancement,G8,Directional oriented filter-bank,grayscale,M2 candidate,True,orientation-selected elongated Gaussian smoothing,0.013667057002076714,18.643249942369607,0.6300362669920276,0.49405524134635925,0.1058762000175193,-0.02336949256339338,-0.02336949256339338,-9.526750057630395,,,,,,,,,,,
543__M_Right_middle_finger.BMP,Lower quality,0.35,Segmentation,S1,Otsu thresholding,ridge map,M3 candidate,True,Binary/structural output; PSNR/MSE/SSIM intentionally not calculated,,,,,,,,,0.35980224609375,103.0,93.0,0.6807463765144348,4.368108566581849,4572.0,125.0,409.0,36.576,0.6442086100578308,
543__M_Right_middle_finger.BMP,Lower quality,0.35,Segmentation,S2,Adaptive/local Sauvola thresholding,ridge map,M3 candidate,True,Binary/structural output; PSNR/MSE/SSIM intentionally not calculated,,,,,,,,,0.24835205078125,219.0,189.0,0.3648931086063385,13.455394445809782,3975.0,266.0,251.0,14.943609022556391,0.650256335735321,
543__M_Right_middle_finger.BMP,Lower quality,0.35,Segmentation,S3,Local variance foreground segmentation,foreground mask,M3 candidate,True,Binary/structural output; PSNR/MSE/SSIM intentionally not calculated,,,,,,,,,0.6197509765625,7.0,2.0,0.9857937693595886,0.1723458735473705,1958.0,34.0,28.0,57.588235294117645,0.6298158764839172,0.6197509765625
543__M_Right_middle_finger.BMP,Lower quality,0.35,Segmentation,S4,Coherence-based foreground segmentation,foreground mask,M3 candidate,True,Binary/structural output; PSNR/MSE/SSIM intentionally not calculated,,,,,,,,,0.5879364013671875,162.0,116.0,0.9350652694702148,4.204406841244712,4975.0,300.0,244.0,16.583333333333332,0.6883861422538757,0.5879364013671875
543__M_Right_middle_finger.BMP,Lower quality,0.35,Segmentation,S5,Orientation-confidence segmentation,foreground mask,M3 candidate,True,Binary/structural output; PSNR/MSE/SSIM intentionally not calculated,,,,,,,,,0.4147796630859375,15.0,9.0,0.5644704699516296,0.5518154729058603,3170.0,73.0,180.0,43.42465753424658,0.7263933420181274,0.4147796630859375
543__M_Right_middle_finger.BMP,Lower quality,0.35,Morphological Ridge Restoration,M3-1,Opening,ridge map,M3 candidate,True,Binary ridge restoration; PSNR/MSE/SSIM intentionally not calculated,,,,,,,,,0.2288818359375,72.0,23.0,0.3381333351135254,4.8,2560.0,163.0,35.0,15.705521472392638,0.6563054919242859,
543__M_Right_middle_finger.BMP,Lower quality,0.35,Morphological Ridge Restoration,M3-2,Closing,ridge map,M3 candidate,True,Binary ridge restoration; PSNR/MSE/SSIM intentionally not calculated,,,,,,,,,0.2473297119140625,23.0,0.0,0.31291258335113525,1.4189647726571657,2939.0,87.0,61.0,33.7816091954023,0.6514891982078552,
543__M_Right_middle_finger.BMP,Lower quality,0.35,Morphological Ridge Restoration,M3-3,Opening + Closing,ridge map,M3 candidate,True,Binary ridge restoration; PSNR/MSE/SSIM intentionally not calculated,,,,,,,,,0.23150634765625,59.0,14.0,0.33430004119873047,3.8887424202478247,2582.0,141.0,41.0,18.31205673758865,0.6549075245857239,
543__M_Right_middle_finger.BMP,Lower quality,0.35,Morphological Ridge Restoration,M3-4,Morphological reconstruction,ridge map,M3 candidate,True,Binary ridge restoration; PSNR/MSE/SSIM intentionally not calculated,,,,,,,,,0.2402191162109375,32.0,0.0,0.32217493653297424,2.032649431493362,3021.0,124.0,78.0,24.362903225806452,0.6541709899902344,
543__M_Right_middle_finger.BMP,Lower quality,0.35,Morphological Ridge Restoration,M3-5,Bridge / broken-ridge reconnection,ridge map,M3 candidate,True,Binary ridge restoration; PSNR/MSE/SSIM intentionally not calculated,,,,,,,,,0.1335906982421875,22.0,1.0,0.2981153726577759,2.5128498001142203,2919.0,84.0,60.0,34.75,0.6674606800079346,
543__M_Right_middle_finger.BMP,Lower quality,0.35,Morphological Ridge Restoration,M3-6,Remove small objects / isolated noise,ridge map,M3 candidate,True,Binary ridge restoration; PSNR/MSE/SSIM intentionally not calculated,,,,,,,,,0.238250732421875,28.0,0.0,0.3248366713523865,1.7932624567695656,2972.0,111.0,73.0,26.774774774774773,0.6552067399024963,
543__M_Right_middle_finger.BMP,Lower quality,0.35,Morphological Ridge Restoration,M3-7,Spur cleanup,ridge map,M3 candidate,True,Binary ridge restoration; PSNR/MSE/SSIM intentionally not calculated,,,,,,,,,0.1263275146484375,32.0,10.0,0.2740669250488281,3.8652011112453195,2698.0,85.0,45.0,31.741176470588236,0.6810370683670044,
543__M_Right_middle_finger.BMP,Lower quality,0.35,Morphological Ridge Restoration,M3-8,Controlled ridge-restoration pipeline,ridge map,M3 candidate,True,Binary ridge restoration; PSNR/MSE/SSIM intentionally not calculated,,,,,,,,,0.1281890869140625,20.0,2.0,0.29960718750953674,2.3806689679800024,2797.0,77.0,53.0,36.324675324675326,0.674480140209198,
543__M_Right_middle_finger.BMP,Lower quality,0.35,Thinning / Feature Extraction,T1,Standard skeletonisation,skeleton,M4 candidate,True,"Skeleton/feature output; counts are detections, not ground-truth accuracy",,,,,,,,,0.0426788330078125,20.0,8.0,0.303539514541626,7.150518412584912,2797.0,77.0,53.0,36.324675324675326,0.6787069439888,
543__M_Right_middle_finger.BMP,Lower quality,0.35,Thinning / Feature Extraction,T2,Zhang-Suen thinning,skeleton,M4 candidate,True,"Skeleton/feature output; counts are detections, not ground-truth accuracy",,,,,,,,,0.0475616455078125,20.0,8.0,0.3134424090385437,6.416426050689766,2761.0,75.0,51.0,36.81333333333333,0.6808415651321411,
543__M_Right_middle_finger.BMP,Lower quality,0.35,Thinning / Feature Extraction,T3,Guo-Hall thinning,skeleton,M4 candidate,True,"Skeleton/feature output; counts are detections, not ground-truth accuracy",,,,,,,,,0.0431365966796875,20.0,8.0,0.29784223437309265,7.074637424831978,2805.0,80.0,58.0,35.0625,0.6783849000930786,
543__M_Right_middle_finger.BMP,Lower quality,0.35,Thinning / Feature Extraction,T4,Morphological skeleton / medial axis,skeleton,M4 candidate,True,"Skeleton/feature output; counts are detections, not ground-truth accuracy",,,,,,,,,0.0438079833984375,20.0,8.0,0.30198538303375244,6.966213862765587,2871.0,82.0,60.0,35.01219512195122,0.6757673025131226,
471__M_Left_little_finger.BMP,Lower quality,0.55,Control,CONTROL-DEGRADED,Degraded Input,grayscale,"Input condition/control, not a technique",False,"Input condition/control, not a technique",0.030785269586528136,15.116570389401645,0.45705769311734173,0.48607102036476135,0.0,0.0,0.0,-13.053429610598357,,,,,,,,,,,
471__M_Left_little_finger.BMP,Lower quality,0.55,Control,CONTROL-P0,Common Preprocessed Input P0,grayscale,"Common preprocessing control, not a member technique",False,"Common preprocessing control, not a member technique",0.030785269586528136,15.116570389401645,0.45705769311734173,0.48607102036476135,0.0,0.0,0.0,-13.053429610598357,,,,,,,,,,,
471__M_Left_little_finger.BMP,Lower quality,0.55,Denoising,D1,Gaussian filtering,grayscale,M1 candidate,True,sigma=0.65,0.030374012248950574,15.17497836251417,0.5940619491662882,0.5655118227005005,0.0007784999907016754,0.05840797311252466,0.05840797311252466,-12.995021637485832,,,,,,,,,,,
471__M_Left_little_finger.BMP,Lower quality,0.55,Denoising,D2,Median filtering,grayscale,M1 candidate,True,3x3 median,0.030611138978276137,15.141205108868954,0.6155825861518038,0.6043567657470703,0.007831500028260052,0.02463471946730955,0.02463471946730955,-13.028794891131048,,,,,,,,,,,
471__M_Left_little_finger.BMP,Lower quality,0.55,Denoising,D3,Bilateral filtering,grayscale,M1 candidate,True,"sigma_color=0.035, sigma_spatial=2.0",0.03130370566070418,15.044042486281072,0.5134604038553475,0.4946417808532715,0.10807249997742474,-0.072527903120573,-0.072527903120573,-13.12595751371893,,,,,,,,,,,
471__M_Left_little_finger.BMP,Lower quality,0.55,Denoising,D4,Non-local means,grayscale,M1 candidate,True,"patch_size=3, patch_distance=5, h=0.055",0.03167660040130242,14.992614339695017,0.6588845235835332,0.57967209815979,0.05003719998057932,-0.12395604970662788,-0.12395604970662788,-13.177385660304985,,,,,,,,,,,
471__M_Left_little_finger.BMP,Lower quality,0.55,Denoising,D5,Wiener noise filtering,grayscale,M1 candidate,True,local window=5,0.03512621855107276,14.543686008711372,0.6017321491107771,0.6204802989959717,0.005271000030916184,-0.5728843806902724,-0.5728843806902724,-13.62631399128863,,,,,,,,,,,
471__M_Left_little_finger.BMP,Lower quality,0.55,Denoising,D6,Wavelet denoising,grayscale,M1 candidate,True,db2 level=2 shrinkage,0.03050652161313447,15.156073082651972,0.5235716982588374,0.5300093293190002,0.0037148999981582165,0.03950269325032707,0.03950269325032707,-13.01392691734803,,,,,,,,,,,
471__M_Left_little_finger.BMP,Lower quality,0.55,Denoising,D7,Anisotropic diffusion,grayscale,M1 candidate,True,Perona-Malik style fixed parameters,0.031284232820836706,15.046744907028415,0.6406967426648268,0.5733761787414551,0.006964900007005781,-0.06982548237322916,-0.06982548237322916,-13.123255092971586,,,,,,,,,,,
471__M_Left_little_finger.BMP,Lower quality,0.55,Restoration/Deblurring,R1,Wiener deconvolution,grayscale,M1 candidate,True,uses known synthetic Gaussian PSF formula; no clean pixels used,0.028906988012384807,15.389971576460912,0.4971780012518633,0.5117788910865784,0.0020809000125154853,0.2734011870592674,0.2734011870592674,-12.78002842353909,,,,,,,,,,,
471__M_Left_little_finger.BMP,Lower quality,0.55,Restoration/Deblurring,R2,Richardson-Lucy deconvolution,grayscale,M1 candidate,True,uses known synthetic Gaussian PSF formula; 8 iterations,0.029512069547233347,15.300003343350587,0.4827835388462897,0.5026792883872986,0.01801170001272112,0.18343295394894277,0.18343295394894277,-12.869996656649414,,,,,,,,,,,
471__M_Left_little_finger.BMP,Lower quality,0.55,Restoration/Deblurring,R3,Total variation restoration,grayscale,M1 candidate,True,TV Chambolle weight=0.045,0.03265738970236118,14.860185312700537,0.6608292801466051,0.6540995240211487,0.01015479996567592,-0.25638507670110755,-0.25638507670110755,-13.309814687299465,,,,,,,,,,,
471__M_Left_little_finger.BMP,Lower quality,0.55,Restoration/Deblurring,R4,Tikhonov regularised inverse restoration,grayscale,M1 candidate,True,uses known synthetic Gaussian PSF formula; lambda=0.025,0.030397230616773026,15.17165981609674,0.47824451524064876,0.5127073526382446,0.00712060002842918,0.05508942669509587,0.05508942669509587,-12.998340183903261,,,,,,,,,,,
471__M_Left_little_finger.BMP,Lower quality,0.55,Restoration/Deblurring,R5,Edge-preserving restoration,grayscale,M1 candidate,True,TV followed by bilateral filter,0.03195374167011076,14.954782801804356,0.675261221818461,0.6284009218215942,0.12014970002928749,-0.1617875875972885,-0.1617875875972885,-13.215217198195646,,,,,,,,,,,
471__M_Left_little_finger.BMP,Lower quality,0.55,Contrast Enhancement,C1,Global histogram equalisation,grayscale,M1 baseline candidate,True,global equalize_hist,0.0477915159660176,13.206491932658954,0.39720175063997226,0.48155826330184937,0.003311999957077205,-1.9100784567426903,-1.9100784567426903,-14.963508067341047,,,,,,,,,,,
471__M_Left_little_finger.BMP,Lower quality,0.55,Contrast Enhancement,C2,Adaptive histogram equalisation,grayscale,M1 baseline candidate,True,AHE-like un-clipped adaptive histogram equalisation,0.13041040754525213,8.846877478747352,0.38408967128966714,0.4727303385734558,0.0054573999950662255,-6.2696929106542925,-6.2696929106542925,-19.32312252125265,,,,,,,,,,,
471__M_Left_little_finger.BMP,Lower quality,0.55,Contrast Enhancement,C3,CLAHE,grayscale,M1 baseline candidate,True,clip_limit=0.025,0.11333963149903256,9.456182037132002,0.3870903856514909,0.4733303189277649,0.005428300006315112,-5.660388352269642,-5.660388352269642,-18.713817962868,,,,,,,,,,,
471__M_Left_little_finger.BMP,Lower quality,0.55,Contrast Enhancement,C4,Contrast stretching,grayscale,M1 candidate,True,2nd to 98th percentile,0.026629774587673183,15.74632509706159,0.47925707377397686,0.4900933504104614,0.0011607999913394451,0.629754707659945,0.629754707659945,-12.423674902938412,,,,,,,,,,,
471__M_Left_little_finger.BMP,Lower quality,0.55,Contrast Enhancement,C5,Gamma correction,grayscale,M1 candidate,True,gamma=0.85,0.032598247711724336,14.868057443977703,0.46533217462056653,0.484293133020401,0.0009883000166155398,-0.24851294542394164,-0.24851294542394164,-13.301942556022299,,,,,,,,,,,
471__M_Left_little_finger.BMP,Lower quality,0.55,Contrast Enhancement,C6,Homomorphic filtering,grayscale,M1 candidate,True,log-domain high-frequency gain=0.70,0.04059271783623214,13.91551870048487,0.4456436274512576,0.48728352785110474,0.00929130002623424,-1.201051688916774,-1.201051688916774,-14.254481299515131,,,,,,,,,,,
471__M_Left_little_finger.BMP,Lower quality,0.55,Fingerprint Ridge Enhancement,G1,Ordinary Gabor filter,grayscale,M2 baseline,True,"fixed frequency=0.115, 8 orientations",0.042254738771690996,13.741245788565173,0.43655616884704407,0.504810094833374,1.0965790000045672,-1.3753246008364712,-1.3753246008364712,-14.428754211434828,,,,,,,,,,,
471__M_Left_little_finger.BMP,Lower quality,0.55,Fingerprint Ridge Enhancement,G2,Literature-inspired Modified Gabor,grayscale,M2 literature technique,True,local orientation + local ridge frequency; exact article parameters unavailable,0.03155528846314938,15.009278453614478,0.45835152917416694,0.49252963066101074,2.0280362000339665,-0.10729193578716689,-0.10729193578716689,-13.160721546385524,,,,,,,,,,,
471__M_Left_little_finger.BMP,Lower quality,0.55,Fingerprint Ridge Enhancement,G3,Adaptive local-orientation Gabor,grayscale,M2 candidate,True,"local orientation, fixed frequency",0.031281032085399375,15.047189262771738,0.46452218414892943,0.4947430193424225,0.4651558000477962,-0.06938112662990648,-0.06938112662990648,-13.122810737228264,,,,,,,,,,,
471__M_Left_little_finger.BMP,Lower quality,0.55,Fingerprint Ridge Enhancement,G4,Adaptive orientation-frequency Gabor,grayscale,M2 candidate,True,local orientation + local frequency,0.03180910596414875,14.974485371263134,0.45817875153784604,0.4931284189224243,2.0379354000324383,-0.14208501813851093,-0.14208501813851093,-13.195514628736868,,,,,,,,,,,
471__M_Left_little_finger.BMP,Lower quality,0.55,Fingerprint Ridge Enhancement,G5,Log-Gabor,grayscale,M2 candidate,True,local selection from log-Gabor frequency/orientation bank,0.037399080972069614,14.271390698225906,0.4213112898471883,0.48078280687332153,0.32260080002015457,-0.8451796911757388,-0.8451796911757388,-13.898609301774096,,,,,,,,,,,
471__M_Left_little_finger.BMP,Lower quality,0.55,Fingerprint Ridge Enhancement,G6,STFT contextual enhancement,grayscale,M2 candidate,True,"32px blocks, band-pass contextual filtering",0.04862002357197559,13.131848349378405,0.37159744151511975,0.4484068751335144,0.06371250003576279,-1.9847220400232395,-1.9847220400232395,-15.038151650621597,,,,,,,,,,,
471__M_Left_little_finger.BMP,Lower quality,0.55,Fingerprint Ridge Enhancement,G7,Coherence-guided directional diffusion,grayscale,M2/M3 candidate,True,directional smoothing weighted by coherence,0.03137980603293272,15.033497452324262,0.45695237235406994,0.5180188417434692,0.3253344999975525,-0.08307293707738239,-0.08307293707738239,-13.13650254767574,,,,,,,,,,,
471__M_Left_little_finger.BMP,Lower quality,0.55,Fingerprint Ridge Enhancement,G8,Directional oriented filter-bank,grayscale,M2 candidate,True,orientation-selected elongated Gaussian smoothing,0.030923631674688725,15.097095081670526,0.46075950699118107,0.4982461929321289,0.10272979998262599,-0.01947530773111872,-0.01947530773111872,-13.072904918329476,,,,,,,,,,,
471__M_Left_little_finger.BMP,Lower quality,0.55,Segmentation,S1,Otsu thresholding,ridge map,M3 candidate,True,Binary/structural output; PSNR/MSE/SSIM intentionally not calculated,,,,,,,,,0.4908599853515625,51.0,48.0,0.9945910573005676,1.5853772265224286,6024.0,64.0,729.0,94.125,0.6546675562858582,
471__M_Left_little_finger.BMP,Lower quality,0.55,Segmentation,S2,Adaptive/local Sauvola thresholding,ridge map,M3 candidate,True,Binary/structural output; PSNR/MSE/SSIM intentionally not calculated,,,,,,,,,0.2582550048828125,234.0,199.0,0.29329395294189453,13.82570162481536,6205.0,368.0,641.0,16.86141304347826,0.6189591884613037,
471__M_Left_little_finger.BMP,Lower quality,0.55,Segmentation,S3,Local variance foreground segmentation,foreground mask,M3 candidate,True,Binary/structural output; PSNR/MSE/SSIM intentionally not calculated,,,,,,,,,0.6764068603515625,31.0,26.0,0.9924428462982178,0.6993164745426245,2035.0,63.0,46.0,32.301587301587304,0.6201037764549255,0.6764068603515625
471__M_Left_little_finger.BMP,Lower quality,0.55,Segmentation,S4,Coherence-based foreground segmentation,foreground mask,M3 candidate,True,Binary/structural output; PSNR/MSE/SSIM intentionally not calculated,,,,,,,,,0.5845794677734375,175.0,127.0,0.9392341375350952,4.567878677142335,4167.0,259.0,151.0,16.08880308880309,0.6977830529212952,0.5845794677734375
471__M_Left_little_finger.BMP,Lower quality,0.55,Segmentation,S5,Orientation-confidence segmentation,foreground mask,M3 candidate,True,Binary/structural output; PSNR/MSE/SSIM intentionally not calculated,,,,,,,,,0.41827392578125,27.0,26.0,0.99704509973526,0.9849700860936816,3210.0,94.0,169.0,34.148936170212764,0.7083003520965576,0.41827392578125
471__M_Left_little_finger.BMP,Lower quality,0.55,Morphological Ridge Restoration,M3-1,Opening,ridge map,M3 candidate,True,Binary ridge restoration; PSNR/MSE/SSIM intentionally not calculated,,,,,,,,,0.231903076171875,123.0,41.0,0.3203710913658142,8.093170153967627,2945.0,232.0,16.0,12.693965517241379,0.6093940138816833,
471__M_Left_little_finger.BMP,Lower quality,0.55,Morphological Ridge Restoration,M3-2,Closing,ridge map,M3 candidate,True,Binary ridge restoration; PSNR/MSE/SSIM intentionally not calculated,,,,,,,,,0.2611541748046875,36.0,0.0,0.309436172246933,2.1034180543383,3639.0,135.0,66.0,26.955555555555556,0.6146885752677917,
471__M_Left_little_finger.BMP,Lower quality,0.55,Morphological Ridge Restoration,M3-3,Opening + Closing,ridge map,M3 candidate,True,Binary ridge restoration; PSNR/MSE/SSIM intentionally not calculated,,,,,,,,,0.234619140625,97.0,25.0,0.31757283210754395,6.30853277835588,2987.0,192.0,19.0,15.557291666666666,0.6097612977027893,
471__M_Left_little_finger.BMP,Lower quality,0.55,Morphological Ridge Restoration,M3-4,Morphological reconstruction,ridge map,M3 candidate,True,Binary ridge restoration; PSNR/MSE/SSIM intentionally not calculated,,,,,,,,,0.2513427734375,48.0,0.0,0.300692081451416,2.9140359397765905,3877.0,228.0,119.0,17.00438596491228,0.6140562295913696,
471__M_Left_little_finger.BMP,Lower quality,0.55,Morphological Ridge Restoration,M3-5,Bridge / broken-ridge reconnection,ridge map,M3 candidate,True,Binary ridge restoration; PSNR/MSE/SSIM intentionally not calculated,,,,,,,,,0.16571044921875,35.0,0.0,0.18637201189994812,3.2228360957642725,3586.0,118.0,57.0,30.389830508474578,0.6326576471328735,
471__M_Left_little_finger.BMP,Lower quality,0.55,Morphological Ridge Restoration,M3-6,Remove small objects / isolated noise,ridge map,M3 candidate,True,Binary ridge restoration; PSNR/MSE/SSIM intentionally not calculated,,,,,,,,,0.2484893798828125,47.0,0.0,0.30285540223121643,2.8860914952410193,3792.0,223.0,116.0,17.004484304932735,0.6125785708427429,
471__M_Left_little_finger.BMP,Lower quality,0.55,Morphological Ridge Restoration,M3-7,Spur cleanup,ridge map,M3 candidate,True,Binary ridge restoration; PSNR/MSE/SSIM intentionally not calculated,,,,,,,,,0.1571807861328125,48.0,3.0,0.1754198670387268,4.659741772643432,3324.0,119.0,28.0,27.932773109243698,0.635295033454895,
471__M_Left_little_finger.BMP,Lower quality,0.55,Morphological Ridge Restoration,M3-8,Controlled ridge-restoration pipeline,ridge map,M3 candidate,True,Binary ridge restoration; PSNR/MSE/SSIM intentionally not calculated,,,,,,,,,0.1586456298828125,35.0,0.0,0.18505337834358215,3.3663556795229392,3425.0,109.0,47.0,31.422018348623855,0.6351224780082703,
471__M_Left_little_finger.BMP,Lower quality,0.55,Thinning / Feature Extraction,T1,Standard skeletonisation,skeleton,M4 candidate,True,"Skeleton/feature output; counts are detections, not ground-truth accuracy",,,,,,,,,0.0522613525390625,35.0,12.0,0.186277374625206,10.218978102189782,3425.0,109.0,47.0,31.422018348623855,0.628276526927948,
471__M_Left_little_finger.BMP,Lower quality,0.55,Thinning / Feature Extraction,T2,Zhang-Suen thinning,skeleton,M4 candidate,True,"Skeleton/feature output; counts are detections, not ground-truth accuracy",,,,,,,,,0.0568389892578125,35.0,11.0,0.17315436899662018,9.395973154362416,3369.0,105.0,43.0,32.08571428571429,0.6283532977104187,
471__M_Left_little_finger.BMP,Lower quality,0.55,Thinning / Feature Extraction,T3,Guo-Hall thinning,skeleton,M4 candidate,True,"Skeleton/feature output; counts are detections, not ground-truth accuracy",,,,,,,,,0.0535125732421875,35.0,10.0,0.180781289935112,9.98003992015968,3462.0,113.0,51.0,30.63716814159292,0.6235765814781189,
471__M_Left_little_finger.BMP,Lower quality,0.55,Thinning / Feature Extraction,T4,Morphological skeleton / medial axis,skeleton,M4 candidate,True,"Skeleton/feature output; counts are detections, not ground-truth accuracy",,,,,,,,,0.05413818359375,35.0,9.0,0.18348364531993866,9.864712514092446,3548.0,126.0,63.0,28.158730158730158,0.626697301864624,
516__M_Right_little_finger.BMP,Lower quality,0.75,Control,CONTROL-DEGRADED,Degraded Input,grayscale,"Input condition/control, not a technique",False,"Input condition/control, not a technique",0.044848563318974695,13.482514646072946,0.29702657738757515,0.3059859275817871,0.0,0.0,0.0,-14.687485353927055,,,,,,,,,,,
516__M_Right_little_finger.BMP,Lower quality,0.75,Control,CONTROL-P0,Common Preprocessed Input P0,grayscale,"Common preprocessing control, not a member technique",False,"Common preprocessing control, not a member technique",0.044848563318974695,13.482514646072946,0.29702657738757515,0.3059859275817871,0.0,0.0,0.0,-14.687485353927055,,,,,,,,,,,
516__M_Right_little_finger.BMP,Lower quality,0.75,Denoising,D1,Gaussian filtering,grayscale,M1 candidate,True,sigma=0.65,0.04265874497218816,13.699919257190093,0.41579343445161937,0.4042806029319763,0.0010727000189945102,0.21740461111714637,0.21740461111714637,-14.470080742809909,,,,,,,,,,,
516__M_Right_little_finger.BMP,Lower quality,0.75,Denoising,D2,Median filtering,grayscale,M1 candidate,True,3x3 median,0.04281903837204628,13.683630902971496,0.43341070139931887,0.4604548513889313,0.008372800017241389,0.2011162568985494,0.2011162568985494,-14.486369097028506,,,,,,,,,,,
516__M_Right_little_finger.BMP,Lower quality,0.75,Denoising,D3,Bilateral filtering,grayscale,M1 candidate,True,"sigma_color=0.035, sigma_spatial=2.0",0.04530180610820343,13.438844830381562,0.312598254618171,0.3069194257259369,0.1060993000282906,-0.04366981569138417,-0.04366981569138417,-14.73115516961844,,,,,,,,,,,
516__M_Right_little_finger.BMP,Lower quality,0.75,Denoising,D4,Non-local means,grayscale,M1 candidate,True,"patch_size=3, patch_distance=5, h=0.055",0.04525167189820067,13.443653704311696,0.43534289062825265,0.39807718992233276,0.050274700042791665,-0.03886094176124999,-0.03886094176124999,-14.726346295688305,,,,,,,,,,,
516__M_Right_little_finger.BMP,Lower quality,0.75,Denoising,D5,Wiener noise filtering,grayscale,M1 candidate,True,local window=5,0.04545399791108923,13.424279123459517,0.4466639290718093,0.5007987022399902,0.004557999956887215,-0.05823552261342968,-0.05823552261342968,-14.745720876540485,,,,,,,,,,,
516__M_Right_little_finger.BMP,Lower quality,0.75,Denoising,D6,Wavelet denoising,grayscale,M1 candidate,True,db2 level=2 shrinkage,0.0438503584482147,13.58026852207965,0.34239683400271914,0.36004820466041565,0.002890300005674362,0.09775387600670449,0.09775387600670449,-14.58973147792035,,,,,,,,,,,
516__M_Right_little_finger.BMP,Lower quality,0.75,Denoising,D7,Anisotropic diffusion,grayscale,M1 candidate,True,Perona-Malik style fixed parameters,0.04392849289186043,13.572536963471624,0.41561787673279854,0.39477667212486267,0.005846799991559237,0.09002231739867739,0.09002231739867739,-14.597463036528378,,,,,,,,,,,
516__M_Right_little_finger.BMP,Lower quality,0.75,Restoration/Deblurring,R1,Wiener deconvolution,grayscale,M1 candidate,True,uses known synthetic Gaussian PSF formula; no clean pixels used,0.04262519332810341,13.70333638236675,0.3358044662253286,0.3406983017921448,0.002139599993824959,0.22082173629380364,0.22082173629380364,-14.466663617633252,,,,,,,,,,,
516__M_Right_little_finger.BMP,Lower quality,0.75,Restoration/Deblurring,R2,Richardson-Lucy deconvolution,grayscale,M1 candidate,True,uses known synthetic Gaussian PSF formula; 8 iterations,0.043635444252845816,13.601605981187708,0.3185136040356258,0.3266632556915283,0.018166999972891062,0.11909133511476178,0.11909133511476178,-14.568394018812294,,,,,,,,,,,
516__M_Right_little_finger.BMP,Lower quality,0.75,Restoration/Deblurring,R3,Total variation restoration,grayscale,M1 candidate,True,TV Chambolle weight=0.045,0.04484374620035899,13.482981140479591,0.4703768964483348,0.489341676235199,0.011567700013983995,0.0004664944066448129,0.0004664944066448129,-14.68701885952041,,,,,,,,,,,
516__M_Right_little_finger.BMP,Lower quality,0.75,Restoration/Deblurring,R4,Tikhonov regularised inverse restoration,grayscale,M1 candidate,True,uses known synthetic Gaussian PSF formula; lambda=0.025,0.04405479244144967,13.56006840539903,0.3181226657876789,0.3328965902328491,0.007092299987562001,0.07755375932608288,0.07755375932608288,-14.609931594600972,,,,,,,,,,,
516__M_Right_little_finger.BMP,Lower quality,0.75,Restoration/Deblurring,R5,Edge-preserving restoration,grayscale,M1 candidate,True,TV followed by bilateral filter,0.044974481879486515,13.470338311658708,0.46588508507897,0.4200346767902374,0.11386839998885989,-0.01217633441423871,-0.01217633441423871,-14.699661688341294,,,,,,,,,,,
516__M_Right_little_finger.BMP,Lower quality,0.75,Contrast Enhancement,C1,Global histogram equalisation,grayscale,M1 baseline candidate,True,global equalize_hist,0.05086782647939257,12.935568188493352,0.29391529637649416,0.3096841275691986,0.003277700045146048,-0.5469464575795939,-0.5469464575795939,-15.23443181150665,,,,,,,,,,,
516__M_Right_little_finger.BMP,Lower quality,0.75,Contrast Enhancement,C2,Adaptive histogram equalisation,grayscale,M1 baseline candidate,True,AHE-like un-clipped adaptive histogram equalisation,0.13234027054885542,8.783079818447968,0.27975661181261063,0.3086293041706085,0.005474899953696877,-4.699434827624978,-4.699434827624978,-19.386920181552036,,,,,,,,,,,
516__M_Right_little_finger.BMP,Lower quality,0.75,Contrast Enhancement,C3,CLAHE,grayscale,M1 baseline candidate,True,clip_limit=0.025,0.12886758691346437,8.898563037078377,0.28065487796795835,0.30875834822654724,0.005638199974782765,-4.583951608994569,-4.583951608994569,-19.271436962921626,,,,,,,,,,,
516__M_Right_little_finger.BMP,Lower quality,0.75,Contrast Enhancement,C4,Contrast stretching,grayscale,M1 candidate,True,2nd to 98th percentile,0.04039297268664967,13.936941841189102,0.32015871264774354,0.31076472997665405,0.0011845999979414046,0.45442719511615515,0.45442719511615515,-14.2330581588109,,,,,,,,,,,
516__M_Right_little_finger.BMP,Lower quality,0.75,Contrast Enhancement,C5,Gamma correction,grayscale,M1 candidate,True,gamma=0.85,0.045522961995373534,13.417694879048236,0.3013471276953826,0.3043038845062256,0.001019999966956675,-0.06481976702471037,-0.06481976702471037,-14.752305120951766,,,,,,,,,,,
516__M_Right_little_finger.BMP,Lower quality,0.75,Contrast Enhancement,C6,Homomorphic filtering,grayscale,M1 candidate,True,log-domain high-frequency gain=0.70,0.05226127497100612,12.818199993902034,0.2938380095470229,0.3082295358181,0.009282599959988147,-0.664314652170912,-0.664314652170912,-15.351800006097967,,,,,,,,,,,
516__M_Right_little_finger.BMP,Lower quality,0.75,Fingerprint Ridge Enhancement,G1,Ordinary Gabor filter,grayscale,M2 baseline,True,"fixed frequency=0.115, 8 orientations",0.05756377439300417,12.398507375930963,0.2904840321433766,0.33967188000679016,0.9849485000013374,-1.0840072701419832,-1.0840072701419832,-15.771492624069039,,,,,,,,,,,
516__M_Right_little_finger.BMP,Lower quality,0.75,Fingerprint Ridge Enhancement,G2,Literature-inspired Modified Gabor,grayscale,M2 literature technique,True,local orientation + local ridge frequency; exact article parameters unavailable,0.04409950658664539,13.55566269668125,0.3055147083611999,0.31546860933303833,2.0265016999910586,0.0731480506083031,0.0731480506083031,-14.614337303318752,,,,,,,,,,,
516__M_Right_little_finger.BMP,Lower quality,0.75,Fingerprint Ridge Enhancement,G3,Adaptive local-orientation Gabor,grayscale,M2 candidate,True,"local orientation, fixed frequency",0.04301890925377058,13.663406053635715,0.31767522167196915,0.32416802644729614,0.46658090001437813,0.18089140756276834,0.18089140756276834,-14.506593946364287,,,,,,,,,,,
516__M_Right_little_finger.BMP,Lower quality,0.75,Fingerprint Ridge Enhancement,G4,Adaptive orientation-frequency Gabor,grayscale,M2 candidate,True,local orientation + local frequency,0.043946387689544654,13.570768173131304,0.30733989558888136,0.31756478548049927,2.057599499996286,0.08825352705835776,0.08825352705835776,-14.599231826868698,,,,,,,,,,,
516__M_Right_little_finger.BMP,Lower quality,0.75,Fingerprint Ridge Enhancement,G5,Log-Gabor,grayscale,M2 candidate,True,local selection from log-Gabor frequency/orientation bank,0.047401783952264624,13.242053134726369,0.2857093624806411,0.3048872649669647,0.4000565999886021,-0.24046151134657734,-0.24046151134657734,-14.927946865273633,,,,,,,,,,,
516__M_Right_little_finger.BMP,Lower quality,0.75,Fingerprint Ridge Enhancement,G6,STFT contextual enhancement,grayscale,M2 candidate,True,"32px blocks, band-pass contextual filtering",0.05681247165196778,12.455563161362154,0.24642711508539772,0.2938385307788849,0.07258739997632802,-1.0269514847107928,-1.0269514847107928,-15.714436838637848,,,,,,,,,,,
516__M_Right_little_finger.BMP,Lower quality,0.75,Fingerprint Ridge Enhancement,G7,Coherence-guided directional diffusion,grayscale,M2/M3 candidate,True,directional smoothing weighted by coherence,0.0445411464971503,13.512386083397537,0.30339436416454146,0.3274795413017273,0.4237054000259377,0.029871437324590744,0.029871437324590744,-14.657613916602465,,,,,,,,,,,
516__M_Right_little_finger.BMP,Lower quality,0.75,Fingerprint Ridge Enhancement,G8,Directional oriented filter-bank,grayscale,M2 candidate,True,orientation-selected elongated Gaussian smoothing,0.04463066227896365,13.503666685714055,0.30168091706376127,0.31555718183517456,0.15303230000426993,0.0211520396411089,0.0211520396411089,-14.666333314285946,,,,,,,,,,,
516__M_Right_little_finger.BMP,Lower quality,0.75,Segmentation,S1,Otsu thresholding,ridge map,M3 candidate,True,Binary/structural output; PSNR/MSE/SSIM intentionally not calculated,,,,,,,,,0.4903564453125,276.0,264.0,0.9457617402076721,8.588498879761016,8233.0,410.0,1309.0,20.08048780487805,0.34564003348350525,
516__M_Right_little_finger.BMP,Lower quality,0.75,Segmentation,S2,Adaptive/local Sauvola thresholding,ridge map,M3 candidate,True,Binary/structural output; PSNR/MSE/SSIM intentionally not calculated,,,,,,,,,0.21002197265625,1136.0,1063.0,0.3220720589160919,82.53414705027609,8543.0,1166.0,983.0,7.326758147512865,0.3491341471672058,
516__M_Right_little_finger.BMP,Lower quality,0.75,Segmentation,S3,Local variance foreground segmentation,foreground mask,M3 candidate,True,Binary/structural output; PSNR/MSE/SSIM intentionally not calculated,,,,,,,,,0.97271728515625,10.0,9.0,0.999701976776123,0.15686766643659408,3625.0,34.0,190.0,106.61764705882354,0.3085079491138458,0.97271728515625
516__M_Right_little_finger.BMP,Lower quality,0.75,Segmentation,S4,Coherence-based foreground segmentation,foreground mask,M3 candidate,True,Binary/structural output; PSNR/MSE/SSIM intentionally not calculated,,,,,,,,,0.3484649658203125,287.0,194.0,0.3073083162307739,12.567324955116696,4036.0,500.0,144.0,8.072,0.517336368560791,0.3484649658203125
516__M_Right_little_finger.BMP,Lower quality,0.75,Segmentation,S5,Orientation-confidence segmentation,foreground mask,M3 candidate,True,Binary/structural output; PSNR/MSE/SSIM intentionally not calculated,,,,,,,,,0.315521240234375,137.0,113.0,0.4644549787044525,6.625398974755779,3737.0,286.0,202.0,13.066433566433567,0.4901247024536133,0.315521240234375
516__M_Right_little_finger.BMP,Lower quality,0.75,Morphological Ridge Restoration,M3-1,Opening,ridge map,M3 candidate,True,Binary ridge restoration; PSNR/MSE/SSIM intentionally not calculated,,,,,,,,,0.144287109375,97.0,56.0,0.2945219874382019,10.258037225042301,1585.0,176.0,19.0,9.005681818181818,0.35846632719039917,
516__M_Right_little_finger.BMP,Lower quality,0.75,Morphological Ridge Restoration,M3-2,Closing,ridge map,M3 candidate,True,Binary ridge restoration; PSNR/MSE/SSIM intentionally not calculated,,,,,,,,,0.1712646484375,57.0,0.0,0.42524945735931396,5.0784034212402,2241.0,186.0,81.0,12.048387096774194,0.35749873518943787,
516__M_Right_little_finger.BMP,Lower quality,0.75,Morphological Ridge Restoration,M3-3,Opening + Closing,ridge map,M3 candidate,True,Binary ridge restoration; PSNR/MSE/SSIM intentionally not calculated,,,,,,,,,0.1459503173828125,90.0,49.0,0.29336121678352356,9.409304756926295,1544.0,158.0,15.0,9.772151898734178,0.3583287298679352,
516__M_Right_little_finger.BMP,Lower quality,0.75,Morphological Ridge Restoration,M3-4,Morphological reconstruction,ridge map,M3 candidate,True,Binary ridge restoration; PSNR/MSE/SSIM intentionally not calculated,,,,,,,,,0.1619873046875,66.0,1.0,0.4415034055709839,6.217030896759608,2609.0,288.0,134.0,9.059027777777779,0.35919928550720215,
516__M_Right_little_finger.BMP,Lower quality,0.75,Morphological Ridge Restoration,M3-5,Bridge / broken-ridge reconnection,ridge map,M3 candidate,True,Binary ridge restoration; PSNR/MSE/SSIM intentionally not calculated,,,,,,,,,0.102264404296875,56.0,0.0,0.25723665952682495,8.355714712026261,2153.0,167.0,64.0,12.892215568862275,0.3170784115791321,
516__M_Right_little_finger.BMP,Lower quality,0.75,Morphological Ridge Restoration,M3-6,Remove small objects / isolated noise,ridge map,M3 candidate,True,Binary ridge restoration; PSNR/MSE/SSIM intentionally not calculated,,,,,,,,,0.1551055908203125,50.0,0.0,0.4610919952392578,4.918839153959666,2412.0,237.0,115.0,10.177215189873417,0.36024975776672363,
516__M_Right_little_finger.BMP,Lower quality,0.75,Morphological Ridge Restoration,M3-7,Spur cleanup,ridge map,M3 candidate,True,Binary ridge restoration; PSNR/MSE/SSIM intentionally not calculated,,,,,,,,,0.093109130859375,67.0,24.0,0.30727630853652954,10.980006555227794,1902.0,158.0,35.0,12.037974683544304,0.3178579807281494,
516__M_Right_little_finger.BMP,Lower quality,0.75,Morphological Ridge Restoration,M3-8,Controlled ridge-restoration pipeline,ridge map,M3 candidate,True,Binary ridge restoration; PSNR/MSE/SSIM intentionally not calculated,,,,,,,,,0.0897979736328125,50.0,4.0,0.2876805365085602,8.496176720475786,1888.0,134.0,33.0,14.08955223880597,0.31336769461631775,
516__M_Right_little_finger.BMP,Lower quality,0.75,Thinning / Feature Extraction,T1,Standard skeletonisation,skeleton,M4 candidate,True,"Skeleton/feature output; counts are detections, not ground-truth accuracy",,,,,,,,,0.02880859375,50.0,35.0,0.29978814721107483,26.48305084745763,1888.0,134.0,33.0,14.08955223880597,0.29676055908203125,
516__M_Right_little_finger.BMP,Lower quality,0.75,Thinning / Feature Extraction,T2,Zhang-Suen thinning,skeleton,M4 candidate,True,"Skeleton/feature output; counts are detections, not ground-truth accuracy",,,,,,,,,0.0294647216796875,50.0,34.0,0.29829102754592896,25.89331952356292,1813.0,126.0,28.0,14.38888888888889,0.29502078890800476,
516__M_Right_little_finger.BMP,Lower quality,0.75,Thinning / Feature Extraction,T3,Guo-Hall thinning,skeleton,M4 candidate,True,"Skeleton/feature output; counts are detections, not ground-truth accuracy",,,,,,,,,0.03009033203125,50.0,33.0,0.28600406646728516,25.354969574036513,1933.0,141.0,40.0,13.709219858156029,0.2949727773666382,
516__M_Right_little_finger.BMP,Lower quality,0.75,Thinning / Feature Extraction,T4,Morphological skeleton / medial axis,skeleton,M4 candidate,True,"Skeleton/feature output; counts are detections, not ground-truth accuracy",,,,,,,,,0.0318756103515625,50.0,32.0,0.27381521463394165,23.934897079942555,2089.0,165.0,65.0,12.66060606060606,0.29934245347976685,
455__M_Left_little_finger.BMP,Lower quality,0.35,Control,CONTROL-DEGRADED,Degraded Input,grayscale,"Input condition/control, not a technique",False,"Input condition/control, not a technique",0.011603674548016493,19.354044604952506,0.6664696059230519,0.5289819240570068,0.0,0.0,0.0,-8.815955395047496,,,,,,,,,,,
455__M_Left_little_finger.BMP,Lower quality,0.35,Control,CONTROL-P0,Common Preprocessed Input P0,grayscale,"Common preprocessing control, not a member technique",False,"Common preprocessing control, not a member technique",0.011603674548016493,19.354044604952506,0.6664696059230519,0.5289819240570068,0.0,0.0,0.0,-8.815955395047496,,,,,,,,,,,
455__M_Left_little_finger.BMP,Lower quality,0.35,Denoising,D1,Gaussian filtering,grayscale,M1 candidate,True,sigma=0.65,0.011419174679094847,19.423652835916982,0.7498875861220714,0.5998072028160095,0.001000799995381385,0.06960823096447655,0.06960823096447655,-8.74634716408302,,,,,,,,,,,
455__M_Left_little_finger.BMP,Lower quality,0.35,Denoising,D2,Median filtering,grayscale,M1 candidate,True,3x3 median,0.011486801543137243,19.398008821506288,0.7482763301958367,0.6289626359939575,0.008933099976275116,0.04396421655378191,0.04396421655378191,-8.771991178493714,,,,,,,,,,,
455__M_Left_little_finger.BMP,Lower quality,0.35,Denoising,D3,Bilateral filtering,grayscale,M1 candidate,True,"sigma_color=0.035, sigma_spatial=2.0",0.011856422300265712,19.260463404537433,0.7046886903670109,0.5371558666229248,0.13726689998293296,-0.09358120041507334,-0.09358120041507334,-8.90953659546257,,,,,,,,,,,
455__M_Left_little_finger.BMP,Lower quality,0.35,Denoising,D4,Non-local means,grayscale,M1 candidate,True,"patch_size=3, patch_distance=5, h=0.055",0.012545156116107271,19.015239298103467,0.712422734196393,0.6183450222015381,0.06010990001959726,-0.3388053068490393,-0.3388053068490393,-9.154760701896535,,,,,,,,,,,
455__M_Left_little_finger.BMP,Lower quality,0.35,Denoising,D5,Wiener noise filtering,grayscale,M1 candidate,True,local window=5,0.014618334964931628,18.351020909022626,0.6483770464328281,0.6353664994239807,0.005612100008875132,-1.0030236959298797,-1.0030236959298797,-9.818979090977376,,,,,,,,,,,
455__M_Left_little_finger.BMP,Lower quality,0.35,Denoising,D6,Wavelet denoising,grayscale,M1 candidate,True,db2 level=2 shrinkage,0.011443282121153366,19.414493948899157,0.7140947315670731,0.568709135055542,0.004652800038456917,0.06044934394665091,0.06044934394665091,-8.755506051100845,,,,,,,,,,,
455__M_Left_little_finger.BMP,Lower quality,0.35,Denoising,D7,Anisotropic diffusion,grayscale,M1 candidate,True,Perona-Malik style fixed parameters,0.01214103628863993,19.157442428134456,0.7478045296697919,0.628832995891571,0.008660499996040016,-0.19660217681805037,-0.19660217681805037,-9.012557571865546,,,,,,,,,,,
455__M_Left_little_finger.BMP,Lower quality,0.35,Restoration/Deblurring,R1,Wiener deconvolution,grayscale,M1 candidate,True,uses known synthetic Gaussian PSF formula; no clean pixels used,0.010929662690315594,19.613932409775718,0.6970263302313555,0.5462804436683655,0.003057599999010563,0.2598878048232116,0.2598878048232116,-8.556067590224284,,,,,,,,,,,
455__M_Left_little_finger.BMP,Lower quality,0.35,Restoration/Deblurring,R2,Richardson-Lucy deconvolution,grayscale,M1 candidate,True,uses known synthetic Gaussian PSF formula; 8 iterations,0.011174097990840293,19.5178752442971,0.6828158074367083,0.533545196056366,0.02171419997466728,0.16383063934459585,0.16383063934459585,-8.6521247557029,,,,,,,,,,,
455__M_Left_little_finger.BMP,Lower quality,0.35,Restoration/Deblurring,R3,Total variation restoration,grayscale,M1 candidate,True,TV Chambolle weight=0.045,0.012975535798957723,18.868746997819052,0.7149503975693122,0.680797815322876,0.013174800027627498,-0.4852976071334538,-0.4852976071334538,-9.30125300218095,,,,,,,,,,,
455__M_Left_little_finger.BMP,Lower quality,0.35,Restoration/Deblurring,R4,Tikhonov regularised inverse restoration,grayscale,M1 candidate,True,uses known synthetic Gaussian PSF formula; lambda=0.025,0.011729953734407526,19.30703700836827,0.6820026213885723,0.5556458234786987,0.008512199972756207,-0.04700759658423692,-0.04700759658423692,-8.862962991631733,,,,,,,,,,,
455__M_Left_little_finger.BMP,Lower quality,0.35,Restoration/Deblurring,R5,Edge-preserving restoration,grayscale,M1 candidate,True,TV followed by bilateral filter,0.012593813220028137,18.998427520465523,0.7220237774502919,0.6747455596923828,0.1430133999674581,-0.35561708448698326,-0.35561708448698326,-9.171572479534479,,,,,,,,,,,
455__M_Left_little_finger.BMP,Lower quality,0.35,Contrast Enhancement,C1,Global histogram equalisation,grayscale,M1 baseline candidate,True,global equalize_hist,0.036722795237759204,14.350642689160086,0.582865369588999,0.5263680219650269,0.0038725000340491533,-5.00340191579242,-5.00340191579242,-13.819357310839916,,,,,,,,,,,
455__M_Left_little_finger.BMP,Lower quality,0.35,Contrast Enhancement,C2,Adaptive histogram equalisation,grayscale,M1 baseline candidate,True,AHE-like un-clipped adaptive histogram equalisation,0.08829966045252699,10.54040966455018,0.49420487217126424,0.5022954344749451,0.006822599971201271,-8.813634940402325,-8.813634940402325,-17.62959033544982,,,,,,,,,,,
455__M_Left_little_finger.BMP,Lower quality,0.35,Contrast Enhancement,C3,CLAHE,grayscale,M1 baseline candidate,True,clip_limit=0.025,0.0731672374101764,11.356833423995166,0.5035904919659788,0.5044098496437073,0.007014700036961585,-7.99721118095734,-7.99721118095734,-16.813166576004836,,,,,,,,,,,
455__M_Left_little_finger.BMP,Lower quality,0.35,Contrast Enhancement,C4,Contrast stretching,grayscale,M1 candidate,True,2nd to 98th percentile,0.00833275106537114,20.79211592199369,0.6863326945638573,0.5333878993988037,0.0015511000528931618,1.4380713170411852,1.4380713170411852,-7.377884078006311,,,,,,,,,,,
455__M_Left_little_finger.BMP,Lower quality,0.35,Contrast Enhancement,C5,Gamma correction,grayscale,M1 candidate,True,gamma=0.85,0.01252647141954031,19.021712481470463,0.6631365934206845,0.5271183252334595,0.0011426000273786485,-0.33233212348204333,-0.33233212348204333,-9.14828751852954,,,,,,,,,,,
455__M_Left_little_finger.BMP,Lower quality,0.35,Contrast Enhancement,C6,Homomorphic filtering,grayscale,M1 candidate,True,log-domain high-frequency gain=0.70,0.019481371455835943,17.10380472778961,0.6201891952552591,0.5297644734382629,0.011335899995174259,-2.2502398771628975,-2.2502398771628975,-11.066195272210393,,,,,,,,,,,
455__M_Left_little_finger.BMP,Lower quality,0.35,Fingerprint Ridge Enhancement,G1,Ordinary Gabor filter,grayscale,M2 baseline,True,"fixed frequency=0.115, 8 orientations",0.023157103085507003,16.35315771052958,0.5920924209766256,0.5733838081359863,1.0702648000442423,-3.0008868944229263,-3.0008868944229263,-11.816842289470422,,,,,,,,,,,
455__M_Left_little_finger.BMP,Lower quality,0.35,Fingerprint Ridge Enhancement,G2,Literature-inspired Modified Gabor,grayscale,M2 literature technique,True,local orientation + local ridge frequency; exact article parameters unavailable,0.011815412239250624,19.275511212505286,0.6802464432414265,0.5473809838294983,2.232500899990555,-0.0785333924472198,-0.0785333924472198,-8.894488787494716,,,,,,,,,,,
455__M_Left_little_finger.BMP,Lower quality,0.35,Fingerprint Ridge Enhancement,G3,Adaptive local-orientation Gabor,grayscale,M2 candidate,True,"local orientation, fixed frequency",0.011687040014098761,19.32295469019527,0.6862217841314473,0.5527569651603699,0.4699943999876268,-0.031089914757234993,-0.031089914757234993,-8.84704530980473,,,,,,,,,,,
455__M_Left_little_finger.BMP,Lower quality,0.35,Fingerprint Ridge Enhancement,G4,Adaptive orientation-frequency Gabor,grayscale,M2 candidate,True,local orientation + local frequency,0.011945842651187878,19.22783210011757,0.6821950874982539,0.5499662160873413,2.0277403999934904,-0.1262125048349354,-0.1262125048349354,-8.942167899882431,,,,,,,,,,,
455__M_Left_little_finger.BMP,Lower quality,0.35,Fingerprint Ridge Enhancement,G5,Log-Gabor,grayscale,M2 candidate,True,local selection from log-Gabor frequency/orientation bank,0.015261813694649358,18.163938523068975,0.6241149446447719,0.5197333693504333,0.3194020999944769,-1.1901060818835312,-1.1901060818835312,-10.006061476931027,,,,,,,,,,,
455__M_Left_little_finger.BMP,Lower quality,0.35,Fingerprint Ridge Enhancement,G6,STFT contextual enhancement,grayscale,M2 candidate,True,"32px blocks, band-pass contextual filtering",0.02404994098784756,16.188859849318796,0.5154951167616715,0.46712982654571533,0.06270969996694475,-3.1651847556337103,-3.1651847556337103,-11.981140150681206,,,,,,,,,,,
455__M_Left_little_finger.BMP,Lower quality,0.35,Fingerprint Ridge Enhancement,G7,Coherence-guided directional diffusion,grayscale,M2/M3 candidate,True,directional smoothing weighted by coherence,0.012046480989736336,19.191398003869224,0.6622274738723413,0.549164891242981,0.37370409996947274,-0.16264660108328144,-0.16264660108328144,-8.978601996130777,,,,,,,,,,,
455__M_Left_little_finger.BMP,Lower quality,0.35,Fingerprint Ridge Enhancement,G8,Directional oriented filter-bank,grayscale,M2 candidate,True,orientation-selected elongated Gaussian smoothing,0.011727981046254634,19.307767445714394,0.6673557784946315,0.5361865758895874,0.11104689998319373,-0.046277159238112375,-0.046277159238112375,-8.862232554285608,,,,,,,,,,,
455__M_Left_little_finger.BMP,Lower quality,0.35,Segmentation,S1,Otsu thresholding,ridge map,M3 candidate,True,Binary/structural output; PSNR/MSE/SSIM intentionally not calculated,,,,,,,,,0.4517669677734375,94.0,86.0,0.9755463004112244,3.174924848853312,6551.0,177.0,718.0,37.01129943502825,0.6129699349403381,
455__M_Left_little_finger.BMP,Lower quality,0.35,Segmentation,S2,Adaptive/local Sauvola thresholding,ridge map,M3 candidate,True,Binary/structural output; PSNR/MSE/SSIM intentionally not calculated,,,,,,,,,0.24713134765625,379.0,283.0,0.3093973696231842,23.400839713509505,5412.0,599.0,516.0,9.035058430717863,0.6187729239463806,
455__M_Left_little_finger.BMP,Lower quality,0.35,Segmentation,S3,Local variance foreground segmentation,foreground mask,M3 candidate,True,Binary/structural output; PSNR/MSE/SSIM intentionally not calculated,,,,,,,,,0.7491912841796875,4.0,1.0,0.984724760055542,0.08146805433919226,1428.0,17.0,18.0,84.0,0.6164454817771912,0.7491912841796875
455__M_Left_little_finger.BMP,Lower quality,0.35,Segmentation,S4,Coherence-based foreground segmentation,foreground mask,M3 candidate,True,Binary/structural output; PSNR/MSE/SSIM intentionally not calculated,,,,,,,,,0.6915130615234375,113.0,83.0,0.9633045792579651,2.493435424435667,5522.0,204.0,295.0,27.068627450980394,0.6773530840873718,0.6915130615234375
455__M_Left_little_finger.BMP,Lower quality,0.35,Segmentation,S5,Orientation-confidence segmentation,foreground mask,M3 candidate,True,Binary/structural output; PSNR/MSE/SSIM intentionally not calculated,,,,,,,,,0.4166717529296875,43.0,31.0,0.9618412852287292,1.5746878089867067,3733.0,165.0,226.0,22.624242424242425,0.7070133090019226,0.4166717529296875
455__M_Left_little_finger.BMP,Lower quality,0.35,Morphological Ridge Restoration,M3-1,Opening,ridge map,M3 candidate,True,Binary ridge restoration; PSNR/MSE/SSIM intentionally not calculated,,,,,,,,,0.20062255859375,189.0,78.0,0.38264375925064087,14.374809857012474,2302.0,323.0,22.0,7.1269349845201235,0.6132774949073792,
455__M_Left_little_finger.BMP,Lower quality,0.35,Morphological Ridge Restoration,M3-2,Closing,ridge map,M3 candidate,True,Binary ridge restoration; PSNR/MSE/SSIM intentionally not calculated,,,,,,,,,0.23089599609375,85.0,0.0,0.33320116996765137,5.617234998678298,3276.0,241.0,84.0,13.593360995850622,0.6136658191680908,
455__M_Left_little_finger.BMP,Lower quality,0.35,Morphological Ridge Restoration,M3-3,Opening + Closing,ridge map,M3 candidate,True,Binary ridge restoration; PSNR/MSE/SSIM intentionally not calculated,,,,,,,,,0.202667236328125,169.0,64.0,0.3789339065551758,12.723987351302515,2325.0,295.0,21.0,7.88135593220339,0.6119357347488403,
455__M_Left_little_finger.BMP,Lower quality,0.35,Morphological Ridge Restoration,M3-4,Morphological reconstruction,ridge map,M3 candidate,True,Binary ridge restoration; PSNR/MSE/SSIM intentionally not calculated,,,,,,,,,0.2234344482421875,103.0,3.0,0.3439868986606598,7.034077716314963,3440.0,323.0,122.0,10.65015479876161,0.6157674193382263,
455__M_Left_little_finger.BMP,Lower quality,0.35,Morphological Ridge Restoration,M3-5,Bridge / broken-ridge reconnection,ridge map,M3 candidate,True,Binary ridge restoration; PSNR/MSE/SSIM intentionally not calculated,,,,,,,,,0.1508331298828125,82.0,5.0,0.1549822986125946,8.295397066262014,3203.0,225.0,76.0,14.235555555555555,0.6320235133171082,
455__M_Left_little_finger.BMP,Lower quality,0.35,Morphological Ridge Restoration,M3-6,Remove small objects / isolated noise,ridge map,M3 candidate,True,Binary ridge restoration; PSNR/MSE/SSIM intentionally not calculated,,,,,,,,,0.2162933349609375,87.0,0.0,0.35534390807151794,6.137566137566138,3260.0,283.0,114.0,11.519434628975265,0.6152163743972778,
455__M_Left_little_finger.BMP,Lower quality,0.35,Morphological Ridge Restoration,M3-7,Spur cleanup,ridge map,M3 candidate,True,Binary ridge restoration; PSNR/MSE/SSIM intentionally not calculated,,,,,,,,,0.1306304931640625,102.0,25.0,0.18152084946632385,11.91449597009695,2661.0,224.0,35.0,11.879464285714286,0.6349783539772034,
455__M_Left_little_finger.BMP,Lower quality,0.35,Morphological Ridge Restoration,M3-8,Controlled ridge-restoration pipeline,ridge map,M3 candidate,True,Binary ridge restoration; PSNR/MSE/SSIM intentionally not calculated,,,,,,,,,0.135589599609375,72.0,4.0,0.17206841707229614,8.102633355840648,2853.0,185.0,52.0,15.421621621621622,0.6337311267852783,
455__M_Left_little_finger.BMP,Lower quality,0.35,Thinning / Feature Extraction,T1,Standard skeletonisation,skeleton,M4 candidate,True,"Skeleton/feature output; counts are detections, not ground-truth accuracy",,,,,,,,,0.0435333251953125,72.0,44.0,0.1784086972475052,25.236593059936908,2853.0,185.0,52.0,15.421621621621622,0.6391992568969727,
455__M_Left_little_finger.BMP,Lower quality,0.35,Thinning / Feature Extraction,T2,Zhang-Suen thinning,skeleton,M4 candidate,True,"Skeleton/feature output; counts are detections, not ground-truth accuracy",,,,,,,,,0.04571533203125,72.0,44.0,0.17056074738502502,24.03204272363151,2760.0,176.0,43.0,15.681818181818182,0.6382424831390381,
455__M_Left_little_finger.BMP,Lower quality,0.35,Thinning / Feature Extraction,T3,Guo-Hall thinning,skeleton,M4 candidate,True,"Skeleton/feature output; counts are detections, not ground-truth accuracy",,,,,,,,,0.044677734375,72.0,44.0,0.1738387942314148,24.59016393442623,2908.0,190.0,57.0,15.305263157894737,0.6368950009346008,
455__M_Left_little_finger.BMP,Lower quality,0.35,Thinning / Feature Extraction,T4,Morphological skeleton / medial axis,skeleton,M4 candidate,True,"Skeleton/feature output; counts are detections, not ground-truth accuracy",,,,,,,,,0.0474853515625,72.0,42.0,0.1648457646369934,23.13624678663239,3112.0,206.0,73.0,15.106796116504855,0.6373081803321838,
466__F_Left_little_finger.BMP,Lower quality,0.55,Control,CONTROL-DEGRADED,Degraded Input,grayscale,"Input condition/control, not a technique",False,"Input condition/control, not a technique",0.03090636792412731,15.09952029656597,0.44553192054988794,0.43197768926620483,0.0,0.0,0.0,-13.070479703434032,,,,,,,,,,,
466__F_Left_little_finger.BMP,Lower quality,0.55,Control,CONTROL-P0,Common Preprocessed Input P0,grayscale,"Common preprocessing control, not a member technique",False,"Common preprocessing control, not a member technique",0.03090636792412731,15.09952029656597,0.44553192054988794,0.43197768926620483,0.0,0.0,0.0,-13.070479703434032,,,,,,,,,,,
466__F_Left_little_finger.BMP,Lower quality,0.55,Denoising,D1,Gaussian filtering,grayscale,M1 candidate,True,sigma=0.65,0.030298129218712583,15.185841865165976,0.5635497890830683,0.5173560380935669,0.0007776000420562923,0.08632156860000606,0.08632156860000606,-12.984158134834026,,,,,,,,,,,
466__F_Left_little_finger.BMP,Lower quality,0.55,Denoising,D2,Median filtering,grayscale,M1 candidate,True,3x3 median,0.030682938158246346,15.131030552570818,0.5706736768528383,0.5569450855255127,0.008063099987339228,0.03151025600484836,0.03151025600484836,-13.038969447429183,,,,,,,,,,,
466__F_Left_little_finger.BMP,Lower quality,0.55,Denoising,D3,Bilateral filtering,grayscale,M1 candidate,True,"sigma_color=0.035, sigma_spatial=2.0",0.03134584710452512,15.03819989093494,0.48452930076654976,0.4390188753604889,0.10961389995645732,-0.06132040563102947,-0.06132040563102947,-13.131800109065061,,,,,,,,,,,
466__F_Left_little_finger.BMP,Lower quality,0.55,Denoising,D4,Non-local means,grayscale,M1 candidate,True,"patch_size=3, patch_distance=5, h=0.055",0.03206715340306361,14.939395906238337,0.5883995774455865,0.5295718312263489,0.050962100038304925,-0.16012439032763304,-0.16012439032763304,-13.230604093761665,,,,,,,,,,,
466__F_Left_little_finger.BMP,Lower quality,0.55,Denoising,D5,Wiener noise filtering,grayscale,M1 candidate,True,local window=5,0.034230742375088746,14.655836820508927,0.5457137425927273,0.5716279745101929,0.00489659997401759,-0.4436834760570427,-0.4436834760570427,-13.514163179491074,,,,,,,,,,,
466__F_Left_little_finger.BMP,Lower quality,0.55,Denoising,D6,Wavelet denoising,grayscale,M1 candidate,True,db2 level=2 shrinkage,0.03063428844697671,15.137922027203238,0.49962393953735335,0.48023268580436707,0.002926599991042167,0.03840173063726837,0.03840173063726837,-13.032077972796763,,,,,,,,,,,
466__F_Left_little_finger.BMP,Lower quality,0.55,Denoising,D7,Anisotropic diffusion,grayscale,M1 candidate,True,Perona-Malik style fixed parameters,0.03129679248459582,15.045001697257801,0.5915364649546545,0.5314540863037109,0.006057300022803247,-0.05451859930816916,-0.05451859930816916,-13.1249983027422,,,,,,,,,,,
466__F_Left_little_finger.BMP,Lower quality,0.55,Restoration/Deblurring,R1,Wiener deconvolution,grayscale,M1 candidate,True,uses known synthetic Gaussian PSF formula; no clean pixels used,0.02933308461692284,15.326422649543543,0.48600170712031193,0.46196550130844116,0.0021791000035591424,0.22690235297757333,0.22690235297757333,-12.843577350456458,,,,,,,,,,,
466__F_Left_little_finger.BMP,Lower quality,0.55,Restoration/Deblurring,R2,Richardson-Lucy deconvolution,grayscale,M1 candidate,True,uses known synthetic Gaussian PSF formula; 8 iterations,0.02985280092830317,15.250149150994684,0.47162849789285044,0.45087453722953796,0.018310600018594414,0.15062885442871377,0.15062885442871377,-12.919850849005318,,,,,,,,,,,
466__F_Left_little_finger.BMP,Lower quality,0.55,Restoration/Deblurring,R3,Total variation restoration,grayscale,M1 candidate,True,TV Chambolle weight=0.045,0.032560515881466856,14.87308722864547,0.5970653713503,0.6062906980514526,0.010621999972499907,-0.22643306792049955,-0.22643306792049955,-13.296912771354531,,,,,,,,,,,
466__F_Left_little_finger.BMP,Lower quality,0.55,Restoration/Deblurring,R4,Tikhonov regularised inverse restoration,grayscale,M1 candidate,True,uses known synthetic Gaussian PSF formula; lambda=0.025,0.030704237650251605,15.128016811640535,0.46531643170368553,0.45958802103996277,0.00763770000776276,0.028496515074564854,0.028496515074564854,-13.041983188359467,,,,,,,,,,,
466__F_Left_little_finger.BMP,Lower quality,0.55,Restoration/Deblurring,R5,Edge-preserving restoration,grayscale,M1 candidate,True,TV followed by bilateral filter,0.03203886591051302,14.943228651696717,0.6090951090471148,0.5755533576011658,0.1170949999941513,-0.15629164486925262,-0.15629164486925262,-13.226771348303284,,,,,,,,,,,
466__F_Left_little_finger.BMP,Lower quality,0.55,Contrast Enhancement,C1,Global histogram equalisation,grayscale,M1 baseline candidate,True,global equalize_hist,0.04482026625658993,13.485255678495003,0.40917390704997164,0.43454214930534363,0.0037421000306494534,-1.6142646180709672,-1.6142646180709672,-14.684744321504999,,,,,,,,,,,
466__F_Left_little_finger.BMP,Lower quality,0.55,Contrast Enhancement,C2,Adaptive histogram equalisation,grayscale,M1 baseline candidate,True,AHE-like un-clipped adaptive histogram equalisation,0.11075392911060246,9.556408577840344,0.38944253087458186,0.41405555605888367,0.005977499997243285,-5.543111718725626,-5.543111718725626,-18.613591422159658,,,,,,,,,,,
466__F_Left_little_finger.BMP,Lower quality,0.55,Contrast Enhancement,C3,CLAHE,grayscale,M1 baseline candidate,True,clip_limit=0.025,0.10145305330029881,9.937348780390408,0.39235532896976894,0.414523720741272,0.006270900019444525,-5.162171516175562,-5.162171516175562,-18.232651219609593,,,,,,,,,,,
466__F_Left_little_finger.BMP,Lower quality,0.55,Contrast Enhancement,C4,Contrast stretching,grayscale,M1 candidate,True,2nd to 98th percentile,0.02522082909679914,15.9824064075079,0.47190658377152866,0.4377855062484741,0.0012923000031150877,0.8828861109419304,0.8828861109419304,-12.187593592492101,,,,,,,,,,,
466__F_Left_little_finger.BMP,Lower quality,0.55,Contrast Enhancement,C5,Gamma correction,grayscale,M1 candidate,True,gamma=0.85,0.031717810802085356,14.986967957990903,0.4489830818977506,0.42989009618759155,0.0009823000291362405,-0.11255233857506752,-0.11255233857506752,-13.1830320420091,,,,,,,,,,,
466__F_Left_little_finger.BMP,Lower quality,0.55,Contrast Enhancement,C6,Homomorphic filtering,grayscale,M1 candidate,True,log-domain high-frequency gain=0.70,0.040569925154874065,13.917957934998931,0.43072715602174916,0.4344542324542999,0.009825700020883232,-1.181562361567039,-1.181562361567039,-14.25204206500107,,,,,,,,,,,
466__F_Left_little_finger.BMP,Lower quality,0.55,Fingerprint Ridge Enhancement,G1,Ordinary Gabor filter,grayscale,M2 baseline,True,"fixed frequency=0.115, 8 orientations",0.03919724781566532,14.067444253374642,0.41967840590433697,0.4646023213863373,1.0027144000050612,-1.0320760431913278,-1.0320760431913278,-14.10255574662536,,,,,,,,,,,
466__F_Left_little_finger.BMP,Lower quality,0.55,Fingerprint Ridge Enhancement,G2,Literature-inspired Modified Gabor,grayscale,M2 literature technique,True,local orientation + local ridge frequency; exact article parameters unavailable,0.0311707667728966,15.062525143371474,0.45041408728288346,0.43689030408859253,2.1426200999994762,-0.03699515319449631,-0.03699515319449631,-13.107474856628528,,,,,,,,,,,
466__F_Left_little_finger.BMP,Lower quality,0.55,Fingerprint Ridge Enhancement,G3,Adaptive local-orientation Gabor,grayscale,M2 candidate,True,"local orientation, fixed frequency",0.030561967099159752,15.148186961429237,0.4576395637017461,0.4397563636302948,0.49615839996840805,0.04866666486326743,0.04866666486326743,-13.021813038570764,,,,,,,,,,,
466__F_Left_little_finger.BMP,Lower quality,0.55,Fingerprint Ridge Enhancement,G4,Adaptive orientation-frequency Gabor,grayscale,M2 candidate,True,local orientation + local frequency,0.031279862972768385,15.047351581154157,0.45119424635614014,0.4372648298740387,2.030870199960191,-0.05216871541181334,-0.05216871541181334,-13.122648418845845,,,,,,,,,,,
466__F_Left_little_finger.BMP,Lower quality,0.55,Fingerprint Ridge Enhancement,G5,Log-Gabor,grayscale,M2 candidate,True,local selection from log-Gabor frequency/orientation bank,0.035418723325551904,14.507670970889297,0.41693749448109907,0.42143455147743225,0.3169715999974869,-0.591849325676673,-0.591849325676673,-13.662329029110705,,,,,,,,,,,
466__F_Left_little_finger.BMP,Lower quality,0.55,Fingerprint Ridge Enhancement,G6,STFT contextual enhancement,grayscale,M2 candidate,True,"32px blocks, band-pass contextual filtering",0.04520380731129615,13.448249849972086,0.3591948800927013,0.39502957463264465,0.06274610001128167,-1.651270446593884,-1.651270446593884,-14.721750150027916,,,,,,,,,,,
466__F_Left_little_finger.BMP,Lower quality,0.55,Fingerprint Ridge Enhancement,G7,Coherence-guided directional diffusion,grayscale,M2/M3 candidate,True,directional smoothing weighted by coherence,0.03112654251586466,15.068691173410597,0.4483963522105168,0.46284952759742737,0.3236171000171453,-0.030829123155372784,-0.030829123155372784,-13.101308826589404,,,,,,,,,,,
466__F_Left_little_finger.BMP,Lower quality,0.55,Fingerprint Ridge Enhancement,G8,Directional oriented filter-bank,grayscale,M2 candidate,True,orientation-selected elongated Gaussian smoothing,0.030931456044068086,15.09599635864247,0.4493566574183905,0.4441398084163666,0.10349150002002716,-0.0035239379235001422,-0.0035239379235001422,-13.074003641357532,,,,,,,,,,,
466__F_Left_little_finger.BMP,Lower quality,0.55,Segmentation,S1,Otsu thresholding,ridge map,M3 candidate,True,Binary/structural output; PSNR/MSE/SSIM intentionally not calculated,,,,,,,,,0.472930908203125,104.0,100.0,0.9906756281852722,3.355488158998516,7280.0,190.0,1072.0,38.31578947368421,0.5420167446136475,
466__F_Left_little_finger.BMP,Lower quality,0.55,Segmentation,S2,Adaptive/local Sauvola thresholding,ridge map,M3 candidate,True,Binary/structural output; PSNR/MSE/SSIM intentionally not calculated,,,,,,,,,0.23236083984375,632.0,570.0,0.3173102140426636,41.50249540320463,6304.0,769.0,612.0,8.197659297789336,0.528398871421814,
466__F_Left_little_finger.BMP,Lower quality,0.55,Segmentation,S3,Local variance foreground segmentation,foreground mask,M3 candidate,True,Binary/structural output; PSNR/MSE/SSIM intentionally not calculated,,,,,,,,,0.766998291015625,4.0,1.0,0.9853578805923462,0.07957665221024152,1720.0,21.0,18.0,81.9047619047619,0.49725040793418884,0.766998291015625
466__F_Left_little_finger.BMP,Lower quality,0.55,Segmentation,S4,Coherence-based foreground segmentation,foreground mask,M3 candidate,True,Binary/structural output; PSNR/MSE/SSIM intentionally not calculated,,,,,,,,,0.5521392822265625,174.0,130.0,0.918889045715332,4.8086223573303855,4968.0,316.0,227.0,15.721518987341772,0.6230232119560242,0.5521392822265625
466__F_Left_little_finger.BMP,Lower quality,0.55,Segmentation,S5,Orientation-confidence segmentation,foreground mask,M3 candidate,True,Binary/structural output; PSNR/MSE/SSIM intentionally not calculated,,,,,,,,,0.3914337158203125,56.0,49.0,0.8936576843261719,2.182980548084045,3527.0,151.0,197.0,23.357615894039736,0.6270274519920349,0.3914337158203125
466__F_Left_little_finger.BMP,Lower quality,0.55,Morphological Ridge Restoration,M3-1,Opening,ridge map,M3 candidate,True,Binary ridge restoration; PSNR/MSE/SSIM intentionally not calculated,,,,,,,,,0.1857452392578125,99.0,39.0,0.3985048830509186,8.132752813603878,2153.0,199.0,24.0,10.819095477386934,0.5216346383094788,
466__F_Left_little_finger.BMP,Lower quality,0.55,Morphological Ridge Restoration,M3-2,Closing,ridge map,M3 candidate,True,Binary ridge restoration; PSNR/MSE/SSIM intentionally not calculated,,,,,,,,,0.210693359375,53.0,0.0,0.38405272364616394,3.8383545770567786,2905.0,197.0,100.0,14.746192893401016,0.5244530439376831,
466__F_Left_little_finger.BMP,Lower quality,0.55,Morphological Ridge Restoration,M3-3,Opening + Closing,ridge map,M3 candidate,True,Binary ridge restoration; PSNR/MSE/SSIM intentionally not calculated,,,,,,,,,0.1876068115234375,88.0,35.0,0.3957706391811371,7.157381049206995,2177.0,188.0,29.0,11.579787234042554,0.520677387714386,
466__F_Left_little_finger.BMP,Lower quality,0.55,Morphological Ridge Restoration,M3-4,Morphological reconstruction,ridge map,M3 candidate,True,Binary ridge restoration; PSNR/MSE/SSIM intentionally not calculated,,,,,,,,,0.203216552734375,66.0,2.0,0.3777594268321991,4.9556990539119985,3117.0,290.0,142.0,10.748275862068965,0.5254381895065308,
466__F_Left_little_finger.BMP,Lower quality,0.55,Morphological Ridge Restoration,M3-5,Bridge / broken-ridge reconnection,ridge map,M3 candidate,True,Binary ridge restoration; PSNR/MSE/SSIM intentionally not calculated,,,,,,,,,0.1321868896484375,51.0,3.0,0.2325984090566635,5.887106083342952,2829.0,177.0,88.0,15.983050847457626,0.5209775567054749,
466__F_Left_little_finger.BMP,Lower quality,0.55,Morphological Ridge Restoration,M3-6,Remove small objects / isolated noise,ridge map,M3 candidate,True,Binary ridge restoration; PSNR/MSE/SSIM intentionally not calculated,,,,,,,,,0.1983184814453125,52.0,0.0,0.387089341878891,4.000923289989998,3001.0,260.0,140.0,11.542307692307693,0.5234877467155457,
466__F_Left_little_finger.BMP,Lower quality,0.55,Morphological Ridge Restoration,M3-7,Spur cleanup,ridge map,M3 candidate,True,Binary ridge restoration; PSNR/MSE/SSIM intentionally not calculated,,,,,,,,,0.1166839599609375,65.0,15.0,0.23760952055454254,8.500065385118347,2419.0,170.0,46.0,14.229411764705882,0.5224387049674988,
466__F_Left_little_finger.BMP,Lower quality,0.55,Morphological Ridge Restoration,M3-8,Controlled ridge-restoration pipeline,ridge map,M3 candidate,True,Binary ridge restoration; PSNR/MSE/SSIM intentionally not calculated,,,,,,,,,0.1197052001953125,43.0,0.0,0.2518801689147949,5.481198215423837,2535.0,142.0,61.0,17.85211267605634,0.5185882449150085,
466__F_Left_little_finger.BMP,Lower quality,0.55,Thinning / Feature Extraction,T1,Standard skeletonisation,skeleton,M4 candidate,True,"Skeleton/feature output; counts are detections, not ground-truth accuracy",,,,,,,,,0.0386810302734375,43.0,27.0,0.2568047344684601,16.962524654832347,2535.0,142.0,61.0,17.85211267605634,0.5090528726577759,
466__F_Left_little_finger.BMP,Lower quality,0.55,Thinning / Feature Extraction,T2,Zhang-Suen thinning,skeleton,M4 candidate,True,"Skeleton/feature output; counts are detections, not ground-truth accuracy",,,,,,,,,0.039886474609375,43.0,24.0,0.24942617118358612,16.449885233358838,2456.0,133.0,52.0,18.466165413533833,0.5036844611167908,
466__F_Left_little_finger.BMP,Lower quality,0.55,Thinning / Feature Extraction,T3,Guo-Hall thinning,skeleton,M4 candidate,True,"Skeleton/feature output; counts are detections, not ground-truth accuracy",,,,,,,,,0.0399627685546875,43.0,25.0,0.24627719819545746,16.41848033600611,2575.0,152.0,71.0,16.94078947368421,0.5056717395782471,
466__F_Left_little_finger.BMP,Lower quality,0.55,Thinning / Feature Extraction,T4,Morphological skeleton / medial axis,skeleton,M4 candidate,True,"Skeleton/feature output; counts are detections, not ground-truth accuracy",,,,,,,,,0.0418243408203125,43.0,20.0,0.24480116367340088,15.68770521707406,2741.0,173.0,91.0,15.84393063583815,0.5097042918205261,
371__M_Right_index_finger.BMP,Lower quality,0.75,Control,CONTROL-DEGRADED,Degraded Input,grayscale,"Input condition/control, not a technique",False,"Input condition/control, not a technique",0.052331200866164815,12.812392992071155,0.3671201100462844,0.36429160833358765,0.0,0.0,0.0,-15.357607007928847,,,,,,,,,,,
371__M_Right_index_finger.BMP,Lower quality,0.75,Control,CONTROL-P0,Common Preprocessed Input P0,grayscale,"Common preprocessing control, not a member technique",False,"Common preprocessing control, not a member technique",0.052331200866164815,12.812392992071155,0.3671201100462844,0.36429160833358765,0.0,0.0,0.0,-15.357607007928847,,,,,,,,,,,
371__M_Right_index_finger.BMP,Lower quality,0.75,Denoising,D1,Gaussian filtering,grayscale,M1 candidate,True,sigma=0.65,0.0504466704130048,12.97167492835955,0.4648608198159079,0.4796494245529175,0.0010442999773658812,0.15928193628839438,0.15928193628839438,-15.198325071640452,,,,,,,,,,,
371__M_Right_index_finger.BMP,Lower quality,0.75,Denoising,D2,Median filtering,grayscale,M1 candidate,True,3x3 median,0.05081861874742007,12.939771432708081,0.4752525947738485,0.5300137996673584,0.009973600041121244,0.12737844063692627,0.12737844063692627,-15.23022856729192,,,,,,,,,,,
371__M_Right_index_finger.BMP,Lower quality,0.75,Denoising,D3,Bilateral filtering,grayscale,M1 candidate,True,"sigma_color=0.035, sigma_spatial=2.0",0.05328633598625626,12.73384141190079,0.36936064374701283,0.36324286460876465,0.12791949999518692,-0.07855158017036423,-0.07855158017036423,-15.436158588099211,,,,,,,,,,,
371__M_Right_index_finger.BMP,Lower quality,0.75,Denoising,D4,Non-local means,grayscale,M1 candidate,True,"patch_size=3, patch_distance=5, h=0.055",0.05328094132736754,12.734281109835875,0.46101928191170805,0.47055360674858093,0.060764399997424334,-0.0781118822352802,-0.0781118822352802,-15.435718890164127,,,,,,,,,,,
371__M_Right_index_finger.BMP,Lower quality,0.75,Denoising,D5,Wiener noise filtering,grayscale,M1 candidate,True,local window=5,0.05405462299270369,12.671671573191226,0.4645120026255406,0.5746291875839233,0.004680100013501942,-0.14072141887992906,-0.14072141887992906,-15.498328426808776,,,,,,,,,,,
371__M_Right_index_finger.BMP,Lower quality,0.75,Denoising,D6,Wavelet denoising,grayscale,M1 candidate,True,db2 level=2 shrinkage,0.05140338761781203,12.890082589182894,0.40534519094568294,0.42815226316452026,0.0032950000022538006,0.07768959711173906,0.07768959711173906,-15.279917410817108,,,,,,,,,,,
371__M_Right_index_finger.BMP,Lower quality,0.75,Denoising,D7,Anisotropic diffusion,grayscale,M1 candidate,True,Perona-Malik style fixed parameters,0.05172689149476643,12.86283619546323,0.4550490200585774,0.45614826679229736,0.0068023999920114875,0.05044320339207431,0.05044320339207431,-15.307163804536772,,,,,,,,,,,
371__M_Right_index_finger.BMP,Lower quality,0.75,Restoration/Deblurring,R1,Wiener deconvolution,grayscale,M1 candidate,True,uses known synthetic Gaussian PSF formula; no clean pixels used,0.049783880315634826,13.029112561004348,0.40905482147338507,0.40475282073020935,0.002451099979225546,0.21671956893319333,0.21671956893319333,-15.140887438995653,,,,,,,,,,,
371__M_Right_index_finger.BMP,Lower quality,0.75,Restoration/Deblurring,R2,Richardson-Lucy deconvolution,grayscale,M1 candidate,True,uses known synthetic Gaussian PSF formula; 8 iterations,0.05087194987373819,12.935216159527656,0.3915735828908917,0.39077362418174744,0.0200180999818258,0.12282316745650057,0.12282316745650057,-15.234783840472346,,,,,,,,,,,
371__M_Right_index_finger.BMP,Lower quality,0.75,Restoration/Deblurring,R3,Total variation restoration,grayscale,M1 candidate,True,TV Chambolle weight=0.045,0.0529100421526026,12.764618924721878,0.4912222740363346,0.5472845435142517,0.011613199952989817,-0.047774067349276805,-0.047774067349276805,-15.405381075278124,,,,,,,,,,,
371__M_Right_index_finger.BMP,Lower quality,0.75,Restoration/Deblurring,R4,Tikhonov regularised inverse restoration,grayscale,M1 candidate,True,uses known synthetic Gaussian PSF formula; lambda=0.025,0.05145357254289892,12.88584465764469,0.3892064167621831,0.3965717852115631,0.007654500019270927,0.07345166557353444,0.07345166557353444,-15.284155342355312,,,,,,,,,,,
371__M_Right_index_finger.BMP,Lower quality,0.75,Restoration/Deblurring,R5,Edge-preserving restoration,grayscale,M1 candidate,True,TV followed by bilateral filter,0.05304388485586472,12.753646763513874,0.4835710412061942,0.47807660698890686,0.12338559998897836,-0.058746228557280844,-0.058746228557280844,-15.416353236486128,,,,,,,,,,,
371__M_Right_index_finger.BMP,Lower quality,0.75,Contrast Enhancement,C1,Global histogram equalisation,grayscale,M1 baseline candidate,True,global equalize_hist,0.06285124062560388,12.01686145320328,0.38524714628495754,0.37254074215888977,0.003657400025986135,-0.7955315388678752,-0.7955315388678752,-16.153138546796722,,,,,,,,,,,
371__M_Right_index_finger.BMP,Lower quality,0.75,Contrast Enhancement,C2,Adaptive histogram equalisation,grayscale,M1 baseline candidate,True,AHE-like un-clipped adaptive histogram equalisation,0.1144336778479502,9.414461438027518,0.3839944067565941,0.37008991837501526,0.005479999992530793,-3.3979315540436374,-3.3979315540436374,-18.755538561972486,,,,,,,,,,,
371__M_Right_index_finger.BMP,Lower quality,0.75,Contrast Enhancement,C3,CLAHE,grayscale,M1 baseline candidate,True,clip_limit=0.025,0.11272712946618577,9.47971551925772,0.384538677777523,0.3701786696910858,0.005673799954820424,-3.332677472813435,-3.332677472813435,-18.69028448074228,,,,,,,,,,,
371__M_Right_index_finger.BMP,Lower quality,0.75,Contrast Enhancement,C4,Contrast stretching,grayscale,M1 candidate,True,2nd to 98th percentile,0.04295104394320041,13.670262759942863,0.4135357825921172,0.3711974024772644,0.0012589000398293138,0.8578697678717084,0.8578697678717084,-14.499737240057138,,,,,,,,,,,
371__M_Right_index_finger.BMP,Lower quality,0.75,Contrast Enhancement,C5,Gamma correction,grayscale,M1 candidate,True,gamma=0.85,0.05054185344789025,12.963488358741213,0.36314865919188605,0.3626629710197449,0.000944900035392493,0.15109536667005763,0.15109536667005763,-15.206511641258789,,,,,,,,,,,
371__M_Right_index_finger.BMP,Lower quality,0.75,Contrast Enhancement,C6,Homomorphic filtering,grayscale,M1 candidate,True,log-domain high-frequency gain=0.70,0.06122509750100545,12.13070514588468,0.3377184957898655,0.36507976055145264,0.009616600000299513,-0.6816878461864757,-0.6816878461864757,-16.039294854115322,,,,,,,,,,,
371__M_Right_index_finger.BMP,Lower quality,0.75,Fingerprint Ridge Enhancement,G1,Ordinary Gabor filter,grayscale,M2 baseline,True,"fixed frequency=0.115, 8 orientations",0.057994614020251425,12.366123376421946,0.34261758305524853,0.39257723093032837,1.0153678999631666,-0.446269615649209,-0.446269615649209,-15.803876623578056,,,,,,,,,,,
371__M_Right_index_finger.BMP,Lower quality,0.75,Fingerprint Ridge Enhancement,G2,Literature-inspired Modified Gabor,grayscale,M2 literature technique,True,local orientation + local ridge frequency; exact article parameters unavailable,0.05140304515956662,12.890111522727663,0.37484307778597364,0.3754788339138031,2.100065300008282,0.07771853065650802,0.07771853065650802,-15.279888477272339,,,,,,,,,,,
371__M_Right_index_finger.BMP,Lower quality,0.75,Fingerprint Ridge Enhancement,G3,Adaptive local-orientation Gabor,grayscale,M2 candidate,True,"local orientation, fixed frequency",0.05014000022368845,12.998156684402941,0.38918051850009816,0.38466233015060425,0.482750799972564,0.18576369233178625,0.18576369233178625,-15.17184331559706,,,,,,,,,,,
371__M_Right_index_finger.BMP,Lower quality,0.75,Fingerprint Ridge Enhancement,G4,Adaptive orientation-frequency Gabor,grayscale,M2 candidate,True,local orientation + local frequency,0.05122351103667307,12.905306568009484,0.37641626988717136,0.37775903940200806,2.046581300033722,0.09291357593832927,0.09291357593832927,-15.264693431990517,,,,,,,,,,,
371__M_Right_index_finger.BMP,Lower quality,0.75,Fingerprint Ridge Enhancement,G5,Log-Gabor,grayscale,M2 candidate,True,local selection from log-Gabor frequency/orientation bank,0.053633490133242194,12.705639409394214,0.34853864926751327,0.3619239032268524,0.3146506000193767,-0.1067535826769408,-0.1067535826769408,-15.464360590605787,,,,,,,,,,,
371__M_Right_index_finger.BMP,Lower quality,0.75,Fingerprint Ridge Enhancement,G6,STFT contextual enhancement,grayscale,M2 candidate,True,"32px blocks, band-pass contextual filtering",0.06351639036298141,11.971141908388734,0.28137981713448956,0.32876819372177124,0.06346989999292418,-0.8412510836824207,-0.8412510836824207,-16.198858091611267,,,,,,,,,,,
371__M_Right_index_finger.BMP,Lower quality,0.75,Fingerprint Ridge Enhancement,G7,Coherence-guided directional diffusion,grayscale,M2/M3 candidate,True,directional smoothing weighted by coherence,0.05208665294054739,12.832735491934104,0.371810865300974,0.397727370262146,0.3266330999904312,0.02034249986294867,0.02034249986294867,-15.337264508065898,,,,,,,,,,,
371__M_Right_index_finger.BMP,Lower quality,0.75,Fingerprint Ridge Enhancement,G8,Directional oriented filter-bank,grayscale,M2 candidate,True,orientation-selected elongated Gaussian smoothing,0.052154440547381796,12.827087088458192,0.3708089856344956,0.37819957733154297,0.10393700003623962,0.014694096387037447,0.014694096387037447,-15.34291291154181,,,,,,,,,,,
371__M_Right_index_finger.BMP,Lower quality,0.75,Segmentation,S1,Otsu thresholding,ridge map,M3 candidate,True,Binary/structural output; PSNR/MSE/SSIM intentionally not calculated,,,,,,,,,0.37554931640625,448.0,415.0,0.8802210092544556,18.20250284414107,7612.0,518.0,1196.0,14.694980694980694,0.44195273518562317,
371__M_Right_index_finger.BMP,Lower quality,0.75,Segmentation,S2,Adaptive/local Sauvola thresholding,ridge map,M3 candidate,True,Binary/structural output; PSNR/MSE/SSIM intentionally not calculated,,,,,,,,,0.218475341796875,1021.0,924.0,0.20840899646282196,71.30884201704148,8032.0,949.0,877.0,8.463645943097998,0.428613543510437,
371__M_Right_index_finger.BMP,Lower quality,0.75,Segmentation,S3,Local variance foreground segmentation,foreground mask,M3 candidate,True,Binary/structural output; PSNR/MSE/SSIM intentionally not calculated,,,,,,,,,0.896331787109375,24.0,20.0,0.987777054309845,0.4085662728541759,2663.0,63.0,70.0,42.26984126984127,0.38183969259262085,0.896331787109375
371__M_Right_index_finger.BMP,Lower quality,0.75,Segmentation,S4,Coherence-based foreground segmentation,foreground mask,M3 candidate,True,Binary/structural output; PSNR/MSE/SSIM intentionally not calculated,,,,,,,,,0.4664306640625,201.0,148.0,0.6880725026130676,6.57550379481811,4725.0,386.0,212.0,12.240932642487047,0.5528736114501953,0.4664306640625
371__M_Right_index_finger.BMP,Lower quality,0.75,Segmentation,S5,Orientation-confidence segmentation,foreground mask,M3 candidate,True,Binary/structural output; PSNR/MSE/SSIM intentionally not calculated,,,,,,,,,0.367034912109375,89.0,80.0,0.6443418860435486,3.7000083146254266,3823.0,218.0,208.0,17.53669724770642,0.5368579626083374,0.367034912109375
371__M_Right_index_finger.BMP,Lower quality,0.75,Morphological Ridge Restoration,M3-1,Opening,ridge map,M3 candidate,True,Binary ridge restoration; PSNR/MSE/SSIM intentionally not calculated,,,,,,,,,0.158782958984375,144.0,43.0,0.3069382905960083,13.838170286373245,1826.0,252.0,6.0,7.246031746031746,0.43943342566490173,
371__M_Right_index_finger.BMP,Lower quality,0.75,Morphological Ridge Restoration,M3-2,Closing,ridge map,M3 candidate,True,Binary ridge restoration; PSNR/MSE/SSIM intentionally not calculated,,,,,,,,,0.19317626953125,92.0,1.0,0.26090046763420105,7.2669826224328595,2564.0,221.0,49.0,11.60180995475113,0.44221389293670654,
371__M_Right_index_finger.BMP,Lower quality,0.75,Morphological Ridge Restoration,M3-3,Opening + Closing,ridge map,M3 candidate,True,Binary ridge restoration; PSNR/MSE/SSIM intentionally not calculated,,,,,,,,,0.1608123779296875,130.0,34.0,0.3040136694908142,12.335136160926085,1824.0,227.0,3.0,8.035242290748899,0.4396251142024994,
371__M_Right_index_finger.BMP,Lower quality,0.75,Morphological Ridge Restoration,M3-4,Morphological reconstruction,ridge map,M3 candidate,True,Binary ridge restoration; PSNR/MSE/SSIM intentionally not calculated,,,,,,,,,0.1818084716796875,100.0,3.0,0.2724297046661377,8.392782207301721,3114.0,354.0,133.0,8.796610169491526,0.4413001835346222,
371__M_Right_index_finger.BMP,Lower quality,0.75,Morphological Ridge Restoration,M3-5,Bridge / broken-ridge reconnection,ridge map,M3 candidate,True,Binary ridge restoration; PSNR/MSE/SSIM intentionally not calculated,,,,,,,,,0.118560791015625,90.0,5.0,0.13500642776489258,11.583011583011583,2466.0,194.0,28.0,12.711340206185566,0.41845595836639404,
371__M_Right_index_finger.BMP,Lower quality,0.75,Morphological Ridge Restoration,M3-6,Remove small objects / isolated noise,ridge map,M3 candidate,True,Binary ridge restoration; PSNR/MSE/SSIM intentionally not calculated,,,,,,,,,0.1762847900390625,87.0,0.0,0.28096598386764526,7.530511555440145,2954.0,316.0,119.0,9.348101265822784,0.43971487879753113,
371__M_Right_index_finger.BMP,Lower quality,0.75,Morphological Ridge Restoration,M3-7,Spur cleanup,ridge map,M3 candidate,True,Binary ridge restoration; PSNR/MSE/SSIM intentionally not calculated,,,,,,,,,0.1107330322265625,99.0,25.0,0.1722474843263626,13.64200082678793,2223.0,185.0,6.0,12.016216216216216,0.42148974537849426,
371__M_Right_index_finger.BMP,Lower quality,0.75,Morphological Ridge Restoration,M3-8,Controlled ridge-restoration pipeline,ridge map,M3 candidate,True,Binary ridge restoration; PSNR/MSE/SSIM intentionally not calculated,,,,,,,,,0.1057586669921875,85.0,7.0,0.15048334002494812,12.263742605684605,2195.0,170.0,16.0,12.911764705882353,0.4167541265487671,
371__M_Right_index_finger.BMP,Lower quality,0.75,Thinning / Feature Extraction,T1,Standard skeletonisation,skeleton,M4 candidate,True,"Skeleton/feature output; counts are detections, not ground-truth accuracy",,,,,,,,,0.0334930419921875,85.0,61.0,0.15945330262184143,38.724373576309794,2195.0,170.0,16.0,12.911764705882353,0.4035975933074951,
371__M_Right_index_finger.BMP,Lower quality,0.75,Thinning / Feature Extraction,T2,Zhang-Suen thinning,skeleton,M4 candidate,True,"Skeleton/feature output; counts are detections, not ground-truth accuracy",,,,,,,,,0.0352630615234375,85.0,59.0,0.1527477353811264,36.78061445261792,2113.0,163.0,13.0,12.963190184049079,0.40623393654823303,
371__M_Right_index_finger.BMP,Lower quality,0.75,Thinning / Feature Extraction,T3,Guo-Hall thinning,skeleton,M4 candidate,True,"Skeleton/feature output; counts are detections, not ground-truth accuracy",,,,,,,,,0.035797119140625,85.0,59.0,0.15004262328147888,36.231884057971016,2311.0,176.0,20.0,13.130681818181818,0.40134862065315247,
371__M_Right_index_finger.BMP,Lower quality,0.75,Thinning / Feature Extraction,T4,Morphological skeleton / medial axis,skeleton,M4 candidate,True,"Skeleton/feature output; counts are detections, not ground-truth accuracy",,,,,,,,,0.0375518798828125,85.0,57.0,0.1430312842130661,34.538805363673305,2461.0,199.0,40.0,12.366834170854272,0.40493544936180115,
