severity,filename,paired_clean_reference_available,coherence_before,contrast_before,fragmentation_before,continuity_before,ridge_coverage_before,coherence_after,contrast_after,fragmentation_after,continuity_after,ridge_coverage_after,delta_coherence,delta_contrast,delta_fragmentation,delta_continuity,delta_ridge_coverage
Altered-Easy,397__M_Right_thumb_finger_Zcut.BMP,False,0.7955791354179382,0.23702776432037354,1.8822080010951028,49.57017543859649,0.4458770751953125,0.8509163856506348,0.22961929440498352,1.4065180102915953,58.92553191489362,0.444793701171875,0.05533725023269653,-0.007408469915390015,-0.4756899908035075,9.355356476297125,-0.0010833740234375
Altered-Easy,464__M_Left_middle_finger_CR.BMP,False,0.7847188711166382,0.2481907308101654,1.5858787836999242,39.46621621621622,0.442596435546875,0.8340163230895996,0.2412625253200531,1.2060232245615243,46.84552845528455,0.4428253173828125,0.049297451972961426,-0.006928205490112305,-0.37985555913839986,7.379312239068334,0.0002288818359375
Altered-Easy,93__M_Right_middle_finger_Obl.BMP,False,0.6955453753471375,0.2064627856016159,5.886708626434653,14.559055118110237,0.412139892578125,0.7731882929801941,0.1960071325302124,4.291685326168085,19.014545454545456,0.40887451171875,0.07764291763305664,-0.010455653071403503,-1.5950233002665684,4.4554903364352185,-0.003265380859375
Altered-Easy,512__M_Right_middle_finger_CR.BMP,False,0.6846407651901245,0.19032777845859528,1.6037374054317888,45.78225806451613,0.4376678466796875,0.7619035243988037,0.18068796396255493,1.2616969824413835,57.37894736842105,0.4353790283203125,0.0772627592086792,-0.009639814496040344,-0.34204042299040527,11.596689303904924,-0.002288818359375
Altered-Easy,330__M_Left_index_finger_Zcut.BMP,False,0.6761437654495239,0.22204887866973877,5.531326454632486,17.11142061281337,0.4303436279296875,0.7437578439712524,0.21358592808246613,4.463648050278532,19.83164983164983,0.42730712890625,0.06761407852172852,-0.008462950587272644,-1.0676784043539547,2.7202292188364616,-0.0030364990234375
Altered-Easy,226__M_Left_index_finger_Obl.BMP,False,0.6710244417190552,0.25297313928604126,11.981865284974093,11.19047619047619,0.329833984375,0.7168092727661133,0.24772028625011444,9.28313563692625,12.928039702233251,0.3254547119140625,0.045784831047058105,-0.005252853035926819,-2.698729648047843,1.7375635117570614,-0.0043792724609375
Altered-Easy,512__M_Right_thumb_finger_CR.BMP,False,0.736629843711853,0.22367456555366516,3.980862641978014,25.50655021834061,0.4178009033203125,0.795944094657898,0.2146518975496292,3.0690726223931373,32.02285714285714,0.41265869140625,0.05931425094604492,-0.00902266800403595,-0.9117900195848767,6.516306924516531,-0.0051422119140625
Altered-Easy,147__M_Right_ring_finger_Zcut.BMP,False,0.644556999206543,0.18604126572608948,2.6786360674726706,34.797872340425535,0.421539306640625,0.71564781665802,0.17819708585739136,1.2654566490707932,50.98347107438016,0.422027587890625,0.07109081745147705,-0.00784417986869812,-1.4131794184018773,16.185598733954627,0.00048828125
Altered-Easy,229__M_Right_index_finger_Obl.BMP,False,0.5719209313392639,0.13563695549964905,1.0098899568184985,51.097345132743364,0.43817138671875,0.6579836010932922,0.12622356414794922,0.7006726457399103,57.26136363636363,0.4409429357061204,0.08606266975402832,-0.009413391351699829,-0.3092173110785882,6.1640185036202695,0.00277154898737042
Altered-Easy,554__M_Left_middle_finger_CR.BMP,False,0.7416306734085083,0.1794513463973999,2.033006457785219,32.037267080745345,0.382781982421875,0.8060817122459412,0.17116153240203857,1.192140097015539,44.398148148148145,0.371185302734375,0.06445103883743286,-0.008289813995361328,-0.84086636076968,12.3608810674028,-0.0115966796875
Altered-Easy,277__M_Right_middle_finger_Zcut.BMP,False,0.6957762241363525,0.1955188512802124,3.9909699266306538,24.183333333333334,0.378509521484375,0.7601697444915771,0.18759070336818695,2.7200389736927573,29.422680412371133,0.3758544921875,0.06439352035522461,-0.007928147912025452,-1.2709309529378965,5.239347079037799,-0.002655029296875
Altered-Easy,19__M_Left_index_finger_Zcut.BMP,False,0.7046459317207336,0.21373578906059265,1.902681371339981,42.56428571428572,0.4330596923828125,0.7670360803604126,0.2066044956445694,1.2636012636012637,57.24752475247525,0.434722900390625,0.062390148639678955,-0.007131293416023254,-0.6390801077387174,14.683239038189534,0.0016632080078125
Altered-Easy,288__M_Right_index_finger_Obl.BMP,False,0.6695469617843628,0.1861131489276886,2.805359713558008,23.925925925925927,0.4133758544921875,0.7363970279693604,0.177521213889122,2.744990392533626,26.024875621890548,0.39799294565658455,0.06685006618499756,-0.00859193503856659,-0.06036932102438186,2.0989496959646203,-0.015382908835602949
Altered-Easy,131__M_Right_middle_finger_Zcut.BMP,False,0.6133889555931091,0.17953285574913025,3.1932078590480484,25.532258064516128,0.4061737060546875,0.6742634773254395,0.1723073124885559,2.210400119886108,29.278846153846153,0.40728759765625,0.06087452173233032,-0.007225543260574341,-0.9828077391619403,3.746588089330025,0.0011138916015625
Altered-Easy,555__M_Right_middle_finger_Obl.BMP,False,0.5202009081840515,0.17050330340862274,6.671831955922865,10.91041162227603,0.3544921875,0.5941367149353027,0.160122811794281,5.0662163363256605,13.130990415335463,0.343353271484375,0.07393580675125122,-0.010380491614341736,-1.605615619597205,2.220578793059433,-0.011138916015625
Altered-Easy,589__M_Left_ring_finger_CR.BMP,False,0.599750280380249,0.1501130312681198,3.8743004735256132,20.782442748091604,0.3899078369140625,0.725417971611023,0.1443193256855011,1.6983554948013755,32.78787878787879,0.3810192711374864,0.12566769123077393,-0.005793705582618713,-2.175944978724238,12.005436039787185,-0.008888565776576096
Altered-Easy,83__M_Left_index_finger_CR.BMP,False,0.7013852596282959,0.2104586958885193,7.438987253665116,13.32336956521739,0.3507537841796875,0.7593390941619873,0.2028675079345703,5.593784683684795,16.162629757785467,0.3437042236328125,0.057953834533691406,-0.007591187953948975,-1.8452025699803203,2.8392601925680765,-0.007049560546875
Altered-Easy,586__M_Right_ring_finger_Zcut.BMP,False,0.7080435752868652,0.22125020623207092,3.3392113458147303,27.864077669902912,0.4066925048828125,0.773285984992981,0.2135600745677948,2.1887618400694366,37.473333333333336,0.4043426513671875,0.06524240970611572,-0.007690131664276123,-1.1504495057452937,9.609255663430424,-0.002349853515625
Altered-Easy,21__M_Right_index_finger_CR.BMP,False,0.7582796812057495,0.21514417231082916,1.0462892809467115,66.28571428571429,0.4282999041938375,0.8244820833206177,0.20739461481571198,0.6606959330494788,86.85245901639344,0.42305004736098384,0.06620240211486816,-0.0077495574951171875,-0.38559334789723265,20.566744730679147,-0.005249856832853672
Altered-Easy,485__M_Left_index_finger_Obl.BMP,False,0.5562448501586914,0.15334552526474,1.9487997165382231,28.30625,0.344512939453125,0.6214499473571777,0.148123100399971,1.9140989729225022,31.1484375,0.33476072890944897,0.06520509719848633,-0.005222424864768982,-0.03470074361572095,2.8421875000000014,-0.009752210543676032
Altered-Easy,469__M_Right_little_finger_Obl.BMP,False,0.6742143630981445,0.1804596185684204,3.0869802070092613,26.698224852071007,0.33612060546875,0.7463852167129517,0.17366302013397217,2.296105804555474,33.48837209302326,0.332275390625,0.07217085361480713,-0.006796598434448242,-0.7908744024537873,6.790147240952251,-0.00384521484375
Altered-Easy,279__M_Right_middle_finger_Obl.BMP,False,0.6927064657211304,0.19693486392498016,3.725061785880583,27.377682403433475,0.4260101318359375,0.7653180360794067,0.18770115077495575,1.7571541275191853,41.56944444444444,0.425506591796875,0.07261157035827637,-0.009233713150024414,-1.9679076583613977,14.191762041010968,-0.0005035400390625
Altered-Easy,228__M_Right_middle_finger_Obl.BMP,False,0.6884537935256958,0.14340634644031525,3.3233632436025258,24.296296296296298,0.4132232666015625,0.7821463942527771,0.12856213748455048,1.3166047087980173,44.596330275229356,0.39404296875,0.0936926007270813,-0.01484420895576477,-2.0067585348045087,20.300033978933058,-0.0191802978515625
Altered-Easy,389__F_Left_index_finger_CR.BMP,False,0.5345873832702637,0.10612151771783829,10.834873173189989,8.973076923076922,0.181671142578125,0.640534520149231,0.09548932313919067,4.685157421289355,15.109243697478991,0.162841796875,0.10594713687896729,-0.010632194578647614,-6.149715751900634,6.136166774402069,-0.018829345703125
Altered-Easy,480__M_Right_ring_finger_CR.BMP,False,0.6902891397476196,0.19368146359920502,2.69988120522697,27.876106194690266,0.4238739013671875,0.7673698663711548,0.18403330445289612,1.8021994188826365,37.967320261437905,0.4148712158203125,0.07708072662353516,-0.009648159146308899,-0.8976817863443336,10.09121406674764,-0.009002685546875
Altered-Easy,79__M_Left_thumb_finger_Zcut.BMP,False,0.6677533388137817,0.22128094732761383,10.392813105513476,11.237777777777778,0.34649658203125,0.7369587421417236,0.2140384316444397,8.190484715570872,13.225806451612904,0.3409271240234375,0.0692054033279419,-0.007242515683174133,-2.202328389942604,1.9880286738351263,-0.0055694580078125
Altered-Easy,549__M_Right_little_finger_Obl.BMP,False,0.6309113502502441,0.169311061501503,5.021280665678351,18.088983050847457,0.3190765380859375,0.697212815284729,0.16167129576206207,3.7961746240327052,21.761111111111113,0.3135223388671875,0.06630146503448486,-0.007639765739440918,-1.2251060416456454,3.672128060263656,-0.00555419921875
Altered-Easy,47__F_Right_thumb_finger_Obl.BMP,False,0.6312109231948853,0.16990762948989868,1.243880908434315,43.42424242424242,0.5005724385883865,0.7270460724830627,0.16926133632659912,1.1766920832156642,41.6764705882353,0.4776743558613247,0.09583514928817749,-0.0006462931632995605,-0.06718882521865077,-1.747771836007125,-0.02289808272706184
Altered-Easy,111__M_Right_little_finger_Obl.BMP,False,0.6269431114196777,0.16521984338760376,4.480043442845506,20.912844036697248,0.337188720703125,0.7280449867248535,0.1561228632926941,2.5880395600332746,29.0,0.330169677734375,0.10110187530517578,-0.009096980094909668,-1.8920038828122316,8.087155963302752,-0.00701904296875
Altered-Easy,72__M_Left_thumb_finger_CR.BMP,False,0.6881481409072876,0.2012655884027481,5.82162186746714,17.363309352517987,0.3354949951171875,0.7478229999542236,0.19469140470027924,4.205758654157231,22.014285714285716,0.3301544189453125,0.059674859046936035,-0.006574183702468872,-1.6158632133099093,4.650976361767729,-0.005340576171875
Altered-Easy,336__M_Left_ring_finger_Zcut.BMP,False,0.6394773721694946,0.1725849211215973,0.8676162244233967,59.95876288659794,0.422088623046875,0.6914381384849548,0.1662047952413559,0.7040687764025791,67.49382716049382,0.4169267373234867,0.051960766315460205,-0.006380125880241394,-0.16354744802081755,7.535064273895884,-0.005161885723388326
Altered-Easy,97__M_Right_index_finger_Obl.BMP,False,0.6596046686172485,0.18763470649719238,2.3986665040452086,30.362573099415204,0.3753204345703125,0.7307958602905273,0.17809787392616272,1.3675922088686283,41.6,0.368194580078125,0.07119119167327881,-0.009536832571029663,-1.0310742951765803,11.237426900584797,-0.0071258544921875
Altered-Easy,10__M_Right_middle_finger_Obl.BMP,False,0.6985737085342407,0.22052358090877533,2.8305842885099244,26.04824561403509,0.4366455078125,0.7642861604690552,0.21101868152618408,2.6184494533102156,29.4,0.4312286376953125,0.06571245193481445,-0.009504899382591248,-0.21213483519970877,3.3517543859649095,-0.0054168701171875
Altered-Easy,461__F_Right_middle_finger_CR.BMP,False,0.6001520752906799,0.11911571025848389,2.803273500022607,26.025906735751295,0.3374786376953125,0.7093293070793152,0.10580379515886307,2.0526116782801274,31.39830508474576,0.2824859619140625,0.10917723178863525,-0.013311915099620819,-0.7506618217424794,5.372398348994466,-0.05499267578125
Altered-Easy,566__M_Left_thumb_finger_CR.BMP,False,0.7075128555297852,0.1906186193227768,2.29430023842728,37.84552845528455,0.3391876220703125,0.7683455944061279,0.18417280912399292,1.4585232452142205,47.0625,0.33477783203125,0.06083273887634277,-0.0064458101987838745,-0.8357769932130594,9.216971544715449,-0.0044097900390625
Altered-Easy,310__M_Right_ring_finger_Obl.BMP,False,0.6707507371902466,0.15606024861335754,6.785624528776075,14.839108910891088,0.364288330078125,0.7842583656311035,0.1420743763446808,3.0163934426229506,23.654545454545456,0.3490447998046875,0.11350762844085693,-0.013985872268676758,-3.769231086153124,8.815436543654368,-0.0152435302734375
Altered-Easy,383__M_Left_middle_finger_Zcut.BMP,False,0.7874947190284729,0.22727160155773163,3.013376451565486,30.433526011560694,0.41522216796875,0.8565562963485718,0.2192741483449936,1.4117996730569178,51.101010101010104,0.41070556640625,0.06906157732009888,-0.007997453212738037,-1.6015767785085682,20.66748408944941,-0.0045166015625
Altered-Easy,553__M_Right_middle_finger_Zcut.BMP,False,0.7358646392822266,0.22487345337867737,2.0097421398644277,38.294117647058826,0.4479522705078125,0.7877281904220581,0.21733471751213074,1.7431725740848343,43.333333333333336,0.4464263916015625,0.05186355113983154,-0.007538735866546631,-0.26656956577959345,5.03921568627451,-0.00152587890625
Altered-Easy,534__F_Right_index_finger_Obl.BMP,False,0.6036828756332397,0.17703817784786224,1.2988836621498279,40.26875,0.434661865234375,0.6855044364929199,0.1676468849182129,0.5236881611563035,54.5462962962963,0.4370574951171875,0.08182156085968018,-0.009391292929649353,-0.7751955009935244,14.2775462962963,0.0023956298828125
Altered-Easy,203__M_Left_index_finger_Zcut.BMP,False,0.6144108176231384,0.18061691522598267,1.187789523696401,43.27,0.3853912353515625,0.6721078157424927,0.1767183095216751,0.7278903311901007,53.33766233766234,0.38129673887903787,0.05769699811935425,-0.003898605704307556,-0.4598991925063002,10.067662337662334,-0.0040944964725246336
Altered-Easy,226__M_Right_index_finger_Obl.BMP,False,0.7723298668861389,0.25451844930648804,2.6718296224588576,38.778443113772454,0.3940582275390625,0.8013391494750977,0.250005841255188,1.98404979575958,43.27891156462585,0.3922271728515625,0.02900928258895874,-0.004512608051300049,-0.6877798266992776,4.500468450853397,-0.0018310546875
Altered-Easy,38__M_Left_ring_finger_CR.BMP,False,0.4741950035095215,0.15974408388137817,9.315345080763583,9.103852596314908,0.33251953125,0.5183509588241577,0.15218588709831238,8.686765457332651,9.401473296500921,0.3284759521484375,0.04415595531463623,-0.007558196783065796,-0.628579623430932,0.2976207001860125,-0.0040435791015625
Altered-Easy,270__M_Left_index_finger_CR.BMP,False,0.7998696565628052,0.22004026174545288,2.2716152932131126,40.391304347826086,0.436614990234375,0.8420116901397705,0.21274757385253906,1.2742911755336093,60.84313725490196,0.4310760498046875,0.04214203357696533,-0.007292687892913818,-0.9973241176795034,20.451832907075875,-0.0055389404296875
Altered-Easy,280__M_Right_middle_finger_Zcut.BMP,False,0.7535609006881714,0.22243750095367432,3.4737299174989147,25.008,0.42169189453125,0.8138902187347412,0.21407265961170197,2.0435718716928806,35.64497041420118,0.4181365966796875,0.060329318046569824,-0.008364841341972351,-1.4301580458060341,10.636970414201183,-0.0035552978515625
Altered-Easy,321__M_Left_thumb_finger_CR.BMP,False,0.7195901870727539,0.20390745997428894,2.1115727811456986,34.13861386138614,0.448028564453125,0.7684754729270935,0.19503194093704224,1.5429453111606377,43.51655629139073,0.4450225830078125,0.0488852858543396,-0.008875519037246704,-0.5686274699850609,9.377942430004587,-0.0030059814453125
Altered-Easy,198__M_Right_middle_finger_Obl.BMP,False,0.6193908452987671,0.14331692457199097,4.469226185409041,16.47878787878788,0.358489990234375,0.7652831077575684,0.12564349174499512,2.8732968764482343,23.21311475409836,0.329254150390625,0.14589226245880127,-0.01767343282699585,-1.5959293089608066,6.7343268753104795,-0.02923583984375
Altered-Easy,30__F_Left_index_finger_CR.BMP,False,0.7007309198379517,0.1652493178844452,3.556464971255968,22.416666666666668,0.313201904296875,0.7902562618255615,0.1561385989189148,2.2573363431151243,32.40151515151515,0.3041839599609375,0.08952534198760986,-0.009110718965530396,-1.2991286281408438,9.98484848484848,-0.0090179443359375
Altered-Easy,44__M_Left_thumb_finger_CR.BMP,False,0.7012255191802979,0.2136528640985489,1.0501750291715286,49.77,0.392303466796875,0.7535434365272522,0.20788505673408508,0.777121541809139,58.903614457831324,0.3927001953125,0.052317917346954346,-0.005767807364463806,-0.27305348736238966,9.133614457831321,0.000396728515625
Altered-Easy,395__M_Right_middle_finger_Zcut.BMP,False,0.7728583812713623,0.20795466005802155,2.26628895184136,35.19375,0.430908203125,0.8427942991256714,0.1995316445827484,1.4634494574528842,51.875,0.427490234375,0.06993591785430908,-0.008423015475273132,-0.8028394943884756,16.68125,-0.00341796875
Altered-Easy,597__M_Left_middle_finger_Zcut.BMP,False,0.5310993194580078,0.20902742445468903,13.28613259909969,7.412403100775194,0.3491363525390625,0.5783902406692505,0.20024654269218445,11.016569637259293,8.12962962962963,0.340728759765625,0.047290921211242676,-0.008780881762504578,-2.2695629618403963,0.7172265288544359,-0.0084075927734375
Altered-Easy,132__M_Left_thumb_finger_Zcut.BMP,False,0.7036066055297852,0.21633991599082947,7.796064843459968,14.755555555555556,0.3699188232421875,0.7557954788208008,0.20707648992538452,6.154490265857232,17.797202797202797,0.3644561767578125,0.052188873291015625,-0.009263426065444946,-1.6415745776027357,3.04164724164724,-0.005462646484375
Altered-Easy,455__M_Right_little_finger_CR.BMP,False,0.6902819871902466,0.19915762543678284,1.8414849734826164,39.48026315789474,0.414306640625,0.7552762031555176,0.19102755188941956,1.4672437825544713,45.984,0.415985107421875,0.064994215965271,-0.008130073547363281,-0.3742411909281451,6.503736842105262,0.001678466796875
Altered-Easy,262__M_Right_little_finger_Obl.BMP,False,0.6038641929626465,0.1625915914773941,4.776013797373192,18.5,0.3450469970703125,0.6750078201293945,0.15451355278491974,3.5784576847378777,23.857142857142858,0.34112548828125,0.07114362716674805,-0.008078038692474365,-1.1975561126353145,5.357142857142858,-0.0039215087890625
Altered-Easy,243__M_Right_middle_finger_CR.BMP,False,0.48845431208610535,0.16543146967887878,3.5691232866309757,16.80825958702065,0.4018707275390625,0.5604116916656494,0.1556582897901535,2.1672179765027946,19.884462151394423,0.4013214111328125,0.07195737957954407,-0.00977317988872528,-1.401905310128181,3.076202564373773,-0.00054931640625
Altered-Easy,422__M_Left_ring_finger_CR.BMP,False,0.7316025495529175,0.18320044875144958,8.695652173913043,15.274809160305344,0.3562164306640625,0.8277381658554077,0.17009976506233215,4.033509152963078,25.75229357798165,0.3442535400390625,0.09613561630249023,-0.013100683689117432,-4.662143020949965,10.477484417676306,-0.011962890625
Altered-Easy,28__M_Right_index_finger_CR.BMP,False,0.7316123843193054,0.20519235730171204,2.077490391606939,35.868263473053894,0.45999108081419426,0.818515956401825,0.19787918031215668,1.6911341393206678,45.78512396694215,0.4548311076197958,0.08690357208251953,-0.007313176989555359,-0.38635625228627113,9.916860493888258,-0.005159973194398482
Altered-Easy,588__M_Right_index_finger_Zcut.BMP,False,0.695388913154602,0.23787063360214233,2.7472527472527473,27.380487804878047,0.44989013671875,0.7595475912094116,0.22970421612262726,2.239413680781759,31.62721893491124,0.44970703125,0.06415867805480957,-0.008166417479515076,-0.5078390664709884,4.246731130033194,-0.00018310546875
Altered-Easy,440__M_Left_little_finger_Zcut.BMP,False,0.6440572738647461,0.18193504214286804,5.350454788657036,16.92982456140351,0.34222412109375,0.7015553712844849,0.17568452656269073,4.3662225423118475,20.706666666666667,0.3389892578125,0.05749809741973877,-0.006250515580177307,-0.9842322463451882,3.7768421052631567,-0.00323486328125
Altered-Easy,587__M_Left_ring_finger_Zcut.BMP,False,0.6833091974258423,0.1863357275724411,7.458164359297069,15.845921450151057,0.3273468017578125,0.7618175745010376,0.17816436290740967,4.729148753224419,21.2,0.319427490234375,0.07850837707519531,-0.008171364665031433,-2.7290156060726494,5.354078549848943,-0.0079193115234375
Altered-Easy,62__M_Left_index_finger_Obl.BMP,False,0.651846170425415,0.18518254160881042,4.556607080266386,20.537414965986393,0.3917999267578125,0.7248237133026123,0.17565204203128815,3.1280547409579667,25.827272727272728,0.3902435302734375,0.07297754287719727,-0.009530499577522278,-1.4285523393084194,5.289857761286335,-0.001556396484375
Altered-Easy,400__M_Left_little_finger_Obl.BMP,False,0.5611371994018555,0.16486701369285583,5.091131249363609,17.456066945606693,0.299713134765625,0.6151975393295288,0.15922339260578156,4.1023537254499765,20.66839378238342,0.2975616455078125,0.05406033992767334,-0.00564362108707428,-0.9887775239136323,3.2123268367767253,-0.0021514892578125
Altered-Easy,184__M_Left_little_finger_Obl.BMP,False,0.6300539970397949,0.1685968041419983,0.9751340809361287,50.03921568627451,0.3442535400390625,0.6717153787612915,0.162411630153656,0.6674676278200508,58.24096385542169,0.3429107666015625,0.04166138172149658,-0.006185173988342285,-0.307666453116078,8.20174816914718,-0.0013427734375
Altered-Easy,91__F_Right_index_finger_CR.BMP,False,0.5550935864448547,0.17902344465255737,2.340341134470448,21.60754716981132,0.384674072265625,0.6160551309585571,0.1723485291004181,1.690783265177729,25.10599078341014,0.3880615234375,0.06096154451370239,-0.006674915552139282,-0.6495578692927191,3.4984436135988197,0.003387451171875
Altered-Easy,187__M_Right_little_finger_CR.BMP,False,0.542670726776123,0.1726345717906952,13.613666228646519,7.952561669829222,0.2902984619140625,0.6161119341850281,0.1644078940153122,9.989200863930886,9.504761904761905,0.2825927734375,0.07344120740890503,-0.008226677775382996,-3.6244653647156326,1.552200234932683,-0.0077056884765625
Altered-Easy,358__M_Right_ring_finger_CR.BMP,False,0.6423923373222351,0.1937636137008667,5.536979110487901,17.644257703081234,0.4243927001953125,0.7255144715309143,0.18188689649105072,3.9561229994605287,21.49084249084249,0.4242706298828125,0.0831221342086792,-0.011876717209815979,-1.5808561110273724,3.8465847877612553,-0.0001220703125
Altered-Easy,164__M_Right_thumb_finger_Zcut.BMP,False,0.5028946399688721,0.23022674024105072,5.108824970256841,13.633832976445396,0.436065673828125,0.5398252010345459,0.22427618503570557,4.56060340291177,14.372641509433961,0.4349517822265625,0.03693056106567383,-0.005950555205345154,-0.5482215673450712,0.7388085329885659,-0.0011138916015625
Altered-Easy,365__M_Left_index_finger_Zcut.BMP,False,0.7072365283966064,0.15735501050949097,2.7673705722070845,26.557377049180328,0.3583984375,0.8008907437324524,0.14520390331745148,1.2823347335839046,41.549019607843135,0.3450775146484375,0.09365421533584595,-0.01215110719203949,-1.48503583862318,14.991642558662807,-0.0133209228515625
Altered-Easy,346__M_Left_little_finger_Obl.BMP,False,0.6533328294754028,0.1673574000597,2.9640771544859317,29.901840490797547,0.35235615968574147,0.7264202833175659,0.16009554266929626,2.426962176023445,35.528,0.34598688171361575,0.07308745384216309,-0.0072618573904037476,-0.5371149784624865,5.626159509202452,-0.00636927797212572
Altered-Easy,465__F_Right_little_finger_Zcut.BMP,False,0.652302622795105,0.18993210792541504,3.1400294129337416,25.78440366972477,0.3838958740234375,0.7183860540390015,0.18249297142028809,2.5460476588296137,29.63586956521739,0.3835601806640625,0.06608343124389648,-0.007439136505126953,-0.5939817541041279,3.8514658954926198,-0.000335693359375
Altered-Easy,258__M_Left_little_finger_Zcut.BMP,False,0.6374750733375549,0.1774386614561081,5.339028296849974,17.053459119496857,0.34295654296875,0.7054336071014404,0.16954782605171204,3.0100184195157014,24.694174757281555,0.3396453857421875,0.0679585337638855,-0.007890835404396057,-2.3290098773342724,7.640715637784698,-0.0033111572265625
Altered-Easy,258__M_Right_index_finger_Obl.BMP,False,0.6324437856674194,0.16039636731147766,1.654819662266351,37.35099337748344,0.4057159423828125,0.7251932621002197,0.15508615970611572,0.9484144983712012,52.03260869565217,0.38786705904932506,0.09274947643280029,-0.0053102076053619385,-0.7064051638951497,14.681615318168731,-0.017848883333487442
Altered-Easy,265__M_Left_middle_finger_CR.BMP,False,0.6871165633201599,0.1976781189441681,2.946637603939614,26.643979057591622,0.378021240234375,0.7524746060371399,0.1900269091129303,2.3657054288860793,32.33783783783784,0.3740997314453125,0.06535804271697998,-0.007651209831237793,-0.5809321750535346,5.693858780246217,-0.0039215087890625
Altered-Easy,501__M_Right_thumb_finger_Zcut.BMP,False,0.6515389680862427,0.1926940530538559,3.937156918417566,26.310924369747898,0.4030609130859375,0.736723780632019,0.18772552907466888,3.540183112919634,26.9377990430622,0.3888018732102457,0.08518481254577637,-0.004968523979187012,-0.39697380549793193,0.6268746733143011,-0.014259039875691826
Altered-Easy,405__M_Left_middle_finger_Obl.BMP,False,0.6810948848724365,0.15605463087558746,5.276289418790134,19.016949152542374,0.3730621337890625,0.8033886551856995,0.14065083861351013,1.7517624439222388,31.920529801324502,0.3571319580078125,0.12229377031326294,-0.015403792262077332,-3.5245269748678956,12.903580648782128,-0.01593017578125
Altered-Easy,220__F_Right_index_finger_Zcut.BMP,False,0.6963199377059937,0.2067161500453949,4.068286376943843,20.884476534296027,0.4013214111328125,0.7562923431396484,0.19898025691509247,3.13959721265028,24.44298245614035,0.398529052734375,0.059972405433654785,-0.007735893130302429,-0.9286891642935631,3.558505921844322,-0.0027923583984375
Altered-Easy,515__M_Left_thumb_finger_Obl.BMP,False,0.6593601703643799,0.15892863273620605,15.46793959700739,8.492331288343559,0.3324432373046875,0.7957136631011963,0.14383727312088013,9.241967150313652,12.7125,0.3186492919921875,0.1363534927368164,-0.015091359615325928,-6.2259724466937385,4.2201687116564415,-0.0137939453125
Altered-Easy,331__M_Right_middle_finger_Obl.BMP,False,0.6822215914726257,0.20751675963401794,1.7301038062283738,33.167883211678834,0.3880615234375,0.732746958732605,0.2008596956729889,1.5498330948974726,37.0,0.38397216796875,0.05052536725997925,-0.006657063961029053,-0.18027071133090122,3.8321167883211658,-0.00408935546875
Altered-Easy,139__M_Right_little_finger_Obl.BMP,False,0.6498900055885315,0.17267410457134247,4.237801186584332,20.23643410852713,0.3780670166015625,0.7202286720275879,0.16268333792686462,3.13389138592223,25.22680412371134,0.3700408935546875,0.0703386664390564,-0.009990766644477844,-1.1039098006621022,4.990370015184208,-0.008026123046875
Altered-Easy,299__M_Left_ring_finger_CR.BMP,False,0.6503987312316895,0.1507212519645691,2.3334915361493436,27.583732057416267,0.38580322265625,0.7544548511505127,0.1368054300546646,0.9323442377072438,46.45132743362832,0.3764190673828125,0.10405611991882324,-0.01391582190990448,-1.4011472984420998,18.867595376212055,-0.0093841552734375
Altered-Easy,7__M_Left_ring_finger_Zcut.BMP,False,0.6259750127792358,0.17398622632026672,1.050685046650416,46.29661016949152,0.363067626953125,0.6542779207229614,0.16947512328624725,0.7981181214819792,54.1958762886598,0.363250732421875,0.028302907943725586,-0.00451110303401947,-0.2525669251684368,7.899266119168274,0.00018310546875
Altered-Easy,294__M_Left_ring_finger_Zcut.BMP,False,0.6777526140213013,0.20330572128295898,4.016064257028113,23.453271028037385,0.341949462890625,0.7231910824775696,0.1984139233827591,3.008666756477615,29.86060606060606,0.3397979736328125,0.04543846845626831,-0.00489179790019989,-1.0073975005504976,6.407335032568675,-0.0021514892578125
Altered-Easy,17__M_Right_little_finger_Obl.BMP,False,0.6207756996154785,0.1516110897064209,2.8750759263008705,26.6010101010101,0.3768157958984375,0.7058174014091492,0.13893583416938782,1.4914897350412353,37.78761061946903,0.34783935546875,0.08504170179367065,-0.012675255537033081,-1.3835861912596352,11.186600518458928,-0.0289764404296875
Altered-Easy,143__M_Right_middle_finger_CR.BMP,False,0.6812416315078735,0.19975881278514862,6.463845557183487,14.987381703470032,0.354095458984375,0.7540737390518188,0.19007478654384613,4.464285714285714,19.3,0.34521484375,0.07283210754394531,-0.00968402624130249,-1.9995598428977726,4.312618296529969,-0.008880615234375
Altered-Easy,223__M_Right_thumb_finger_Zcut.BMP,False,0.6559525728225708,0.23398785293102264,8.675623800383876,11.098265895953757,0.397491455078125,0.6951673626899719,0.22750148177146912,8.278850245657472,11.70276008492569,0.3944244384765625,0.03921478986740112,-0.006486371159553528,-0.39677355472640485,0.6044941889719322,-0.0030670166015625
Altered-Easy,133__M_Left_index_finger_Obl.BMP,False,0.7391854524612427,0.17664246261119843,2.576593260598253,30.12574850299401,0.3790130615234375,0.8287681937217712,0.16650234162807465,1.6456841932033242,41.663636363636364,0.370880126953125,0.08958274126052856,-0.01014012098312378,-0.930909067394929,11.537887860642353,-0.0081329345703125
Altered-Easy,342__M_Left_little_finger_Obl.BMP,False,0.620856761932373,0.15540258586406708,6.47777543711818,15.318840579710145,0.28973388671875,0.7011365294456482,0.14850685000419617,4.829892256249668,19.409523809523808,0.2874908447265625,0.08027976751327515,-0.006895735859870911,-1.6478831808685124,4.0906832298136635,-0.0022430419921875
Altered-Easy,182__M_Left_thumb_finger_Obl.BMP,False,0.7188740968704224,0.20607627928256989,1.4893141708243354,37.14179104477612,0.409820556640625,0.7853156924247742,0.19921642541885376,1.087690345810517,47.52,0.406829833984375,0.0664415955543518,-0.0068598538637161255,-0.40162382501381844,10.378208955223883,-0.00299072265625
Altered-Easy,121__F_Right_index_finger_CR.BMP,False,0.646946907043457,0.17115019261837006,1.790469194747957,33.91240875912409,0.3953463046319152,0.7319118976593018,0.17383545637130737,1.9071490845684393,33.8,0.3672603562137282,0.08496499061584473,0.002685263752937317,0.11667988982048239,-0.11240875912409365,-0.028085948418187012
Altered-Easy,357__M_Left_index_finger_Obl.BMP,False,0.6577568054199219,0.17483502626419067,7.083503609862417,12.22554347826087,0.3360443115234375,0.7468773126602173,0.16433356702327728,4.437520653354105,16.68595041322314,0.3232269287109375,0.08912050724029541,-0.010501459240913391,-2.6459829565083117,4.46040693496227,-0.0128173828125
Altered-Easy,361__M_Left_index_finger_CR.BMP,False,0.6204125881195068,0.17557647824287415,0.7663716135954324,63.64935064935065,0.3982086181640625,0.6652145385742188,0.17002421617507935,0.41869671132764924,72.875,0.40087890625,0.044801950454711914,-0.0055522620677948,-0.34767490226778314,9.225649350649348,0.0026702880859375
Altered-Easy,329__M_Right_index_finger_Zcut.BMP,False,0.7359691858291626,0.2343595027923584,1.785478111360931,42.00689655172414,0.46148681640625,0.7994469404220581,0.22605854272842407,1.3870541611624834,48.31404958677686,0.4620361328125,0.06347775459289551,-0.008300960063934326,-0.3984239501984477,6.307153035052721,0.00054931640625
Altered-Easy,480__M_Left_middle_finger_Obl.BMP,False,0.6950844526290894,0.1813192516565323,9.47470474175921,11.711409395973154,0.34625244140625,0.807140588760376,0.16916191577911377,5.624914254355878,17.272058823529413,0.3336639404296875,0.11205613613128662,-0.012157335877418518,-3.8497904874033315,5.560649427556259,-0.0125885009765625
Altered-Easy,243__M_Right_ring_finger_CR.BMP,False,0.4998360276222229,0.2060927152633667,8.587786259541984,9.603112840466926,0.351806640625,0.5375369191169739,0.20018284022808075,7.413945278022948,10.208425720620843,0.34576416015625,0.03770089149475098,-0.00590987503528595,-1.173840981519036,0.6053128801539174,-0.00604248046875
Altered-Easy,526__F_Right_thumb_finger_Obl.BMP,False,0.7246139645576477,0.2204776108264923,4.310520108982961,22.026200873362445,0.3752288818359375,0.7916494607925415,0.21142089366912842,2.6263952724885096,30.64968152866242,0.371826171875,0.0670354962348938,-0.009056717157363892,-1.6841248364944512,8.623480655299975,-0.0034027099609375
Altered-Easy,274__M_Left_little_finger_Obl.BMP,False,0.636203408241272,0.19805914163589478,4.8460090512235166,15.644376899696049,0.3809967041015625,0.6920450329780579,0.19050653278827667,4.001940334707737,17.44322344322344,0.377471923828125,0.05584162473678589,-0.007552608847618103,-0.8440687165157792,1.798846543527393,-0.0035247802734375
Altered-Easy,167__M_Left_middle_finger_CR.BMP,False,0.6473783254623413,0.18813814222812653,2.539981185324553,28.338912133891213,0.486602783203125,0.7446348667144775,0.17698824405670166,1.3691383763263527,40.718120805369125,0.4903717041015625,0.09725654125213623,-0.011149898171424866,-1.1708428089982004,12.379208671477912,0.0037689208984375
Altered-Easy,260__M_Right_ring_finger_CR.BMP,False,0.5536737442016602,0.194015771150589,6.693780715133029,11.669603524229075,0.36016845703125,0.602364718914032,0.1877060830593109,5.459819143490872,12.959287531806616,0.35772705078125,0.048690974712371826,-0.006309688091278076,-1.2339615716421566,1.2896840075775415,-0.00244140625
Altered-Easy,464__M_Left_little_finger_CR.BMP,False,0.5867002010345459,0.1572365015745163,3.1218582993809196,27.396103896103895,0.2883758544921875,0.6212868690490723,0.15297919511795044,2.6040282723069565,32.4921875,0.2871246337890625,0.03458666801452637,-0.004257306456565857,-0.5178300270739631,5.096083603896105,-0.001251220703125
Altered-Easy,5__M_Right_ring_finger_CR.BMP,False,0.7086703181266785,0.18609696626663208,4.326301235448909,22.265765765765767,0.3421173095703125,0.7819432020187378,0.17874708771705627,2.0335306611234127,37.27906976744186,0.3376617431640625,0.07327288389205933,-0.007349878549575806,-2.2927705743254965,15.013304001676094,-0.00445556640625
Altered-Easy,215__M_Right_little_finger_CR.BMP,False,0.61491858959198,0.1544373482465744,2.9144768275203057,33.028169014084504,0.319366455078125,0.6928417086601257,0.14772331714630127,1.5913584414331872,46.5360824742268,0.3164215087890625,0.07792311906814575,-0.006714031100273132,-1.3231183860871185,13.507913460142298,-0.0029449462890625
Altered-Easy,143__M_Left_ring_finger_CR.BMP,False,0.7215074896812439,0.1884530484676361,2.823996336437185,31.50574712643678,0.39984130859375,0.7885137796401978,0.17997553944587708,1.8862840204796552,44.33613445378151,0.3963775634765625,0.06700628995895386,-0.008477509021759033,-0.9377123159575298,12.83038732734473,-0.0034637451171875
Altered-Easy,280__M_Right_little_finger_Zcut.BMP,False,0.7458834648132324,0.20989519357681274,5.9395485943068325,17.777397260273972,0.3468170166015625,0.807340145111084,0.20236589014530182,4.149377593360996,22.393805309734514,0.3419952392578125,0.06145668029785156,-0.007529303431510925,-1.7901710009458363,4.616408049460542,-0.00482177734375
Altered-Easy,149__F_Right_thumb_finger_Zcut.BMP,False,0.7526296377182007,0.24084170162677765,2.934907934733238,28.944444444444443,0.4367218017578125,0.8056958913803101,0.2333742082118988,2.2106038808379243,33.78313253012048,0.4348602294921875,0.053066253662109375,-0.007467493414878845,-0.7243040538953136,4.83868808567604,-0.001861572265625
Altered-Easy,128__M_Right_little_finger_CR.BMP,False,0.5334148406982422,0.15898500382900238,7.434016863742953,12.022662889518413,0.3058319091796875,0.5908235311508179,0.1524467021226883,6.232095290747349,13.012903225806452,0.3036041259765625,0.057408690452575684,-0.006538301706314087,-1.2019215729956043,0.9902403362880392,-0.002227783203125
Altered-Easy,543__M_Right_thumb_finger_Obl.BMP,False,0.5726423263549805,0.14150264859199524,0.9108949542925925,55.96190476190476,0.49465739757329985,0.6780503392219543,0.13355080783367157,0.4511852288897373,67.5,0.48767814224298434,0.10540801286697388,-0.00795184075832367,-0.4597097254028552,11.538095238095238,-0.006979255330315515
Altered-Easy,245__M_Left_middle_finger_CR.BMP,False,0.7075966596603394,0.19935524463653564,2.673890863033459,30.488151658767773,0.4337005615234375,0.7735212445259094,0.18962979316711426,1.1462960309499928,45.715384615384615,0.42596435546875,0.06592458486557007,-0.009725451469421387,-1.5275948320834662,15.227232956616842,-0.0077362060546875
Altered-Easy,40__F_Right_little_finger_CR.BMP,False,0.5605539679527283,0.15066751837730408,3.286697757050855,22.44390243902439,0.3435516357421875,0.6364864706993103,0.14210167527198792,1.9177593435019178,28.12258064516129,0.342132568359375,0.07593250274658203,-0.008565843105316162,-1.3689384135489373,5.678678206136897,-0.0014190673828125
Altered-Easy,247__M_Right_middle_finger_Zcut.BMP,False,0.6308659911155701,0.17309796810150146,1.9199590408737948,38.06201550387597,0.357635498046875,0.6820468902587891,0.16689756512641907,1.535639636565286,42.75675675675676,0.3577117919921875,0.051180899143218994,-0.0062004029750823975,-0.38431940430850875,4.694741252880789,7.62939453125e-05
Altered-Easy,479__F_Left_little_finger_CR.BMP,False,0.5418548583984375,0.1467401683330536,9.291798201203168,11.941935483870967,0.2561798095703125,0.6117667555809021,0.13965462148189545,6.125949522175937,14.801724137931034,0.24908447265625,0.0699118971824646,-0.007085546851158142,-3.1658486790272313,2.8597886540600665,-0.0070953369140625
Altered-Easy,261__M_Left_index_finger_Obl.BMP,False,0.7514415383338928,0.21879878640174866,4.71810324320038,21.612903225806452,0.384857177734375,0.8114549517631531,0.21063458919525146,3.303387986947589,28.15846994535519,0.3787689208984375,0.060013413429260254,-0.008164197206497192,-1.4147152562527912,6.545566719548738,-0.0060882568359375
Altered-Easy,389__F_Right_thumb_finger_Obl.BMP,False,0.6907620429992676,0.20683690905570984,5.236534625249359,17.49230769230769,0.4283447265625,0.7446857690811157,0.19784975051879883,4.513540621865597,19.30860534124629,0.42596435546875,0.053923726081848145,-0.00898715853691101,-0.7229940033837616,1.8162976489386011,-0.00238037109375
Altered-Easy,472__M_Left_thumb_finger_CR.BMP,False,0.6679466366767883,0.14619982242584229,2.727582679849983,27.6588785046729,0.4027862548828125,0.7840476036071777,0.13063910603523254,0.8224972583424722,43.041666666666664,0.38958740234375,0.1161009669303894,-0.015560716390609741,-1.9050854215075108,15.382788161993766,-0.0131988525390625
Altered-Easy,154__F_Left_thumb_finger_CR.BMP,False,0.658406138420105,0.1913902759552002,3.406916507210529,27.553459119496857,0.3269500732421875,0.7091634273529053,0.186192125082016,2.4429202292586676,34.90243902439025,0.324798583984375,0.05075728893280029,-0.005198150873184204,-0.9639962779518614,7.34897990489339,-0.0021514892578125
Altered-Easy,531__M_Left_ring_finger_CR.BMP,False,0.6737675666809082,0.18822775781154633,2.801568878572,27.014423076923077,0.381256103515625,0.7293567657470703,0.18173328042030334,2.2050274626147615,33.31481481481482,0.3805999755859375,0.05558919906616211,-0.006494477391242981,-0.5965414159572386,6.30039173789174,-0.0006561279296875
Altered-Easy,61__M_Left_ring_finger_CR.BMP,False,0.5686639547348022,0.1459905058145523,1.0521239752750866,38.8099173553719,0.3480682373046875,0.6125220060348511,0.13997215032577515,0.9956278948963249,42.65346534653465,0.3524932861328125,0.04385805130004883,-0.006018355488777161,-0.05649608037876175,3.843547991162751,0.004425048828125
Altered-Easy,61__M_Left_middle_finger_CR.BMP,False,0.719813883304596,0.19731338322162628,2.024633035262359,34.56521739130435,0.36175537109375,0.7784841060638428,0.19162940979003906,1.2291260489955074,48.95789473684211,0.360015869140625,0.058670222759246826,-0.005683973431587219,-0.7955069862668516,14.392677345537756,-0.001739501953125
Altered-Easy,138__M_Right_thumb_finger_Obl.BMP,False,0.6123230457305908,0.1605822741985321,6.074766355140186,13.806691449814126,0.29388427734375,0.6723252534866333,0.15290752053260803,4.011824324324325,19.05464480874317,0.2890625,0.06000220775604248,-0.007674753665924072,-2.0629420308158615,5.247953358929044,-0.00482177734375
Altered-Easy,457__M_Right_thumb_finger_Zcut.BMP,False,0.6837855577468872,0.16523639857769012,0.7525802752293578,91.0677966101695,0.46658306161692165,0.7740393877029419,0.16229839622974396,0.7212694342041994,100.11111111111111,0.45210963966738527,0.09025382995605469,-0.002938002347946167,-0.031310841025158354,9.04331450094162,-0.01447342194953638
Altered-Easy,145__M_Right_little_finger_Obl.BMP,False,0.6788511872291565,0.1741478443145752,3.5278374761769595,25.57391304347826,0.3762969970703125,0.7548567056655884,0.1645572930574417,1.7888343456194358,35.08724832214765,0.366790771484375,0.07600551843643188,-0.009590551257133484,-1.7390031305575238,9.513335278669391,-0.0095062255859375
Altered-Easy,25__F_Right_little_finger_Obl.BMP,False,0.6045612692832947,0.1673656702041626,3.5278280648006315,24.466666666666665,0.3287200927734375,0.6663476824760437,0.15907076001167297,2.0166963699465343,32.666666666666664,0.325347900390625,0.06178641319274902,-0.008294910192489624,-1.5111316948540972,8.2,-0.0033721923828125
Altered-Easy,446__M_Left_middle_finger_Zcut.BMP,False,0.7536097764968872,0.1946091204881668,5.78426499163993,20.525096525096526,0.3376617431640625,0.8060970306396484,0.18722003698349,2.879435259149173,35.716312056737586,0.32855224609375,0.05248725414276123,-0.007389083504676819,-2.9048297324907564,15.19121553164106,-0.0091094970703125
Altered-Easy,293__F_Right_index_finger_CR.BMP,False,0.6622551083564758,0.1877586990594864,5.382411667679486,18.56916996047431,0.351531982421875,0.7310545444488525,0.17966419458389282,3.948234261899539,21.809756097560975,0.3478240966796875,0.06879943609237671,-0.008094504475593567,-1.434177405779947,3.240586137086666,-0.0037078857421875
Altered-Easy,480__M_Right_middle_finger_Zcut.BMP,False,0.6795680522918701,0.20054104924201965,1.8174192646442053,39.23870967741936,0.43658447265625,0.7499382495880127,0.19466076791286469,1.616495437890653,40.34285714285714,0.4304290684190182,0.07037019729614258,-0.005880281329154968,-0.20092382675355225,1.1041474654377836,-0.006155404237231821
Altered-Easy,45__M_Right_index_finger_Obl.BMP,False,0.5800312757492065,0.1629771888256073,1.3268465280849182,43.34234234234234,0.41314914300332567,0.6553560495376587,0.1633225381374359,1.0571888844140154,47.325,0.39339327444844935,0.07532477378845215,0.0003453493118286133,-0.26965764367090284,3.9826576576576613,-0.01975586855487632
Altered-Easy,109__F_Right_little_finger_Zcut.BMP,False,0.6253190040588379,0.19733910262584686,5.730264967452095,14.157232704402515,0.332855224609375,0.6995413303375244,0.18993797898292542,3.740130211940712,17.822314049586776,0.3304595947265625,0.07422232627868652,-0.007401123642921448,-1.9901347555113835,3.6650813451842605,-0.0023956298828125
Altered-Easy,18__M_Left_thumb_finger_Obl.BMP,False,0.7602205276489258,0.21402736008167267,4.088895619581267,24.147679324894515,0.4030303955078125,0.8243738412857056,0.20417027175426483,2.576923076923077,33.72049689440994,0.396728515625,0.06415331363677979,-0.009857088327407837,-1.51197254265819,9.572817569515426,-0.0063018798828125
Altered-Easy,264__M_Right_ring_finger_Zcut.BMP,False,0.5458584427833557,0.15015621483325958,0.8745399555442189,43.11971830985915,0.4187469482421875,0.6059468388557434,0.14114701747894287,0.6597273127107462,44.95161290322581,0.41632080078125,0.060088396072387695,-0.009009197354316711,-0.21481264283347268,1.8318945933666555,-0.0024261474609375
Altered-Easy,369__F_Right_thumb_finger_Obl.BMP,False,0.6328955888748169,0.1760970503091812,2.6265184559823647,33.141666666666666,0.39621274065264256,0.7149263620376587,0.17319272458553314,2.0126954636940706,35.94565217391305,0.38017972060900956,0.0820307731628418,-0.0029043257236480713,-0.6138229922882941,2.803985507246381,-0.016033020043632995
Altered-Easy,420__M_Left_ring_finger_Obl.BMP,False,0.5757601261138916,0.20223189890384674,9.192748417992131,9.81306715063521,0.35687255859375,0.6367099285125732,0.19369547069072723,6.4479088460009715,11.611241217798595,0.3455047607421875,0.06094980239868164,-0.008536428213119507,-2.74483957199116,1.7981740671633855,-0.0113677978515625
Altered-Easy,122__M_Right_thumb_finger_Zcut.BMP,False,0.7371613383293152,0.22611497342586517,5.276845953789906,18.775449101796408,0.4048309326171875,0.7870621681213379,0.21869578957557678,4.544938075218726,20.96928327645051,0.4028778076171875,0.049900829792022705,-0.007419183850288391,-0.7319078785711808,2.1938341746541035,-0.001953125
Altered-Easy,310__M_Right_thumb_finger_Obl.BMP,False,0.6263393759727478,0.17323288321495056,2.214964147614221,29.817708333333332,0.47556729928049846,0.7313021421432495,0.16928528249263763,2.139364303178484,34.5703125,0.44648914187687627,0.10496276617050171,-0.003947600722312927,-0.07559984443573686,4.752604166666668,-0.029078157403622185
Altered-Easy,279__M_Right_index_finger_Obl.BMP,False,0.6534318327903748,0.18488340079784393,1.3892443242057544,50.175438596491226,0.4252378583421429,0.7340531349182129,0.1764722317457199,0.9336719450253959,60.5,0.42188854050136293,0.08062130212783813,-0.008411169052124023,-0.45557237918035853,10.324561403508774,-0.003349317840779964
Altered-Easy,471__M_Right_thumb_finger_Obl.BMP,False,0.7584501504898071,0.22006624937057495,1.9920318725099602,38.72185430463576,0.44427490234375,0.8189771175384521,0.2109648734331131,1.5255530129672006,45.926829268292686,0.440093994140625,0.06052696704864502,-0.009101375937461853,-0.4664788595427596,7.204974963656923,-0.004180908203125
Altered-Easy,535__M_Right_index_finger_Obl.BMP,False,0.5883760452270508,0.18966440856456757,1.4968992800627272,40.70229007633588,0.5031020261789493,0.6589056849479675,0.18438169360160828,0.8469895046952679,54.63414634146341,0.5028145020923601,0.07052963972091675,-0.0052827149629592896,-0.6499097753674593,13.931856265127536,-0.00028752408658916373
Altered-Easy,356__M_Left_middle_finger_Obl.BMP,False,0.7679525017738342,0.22595153748989105,3.4653636899192573,26.721739130434784,0.4403228759765625,0.8347786664962769,0.21610847115516663,2.188956362095749,40.65034965034965,0.43218994140625,0.06682616472244263,-0.009843066334724426,-1.2764073278235082,13.92861051991487,-0.0081329345703125
Altered-Easy,146__M_Left_thumb_finger_Obl.BMP,False,0.6851280927658081,0.23092971742153168,7.111501316944688,13.77742946708464,0.34759521484375,0.7534136772155762,0.2227691411972046,5.464236126662785,17.333333333333332,0.3406829833984375,0.06828558444976807,-0.008160576224327087,-1.647265190281903,3.555903866248693,-0.0069122314453125
Altered-Easy,389__F_Left_ring_finger_CR.BMP,False,0.5658872127532959,0.15792003273963928,6.047103755569701,14.371052631578948,0.335601806640625,0.6525859832763672,0.14666840434074402,3.3034902092210463,18.6425702811245,0.3187103271484375,0.08669877052307129,-0.011251628398895264,-2.7436135463486546,4.271517649545551,-0.0168914794921875
Altered-Easy,567__M_Right_thumb_finger_Obl.BMP,False,0.6841621398925781,0.22036084532737732,6.5157750342935525,14.628571428571428,0.40045166015625,0.736531138420105,0.21164266765117645,5.034588777863182,17.022988505747126,0.39703369140625,0.052368998527526855,-0.008718177676200867,-1.4811862564303704,2.3944170771756976,-0.00341796875
Altered-Easy,446__M_Left_index_finger_Zcut.BMP,False,0.7368899583816528,0.1970157027244568,4.408940108259123,21.619834710743802,0.34954833984375,0.8116363286972046,0.18965810537338257,2.1668951488082078,30.053571428571427,0.3450469970703125,0.07474637031555176,-0.007357597351074219,-2.242044959450915,8.433736717827625,-0.0045013427734375
Altered-Easy,221__M_Left_little_finger_Obl.BMP,False,0.5587040185928345,0.1347699761390686,1.2940098129077477,44.6551724137931,0.2830047607421875,0.6169043779373169,0.1301216334104538,1.135626216742375,51.611111111111114,0.28216552734375,0.05820035934448242,-0.004648342728614807,-0.1583835961653728,6.955938697318011,-0.0008392333984375
Altered-Easy,299__M_Right_little_finger_Zcut.BMP,False,0.7219747304916382,0.2209431231021881,5.260057229422657,18.137931034482758,0.36260986328125,0.7872430682182312,0.21411526203155518,3.7537857782706987,23.350230414746544,0.3577117919921875,0.06526833772659302,-0.006827861070632935,-1.506271451151958,5.2122993802637865,-0.0048980712890625
Altered-Easy,185__M_Right_ring_finger_CR.BMP,False,0.5713701248168945,0.1436445415019989,1.5856010284979645,34.13253012048193,0.3560638427734375,0.6298579573631287,0.1365686058998108,1.7175917555595734,36.53521126760563,0.3447770730414998,0.05848783254623413,-0.00707593560218811,0.13199072706160897,2.402681147123701,-0.011286769731937707
Altered-Easy,464__M_Right_middle_finger_Zcut.BMP,False,0.7356393337249756,0.2144700586795807,2.798507462686567,36.718120805369125,0.376220703125,0.7962437272071838,0.2078797072172165,1.9140704540826716,47.21238938053097,0.3746795654296875,0.06060439348220825,-0.006590351462364197,-0.8844370086038955,10.494268575161847,-0.0015411376953125
Altered-Easy,395__M_Left_middle_finger_Zcut.BMP,False,0.6850365996360779,0.15559625625610352,2.323105217307134,35.723076923076924,0.315277099609375,0.7511841058731079,0.14834639430046082,1.3284132841328413,54.18292682926829,0.3101348876953125,0.06614750623703003,-0.0072498619556427,-0.9946919331742927,18.459849906191366,-0.0051422119140625
Altered-Easy,93__M_Right_little_finger_Zcut.BMP,False,0.7196123600006104,0.1997559666633606,7.039805318964019,15.364779874213836,0.35113525390625,0.7970470190048218,0.19216302037239075,5.487028664237743,18.57421875,0.3476104736328125,0.07743465900421143,-0.007592946290969849,-1.5527766547262765,3.209438875786164,-0.0035247802734375
Altered-Easy,544__M_Right_thumb_finger_CR.BMP,False,0.6630841493606567,0.20725247263908386,7.905138339920949,13.34840425531915,0.3513031005859375,0.7358706593513489,0.19916939735412598,5.971865876316022,16.297658862876254,0.344940185546875,0.07278650999069214,-0.008083075284957886,-1.9332724636049274,2.949254607557105,-0.0063629150390625
Altered-Easy,555__M_Right_little_finger_Zcut.BMP,False,0.6324076652526855,0.1736948937177658,1.9586022701980859,40.508620689655174,0.3427886962890625,0.6918803453445435,0.1671862155199051,0.9826692871180989,53.88095238095238,0.34161376953125,0.05947268009185791,-0.006508678197860718,-0.975932983079987,13.372331691297205,-0.0011749267578125
Altered-Easy,425__M_Right_little_finger_Zcut.BMP,False,0.6609083414077759,0.15338432788848877,5.91368725171542,15.816770186335404,0.3380126953125,0.7595653533935547,0.140676349401474,3.4389227937615034,23.775956284153004,0.315032958984375,0.09865701198577881,-0.01270797848701477,-2.474764457953917,7.9591860978176,-0.022979736328125
Altered-Easy,1__M_Right_middle_finger_CR.BMP,False,0.6452969312667847,0.1665641963481903,2.5829585511121915,32.31390134529148,0.50213623046875,0.7433244585990906,0.1555604189634323,1.9937970757642889,35.94886363636363,0.49326402222950716,0.09802752733230591,-0.011003777384757996,-0.5891614753479026,3.6349622910721564,-0.00887220823924284
Altered-Easy,586__M_Left_little_finger_CR.BMP,False,0.7455337047576904,0.20969170331954956,9.087191603434958,12.341207349081365,0.3358306884765625,0.8117125034332275,0.20099720358848572,6.68399554400297,15.114478114478114,0.3287353515625,0.06617879867553711,-0.008694499731063843,-2.4031960594319877,2.7732707653967488,-0.0070953369140625
Altered-Easy,325__M_Left_little_finger_Obl.BMP,False,0.6635684967041016,0.14770540595054626,2.395033970379784,29.68918918918919,0.3121795654296875,0.7449240684509277,0.13932520151138306,1.2434099273848602,49.0609756097561,0.306793212890625,0.08135557174682617,-0.008380204439163208,-1.1516240429949236,19.37178642056691,-0.0053863525390625
Altered-Easy,589__M_Right_middle_finger_CR.BMP,False,0.6416128873825073,0.17259818315505981,3.0177291588079966,23.457894736842107,0.3766278867859003,0.7194869518280029,0.17187993228435516,2.2697181766597314,27.377777777777776,0.3532792088470148,0.0778740644454956,-0.0007182508707046509,-0.7480109821482652,3.9198830409356695,-0.02334867793888551
Altered-Easy,363__M_Left_index_finger_Obl.BMP,False,0.6667304039001465,0.1856858730316162,6.219227779217414,14.245398773006135,0.353302001953125,0.7622882723808289,0.1760929375886917,4.187235543018336,18.36796536796537,0.34619140625,0.09555786848068237,-0.0095929354429245,-2.031992236199078,4.122566594959233,-0.007110595703125
Altered-Easy,586__M_Right_little_finger_Obl.BMP,False,0.6807897090911865,0.19337299466133118,1.7958809369149058,33.84905660377358,0.3993377685546875,0.7445473670959473,0.18573009967803955,1.3443441521029384,42.40163934426229,0.3972625732421875,0.06375765800476074,-0.007642894983291626,-0.45153678481196735,8.55258274048871,-0.0020751953125
Altered-Easy,368__M_Left_thumb_finger_CR.BMP,False,0.71310955286026,0.21638204157352448,3.691579020686773,23.7027027027027,0.438140869140625,0.7670323252677917,0.20793825387954712,2.5964001263113574,30.01025641025641,0.4348907470703125,0.05392277240753174,-0.008443787693977356,-1.0951788943754157,6.3075537075537085,-0.0032501220703125
Altered-Easy,178__M_Left_thumb_finger_Zcut.BMP,False,0.7755120992660522,0.20216727256774902,2.95784035994001,37.83846153846154,0.36627197265625,0.8439950942993164,0.1948845535516739,1.8611733852205914,47.75757575757576,0.3607330322265625,0.06848299503326416,-0.007282719016075134,-1.0966669747194184,9.91911421911422,-0.0055389404296875
Altered-Easy,271__M_Left_middle_finger_Zcut.BMP,False,0.7269032001495361,0.21671028435230255,0.8611780916293489,52.171171171171174,0.442962646484375,0.7753605842590332,0.21056994795799255,0.6177924217462932,59.09473684210526,0.444580078125,0.04845738410949707,-0.0061403363943099976,-0.24338566988305566,6.923565670934089,0.001617431640625
Altered-Easy,50__M_Left_thumb_finger_Obl.BMP,False,0.7608710527420044,0.22705063223838806,3.061042890193985,27.681592039800996,0.4286956787109375,0.8123747110366821,0.21884196996688843,2.435181206130927,31.232558139534884,0.42608642578125,0.051503658294677734,-0.008208662271499634,-0.6258616840630578,3.5509660997338877,-0.0026092529296875
Altered-Easy,200__M_Left_ring_finger_Zcut.BMP,False,0.5793808698654175,0.172819584608078,1.1797389351904708,44.78102189781022,0.4009552001953125,0.632529616355896,0.16661947965621948,0.5658669081032142,66.4186046511628,0.40447998046875,0.053148746490478516,-0.0062001049518585205,-0.6138720270872566,21.637582753352575,0.0035247802734375
Altered-Easy,173__F_Right_little_finger_Zcut.BMP,False,0.6078945398330688,0.16354084014892578,2.5483503981797497,26.613636363636363,0.3353118896484375,0.6817622184753418,0.15772338211536407,1.8810790970820335,32.11594202898551,0.33258056640625,0.07386767864227295,-0.0058174580335617065,-0.6672713010977163,5.5023056653491444,-0.0027313232421875
Altered-Easy,432__M_Left_ring_finger_Zcut.BMP,False,0.7070715427398682,0.18957853317260742,5.222841225626741,19.96629213483146,0.3505859375,0.7777214050292969,0.18259721994400024,3.7842119158672887,24.639024390243904,0.346771240234375,0.07064986228942871,-0.006981313228607178,-1.4386293097594525,4.672732255412445,-0.003814697265625
Altered-Easy,114__F_Right_little_finger_Obl.BMP,False,0.6374944448471069,0.15682417154312134,5.044703061785126,17.626666666666665,0.3054962158203125,0.73835289478302,0.14849382638931274,2.8055498877780045,26.631205673758867,0.29913330078125,0.10085844993591309,-0.008330345153808594,-2.239153174007121,9.004539007092202,-0.0063629150390625
Altered-Easy,182__M_Right_middle_finger_Obl.BMP,False,0.6503680944442749,0.18379710614681244,2.8855527393254046,27.84313725490196,0.4037565337867624,0.736825168132782,0.1805087924003601,2.5076743482208483,29.552147239263803,0.38629455189230716,0.08645707368850708,-0.0032883137464523315,-0.37787839110455623,1.7090099843618418,-0.017461981894455247
Altered-Easy,309__M_Right_thumb_finger_Zcut.BMP,False,0.7356544733047485,0.2522299885749817,3.4757517132832736,23.897233201581027,0.4653472900390625,0.7830917835235596,0.24563351273536682,3.156233561283535,25.504310344827587,0.464111328125,0.047437310218811035,-0.006596475839614868,-0.31951815199973854,1.6070771432465598,-0.0012359619140625
Altered-Easy,493__M_Left_ring_finger_CR.BMP,False,0.6411217451095581,0.15243080258369446,3.5469871473877483,24.99206349206349,0.36566162109375,0.7337639331817627,0.1404619812965393,2.1945224719101124,28.076923076923077,0.34765625,0.09264218807220459,-0.011968821287155151,-1.352464675477636,3.0848595848595863,-0.01800537109375
Altered-Easy,587__M_Left_middle_finger_Zcut.BMP,False,0.7319347858428955,0.21515654027462006,7.914588400181376,13.6125,0.3701629638671875,0.8028669953346252,0.20641930401325226,4.492777964393685,20.862903225806452,0.3634033203125,0.07093220949172974,-0.008737236261367798,-3.421810435787691,7.250403225806451,-0.0067596435546875
Altered-Easy,383__M_Right_middle_finger_CR.BMP,False,0.7563918828964233,0.22612223029136658,2.335726307834988,35.654545454545456,0.4442291259765625,0.8204365968704224,0.21858130395412445,1.7232465965879717,41.64492753623188,0.4427337646484375,0.06404471397399902,-0.0075409263372421265,-0.6124797112470162,5.990382081686427,-0.001495361328125
Altered-Easy,235__M_Left_index_finger_Obl.BMP,False,0.6729055643081665,0.184275820851326,4.84229812851721,19.365145228215766,0.3497772216796875,0.7376058101654053,0.17626816034317017,3.9429381534644694,21.975728155339805,0.34442138671875,0.06470024585723877,-0.008007660508155823,-0.8993599750527403,2.610582927124039,-0.0053558349609375
Altered-Easy,360__M_Right_index_finger_CR.BMP,False,0.7333375215530396,0.20635566115379333,5.78220366206232,18.096219931271477,0.3800048828125,0.8043211102485657,0.19597357511520386,3.7173202614379086,23.941747572815533,0.37353515625,0.07098358869552612,-0.010382086038589478,-2.064883400624411,5.845527641544056,-0.0064697265625
Altered-Easy,473__M_Right_little_finger_Obl.BMP,False,0.5886553525924683,0.14655041694641113,3.564573622155196,17.74380165289256,0.333892822265625,0.6782839298248291,0.13519206643104553,2.0296422165581043,23.018987341772153,0.323272705078125,0.08962857723236084,-0.0113583505153656,-1.5349314055970917,5.275185688879592,-0.0106201171875
Altered-Easy,289__F_Left_middle_finger_CR.BMP,False,0.627235472202301,0.22583994269371033,8.52484949685811,10.511363636363637,0.3472442626953125,0.6832336783409119,0.21947389841079712,7.29310268154934,12.124661246612465,0.3431243896484375,0.05599820613861084,-0.006366044282913208,-1.23174681530877,1.6132976102488286,-0.004119873046875
Altered-Easy,422__M_Left_middle_finger_Zcut.BMP,False,0.7521531581878662,0.19770562648773193,4.180976556667164,21.370106761565836,0.40875244140625,0.8320346474647522,0.18689775466918945,2.436888398126642,35.886792452830186,0.4007415771484375,0.07988148927688599,-0.01080787181854248,-1.7440881585405221,14.51668569126435,-0.0080108642578125
Altered-Easy,444__M_Left_index_finger_Obl.BMP,False,0.7165988683700562,0.21290329098701477,4.040564094438283,21.90376569037657,0.38519287109375,0.7801647186279297,0.205007404088974,2.766196279666453,28.022099447513813,0.380615234375,0.06356585025787354,-0.007895886898040771,-1.2743678147718298,6.118333757137243,-0.00457763671875
Altered-Easy,526__F_Right_little_finger_Obl.BMP,False,0.6856378316879272,0.17360155284404755,2.876067631166115,28.322033898305083,0.35015869140625,0.7489305734634399,0.1655789017677307,2.1112821640642183,33.53521126760563,0.3469085693359375,0.0632927417755127,-0.008022651076316833,-0.7647854671018965,5.213177369300549,-0.0032501220703125
Altered-Easy,77__M_Right_middle_finger_CR.BMP,False,0.6974137425422668,0.181665301322937,1.9760285066407515,42.89411764705882,0.471038818359375,0.8088040947914124,0.18145836889743805,1.9529049461073347,50.70338983050848,0.44501454022796405,0.11139035224914551,-0.0002069324254989624,-0.023123560533416798,7.809272183449657,-0.02602427813141095
Altered-Easy,132__M_Right_index_finger_CR.BMP,False,0.6826021671295166,0.2094506025314331,8.227677367143242,12.9208211143695,0.339385986328125,0.7476142644882202,0.20077067613601685,6.476207973544002,15.064516129032258,0.33221435546875,0.06501209735870361,-0.00867992639541626,-1.7514693935992396,2.1436950146627574,-0.007171630859375
Altered-Easy,549__M_Right_index_finger_Zcut.BMP,False,0.6520249843597412,0.18867269158363342,3.0554523308146493,22.38053097345133,0.3695526123046875,0.7112997770309448,0.18155965209007263,2.4031489538015327,27.248618784530386,0.3682708740234375,0.05927479267120361,-0.007113039493560791,-0.6523033770131166,4.868087811079057,-0.00128173828125
Altered-Easy,583__M_Right_ring_finger_Obl.BMP,False,0.6472830772399902,0.16670319437980652,2.3014959723820483,32.95151515151515,0.37127685546875,0.6985207796096802,0.15894736349582672,2.0218691974417164,37.43478260869565,0.3697967529296875,0.05123770236968994,-0.007755830883979797,-0.27962677494033183,4.483267457180496,-0.0014801025390625
Altered-Easy,321__M_Right_little_finger_Zcut.BMP,False,0.5832916498184204,0.18697655200958252,2.9768899334116723,20.031802120141343,0.389556884765625,0.6260296106338501,0.18108750879764557,2.6922626711927893,20.550943396226415,0.3910675048828125,0.04273796081542969,-0.005889043211936951,-0.284627262218883,0.5191412760850724,0.0015106201171875
Altered-Easy,309__M_Left_ring_finger_CR.BMP,False,0.5941486358642578,0.17230942845344543,5.187818234220386,16.276223776223777,0.317657470703125,0.6328445076942444,0.1666906476020813,4.777691107644306,17.91358024691358,0.31298828125,0.03869587182998657,-0.005618780851364136,-0.4101271265760804,1.6373564706898023,-0.004669189453125
Altered-Easy,341__M_Left_ring_finger_Zcut.BMP,False,0.597851037979126,0.1465551108121872,4.024729264345878,21.723021582733814,0.3677520751953125,0.6995260715484619,0.13358965516090393,2.1624426952685756,29.162011173184357,0.352813720703125,0.10167503356933594,-0.012965455651283264,-1.8622865690773027,7.438989590450543,-0.0149383544921875
Altered-Easy,152__M_Right_ring_finger_CR.BMP,False,0.5447025895118713,0.17300693690776825,7.679496669133975,12.074941451990632,0.329833984375,0.5761404633522034,0.16798853874206543,7.078986587183308,12.741772151898735,0.32763671875,0.03143787384033203,-0.00501839816570282,-0.6005100819506675,0.6668306999081022,-0.002197265625
Altered-Easy,474__M_Left_index_finger_CR.BMP,False,0.6552737355232239,0.14404717087745667,2.365571831498499,32.00675675675676,0.335418701171875,0.7410928010940552,0.1340261548757553,1.1344835736232568,51.353658536585364,0.3227996826171875,0.0858190655708313,-0.010021016001701355,-1.2310882578752422,19.346901779828606,-0.0126190185546875
Altered-Easy,30__F_Right_thumb_finger_Obl.BMP,False,0.5750783681869507,0.15468882024288177,0.9740575992727036,49.443661971830984,0.5051666447972707,0.7011810541152954,0.15951427817344666,1.0738476788369404,43.554545454545455,0.4778747088777484,0.12610268592834473,0.00482545793056488,0.0997900795642368,-5.8891165172855295,-0.02729193591952228
Altered-Easy,577__M_Right_ring_finger_Obl.BMP,False,0.6460295915603638,0.1691640466451645,13.634630053394355,8.887372013651877,0.320068359375,0.740003228187561,0.156419038772583,8.353041815528606,11.627249357326479,0.3032379150390625,0.09397363662719727,-0.012745007872581482,-5.2815882378657495,2.7398773436746016,-0.0168304443359375
Altered-Easy,416__M_Left_middle_finger_Obl.BMP,False,0.6318739056587219,0.11885124444961548,2.4030493868080876,22.167464114832537,0.3682861328125,0.7585818767547607,0.10453296452760696,2.871998019311711,24.884057971014492,0.3081512451171875,0.12670797109603882,-0.014318279922008514,0.4689486325036234,2.716593856181955,-0.0601348876953125
Altered-Easy,369__F_Left_middle_finger_Obl.BMP,False,0.6451156139373779,0.15942716598510742,4.201680672268908,18.911290322580644,0.34136962890625,0.7247477769851685,0.15026956796646118,2.5116448990775413,26.662420382165607,0.334136962890625,0.07963216304779053,-0.00915759801864624,-1.6900357731913664,7.751130059584963,-0.007232666015625
Altered-Easy,570__M_Left_index_finger_Zcut.BMP,False,0.6936413049697876,0.19173413515090942,1.2891212490152546,48.84,0.426116943359375,0.7666617035865784,0.1840575635433197,0.8290080738177624,64.91111111111111,0.42333984375,0.07302039861679077,-0.007676571607589722,-0.4601131751974922,16.071111111111108,-0.002777099609375
Altered-Easy,425__M_Right_middle_finger_Zcut.BMP,False,0.6295797228813171,0.17292456328868866,1.956576622065135,37.63387978142077,0.49441427947325717,0.7337834239006042,0.18179798126220703,2.050052218311221,34.605095541401276,0.46092816773342365,0.10420370101928711,0.008873417973518372,0.09347559624608603,-3.0287842400194904,-0.03348611173983351
Altered-Easy,369__F_Left_middle_finger_Zcut.BMP,False,0.6648922562599182,0.16825224459171295,3.8817557479844726,21.589211618257263,0.3577117919921875,0.7413562536239624,0.1599363386631012,2.8162911611785097,28.22222222222222,0.3521728515625,0.07646399736404419,-0.008315905928611755,-1.065464586805963,6.633010603964959,-0.0055389404296875
Altered-Easy,179__M_Left_middle_finger_Zcut.BMP,False,0.4894373118877411,0.1636599600315094,18.9873417721519,5.427364864864865,0.250732421875,0.5655105113983154,0.15440770983695984,14.414184578098093,6.652873563218391,0.2392425537109375,0.07607319951057434,-0.00925225019454956,-4.573157194053808,1.2255086983535257,-0.0114898681640625
Altered-Easy,504__M_Right_ring_finger_CR.BMP,False,0.6911320090293884,0.20722851157188416,4.992411534467609,17.651898734177216,0.382049560546875,0.7602423429489136,0.19821280241012573,3.518965587790008,21.61382113821138,0.3729095458984375,0.06911033391952515,-0.009015709161758423,-1.4734459466776015,3.9619224040341656,-0.0091400146484375
Altered-Easy,168__M_Right_thumb_finger_Zcut.BMP,False,0.6282367706298828,0.21624323725700378,8.93407270486753,10.939449541284404,0.396240234375,0.6827242374420166,0.2079247087240219,7.788161993769471,11.914225941422593,0.391845703125,0.05448746681213379,-0.008318528532981873,-1.1459107110980593,0.9747764001381896,-0.00439453125
Altered-Easy,200__M_Left_thumb_finger_CR.BMP,False,0.7544761896133423,0.2345719337463379,5.01120391118354,19.105263157894736,0.3745269775390625,0.8153102397918701,0.22692319750785828,3.724703058395067,23.590243902439024,0.3686981201171875,0.06083405017852783,-0.007648736238479614,-1.2865008527884734,4.484980744544288,-0.005828857421875
Altered-Easy,416__M_Left_index_finger_CR.BMP,False,0.675481915473938,0.11911539733409882,3.638487108076543,22.608040201005025,0.339691162109375,0.8105807304382324,0.10180218517780304,2.271406687443875,33.22857142857143,0.2888641357421875,0.13509881496429443,-0.017313212156295776,-1.3670804206326679,10.620531227566403,-0.0508270263671875
Altered-Easy,373__M_Right_ring_finger_Obl.BMP,False,0.6649907827377319,0.19763177633285522,6.275440976933514,16.080838323353294,0.35986328125,0.741849958896637,0.18909157812595367,4.6734982635167,20.18503937007874,0.3558807373046875,0.07685917615890503,-0.00854019820690155,-1.6019427134168138,4.104201046725446,-0.0039825439453125
Altered-Easy,324__M_Left_thumb_finger_CR.BMP,False,0.6440578103065491,0.2338446080684662,9.069533087000336,10.167741935483871,0.3634033203125,0.6839302778244019,0.22760632634162903,7.788559754851891,11.0880195599022,0.3585205078125,0.03987246751785278,-0.006238281726837158,-1.280973332148445,0.920277624418329,-0.0048828125
Altered-Easy,377__M_Left_ring_finger_Obl.BMP,False,0.699087381362915,0.1871960163116455,1.843465715545225,39.45161290322581,0.3807525634765625,0.764140784740448,0.17923958599567413,1.7411021581568613,50.6551724137931,0.3768463134765625,0.06505340337753296,-0.007956430315971375,-0.10236355738836367,11.203559510567295,-0.00390625
Altered-Easy,296__M_Left_middle_finger_Zcut.BMP,False,0.7235616445541382,0.21939709782600403,4.948230695663021,18.4031007751938,0.3669586181640625,0.7925400733947754,0.21153105795383453,3.623493722086458,23.323076923076922,0.362152099609375,0.06897842884063721,-0.007866039872169495,-1.324736973576563,4.919976147883123,-0.0048065185546875
Altered-Easy,570__M_Left_middle_finger_CR.BMP,False,0.674074649810791,0.17364385724067688,3.96898313182169,24.045112781954888,0.4152069091796875,0.7694650888442993,0.16085419058799744,1.727829320512339,41.61538461538461,0.4062347412109375,0.0953904390335083,-0.012789666652679443,-2.241153811309351,17.570271833429725,-0.00897216796875
Altered-Easy,228__M_Left_index_finger_CR.BMP,False,0.6591254472732544,0.13044512271881104,3.3065236818588026,21.025751072961373,0.34149169921875,0.7733610272407532,0.11346617341041565,2.8642247314789313,26.42105263157895,0.2770233154296875,0.11423557996749878,-0.016978949308395386,-0.4422989503798713,5.395301558617575,-0.0644683837890625
Altered-Easy,302__M_Left_little_finger_CR.BMP,False,0.5799111127853394,0.13512200117111206,3.7418147801683816,18.526881720430108,0.32623291015625,0.6751612424850464,0.12359705567359924,3.5228442902823693,17.368181818181817,0.2815399169921875,0.09525012969970703,-0.011524945497512817,-0.2189704898860123,-1.1586999022482907,-0.0446929931640625
Altered-Easy,22__M_Right_middle_finger_Obl.BMP,False,0.7389293909072876,0.18919436633586884,2.6922626711927893,28.72636815920398,0.3910675048828125,0.8091639280319214,0.1806388795375824,1.6506189821182944,39.381294964028775,0.3882598876953125,0.07023453712463379,-0.008555486798286438,-1.041643689074495,10.654926804824797,-0.0028076171875
Altered-Easy,136__F_Right_little_finger_Zcut.BMP,False,0.6550279259681702,0.17059555649757385,3.1316661371578993,27.565,0.3361968994140625,0.7297184467315674,0.16413722932338715,2.1614164175672568,35.14,0.3318023681640625,0.07469052076339722,-0.0064583271741867065,-0.9702497195906425,7.574999999999999,-0.00439453125
Altered-Easy,423__M_Right_index_finger_CR.BMP,False,0.7599859237670898,0.20654654502868652,2.189638318670577,38.724137931034484,0.3902435302734375,0.8112860918045044,0.1993546187877655,1.3800173487895278,52.39423076923077,0.386993408203125,0.05130016803741455,-0.0071919262409210205,-0.8096209698810493,13.670092838196283,-0.0032501220703125
Altered-Easy,257__M_Right_thumb_finger_CR.BMP,False,0.7517727613449097,0.2358223795890808,3.5624554693066335,23.960526315789473,0.4069061279296875,0.7958637475967407,0.22907787561416626,2.9825952353984975,28.28723404255319,0.4041595458984375,0.044090986251831055,-0.006744503974914551,-0.579860233908136,4.326707726763718,-0.00274658203125
Altered-Easy,421__F_Right_index_finger_Zcut.BMP,False,0.5248238444328308,0.14524467289447784,1.3423910832689259,41.0859375,0.3751068115234375,0.5791846513748169,0.1367594301700592,0.6854838709677419,46.794117647058826,0.37841796875,0.054360806941986084,-0.00848524272441864,-0.656907212301184,5.708180147058826,0.0033111572265625
Altered-Easy,455__M_Right_middle_finger_Zcut.BMP,False,0.7089036107063293,0.19139796495437622,1.5345097908396437,59.68807339449541,0.5126727322479135,0.818352460861206,0.19409173727035522,1.7540440459949327,55.40425531914894,0.4943921991829184,0.10944885015487671,0.002693772315979004,0.21953425515528902,-4.283818075346474,-0.018280533064995164
Altered-Easy,547__M_Left_middle_finger_Obl.BMP,False,0.606716513633728,0.1554134637117386,1.3950041414185448,41.63865546218487,0.3500213623046875,0.6620678901672363,0.14779430627822876,1.181154031234962,53.71264367816092,0.3488006591796875,0.0553513765335083,-0.007619157433509827,-0.2138501101835828,12.073988215976051,-0.001220703125
Altered-Easy,545__M_Left_thumb_finger_Zcut.BMP,False,0.5970979928970337,0.17873647809028625,11.658313358030071,9.33093525179856,0.28009033203125,0.684907078742981,0.17042812705039978,8.726784515551577,11.48447204968944,0.27276611328125,0.08780908584594727,-0.008308351039886475,-2.931528842478494,2.1535367978908795,-0.00732421875
Altered-Easy,241__M_Right_middle_finger_CR.BMP,False,0.7247748374938965,0.19410282373428345,3.305385359561432,26.985221674876847,0.3785400390625,0.7877852320671082,0.18670471012592316,2.6527363996245357,33.92307692307692,0.3738861083984375,0.06301039457321167,-0.0073981136083602905,-0.6526489599368963,6.937855248200073,-0.0046539306640625
Altered-Easy,180__F_Left_little_finger_CR.BMP,False,0.6482969522476196,0.17385128140449524,1.8056391499606463,33.358108108108105,0.3295745849609375,0.6919755935668945,0.1681903898715973,0.8451100990656839,42.306306306306304,0.3249969482421875,0.0436786413192749,-0.005660891532897949,-0.9605290508949624,8.948198198198199,-0.00457763671875
Altered-Easy,323__M_Left_thumb_finger_CR.BMP,False,0.6229673624038696,0.19144600629806519,11.478040951315597,10.129032258064516,0.3137359619140625,0.691399335861206,0.1817237138748169,8.276899924755456,12.603658536585366,0.3041839599609375,0.06843197345733643,-0.009722292423248291,-3.2011410265601405,2.4746262785208497,-0.009552001953125
Altered-Easy,107__M_Right_index_finger_Zcut.BMP,False,0.5815446972846985,0.15291491150856018,1.0737294201861132,48.0462962962963,0.383697509765625,0.6450857520103455,0.1451733112335205,0.9027750520076933,55.95402298850575,0.3887481689453125,0.06354105472564697,-0.007741600275039673,-0.1709543681784199,7.907726692209451,0.0050506591796875
Altered-Easy,458__M_Left_thumb_finger_CR.BMP,False,0.6940589547157288,0.2301318496465683,3.9181541140618195,21.42361111111111,0.4556427001953125,0.754938542842865,0.2241361141204834,3.5683650711957453,23.56972111553785,0.45059600191710086,0.06087958812713623,-0.0059957355260849,-0.34978904286607415,2.1461100044267383,-0.0050466982782116365
Altered-Easy,7__M_Left_thumb_finger_CR.BMP,False,0.6247023344039917,0.18461546301841736,3.8763310293293483,23.06417112299465,0.32672119140625,0.6972908973693848,0.17715632915496826,2.167255594817432,33.68595041322314,0.3238677978515625,0.07258856296539307,-0.007459133863449097,-1.7090754345119161,10.621779290228488,-0.0028533935546875
Altered-Easy,341__M_Right_thumb_finger_Obl.BMP,False,0.6222448945045471,0.18268832564353943,1.9904741593801094,31.16190476190476,0.4779897721673831,0.7223985195159912,0.17560647428035736,1.548572291886992,38.04964539007092,0.47120381576137255,0.10015362501144409,-0.007081851363182068,-0.44190186749311744,6.88774062816616,-0.00678595640601054
Altered-Easy,351__M_Left_index_finger_Obl.BMP,False,0.6828410625457764,0.18456992506980896,2.5269028013767265,28.718309859154928,0.3502349853515625,0.7624867558479309,0.17787736654281616,1.939693175806736,36.36448598130841,0.34613037109375,0.07964569330215454,-0.006692558526992798,-0.5872096255699906,7.646176122153484,-0.0041046142578125
Altered-Easy,438__M_Right_thumb_finger_Obl.BMP,False,0.6608917713165283,0.1654295176267624,1.3745704467353952,48.87128712871287,0.5089847921346246,0.7529338002204895,0.16366805136203766,1.1468359614990784,51.973684210526315,0.494741534782873,0.09204202890396118,-0.0017614662647247314,-0.22773448523631679,3.102397081813443,-0.014243257351751526
Altered-Easy,9__M_Right_little_finger_CR.BMP,False,0.6270409822463989,0.1779729276895523,5.432974830912518,19.645714285714284,0.275238037109375,0.6744569540023804,0.1727055311203003,3.8666293079293923,24.195652173913043,0.2722930908203125,0.047415971755981445,-0.005267396569252014,-1.5663455229831258,4.549937888198759,-0.0029449462890625
Altered-Easy,323__M_Left_little_finger_Zcut.BMP,False,0.6366055607795715,0.17828992009162903,10.067946238159005,11.556675062972293,0.3076629638671875,0.7199620008468628,0.16957126557826996,6.993715791607541,15.39298245614035,0.30108642578125,0.08335644006729126,-0.00871865451335907,-3.0742304465514634,3.836307393168058,-0.0065765380859375
Altered-Easy,533__M_Right_middle_finger_CR.BMP,False,0.7500549554824829,0.19330480694770813,2.91832214057171,32.136842105263156,0.4339752197265625,0.8349127769470215,0.18209394812583923,1.1492601637695732,62.37362637362637,0.42486572265625,0.08485782146453857,-0.011210858821868896,-1.769061976802137,30.236784268363216,-0.0091094970703125
Altered-Easy,246__M_Right_little_finger_CR.BMP,False,0.648841381072998,0.18432286381721497,3.7956738464352675,19.682539682539684,0.3336639404296875,0.6987451314926147,0.17766954004764557,2.1779425393883227,25.912087912087912,0.32928466796875,0.0499037504196167,-0.006653323769569397,-1.6177313070469448,6.229548229548229,-0.0043792724609375
Altered-Easy,296__M_Right_index_finger_CR.BMP,False,0.6421608328819275,0.2157784104347229,2.2107823011085492,25.90954773869347,0.4831390380859375,0.703339695930481,0.2091556042432785,1.665252772802966,27.99397590361446,0.4856414794921875,0.06117886304855347,-0.006622806191444397,-0.5455295283055832,2.0844281649209897,0.00250244140625
Altered-Easy,400__M_Left_middle_finger_CR.BMP,False,0.6836016774177551,0.20032161474227905,5.564830272676684,17.81851851851852,0.32904052734375,0.7626228332519531,0.19429683685302734,3.8790484647380477,22.84390243902439,0.3264923095703125,0.079021155834198,-0.006024777889251709,-1.685781807938636,5.02538392050587,-0.0025482177734375
Altered-Easy,222__M_Left_middle_finger_CR.BMP,False,0.7571088671684265,0.23094967007637024,1.814529194478647,48.489208633093526,0.470916748046875,0.8114948272705078,0.22291342914104462,1.365898077986276,58.13513513513514,0.4691925048828125,0.0543859601020813,-0.008036240935325623,-0.4486311164923711,9.645926502041611,-0.0017242431640625
Altered-Easy,296__M_Right_ring_finger_Zcut.BMP,False,0.6685019135475159,0.1913527101278305,2.453127737865779,27.77403846153846,0.4354095458984375,0.7295159101486206,0.1839923858642578,1.6088416340235032,36.51973684210526,0.436279296875,0.061013996601104736,-0.007360324263572693,-0.8442861038422758,8.7456983805668,0.0008697509765625
Altered-Easy,137__M_Left_index_finger_Zcut.BMP,False,0.7383072376251221,0.19261622428894043,3.1744787584260856,27.482412060301506,0.38934326171875,0.8104234933853149,0.1846793293952942,1.8666348941578301,40.7007874015748,0.3842010498046875,0.07211625576019287,-0.00793689489364624,-1.3078438642682555,13.218375341273294,-0.0051422119140625
Altered-Easy,520__M_Left_little_finger_CR.BMP,False,0.7647572159767151,0.17198914289474487,7.3360438394908964,15.830459770114942,0.34527587890625,0.8742096424102783,0.15907630324363708,2.703074174187932,30.143712574850298,0.3330535888671875,0.10945242643356323,-0.012912839651107788,-4.632969665302964,14.313252804735356,-0.0122222900390625
Altered-Easy,578__M_Right_index_finger_Zcut.BMP,False,0.7176038026809692,0.22063596546649933,3.047376067467489,26.45614035087719,0.4306182861328125,0.7821187376976013,0.21227625012397766,2.20884249527949,32.2032967032967,0.4282989501953125,0.06451493501663208,-0.008359715342521667,-0.8385335721879987,5.747156352419509,-0.0023193359375
Altered-Easy,491__M_Left_little_finger_Zcut.BMP,False,0.6729214191436768,0.19264228641986847,2.744967559474297,31.06989247311828,0.36688232421875,0.724876880645752,0.187025785446167,2.172187643594135,35.295597484276726,0.3652801513671875,0.051955461502075195,-0.005616500973701477,-0.5727799158801621,4.225705011158446,-0.0016021728515625
Altered-Easy,205__F_Left_ring_finger_CR.BMP,False,0.5943463444709778,0.15079976618289948,5.025523327133869,17.517142857142858,0.3856048583984375,0.7082800269126892,0.13620242476463318,2.37144283574638,24.056603773584907,0.36676025390625,0.11393368244171143,-0.014597341418266296,-2.654080491387489,6.539460916442049,-0.0188446044921875
Altered-Easy,39__M_Left_little_finger_CR.BMP,False,0.6718977093696594,0.16896328330039978,2.5446562219339386,37.21052631578947,0.305816650390625,0.7137499451637268,0.16319219768047333,1.6103869961250064,46.98863636363637,0.3032073974609375,0.04185223579406738,-0.005771085619926453,-0.9342692258089322,9.778110047846894,-0.0026092529296875
Altered-Easy,583__M_Left_middle_finger_CR.BMP,False,0.7185836434364319,0.20792773365974426,3.2315532170526575,24.55504587155963,0.3683013916015625,0.7623343467712402,0.2018246352672577,2.637749120750293,29.09550561797753,0.36444091796875,0.04375070333480835,-0.006103098392486572,-0.5938040963023643,4.540459746417898,-0.0038604736328125
Altered-Easy,26__M_Right_thumb_finger_Obl.BMP,False,0.674643337726593,0.21021026372909546,4.903664234140314,16.468852459016393,0.3951873779296875,0.725432276725769,0.2029300034046173,4.422204119632259,19.258064516129032,0.3933563232421875,0.050788938999176025,-0.007280260324478149,-0.4814601145080557,2.789212057112639,-0.0018310546875
Altered-Easy,274__M_Left_index_finger_Zcut.BMP,False,0.6250263452529907,0.20145820081233978,1.6535322262876442,38.57534246575342,0.47089228322454524,0.7026547789573669,0.2001657485961914,1.6605653470204174,39.66935483870968,0.46250654564496424,0.07762843370437622,-0.0012924522161483765,0.007033120732773179,1.0940123729562572,-0.008385737579580999
Altered-Easy,39__M_Left_index_finger_CR.BMP,False,0.733836829662323,0.1797940731048584,3.6196397393859385,28.270440251572328,0.3583221435546875,0.7984898090362549,0.17162320017814636,1.954821894005213,42.83838383838384,0.35125732421875,0.06465297937393188,-0.008170872926712036,-1.6648178453807256,14.567943586811513,-0.0070648193359375
Altered-Easy,21__M_Left_little_finger_CR.BMP,False,0.6416317224502563,0.1771875023841858,2.569735151490032,23.958715596330276,0.3681488037109375,0.7130488157272339,0.1705828309059143,1.4546361331615478,30.9875,0.3671417236328125,0.07141709327697754,-0.006604671478271484,-1.1150990183284843,7.028784403669725,-0.001007080078125
Altered-Easy,278__M_Left_thumb_finger_Zcut.BMP,False,0.7203084826469421,0.21165749430656433,8.5857911828818,12.821782178217822,0.3430023193359375,0.7849127054214478,0.2033872753381729,6.851505047275385,15.29153605015674,0.3340606689453125,0.06460422277450562,-0.008270218968391418,-1.7342861356064159,2.4697538719389183,-0.008941650390625
Altered-Easy,349__M_Right_middle_finger_CR.BMP,False,0.5468993186950684,0.21265114843845367,6.608184874599065,13.137554585152838,0.3948516845703125,0.6127848625183105,0.20245979726314545,3.735643603703851,16.195121951219512,0.3839569091796875,0.06588554382324219,-0.010191351175308228,-2.872541270895214,3.0575673660666745,-0.010894775390625
Altered-Easy,399__M_Left_ring_finger_CR.BMP,False,0.623653769493103,0.14157110452651978,3.1851744606920516,24.83,0.3161773681640625,0.6887944340705872,0.1329318881034851,2.25744712175492,30.725490196078432,0.3109283447265625,0.06514066457748413,-0.008639216423034668,-0.9277273389371317,5.895490196078434,-0.0052490234375
Altered-Easy,500__M_Right_middle_finger_Obl.BMP,False,0.6457911133766174,0.1906440556049347,5.5931585133546795,15.280597014925373,0.3764801025390625,0.7210115194320679,0.18217670917510986,3.7650910579087378,19.84937238493724,0.3728485107421875,0.07522040605545044,-0.008467346429824829,-1.8280674554459417,4.568775370011867,-0.003631591796875
Altered-Easy,396__M_Right_thumb_finger_CR.BMP,False,0.5631012916564941,0.19905832409858704,11.197312644965209,8.974315068493151,0.381561279296875,0.6365582942962646,0.1876460611820221,8.698149591761375,10.361290322580645,0.3719024658203125,0.07345700263977051,-0.011412262916564941,-2.4991630532038336,1.3869752540874938,-0.0096588134765625
Altered-Easy,328__M_Right_little_finger_Zcut.BMP,False,0.616007924079895,0.1732247769832611,6.940455676814092,15.689768976897689,0.31878662109375,0.6665924787521362,0.16772451996803284,5.679903730445247,18.381889763779526,0.3170013427734375,0.05058455467224121,-0.0055002570152282715,-1.260551946368845,2.692120786881837,-0.0017852783203125
Altered-Easy,574__F_Right_index_finger_Zcut.BMP,False,0.5963593125343323,0.18380291759967804,6.931144550843594,14.688311688311689,0.3509529982236305,0.6676899790763855,0.1779361218214035,5.090415474863044,18.34246575342466,0.33810874161981413,0.07133066654205322,-0.005866795778274536,-1.8407290759805495,3.6541540651129694,-0.012844256603816384
Altered-Easy,154__F_Right_middle_finger_CR.BMP,False,0.6017054319381714,0.1462964117527008,1.4948381370579717,57.027027027027025,0.3417137566644319,0.6706677675247192,0.14077015221118927,1.3633609371844073,54.9264705882353,0.3244536190569809,0.06896233558654785,-0.005526259541511536,-0.13147719987356443,-2.1005564387917275,-0.017260137607450987
Altered-Easy,58__M_Right_middle_finger_CR.BMP,False,0.7392265796661377,0.21609753370285034,3.6887739580164283,24.212669683257918,0.4012451171875,0.7949458360671997,0.2086285799741745,2.869934565491907,29.40340909090909,0.3987579345703125,0.05571925640106201,-0.007468953728675842,-0.8188393925245214,5.190739407651172,-0.0024871826171875
Altered-Easy,74__F_Left_little_finger_CR.BMP,False,0.5433942675590515,0.13712801039218903,9.30561281583132,11.598837209302326,0.2590789794921875,0.6053004264831543,0.13061301410198212,6.9988634324340495,14.79607843137255,0.2550811767578125,0.06190615892410278,-0.006514996290206909,-2.306749383397271,3.1972412220702235,-0.003997802734375
Altered-Easy,481__F_Right_little_finger_Zcut.BMP,False,0.7129722833633423,0.1661895364522934,3.272251308900523,26.887179487179488,0.3497314453125,0.7960618734359741,0.15727123618125916,2.0841647820495766,40.56910569105691,0.3441009521484375,0.08308959007263184,-0.00891830027103424,-1.1880865268509466,13.681926203877424,-0.0056304931640625
Altered-Easy,251__M_Left_middle_finger_CR.BMP,False,0.6612567901611328,0.18845121562480927,4.97013908373081,19.344827586206897,0.3806915283203125,0.7234972715377808,0.1806553304195404,4.203039120594892,22.633333333333333,0.3775634765625,0.06224048137664795,-0.00779588520526886,-0.7670999631359185,3.288505747126436,-0.0031280517578125
Altered-Easy,485__M_Left_thumb_finger_Zcut.BMP,False,0.6136074066162109,0.1737375557422638,1.2008308451252758,49.37795275590551,0.479243463518579,0.6851217150688171,0.16454032063484192,0.9334363332045834,58.36734693877551,0.48463482357345644,0.0715143084526062,-0.009197235107421875,-0.2673945119206924,8.98939418287,0.005391360054877448
Altered-Easy,94__M_Right_index_finger_CR.BMP,False,0.6073570251464844,0.15158644318580627,0.7116677934740063,71.11111111111111,0.4288177490234375,0.7063574194908142,0.13995236158370972,0.6782807368270741,67.11842105263158,0.42742919921875,0.09900039434432983,-0.011634081602096558,-0.0333870566469322,-3.992690058479539,-0.0013885498046875
Altered-Easy,573__F_Right_ring_finger_Zcut.BMP,False,0.6808903217315674,0.20820912718772888,6.48519498250704,15.207100591715976,0.357635498046875,0.7382612228393555,0.20118699967861176,4.921217353766458,18.477443609022558,0.3534698486328125,0.057370901107788086,-0.0070221275091171265,-1.5639776287405818,3.2703430173065815,-0.0041656494140625
Altered-Easy,433__M_Right_thumb_finger_Obl.BMP,False,0.6693906784057617,0.18502788245677948,6.890466787109785,14.955431754874652,0.3631744384765625,0.7320763468742371,0.17571735382080078,5.366726296958855,18.26690391459075,0.358245849609375,0.06268566846847534,-0.009310528635978699,-1.5237404901509306,3.3114721597160965,-0.0049285888671875
Altered-Easy,228__M_Right_middle_finger_Zcut.BMP,False,0.6951889395713806,0.14676213264465332,3.1558185404339247,26.6625,0.4254913330078125,0.7916322350502014,0.13159967958927155,1.391552897814886,46.88695652173913,0.4057159423828125,0.0964432954788208,-0.015162453055381775,-1.7642656426190388,20.22445652173913,-0.019775390625
Altered-Easy,339__M_Right_middle_finger_CR.BMP,False,0.6680302619934082,0.23099857568740845,7.1559074299634595,13.50354609929078,0.40087890625,0.72362220287323,0.22243410348892212,6.335960438881162,14.286089238845145,0.39495849609375,0.05559194087982178,-0.008564472198486328,-0.8199469910822978,0.7825431395543649,-0.00592041015625
Altered-Easy,285__M_Right_index_finger_CR.BMP,False,0.7637889385223389,0.21357670426368713,4.450761117552456,24.557692307692307,0.4079742431640625,0.8262094855308533,0.20493169128894806,3.549312792629512,28.864485981308412,0.40411376953125,0.062420547008514404,-0.008645012974739075,-0.9014483249229439,4.306793673616106,-0.0038604736328125
Altered-Easy,210__M_Left_little_finger_Zcut.BMP,False,0.632611870765686,0.1976301670074463,5.5638964938620505,18.014084507042252,0.345550537109375,0.6980234384536743,0.1894647181034088,2.9577843506318904,24.122549019607842,0.340484619140625,0.06541156768798828,-0.008165448904037476,-2.60611214323016,6.10846451256559,-0.00506591796875
Altered-Easy,182__M_Right_index_finger_Zcut.BMP,False,0.7314005494117737,0.21918705105781555,1.4902646839666958,49.1640625,0.49024029985864714,0.832181990146637,0.21973711252212524,1.3706041478809738,54.673469387755105,0.4769400147941718,0.10078144073486328,0.0005500614643096924,-0.11966053608572191,5.509406887755105,-0.013300285064475337
Altered-Easy,209__F_Right_little_finger_Zcut.BMP,False,0.6507951021194458,0.17630386352539062,5.736032210027026,17.55504587155963,0.2766571044921875,0.7289120554924011,0.16959542036056519,3.5838279762571394,24.78,0.272491455078125,0.07811695337295532,-0.0067084431648254395,-2.1522042337698863,7.22495412844037,-0.0041656494140625
Altered-Easy,499__M_Right_thumb_finger_Zcut.BMP,False,0.7313603162765503,0.20064207911491394,0.7890583903208837,79.56842105263158,0.522125244140625,0.791102945804596,0.19649523496627808,0.6736274840013473,92.63513513513513,0.517124534874515,0.059742629528045654,-0.004146844148635864,-0.11543090631953634,13.066714082503552,-0.0050007092661099595
Altered-Easy,243__M_Left_index_finger_CR.BMP,False,0.5135794878005981,0.20814786851406097,5.702127659574468,12.248081841432224,0.35858154296875,0.5626291036605835,0.20260876417160034,4.647989424758006,13.140350877192983,0.3578338623046875,0.04904961585998535,-0.005539104342460632,-1.0541382348164623,0.8922690357607586,-0.0007476806640625
Altered-Easy,69__M_Left_thumb_finger_Zcut.BMP,False,0.6358209848403931,0.1987622082233429,5.39610178164395,16.846153846153847,0.3280181884765625,0.6950023770332336,0.19238367676734924,3.9906103286384975,20.140845070422536,0.32501220703125,0.059181392192840576,-0.006378531455993652,-1.4054914530054528,3.294691224268689,-0.0030059814453125
Altered-Easy,303__F_Left_little_finger_Obl.BMP,False,0.6557257175445557,0.18300268054008484,4.639049401806787,22.548895899053626,0.374969482421875,0.7105154991149902,0.17610882222652435,3.629838084750602,25.703252032520325,0.3741302490234375,0.05478978157043457,-0.006893858313560486,-1.009211317056185,3.154356133466699,-0.0008392333984375
Altered-Easy,112__M_Left_little_finger_Obl.BMP,False,0.6057759523391724,0.15439960360527039,4.042470290278589,19.20769230769231,0.31329345703125,0.666562020778656,0.1481620818376541,3.3790401567091086,22.870192307692307,0.31158447265625,0.06078606843948364,-0.006237521767616272,-0.6634301335694808,3.662499999999998,-0.001708984375
Altered-Easy,209__F_Left_little_finger_Obl.BMP,False,0.6237837076187134,0.13032859563827515,6.50110518788194,14.23076923076923,0.234710693359375,0.7022833824157715,0.1224958673119545,4.117170626349892,20.303703703703704,0.22607421875,0.0784996747970581,-0.007832728326320648,-2.3839345615320484,6.072934472934474,-0.008636474609375
Altered-Easy,570__M_Right_little_finger_Zcut.BMP,False,0.7068265676498413,0.1912321150302887,1.9560512735142335,37.49640287769784,0.36663818359375,0.7722482085227966,0.18524518609046936,1.384286253618021,46.23853211009175,0.3637542724609375,0.06542164087295532,-0.005986928939819336,-0.5717650198962125,8.742129232393907,-0.0028839111328125
Altered-Easy,258__M_Left_little_finger_Obl.BMP,False,0.6127346754074097,0.16714152693748474,5.7189916273962575,15.441717791411042,0.3335113525390625,0.6877483129501343,0.1575145125389099,3.2218901755696674,21.01826484018265,0.3267822265625,0.07501363754272461,-0.009627014398574829,-2.49710145182659,5.576547048771607,-0.0067291259765625
Altered-Easy,582__M_Right_ring_finger_Obl.BMP,False,0.6727933287620544,0.1979878693819046,4.945034044657461,17.588414634146343,0.4011383056640625,0.7317203879356384,0.1905059814453125,4.314623902252768,19.335664335664337,0.399627685546875,0.058927059173583984,-0.007481887936592102,-0.6304101424046937,1.747249701517994,-0.0015106201171875
Altered-Easy,528__F_Left_middle_finger_CR.BMP,False,0.7189769744873047,0.20669546723365784,5.299896587383661,18.826415094339623,0.3541259765625,0.7801710367202759,0.20006853342056274,3.4413660916535984,26.86263736263736,0.35028076171875,0.06119406223297119,-0.006626933813095093,-1.8585304957300628,8.036222268297738,-0.00384521484375
Altered-Easy,58__M_Right_index_finger_Obl.BMP,False,0.7151363492012024,0.20401619374752045,2.8529124986457695,28.719576719576718,0.4225311279296875,0.771135687828064,0.1964387744665146,2.318672559959423,33.51282051282051,0.421173095703125,0.05599933862686157,-0.007577419281005859,-0.5342399386863463,4.793243793243793,-0.0013580322265625
Altered-Easy,484__M_Left_index_finger_CR.BMP,False,0.6937295198440552,0.1993068903684616,2.6072529035316427,30.955307262569832,0.386260986328125,0.7494014501571655,0.19184722006320953,1.9126554032515142,40.14503816793893,0.3829345703125,0.05567193031311035,-0.007459670305252075,-0.6945975002801286,9.189730905369096,-0.003326416015625
Altered-Easy,310__M_Left_little_finger_CR.BMP,False,0.6464235186576843,0.16490553319454193,7.170386304562158,13.75897435897436,0.340484619140625,0.7581799030303955,0.1539275348186493,4.226387357589122,20.520491803278688,0.3321533203125,0.11175638437271118,-0.01097799837589264,-2.9439989469730365,6.761517444304328,-0.008331298828125
Altered-Easy,329__M_Right_middle_finger_Zcut.BMP,False,0.7165399789810181,0.22488433122634888,1.5776286076654191,44.598765432098766,0.4932708740234375,0.770616888999939,0.21699127554893494,1.3873901649452751,49.156028368794324,0.4949188232421875,0.0540769100189209,-0.00789305567741394,-0.190238442720144,4.557262936695558,0.00164794921875
Altered-Easy,479__F_Right_index_finger_Obl.BMP,False,0.6426776051521301,0.1815255582332611,3.0339059489155837,24.62008733624454,0.3721771240234375,0.7142908573150635,0.1725163757801056,2.022703818369453,33.859872611464965,0.3696441650390625,0.07161325216293335,-0.009009182453155518,-1.0112021305461307,9.239785275220424,-0.002532958984375
Altered-Easy,296__M_Left_thumb_finger_Zcut.BMP,False,0.663922905921936,0.21119332313537598,6.8212824010914055,14.333333333333334,0.335540771484375,0.7596266269683838,0.2019018530845642,4.3751454503141725,18.52093023255814,0.3278350830078125,0.09570372104644775,-0.009291470050811768,-2.446136950777233,4.187596899224806,-0.0077056884765625
Altered-Easy,62__M_Left_ring_finger_Obl.BMP,False,0.6046755313873291,0.1726457178592682,10.586851391974905,10.536448598130841,0.3502349853515625,0.6726806163787842,0.1633923500776291,8.465845464725644,12.176334106728538,0.3406524658203125,0.06800508499145508,-0.009253367781639099,-2.1210059272492607,1.6398855085976969,-0.00958251953125
Altered-Easy,539__F_Left_little_finger_Zcut.BMP,False,0.5234211683273315,0.14982187747955322,2.388344877000239,29.05421686746988,0.3194427490234375,0.5651313662528992,0.14504949748516083,1.653361046813737,31.619718309859156,0.3230133056640625,0.04171019792556763,-0.004772379994392395,-0.7349838301865022,2.5655014423892766,0.003570556640625
Altered-Easy,326__M_Left_ring_finger_CR.BMP,False,0.5574818253517151,0.16010570526123047,2.97603231120795,23.44375,0.2871246337890625,0.5925079584121704,0.15573301911354065,2.5678061306371367,23.848684210526315,0.2852325439453125,0.03502613306045532,-0.004372686147689819,-0.4082261805708134,0.4049342105263136,-0.00189208984375
Altered-Easy,133__M_Right_little_finger_Zcut.BMP,False,0.7503854036331177,0.180486798286438,1.834660404359153,45.344,0.4158477783203125,0.8298903703689575,0.17030511796474457,0.9757562110635742,67.83544303797468,0.406585693359375,0.07950496673583984,-0.01018168032169342,-0.8589041932955788,22.491443037974683,-0.0092620849609375
Altered-Easy,385__M_Right_middle_finger_Zcut.BMP,False,0.6737054586410522,0.18481668829917908,5.244466468450611,20.77777777777778,0.3695068359375,0.7383691072463989,0.17647215723991394,3.627720790592945,26.85201793721973,0.365936279296875,0.06466364860534668,-0.008344531059265137,-1.6167456778576659,6.074240159441953,-0.003570556640625
Altered-Easy,116__M_Left_index_finger_CR.BMP,False,0.6854691505432129,0.1985742747783661,5.690586419753086,17.628205128205128,0.31640625,0.7567527294158936,0.19090521335601807,3.9271513425948656,22.15730337078652,0.3108367919921875,0.07128357887268066,-0.0076690614223480225,-1.7634350771582206,4.529098242581391,-0.0055694580078125
Altered-Easy,576__M_Left_index_finger_Obl.BMP,False,0.6488763093948364,0.20297132432460785,6.693278496834806,14.638961038961039,0.3784332275390625,0.7183311581611633,0.1939309984445572,5.4541726471191305,17.629032258064516,0.3720855712890625,0.0694548487663269,-0.00904032588005066,-1.239105849715675,2.990071219103477,-0.00634765625
Altered-Easy,217__M_Right_ring_finger_Zcut.BMP,False,0.6012128591537476,0.17505903542041779,0.9336422421245548,60.93684210526316,0.4412689208984375,0.6609759330749512,0.17254918813705444,0.8110300081103,63.425,0.43041429319454805,0.05976307392120361,-0.0025098472833633423,-0.1226122340142548,2.488157894736837,-0.010854627703889452
Altered-Easy,83__M_Right_little_finger_Zcut.BMP,False,0.6605507731437683,0.20692217350006104,3.7232854270608384,20.40701754385965,0.409820556640625,0.7230417728424072,0.1999644935131073,2.5466257209197813,24.195652173913043,0.407440185546875,0.062490999698638916,-0.006957679986953735,-1.176659706141057,3.7886346300533944,-0.00238037109375
Altered-Easy,376__F_Left_thumb_finger_Obl.BMP,False,0.6555451154708862,0.18455350399017334,4.336409929980904,18.506711409395972,0.383544921875,0.7127432823181152,0.17541499435901642,2.9504486298601567,23.75,0.377532958984375,0.057198166847229004,-0.009138509631156921,-1.385961300120747,5.243288590604028,-0.006011962890625
Altered-Easy,429__M_Right_index_finger_Zcut.BMP,False,0.6330263018608093,0.21988238394260406,6.063926940639269,13.657142857142857,0.4177093505859375,0.6909745931625366,0.21155260503292084,5.532809560694921,14.676470588235293,0.4136810302734375,0.057948291301727295,-0.008329778909683228,-0.531117379944348,1.019327731092437,-0.0040283203125
Altered-Easy,375__M_Right_thumb_finger_CR.BMP,False,0.7189255952835083,0.20789101719856262,2.7668283808368708,31.627906976744185,0.402587890625,0.7879273295402527,0.19964754581451416,1.9105846388995031,40.6953125,0.399322509765625,0.06900173425674438,-0.008243471384048462,-0.8562437419373676,9.067405523255815,-0.003265380859375
Altered-Easy,32__M_Left_ring_finger_Zcut.BMP,False,0.6537904739379883,0.1424553394317627,4.075235109717868,24.213414634146343,0.29205322265625,0.7138792276382446,0.13533948361873627,2.8230531586236283,36.03809523809524,0.286468505859375,0.06008875370025635,-0.007115855813026428,-1.2521819510942396,11.824680603948895,-0.005584716796875
Altered-Easy,306__M_Right_middle_finger_Obl.BMP,False,0.5749967098236084,0.20079565048217773,15.78057486379861,7.034539473684211,0.32489013671875,0.6385020017623901,0.1911342889070511,12.011430231994964,8.149590163934427,0.3150482177734375,0.06350529193878174,-0.009661361575126648,-3.769144631803645,1.1150506902502162,-0.0098419189453125
Altered-Easy,456__M_Left_index_finger_CR.BMP,False,0.6491352319717407,0.19611816108226776,4.859379031564462,19.31048387096774,0.354827880859375,0.715304434299469,0.18826287984848022,3.2825630252100844,23.75263157894737,0.3486328125,0.06616920232772827,-0.007855281233787537,-1.5768160063543775,4.442147707979629,-0.006195068359375
Altered-Easy,410__M_Left_index_finger_Zcut.BMP,False,0.6748652458190918,0.2330085039138794,4.778485701585421,17.533527696793,0.41192626953125,0.724290132522583,0.22649326920509338,4.051291581490429,19.345394736842106,0.4105377197265625,0.04942488670349121,-0.006515234708786011,-0.7271941200949916,1.8118670400491048,-0.0013885498046875
Altered-Easy,334__F_Right_little_finger_Zcut.BMP,False,0.6795836687088013,0.18279105424880981,1.4979029358897544,39.90151515151515,0.356536865234375,0.7469871640205383,0.17635709047317505,0.8588114050154586,49.38235294117647,0.3553466796875,0.06740349531173706,-0.006433963775634766,-0.6390915308742958,9.480837789661322,-0.001190185546875
Altered-Easy,178__M_Left_index_finger_CR.BMP,False,0.674223780632019,0.1727466732263565,3.0267140413212266,24.264864864864865,0.3478546142578125,0.7435823678970337,0.16578012704849243,2.0288448815772067,30.422535211267604,0.3459625244140625,0.06935858726501465,-0.006966546177864075,-0.9978691597440199,6.157670346402739,-0.00189208984375
Altered-Easy,112__M_Left_index_finger_Obl.BMP,False,0.6212767362594604,0.1763046830892563,5.691617799241118,17.261290322580646,0.3538818359375,0.7043983936309814,0.16615712642669678,1.9964507542147294,29.9,0.34393310546875,0.083121657371521,-0.01014755666255951,-3.6951670450263885,12.638709677419353,-0.00994873046875
Altered-Easy,54__M_Right_middle_finger_Zcut.BMP,False,0.7281190156936646,0.20178958773612976,2.1619877379799934,46.12738853503185,0.472869873046875,0.8107677102088928,0.1938755065202713,1.7896940636185588,51.6796875,0.4650877909350755,0.08264869451522827,-0.00791408121585846,-0.3722936743614347,5.552298964968152,-0.007782082111799482
Altered-Easy,277__M_Left_ring_finger_Zcut.BMP,False,0.5450818538665771,0.14898847043514252,2.108061042115393,28.49462365591398,0.3329620361328125,0.5925721526145935,0.14280276000499725,1.5133449509309365,33.437086092715234,0.332733154296875,0.04749029874801636,-0.006185710430145264,-0.5947160911844567,4.942462436801254,-0.0002288818359375
Altered-Easy,291__M_Left_index_finger_Zcut.BMP,False,0.6690969467163086,0.18672499060630798,1.9660554507884285,36.69387755102041,0.3802947998046875,0.740575909614563,0.1788041591644287,1.0452681514834767,52.744897959183675,0.379547119140625,0.0714789628982544,-0.007920831441879272,-0.9207872993049517,16.051020408163268,-0.0007476806640625
Altered-Easy,131__M_Left_thumb_finger_CR.BMP,False,0.6470602750778198,0.16050338745117188,1.7927299080749133,42.659574468085104,0.4000396728515625,0.7247408032417297,0.1504860669374466,0.7974178849439909,66.25301204819277,0.4018402099609375,0.07768052816390991,-0.01001732051372528,-0.9953120231309224,23.59343758010767,0.001800537109375
Altered-Easy,179__M_Right_ring_finger_Zcut.BMP,False,0.5989077091217041,0.18600741028785706,13.963531669865644,7.87459807073955,0.3179931640625,0.6696996688842773,0.1767479032278061,10.952848722986248,9.332,0.3106689453125,0.07079195976257324,-0.009259507060050964,-3.0106829468793954,1.4574019292604508,-0.00732421875
Altered-Easy,256__M_Left_ring_finger_CR.BMP,False,0.718740701675415,0.21030734479427338,3.9642440730664594,22.1875,0.392608642578125,0.7763422131538391,0.20216816663742065,3.0625466253091993,27.517587939698494,0.3886260986328125,0.05760151147842407,-0.008139178156852722,-0.9016974477572601,5.330087939698494,-0.0039825439453125
Altered-Easy,438__M_Right_little_finger_CR.BMP,False,0.6521294116973877,0.12977749109268188,2.4345429490124024,31.56,0.332183837890625,0.7545296549797058,0.11826913058757782,1.5327564894932013,42.578947368421055,0.3086090087890625,0.10240024328231812,-0.011508360505104065,-0.9017864595192011,11.018947368421056,-0.0235748291015625
Altered-Easy,179__M_Right_thumb_finger_CR.BMP,False,0.6160269379615784,0.2142256498336792,8.692070030895984,11.085889570552148,0.3704071044921875,0.6642740964889526,0.20698073506355286,7.5906076656796095,11.965437788018432,0.3658599853515625,0.04824715852737427,-0.007244914770126343,-1.1014623652163742,0.8795482174662848,-0.004547119140625
Altered-Easy,388__F_Left_ring_finger_Obl.BMP,False,0.5537828207015991,0.12328210473060608,7.418080905112606,12.557640750670242,0.285919189453125,0.6758075952529907,0.10958404093980789,6.3561911746730235,14.749034749034749,0.249664306640625,0.1220247745513916,-0.013698063790798187,-1.0618897304395825,2.191393998364507,-0.0362548828125
Altered-Easy,271__M_Right_ring_finger_CR.BMP,False,0.6496667861938477,0.21469555795192719,8.891323585183937,10.651063829787233,0.3621063232421875,0.7190572619438171,0.20612649619579315,6.918050988598027,12.989189189189188,0.3573150634765625,0.06939047574996948,-0.008569061756134033,-1.9732725965859101,2.338125359401955,-0.004791259765625
Altered-Easy,46__M_Left_ring_finger_Zcut.BMP,False,0.6571166515350342,0.17871780693531036,1.910904096500657,48.291666666666664,0.3832855224609375,0.7466274499893188,0.16944736242294312,1.0420841683366733,68.7,0.380706787109375,0.08951079845428467,-0.009270444512367249,-0.8688199281639837,20.40833333333334,-0.0025787353515625
Altered-Easy,391__M_Left_ring_finger_Obl.BMP,False,0.5639605522155762,0.13658291101455688,1.7749055659218131,45.44761904761905,0.33921514141039893,0.636151909828186,0.1334756761789322,1.2379301807378065,50.78481012658228,0.3241573033707865,0.07219135761260986,-0.003107234835624695,-0.5369753851840067,5.3371910789632295,-0.015057838039612415
Altered-Easy,378__F_Right_index_finger_CR.BMP,False,0.5549619197845459,0.1641635149717331,17.117368274323947,6.8144876325088335,0.2736663818359375,0.6283992528915405,0.15261852741241455,12.261341741110527,8.257009345794392,0.2613372802734375,0.07343733310699463,-0.011544987559318542,-4.85602653321342,1.4425217132855588,-0.0123291015625
Altered-Easy,59__F_Left_thumb_finger_Zcut.BMP,False,0.6127208471298218,0.1705421805381775,0.9723572718433116,62.04477611940298,0.3295440673828125,0.644041895866394,0.16643159091472626,0.7417022065640646,65.8225806451613,0.32916259765625,0.031321048736572266,-0.004110589623451233,-0.23065506527924695,3.777804525758313,-0.0003814697265625
Altered-Easy,187__M_Right_middle_finger_Obl.BMP,False,0.6728172898292542,0.23258355259895325,8.470206967665906,11.828920570264765,0.414337158203125,0.7214766144752502,0.22494235634803772,7.577445954981056,12.562780269058296,0.410797119140625,0.048659324645996094,-0.007641196250915527,-0.8927610126848498,0.7338596987935304,-0.0035400390625
Altered-Easy,556__F_Left_index_finger_CR.BMP,False,0.6527870893478394,0.18179145455360413,2.4731684554363045,31.985401459854014,0.326995849609375,0.6977238655090332,0.17624229192733765,1.78211321108662,41.48543689320388,0.3253631591796875,0.04493677616119385,-0.0055491626262664795,-0.6910552443496845,9.500035433349868,-0.0016326904296875
Altered-Easy,190__M_Right_little_finger_Obl.BMP,False,0.7521858811378479,0.191700741648674,3.592814371257485,27.754285714285714,0.3440093994140625,0.8145244121551514,0.18381613492965698,1.3081329784834679,48.861702127659576,0.3382720947265625,0.06233853101730347,-0.007884606719017029,-2.284681392774017,21.107416413373862,-0.0057373046875
Altered-Easy,512__M_Right_thumb_finger_Obl.BMP,False,0.7266592383384705,0.21948584914207458,3.496997527375486,27.041284403669724,0.431976318359375,0.7854676842689514,0.21068602800369263,2.692934590036142,32.348571428571425,0.430633544921875,0.05880844593048096,-0.008799821138381958,-0.804062937339344,5.307287024901701,-0.0013427734375
Altered-Easy,208__M_Left_index_finger_Zcut.BMP,False,0.7345117330551147,0.20462045073509216,1.9119742070930494,37.68944099378882,0.407012939453125,0.7954604029655457,0.19750520586967468,1.278243542990338,50.162393162393165,0.4058685302734375,0.06094866991043091,-0.0071152448654174805,-0.6337306641027114,12.472952168604344,-0.0011444091796875
Altered-Easy,356__M_Left_little_finger_Obl.BMP,False,0.7345103025436401,0.20547807216644287,2.55653883972468,31.99367088607595,0.3879547119140625,0.7997418642044067,0.19851118326187134,1.6646848989298455,41.355932203389834,0.384979248046875,0.0652315616607666,-0.006966888904571533,-0.8918539407948347,9.362261317313884,-0.0029754638671875
Altered-Easy,504__M_Left_index_finger_Zcut.BMP,False,0.657522976398468,0.1994803100824356,6.739679865206403,14.947075208913649,0.4005753037217973,0.7330771684646606,0.19573059678077698,5.948532264321738,15.685430463576159,0.38524385991132365,0.07555419206619263,-0.0037497133016586304,-0.7911476008846652,0.7383552546625101,-0.015331443810473633
Altered-Easy,379__F_Right_ring_finger_Obl.BMP,False,0.511210560798645,0.1707688271999359,16.76837085277678,6.51617873651772,0.2975616455078125,0.5899215936660767,0.16145913302898407,14.167900190315077,7.097472924187725,0.28863525390625,0.07871103286743164,-0.009309694170951843,-2.600470662461703,0.5812941876700055,-0.0089263916015625
Altered-Easy,175__M_Right_ring_finger_Zcut.BMP,False,0.6921447515487671,0.19434364140033722,1.497967044725016,48.707692307692305,0.427825927734375,0.7626509666442871,0.18668264150619507,1.2147195426938193,59.450980392156865,0.427093505859375,0.07050621509552002,-0.007660999894142151,-0.28324750203119664,10.74328808446456,-0.000732421875
Altered-Easy,330__M_Right_thumb_finger_Obl.BMP,False,0.6566925048828125,0.20547574758529663,7.21416315707378,13.37641723356009,0.39129638671875,0.7221536636352539,0.19520023465156555,6.258470860240772,15.064690026954178,0.382781982421875,0.0654611587524414,-0.010275512933731079,-0.9556922968330079,1.6882727933940878,-0.008514404296875
Altered-Easy,400__M_Right_middle_finger_Zcut.BMP,False,0.70294189453125,0.21492061018943787,3.8938826012591434,22.276223776223777,0.4192962646484375,0.7597095966339111,0.20787271857261658,3.0977805313604723,26.353191489361702,0.4186859130859375,0.05676770210266113,-0.007047891616821289,-0.7961020698986712,4.076967713137925,-0.0006103515625
Altered-Easy,112__M_Left_little_finger_CR.BMP,False,0.5967335104942322,0.14466814696788788,6.027226436662164,16.27181208053691,0.293670654296875,0.658920407295227,0.13722823560237885,4.084230626425502,21.314553990610328,0.2876739501953125,0.06218689680099487,-0.007439911365509033,-1.9429958102366616,5.042741910073417,-0.0059967041015625
Altered-Easy,550__F_Left_thumb_finger_CR.BMP,False,0.6825076341629028,0.19918027520179749,8.332270543723165,12.960199004975124,0.3589324951171875,0.7574019432067871,0.18959259986877441,5.63355867568036,16.395424836601308,0.35211181640625,0.07489430904388428,-0.009587675333023071,-2.698711868042805,3.435225831626184,-0.0068206787109375
Altered-Easy,172__M_Right_little_finger_CR.BMP,False,0.6929751634597778,0.19351467490196228,2.367682949040178,31.9,0.4188995361328125,0.7806406021118164,0.18513120710849762,1.663138796492289,39.693430656934304,0.4107819390099994,0.08766543865203857,-0.00838346779346466,-0.7045441525478888,7.793430656934305,-0.008117597122813125
Altered-Easy,301__F_Right_little_finger_Obl.BMP,False,0.5975289344787598,0.14856687188148499,1.2576272765382643,31.458646616541355,0.3275909423828125,0.6570477485656738,0.14213423430919647,0.4678581454103116,44.214285714285715,0.326141357421875,0.05951881408691406,-0.006432637572288513,-0.7897691311279527,12.75563909774436,-0.0014495849609375
Altered-Easy,23__M_Right_ring_finger_Obl.BMP,False,0.5472607612609863,0.11896306276321411,4.419889502762431,16.921232876712327,0.3314208984375,0.6732816696166992,0.10194021463394165,3.3076074972436604,21.091503267973856,0.2629547119140625,0.1260209083557129,-0.01702284812927246,-1.1122820055187708,4.170270391261528,-0.0684661865234375
Altered-Easy,401__M_Left_little_finger_CR.BMP,False,0.589479923248291,0.16653186082839966,6.385298240149509,12.953416149068323,0.2939300537109375,0.659529447555542,0.15865971148014069,3.607235690414302,17.427272727272726,0.2876434326171875,0.07004952430725098,-0.007872149348258972,-2.778062549735207,4.473856578204403,-0.00628662109375
Altered-Easy,350__M_Right_index_finger_CR.BMP,False,0.7847301959991455,0.23342877626419067,1.6406066896574814,47.38181818181818,0.4557342529296875,0.8511924147605896,0.22540578246116638,1.0103051121438675,64.66233766233766,0.453094482421875,0.06646221876144409,-0.008022993803024292,-0.6303015775136138,17.28051948051948,-0.0026397705078125
Altered-Easy,94__M_Left_index_finger_CR.BMP,False,0.6227982044219971,0.12662802636623383,3.066629495400056,22.887254901960784,0.328399658203125,0.7154472470283508,0.11493948101997375,1.9328859060402686,29.559322033898304,0.2841949462890625,0.09264904260635376,-0.01168854534626007,-1.1337435893597874,6.672067131937521,-0.0442047119140625
Altered-Easy,474__M_Left_little_finger_Obl.BMP,False,0.6712633371353149,0.1428561508655548,6.398687448728466,17.06910569105691,0.2790069580078125,0.7634997367858887,0.13316306471824646,3.882164877825988,27.208333333333332,0.26727294921875,0.09223639965057373,-0.00969308614730835,-2.516522570902478,10.13922764227642,-0.0117340087890625
Altered-Easy,372__M_Left_index_finger_CR.BMP,False,0.5557364225387573,0.14342255890369415,1.6804957462451422,49.19178082191781,0.290557861328125,0.5962949991226196,0.13837066292762756,0.9507209633972429,64.22641509433963,0.2888946533203125,0.040558576583862305,-0.005051895976066589,-0.7297747828478993,15.034634272421819,-0.0016632080078125
Altered-Easy,550__F_Left_little_finger_Zcut.BMP,False,0.625853419303894,0.16995340585708618,5.249964527266708,16.197080291970803,0.3226165771484375,0.7119191884994507,0.16162827610969543,3.503047171169442,20.472906403940886,0.3179779052734375,0.08606576919555664,-0.008325129747390747,-1.7469173560972657,4.275826111970083,-0.004638671875
Altered-Easy,250__F_Right_ring_finger_CR.BMP,False,0.7089579701423645,0.18154674768447876,4.930156121610517,18.378947368421052,0.37139892578125,0.7805614471435547,0.1724986732006073,2.315302041675437,31.576158940397352,0.3624725341796875,0.07160347700119019,-0.00904807448387146,-2.6148540799350806,13.1972115719763,-0.0089263916015625
Altered-Easy,89__M_Right_thumb_finger_Zcut.BMP,False,0.5742970705032349,0.21773089468479156,13.008266543577694,7.478605388272583,0.3636322021484375,0.6146115660667419,0.21091601252555847,12.020558127681264,7.844020797227037,0.3592376708984375,0.04031449556350708,-0.006814882159233093,-0.9877084158964298,0.3654154089544539,-0.00439453125
Altered-Easy,556__F_Right_little_finger_Obl.BMP,False,0.5723488926887512,0.1584673821926117,3.2725572697522205,24.578231292517007,0.2937469482421875,0.6369419097900391,0.1528114378452301,2.2902352696231523,29.921739130434784,0.29315185546875,0.06459301710128784,-0.005655944347381592,-0.9823220001290682,5.343507837917777,-0.0005950927734375
Altered-Easy,309__M_Left_index_finger_Obl.BMP,False,0.7205368876457214,0.22798192501068115,2.555718419964671,27.091370558375633,0.4059906005859375,0.7713242769241333,0.2216789424419403,2.036122318162965,31.682926829268293,0.4046783447265625,0.050787389278411865,-0.006302982568740845,-0.5195961018017061,4.59155627089266,-0.001312255859375
Altered-Easy,92__F_Right_little_finger_CR.BMP,False,0.7052978873252869,0.1662897914648056,5.849013829063704,19.386281588447652,0.3365325927734375,0.7895655632019043,0.15685024857521057,3.0720536212995717,29.272189349112427,0.32781982421875,0.08426767587661743,-0.009439542889595032,-2.7769602077641324,9.885907760664775,-0.0087127685546875
Altered-Easy,173__F_Right_middle_finger_Zcut.BMP,False,0.5899771451950073,0.15343482792377472,0.6188836885467837,80.8970588235294,0.3944854736328125,0.6651256680488586,0.14459683001041412,0.30851104855192624,120.23255813953489,0.3956756591796875,0.07514852285385132,-0.008837997913360596,-0.3103726399948574,39.33549931600548,0.001190185546875
Altered-Easy,119__F_Right_thumb_finger_CR.BMP,False,0.589284360408783,0.17428700625896454,9.125685578651426,11.058064516129033,0.3310699462890625,0.6532716751098633,0.16658031940460205,8.357846570481392,11.854415274463006,0.3267974853515625,0.06398731470108032,-0.007706686854362488,-0.7678390081700339,0.7963507583339737,-0.0042724609375
Altered-Easy,405__M_Right_index_finger_CR.BMP,False,0.641663670539856,0.1971738636493683,2.6271471876052543,27.826271186440678,0.453033447265625,0.7170465588569641,0.18734915554523468,1.8092876767406016,35.68571428571428,0.455413818359375,0.07538288831710815,-0.009824708104133606,-0.8178595108646527,7.859443099273605,0.00238037109375
Altered-Easy,336__M_Left_index_finger_Zcut.BMP,False,0.7184677124023438,0.22119906544685364,2.946535881828403,28.529411764705884,0.3935699462890625,0.7712712287902832,0.21503283083438873,2.1364201367308886,34.5364238410596,0.392822265625,0.05280351638793945,-0.006166234612464905,-0.8101157450975145,6.007012076353718,-0.0007476806640625
Altered-Easy,139__M_Right_index_finger_CR.BMP,False,0.7426451444625854,0.22212007641792297,1.6692749087115284,41.99230769230769,0.4387664794921875,0.8014671802520752,0.2145458161830902,1.3294615680649338,47.909909909909906,0.4361419677734375,0.058822035789489746,-0.007574260234832764,-0.33981334064659463,5.917602217602216,-0.00262451171875
Altered-Easy,181__M_Right_index_finger_Obl.BMP,False,0.6368131637573242,0.1870359182357788,9.31545518701482,11.020356234096692,0.3243255615234375,0.7083721160888672,0.1796458661556244,6.822519083969465,13.82392026578073,0.31982421875,0.07155895233154297,-0.007390052080154419,-2.4929361030453547,2.8035640316840382,-0.0045013427734375
Altered-Easy,577__M_Left_thumb_finger_Zcut.BMP,False,0.5857316255569458,0.17928481101989746,20.884320443791808,5.657258064516129,0.2805633544921875,0.6523545980453491,0.16903221607208252,17.14708898256808,6.389718076285241,0.267852783203125,0.06662297248840332,-0.010252594947814941,-3.737231461223729,0.7324600117691116,-0.0127105712890625
Altered-Easy,476__M_Left_middle_finger_Zcut.BMP,False,0.708519697189331,0.22288179397583008,6.410016118753983,17.19628647214854,0.4070587158203125,0.7789009213447571,0.21275383234024048,5.111967344447411,20.79933110367893,0.3999786376953125,0.07038122415542603,-0.0101279616355896,-1.2980487743065723,3.6030446315303912,-0.007080078125
Altered-Easy,186__M_Left_index_finger_Obl.BMP,False,0.6449257135391235,0.17744269967079163,3.2853285328532853,24.835227272727273,0.33905029296875,0.726464033126831,0.17064112424850464,2.4221927699830905,30.485294117647058,0.3338775634765625,0.08153831958770752,-0.006801575422286987,-0.8631357628701948,5.650066844919785,-0.0051727294921875
Altered-Easy,27__M_Right_middle_finger_CR.BMP,False,0.5925970673561096,0.1645079255104065,3.853156624465427,20.46875,0.3603668212890625,0.6654086112976074,0.1565094292163849,2.7437194546857584,23.25862068965517,0.355926513671875,0.0728115439414978,-0.007998496294021606,-1.1094371697796688,2.789870689655171,-0.0044403076171875
Altered-Easy,139__M_Right_ring_finger_CR.BMP,False,0.7199840545654297,0.21466106176376343,2.9937959890347714,28.583732057416267,0.42303466796875,0.7857462167739868,0.20640981197357178,2.147641234711706,35.43827160493827,0.419189453125,0.06576216220855713,-0.00825124979019165,-0.8461547543230652,6.8545395475220054,-0.00384521484375
Altered-Easy,534__F_Left_ring_finger_Zcut.BMP,False,0.669524073600769,0.16392162442207336,5.148117446882772,17.799410029498524,0.3497467041015625,0.7422064542770386,0.15522752702236176,2.3214285714285716,27.236453201970445,0.341796875,0.07268238067626953,-0.008694097399711609,-2.8266888754542,9.43704317247192,-0.0079498291015625
Altered-Easy,88__F_Left_thumb_finger_Zcut.BMP,False,0.721382737159729,0.21566595137119293,4.796340023612751,19.837579617834393,0.41357421875,0.7827396392822266,0.20734700560569763,3.8557075594112633,24.502024291497975,0.4115753173828125,0.06135690212249756,-0.0083189457654953,-0.9406324642014874,4.664444673663581,-0.0019989013671875
Altered-Easy,567__M_Left_thumb_finger_CR.BMP,False,0.694970965385437,0.22067272663116455,12.214910303795186,9.756809338521402,0.338531494140625,0.7675259709358215,0.21175584197044373,9.08923133708591,11.887254901960784,0.330718994140625,0.07255500555038452,-0.008916884660720825,-3.125678966709277,2.130445563439382,-0.0078125
Altered-Easy,571__F_Left_index_finger_CR.BMP,False,0.6978178024291992,0.20460057258605957,9.922041105598867,11.543429844097995,0.344482421875,0.7686858177185059,0.1961519420146942,8.1429540827867,13.231382978723405,0.3372955322265625,0.07086801528930664,-0.008448630571365356,-1.779087022812167,1.6879531346254097,-0.0071868896484375
Altered-Easy,202__M_Left_ring_finger_Obl.BMP,False,0.6617293357849121,0.14081162214279175,3.90894458496206,19.388461538461538,0.3318023681640625,0.7676231265068054,0.1273774951696396,3.131154992172113,24.275449101796408,0.3021392822265625,0.10589379072189331,-0.01343412697315216,-0.7777895927899472,4.88698756333487,-0.0296630859375
Altered-Easy,145__M_Right_thumb_finger_CR.BMP,False,0.6527683138847351,0.2084076702594757,6.243337901629359,15.581047381546135,0.40081787109375,0.707414984703064,0.19867248833179474,4.914860681114551,18.307692307692307,0.394287109375,0.05464667081832886,-0.00973518192768097,-1.3284772205148077,2.7266449261461716,-0.00653076171875
Altered-Easy,552__M_Left_middle_finger_Obl.BMP,False,0.7059162855148315,0.19973304867744446,10.220125786163521,11.661469933184856,0.349365234375,0.8021421432495117,0.18894881010055542,6.410543775496481,15.444444444444445,0.3403778076171875,0.09622585773468018,-0.010784238576889038,-3.8095820106670404,3.7829745112595887,-0.0089874267578125
Altered-Easy,496__M_Right_thumb_finger_Zcut.BMP,False,0.7089487314224243,0.22801539301872253,4.860661049902786,20.11111111111111,0.4280364325673864,0.7658519744873047,0.22256805002689362,4.402352854130443,21.746268656716417,0.4231792848644248,0.05690324306488037,-0.0054473429918289185,-0.45830819577234294,1.6351575456053062,-0.004857147702961584
Altered-Easy,99__M_Right_middle_finger_Obl.BMP,False,0.5712339282035828,0.139642134308815,2.073357357950338,37.17796610169491,0.3090972900390625,0.6272827386856079,0.13279682397842407,1.2952077313938426,45.47826086956522,0.306304931640625,0.056048810482025146,-0.00684531033039093,-0.7781496265564953,8.300294767870305,-0.0027923583984375
Altered-Easy,109__F_Left_thumb_finger_CR.BMP,False,0.652511477470398,0.23743665218353271,7.626985375058972,11.456659619450317,0.38812255859375,0.70734703540802,0.2301398068666458,6.217864402726295,13.533854166666666,0.3828277587890625,0.05483555793762207,-0.007296845316886902,-1.4091209723326772,2.077194547216349,-0.0052947998046875
Altered-Easy,386__M_Right_ring_finger_Zcut.BMP,False,0.5860236883163452,0.15279430150985718,0.6883891693437356,66.27906976744185,0.39898681640625,0.6386517286300659,0.14471948146820068,0.5302026131414505,81.18461538461538,0.4029083251953125,0.0526280403137207,-0.008074820041656494,-0.15818655620228517,14.90554561717353,0.0039215087890625
Altered-Easy,72__M_Right_middle_finger_Obl.BMP,False,0.6622122526168823,0.18223842978477478,5.36389125929538,16.2682119205298,0.3755035400390625,0.7375194430351257,0.17172330617904663,3.4643960263794975,21.727272727272727,0.365570068359375,0.07530719041824341,-0.01051512360572815,-1.899495232915882,5.459060806742926,-0.0099334716796875
Altered-Easy,317__M_Left_index_finger_Zcut.BMP,False,0.7684673070907593,0.2072855532169342,1.8319623549696469,46.25984251968504,0.4247894287109375,0.8385232090950012,0.19895891845226288,1.0188487009679064,72.42307692307692,0.419342041015625,0.07005590200424194,-0.008326634764671326,-0.8131136540017405,26.163234403391883,-0.0054473876953125
Altered-Easy,125__M_Left_thumb_finger_CR.BMP,False,0.7065728902816772,0.21879489719867706,6.869685418673815,15.057057057057056,0.3642730712890625,0.7634619474411011,0.21068072319030762,4.918171796828627,19.23228346456693,0.359893798828125,0.05688905715942383,-0.008114174008369446,-1.951513621845188,4.175226407509873,-0.0043792724609375
Altered-Easy,451__M_Right_middle_finger_CR.BMP,False,0.7085520029067993,0.1972295641899109,1.744803519951449,38.863945578231295,0.40228271484375,0.7604892253875732,0.18970704078674316,1.3391490664217938,44.959349593495936,0.3988037109375,0.051937222480773926,-0.007522523403167725,-0.4056544535296551,6.095404015264641,-0.00347900390625
Altered-Easy,567__M_Right_index_finger_CR.BMP,False,0.7161382436752319,0.20505356788635254,5.72849593676451,17.880434782608695,0.3436126708984375,0.7828264236450195,0.1964653730392456,3.748024384736961,22.248826291079812,0.3379058837890625,0.0666881799697876,-0.008588194847106934,-1.980471552027549,4.368391508471117,-0.005706787109375
Altered-Easy,84__M_Left_little_finger_CR.BMP,False,0.5879999399185181,0.15652605891227722,4.654617479574152,23.385416666666668,0.3081512451171875,0.6672170162200928,0.14765362441539764,2.372658892422636,32.8046875,0.3022613525390625,0.07921707630157471,-0.008872434496879578,-2.281958587151516,9.419270833333332,-0.005889892578125
Altered-Easy,582__M_Right_ring_finger_CR.BMP,False,0.6738282442092896,0.19311204552650452,5.713385082154537,16.753709198813056,0.3872528076171875,0.7326996326446533,0.18493583798408508,5.003971405877681,18.644827586206898,0.38421630859375,0.05887138843536377,-0.008176207542419434,-0.7094136762768564,1.891118387393842,-0.0030364990234375
Altered-Easy,117__F_Right_ring_finger_Zcut.BMP,False,0.7240129709243774,0.19031736254692078,1.7822820199196228,42.80916030534351,0.4366302490234375,0.8310796618461609,0.19020338356494904,1.5921665406201488,58.03658536585366,0.41315966911704244,0.10706669092178345,-0.00011397898197174072,-0.19011547929947392,15.22742506051015,-0.02347057990639506
Altered-Easy,469__M_Right_ring_finger_Obl.BMP,False,0.7013194561004639,0.18788403272628784,2.7747867141555536,32.59493670886076,0.368438720703125,0.7678073644638062,0.18092980980873108,2.048580626280363,41.18333333333333,0.3649749755859375,0.06648790836334229,-0.006954222917556763,-0.7262060878751906,8.588396624472573,-0.0034637451171875
Altered-Easy,126__F_Left_thumb_finger_CR.BMP,False,0.6927831768989563,0.20126761496067047,4.722010662604721,19.677419354838708,0.40069580078125,0.7561076283454895,0.19474127888679504,3.833665845166843,23.637096774193548,0.3938586219647479,0.0633244514465332,-0.006526336073875427,-0.8883448174378783,3.95967741935484,-0.0068371788165020875
Altered-Easy,531__M_Right_index_finger_CR.BMP,False,0.7240785360336304,0.2100837379693985,2.1251393534002228,32.04761904761905,0.43798828125,0.7890830039978027,0.2017192542552948,1.9378479317877526,37.15217391304348,0.433074951171875,0.06500446796417236,-0.008364483714103699,-0.18729142161247014,5.104554865424426,-0.004913330078125
Altered-Easy,354__M_Right_thumb_finger_Obl.BMP,False,0.6453643441200256,0.17709574103355408,1.9147578185944258,40.22222222222222,0.4998759261228686,0.7540217638015747,0.17841817438602448,1.7802434379398857,44.33,0.4819137686797949,0.10865741968154907,0.001322433352470398,-0.13451438065454013,4.107777777777777,-0.017962157443073667
Altered-Easy,9__M_Left_index_finger_CR.BMP,False,0.5939472317695618,0.18669503927230835,3.543473661942035,23.251748251748253,0.28851318359375,0.6498578190803528,0.1818731725215912,2.7774810383506034,28.428571428571427,0.285675048828125,0.055910587310791016,-0.004821866750717163,-0.7659926235914316,5.176823176823174,-0.002838134765625
Altered-Easy,458__M_Left_little_finger_Zcut.BMP,False,0.6796140670776367,0.20613615214824677,2.3695746613482878,30.97093023255814,0.3863677978515625,0.7378604412078857,0.20003317296504974,1.858809570891833,35.013513513513516,0.3858184814453125,0.05824637413024902,-0.0061029791831970215,-0.5107650904564547,4.042583280955377,-0.00054931640625
Altered-Easy,460__M_Left_ring_finger_CR.BMP,False,0.7172085046768188,0.17333731055259705,5.360087960417812,18.564784053156146,0.33306884765625,0.8019857406616211,0.1626092791557312,3.0103480714957667,27.189473684210526,0.32440185546875,0.08477723598480225,-0.010728031396865845,-2.3497398889220453,8.62468963105438,-0.0086669921875
Altered-Easy,456__M_Right_ring_finger_Obl.BMP,False,0.6865096092224121,0.22704091668128967,5.468953458089959,15.65891472868217,0.4101409912109375,0.742861270904541,0.21777158975601196,4.333941605839416,17.933962264150942,0.4013671875,0.056351661682128906,-0.00926932692527771,-1.1350118522505426,2.2750475354687723,-0.0087738037109375
Altered-Easy,92__F_Left_index_finger_Obl.BMP,False,0.7685649991035461,0.18875375390052795,6.9110206096507465,16.68010752688172,0.3709259033203125,0.8475731611251831,0.17678357660770416,2.9903028749626213,29.73821989528796,0.3571929931640625,0.07900816202163696,-0.011970177292823792,-3.9207177346881252,13.058112368406238,-0.01373291015625
Altered-Easy,532__M_Left_middle_finger_Obl.BMP,False,0.7547779083251953,0.21184325218200684,3.190787060808333,27.46696035242291,0.416046142578125,0.8121246099472046,0.20311903953552246,2.4369530701916333,33.224043715846996,0.4132537841796875,0.05734670162200928,-0.008724212646484375,-0.7538339906166995,5.757083363424087,-0.0027923583984375
Altered-Easy,243__M_Left_ring_finger_CR.BMP,False,0.4785577058792114,0.18224382400512695,15.550487248600454,6.599667774086379,0.29437255859375,0.52995765209198,0.17256930470466614,12.104981253347615,7.38,0.284881591796875,0.051399946212768555,-0.009674519300460815,-3.445505995252839,0.7803322259136207,-0.009490966796875
Altered-Easy,304__M_Left_thumb_finger_CR.BMP,False,0.7148982286453247,0.21908369660377502,4.968433635922149,18.368932038834952,0.4084625244140625,0.7749083042144775,0.211330384016037,3.5041446872645063,22.42798353909465,0.40496826171875,0.06001007556915283,-0.007753312587738037,-1.4642889486576425,4.059051500259699,-0.0034942626953125
Altered-Easy,448__M_Left_little_finger_Zcut.BMP,False,0.7775479555130005,0.23479843139648438,1.9863693962121989,42.286764705882355,0.4455413818359375,0.841616153717041,0.22919310629367828,1.5481510150944724,54.46,0.43862275449101795,0.06406819820404053,-0.005605325102806091,-0.4382183811177265,12.173235294117646,-0.006918627344919548
Altered-Easy,494__F_Left_ring_finger_Zcut.BMP,False,0.6842568516731262,0.17121964693069458,3.495679497250589,26.979338842975206,0.38848876953125,0.7636127471923828,0.15947791934013367,1.1296243998870377,50.991379310344826,0.3782196044921875,0.07935589551925659,-0.011741727590560913,-2.3660550973635512,24.01204046736962,-0.0102691650390625
Altered-Easy,64__M_Right_ring_finger_CR.BMP,False,0.7133780717849731,0.17734843492507935,2.675408847690105,36.85897435897436,0.404937744140625,0.7883526086807251,0.16777744889259338,1.8201812597171136,51.556603773584904,0.4023895263671875,0.07497453689575195,-0.009570986032485962,-0.8552275879729911,14.697629414610546,-0.0025482177734375
Altered-Easy,438__M_Left_thumb_finger_Obl.BMP,False,0.7950441837310791,0.19026389718055725,4.62326627514682,23.09722222222222,0.3663482666015625,0.8602666854858398,0.17968550324440002,2.6356723124783965,32.94326241134752,0.3531494140625,0.06522250175476074,-0.010578393936157227,-1.9875939626684236,9.846040189125297,-0.0131988525390625
Altered-Easy,300__F_Left_middle_finger_Obl.BMP,False,0.5598335266113281,0.1614365577697754,5.737287743487716,13.401129943502825,0.3297882080078125,0.6323515772819519,0.15184150636196136,4.588252162691775,15.255555555555556,0.3192596435546875,0.07251805067062378,-0.009595051407814026,-1.1490355807959407,1.8544256120527312,-0.010528564453125
Altered-Easy,2__F_Right_index_finger_Obl.BMP,False,0.603663444519043,0.17608803510665894,4.297994269340974,17.974248927038627,0.330169677734375,0.6715555191040039,0.16876724362373352,3.5533944267813724,20.962162162162162,0.32635498046875,0.06789207458496094,-0.007320791482925415,-0.7445998425596012,2.9879132351235356,-0.003814697265625
Altered-Easy,310__M_Left_middle_finger_Obl.BMP,False,0.6181303858757019,0.14845159649848938,5.143836921318346,17.8393351800554,0.4004669189453125,0.7464706301689148,0.13061672449111938,2.7475857610408503,28.802139037433154,0.3776397705078125,0.1283402442932129,-0.017834872007369995,-2.396251160277496,10.962803857377754,-0.0228271484375
Altered-Easy,4__M_Right_middle_finger_CR.BMP,False,0.7566732168197632,0.21689538657665253,2.7835523765899723,30.28787878787879,0.4330596923828125,0.8332013487815857,0.20712459087371826,2.169351683914791,36.619354838709675,0.4290618896484375,0.07652813196182251,-0.009770795702934265,-0.6142006926751815,6.3314760508308865,-0.003997802734375
Altered-Easy,147__M_Left_ring_finger_CR.BMP,False,0.6461988091468811,0.18538987636566162,7.160608230487343,14.48849104859335,0.3622589111328125,0.7278202772140503,0.17473635077476501,3.6365210615178145,21.856540084388186,0.3524627685546875,0.08162146806716919,-0.010653525590896606,-3.5240871689695283,7.3680490357948365,-0.009796142578125
Altered-Easy,355__M_Right_thumb_finger_CR.BMP,False,0.7120179533958435,0.2204556167125702,0.42299906335921683,57.78048780487805,0.5050201416015625,0.7653174996376038,0.21205447614192963,0.3316149648789605,68.71428571428571,0.5061492919921875,0.053299546241760254,-0.008401140570640564,-0.0913840984802563,10.933797909407659,0.001129150390625
Altered-Easy,213__M_Left_middle_finger_Zcut.BMP,False,0.73891282081604,0.16264484822750092,5.24121500893389,22.16271186440678,0.3842926025390625,0.8402762413024902,0.1483561396598816,1.795856999665887,43.89393939393939,0.3653564453125,0.1013634204864502,-0.014288708567619324,-3.4453580092680025,21.73122752953261,-0.0189361572265625
Altered-Easy,131__M_Left_middle_finger_Obl.BMP,False,0.6483333706855774,0.13843728601932526,3.985526246787981,21.728323699421967,0.2909698486328125,0.7633947134017944,0.12819907069206238,1.8815181163315773,39.29545454545455,0.283843994140625,0.11506134271621704,-0.010238215327262878,-2.1040081304564033,17.56713084603258,-0.0071258544921875
Altered-Easy,483__M_Left_little_finger_CR.BMP,False,0.6067036986351013,0.17815640568733215,4.576758783018046,17.471947194719473,0.350067138671875,0.6699460744857788,0.17076414823532104,3.418575741431362,21.102127659574467,0.34368896484375,0.06324237585067749,-0.007392257452011108,-1.158183041586684,3.6301804648549947,-0.006378173828125
Altered-Easy,467__M_Right_thumb_finger_Obl.BMP,False,0.7160888910293579,0.2221750020980835,3.1109697033973203,26.22119815668203,0.4316253662109375,0.7836708426475525,0.21263691782951355,2.001000500250125,34.49677419354839,0.427032470703125,0.06758195161819458,-0.009538084268569946,-1.109969203147195,8.275576036866362,-0.0045928955078125
Altered-Easy,485__M_Right_thumb_finger_Obl.BMP,False,0.5732691884040833,0.20546899735927582,6.0276103441571065,14.346153846153847,0.3923797607421875,0.6295301914215088,0.19571800529956818,4.685223827709752,16.364864864864863,0.3875579833984375,0.05626100301742554,-0.009750992059707642,-1.3423865164473545,2.0187110187110164,-0.00482177734375
Altered-Easy,263__F_Right_thumb_finger_CR.BMP,False,0.5676524043083191,0.154258131980896,4.822625470001634,21.982142857142858,0.40889720750680997,0.665895938873291,0.15683245658874512,5.4475539414654985,19.276497695852534,0.3624818507404898,0.09824353456497192,0.002574324607849121,0.6249284714638641,-2.705645161290324,-0.04641535676632019
Altered-Easy,212__M_Right_little_finger_Obl.BMP,False,0.6243799924850464,0.12831826508045197,2.322340919647004,30.88679245283019,0.328521728515625,0.744684100151062,0.11543841660022736,1.6379122079056563,40.70967741935484,0.27947998046875,0.12030410766601562,-0.01287984848022461,-0.6844287117413477,9.82288496652465,-0.049041748046875
Altered-Easy,192__M_Right_middle_finger_Zcut.BMP,False,0.696912407875061,0.18801599740982056,3.960899741996439,23.741818181818182,0.4199066162109375,0.7793437838554382,0.17701183259487152,1.5918850881089885,41.52517985611511,0.41217041015625,0.0824313759803772,-0.011004164814949036,-2.3690146538874504,17.783361674296927,-0.0077362060546875
Altered-Easy,25__F_Right_little_finger_Zcut.BMP,False,0.6142565011978149,0.17583146691322327,2.879510483217853,28.233333333333334,0.339141845703125,0.6717551946640015,0.16844189167022705,1.626677511183408,38.4609375,0.3376922607421875,0.05749869346618652,-0.007389575242996216,-1.252832972034445,10.227604166666666,-0.0014495849609375
Altered-Easy,354__M_Left_index_finger_Obl.BMP,False,0.6305601000785828,0.1396557092666626,1.9944156362185879,27.298429319371728,0.382537841796875,0.7339076399803162,0.12664245069026947,0.7809288943690917,43.61764705882353,0.371246337890625,0.1033475399017334,-0.013013258576393127,-1.2134867418494961,16.3192177394518,-0.01129150390625
Altered-Easy,349__M_Left_index_finger_Obl.BMP,False,0.6718744039535522,0.16319717466831207,4.5840893897431,16.140151515151516,0.319549560546875,0.7600321769714355,0.15187372267246246,2.4173655648741983,23.395061728395063,0.309295654296875,0.0881577730178833,-0.01132345199584961,-2.1667238248689014,7.254910213243548,-0.01025390625
Altered-Easy,9__M_Left_ring_finger_Obl.BMP,False,0.5829145908355713,0.15187028050422668,2.096204766107679,41.37179487179487,0.276611328125,0.6256275177001953,0.14694400131702423,1.8868971641045564,51.0655737704918,0.2749481201171875,0.04271292686462402,-0.004926279187202454,-0.20930760200312237,9.693778898696934,-0.0016632080078125
Altered-Easy,586__M_Left_middle_finger_Zcut.BMP,False,0.6724491715431213,0.20510810613632202,7.360477033448244,14.684563758389261,0.327545166015625,0.7292306423187256,0.19828999042510986,6.273288995802084,15.74169741697417,0.3235015869140625,0.05678147077560425,-0.006818115711212158,-1.0871880376461593,1.0571336585849078,-0.0040435791015625
Altered-Easy,294__M_Right_index_finger_Obl.BMP,False,0.7040380239486694,0.20184364914894104,1.7888434579439252,39.917910447761194,0.41796875,0.7590640783309937,0.19460174441337585,1.1029411764705883,47.96261682242991,0.4150390625,0.05502605438232422,-0.0072419047355651855,-0.6859022814733369,8.044706374668714,-0.0029296875
Altered-Easy,322__M_Right_ring_finger_Obl.BMP,False,0.7480208873748779,0.20634377002716064,1.3746470500817358,51.05,0.41070556640625,0.7978383302688599,0.19951903820037842,0.8940545373267769,61.93684210526316,0.40960693359375,0.049817442893981934,-0.0068247318267822266,-0.48059251275495896,10.886842105263163,-0.0010986328125
Altered-Easy,520__M_Left_middle_finger_Obl.BMP,False,0.6227041482925415,0.1371191442012787,4.600420609884332,17.26764705882353,0.3482666015625,0.7527480721473694,0.1187715083360672,4.336706327143333,18.394618834080717,0.274444580078125,0.13004392385482788,-0.018347635865211487,-0.26371428274099884,1.1269717752571857,-0.073822021484375
Altered-Easy,433__M_Left_thumb_finger_CR.BMP,False,0.6885299682617188,0.20046645402908325,6.163064412582924,16.436305732484076,0.3565216064453125,0.7494126558303833,0.19255423545837402,4.312598013591218,21.192307692307693,0.35028076171875,0.06088268756866455,-0.007912218570709229,-1.8504663989917054,4.756001959823617,-0.0062408447265625
Altered-Easy,78__F_Right_thumb_finger_Zcut.BMP,False,0.6380416750907898,0.201633483171463,3.9657853810264387,22.715481171548117,0.3924560546875,0.7052299380302429,0.19376729428768158,2.736726874657909,29.305084745762713,0.390289306640625,0.06718826293945312,-0.007866188883781433,-1.2290585063685295,6.589603574214596,-0.002166748046875
Altered-Easy,109__F_Left_index_finger_Zcut.BMP,False,0.6497012376785278,0.20126616954803467,1.7599079432768132,30.10232558139535,0.4508514404296875,0.7125300765037537,0.19362349808216095,1.247807905031701,38.563291139240505,0.45245361328125,0.06282883882522583,-0.007642671465873718,-0.5121000382451122,8.460965557845157,0.0016021728515625
Altered-Easy,76__F_Right_little_finger_Obl.BMP,False,0.6211887001991272,0.16214856505393982,11.8453203017104,9.372641509433961,0.287261962890625,0.703056812286377,0.152161106467247,6.927263730826324,13.214814814814815,0.2775421142578125,0.08186811208724976,-0.00998745858669281,-4.918056570884076,3.8421733053808538,-0.0097198486328125
Altered-Easy,90__M_Right_ring_finger_Zcut.BMP,False,0.7859559059143066,0.2173749953508377,3.1863277572597584,33.25837320574163,0.421417236328125,0.8491573929786682,0.2089739292860031,1.4670823399963322,52.968503937007874,0.4160308837890625,0.06320148706436157,-0.008401066064834595,-1.7192454172634262,19.710130731266247,-0.0053863525390625
Altered-Easy,198__M_Left_thumb_finger_Zcut.BMP,False,0.7097117304801941,0.16004788875579834,4.498405904703673,20.592741935483872,0.3493804931640625,0.8351308703422546,0.14845497906208038,1.7392855550104804,40.439655172413794,0.3421478271484375,0.12541913986206055,-0.011592909693717957,-2.7591203496931924,19.84691323692992,-0.007232666015625
Altered-Easy,369__F_Left_little_finger_Zcut.BMP,False,0.6226012706756592,0.14130821824073792,3.8485294816363376,21.691244239631338,0.3211517333984375,0.7506014704704285,0.13002781569957733,1.9885917630435919,30.869918699186993,0.2915802001953125,0.1280001997947693,-0.011280402541160583,-1.8599377185927457,9.178674459555655,-0.029571533203125
Altered-Easy,424__M_Right_thumb_finger_Obl.BMP,False,0.5353125929832458,0.1879768669605255,16.21361558816454,6.165178571428571,0.3171539306640625,0.5788357257843018,0.18033206462860107,15.33169533169533,6.435351882160393,0.310516357421875,0.04352313280105591,-0.0076448023319244385,-0.8819202564692095,0.2701733107318214,-0.0066375732421875
Altered-Easy,561__M_Left_thumb_finger_Obl.BMP,False,0.6292104721069336,0.22191213071346283,6.054743479507022,13.592592592592593,0.4259033203125,0.6985955238342285,0.21211668848991394,5.236363636363636,14.979651162790697,0.41961669921875,0.06938505172729492,-0.00979544222354889,-0.8183798431433855,1.3870585701981035,-0.00628662109375
Altered-Easy,369__F_Left_index_finger_Zcut.BMP,False,0.6854743957519531,0.16949129104614258,5.205912429115925,19.232456140350877,0.328277587890625,0.7680116891860962,0.16110777854919434,2.2316129338587913,32.40157480314961,0.3213653564453125,0.08253729343414307,-0.008383512496948242,-2.9742994952571333,13.16911866279873,-0.0069122314453125
Altered-Easy,293__F_Right_thumb_finger_Obl.BMP,False,0.7043982744216919,0.20554429292678833,5.294884327142392,17.929032258064517,0.3746337890625,0.7483010292053223,0.19753187894821167,4.9650378584136705,19.492753623188406,0.3687896728515625,0.04390275478363037,-0.00801241397857666,-0.3298464687287215,1.5637213651238895,-0.0058441162109375
Altered-Easy,196__M_Left_thumb_finger_Zcut.BMP,False,0.7058374881744385,0.18643493950366974,7.614735542292652,15.93208430913349,0.3707122802734375,0.7798648476600647,0.17729955911636353,5.85189239253989,19.80851063829787,0.3624420166015625,0.07402735948562622,-0.009135380387306213,-1.7628431497527624,3.8764263291643815,-0.008270263671875
Altered-Easy,528__F_Left_ring_finger_Zcut.BMP,False,0.6965140700340271,0.20408713817596436,9.517396184062852,12.755208333333334,0.3398895263671875,0.7857130169868469,0.1951703429222107,5.416073805480332,18.57831325301205,0.3324432373046875,0.08919894695281982,-0.008916795253753662,-4.10132237858252,5.823104919678714,-0.0074462890625
Altered-Easy,233__M_Right_ring_finger_Obl.BMP,False,0.7236776351928711,0.193729966878891,4.576468630387751,24.698744769874477,0.36676025390625,0.7855281233787537,0.18634584546089172,2.9834439868896547,30.462365591397848,0.363128662109375,0.06185048818588257,-0.007384121417999268,-1.5930246434980964,5.7636208215233715,-0.003631591796875
Altered-Easy,343__M_Left_ring_finger_CR.BMP,False,0.5758514404296875,0.20700415968894958,3.08237378210806,22.212698412698412,0.4306793212890625,0.6284464001655579,0.19948500394821167,2.114922751550346,27.550420168067227,0.4256744384765625,0.05259495973587036,-0.007519155740737915,-0.9674510305577142,5.337721755368815,-0.0050048828125
Altered-Easy,217__M_Left_little_finger_Zcut.BMP,False,0.6645811796188354,0.19914135336875916,2.0011435105774726,28.63372093023256,0.373626708984375,0.7050711512565613,0.19455605745315552,1.553683866219642,33.90780141843972,0.373199462890625,0.04048997163772583,-0.004585295915603638,-0.4474596443578307,5.274080488207158,-0.00042724609375
Altered-Easy,444__M_Right_little_finger_Obl.BMP,False,0.7318201065063477,0.20068249106407166,1.8594714353536952,42.42635658914729,0.38568115234375,0.793009340763092,0.19357344508171082,1.3945889947005619,53.07142857142857,0.3829498291015625,0.061189234256744385,-0.00710904598236084,-0.46488244065313333,10.64507198228128,-0.0027313232421875
Altered-Easy,293__F_Right_thumb_finger_CR.BMP,False,0.72981858253479,0.21050870418548584,4.860945095226712,19.563333333333333,0.382965087890625,0.7728418111801147,0.20366495847702026,4.375577054313355,22.365758754863812,0.3801116943359375,0.04302322864532471,-0.006843745708465576,-0.4853680409133565,2.8024254215304794,-0.0028533935546875
Altered-Easy,34__M_Left_ring_finger_Zcut.BMP,False,0.6818900108337402,0.18256454169750214,3.111820824632519,31.497326203208555,0.3726654052734375,0.7532404661178589,0.1747814565896988,2.03336376462777,42.43609022556391,0.367706298828125,0.07135045528411865,-0.007783085107803345,-1.078457060004749,10.938764022355354,-0.0049591064453125
Altered-Easy,152__M_Left_index_finger_CR.BMP,False,0.6392908692359924,0.18643996119499207,8.818420701019908,12.62849872773537,0.3426055908203125,0.7218337655067444,0.177832692861557,6.270162206370121,15.6,0.3358306884765625,0.08254289627075195,-0.008607268333435059,-2.5482584946497875,2.9715012722646303,-0.00677490234375
Altered-Easy,144__M_Left_little_finger_Obl.BMP,False,0.5213755369186401,0.13838152587413788,5.6051945168988295,13.13888888888889,0.2749481201171875,0.562097430229187,0.13165131211280823,3.856405603130494,17.151515151515152,0.2690582275390625,0.040721893310546875,-0.006730213761329651,-1.7487889137683355,4.012626262626263,-0.005889892578125
Altered-Easy,155__M_Left_index_finger_CR.BMP,False,0.666141152381897,0.1965409517288208,2.5518341307814993,24.678260869565218,0.3826904296875,0.7209092378616333,0.19037868082523346,1.7607042817126852,30.416666666666668,0.381317138671875,0.05476808547973633,-0.006162270903587341,-0.7911298490688141,5.73840579710145,-0.001373291015625
Altered-Easy,12__M_Right_ring_finger_CR.BMP,False,0.7273979187011719,0.19639870524406433,5.3554637995176,19.643333333333334,0.3732452392578125,0.7975812554359436,0.18696558475494385,3.2057954119655276,28.02970297029703,0.3665008544921875,0.07018333673477173,-0.009433120489120483,-2.1496683875520723,8.386369636963696,-0.006744384765625
Altered-Easy,236__M_Right_middle_finger_Zcut.BMP,False,0.7588894367218018,0.21530574560165405,1.2640893289792479,52.84615384615385,0.4345550537109375,0.8449741005897522,0.20775669813156128,0.7036802476954471,85.43333333333334,0.433685302734375,0.08608466386795044,-0.0075490474700927734,-0.5604090812838007,32.58717948717949,-0.0008697509765625
Altered-Easy,320__M_Right_little_finger_Zcut.BMP,False,0.6294703483581543,0.1648070514202118,2.9929730198664006,30.51923076923077,0.351776123046875,0.7082138061523438,0.1578872948884964,1.5917230401910067,41.36448598130841,0.3451080322265625,0.07874345779418945,-0.006919756531715393,-1.4012499796753939,10.845255212077642,-0.0066680908203125
Altered-Easy,99__M_Left_little_finger_Obl.BMP,False,0.6447768211364746,0.1930367797613144,6.406548916670374,14.567796610169491,0.3429718017578125,0.7099272012710571,0.18515178561210632,4.8283019719326745,16.820689655172412,0.3381500244140625,0.06515038013458252,-0.007884994149208069,-1.5782469447376997,2.2528930450029208,-0.00482177734375
Altered-Easy,246__M_Left_ring_finger_CR.BMP,False,0.6433243751525879,0.1866925060749054,7.3661516349263385,12.426020408163266,0.3397216796875,0.7107067108154297,0.17911243438720703,5.162410343094705,15.056105610561056,0.3339996337890625,0.0673823356628418,-0.007580071687698364,-2.2037412918316335,2.6300852023977903,-0.0057220458984375
Altered-Easy,72__M_Right_thumb_finger_CR.BMP,False,0.6579936146736145,0.21771970391273499,4.533023639156333,17.99685534591195,0.41231078158789003,0.7113019824028015,0.21205054223537445,4.1255397902529305,19.071428571428573,0.4066988647055134,0.05330836772918701,-0.005669161677360535,-0.4074838489034027,1.0745732255166232,-0.005611916882376611
Altered-Easy,139__M_Right_little_finger_Zcut.BMP,False,0.6860498189926147,0.1984204649925232,3.406768112650466,27.058536585365854,0.403106689453125,0.7449029684066772,0.1917012482881546,2.507217748062604,32.46666666666667,0.40167236328125,0.0588531494140625,-0.006719216704368591,-0.8995503645878618,5.408130081300815,-0.001434326171875
Altered-Easy,7__M_Right_little_finger_CR.BMP,False,0.5478153228759766,0.15149229764938354,2.8074397152454003,25.386503067484664,0.3043670654296875,0.6014355421066284,0.14562025666236877,1.8536145483693203,31.904,0.3045806884765625,0.053620219230651855,-0.0058720409870147705,-0.95382516687608,6.517496932515336,0.000213623046875
Altered-Easy,482__M_Left_index_finger_Zcut.BMP,False,0.6271331310272217,0.1560986042022705,5.281009832123996,16.544025157232703,0.3553924560546875,0.745939314365387,0.14503063261508942,3.138485680659082,23.756218905472636,0.3500518798828125,0.11880618333816528,-0.011067971587181091,-2.1425241514649143,7.212193748239933,-0.005340576171875
Altered-Easy,214__M_Left_thumb_finger_Obl.BMP,False,0.6066632270812988,0.20135365426540375,7.453759087144565,11.934911242603551,0.331634521484375,0.6643229722976685,0.19611875712871552,6.646525679758308,12.94314381270903,0.3282928466796875,0.05765974521636963,-0.005234897136688232,-0.8072334073862573,1.0082325701054788,-0.0033416748046875
Altered-Easy,367__M_Left_ring_finger_Obl.BMP,False,0.5573906898498535,0.1760212779045105,11.289501688798408,9.057239057239057,0.3297882080078125,0.6127241849899292,0.17024773359298706,9.152035861038476,9.81573896353167,0.3267822265625,0.055333495140075684,-0.0057735443115234375,-2.1374658277599323,0.758499906292613,-0.0030059814453125
Altered-Easy,548__F_Left_index_finger_CR.BMP,False,0.6608892679214478,0.14876478910446167,3.573451867346494,25.25943396226415,0.3501434326171875,0.7474393248558044,0.13734552264213562,1.5078821110349554,38.775,0.3339385986328125,0.08655005693435669,-0.01141926646232605,-2.0655697563115387,13.515566037735848,-0.016204833984375
Altered-Easy,322__M_Left_index_finger_CR.BMP,False,0.757200300693512,0.2154044657945633,3.944442113213881,24.95673076923077,0.3636322021484375,0.8145867586135864,0.20796449482440948,2.731424181639708,30.58282208588957,0.3575286865234375,0.05738645792007446,-0.007439970970153809,-1.2130179315741731,5.626091316658801,-0.006103515625
Altered-Easy,453__F_Right_little_finger_Zcut.BMP,False,0.5866334438323975,0.15483058989048004,4.157200174022333,20.369565217391305,0.3156585693359375,0.6481381058692932,0.1482870876789093,3.1992244304411055,25.08839779005525,0.314788818359375,0.06150466203689575,-0.00654350221157074,-0.9579757435812275,4.7188325726639455,-0.0008697509765625
Altered-Easy,578__M_Right_ring_finger_Obl.BMP,False,0.5991782546043396,0.15211832523345947,6.326274228284278,15.785498489425981,0.340087890625,0.7036018371582031,0.14136353135108948,3.5114921561473915,22.22429906542056,0.3345947265625,0.10442358255386353,-0.010754793882369995,-2.814782072136887,6.438800575994579,-0.0054931640625
Altered-Easy,415__M_Left_ring_finger_Zcut.BMP,False,0.6851931214332581,0.18618786334991455,3.236973429843097,29.0,0.3394012451171875,0.7397799491882324,0.18074184656143188,2.484977183391316,35.53061224489796,0.3377227783203125,0.054586827754974365,-0.005446016788482666,-0.7519962464517809,6.530612244897959,-0.001678466796875
Altered-Easy,436__M_Left_little_finger_CR.BMP,False,0.6435308456420898,0.18030120432376862,6.025881655635682,15.701149425287356,0.308929443359375,0.7128713726997375,0.17356620728969574,4.774589134040308,18.917874396135264,0.3036041259765625,0.0693405270576477,-0.006734997034072876,-1.2512925215953734,3.216724970847908,-0.0053253173828125
Altered-Easy,449__F_Left_thumb_finger_CR.BMP,False,0.6444281339645386,0.14632835984230042,3.54132183686824,24.335849056603774,0.3964080810546875,0.7552437782287598,0.13022874295711517,1.72900940412432,36.32666666666667,0.3618316650390625,0.11081564426422119,-0.01609961688518524,-1.81231243274392,11.990817610062894,-0.034576416015625
Altered-Easy,274__M_Left_ring_finger_CR.BMP,False,0.6498091816902161,0.22629588842391968,6.0921577315019935,14.492822966507177,0.41326904296875,0.7060942649841309,0.21814118325710297,4.719808210967935,17.00589970501475,0.4073486328125,0.056285083293914795,-0.008154705166816711,-1.3723495205340583,2.5130767385075714,-0.00592041015625
Altered-Easy,545__M_Left_ring_finger_Zcut.BMP,False,0.6106838583946228,0.19130495190620422,5.591017099193961,15.96808510638298,0.3274993896484375,0.6579869985580444,0.18600565195083618,4.869825810076793,17.616,0.32586669921875,0.04730314016342163,-0.005299299955368042,-0.7211912891171686,1.6479148936170205,-0.0016326904296875
Altered-Easy,439__M_Right_thumb_finger_Obl.BMP,False,0.633846640586853,0.18341997265815735,11.148272017837234,9.885658914728682,0.3421783447265625,0.7040148973464966,0.1742570996284485,8.297062023939064,11.933333333333334,0.3365478515625,0.07016825675964355,-0.009162873029708862,-2.85120999389817,2.047674418604652,-0.0056304931640625
Altered-Easy,62__M_Left_little_finger_Obl.BMP,False,0.5870059728622437,0.15334641933441162,3.556095233965046,22.664,0.3518524169921875,0.6655580997467041,0.14444169402122498,2.5176889351912144,29.941860465116278,0.3515167236328125,0.07855212688446045,-0.008904725313186646,-1.0384062987738316,7.277860465116277,-0.000335693359375
Altered-Easy,497__M_Left_little_finger_Obl.BMP,False,0.5416218042373657,0.14463075995445251,1.0354110581901015,62.16923076923077,0.29473876953125,0.5952849388122559,0.14038525521755219,0.6715569790267589,64.91666666666667,0.295379638671875,0.05366313457489014,-0.00424550473690033,-0.36385407916334256,2.747435897435899,0.000640869140625
Altered-Easy,470__F_Right_ring_finger_CR.BMP,False,0.5839850902557373,0.16446499526500702,0.9954124469834674,38.14545454545455,0.352569580078125,0.621253252029419,0.15976163744926453,0.6003945449867055,45.13793103448276,0.355804443359375,0.03726816177368164,-0.004703357815742493,-0.3950179019967619,6.992476489028213,0.00323486328125
Altered-Easy,509__M_Left_ring_finger_Obl.BMP,False,0.6424493193626404,0.1320507526397705,4.024144869215292,17.97244094488189,0.3109283447265625,0.7674071788787842,0.11800330877304077,2.553376432878796,25.87857142857143,0.2808685302734375,0.1249578595161438,-0.014047443866729736,-1.4707684363364963,7.906130483689541,-0.030059814453125
Altered-Easy,535__M_Right_thumb_finger_Zcut.BMP,False,0.6704524755477905,0.2436409443616867,1.628256513026052,36.583333333333336,0.4873046875,0.715169370174408,0.23871959745883942,1.4817617201046691,40.42580645161291,0.4893472592912572,0.04471689462661743,-0.00492134690284729,-0.1464947929213829,3.842473118279571,0.0020425717912572194
Altered-Easy,449__F_Left_thumb_finger_Obl.BMP,False,0.6391696333885193,0.14374759793281555,2.9407212505804052,27.611353711790393,0.39434814453125,0.7429827451705933,0.1274186372756958,1.7530357448264067,38.715328467153284,0.35687255859375,0.10381311178207397,-0.01632896065711975,-1.1876855057539986,11.103974755362891,-0.0374755859375
Altered-Easy,588__M_Left_ring_finger_CR.BMP,False,0.6925525665283203,0.2115797996520996,2.150224133532563,31.349726775956285,0.4186859130859375,0.754068911075592,0.2039766162633896,1.8288222384784198,36.64900662251656,0.41717529296875,0.06151634454727173,-0.007603183388710022,-0.32140189505414307,5.299279846560275,-0.0015106201171875
Altered-Easy,281__M_Right_index_finger_Zcut.BMP,False,0.6915404200553894,0.21273508667945862,4.475183075671278,18.79154078549849,0.412567138671875,0.7413694858551025,0.2064865380525589,4.152300448596745,20.848797250859107,0.4115753173828125,0.049829065799713135,-0.006248548626899719,-0.32288262707453264,2.0572564653606165,-0.0009918212890625
Altered-Easy,388__F_Right_index_finger_Obl.BMP,False,0.6241854429244995,0.15569356083869934,1.3574309649394973,40.10738255033557,0.3934326171875,0.7114400863647461,0.1441081166267395,0.6525911708253359,56.020833333333336,0.397491455078125,0.08725464344024658,-0.011585444211959839,-0.7048397941141614,15.913450782997764,0.004058837890625
Altered-Easy,600__M_Right_little_finger_Zcut.BMP,False,0.4485572576522827,0.13640570640563965,11.630123927550049,8.75916230366492,0.2400970458984375,0.4938037693500519,0.13158951699733734,10.232977217145063,8.92156862745098,0.237091064453125,0.045246511697769165,-0.004816189408302307,-1.3971467104049857,0.16240632378606001,-0.0030059814453125
Altered-Easy,293__F_Right_index_finger_Zcut.BMP,False,0.6669982671737671,0.19444888830184937,4.716787662524097,20.63821138211382,0.3720245361328125,0.7344373464584351,0.18690887093544006,3.7376268123382754,22.410138248847925,0.3715057373046875,0.06743907928466797,-0.007540017366409302,-0.9791608501858216,1.7719268667341055,-0.000518798828125
Altered-Easy,369__F_Right_little_finger_Obl.BMP,False,0.6512025594711304,0.15014931559562683,3.328736506728803,25.95977011494253,0.3208770751953125,0.7374327182769775,0.14089451730251312,2.2084805653710244,33.97560975609756,0.3109130859375,0.08623015880584717,-0.009254798293113708,-1.1202559413577786,8.015839641155033,-0.0099639892578125
Altered-Easy,364__M_Right_thumb_finger_Zcut.BMP,False,0.729276716709137,0.22122909128665924,4.820807952464591,20.416949152542372,0.4083099365234375,0.7766608595848083,0.21422705054283142,4.528273642453501,21.907749077490774,0.4077301025390625,0.04738414287567139,-0.00700204074382782,-0.2925343100110904,1.4907999249484014,-0.000579833984375
Altered-Easy,376__F_Right_ring_finger_Obl.BMP,False,0.5690521001815796,0.1555296778678894,0.8410428931875525,47.53225806451613,0.3809967041015625,0.6179637908935547,0.14849279820919037,0.6331117442228553,57.526881720430104,0.3856201171875,0.0489116907119751,-0.007036879658699036,-0.20793114896469722,9.994623655913976,0.0046234130859375
Altered-Easy,41__M_Left_ring_finger_Zcut.BMP,False,0.6326625943183899,0.15283486247062683,5.9248845149628435,17.32421875,0.30389404296875,0.7251296639442444,0.14414939284324646,3.8976357761936513,24.205882352941178,0.2975311279296875,0.09246706962585449,-0.008685469627380371,-2.027248738769192,6.8816636029411775,-0.0063629150390625
Altered-Easy,163__M_Left_thumb_finger_Obl.BMP,False,0.6845455169677734,0.16261731088161469,7.493443237167479,14.949832775919733,0.3258056640625,0.7868849635124207,0.15130193531513214,4.493404841281345,20.96446700507614,0.3158111572265625,0.10233944654464722,-0.011315375566482544,-3.0000383958861336,6.0146342291564086,-0.0099945068359375
Altered-Easy,246__M_Right_little_finger_Obl.BMP,False,0.635148286819458,0.18538375198841095,3.6491536601450867,19.22178988326848,0.3470611572265625,0.6855005025863647,0.17928478121757507,2.34192037470726,24.225641025641025,0.3453216552734375,0.05035221576690674,-0.0060989707708358765,-1.3072332854378268,5.003851142372543,-0.001739501953125
Altered-Easy,373__M_Left_thumb_finger_Zcut.BMP,False,0.6598978638648987,0.21509158611297607,10.30640668523677,11.392523364485982,0.383453369140625,0.7159658074378967,0.20630404353141785,8.785717164389634,12.702991452991453,0.3786163330078125,0.05606794357299805,-0.008787542581558228,-1.5206895208471352,1.3104680885054716,-0.0048370361328125
Altered-Easy,193__M_Left_index_finger_Zcut.BMP,False,0.6895458698272705,0.22308993339538574,3.3168087306965295,26.32367149758454,0.4278411865234375,0.7495871186256409,0.21548433601856232,2.2552353678181496,34.76158940397351,0.4262542724609375,0.06004124879837036,-0.007605597376823425,-1.06157336287838,8.437917906388968,-0.0015869140625
Altered-Easy,552__M_Left_little_finger_CR.BMP,False,0.582984209060669,0.18813833594322205,8.726945569050832,12.14698795180723,0.339202880859375,0.6445252895355225,0.18162427842617035,7.657945118059987,13.226158038147139,0.334747314453125,0.061541080474853516,-0.006514057517051697,-1.0690004509908446,1.079170086339909,-0.00445556640625
Altered-Easy,435__F_Right_index_finger_CR.BMP,False,0.6818114519119263,0.20781037211418152,1.17191314821446,41.11486486486486,0.4687347412109375,0.7410551309585571,0.19991031289100647,0.8726567550096962,50.33913043478261,0.47210693359375,0.05924367904663086,-0.007900059223175049,-0.2992563932047638,9.224265569917748,0.0033721923828125
Altered-Easy,184__M_Right_little_finger_CR.BMP,False,0.7518696784973145,0.22334399819374084,4.101540849129808,25.161290322580644,0.4129486083984375,0.8033760786056519,0.21638503670692444,3.257087867347694,29.429951690821255,0.412261962890625,0.0515064001083374,-0.006958961486816406,-0.8444529817821143,4.268661368240611,-0.0006866455078125
Altered-Easy,527__M_Right_middle_finger_Zcut.BMP,False,0.7509335875511169,0.19009992480278015,2.781442784295546,33.13368983957219,0.4279022216796875,0.8470568060874939,0.1788625568151474,1.0851871947911014,62.04255319148936,0.4218292236328125,0.09612321853637695,-0.011237367987632751,-1.6962555895044447,28.90886335191717,-0.006072998046875
Altered-Easy,265__M_Right_little_finger_Zcut.BMP,False,0.6710042357444763,0.13403058052062988,4.1826923076923075,20.780701754385966,0.3173828125,0.793470025062561,0.12031932175159454,3.5203639514731373,25.00632911392405,0.28173828125,0.12246578931808472,-0.01371125876903534,-0.6623283562191702,4.225627359538084,-0.03564453125
Altered-Easy,366__M_Left_thumb_finger_Obl.BMP,False,0.7270159125328064,0.22881925106048584,4.168387847835067,22.629787234042553,0.4063262939453125,0.7914853096008301,0.22072654962539673,2.6914329037149356,30.365269461077844,0.40252685546875,0.06446939706802368,-0.008092701435089111,-1.4769549441201315,7.735482227035291,-0.0037994384765625
Altered-Easy,164__M_Left_ring_finger_CR.BMP,False,0.5826338529586792,0.13924799859523773,7.044090790503522,14.17117117117117,0.23394775390625,0.6836398839950562,0.13312748074531555,4.890621902055383,16.971751412429377,0.2308807373046875,0.10100603103637695,-0.00612051784992218,-2.153468888448139,2.8005802412582064,-0.0030670166015625
Altered-Easy,538__M_Right_index_finger_Obl.BMP,False,0.6911574006080627,0.20576444268226624,1.2505719078847035,44.4822695035461,0.5002593994140625,0.7769647240638733,0.19961121678352356,1.016260162601626,51.308411214953274,0.4977867712153788,0.08580732345581055,-0.006153225898742676,-0.2343117452830774,6.826141711407175,-0.002472628198683713
Altered-Easy,508__F_Right_index_finger_Obl.BMP,False,0.6899468898773193,0.1770513653755188,0.6522093592043046,62.86274509803921,0.4679107666015625,0.7834196090698242,0.16446082293987274,0.4925137903861308,72.45569620253164,0.4647216796875,0.09347271919250488,-0.012590542435646057,-0.15969556881817376,9.592951104492428,-0.0031890869140625
Altered-Easy,12__M_Right_thumb_finger_Zcut.BMP,False,0.7704645991325378,0.22383517026901245,3.332954588493732,28.38532110091743,0.4028778076171875,0.8198965191841125,0.21659383177757263,2.6608887368381042,33.522222222222226,0.4014129638671875,0.04943192005157471,-0.007241338491439819,-0.6720658516556277,5.1369011213047955,-0.00146484375
Altered-Easy,109__F_Left_index_finger_CR.BMP,False,0.6391125321388245,0.2025223672389984,2.142289485504993,26.669527896995707,0.4416046142578125,0.7001434564590454,0.19504112005233765,1.5551024639734594,31.085106382978722,0.4415435791015625,0.06103092432022095,-0.007481247186660767,-0.5871870215315336,4.415578485983016,-6.103515625e-05
Altered-Easy,150__M_Left_index_finger_Zcut.BMP,False,0.7019976377487183,0.21671457588672638,2.771013519187169,30.2875,0.363433837890625,0.7492339015007019,0.21167226135730743,2.3589873204431524,33.673758865248224,0.3622283935546875,0.04723626375198364,-0.005042314529418945,-0.4120261987440168,3.386258865248223,-0.0012054443359375
Altered-Easy,258__M_Right_middle_finger_CR.BMP,False,0.5685211420059204,0.14346365630626678,1.0462877709885328,57.48351648351648,0.364593505859375,0.6381334066390991,0.13438312709331512,0.7660226402246999,67.48571428571428,0.358551025390625,0.06961226463317871,-0.00908052921295166,-0.28026513076383286,10.002197802197799,-0.00604248046875
Altered-Easy,559__M_Left_thumb_finger_Obl.BMP,False,0.6297819018363953,0.2018987536430359,5.824877865464112,14.509383378016086,0.406036376953125,0.6964815258979797,0.19263648986816406,4.923496439933343,16.421221864951768,0.40289306640625,0.06669962406158447,-0.009262263774871826,-0.9013814255307686,1.9118384869356824,-0.003143310546875
Altered-Easy,78__F_Left_middle_finger_CR.BMP,False,0.6002241969108582,0.17201507091522217,3.068941580504914,31.17616580310881,0.4176483154296875,0.6831852793693542,0.161953866481781,1.798693194332281,41.666666666666664,0.415679931640625,0.0829610824584961,-0.010061204433441162,-1.270248386172633,10.490500863557855,-0.0019683837890625
Altered-Easy,50__M_Left_middle_finger_CR.BMP,False,0.5879778265953064,0.14440777897834778,1.4301337595692774,53.632183908045974,0.362762451171875,0.6427130699157715,0.13609251379966736,0.800606775661554,69.63934426229508,0.36212158203125,0.05473524332046509,-0.00831526517868042,-0.6295269839077233,16.00716035424911,-0.000640869140625
Altered-Easy,273__M_Left_little_finger_CR.BMP,False,0.7176294326782227,0.18590089678764343,4.837090444464725,19.563492063492063,0.334381103515625,0.785320520401001,0.17703628540039062,2.353716518382526,31.068493150684933,0.3241424560546875,0.06769108772277832,-0.008864611387252808,-2.483373926082199,11.50500108719287,-0.0102386474609375
Altered-Easy,178__M_Right_index_finger_Obl.BMP,False,0.5678403377532959,0.14336949586868286,0.3969986899043233,73.19402985074628,0.3843536376953125,0.6203977465629578,0.13701847195625305,0.3641513251062108,89.38775510204081,0.3817165274066752,0.052557408809661865,-0.00635102391242981,-0.03284736479811251,16.193725251294538,-0.002637110288637279
Altered-Easy,143__M_Right_index_finger_Zcut.BMP,False,0.6514698266983032,0.19330406188964844,3.87157326659106,20.56972111553785,0.3901824951171875,0.7223829030990601,0.18430215120315552,2.9571800331204168,25.42408376963351,0.386993408203125,0.07091307640075684,-0.00900191068649292,-0.9143932334706433,4.8543626540956595,-0.0031890869140625
Altered-Easy,587__M_Left_middle_finger_CR.BMP,False,0.7238730788230896,0.21227988600730896,8.331588863303327,12.953995157384988,0.3644561767578125,0.7968924045562744,0.20338940620422363,4.919786096256685,18.95131086142322,0.3566741943359375,0.07301932573318481,-0.008890479803085327,-3.411802767046643,5.9973157040382326,-0.007781982421875
Altered-Easy,502__F_Right_ring_finger_Zcut.BMP,False,0.5168536901473999,0.1487259864807129,2.319026722323308,34.10945273631841,0.4276885986328125,0.5857579708099365,0.13675659894943237,1.1104171004233465,46.53488372093023,0.439727783203125,0.06890428066253662,-0.011969387531280518,-1.2086096218999614,12.425430984611822,0.0120391845703125
Altered-Easy,547__M_Left_ring_finger_CR.BMP,False,0.6379138231277466,0.18510845303535461,4.5421945971790585,18.234782608695653,0.382965087890625,0.7015625238418579,0.17862558364868164,4.006443352195284,20.177474402730375,0.37458033573141486,0.06364870071411133,-0.006482869386672974,-0.5357512449837749,1.9426917940347224,-0.00838475215921014
Altered-Easy,75__F_Right_thumb_finger_CR.BMP,False,0.6939092874526978,0.1717912256717682,3.188368830506313,31.96385542168675,0.3589324951171875,0.7634495496749878,0.16271664202213287,2.151462994836489,41.49593495934959,0.3546142578125,0.06954026222229004,-0.009074583649635315,-1.036905835669824,9.532079537662842,-0.0043182373046875
Altered-Easy,385__M_Right_little_finger_CR.BMP,False,0.7107998728752136,0.1900540590286255,7.014467338886454,16.578635014836795,0.348052978515625,0.7875303626060486,0.18083664774894714,4.2746460058776385,23.4025974025974,0.342681884765625,0.07673048973083496,-0.009217411279678345,-2.7398213330088153,6.823962387760606,-0.00537109375
Altered-Easy,179__M_Left_index_finger_Zcut.BMP,False,0.5294586420059204,0.1783289611339569,10.301192219201004,9.543424317617866,0.29180908203125,0.5881772041320801,0.17099806666374207,8.028925400116979,10.72140762463343,0.2869720458984375,0.05871856212615967,-0.007330894470214844,-2.2722668190840256,1.1779833070155643,-0.0048370361328125
Altered-Easy,25__F_Left_middle_finger_Zcut.BMP,False,0.6168469190597534,0.17276103794574738,6.111851477413722,15.01497005988024,0.3320465087890625,0.6652239561080933,0.16499489545822144,4.987531172069826,17.38909090909091,0.330413818359375,0.048377037048339844,-0.00776614248752594,-1.124320305343896,2.374120849210671,-0.0016326904296875
Altered-Easy,74__F_Right_index_finger_Obl.BMP,False,0.7049217224121094,0.18920525908470154,2.654042034287354,26.324675324675326,0.425445556640625,0.7803499698638916,0.17839057743549347,2.1732043898728675,31.823204419889503,0.4212799072265625,0.07542824745178223,-0.010814681649208069,-0.4808376444144864,5.498529095214177,-0.0041656494140625
Altered-Easy,34__M_Right_little_finger_Zcut.BMP,False,0.601178765296936,0.1607733517885208,2.122605751250821,32.94117647058823,0.3019256591796875,0.6405079364776611,0.15674924850463867,1.8220467658669908,36.36065573770492,0.301483154296875,0.0393291711807251,-0.004024103283882141,-0.3005589853838304,3.419479267116685,-0.0004425048828125
Altered-Easy,233__M_Left_little_finger_Obl.BMP,False,0.6581331491470337,0.17256994545459747,4.785097838161155,21.033457249070633,0.357147216796875,0.7235800623893738,0.1642460972070694,3.4189495277575963,27.13705583756345,0.3570404052734375,0.06544691324234009,-0.008323848247528076,-1.3661483104035588,6.103598588492819,-0.0001068115234375
Altered-Easy,537__M_Right_ring_finger_Obl.BMP,False,0.6492459774017334,0.16096985340118408,2.1190930281839373,36.30057803468208,0.3600311279296875,0.7161206007003784,0.15247996151447296,1.244902339557845,47.32283464566929,0.3554534912109375,0.06687462329864502,-0.00848989188671112,-0.8741906886260924,11.022256610987206,-0.00457763671875
Altered-Easy,315__F_Left_ring_finger_Zcut.BMP,False,0.5785719156265259,0.18186506628990173,2.487562189054726,25.984251968503937,0.40484619140625,0.6549010276794434,0.17097145318984985,1.2203958659090042,31.541666666666668,0.4001007080078125,0.07632911205291748,-0.01089361310005188,-1.267166323145722,5.557414698162731,-0.0047454833984375
Altered-Easy,392__M_Right_ring_finger_Zcut.BMP,False,0.7384076118469238,0.2277214378118515,4.561746497230368,19.81290322580645,0.4214630126953125,0.7987646460533142,0.2193041443824768,3.7975607974877676,22.190298507462686,0.417877197265625,0.06035703420639038,-0.008417293429374695,-0.7641856997426006,2.3773952816562343,-0.0035858154296875
Altered-Easy,238__M_Left_thumb_finger_CR.BMP,False,0.6607460379600525,0.2007731795310974,3.9687171705381115,21.222627737226276,0.3921661376953125,0.7309514284133911,0.19291381537914276,3.643629525152797,25.031111111111112,0.38946533203125,0.07020539045333862,-0.007859364151954651,-0.3250876453853144,3.8084833738848367,-0.0027008056640625
Altered-Easy,50__M_Left_middle_finger_Obl.BMP,False,0.612008810043335,0.15158873796463013,0.6710879519974735,85.15517241379311,0.38653564453125,0.6675338745117188,0.1433401256799698,0.2745528710385943,117.17948717948718,0.3890380859375,0.05552506446838379,-0.00824861228466034,-0.3965350809588792,32.02431476569407,0.00250244140625
Altered-Medium,234__M_Right_thumb_finger_Zcut.BMP,False,0.7085484862327576,0.1928989142179489,1.9466548273624535,35.74757281553398,0.4560193116337019,0.7765093445777893,0.1846362203359604,1.5883100381194408,39.27683615819209,0.45032186283080344,0.06796085834503174,-0.008262693881988525,-0.3583447892430127,3.529263342658112,-0.005697448802898464
Altered-Medium,449__F_Left_middle_finger_Zcut.BMP,False,0.6697577238082886,0.15426623821258545,4.410231737631305,22.837545126353792,0.380584716796875,0.7531306743621826,0.14263226091861725,2.084462417142619,34.355828220858896,0.3660125732421875,0.08337295055389404,-0.0116339772939682,-2.325769320488686,11.518283094505104,-0.0145721435546875
Altered-Medium,385__M_Left_thumb_finger_Zcut.BMP,False,0.7730501890182495,0.23374547064304352,3.2698122494901907,27.827004219409282,0.433990478515625,0.8311477899551392,0.22492864727973938,2.6575954076751356,33.13989637305699,0.4306182861328125,0.05809760093688965,-0.008816823363304138,-0.6122168418150551,5.312892153647709,-0.0033721923828125
Altered-Medium,456__M_Left_little_finger_Zcut.BMP,False,0.6215352416038513,0.18122892081737518,3.6400315761775284,21.455696202531644,0.347930908203125,0.6821786761283875,0.17513495683670044,2.6192866809272273,25.277486910994764,0.3495330810546875,0.06064343452453613,-0.006093963980674744,-1.020744895250301,3.8217907084631193,0.0016021728515625
Altered-Medium,214__M_Left_middle_finger_Obl.BMP,False,0.5802924633026123,0.16029098629951477,4.636027281237463,16.482142857142858,0.3423004150390625,0.6466749906539917,0.15152791142463684,3.5579174923437216,20.8,0.33880615234375,0.0663825273513794,-0.00876307487487793,-1.0781097888937414,4.317857142857143,-0.0034942626953125
Altered-Medium,124__M_Left_thumb_finger_Zcut.BMP,False,0.6867902278900146,0.20162345468997955,3.7965865552072446,28.385281385281385,0.4625646478805162,0.7733989357948303,0.19607780873775482,3.4321954859168065,29.91959798994975,0.4500050364301783,0.08660870790481567,-0.0055456459522247314,-0.3643910692904382,1.5343166046683656,-0.012559611450337904
Altered-Medium,226__M_Right_ring_finger_CR.BMP,False,0.6006330251693726,0.17051830887794495,4.763027587833059,26.727699530516432,0.3235626220703125,0.6358366012573242,0.1647871434688568,3.285557830579496,31.393063583815028,0.3204498291015625,0.03520357608795166,-0.005731165409088135,-1.4774697572535627,4.665364053298596,-0.00311279296875
Altered-Medium,55__M_Left_index_finger_CR.BMP,False,0.6881420612335205,0.16159211099147797,4.036406806489909,18.810526315789474,0.385589599609375,0.807708203792572,0.14830580353736877,1.9771617641124963,31.72108843537415,0.3781585693359375,0.11956614255905151,-0.013286307454109192,-2.0592450423774125,12.910562119584675,-0.0074310302734375
Altered-Medium,8__M_Left_little_finger_Obl.BMP,False,0.5605025887489319,0.13398073613643646,4.755985515862292,16.515151515151516,0.2823333740234375,0.63460773229599,0.12592634558677673,3.5989147887713857,19.43708609271523,0.2755889892578125,0.0741051435470581,-0.008054390549659729,-1.1570707270909066,2.9219345775637144,-0.006744384765625
Altered-Medium,69__M_Left_ring_finger_CR.BMP,False,0.6992515325546265,0.19627037644386292,1.5318512983373809,35.92638036809816,0.4084014892578125,0.7686585783958435,0.18731021881103516,0.9756463657172877,43.968503937007874,0.4066314697265625,0.06940704584121704,-0.008960157632827759,-0.5562049326200932,8.042123568909716,-0.00177001953125
Altered-Medium,273__M_Right_index_finger_Zcut.BMP,False,0.6671381592750549,0.23022964596748352,5.472414563323655,15.725212464589235,0.409881591796875,0.7280433177947998,0.22245603799819946,4.362542309138774,18.25085910652921,0.405731201171875,0.06090515851974487,-0.007773607969284058,-1.1098722541848813,2.5256466419399732,-0.004150390625
Altered-Medium,456__M_Left_thumb_finger_CR.BMP,False,0.686545729637146,0.20219436287879944,10.730308496369272,10.58980044345898,0.3299102783203125,0.7618067264556885,0.19231590628623962,8.113494021635983,13.19186046511628,0.32159423828125,0.07526099681854248,-0.009878456592559814,-2.616814474733289,2.6020600216572998,-0.0083160400390625
Altered-Medium,269__M_Right_ring_finger_Zcut.BMP,False,0.5223995447158813,0.14722084999084473,6.0664626617276,13.981308411214954,0.2842254638671875,0.5614354610443115,0.14186236262321472,5.1395801774507675,18.042735042735043,0.28204345703125,0.039035916328430176,-0.005358487367630005,-0.9268824842768328,4.061426631520089,-0.0021820068359375
Altered-Medium,405__M_Left_thumb_finger_CR.BMP,False,0.657707691192627,0.1714116930961609,3.5262689225289403,26.305019305019304,0.4283905029296875,0.7468314170837402,0.15845787525177002,2.2570937231298367,35.327777777777776,0.4259033203125,0.08912372589111328,-0.01295381784439087,-1.2691751993991036,9.022758472758472,-0.0024871826171875
Altered-Medium,197__M_Right_thumb_finger_Obl.BMP,False,0.7920516133308411,0.22830337285995483,0.9402152768771884,73.73170731707317,0.47064208984375,0.8490762710571289,0.21915286779403687,0.649709255108339,94.43548387096774,0.4697113037109375,0.05702465772628784,-0.009150505065917969,-0.29050602176884943,20.70377655389457,-0.0009307861328125
Altered-Medium,507__M_Right_index_finger_CR.BMP,False,0.6577380895614624,0.20561622083187103,1.420262410388205,34.535714285714285,0.4626914712186879,0.7268218994140625,0.19722840189933777,0.8198681378744919,41.766666666666666,0.4637233469568799,0.0690838098526001,-0.008387818932533264,-0.6003942725137132,7.230952380952381,0.0010318757381919674
Altered-Medium,350__M_Right_thumb_finger_Zcut.BMP,False,0.719636082649231,0.22267365455627441,3.075791514827321,26.28352490421456,0.4631834863805999,0.7861118316650391,0.22044256329536438,2.774221084080239,27.764705882352942,0.45371072633090737,0.0664757490158081,-0.002231091260910034,-0.3015704307470819,1.481180978138383,-0.009472760049692552
Altered-Medium,289__F_Right_ring_finger_CR.BMP,False,0.536846399307251,0.19259972870349884,14.10764325055561,7.1523642732049035,0.315826416015625,0.5992082357406616,0.18314194679260254,12.123328676910797,7.511857707509882,0.30584716796875,0.062361836433410645,-0.009457781910896301,-1.984314573644813,0.35949343430497827,-0.009979248046875
Altered-Medium,120__M_Right_ring_finger_Obl.BMP,False,0.592461884021759,0.11229271441698074,7.164850781620085,12.712460063897764,0.2576904296875,0.6833841800689697,0.10009370744228363,5.927370948379352,15.56875,0.203369140625,0.0909222960472107,-0.012199006974697113,-1.2374798332407329,2.856289936102236,-0.0543212890625
Altered-Medium,267__M_Left_little_finger_CR.BMP,False,0.6682761311531067,0.15273281931877136,11.594825272424714,10.88135593220339,0.2842559814453125,0.7628379464149475,0.14241445064544678,7.545076282940361,15.024734982332156,0.2750396728515625,0.09456181526184082,-0.010318368673324585,-4.049748989484353,4.143379050128766,-0.00921630859375
Altered-Medium,368__M_Right_middle_finger_Zcut.BMP,False,0.6925206184387207,0.2240813970565796,4.0630099577047325,20.0188679245283,0.4581756591796875,0.748370885848999,0.21603575348854065,3.3652084096891346,22.892592592592592,0.4579620361328125,0.05585026741027832,-0.00804564356803894,-0.6978015480155979,2.873724668064291,-0.000213623046875
Altered-Medium,587__M_Right_middle_finger_Obl.BMP,False,0.6215208172798157,0.15953302383422852,1.9423615502755442,32.70802919708029,0.337799072265625,0.6830721497535706,0.15312674641609192,1.5846425499162404,38.972477064220186,0.3370208740234375,0.06155133247375488,-0.006406277418136597,-0.3577190003593038,6.264447867139893,-0.0007781982421875
Altered-Medium,595__M_Left_thumb_finger_Obl.BMP,False,0.6512638330459595,0.20204980671405792,6.4138765631302945,14.671469740634006,0.378265380859375,0.7257654070854187,0.19293494522571564,4.415191529373288,18.933070866141733,0.3732452392578125,0.07450157403945923,-0.009114861488342285,-1.9986850337570061,4.2616011255077275,-0.0050201416015625
Altered-Medium,240__F_Right_middle_finger_CR.BMP,False,0.6084690690040588,0.1406017690896988,3.075325505232047,28.63101604278075,0.3857875841666538,0.72890305519104,0.1337585747241974,2.412490327279348,32.992592592592594,0.359440445026178,0.1204339861869812,-0.006843194365501404,-0.6628351779526991,4.3615765498118435,-0.026347139140475817
Altered-Medium,188__M_Left_index_finger_Obl.BMP,False,0.6402206420898438,0.19156114757061005,8.78624325342036,11.44421052631579,0.3647003173828125,0.712562084197998,0.18067315220832825,6.946528879550619,13.926229508196721,0.3558502197265625,0.0723414421081543,-0.0108879953622818,-1.8397143738697403,2.482018981880932,-0.00885009765625
Altered-Medium,276__M_Left_index_finger_Zcut.BMP,False,0.6760140061378479,0.2072465717792511,4.202199975281177,19.79245283018868,0.3703765869140625,0.7263652086257935,0.20124341547489166,3.3061949828491137,22.34361233480176,0.3692169189453125,0.05035120248794556,-0.006003156304359436,-0.8960049924320632,2.551159504613082,-0.00115966796875
Altered-Medium,299__M_Right_little_finger_CR.BMP,False,0.7020461559295654,0.19940149784088135,6.8965517241379315,14.632530120481928,0.3385162353515625,0.7778729796409607,0.19086289405822754,4.831140149075181,18.56,0.331634521484375,0.07582682371139526,-0.008538603782653809,-2.0654115750627504,3.927469879518071,-0.0068817138671875
Altered-Medium,368__M_Right_middle_finger_CR.BMP,False,0.6841220855712891,0.21766245365142822,4.396645021645021,18.76384839650146,0.451171875,0.7437537312507629,0.20883308351039886,3.620613812472507,21.463667820069205,0.4509429931640625,0.05963164567947388,-0.008829370141029358,-0.7760312091725141,2.699819423567746,-0.0002288818359375
Altered-Medium,2__F_Right_thumb_finger_Obl.BMP,False,0.5920900702476501,0.16820505261421204,5.405405405405405,14.755555555555556,0.321807861328125,0.6559407711029053,0.16017037630081177,4.068781787357714,18.224390243902437,0.3150177001953125,0.06385070085525513,-0.008034676313400269,-1.3366236180476916,3.468834688346881,-0.0067901611328125
Altered-Medium,157__M_Left_little_finger_Zcut.BMP,False,0.5621408224105835,0.1213294267654419,3.721831344957683,17.713740458015266,0.299285888671875,0.6380332708358765,0.11031132936477661,3.6183250656550916,19.43888888888889,0.2614593505859375,0.07589244842529297,-0.011018097400665283,-0.1035062793025916,1.7251484308736238,-0.0378265380859375
Altered-Medium,594__M_Right_index_finger_CR.BMP,False,0.6743497848510742,0.23854731023311615,7.0097117794486214,12.808933002481389,0.3896484375,0.7135799527168274,0.2324722558259964,6.0471918106003715,14.452991452991453,0.3860626220703125,0.039230167865753174,-0.006075054407119751,-0.96251996884825,1.6440584505100642,-0.0035858154296875
Altered-Medium,221__M_Right_thumb_finger_Obl.BMP,False,0.6965516805648804,0.22306448221206665,4.431207322388493,18.444444444444443,0.42010498046875,0.7523889541625977,0.21390338242053986,3.906969886845306,21.940711462450594,0.4139862060546875,0.055837273597717285,-0.009161099791526794,-0.5242374355431871,3.496267018006151,-0.0061187744140625
Altered-Medium,236__M_Right_little_finger_Zcut.BMP,False,0.7084823846817017,0.19690069556236267,4.858265388027545,18.60763888888889,0.3611907958984375,0.7994140386581421,0.18888723850250244,3.5206732214159975,23.420814479638008,0.3553924560546875,0.09093165397644043,-0.00801345705986023,-1.3375921666115471,4.813175590749118,-0.00579833984375
Altered-Medium,496__M_Left_thumb_finger_Zcut.BMP,False,0.6309512853622437,0.2030356228351593,13.065591020694493,8.707717569786535,0.3480224609375,0.6861084699630737,0.1933743953704834,10.822705227231902,10.196787148594378,0.33978271484375,0.05515718460083008,-0.009661227464675903,-2.242885793462591,1.4890695788078432,-0.00823974609375
Altered-Medium,453__F_Right_ring_finger_Obl.BMP,False,0.627514660358429,0.15972164273262024,6.214689265536723,15.442028985507246,0.3240966796875,0.706728994846344,0.1506763994693756,3.7771934018646904,21.467032967032967,0.3191375732421875,0.07921433448791504,-0.009045243263244629,-2.4374958636720327,6.025003981525721,-0.0049591064453125
Altered-Medium,82__M_Left_index_finger_CR.BMP,False,0.7474334239959717,0.18667277693748474,7.411741759313439,14.325581395348838,0.31292724609375,0.8278043270111084,0.178313747048378,4.107804829175433,22.853107344632768,0.304595947265625,0.08037090301513672,-0.00835902988910675,-3.303936930138006,8.52752594928393,-0.008331298828125
Altered-Medium,289__F_Left_little_finger_Zcut.BMP,False,0.5532479286193848,0.19098158180713654,3.958862257412109,15.297546012269938,0.3545989990234375,0.5981013774871826,0.1856311708688736,3.316821020891665,16.482758620689655,0.3542327880859375,0.04485344886779785,-0.0053504109382629395,-0.642041236520444,1.1852126084197163,-0.0003662109375
Altered-Medium,294__M_Right_thumb_finger_Zcut.BMP,False,0.6839954853057861,0.1941901296377182,1.5264976958525347,50.413333333333334,0.52978515625,0.7896959185600281,0.19150960445404053,1.4295698583137428,57.26315789473684,0.5154497371825313,0.10570043325424194,-0.0026805251836776733,-0.09692783753879186,6.8498245614035085,-0.014335419067468713
Altered-Medium,311__M_Right_index_finger_CR.BMP,False,0.7174084186553955,0.23045063018798828,5.619768832204065,17.361313868613138,0.382843017578125,0.7748695611953735,0.22248056530952454,4.326903635407821,21.399061032863848,0.3773345947265625,0.05746114253997803,-0.007970064878463745,-1.2928651967962441,4.03774716425071,-0.0055084228515625
Altered-Medium,101__M_Left_middle_finger_Zcut.BMP,False,0.7096421718597412,0.1917325109243393,1.6781142678738683,43.761538461538464,0.39576801297397485,0.7706655263900757,0.1849043369293213,1.4250653154936268,46.76068376068376,0.3927549751243781,0.06102335453033447,-0.006828173995018005,-0.2530489523802415,2.9991452991452974,-0.0030130378495967225
Altered-Medium,477__M_Right_ring_finger_CR.BMP,False,0.49972960352897644,0.1744224727153778,12.702078521939955,8.742998352553542,0.34356689453125,0.5757935047149658,0.16034471988677979,8.358976714279153,10.737089201877934,0.3322296142578125,0.07606390118598938,-0.014077752828598022,-4.343101807660801,1.994090849324392,-0.0113372802734375
Altered-Medium,468__F_Right_middle_finger_Zcut.BMP,False,0.6812214851379395,0.19341349601745605,6.72248611222929,14.743467933491686,0.379058837890625,0.7399853467941284,0.18528106808662415,5.808757819481681,16.766016713091922,0.375640869140625,0.058763861656188965,-0.00813242793083191,-0.9137282927476091,2.0225487796002355,-0.00341796875
Altered-Medium,439__M_Left_index_finger_CR.BMP,False,0.6902945041656494,0.19551432132720947,3.4975105953997447,25.849765258215964,0.3708343505859375,0.7571539878845215,0.18718966841697693,2.7368857557536805,31.313953488372093,0.3679656982421875,0.06685948371887207,-0.008324652910232544,-0.7606248396460642,5.464188230156129,-0.00286865234375
Altered-Medium,477__M_Right_little_finger_CR.BMP,False,0.5335984826087952,0.17950014770030975,14.656658890353992,7.201067615658363,0.300872802734375,0.6028597354888916,0.16671553254127502,10.906757912745936,8.720095693779903,0.285400390625,0.06926125288009644,-0.012784615159034729,-3.749900977608055,1.5190280781215408,-0.015472412109375
Altered-Medium,411__M_Right_index_finger_Obl.BMP,False,0.6266173124313354,0.2126941978931427,6.70299086668496,12.234338747099768,0.3892669677734375,0.6756659746170044,0.20442494750022888,6.215414227283664,13.039893617021276,0.380523681640625,0.049048662185668945,-0.008269250392913818,-0.48757663940129614,0.805554869921508,-0.0087432861328125
Altered-Medium,469__M_Right_middle_finger_CR.BMP,False,0.7346428632736206,0.19603490829467773,1.7937219730941703,43.29323308270677,0.4083251953125,0.8067036271095276,0.18773554265499115,1.3196591508935978,53.81553398058252,0.404693603515625,0.07206076383590698,-0.008299365639686584,-0.4740628222005725,10.522300897875752,-0.003631591796875
Altered-Medium,119__F_Left_little_finger_CR.BMP,False,0.551032543182373,0.14831799268722534,5.291005291005291,14.938650306748466,0.3028106689453125,0.6320470571517944,0.13945522904396057,3.441191576784797,19.57510729613734,0.297088623046875,0.08101451396942139,-0.00886276364326477,-1.849813714220494,4.636456989388874,-0.0057220458984375
Altered-Medium,435__F_Right_ring_finger_CR.BMP,False,0.6804768443107605,0.17734061181545258,2.378964941569282,29.807692307692307,0.3656005859375,0.7520689368247986,0.16973777115345,1.7366258630183404,34.45205479452055,0.3602447509765625,0.07159209251403809,-0.0076028406620025635,-0.6423390785509415,4.644362486828243,-0.0053558349609375
Altered-Medium,353__M_Left_middle_finger_Obl.BMP,False,0.603242814540863,0.14013344049453735,2.8553582582314623,21.38695652173913,0.342010498046875,0.7153664231300354,0.12778308987617493,1.7064037540882588,28.781690140845072,0.3219146728515625,0.11212360858917236,-0.012350350618362427,-1.1489545041432034,7.394733619105942,-0.0200958251953125
Altered-Medium,79__M_Right_index_finger_Zcut.BMP,False,0.7316280603408813,0.2186094969511032,2.9853684141460537,28.095238095238095,0.465118408203125,0.799408495426178,0.20904779434204102,2.492702286070386,34.44444444444444,0.4652252197265625,0.06778043508529663,-0.009561702609062195,-0.4926661280756677,6.349206349206348,0.0001068115234375
Altered-Medium,506__M_Left_index_finger_Zcut.BMP,False,0.6240160465240479,0.2057189643383026,5.42256961406937,14.468634686346864,0.312347412109375,0.6820394396781921,0.1998596340417862,4.278969112728704,15.727272727272727,0.31024169921875,0.05802339315414429,-0.0058593302965164185,-1.143600501340666,1.258638040925863,-0.002105712890625
Altered-Medium,233__M_Left_ring_finger_Zcut.BMP,False,0.7337054014205933,0.2026464343070984,6.97244623655914,15.885496183206106,0.36328125,0.7797011137008667,0.19558650255203247,5.2693702048731135,19.726688102893892,0.361968994140625,0.04599571228027344,-0.007059931755065918,-1.7030760316860265,3.8411919196877857,-0.001312255859375
Altered-Medium,583__M_Right_thumb_finger_CR.BMP,False,0.6470150947570801,0.19360153377056122,8.661965700356925,11.382211538461538,0.350555419921875,0.6981818079948425,0.18628162145614624,7.418462754049427,12.856338028169015,0.3476104736328125,0.05116671323776245,-0.007319912314414978,-1.2435029463074976,1.4741264897074764,-0.0029449462890625
Altered-Medium,503__M_Right_ring_finger_Obl.BMP,False,0.5665122866630554,0.16501674056053162,7.104964001515726,13.585074626865671,0.3221435546875,0.6364315748214722,0.1545795500278473,4.41919191919192,17.810126582278482,0.314208984375,0.06991928815841675,-0.010437190532684326,-2.6857720823238065,4.225051955412811,-0.0079345703125
Altered-Medium,449__F_Left_middle_finger_Obl.BMP,False,0.6358814239501953,0.13781526684761047,6.594666921533022,13.76923076923077,0.319305419921875,0.7392421960830688,0.12431901693344116,3.76278552122529,17.7020202020202,0.2879180908203125,0.10336077213287354,-0.013496249914169312,-2.8318814003077315,3.9327894327894306,-0.0313873291015625
Altered-Medium,340__M_Right_ring_finger_Zcut.BMP,False,0.603387713432312,0.165826216340065,5.813953488372093,16.626822157434404,0.36480712890625,0.669681191444397,0.15681591629981995,5.036397494498053,20.289473684210527,0.36053466796875,0.06629347801208496,-0.009010300040245056,-0.7775559938740395,3.6626515267761235,-0.0042724609375
Altered-Medium,52__M_Right_middle_finger_Obl.BMP,False,0.671705424785614,0.14486905932426453,3.722919719592855,20.658823529411766,0.3852691650390625,0.7745005488395691,0.1293514370918274,1.6503745080614447,34.49586776859504,0.3605804443359375,0.10279512405395508,-0.015517622232437134,-2.0725452115314105,13.837044239183275,-0.024688720703125
Altered-Medium,559__M_Right_thumb_finger_CR.BMP,False,0.5629059076309204,0.2087906002998352,13.069538960746316,7.519524617996605,0.3385772705078125,0.6116888523101807,0.20050084590911865,11.561762937612727,8.174257425742574,0.3299407958984375,0.048782944679260254,-0.008289754390716553,-1.507776023133589,0.6547328077459698,-0.008636474609375
Altered-Medium,161__F_Left_ring_finger_Obl.BMP,False,0.6341906785964966,0.1627591848373413,5.976002614501144,15.771771771771771,0.3268280029296875,0.6991678476333618,0.15470603108406067,3.8446933738370985,22.388646288209607,0.32147216796875,0.06497716903686523,-0.00805315375328064,-2.131309240664045,6.616874516437836,-0.0053558349609375
Altered-Medium,155__M_Right_middle_finger_CR.BMP,False,0.5801709294319153,0.16337616741657257,4.059430056020135,17.922360248447205,0.375885009765625,0.669723629951477,0.15315327048301697,3.3131544502617802,20.311787072243344,0.373046875,0.08955270051956177,-0.010222896933555603,-0.7462756057583548,2.389426823796139,-0.002838134765625
Altered-Medium,219__M_Right_little_finger_Obl.BMP,False,0.5486801862716675,0.12809810042381287,2.4479804161566707,33.51538461538462,0.2991943359375,0.61662358045578,0.11977822333574295,1.777127325946059,42.38947368421053,0.29193115234375,0.06794339418411255,-0.008319877088069916,-0.6708530902106118,8.87408906882591,-0.00726318359375
Altered-Medium,358__M_Left_thumb_finger_Obl.BMP,False,0.6328312158584595,0.1995786726474762,8.937311146103758,10.653932584269663,0.3585357666015625,0.7116115093231201,0.1884087771177292,6.919505999824823,12.883720930232558,0.348419189453125,0.07878029346466064,-0.01116989552974701,-2.017805146278935,2.229788345962895,-0.0101165771484375
Altered-Medium,537__M_Left_middle_finger_CR.BMP,False,0.6555575132369995,0.15685465931892395,9.146341463414634,12.266802443991853,0.34033203125,0.75059574842453,0.14418546855449677,5.643075476134493,19.053956834532375,0.3244781494140625,0.09503823518753052,-0.012669190764427185,-3.503265987280141,6.787154390540522,-0.0158538818359375
Altered-Medium,526__F_Left_little_finger_CR.BMP,False,0.6271263360977173,0.14775632321834564,10.38511466897447,11.085987261146498,0.2468414306640625,0.7085080742835999,0.14022962749004364,6.956854735767169,15.20183486238532,0.23907470703125,0.08138173818588257,-0.007526695728302002,-3.4282599332073014,4.115847601238823,-0.0077667236328125
Altered-Medium,442__F_Right_ring_finger_Obl.BMP,False,0.5555811524391174,0.10532988607883453,7.3791183895397765,13.003831417624522,0.2357330322265625,0.6726101040840149,0.09133951365947723,4.356159609688099,18.460176991150444,0.175140380859375,0.11702895164489746,-0.0139903724193573,-3.0229587798516775,5.4563455735259225,-0.0605926513671875
Altered-Medium,86__M_Left_thumb_finger_Zcut.BMP,False,0.706545352935791,0.2016933113336563,3.476764199655766,26.54980079681275,0.443267822265625,0.7830833792686462,0.1914122998714447,2.867606412382532,34.12234042553192,0.441650390625,0.07653802633285522,-0.010281011462211609,-0.6091577872732339,7.572539628719166,-0.001617431640625
Altered-Medium,514__F_Right_middle_finger_Obl.BMP,False,0.7392464280128479,0.17858341336250305,2.6489063800802244,28.52513966480447,0.403228759765625,0.8214003443717957,0.1684429943561554,1.0777106346945844,47.42424242424242,0.3964385986328125,0.08215391635894775,-0.010140419006347656,-1.57119574538564,18.89910275943795,-0.0067901611328125
Altered-Medium,591__M_Right_index_finger_CR.BMP,False,0.6437467336654663,0.22228184342384338,7.107292001284934,13.017369727047146,0.3800048828125,0.7017075419425964,0.21434837579727173,5.653164145111436,15.53822629969419,0.37518310546875,0.05796080827713013,-0.007933467626571655,-1.454127856173498,2.520856572647043,-0.00482177734375
Altered-Medium,199__M_Left_middle_finger_Obl.BMP,False,0.611295759677887,0.18467941880226135,9.886751752651447,9.823027718550106,0.33953857421875,0.7079566717147827,0.17197944223880768,6.505967704189095,13.627450980392156,0.3260040283203125,0.09666091203689575,-0.012699976563453674,-3.3807840484623526,3.80442326184205,-0.0135345458984375
Altered-Medium,429__M_Left_little_finger_Obl.BMP,False,0.6409813165664673,0.18035376071929932,8.384432486547366,11.293453724604966,0.3657989501953125,0.7389938831329346,0.16764405369758606,6.238974226582333,13.948170731707316,0.3546295166015625,0.09801256656646729,-0.012709707021713257,-2.145458259965033,2.6547170071023505,-0.01116943359375
Altered-Medium,515__M_Right_little_finger_Obl.BMP,False,0.6684964895248413,0.14689163863658905,12.79295875550097,10.082474226804123,0.298187255859375,0.801816999912262,0.1323251724243164,7.131316507883447,16.22007722007722,0.2738800048828125,0.13332051038742065,-0.014566466212272644,-5.661642247617523,6.137602993273095,-0.0243072509765625
Altered-Medium,93__M_Right_little_finger_Obl.BMP,False,0.6860935091972351,0.17963998019695282,8.002943611443289,12.630681818181818,0.331756591796875,0.7766583561897278,0.17033852636814117,6.3210528798528225,15.098540145985401,0.3234710693359375,0.09056484699249268,-0.009301453828811646,-1.6818907315904665,2.467858327803583,-0.0082855224609375
Altered-Medium,375__M_Left_index_finger_CR.BMP,False,0.5957287549972534,0.12401120364665985,1.8305313358061563,27.158940397350992,0.3167572021484375,0.6952489614486694,0.113504558801651,0.7962179646678279,40.55813953488372,0.3066253662109375,0.09952020645141602,-0.01050664484500885,-1.0343133711383286,13.39919913753273,-0.0101318359375
Altered-Medium,530__M_Left_little_finger_CR.BMP,False,0.5171903371810913,0.1516854166984558,13.039517139277987,7.668103448275862,0.267974853515625,0.5716594457626343,0.14289577305316925,10.31294452347084,8.898876404494382,0.2574462890625,0.05446910858154297,-0.00878964364528656,-2.7265726158071466,1.2307729562185203,-0.010528564453125
Altered-Medium,600__M_Left_middle_finger_Zcut.BMP,False,0.6244033575057983,0.16305392980575562,4.0062706845497305,19.67235494880546,0.35040283203125,0.6900880336761475,0.15444329380989075,2.933706979595411,25.321100917431192,0.348480224609375,0.06568467617034912,-0.008610635995864868,-1.0725637049543195,5.648745968625732,-0.001922607421875
Altered-Medium,287__M_Right_middle_finger_CR.BMP,False,0.6008830666542053,0.18194997310638428,2.3786486050636997,26.57920792079208,0.37847900390625,0.6565593481063843,0.17475071549415588,1.6922519037833919,33.10666666666667,0.3787078857421875,0.055676281452178955,-0.0071992576122283936,-0.6863967012803078,6.52745874587459,0.0002288818359375
Altered-Medium,289__F_Left_index_finger_Zcut.BMP,False,0.5487649440765381,0.15353000164031982,0.9766817238432426,40.21848739495798,0.3749542236328125,0.6094425916671753,0.1462980955839157,0.43864896119950547,49.47727272727273,0.3826446533203125,0.06067764759063721,-0.007231906056404114,-0.5380327626437371,9.258785332314744,0.0076904296875
Altered-Medium,352__M_Left_thumb_finger_Zcut.BMP,False,0.7335307002067566,0.22994214296340942,1.971529773441155,34.755208333333336,0.456634521484375,0.7847368121147156,0.22194162011146545,1.4700968927497495,41.10897435897436,0.456695556640625,0.051206111907958984,-0.00800052285194397,-0.5014328806914055,6.353766025641022,6.103515625e-05
Altered-Medium,565__M_Right_thumb_finger_Obl.BMP,False,0.7207123637199402,0.19893047213554382,4.015918958031838,22.31111111111111,0.4217529296875,0.8099451661109924,0.1878119260072708,2.534435261707989,30.08108108108108,0.4154205322265625,0.08923280239105225,-0.01111854612827301,-1.4814836963238491,7.769969969969971,-0.0063323974609375
Altered-Medium,465__F_Left_ring_finger_Obl.BMP,False,0.5811603665351868,0.16071486473083496,10.270989041221513,9.65625,0.3327789306640625,0.6687570214271545,0.1479785442352295,8.117974829474493,11.309782608695652,0.317657470703125,0.08759665489196777,-0.012736320495605469,-2.1530142117470206,1.6535326086956523,-0.0151214599609375
Altered-Medium,451__M_Right_thumb_finger_CR.BMP,False,0.7154164910316467,0.22685569524765015,2.887228260869565,27.017937219730943,0.44921875,0.7793828248977661,0.21784421801567078,2.5648040489706587,31.497237569060772,0.446197509765625,0.06396633386611938,-0.00901147723197937,-0.32242421189890624,4.479300349329829,-0.003021240234375
Altered-Medium,248__M_Left_middle_finger_Obl.BMP,False,0.6818075180053711,0.1802257001399994,2.768723933690814,32.067357512953365,0.4353790283203125,0.7592943906784058,0.16989581286907196,1.266713581984518,53.34285714285714,0.43365478515625,0.07748687267303467,-0.01032988727092743,-1.5020103517062962,21.275499629903777,-0.0017242431640625
Altered-Medium,600__M_Left_ring_finger_Zcut.BMP,False,0.5961416959762573,0.173919215798378,7.086876771719193,13.368055555555555,0.36602783203125,0.668688952922821,0.16532139480113983,6.403599861543787,14.806094182825484,0.3564301466619373,0.07254725694656372,-0.00859782099723816,-0.6832769101754055,1.438038627269929,-0.009597685369312714
Altered-Medium,187__M_Left_little_finger_Zcut.BMP,False,0.6471484899520874,0.18786346912384033,4.444071775951702,19.487544483985765,0.36395263671875,0.7043938636779785,0.1812601387500763,3.6693378321383383,21.799180327868854,0.361785888671875,0.05724537372589111,-0.006603330373764038,-0.7747339438133638,2.3116358438830886,-0.002166748046875
Altered-Medium,261__M_Left_middle_finger_CR.BMP,False,0.7264308333396912,0.21723788976669312,4.427093814142552,21.06177606177606,0.3791351318359375,0.779092013835907,0.21089163422584534,3.5226950641778356,24.53917050691244,0.3768463134765625,0.05266118049621582,-0.006346255540847778,-0.9043987499647161,3.4773944451363796,-0.002288818359375
Altered-Medium,75__F_Right_ring_finger_Obl.BMP,False,0.6981687545776367,0.1839187890291214,4.275951590119497,19.958904109589042,0.3996734619140625,0.7761481404304504,0.1729513704776764,2.887241513850956,26.526829268292683,0.391082763671875,0.07797938585281372,-0.010967418551445007,-1.3887100762685414,6.567925158703641,-0.0085906982421875
Altered-Medium,285__M_Right_ring_finger_Obl.BMP,False,0.7250971794128418,0.19894646108150482,6.349680648414448,16.448101265822785,0.4085235595703125,0.8043577075004578,0.18837763369083405,4.656092667600409,20.96232876712329,0.4030914306640625,0.07926052808761597,-0.010568827390670776,-1.6935879808140388,4.514227501300503,-0.00543212890625
Altered-Medium,227__M_Right_ring_finger_CR.BMP,False,0.7413585186004639,0.20921295881271362,3.330249768732655,26.572093023255814,0.4123687744140625,0.8090434074401855,0.2004176378250122,2.3223583174139417,36.626666666666665,0.4073638916015625,0.06768488883972168,-0.008795320987701416,-1.0078914513187134,10.054573643410851,-0.0050048828125
Altered-Medium,49__M_Right_middle_finger_Zcut.BMP,False,0.7042000889778137,0.18392620980739594,2.9691819391829632,31.56872037914692,0.4470977783203125,0.7915638089179993,0.17327576875686646,2.314814814814815,34.80898876404494,0.4482421875,0.08736371994018555,-0.01065044105052948,-0.6543671243681484,3.2402683848980196,0.0011444091796875
Altered-Medium,339__M_Left_middle_finger_Obl.BMP,False,0.5981012582778931,0.22074347734451294,8.806676152751606,10.382624768946396,0.3967742919921875,0.6578380465507507,0.21180956065654755,7.228821506720851,11.559652928416487,0.3905029296875,0.059736788272857666,-0.008933916687965393,-1.5778546460307554,1.1770281594700904,-0.0062713623046875
Altered-Medium,201__F_Left_middle_finger_Obl.BMP,False,0.5982503890991211,0.16634801030158997,6.238671331619104,14.331786542923433,0.3619842529296875,0.6833300590515137,0.1541823297739029,3.7159920371599204,18.44178082191781,0.3449249267578125,0.08507966995239258,-0.012165680527687073,-2.5226792944591834,4.109994278994376,-0.017059326171875
Altered-Medium,548__F_Right_little_finger_Zcut.BMP,False,0.6945556402206421,0.1579364538192749,3.648175912043978,22.877450980392158,0.305328369140625,0.7507704496383667,0.15072579681873322,1.8474802422251873,33.56692913385827,0.297332763671875,0.05621480941772461,-0.007210657000541687,-1.8006956698187906,10.689478153466109,-0.00799560546875
Altered-Medium,83__M_Right_ring_finger_CR.BMP,False,0.6207353472709656,0.18734700977802277,4.687557671723323,17.735135135135135,0.4134063720703125,0.6849746704101562,0.17810660600662231,2.819514004822853,22.18978102189781,0.4113006591796875,0.06423932313919067,-0.009240403771400452,-1.86804366690047,4.454645886762677,-0.002105712890625
Altered-Medium,576__M_Left_little_finger_Zcut.BMP,False,0.6111922264099121,0.1948966681957245,12.256992771517083,8.824302134646961,0.3398590087890625,0.6828264594078064,0.1856890618801117,10.403719559913457,9.926640926640927,0.3314666748046875,0.07163423299789429,-0.009207606315612793,-1.8532732116036268,1.1023387919939651,-0.008392333984375
Altered-Medium,487__M_Right_index_finger_Obl.BMP,False,0.6580471992492676,0.17833182215690613,2.3126400231264004,26.96713615023474,0.422271728515625,0.7463502883911133,0.16836808621883392,1.6001745644979453,37.68345323741007,0.4195709228515625,0.0883030891418457,-0.009963735938072205,-0.7124654586284551,10.71631708717533,-0.0027008056640625
Altered-Medium,261__M_Left_index_finger_Obl.BMP,False,0.7436602115631104,0.21817895770072937,4.392386530014641,23.427947598253276,0.3856048583984375,0.8042959570884705,0.20988717675209045,3.003003003003003,31.131736526946106,0.3810882568359375,0.06063574552536011,-0.008291780948638916,-1.3893835270116384,7.7037889286928305,-0.0045166015625
Altered-Medium,187__M_Right_middle_finger_CR.BMP,False,0.688459038734436,0.2377157360315323,8.346063564216253,12.11320754716981,0.4095306396484375,0.7362046241760254,0.2308441698551178,7.359014793121574,13.146853146853147,0.406402587890625,0.047745585441589355,-0.00687156617641449,-0.9870487710946794,1.0336455996833358,-0.0031280517578125
Altered-Medium,450__M_Right_little_finger_Zcut.BMP,False,0.5279896259307861,0.13900163769721985,1.6538297972877192,27.810055865921786,0.3229217529296875,0.5768521428108215,0.13196903467178345,1.0810810810810811,35.395348837209305,0.3246307373046875,0.0488625168800354,-0.007032603025436401,-0.572748716206638,7.585292971287519,0.001708984375
Altered-Medium,510__M_Left_index_finger_Zcut.BMP,False,0.6323063969612122,0.21035858988761902,11.542052108970552,9.258741258741258,0.359588623046875,0.6981613039970398,0.20157788693904877,9.585492227979275,10.584905660377359,0.3533935546875,0.06585490703582764,-0.008780702948570251,-1.9565598809912768,1.3261644016361007,-0.006195068359375
Altered-Medium,543__M_Right_thumb_finger_Obl.BMP,False,0.563307523727417,0.13771221041679382,1.3751278163675469,35.166666666666664,0.4546926604033732,0.6779762506484985,0.13008566200733185,0.9653255077612171,39.464646464646464,0.438110060392807,0.11466872692108154,-0.007626548409461975,-0.4098023086063298,4.297979797979799,-0.016582600010566217
Altered-Medium,227__M_Right_middle_finger_Zcut.BMP,False,0.750420093536377,0.24148212373256683,2.464909277644642,30.231638418079097,0.445709228515625,0.8065693378448486,0.23476621508598328,2.3697496307998764,32.27329192546584,0.4442901611328125,0.05614924430847168,-0.006715908646583557,-0.09515964684476552,2.0416535073867443,-0.0014190673828125
Altered-Medium,159__M_Left_thumb_finger_Zcut.BMP,False,0.7693157196044922,0.19261981546878815,8.370176417564494,13.333333333333334,0.3554840087890625,0.8338319063186646,0.18130701780319214,6.367441446255232,16.64375,0.342681884765625,0.06451618671417236,-0.011312797665596008,-2.0027349713092617,3.310416666666667,-0.0128021240234375
Altered-Medium,297__M_Left_little_finger_Zcut.BMP,False,0.7198113203048706,0.23563313484191895,5.251566999830595,20.642335766423358,0.36029052734375,0.7806882858276367,0.2299957275390625,3.6460344014069404,25.631067961165048,0.3557281494140625,0.06087696552276611,-0.005637407302856445,-1.6055325984236544,4.98873219474169,-0.0045623779296875
Altered-Medium,548__F_Right_ring_finger_Obl.BMP,False,0.6368803977966309,0.16420978307724,2.082288975436702,28.438423645320196,0.3957061767578125,0.7186825275421143,0.1534096896648407,1.8131651556957036,31.682926829268293,0.387115478515625,0.0818021297454834,-0.010800093412399292,-0.26912381974099864,3.2445031839480976,-0.0085906982421875
Altered-Medium,392__M_Left_thumb_finger_CR.BMP,False,0.7049087285995483,0.22564342617988586,6.376995286568701,14.834710743801653,0.3852386474609375,0.7605539560317993,0.21700897812843323,5.447282411330347,17.204013377926422,0.3781585693359375,0.05564522743225098,-0.008634448051452637,-0.9297128752383541,2.36930263412477,-0.007080078125
Altered-Medium,147__M_Right_index_finger_Zcut.BMP,False,0.7700272798538208,0.24126990139484406,3.458620081171696,23.872,0.4323577880859375,0.8250472545623779,0.2334233522415161,2.5425524401440778,29.09090909090909,0.432098388671875,0.05501997470855713,-0.007846549153327942,-0.9160676410276181,5.21890909090909,-0.0002593994140625
Altered-Medium,526__F_Right_little_finger_CR.BMP,False,0.6764431595802307,0.17157384753227234,3.113109650639917,26.617021276595743,0.3529052734375,0.743888258934021,0.16326572000980377,2.3072569761873667,32.98639455782313,0.3505096435546875,0.06744509935379028,-0.008308127522468567,-0.8058526744525505,6.369373281227389,-0.0023956298828125
Altered-Medium,482__M_Left_index_finger_Zcut.BMP,False,0.6230698227882385,0.15762199461460114,5.6225941784524895,15.137426900584796,0.3527984619140625,0.7338322401046753,0.14707671105861664,3.5939691444600284,20.915555555555557,0.34814453125,0.11076241731643677,-0.010545283555984497,-2.028625033992461,5.778128654970761,-0.0046539306640625
Altered-Medium,347__M_Left_thumb_finger_Zcut.BMP,False,0.7137956619262695,0.20647656917572021,2.7227614070528303,31.72340425531915,0.3474578857421875,0.778847336769104,0.2004065215587616,2.1697737235973964,37.44444444444444,0.3445892333984375,0.06505167484283447,-0.006070047616958618,-0.5529876834554339,5.7210401891252936,-0.00286865234375
Altered-Medium,200__M_Right_ring_finger_Obl.BMP,False,0.6729367971420288,0.18277014791965485,3.3612131634487614,23.11297071129707,0.390411376953125,0.7460932731628418,0.17424353957176208,2.3365411270840757,28.282485875706215,0.3852996826171875,0.07315647602081299,-0.008526608347892761,-1.0246720363646857,5.169515164409145,-0.0051116943359375
Altered-Medium,78__F_Right_ring_finger_Obl.BMP,False,0.6596946716308594,0.18894822895526886,3.963279006753751,20.388235294117646,0.3773040771484375,0.7401962876319885,0.17938290536403656,2.463559843974543,26.375,0.3716278076171875,0.08050161600112915,-0.0095653235912323,-1.4997191627792077,5.986764705882354,-0.00567626953125
Altered-Medium,378__F_Left_ring_finger_Zcut.BMP,False,0.6879422068595886,0.19280266761779785,2.9006806930693068,24.386617100371748,0.39453125,0.7509984970092773,0.1841256320476532,2.5639033486131613,29.248826291079812,0.392791748046875,0.06305629014968872,-0.008677035570144653,-0.3367773444561455,4.8622091907080645,-0.001739501953125
Altered-Medium,178__M_Left_little_finger_Obl.BMP,False,0.6034797430038452,0.1635948121547699,2.8453999367688905,25.768817204301076,0.3378448486328125,0.6528838872909546,0.15771590173244476,1.992753623188406,30.62162162162162,0.3369140625,0.049404144287109375,-0.005878910422325134,-0.8526463135804845,4.852804417320545,-0.0009307861328125
Altered-Medium,557__M_Right_ring_finger_Obl.BMP,False,0.7015730142593384,0.19956637918949127,1.5858894519011333,36.69655172413793,0.3944854736328125,0.7615686655044556,0.19178907573223114,1.4012689268615468,39.6124031007752,0.3920135498046875,0.05999565124511719,-0.007777303457260132,-0.18462052503958648,2.9158513766372636,-0.002471923828125
Altered-Medium,68__M_Left_middle_finger_CR.BMP,False,0.6625123023986816,0.20640255510807037,3.3914562707683875,26.520661157024794,0.4454193115234375,0.7493306994438171,0.19858339428901672,2.4159738506359694,32.8,0.4379473454907575,0.0868183970451355,-0.00781916081905365,-0.9754824201324181,6.2793388429752035,-0.007471966032680022
Altered-Medium,367__M_Left_ring_finger_CR.BMP,False,0.5368732810020447,0.16457107663154602,13.264071010691952,8.282534246575343,0.30255126953125,0.5980414748191833,0.15588662028312683,10.374639769452449,9.292372881355933,0.2912139892578125,0.06116819381713867,-0.00868445634841919,-2.889431241239503,1.0098386347805892,-0.0113372802734375
Altered-Medium,391__M_Left_index_finger_Zcut.BMP,False,0.6981650590896606,0.19470910727977753,6.046385705261258,15.343848580441641,0.338165283203125,0.7609723806381226,0.18791578710079193,5.0285714285714285,17.931297709923665,0.3337860107421875,0.06280732154846191,-0.006793320178985596,-1.0178142766898297,2.5874491294820245,-0.0043792724609375
Altered-Medium,258__M_Right_thumb_finger_Zcut.BMP,False,0.6946883797645569,0.18789297342300415,1.8951358180669613,40.2247191011236,0.4589385986328125,0.7649071216583252,0.17706084251403809,1.6652234729900752,42.61490683229814,0.458160400390625,0.07021874189376831,-0.010832130908966064,-0.22991234507688607,2.3901877311745423,-0.0007781982421875
Altered-Medium,509__M_Left_thumb_finger_Zcut.BMP,False,0.6542197465896606,0.1576872169971466,8.130081300813007,12.764857881136951,0.3321990966796875,0.7878183126449585,0.14366482198238373,4.304024972804237,20.110132158590307,0.3226165771484375,0.13359856605529785,-0.014022395014762878,-3.82605632800877,7.345274277453356,-0.00958251953125
Altered-Medium,496__M_Left_little_finger_Zcut.BMP,False,0.6847711205482483,0.19848720729351044,6.6031695213702575,15.771052631578947,0.38128662109375,0.7534711360931396,0.1894737184047699,5.056838868886282,17.955974842767297,0.3771820068359375,0.06870001554489136,-0.00901348888874054,-1.5463306524839755,2.1849222111883506,-0.0041046142578125
Altered-Medium,176__M_Left_middle_finger_Obl.BMP,False,0.731158971786499,0.19986161589622498,5.2027653053951965,19.597733711048157,0.428192138671875,0.808602511882782,0.18744751811027527,3.8572104363014446,25.976190476190474,0.4193267822265625,0.07744354009628296,-0.012414097785949707,-1.345554869093752,6.378456765142317,-0.0088653564453125
Altered-Medium,587__M_Right_thumb_finger_CR.BMP,False,0.7443608641624451,0.2400931566953659,3.869561950559772,22.953191489361704,0.406158447265625,0.7859101295471191,0.23339340090751648,3.4878871744322706,24.699530516431924,0.4024810791015625,0.04154926538467407,-0.006699755787849426,-0.3816747761275012,1.7463390270702206,-0.0036773681640625
Altered-Medium,81__F_Left_index_finger_Obl.BMP,False,0.6697969436645508,0.2030763328075409,7.63227113966625,12.970027247956404,0.3538665771484375,0.7314016222953796,0.1940472424030304,5.341038437965152,16.444043321299638,0.348541259765625,0.06160467863082886,-0.009029090404510498,-2.291232701701098,3.4740160733432344,-0.0053253173828125
Altered-Medium,100__M_Left_ring_finger_Obl.BMP,False,0.6818934679031372,0.191562682390213,6.625175667536639,15.0,0.3800201416015625,0.7670117020606995,0.17997968196868896,3.8239328317885195,22.449152542372882,0.3671112060546875,0.08511823415756226,-0.011583000421524048,-2.8012428357481194,7.449152542372882,-0.012908935546875
Altered-Medium,416__M_Left_index_finger_CR.BMP,False,0.6674680709838867,0.12100683152675629,3.232376904002834,21.48611111111111,0.3446044921875,0.7901288270950317,0.10432847589254379,2.123464280297285,30.923076923076923,0.3018035888671875,0.12266075611114502,-0.016678355634212494,-1.1089126237055487,9.436965811965813,-0.0428009033203125
Altered-Medium,148__M_Right_thumb_finger_Zcut.BMP,False,0.6765211820602417,0.2044907510280609,2.8181013861126587,25.17241379310345,0.4656524658203125,0.7561094760894775,0.19466489553451538,2.196649290187207,31.073529411764707,0.4654083251953125,0.07958829402923584,-0.009825855493545532,-0.6214520959254517,5.901115618661258,-0.000244140625
Altered-Medium,323__M_Right_thumb_finger_Zcut.BMP,False,0.6826013326644897,0.18184009194374084,1.5681412056453083,40.375838926174495,0.4184112548828125,0.7471633553504944,0.17335015535354614,1.3432077252595658,46.80165289256198,0.420318603515625,0.06456202268600464,-0.008489936590194702,-0.22493348038574257,6.425813966387487,0.0019073486328125
Altered-Medium,314__M_Left_little_finger_Zcut.BMP,False,0.7015746235847473,0.1936645805835724,4.9794845237621,17.832826747720365,0.3830413818359375,0.7661364674568176,0.1854059398174286,2.9832695021165088,25.171296296296298,0.3784942626953125,0.06456184387207031,-0.008258640766143799,-1.996215021645591,7.338469548575933,-0.004547119140625
Altered-Medium,498__M_Right_index_finger_CR.BMP,False,0.6860744953155518,0.19794580340385437,1.9757688723205966,31.593220338983052,0.4093170166015625,0.7539868354797363,0.1897324174642563,1.498913287866297,37.01398601398601,0.407196044921875,0.06791234016418457,-0.008213385939598083,-0.47685558445429965,5.420765675002961,-0.0021209716796875
Altered-Medium,384__F_Left_middle_finger_Zcut.BMP,False,0.6659172773361206,0.204575777053833,7.961007311129163,12.322245322245323,0.37567138671875,0.7328609228134155,0.19603261351585388,5.939278149271088,14.575916230366492,0.3673858642578125,0.06694364547729492,-0.008543163537979126,-2.021729161858075,2.253670908121169,-0.0082855224609375
Altered-Medium,436__M_Right_index_finger_Obl.BMP,False,0.7301955223083496,0.23326508700847626,4.550992618074966,19.948275862068964,0.425811767578125,0.792551577091217,0.22522281110286713,3.550724637681159,23.255230125523013,0.421142578125,0.06235605478286743,-0.00804227590560913,-1.000267980393807,3.306954263454049,-0.004669189453125
Altered-Medium,346__M_Right_thumb_finger_Zcut.BMP,False,0.7258023023605347,0.22577700018882751,5.696016463325003,17.48857142857143,0.41522216796875,0.7847303748130798,0.2176126092672348,4.647388610209502,20.885416666666668,0.4136962890625,0.058928072452545166,-0.008164390921592712,-1.0486278531155016,3.3968452380952385,-0.00152587890625
Altered-Medium,289__F_Right_index_finger_Obl.BMP,False,0.5554839968681335,0.19082802534103394,10.031375668390119,8.881889763779528,0.3452911376953125,0.6187313795089722,0.17981883883476257,8.5065293360309,9.665036674816626,0.33184814453125,0.06324738264083862,-0.011009186506271362,-1.5248463323592194,0.7831469110370985,-0.0134429931640625
Altered-Medium,8__M_Right_thumb_finger_CR.BMP,False,0.7360925674438477,0.2369993031024933,4.9220976277709925,19.15771812080537,0.4123077392578125,0.7861851453781128,0.22969932854175568,4.279547484370348,21.222641509433963,0.4100341796875,0.05009257793426514,-0.00729997456073761,-0.6425501434006442,2.0649233886285927,-0.0022735595703125
Altered-Medium,297__M_Right_little_finger_CR.BMP,False,0.5413042306900024,0.1538916826248169,9.977827050997782,9.326683291770573,0.261505126953125,0.6010887622833252,0.14737854897975922,6.737247353224254,12.091872791519435,0.253662109375,0.059784531593322754,-0.006513133645057678,-3.2405796977735273,2.765189499748862,-0.007843017578125
Altered-Medium,168__M_Right_ring_finger_CR.BMP,False,0.6666134595870972,0.18551285564899445,5.739392020265991,17.949704142011836,0.385498046875,0.741219162940979,0.1747930943965912,4.264049237700632,20.658181818181816,0.3793182373046875,0.07460570335388184,-0.01071976125240326,-1.4753427825653596,2.7084776761699807,-0.0061798095703125
Altered-Medium,494__F_Left_index_finger_Obl.BMP,False,0.675737738609314,0.18371513485908508,5.126684179306839,16.824104234527688,0.360137939453125,0.7484265565872192,0.17367321252822876,3.4074527106723167,22.483568075117372,0.3492889404296875,0.07268881797790527,-0.010041922330856323,-1.719231468634522,5.659463840589684,-0.0108489990234375
Altered-Medium,101__M_Left_little_finger_Obl.BMP,False,0.7292664051055908,0.18502908945083618,3.1197192252697254,31.275,0.3521575927734375,0.7922013401985168,0.1776772141456604,1.69845832244578,46.92156862745098,0.350372314453125,0.06293493509292603,-0.007351875305175781,-1.4212609028239453,15.646568627450982,-0.0017852783203125
Altered-Medium,326__M_Left_middle_finger_CR.BMP,False,0.60507732629776,0.1814250349998474,7.749225077492251,12.741538461538461,0.305206298828125,0.6642464399337769,0.1747705042362213,6.186612576064909,14.64963503649635,0.3009033203125,0.059169113636016846,-0.006654530763626099,-1.562612501427342,1.9080965749578898,-0.004302978515625
Altered-Medium,34__M_Right_thumb_finger_Zcut.BMP,False,0.7728297710418701,0.24669106304645538,2.8118519559945168,28.81566820276498,0.4341278076171875,0.814746618270874,0.24004480242729187,2.678697307204286,29.762135922330096,0.43292236328125,0.041916847229003906,-0.006646260619163513,-0.13315464879023065,0.946467719565117,-0.0012054443359375
Altered-Medium,107__M_Right_little_finger_CR.BMP,False,0.4774278402328491,0.12396061420440674,1.2883040397533816,36.6985294117647,0.331634521484375,0.5408430099487305,0.11598942428827286,0.7522685598758757,43.42857142857143,0.32876818202896757,0.06341516971588135,-0.00797118991613388,-0.5360354798775059,6.730042016806728,-0.0028663394554074295
Altered-Medium,590__M_Left_middle_finger_Zcut.BMP,False,0.8149921298027039,0.2896932363510132,2.810987759749502,36.15340909090909,0.4288330078125,0.8571802377700806,0.2841491401195526,1.7613861030231137,46.03731343283582,0.4244842529296875,0.04218810796737671,-0.005544096231460571,-1.0496016567263882,9.88390434192673,-0.0043487548828125
Altered-Medium,261__M_Right_thumb_finger_CR.BMP,False,0.6974157094955444,0.20496760308742523,5.805148914689551,18.03082191780822,0.36273193359375,0.744286835193634,0.19777613878250122,4.951752158456069,20.726190476190474,0.36053466796875,0.0468711256980896,-0.007191464304924011,-0.8533967562334821,2.695368558382256,-0.002197265625
Altered-Medium,454__M_Left_index_finger_CR.BMP,False,0.6171553730964661,0.17818695306777954,7.610804357558573,11.966153846153846,0.3067474365234375,0.6934288144111633,0.17122484743595123,5.595040072584304,15.064,0.3027191162109375,0.07627344131469727,-0.006962105631828308,-2.015764284974269,3.097846153846154,-0.0040283203125
Altered-Medium,221__M_Right_index_finger_CR.BMP,False,0.548564612865448,0.13836178183555603,1.7641005537315626,34.63865546218487,0.32454396539385166,0.5993818640708923,0.13655155897140503,1.6694490818030052,34.83870967741935,0.30223014564902956,0.050817251205444336,-0.001810222864151001,-0.09465147192855738,0.20005421523448064,-0.022313819744822105
Altered-Medium,139__M_Left_little_finger_Zcut.BMP,False,0.6392356157302856,0.17946523427963257,3.1636348499354785,28.543956043956044,0.3665618896484375,0.7057117223739624,0.17298531532287598,2.125619972491977,36.6044776119403,0.3661041259765625,0.06647610664367676,-0.006479918956756592,-1.0380148774435014,8.060521567984253,-0.000457763671875
Altered-Medium,408__M_Right_thumb_finger_Zcut.BMP,False,0.7549548149108887,0.2254524827003479,3.409294814283151,24.19455252918288,0.4251861572265625,0.7974889874458313,0.21866677701473236,2.8828828828828827,28.747663551401867,0.423431396484375,0.04253417253494263,-0.0067857056856155396,-0.5264119314002684,4.553111022218989,-0.0017547607421875
Altered-Medium,91__F_Left_thumb_finger_Obl.BMP,False,0.6307392716407776,0.17607054114341736,3.6913990402362495,17.625954198473284,0.3306884765625,0.6817454099655151,0.16922685503959656,2.8639842246114844,21.903553299492387,0.3249969482421875,0.05100613832473755,-0.006843686103820801,-0.8274148156247652,4.277599101019103,-0.0056915283203125
Altered-Medium,262__M_Left_little_finger_Zcut.BMP,False,0.7239336967468262,0.21152763068675995,7.822958500669344,13.948051948051948,0.36474609375,0.7905886173248291,0.20374524593353271,5.738819928583574,17.399328859060404,0.35894775390625,0.06665492057800293,-0.007782384753227234,-2.08413857208577,3.4512769110084562,-0.00579833984375
Altered-Medium,80__M_Right_little_finger_Obl.BMP,False,0.6641275882720947,0.1685304045677185,4.601226993865031,18.20304568527919,0.2984619140625,0.7526940107345581,0.16030749678611755,3.041585819917143,24.940298507462686,0.2909698486328125,0.08856642246246338,-0.008222907781600952,-1.5596411739478877,6.737252822183496,-0.0074920654296875
Altered-Medium,78__F_Left_middle_finger_CR.BMP,False,0.5851486921310425,0.17503786087036133,3.583037825059102,24.78540772532189,0.4130859375,0.6692667007446289,0.16538003087043762,1.993649856014177,35.472972972972975,0.413299560546875,0.08411800861358643,-0.009657829999923706,-1.5893879690449249,10.687565247651087,0.000213623046875
Altered-Medium,597__M_Right_ring_finger_Obl.BMP,False,0.6103169322013855,0.16204479336738586,4.741021690174232,17.618296529968454,0.3862152099609375,0.7044740319252014,0.15042385458946228,3.380009657170449,21.109704641350213,0.37921142578125,0.09415709972381592,-0.011620938777923584,-1.3610120330037834,3.4914081113817588,-0.0070037841796875
Altered-Medium,288__M_Right_index_finger_Obl.BMP,False,0.7037183046340942,0.19261230528354645,2.0418221502499474,32.118556701030926,0.433441162109375,0.7768222093582153,0.18691548705101013,2.0876034312609124,33.33136094674556,0.41700565061175393,0.0731039047241211,-0.005696818232536316,0.045781281010965014,1.2128042457146364,-0.01643551149762107
Altered-Medium,52__M_Left_little_finger_Zcut.BMP,False,0.751800537109375,0.163694828748703,4.190910200594051,23.573839662447256,0.3750152587890625,0.8597568273544312,0.15042996406555176,1.8643277827210711,47.79047619047619,0.3601226806640625,0.10795629024505615,-0.013264864683151245,-2.32658241787298,24.216636528028936,-0.014892578125
Altered-Medium,497__M_Left_thumb_finger_Zcut.BMP,False,0.6800007820129395,0.19565340876579285,9.406871967521537,11.779448621553884,0.308197021484375,0.7392239570617676,0.18949785828590393,7.502517623363545,13.975460122699387,0.30303955078125,0.059223175048828125,-0.006155550479888916,-1.9043543441579924,2.1960115011455024,-0.005157470703125
Altered-Medium,434__M_Left_middle_finger_CR.BMP,False,0.5864571928977966,0.2126043289899826,15.517847722876736,7.035961272475795,0.34710693359375,0.6396570205688477,0.2044123411178589,13.108866442199776,7.80448717948718,0.3398895263671875,0.053199827671051025,-0.008191987872123718,-2.4089812806769597,0.7685259070113846,-0.0072174072265625
Altered-Medium,145__M_Left_little_finger_Zcut.BMP,False,0.6617423295974731,0.1611945629119873,3.2279502515902405,19.47808764940239,0.321441650390625,0.7303781509399414,0.1533341109752655,2.611850060459492,22.40686274509804,0.3154754638671875,0.06863582134246826,-0.007860451936721802,-0.6161001911307484,2.9287750956956486,-0.0059661865234375
Altered-Medium,307__M_Left_thumb_finger_Zcut.BMP,False,0.7052028775215149,0.20871548354625702,5.829755386615196,17.975460122699385,0.3873748779296875,0.7768696546554565,0.19869989156723022,3.4504894880436527,25.454128440366972,0.38031005859375,0.07166677713394165,-0.010015591979026794,-2.3792658985715436,7.478668317667587,-0.0070648193359375
Altered-Medium,256__M_Right_middle_finger_Zcut.BMP,False,0.7190590500831604,0.2372998297214508,5.714905776395269,16.479768786127167,0.4218597412109375,0.7831789255142212,0.22929330170154572,4.658780709736123,19.846975088967973,0.4192352294921875,0.06411987543106079,-0.00800652801990509,-1.0561250666591455,3.367206302840806,-0.00262451171875
Altered-Medium,451__M_Left_ring_finger_CR.BMP,False,0.7345892786979675,0.22278225421905518,4.330343334364367,22.099236641221374,0.3946533203125,0.7908750176429749,0.2157108187675476,3.3222591362126246,26.309859154929576,0.3903961181640625,0.056285738945007324,-0.007071435451507568,-1.0080841981517428,4.210622513708202,-0.0042572021484375
Altered-Medium,322__M_Left_index_finger_CR.BMP,False,0.7468233108520508,0.21066035330295563,4.52431289640592,22.251063829787235,0.360870361328125,0.8049640655517578,0.20337791740894318,3.190205207794447,27.60989010989011,0.35394287109375,0.05814075469970703,-0.007282435894012451,-1.334107688611473,5.358826280102875,-0.006927490234375
Altered-Medium,301__F_Right_little_finger_Zcut.BMP,False,0.5922800302505493,0.15590950846672058,2.24976840619348,29.652941176470588,0.3459014892578125,0.6501657962799072,0.1489866077899933,1.183068968539129,44.556603773584904,0.348236083984375,0.05788576602935791,-0.006922900676727295,-1.0666994376543513,14.903662597114316,0.0023345947265625
Altered-Medium,198__M_Right_middle_finger_Obl.BMP,False,0.6035369634628296,0.13617606461048126,7.24957139358315,11.72628726287263,0.3115081787109375,0.7444146871566772,0.11784259229898453,4.402054292002934,17.079787234042552,0.2703704833984375,0.14087772369384766,-0.018333472311496735,-2.847517101580215,5.3534999711699225,-0.0411376953125
Altered-Medium,500__M_Left_little_finger_CR.BMP,False,0.5795300006866455,0.1429133117198944,8.518595470600458,10.58495145631068,0.29376220703125,0.6997127532958984,0.13064858317375183,5.016722408026756,14.513513513513514,0.282867431640625,0.12018275260925293,-0.012264728546142578,-3.5018730625737016,3.928562057202834,-0.010894775390625
Altered-Medium,214__M_Left_little_finger_Obl.BMP,False,0.5902197360992432,0.1449824720621109,3.0376670716889427,21.265060240963855,0.276275634765625,0.6439211368560791,0.13927237689495087,2.4667825306946236,25.113636363636363,0.2721710205078125,0.05370140075683594,-0.005710095167160034,-0.5708845409943191,3.848576122672508,-0.0041046142578125
Altered-Medium,585__M_Right_index_finger_Obl.BMP,False,0.6992729902267456,0.1864725649356842,2.125896299499153,31.07017543859649,0.4234771728515625,0.7508482933044434,0.17734210193157196,1.4108454219874833,38.267175572519086,0.4217987060546875,0.051575303077697754,-0.009130463004112244,-0.7150508775116697,7.197000133922597,-0.001678466796875
Altered-Medium,558__M_Left_index_finger_Obl.BMP,False,0.5648016929626465,0.17298772931098938,3.3272561531449405,16.354166666666668,0.33477783203125,0.6197064518928528,0.16676253080368042,2.24863475746868,18.79581151832461,0.3325042724609375,0.0549047589302063,-0.00622519850730896,-1.0786213956762607,2.4416448516579408,-0.0022735595703125
Altered-Medium,504__M_Left_little_finger_CR.BMP,False,0.6497165560722351,0.1770508885383606,11.512566171557793,9.151241534988714,0.2968902587890625,0.7385318279266357,0.16816161572933197,7.23058110479026,13.369337979094077,0.2870025634765625,0.08881527185440063,-0.008889272809028625,-4.281985066767533,4.218096444105363,-0.0098876953125
Altered-Medium,238__M_Right_thumb_finger_CR.BMP,False,0.6650468111038208,0.2131325602531433,8.88529886914378,11.846743295019158,0.41558837890625,0.7442840337753296,0.201496884226799,7.263651940698801,14.034965034965035,0.409637451171875,0.07923722267150879,-0.0116356760263443,-1.6216469284449788,2.1882217399458774,-0.005950927734375
Altered-Medium,596__M_Left_middle_finger_CR.BMP,False,0.7069920301437378,0.23139116168022156,7.307782010417477,14.327176781002638,0.392547607421875,0.7714495062828064,0.22311827540397644,5.99345451677773,16.34169278996865,0.3869781494140625,0.0644574761390686,-0.008272886276245117,-1.3143274936397473,2.0145160089660124,-0.0055694580078125
Altered-Medium,97__M_Left_middle_finger_Obl.BMP,False,0.6737803220748901,0.1742878556251526,2.3060227889310907,30.531645569620252,0.33746337890625,0.7352687120437622,0.1670110523700714,1.5174506828528074,39.69298245614035,0.3318328857421875,0.06148838996887207,-0.007276803255081177,-0.7885721060782833,9.161336886520097,-0.0056304931640625
Altered-Medium,575__M_Right_index_finger_Zcut.BMP,False,0.5917987823486328,0.19467681646347046,3.0315205084188612,21.516,0.4177703857421875,0.6506171226501465,0.1870448887348175,1.807991321641656,26.13368983957219,0.4219818115234375,0.05881834030151367,-0.007631927728652954,-1.2235291867772051,4.6176898395721935,0.00421142578125
Altered-Medium,292__M_Left_index_finger_Obl.BMP,False,0.5686226487159729,0.15318962931632996,2.179300914451756,23.48148148148148,0.357086181640625,0.6724092960357666,0.14137062430381775,0.8382599488220241,32.61538461538461,0.345855712890625,0.1037866473197937,-0.011819005012512207,-1.341040965629732,9.133903133903132,-0.01123046875
Altered-Medium,412__M_Left_middle_finger_Zcut.BMP,False,0.6735539436340332,0.14732058346271515,5.866986424564259,15.582872928176796,0.3563079833984375,0.8141220808029175,0.13017116487026215,3.8021006606149896,23.98989898989899,0.3210601806640625,0.14056813716888428,-0.017149418592453003,-2.0648857639492695,8.407026061722194,-0.035247802734375
Altered-Medium,364__M_Left_thumb_finger_Zcut.BMP,False,0.7049802541732788,0.2109111249446869,4.7764758564071945,19.006230529595015,0.408905029296875,0.7649333477020264,0.2041325867176056,4.006317654763281,21.79553903345725,0.39992913155340554,0.05995309352874756,-0.006778538227081299,-0.7701582016439135,2.789308503862234,-0.008975897743469463
Altered-Medium,6__M_Left_thumb_finger_CR.BMP,False,0.6126304864883423,0.18628472089767456,6.809050539226052,14.473684210526315,0.3607940673828125,0.6840440034866333,0.17639093101024628,4.74690372416174,17.709923664122137,0.3535919189453125,0.07141351699829102,-0.009893789887428284,-2.0621468150643123,3.2362394535958217,-0.0072021484375
Altered-Medium,359__M_Right_index_finger_Obl.BMP,False,0.6307610869407654,0.18637466430664062,6.122868296692007,14.28862973760933,0.3713226318359375,0.7056632041931152,0.17561966180801392,4.333557724671827,17.80392156862745,0.3626708984375,0.07490211725234985,-0.010755002498626709,-1.78931057202018,3.5152918310181214,-0.0086517333984375
Altered-Medium,109__F_Right_thumb_finger_CR.BMP,False,0.6096429228782654,0.2218620479106903,6.9927338073286975,12.507246376811594,0.390594482421875,0.6651304960250854,0.21496950089931488,5.82952576020167,13.91988950276243,0.38739013671875,0.05548757314682007,-0.006892547011375427,-1.1632080471270276,1.4126431259508365,-0.003204345703125
Altered-Medium,24__F_Left_ring_finger_Zcut.BMP,False,0.6109265089035034,0.15882369875907898,7.0319869650973335,13.646929824561404,0.355865478515625,0.7325776815414429,0.14346665143966675,3.420246080042642,19.53818181818182,0.3435211181640625,0.12165117263793945,-0.015357047319412231,-3.6117408850546915,5.891251993620415,-0.0123443603515625
Altered-Medium,272__M_Right_ring_finger_CR.BMP,False,0.745068371295929,0.2217874526977539,5.504512891083499,17.859060402684563,0.3769989013671875,0.8104942440986633,0.21320167183876038,3.793501566881082,22.612334801762113,0.37005615234375,0.06542587280273438,-0.00858578085899353,-1.7110113242024165,4.753274399077551,-0.0069427490234375
Altered-Medium,440__M_Left_little_finger_CR.BMP,False,0.6076607704162598,0.17099861800670624,6.24626831396684,14.844370860927153,0.3322296142578125,0.67676842212677,0.16360899806022644,5.248734265409448,16.735408560311285,0.3285064697265625,0.06910765171051025,-0.007389619946479797,-0.9975340485573918,1.8910376993841318,-0.00372314453125
Altered-Medium,259__M_Left_thumb_finger_CR.BMP,False,0.7474105358123779,0.16304565966129303,4.906391220142027,22.101214574898787,0.3545379638671875,0.8380126357078552,0.14979970455169678,2.4467280572979226,33.06711409395973,0.3430023193359375,0.0906020998954773,-0.013245955109596252,-2.459663162844105,10.965899519060944,-0.01153564453125
Altered-Medium,544__M_Left_middle_finger_Obl.BMP,False,0.6079099178314209,0.18303406238555908,4.13483776017941,19.54391891891892,0.435455322265625,0.6929879784584045,0.17243804037570953,3.4827876965942,21.815899581589957,0.4234769918648699,0.08507806062698364,-0.010596022009849548,-0.65205006358521,2.2719806626710373,-0.011978330400755077
Altered-Medium,321__M_Left_thumb_finger_Zcut.BMP,False,0.6957595944404602,0.20297357439994812,2.7792482795129696,27.451851851851853,0.461181640625,0.7515032887458801,0.19363494217395782,2.5228215767634854,32.525345622119815,0.4596710205078125,0.05574369430541992,-0.009338632225990295,-0.2564267027494842,5.073493770267962,-0.0015106201171875
Altered-Medium,401__M_Right_middle_finger_Obl.BMP,False,0.5645246505737305,0.20306777954101562,3.7915975490030127,17.630177514792898,0.4507293701171875,0.6284910440444946,0.19348257780075073,2.861132872373037,20.522222222222222,0.4479827880859375,0.06396639347076416,-0.009585201740264893,-0.9304646766299758,2.8920447074293243,-0.00274658203125
Altered-Medium,24__F_Left_index_finger_CR.BMP,False,0.649482011795044,0.15501317381858826,3.8060565944067517,21.984962406015036,0.36883544921875,0.727257490158081,0.14317038655281067,1.5543606116619058,35.653333333333336,0.36322021484375,0.07777547836303711,-0.011842787265777588,-2.251695982744846,13.6683709273183,-0.005615234375
Altered-Medium,323__M_Left_ring_finger_Zcut.BMP,False,0.6338433027267456,0.1965479552745819,5.3335488302557685,16.063492063492063,0.3776397705078125,0.6965769529342651,0.18833039700984955,4.033079398704526,19.617886178861788,0.3745574951171875,0.06273365020751953,-0.00821755826473236,-1.3004694315512424,3.5543941153697247,-0.003082275390625
Altered-Medium,551__F_Left_little_finger_Obl.BMP,False,0.538638710975647,0.12858617305755615,2.532092804145566,22.458904109589042,0.259124755859375,0.5950953960418701,0.12341451644897461,1.4121800529567519,28.653061224489797,0.2593231201171875,0.056456685066223145,-0.005171656608581543,-1.1199127511888143,6.194157114900754,0.0001983642578125
Altered-Medium,19__M_Right_index_finger_CR.BMP,False,0.6518747210502625,0.1639949083328247,2.795937667036717,28.523529411764706,0.3711090087890625,0.7378019690513611,0.1536598801612854,1.907368246465149,34.8046875,0.3679962158203125,0.08592724800109863,-0.010335028171539307,-0.888569420571568,6.281158088235294,-0.00311279296875
Altered-Medium,276__M_Right_little_finger_Obl.BMP,False,0.6284468770027161,0.17272846400737762,3.907278953376065,21.735294117647058,0.347564697265625,0.6941900253295898,0.16617156565189362,3.0532324439134473,24.505102040816325,0.3448333740234375,0.06574314832687378,-0.006556898355484009,-0.8540465094626177,2.7698079231692674,-0.0027313232421875
Altered-Medium,355__M_Left_little_finger_Zcut.BMP,False,0.7161180973052979,0.19159987568855286,7.407407407407407,15.576470588235294,0.350189208984375,0.8158190250396729,0.18151289224624634,4.312452763081848,22.912844036697248,0.3432159423828125,0.099700927734375,-0.010086983442306519,-3.0949546443255596,7.336373448461954,-0.0069732666015625
Altered-Medium,487__M_Left_thumb_finger_Zcut.BMP,False,0.7072767019271851,0.21340537071228027,6.7764625150111515,14.36950146627566,0.35577392578125,0.7855396270751953,0.20476365089416504,4.481743486093413,19.296296296296298,0.3472747802734375,0.07826292514801025,-0.008641719818115234,-2.294719028917738,4.926794830020638,-0.0084991455078125
Altered-Medium,14__M_Right_thumb_finger_Obl.BMP,False,0.672052264213562,0.18350163102149963,6.823479550752278,14.406593406593407,0.3600311279296875,0.7340290546417236,0.1755867898464203,5.952635861419211,16.610738255033556,0.3563079833984375,0.06197679042816162,-0.007914841175079346,-0.8708436893330669,2.2041448484401496,-0.00372314453125
Altered-Medium,83__M_Left_index_finger_Zcut.BMP,False,0.6964082717895508,0.212602436542511,7.521688961066712,12.52896725440806,0.3570404052734375,0.7488443851470947,0.20587697625160217,5.865484880083421,14.616564417177914,0.3511962890625,0.052436113357543945,-0.0067254602909088135,-1.656204080983291,2.0875971627698533,-0.0058441162109375
Altered-Medium,324__M_Left_index_finger_CR.BMP,False,0.6155405044555664,0.22756803035736084,6.840220496519534,12.173267326732674,0.3792266845703125,0.6566539406776428,0.22160087525844574,6.1414568674502785,12.902439024390244,0.3751678466796875,0.041113436222076416,-0.0059671550989151,-0.6987636290692558,0.72917169765757,-0.004058837890625
Altered-Medium,324__M_Left_ring_finger_Zcut.BMP,False,0.657034158706665,0.21543355286121368,9.28313563692625,11.667391304347825,0.35504150390625,0.7120187878608704,0.2082565724849701,7.500109013212401,13.005050505050505,0.3499298095703125,0.05498462915420532,-0.007176980376243591,-1.783026623713849,1.3376592007026797,-0.0051116943359375
Altered-Medium,94__M_Right_index_finger_Obl.BMP,False,0.5915027260780334,0.1487503945827484,0.8048430556041571,53.55769230769231,0.4360504150390625,0.6878569722175598,0.13684050738811493,0.6655457475129607,57.0,0.43560791015625,0.09635424613952637,-0.011909887194633484,-0.13929730809119645,3.4423076923076934,-0.0004425048828125
Altered-Medium,40__F_Left_thumb_finger_Obl.BMP,False,0.6077969074249268,0.1922963261604309,8.27517030969198,10.96135265700483,0.3650970458984375,0.6852153539657593,0.18514159321784973,7.366400285727041,12.174556213017752,0.34797265807052974,0.07741844654083252,-0.007154732942581177,-0.908770023964939,1.213203556012921,-0.01712438782790776
Altered-Medium,568__M_Left_middle_finger_Obl.BMP,False,0.6005492210388184,0.15494756400585175,3.686087990487515,18.752895752895753,0.384979248046875,0.6922394037246704,0.14509156346321106,2.755260951163998,23.0,0.3821258544921875,0.09169018268585205,-0.009856000542640686,-0.9308270393235167,4.247104247104247,-0.0028533935546875
Altered-Medium,59__F_Left_thumb_finger_Zcut.BMP,False,0.5922999382019043,0.16543841361999512,1.5206957182911183,36.89473684210526,0.3210906982421875,0.6262943744659424,0.1606568694114685,1.3824006101630277,40.46078431372549,0.320098876953125,0.033994436264038086,-0.004781544208526611,-0.13829510812809054,3.56604747162023,-0.0009918212890625
Altered-Medium,411__M_Right_little_finger_CR.BMP,False,0.5358322262763977,0.1716369092464447,12.494191749703134,8.13953488372093,0.2955474853515625,0.5991336107254028,0.1632583886384964,9.358715303626502,9.174242424242424,0.286956787109375,0.06330138444900513,-0.008378520607948303,-3.1354764460766322,1.0347075405214934,-0.0085906982421875
Altered-Medium,363__M_Left_little_finger_Zcut.BMP,False,0.6631693243980408,0.27215516567230225,6.330845285083434,17.46319018404908,0.3904571533203125,0.7099419832229614,0.2669545114040375,4.027163613392293,22.072289156626507,0.386474609375,0.046772658824920654,-0.0052006542682647705,-2.303681671691141,4.609098972577428,-0.0039825439453125
Altered-Medium,352__M_Left_index_finger_Zcut.BMP,False,0.6469244360923767,0.19038119912147522,2.064772683822124,31.426136363636363,0.3990631103515625,0.6985827684402466,0.18448537588119507,1.3702279907128991,35.42,0.4008941650390625,0.05165833234786987,-0.005895823240280151,-0.6945446931092247,3.9938636363636384,0.0018310546875
Altered-Medium,6__M_Right_little_finger_CR.BMP,False,0.45924457907676697,0.14121468365192413,2.5614980347127148,22.09375,0.3455047607421875,0.5294870138168335,0.13670982420444489,2.1474588403722263,24.96875,0.33228149181783584,0.07024243474006653,-0.004504859447479248,-0.4140391943404884,2.875,-0.013223268924351661
Altered-Medium,234__M_Left_middle_finger_Obl.BMP,False,0.6855489015579224,0.17557136714458466,4.985325453302778,18.30921052631579,0.3795318603515625,0.7891241312026978,0.1624642014503479,1.5428881197614777,37.007751937984494,0.3659210205078125,0.10357522964477539,-0.013107165694236755,-3.4424373335413003,18.698541411668703,-0.01361083984375
Altered-Medium,492__F_Right_middle_finger_Obl.BMP,False,0.5618593096733093,0.1408866047859192,2.401497883425594,25.6,0.3748779296875,0.651029109954834,0.13000497221946716,1.3007174925523435,33.68,0.3636627197265625,0.08916980028152466,-0.010881632566452026,-1.1007803908732505,8.079999999999998,-0.0112152099609375
Altered-Medium,464__M_Left_ring_finger_Zcut.BMP,False,0.6875602602958679,0.19510367512702942,7.1998177261335154,17.02675585284281,0.3348541259765625,0.7490289807319641,0.18790529668331146,5.2011414894596335,23.698564593301434,0.331512451171875,0.06146872043609619,-0.0071983784437179565,-1.998676236673882,6.671808740458623,-0.0033416748046875
Altered-Medium,170__M_Left_index_finger_CR.BMP,False,0.633978009223938,0.1776224821805954,3.514299563742123,19.73507462686567,0.37774658203125,0.6974243521690369,0.1691768765449524,3.2763014197306153,22.078602620087338,0.3772430419921875,0.06344634294509888,-0.008445605635643005,-0.23799814401150776,2.3435279932216666,-0.0005035400390625
Altered-Medium,380__M_Left_little_finger_Obl.BMP,False,0.5980619788169861,0.15472041070461273,5.51593492311121,16.87224669603524,0.27386474609375,0.6629700064659119,0.1495455801486969,4.396595456851362,19.287958115183248,0.2707061767578125,0.06490802764892578,-0.0051748305559158325,-1.1193394662598486,2.415711419148007,-0.0031585693359375
Altered-Medium,114__F_Left_index_finger_Zcut.BMP,False,0.7004108428955078,0.18091949820518494,7.29364863640482,14.786549707602338,0.336822509765625,0.7990516424179077,0.1706910878419876,3.3302497687326547,26.252747252747252,0.32989501953125,0.0986407995223999,-0.010228410363197327,-3.963398867672165,11.466197545144913,-0.006927490234375
Altered-Medium,292__M_Left_thumb_finger_CR.BMP,False,0.5908668041229248,0.17332643270492554,6.838697911917571,11.881067961165048,0.334686279296875,0.6747976541519165,0.16265276074409485,5.068994649394536,14.050955414012739,0.325103759765625,0.0839308500289917,-0.010673671960830688,-1.7697032625230342,2.169887452847691,-0.00958251953125
Altered-Medium,275__F_Left_little_finger_Zcut.BMP,False,0.6099064946174622,0.1704273521900177,9.749162181375038,11.339066339066338,0.300506591796875,0.6792850494384766,0.1632498800754547,7.109370975220235,13.922118380062305,0.2961883544921875,0.0693785548210144,-0.007177472114562988,-2.6397912061548023,2.583052040995966,-0.0043182373046875
Altered-Medium,345__M_Left_little_finger_Obl.BMP,False,0.6212141513824463,0.13125115633010864,5.597885243352511,16.582995951417004,0.2943878173828125,0.7226854562759399,0.11927931755781174,3.6832412523020257,22.264150943396228,0.2734222412109375,0.10147130489349365,-0.011971838772296906,-1.9146439910504855,5.6811549919792235,-0.020965576171875
Altered-Medium,17__M_Left_thumb_finger_Zcut.BMP,False,0.7444426417350769,0.19112472236156464,4.555332664660648,19.388461538461538,0.3651123046875,0.8251924514770508,0.18202471733093262,3.164963004148668,26.366666666666667,0.3567657470703125,0.08074980974197388,-0.009100005030632019,-1.3903696605119804,6.978205128205129,-0.0083465576171875
Altered-Medium,105__M_Left_index_finger_CR.BMP,False,0.6836094856262207,0.20849911868572235,5.608502961132682,16.31024096385542,0.3890533447265625,0.7448233962059021,0.20015904307365417,4.423206034516804,18.813186813186814,0.3863677978515625,0.061213910579681396,-0.008340075612068176,-1.1852969266158784,2.502945849331393,-0.002685546875
Altered-Medium,470__F_Left_middle_finger_Obl.BMP,False,0.5984839797019958,0.1547369509935379,0.9755621676991366,48.76712328767123,0.3128204345703125,0.6401638984680176,0.15080010890960693,0.6825273010920436,64.60377358490567,0.31298828125,0.04167991876602173,-0.003936842083930969,-0.293034866607093,15.836650297234435,0.0001678466796875
Altered-Medium,113__M_Left_index_finger_Zcut.BMP,False,0.6698781251907349,0.20651167631149292,9.266537045463949,11.650319829424307,0.3688507080078125,0.73100346326828,0.198462575674057,7.895726281488908,12.703614457831325,0.3652496337890625,0.061125338077545166,-0.008049100637435913,-1.3708107639750402,1.0532946284070182,-0.00360107421875
Altered-Medium,140__F_Right_index_finger_Obl.BMP,False,0.5922892689704895,0.14670267701148987,1.0857763300760044,46.108333333333334,0.4356536865234375,0.684826672077179,0.13770420849323273,0.7249791568492406,63.11842105263158,0.42822992502444857,0.09253740310668945,-0.008998468518257141,-0.36079717322676375,17.010087719298248,-0.0074237614989889344
Altered-Medium,303__F_Left_ring_finger_Obl.BMP,False,0.541732907295227,0.13559728860855103,8.24332006822058,10.65,0.268402099609375,0.6133320331573486,0.12678642570972443,5.7440634807840345,13.975308641975309,0.2576751708984375,0.07159912586212158,-0.008810862898826599,-2.4992565874365456,3.325308641975308,-0.0107269287109375
Altered-Medium,255__M_Left_little_finger_CR.BMP,False,0.7029340267181396,0.1783399134874344,3.489821354383049,22.73170731707317,0.367279052734375,0.7742369174957275,0.16859394311904907,1.9929610312513253,32.778481012658226,0.3598480224609375,0.07130289077758789,-0.009745970368385315,-1.496860323131724,10.046773695585056,-0.0074310302734375
Altered-Medium,512__M_Right_ring_finger_CR.BMP,False,0.6646939516067505,0.2124025821685791,6.236462767943835,16.005434782608695,0.408599853515625,0.7327825427055359,0.20295730233192444,4.862236628849271,18.061093247588424,0.4048309326171875,0.0680885910987854,-0.009445279836654663,-1.3742261390945645,2.0556584649797287,-0.0037689208984375
Altered-Medium,230__M_Right_ring_finger_Obl.BMP,False,0.7271190881729126,0.1956891119480133,2.8167102182102015,35.56989247311828,0.4496307373046875,0.8039169907569885,0.1856503188610077,1.5717360850104214,54.64912280701754,0.4465789794921875,0.07679790258407593,-0.010038793087005615,-1.2449741331997801,19.07923033389926,-0.0030517578125
Altered-Medium,34__M_Left_middle_finger_CR.BMP,False,0.6905673742294312,0.17965960502624512,1.625487646293888,35.064935064935064,0.37548828125,0.7648743391036987,0.17161564528942108,0.9830425165888425,46.31531531531532,0.372528076171875,0.07430696487426758,-0.008043959736824036,-0.6424451297050456,11.250380250380253,-0.002960205078125
Altered-Medium,444__M_Right_little_finger_CR.BMP,False,0.7294760942459106,0.201210618019104,2.3872242344418835,29.84180790960452,0.3707275390625,0.7945197224617004,0.19399568438529968,1.7895043489117317,40.950819672131146,0.3666534423828125,0.0650436282157898,-0.007214933633804321,-0.5977198855301518,11.109011762526627,-0.0040740966796875
Altered-Medium,545__M_Left_ring_finger_Zcut.BMP,False,0.611945390701294,0.18626198172569275,6.317178955308316,15.262987012987013,0.32366943359375,0.6574011445045471,0.18086710572242737,5.214011470825236,16.901459854014597,0.3219146728515625,0.045455753803253174,-0.005394876003265381,-1.1031674844830803,1.6384728410275837,-0.0017547607421875
Altered-Medium,289__F_Right_little_finger_Obl.BMP,False,0.5242550373077393,0.176545187830925,13.40975451497783,6.977911646586345,0.282196044921875,0.5917246341705322,0.16868185997009277,10.925022182786158,7.893034825870647,0.275146484375,0.06746959686279297,-0.007863327860832214,-2.4847323321916726,0.9151231792843015,-0.007049560546875
Altered-Medium,211__M_Left_thumb_finger_Obl.BMP,False,0.5417419672012329,0.18341921269893646,8.70451360876396,9.203592814371257,0.3593597412109375,0.6072590351104736,0.17446593940258026,7.459126588316926,9.909512761020881,0.3518524169921875,0.06551706790924072,-0.008953273296356201,-1.2453870204470343,0.7059199466496242,-0.00750732421875
Altered-Medium,131__M_Left_ring_finger_Zcut.BMP,False,0.6646287441253662,0.13738247752189636,15.596568754873928,8.659284497444634,0.2935028076171875,0.7875866293907166,0.12224031984806061,7.849666983824929,15.449799196787149,0.256591796875,0.12295788526535034,-0.015142157673835754,-7.746901771048999,6.7905146993425145,-0.0369110107421875
Altered-Medium,58__M_Left_middle_finger_CR.BMP,False,0.6853467226028442,0.19136744737625122,2.5268477574226154,32.72222222222222,0.386474609375,0.7535618543624878,0.18348433077335358,1.949783136365445,39.33846153846154,0.3834686279296875,0.06821513175964355,-0.007883116602897644,-0.5770646210571704,6.616239316239316,-0.0030059814453125
Altered-Medium,248__M_Left_thumb_finger_CR.BMP,False,0.6954384446144104,0.20057033002376556,4.759812536613943,20.590443686006825,0.4229893602193003,0.759204626083374,0.19293348491191864,3.9111448642490982,23.915966386554622,0.41557519330913684,0.06376618146896362,-0.007636845111846924,-0.8486676723648445,3.325522700547797,-0.007414166910163444
Altered-Medium,332__M_Right_middle_finger_Obl.BMP,False,0.7034919261932373,0.2113267481327057,4.27948957360722,19.0580204778157,0.3922119140625,0.770786464214325,0.20089182257652283,3.1445289177247937,24.34562211981567,0.3833465576171875,0.06729453802108765,-0.010434925556182861,-1.1349606558824266,5.28760164199997,-0.0088653564453125
Altered-Medium,550__F_Right_thumb_finger_CR.BMP,False,0.6442708373069763,0.19067272543907166,2.9015461663818116,30.519774011299436,0.4509508702120414,0.7527567148208618,0.18941305577754974,2.7452415812591506,32.28888888888889,0.42676664128248687,0.1084858775138855,-0.0012596696615219116,-0.156304585122661,1.7691148775894554,-0.02418422892955452
Altered-Medium,474__M_Right_index_finger_Zcut.BMP,False,0.5794458389282227,0.15225020051002502,0.571910180001204,71.72631578947369,0.506927490234375,0.7324291467666626,0.17671261727809906,0.9944123496543233,50.75308641975309,0.425851986287558,0.15298330783843994,0.024462416768074036,0.4225021696531194,-20.9732293697206,-0.081075503946817
Altered-Medium,73__M_Right_little_finger_CR.BMP,False,0.681407630443573,0.19436553120613098,3.766773915090638,20.93884892086331,0.388885498046875,0.7563929557800293,0.18651339411735535,2.233211038443133,26.941463414634146,0.38262939453125,0.0749853253364563,-0.007852137088775635,-1.5335628766475051,6.002614493770835,-0.006256103515625
Altered-Medium,140__F_Right_thumb_finger_CR.BMP,False,0.691393256187439,0.17991656064987183,1.3770225017995181,56.075630252100844,0.5198822036380203,0.8109778165817261,0.18570244312286377,1.552072016141549,56.32222222222222,0.49739452657582894,0.11958456039428711,0.005785882472991943,0.17504951434203098,0.24659197012137923,-0.022487677062191347
Altered-Medium,161__F_Left_middle_finger_Obl.BMP,False,0.6731653809547424,0.1886257827281952,8.925592258925592,11.817021276595744,0.3658447265625,0.7656687498092651,0.1757742315530777,5.9038027435318625,16.724590163934426,0.35150146484375,0.0925033688545227,-0.012851551175117493,-3.0217895153937295,4.907568887338682,-0.01434326171875
Altered-Medium,40__F_Left_middle_finger_Zcut.BMP,False,0.6320157051086426,0.1911562979221344,4.542174300632508,19.44396551724138,0.3594512939453125,0.7058185935020447,0.18276166915893555,2.91220556745182,26.61875,0.356292724609375,0.0738028883934021,-0.008394628763198853,-1.6299687331806885,7.174784482758618,-0.0031585693359375
Altered-Medium,176__M_Right_thumb_finger_Zcut.BMP,False,0.6812048554420471,0.2114609181880951,10.4056703362992,12.126984126984127,0.40472412109375,0.7342299222946167,0.20129156112670898,9.672819761840532,13.664583333333333,0.3959503173828125,0.05302506685256958,-0.010169357061386108,-0.7328505744586682,1.5375992063492063,-0.0087738037109375
Altered-Medium,386__M_Right_little_finger_CR.BMP,False,0.7386976480484009,0.19799432158470154,4.97086047308879,19.885245901639344,0.3560791015625,0.815388023853302,0.18886500597000122,3.2402136789561258,29.557692307692307,0.348480224609375,0.07669037580490112,-0.009129315614700317,-1.7306467941326646,9.672446406052963,-0.007598876953125
Altered-Medium,581__F_Right_middle_finger_Zcut.BMP,False,0.6112234592437744,0.1594839096069336,1.1614401858304297,45.27891156462585,0.42041015625,0.7042393684387207,0.14843803644180298,0.555432126194179,59.88421052631579,0.412078857421875,0.09301590919494629,-0.011045873165130615,-0.6060080596362507,14.60529896168994,-0.008331298828125
Altered-Medium,434__M_Right_little_finger_Obl.BMP,False,0.59392249584198,0.1692356914281845,13.214550853749072,8.465483234714004,0.3083038330078125,0.6814908981323242,0.15871021151542664,8.60479409956976,10.940509915014164,0.29791259765625,0.08756840229034424,-0.010525479912757874,-4.609756754179312,2.475026680300161,-0.0103912353515625
Altered-Medium,226__M_Left_index_finger_CR.BMP,False,0.6741458773612976,0.25699278712272644,11.49478349182901,11.582627118644067,0.330535888671875,0.7190396189689636,0.2519039213657379,9.071779284545242,13.129032258064516,0.3263092041015625,0.044893741607666016,-0.005088865756988525,-2.4230042072837676,1.5464051394204485,-0.0042266845703125
Altered-Medium,173__F_Right_index_finger_CR.BMP,False,0.5635660886764526,0.15445277094841003,2.9701691705049287,23.738095238095237,0.3544769287109375,0.6443569660186768,0.14532330632209778,1.9855829412526438,27.028901734104046,0.3535003662109375,0.08079087734222412,-0.009129464626312256,-0.9845862292522849,3.290806496008809,-0.0009765625
Altered-Medium,597__M_Left_ring_finger_CR.BMP,False,0.5423247814178467,0.16709701716899872,7.6016260162601625,12.10513447432763,0.3753662109375,0.6226189136505127,0.15483853220939636,5.3712739349706835,14.221518987341772,0.3721466064453125,0.08029413223266602,-0.012258484959602356,-2.230352081289479,2.116384513014143,-0.0032196044921875
Altered-Medium,387__F_Right_little_finger_Zcut.BMP,False,0.6845208406448364,0.1719197928905487,4.359972908906197,21.084291187739463,0.3604736328125,0.7701951265335083,0.16216307878494263,2.0616785499527532,32.265822784810126,0.355255126953125,0.08567428588867188,-0.009756714105606079,-2.298294358953444,11.181531597070663,-0.005218505859375
Altered-Medium,579__M_Left_index_finger_Obl.BMP,False,0.647847592830658,0.17941907048225403,3.1672391488602396,24.333333333333332,0.3420562744140625,0.6981320977210999,0.17316560447216034,2.746757925072046,28.416666666666668,0.3388671875,0.050284504890441895,-0.006253466010093689,-0.4204812237881934,4.083333333333336,-0.0031890869140625
Altered-Medium,261__M_Right_index_finger_Zcut.BMP,False,0.6657898426055908,0.17088113725185394,1.7610801291458762,40.11678832116788,0.3639068603515625,0.7255600094795227,0.16369599103927612,1.4370245139475908,42.896,0.36102294921875,0.059770166873931885,-0.00718514621257782,-0.3240556151982854,2.7792116788321195,-0.0028839111328125
Altered-Medium,237__M_Left_thumb_finger_Zcut.BMP,False,0.7234870195388794,0.23228871822357178,5.606304151801466,16.50479233226837,0.3892059326171875,0.7924938201904297,0.22401653230190277,4.474361512571768,19.37837837837838,0.3853607177734375,0.06900680065155029,-0.008272185921669006,-1.131942639229698,2.8735860461100096,-0.00384521484375
Altered-Medium,432__M_Left_middle_finger_Obl.BMP,False,0.6203091144561768,0.17273753881454468,10.983549525371503,9.852607709750567,0.3070220947265625,0.7040314674377441,0.1641506552696228,7.678132678132678,12.900641025641026,0.298095703125,0.08372235298156738,-0.008586883544921875,-3.305416847238825,3.048033315890459,-0.0089263916015625
Altered-Medium,149__F_Left_ring_finger_Obl.BMP,False,0.6373457908630371,0.16550301015377045,5.398566005904681,17.524539877300615,0.361785888671875,0.7452020645141602,0.15319211781024933,2.5346326967617885,28.9438202247191,0.3491668701171875,0.10785627365112305,-0.012310892343521118,-2.8639333091428925,11.419280347418486,-0.0126190185546875
Altered-Medium,69__M_Right_thumb_finger_Zcut.BMP,False,0.7003824710845947,0.22260981798171997,5.333438685208597,16.62619808306709,0.38623046875,0.7513546943664551,0.21560154855251312,4.302274628530454,20.253968253968253,0.3830413818359375,0.05097222328186035,-0.007008269429206848,-1.0311640566781426,3.6277701709011616,-0.0031890869140625
Altered-Medium,391__M_Right_little_finger_Zcut.BMP,False,0.6339380741119385,0.17049241065979004,5.354551368663364,17.50965250965251,0.3049163818359375,0.6876895427703857,0.16430290043354034,3.7354871277132764,22.02,0.302276611328125,0.053751468658447266,-0.006189510226249695,-1.6190642409500873,4.510347490347488,-0.0026397705078125
Altered-Medium,326__M_Left_index_finger_CR.BMP,False,0.6310553550720215,0.19030871987342834,8.463696448100423,12.019283746556473,0.3209075927734375,0.6770848035812378,0.18404634296894073,7.263570771391216,13.034375,0.3151092529296875,0.04602944850921631,-0.00626237690448761,-1.2001256767092068,1.0150912534435275,-0.00579833984375
Altered-Medium,267__M_Left_index_finger_Zcut.BMP,False,0.7147650122642517,0.1842881590127945,2.3161751996404742,38.55,0.4413909912109375,0.7797468900680542,0.17486229538917542,1.0788237341221507,61.88461538461539,0.4384613037109375,0.06498187780380249,-0.00942586362361908,-1.2373514655183235,23.33461538461539,-0.0029296875
Altered-Medium,577__M_Right_ring_finger_Obl.BMP,False,0.6405796408653259,0.16442635655403137,13.884843188659094,8.762237762237762,0.314300537109375,0.744500458240509,0.1508738100528717,7.908792111750205,11.853185595567867,0.297119140625,0.1039208173751831,-0.013552546501159668,-5.976051076908889,3.0909478333301053,-0.017181396484375
Altered-Medium,106__M_Right_middle_finger_Zcut.BMP,False,0.6598538160324097,0.1992921233177185,4.982064567556796,18.386861313868614,0.382843017578125,0.720274806022644,0.19226232171058655,3.612136779579387,21.644444444444446,0.38018798828125,0.060420989990234375,-0.007029801607131958,-1.3699277879774088,3.2575831305758314,-0.002655029296875
Altered-Medium,270__M_Left_middle_finger_CR.BMP,False,0.8332502245903015,0.2157161980867386,1.6414371694327923,53.26829268292683,0.4183197021484375,0.8664306402206421,0.2087400257587433,0.9217949190664062,83.02631578947368,0.4138336181640625,0.033180415630340576,-0.0069761723279953,-0.7196422503663861,29.758023106546858,-0.004486083984375
Altered-Medium,12__M_Right_little_finger_CR.BMP,False,0.6771159172058105,0.18407367169857025,5.182484957617814,19.199261992619927,0.3474273681640625,0.7586736679077148,0.17451778054237366,2.9417008379390266,28.038888888888888,0.34234619140625,0.0815577507019043,-0.009555891156196594,-2.2407841196787874,8.83962689626896,-0.0050811767578125
Altered-Medium,432__M_Left_index_finger_CR.BMP,False,0.6431999206542969,0.17969293892383575,6.105773547634013,15.841379310344827,0.339874267578125,0.722130298614502,0.17178496718406677,4.235358411512888,19.358407079646017,0.335052490234375,0.07893037796020508,-0.007907971739768982,-1.8704151361211245,3.5170277693011904,-0.00482177734375
Altered-Medium,262__M_Left_little_finger_CR.BMP,False,0.7063311338424683,0.20916983485221863,8.5155058464667,12.757869249394673,0.36016845703125,0.773197591304779,0.20124800503253937,6.287953830914337,15.570552147239264,0.3542938232421875,0.06686645746231079,-0.00792182981967926,-2.227552015552363,2.8126828978445904,-0.0058746337890625
Altered-Medium,360__M_Left_index_finger_Obl.BMP,False,0.7122025489807129,0.19801458716392517,3.0191458026509572,24.09051724137931,0.4144287109375,0.7801089286804199,0.1895296573638916,1.928211213289825,32.85,0.4114990234375,0.06790637969970703,-0.00848492980003357,-1.0909345893611322,8.759482758620692,-0.0029296875
Altered-Medium,27__M_Left_ring_finger_CR.BMP,False,0.6380505561828613,0.17650452256202698,7.798464804834231,12.45086705202312,0.37371826171875,0.7209494113922119,0.16562460362911224,5.604247429630878,14.997442455242966,0.36212158203125,0.08289885520935059,-0.010879918932914734,-2.194217375203353,2.5465754032198458,-0.0115966796875
Altered-Medium,564__M_Left_little_finger_Obl.BMP,False,0.5162304639816284,0.15331926941871643,8.133167055251315,10.978947368421053,0.2814178466796875,0.5683043599128723,0.1472119688987732,6.5200574649132506,12.623762376237623,0.276153564453125,0.052073895931243896,-0.006107300519943237,-1.6131095903380643,1.64481500781657,-0.0052642822265625
Altered-Medium,463__F_Left_ring_finger_Obl.BMP,False,0.6993728280067444,0.1913651078939438,3.849961500384996,25.76050420168067,0.4161529541015625,0.7741639018058777,0.18146277964115143,2.0733829464252658,37.92,0.4121246337890625,0.0747910737991333,-0.009902328252792358,-1.7765785539597303,12.15949579831933,-0.0040283203125
Altered-Medium,194__M_Right_middle_finger_CR.BMP,False,0.46210211515426636,0.17222361266613007,25.261506276150627,4.660398230088496,0.291748046875,0.5473814010620117,0.15704776346683502,19.840160956798748,5.426470588235294,0.2730255126953125,0.08527928590774536,-0.015175849199295044,-5.421345319351879,0.7660723581467987,-0.0187225341796875
Altered-Medium,342__M_Left_middle_finger_Zcut.BMP,False,0.6971564292907715,0.18194198608398438,5.547422759842823,17.982507288629737,0.396087646484375,0.8021743297576904,0.17038244009017944,3.052479160959574,25.990867579908677,0.3899078369140625,0.10501790046691895,-0.011559545993804932,-2.4949435988832493,8.00836029127894,-0.0061798095703125
Altered-Medium,556__F_Right_little_finger_CR.BMP,False,0.5417829751968384,0.15253320336341858,5.900887997708393,14.872146118721462,0.2663421630859375,0.5993185043334961,0.14671632647514343,4.767441860465117,16.641304347826086,0.262451171875,0.057535529136657715,-0.0058168768882751465,-1.1334461372432765,1.7691582291046242,-0.0038909912109375
Altered-Medium,125__M_Left_middle_finger_CR.BMP,False,0.5911163091659546,0.15600639581680298,19.575008661508257,6.287648054145516,0.264251708984375,0.722582221031189,0.140464186668396,13.187360039810898,8.017283950617283,0.24530029296875,0.13146591186523438,-0.015542209148406982,-6.387648621697359,1.729635896471767,-0.018951416015625
Altered-Medium,376__F_Left_thumb_finger_CR.BMP,False,0.6625497341156006,0.19919145107269287,5.297587992133884,16.486725663716815,0.3802032470703125,0.7208143472671509,0.19153942167758942,3.8328088437020895,20.968379446640316,0.378204345703125,0.05826461315155029,-0.007652029395103455,-1.464779148431795,4.481653782923502,-0.0019989013671875
Altered-Medium,196__M_Left_ring_finger_Obl.BMP,False,0.6589754223823547,0.14466387033462524,7.879273504273505,13.662068965517241,0.3427734375,0.7648821473121643,0.13108721375465393,5.810932111305333,16.84193548387097,0.3229827880859375,0.10590672492980957,-0.013576656579971313,-2.068341392968172,3.1798665183537285,-0.0197906494140625
Altered-Medium,528__F_Left_thumb_finger_Obl.BMP,False,0.6983866095542908,0.20325450599193573,6.507330789315124,15.280346820809248,0.3798675537109375,0.7757293581962585,0.19369429349899292,4.3494317016125725,20.764705882352942,0.3718719482421875,0.07734274864196777,-0.00956021249294281,-2.1578990877025515,5.484359061543694,-0.00799560546875
Altered-Medium,248__M_Right_index_finger_Zcut.BMP,False,0.67093825340271,0.1966581493616104,4.282890401932791,18.95498392282958,0.416839599609375,0.7376013398170471,0.18786309659481049,2.8928192171079132,23.380165289256198,0.4167022705078125,0.06666308641433716,-0.008795052766799927,-1.390071184824878,4.425181366426617,-0.0001373291015625
Altered-Medium,54__M_Right_thumb_finger_Obl.BMP,False,0.6437960267066956,0.16833943128585815,2.235597592433362,28.941176470588236,0.4681210755111898,0.7586702108383179,0.1621212661266327,1.7834296126856124,35.41258741258741,0.4484257375823641,0.11487418413162231,-0.006218165159225464,-0.4521679797477498,6.471410941999178,-0.019695337928825718
Altered-Medium,188__M_Left_little_finger_Zcut.BMP,False,0.6559939384460449,0.176333487033844,4.7264513970219175,19.151006711409394,0.36480712890625,0.727401614189148,0.17040087282657623,4.13313986721189,22.455696202531644,0.35457819491432935,0.07140767574310303,-0.005932614207267761,-0.5933115298100278,3.30468949112225,-0.010228933991920652
Altered-Medium,300__F_Right_ring_finger_Zcut.BMP,False,0.6157184839248657,0.18875601887702942,3.7161494366475587,18.085545722713864,0.3859710693359375,0.6713439226150513,0.1818528175354004,2.81076801266825,20.314487632508833,0.38543701171875,0.05562543869018555,-0.006903201341629028,-0.9053814239793088,2.228941909794969,-0.0005340576171875
Altered-Medium,481__F_Right_thumb_finger_Zcut.BMP,False,0.6420453190803528,0.1745053380727768,1.1835143414090783,58.24561403508772,0.5467938103123394,0.7711784839630127,0.1769479364156723,1.1232215658540643,54.365591397849464,0.5292149178812029,0.1291331648826599,0.002442598342895508,-0.060292775555014,-3.8800226372382554,-0.017578892431136528
Altered-Medium,298__M_Right_little_finger_Zcut.BMP,False,0.6378223896026611,0.200645312666893,6.346788525006347,14.96103896103896,0.360626220703125,0.6960312128067017,0.1941862553358078,5.1557373556606585,17.05019305019305,0.3581085205078125,0.05820882320404053,-0.006459057331085205,-1.1910511693456884,2.089154089154091,-0.0025177001953125
Altered-Medium,34__M_Right_ring_finger_Zcut.BMP,False,0.7317166328430176,0.18679988384246826,1.423434222355409,49.837037037037035,0.4073486328125,0.7876452207565308,0.17834439873695374,0.9806879903439951,59.14678899082569,0.404541015625,0.055928587913513184,-0.008455485105514526,-0.44274623201141394,9.309751953788655,-0.0028076171875
Altered-Medium,398__M_Left_middle_finger_Zcut.BMP,False,0.6640132069587708,0.21791082620620728,10.017581878398822,10.883858267716535,0.3731842041015625,0.7230277061462402,0.20952671766281128,8.596702520868806,12.289293849658314,0.3674163818359375,0.05901449918746948,-0.008384108543395996,-1.4208793575300156,1.405435581941779,-0.005767822265625
Altered-Medium,392__M_Right_ring_finger_CR.BMP,False,0.7117884159088135,0.2133115530014038,5.846821033067451,16.375366568914956,0.394073486328125,0.7873646020889282,0.20312680304050446,4.686515437933207,19.189090909090908,0.387451171875,0.07557618618011475,-0.010184749960899353,-1.1603055951342442,2.813724340175952,-0.006622314453125
Altered-Medium,210__M_Right_ring_finger_Zcut.BMP,False,0.6999701857566833,0.189947247505188,2.617366015787287,29.828125,0.367279052734375,0.7557593584060669,0.18265795707702637,1.845018450184502,39.0,0.3638916015625,0.055789172649383545,-0.007289290428161621,-0.7723475656027852,9.171875,-0.003387451171875
Altered-Medium,338__M_Left_middle_finger_CR.BMP,False,0.6624974012374878,0.1647922694683075,3.421942160831281,23.435146443514643,0.3656463623046875,0.7435767650604248,0.15540216863155365,1.7618927762396173,35.95744680851064,0.363739013671875,0.08107936382293701,-0.009390100836753845,-1.660049384591664,12.522300364995996,-0.0019073486328125
Altered-Medium,266__M_Right_little_finger_Obl.BMP,False,0.6887533068656921,0.18853452801704407,4.674734588667046,19.390041493775932,0.3492584228515625,0.7450401186943054,0.18033656477928162,3.955379760899515,22.647959183673468,0.3433380126953125,0.05628681182861328,-0.008197963237762451,-0.7193548277675306,3.2579176898975355,-0.00592041015625
Altered-Medium,9__M_Left_index_finger_Obl.BMP,False,0.5397499799728394,0.14940500259399414,4.95328154902623,16.083769633507853,0.271087646484375,0.6106346249580383,0.1413266360759735,3.593786227683747,20.036231884057973,0.26324462890625,0.07088464498519897,-0.00807836651802063,-1.3594953213424832,3.95246225055012,-0.007843017578125
Altered-Medium,296__M_Right_ring_finger_CR.BMP,False,0.6466881036758423,0.18575704097747803,2.553681257418264,25.10091743119266,0.4242401123046875,0.7108178734779358,0.177628293633461,1.6871275755617776,30.429411764705883,0.425079345703125,0.0641297698020935,-0.008128747344017029,-0.8665536818564865,5.328494333513223,0.0008392333984375
Altered-Medium,326__M_Left_little_finger_Obl.BMP,False,0.5927636623382568,0.15469077229499817,4.158652596558715,18.82587064676617,0.2935333251953125,0.6743775606155396,0.14634114503860474,2.5976779939564225,26.413533834586467,0.2878265380859375,0.08161389827728271,-0.008349627256393433,-1.5609746026022928,7.587663187820297,-0.005706787109375
Altered-Medium,48__F_Right_ring_finger_CR.BMP,False,0.7483370900154114,0.19424349069595337,4.623844038990252,21.71825396825397,0.366302490234375,0.8210870027542114,0.18657410144805908,2.629123908065474,33.455128205128204,0.359832763671875,0.07274991273880005,-0.007669389247894287,-1.9947201309247782,11.736874236874236,-0.0064697265625
Altered-Medium,87__M_Right_middle_finger_Zcut.BMP,False,0.7005602121353149,0.22631606459617615,5.4887611082070045,17.140401146131804,0.408660888671875,0.7642409801483154,0.21763652563095093,4.448968819515138,18.924590163934425,0.4047088623046875,0.06368076801300049,-0.00867953896522522,-1.0397922886918662,1.7841890178026212,-0.0039520263671875
Altered-Medium,138__M_Left_little_finger_Zcut.BMP,False,0.6565400958061218,0.19826740026474,3.8763354448331286,21.01834862385321,0.322784423828125,0.7078912258148193,0.192643940448761,3.516775971865792,21.612745098039216,0.321075439453125,0.05135113000869751,-0.005623459815979004,-0.3595594729673368,0.5943964741860057,-0.001708984375
Altered-Medium,348__F_Right_little_finger_Zcut.BMP,False,0.6075212359428406,0.12814541161060333,5.206738131699847,17.22127659574468,0.2490997314453125,0.6900039911270142,0.12017318606376648,4.168537164112101,19.465608465608465,0.2379302978515625,0.08248275518417358,-0.007972225546836853,-1.0382009675877457,2.2443318698637853,-0.01116943359375
Altered-Medium,250__F_Right_index_finger_Obl.BMP,False,0.7191606760025024,0.19690647721290588,1.1167890622356087,57.772277227722775,0.4508819580078125,0.7870428562164307,0.18815678358078003,0.8148299042574862,75.68055555555556,0.449432373046875,0.06788218021392822,-0.008749693632125854,-0.30195915797812245,17.908278327832782,-0.0014495849609375
Altered-Medium,531__M_Right_index_finger_CR.BMP,False,0.7120431065559387,0.20172956585884094,2.512044046799725,29.54945054945055,0.44342041015625,0.7827717661857605,0.19252240657806396,2.217986484144862,34.03973509933775,0.4402923583984375,0.07072865962982178,-0.009207159280776978,-0.2940575626548627,4.490284549887196,-0.0031280517578125
Altered-Medium,191__F_Right_index_finger_Obl.BMP,False,0.7069547176361084,0.20565152168273926,1.5988696363501154,35.81944444444444,0.410369873046875,0.7766401171684265,0.19922371208667755,1.1803678178425923,40.84347826086957,0.4049120426758761,0.06968539953231812,-0.0064278095960617065,-0.4185018185075231,5.024033816425124,-0.005457830370998895
Altered-Medium,314__M_Right_little_finger_Zcut.BMP,False,0.7029536962509155,0.21080848574638367,3.674436981430265,22.307984790874524,0.386199951171875,0.7597581744194031,0.20338988304138184,2.6241501331954993,26.83809523809524,0.3837738037109375,0.05680447816848755,-0.007418602705001831,-1.0502868482347658,4.530110447220714,-0.0024261474609375
Altered-Medium,153__M_Left_ring_finger_Obl.BMP,False,0.6407724618911743,0.1819765418767929,7.675578866572854,14.120987654320988,0.3578338623046875,0.7267163991928101,0.16968703269958496,6.106735109301709,15.633136094674557,0.344818115234375,0.08594393730163574,-0.012289509177207947,-1.5688437572711456,1.5121484403535685,-0.0130157470703125
Altered-Medium,213__M_Left_index_finger_CR.BMP,False,0.6810257434844971,0.14039921760559082,3.4621243595069933,20.682008368200837,0.3305511474609375,0.7813911437988281,0.12715253233909607,2.63091323045788,27.138157894736842,0.3015899658203125,0.10036540031433105,-0.013246685266494751,-0.8312111290491133,6.456149526536006,-0.028961181640625
Altered-Medium,316__M_Right_ring_finger_CR.BMP,False,0.4598836898803711,0.1409716010093689,10.077602931666307,8.927601809954751,0.28314208984375,0.5129560232162476,0.13423839211463928,8.772885789014822,9.693931398416886,0.280029296875,0.053072333335876465,-0.006733208894729614,-1.3047171426514854,0.7663295884621348,-0.00311279296875
Altered-Medium,132__M_Left_thumb_finger_Zcut.BMP,False,0.7052361965179443,0.20596204698085785,8.604327470580792,13.4375,0.3617706298828125,0.7560936212539673,0.19602714478969574,6.920861453810772,15.61963190184049,0.3549652099609375,0.05085742473602295,-0.00993490219116211,-1.6834660167700202,2.1821319018404903,-0.006805419921875
Altered-Medium,101__M_Left_middle_finger_Obl.BMP,False,0.6796337962150574,0.15958905220031738,1.8161272096214385,36.43703703703704,0.378082275390625,0.7610208988189697,0.15253488719463348,0.8424954715868402,59.50666666666667,0.36793242405455673,0.08138710260391235,-0.007054165005683899,-0.9736317380345982,23.06962962962963,-0.010149851336068272
Altered-Medium,176__M_Right_ring_finger_Obl.BMP,False,0.6925981044769287,0.18463611602783203,7.8125,13.555793991416309,0.38671875,0.7808754444122314,0.17239998281002045,4.517336806120788,19.511945392491466,0.37493896484375,0.08827733993530273,-0.012236133217811584,-3.295163193879212,5.956151401075157,-0.01177978515625
Altered-Medium,473__M_Right_ring_finger_Zcut.BMP,False,0.6419544219970703,0.16082756221294403,4.3262501590533144,18.252707581227437,0.3597564697265625,0.7276688814163208,0.15018774569034576,2.470527045769764,22.649484536082475,0.35205078125,0.08571445941925049,-0.010639816522598267,-1.8557231132835503,4.396776954855039,-0.0077056884765625
Altered-Medium,481__F_Right_index_finger_Obl.BMP,False,0.6302362680435181,0.1608579158782959,1.0470029540440489,44.36666666666667,0.4080657958984375,0.7056708335876465,0.15094880759716034,0.7131061402191864,56.666666666666664,0.40655517578125,0.07543456554412842,-0.009909108281135559,-0.33389681382486247,12.299999999999997,-0.0015106201171875
Altered-Medium,428__M_Left_index_finger_CR.BMP,False,0.7016319036483765,0.19798851013183594,3.2463529895212657,25.277227722772277,0.3713226318359375,0.755983829498291,0.19119113683700562,1.9970044932601096,34.40845070422535,0.36676025390625,0.05435192584991455,-0.006797373294830322,-1.249348496261156,9.131222981453075,-0.0045623779296875
Altered-Medium,563__M_Left_ring_finger_Zcut.BMP,False,0.6571800112724304,0.22435243427753448,6.081056027290592,15.672922252010723,0.4115142822265625,0.7125927209854126,0.2162351906299591,5.090772973984653,17.68553459119497,0.4076385498046875,0.05541270971298218,-0.008117243647575378,-0.990283053305939,2.012612339184246,-0.003875732421875
Altered-Medium,500__M_Right_thumb_finger_CR.BMP,False,0.5946746468544006,0.18285299837589264,4.0733197556008145,21.166666666666668,0.44952392578125,0.6671512126922607,0.17358383536338806,3.0577851905903612,26.81057268722467,0.44730952158910753,0.07247656583786011,-0.009269163012504578,-1.0155345650104532,5.643906020558003,-0.0022144041921424718
Altered-Medium,161__F_Right_thumb_finger_CR.BMP,False,0.7416726350784302,0.21787205338478088,5.314502038439138,20.197411003236247,0.419189453125,0.8116976618766785,0.208114892244339,4.392386530014641,22.54981549815498,0.4168701171875,0.07002502679824829,-0.009757161140441895,-0.922115508424497,2.3524044949187335,-0.0023193359375
Altered-Medium,458__M_Left_middle_finger_Obl.BMP,False,0.6351563930511475,0.18741315603256226,5.641803820863001,14.979768786127167,0.3921661376953125,0.7145770788192749,0.17670200765132904,4.53262295733768,17.04270462633452,0.3837738037109375,0.07942068576812744,-0.010711148381233215,-1.1091808635253209,2.062935840207352,-0.008392333984375
Altered-Medium,146__M_Right_little_finger_Zcut.BMP,False,0.6852449178695679,0.20854192972183228,4.365287235900122,22.147465437788018,0.34954833984375,0.7410337924957275,0.20178663730621338,2.7301950768417806,30.558441558441558,0.3465118408203125,0.05578887462615967,-0.0067552924156188965,-1.6350921590583414,8.41097612065354,-0.0030364990234375
Altered-Medium,486__M_Left_middle_finger_CR.BMP,False,0.7095680832862854,0.20338456332683563,5.24615092187797,18.555900621118013,0.4013824462890625,0.7838423252105713,0.19281303882598877,3.1464864234937653,25.28440366972477,0.3928070068359375,0.07427424192428589,-0.010571524500846863,-2.0996644983842043,6.728503048606758,-0.008575439453125
Altered-Medium,400__M_Right_thumb_finger_Obl.BMP,False,0.6083486080169678,0.1749473512172699,5.599552035837133,15.143250688705233,0.381500244140625,0.6739991903305054,0.16416579484939575,4.527470734592324,17.698245614035088,0.3740997314453125,0.0656505823135376,-0.010781556367874146,-1.0720813012448094,2.5549949253298543,-0.0074005126953125
Altered-Medium,573__F_Left_index_finger_Obl.BMP,False,0.6132655143737793,0.1702503263950348,3.155711838427554,23.032608695652176,0.338470458984375,0.6811397075653076,0.16333258152008057,2.1843003412969284,26.65753424657534,0.3353118896484375,0.06787419319152832,-0.006917744874954224,-0.9714114971306258,3.624925550923166,-0.0031585693359375
Altered-Medium,75__F_Right_ring_finger_Zcut.BMP,False,0.7453714609146118,0.20713141560554504,3.2937383930761412,27.723320158102766,0.4354705810546875,0.8095801472663879,0.19792017340660095,2.499032065045229,33.53465346534654,0.4335174560546875,0.06420868635177612,-0.009211242198944092,-0.7947063280309123,5.811333307243771,-0.001953125
Altered-Medium,239__M_Left_little_finger_Zcut.BMP,False,0.6989748477935791,0.1422736495733261,4.549347034896168,21.60220994475138,0.28509521484375,0.794622004032135,0.13248160481452942,2.6917161063502526,31.52212389380531,0.27777099609375,0.09564715623855591,-0.009792044758796692,-1.8576309285459152,9.919913949053932,-0.00732421875
Altered-Medium,104__M_Right_little_finger_Obl.BMP,False,0.6146790385246277,0.17703227698802948,4.446454141231442,16.373887240356083,0.404937744140625,0.7043196558952332,0.16584034264087677,2.3394549070066675,22.52803738317757,0.3913421630859375,0.08964061737060547,-0.01119193434715271,-2.1069992342247743,6.154150142821486,-0.0135955810546875
Altered-Medium,196__M_Right_little_finger_Obl.BMP,False,0.6755399107933044,0.1617734432220459,11.022777154562746,10.287257019438444,0.3128509521484375,0.7780165672302246,0.14827562868595123,5.123738279448686,16.643137254901962,0.2978057861328125,0.10247665643692017,-0.013497814536094666,-5.89903887511406,6.355880235463518,-0.015045166015625
Altered-Medium,8__M_Left_thumb_finger_Obl.BMP,False,0.6996578574180603,0.20199385285377502,3.494236311239193,21.955823293172692,0.423583984375,0.77946537733078,0.19165769219398499,2.3397799144517966,29.796511627906977,0.4173736572265625,0.07980751991271973,-0.010336160659790039,-1.1544563967873964,7.840688334734285,-0.0062103271484375
Altered-Medium,438__M_Right_little_finger_Zcut.BMP,False,0.6531451344490051,0.1356346607208252,1.9620667102681493,31.14792899408284,0.3499603271484375,0.7552623748779297,0.1246759444475174,1.6146890570215908,35.724409448818896,0.33074951171875,0.10211724042892456,-0.0109587162733078,-0.34737765324655845,4.576480454736057,-0.0192108154296875
Altered-Medium,183__M_Right_ring_finger_Zcut.BMP,False,0.6250314712524414,0.16163471341133118,1.0191873089023795,47.73684210526316,0.3443450927734375,0.6731111407279968,0.15523406863212585,0.8471553415373639,55.69230769230769,0.34222412109375,0.04807966947555542,-0.006400644779205322,-0.17203196736501558,7.955465587044536,-0.0021209716796875
Altered-Medium,301__F_Right_ring_finger_CR.BMP,False,0.6657735109329224,0.17175999283790588,1.5144269089749722,36.042682926829265,0.38287353515625,0.7310578227043152,0.16421052813529968,1.0830759356572668,46.942622950819676,0.3803863525390625,0.06528431177139282,-0.007549464702606201,-0.43135097331770544,10.89994002399041,-0.0024871826171875
Altered-Medium,218__M_Right_middle_finger_CR.BMP,False,0.7277692556381226,0.1960233747959137,1.5865306783228104,38.65680473372781,0.4712677001953125,0.79701828956604,0.18642032146453857,1.1751648495136122,44.98550724637681,0.467437744140625,0.06924903392791748,-0.009603053331375122,-0.41136582880919814,6.328702512649002,-0.0038299560546875
Altered-Medium,227__M_Left_little_finger_CR.BMP,False,0.6479114294052124,0.15724390745162964,3.0124485004208568,21.924170616113745,0.3444366455078125,0.7250560522079468,0.1488647162914276,2.192393736017897,26.88957055214724,0.341033935546875,0.07714462280273438,-0.008379191160202026,-0.8200547644029599,4.965399936033496,-0.0034027099609375
Altered-Medium,539__F_Left_thumb_finger_Zcut.BMP,False,0.7107490301132202,0.21745991706848145,7.552742616033756,14.38961038961039,0.36163330078125,0.7749726176261902,0.20947101712226868,5.288940911258508,19.003623188405797,0.3519744873046875,0.06422358751296997,-0.007988899946212769,-2.263801704775248,4.614012798795407,-0.0096588134765625
Altered-Medium,40__F_Right_index_finger_Zcut.BMP,False,0.6944609880447388,0.1965951919555664,2.563116749967961,29.67080745341615,0.3571929931640625,0.7404154539108276,0.1910380721092224,2.2712663381187057,32.978873239436616,0.3560638427734375,0.04595446586608887,-0.005557119846343994,-0.2918504118492553,3.3080657860204674,-0.001129150390625
Altered-Medium,498__M_Left_middle_finger_CR.BMP,False,0.6640529632568359,0.18619880080223083,2.353622768584567,30.78494623655914,0.4214019775390625,0.7606844305992126,0.18102218210697174,2.2769206610921366,31.803797468354432,0.40478952470244245,0.09663146734237671,-0.005176618695259094,-0.07670210749243056,1.018851231795292,-0.01661245283662005
Altered-Medium,516__M_Left_ring_finger_Obl.BMP,False,0.7224583625793457,0.19487616419792175,7.113272105168377,14.850299401197605,0.33892822265625,0.800835371017456,0.185368150472641,4.279994477426481,22.882926829268293,0.3315582275390625,0.07837700843811035,-0.009508013725280762,-2.8332776277418965,8.032627428070688,-0.0073699951171875
Altered-Medium,132__M_Left_index_finger_Zcut.BMP,False,0.6649132966995239,0.19544139504432678,4.076829319547766,21.093617021276597,0.3630523681640625,0.7231100797653198,0.1880394071340561,3.0542122677526087,25.681081081081082,0.359710693359375,0.0581967830657959,-0.007401987910270691,-1.0226170517951574,4.587464059804486,-0.0033416748046875
Altered-Medium,515__M_Right_index_finger_CR.BMP,False,0.6184791326522827,0.16145280003547668,2.882745207001945,27.25278810408922,0.4393310546875,0.7239826917648315,0.14794471859931946,1.808574772155041,36.392265193370164,0.43488788131149564,0.10550355911254883,-0.013508081436157227,-1.0741704348469039,9.139477089280945,-0.004443173376004361
Altered-Medium,303__F_Left_little_finger_CR.BMP,False,0.6517028212547302,0.18232467770576477,4.7720042417815485,23.042207792207794,0.374114990234375,0.7055379152297974,0.1753946840763092,3.6811321526442797,26.113445378151262,0.3730621337890625,0.05383509397506714,-0.006929993629455566,-1.0908720891372687,3.071237585943468,-0.0010528564453125
Altered-Medium,124__M_Right_index_finger_Zcut.BMP,False,0.6095466613769531,0.16925488412380219,3.19221100514744,27.591743119266056,0.41924151429479567,0.7057403326034546,0.162605881690979,2.234444826400825,31.64848484848485,0.4076085052720076,0.09619367122650146,-0.006649002432823181,-0.9577661787466152,4.056741729218793,-0.011633009022788077
Altered-Medium,542__M_Right_middle_finger_Zcut.BMP,False,0.6126077175140381,0.20799289643764496,11.845470453627676,8.350093109869647,0.3400726318359375,0.6743590831756592,0.20037353038787842,9.810184340208068,9.620224719101124,0.33441162109375,0.061751365661621094,-0.0076193660497665405,-2.035286113419609,1.270131609231477,-0.0056610107421875
Altered-Medium,258__M_Right_little_finger_Zcut.BMP,False,0.5682723522186279,0.1634519398212433,1.3433747201302666,35.5796178343949,0.3748321533203125,0.6276849508285522,0.15748028457164764,1.2012758377863386,40.05511811023622,0.37235092698275596,0.059412598609924316,-0.005971655249595642,-0.14209888234392798,4.47550027584132,-0.0024812263375565413
Altered-Medium,98__M_Left_ring_finger_Zcut.BMP,False,0.5849343538284302,0.17844158411026,4.085070541166561,19.236363636363638,0.3623199462890625,0.6424398422241211,0.1717039793729782,3.6120794657482462,22.200873362445414,0.3632965087890625,0.05750548839569092,-0.006737604737281799,-0.4729910754183151,2.9645097260817757,0.0009765625
Altered-Medium,278__M_Right_ring_finger_CR.BMP,False,0.5502845048904419,0.13606716692447662,12.91535289837497,8.534246575342467,0.25164794921875,0.6287190914154053,0.1254657506942749,8.747668360455393,10.928082191780822,0.2372283935546875,0.07843458652496338,-0.010601416230201721,-4.167684537919577,2.3938356164383556,-0.0144195556640625
Altered-Medium,219__M_Right_ring_finger_Obl.BMP,False,0.6058342456817627,0.13369783759117126,1.3536221060492906,45.35643564356435,0.326904296875,0.6515684127807617,0.1262691617012024,0.9394081728511039,53.55696202531646,0.324859619140625,0.04573416709899902,-0.007428675889968872,-0.41421393319818667,8.200526381752105,-0.002044677734375
Altered-Medium,39__M_Right_index_finger_CR.BMP,False,0.7429434657096863,0.22532440721988678,2.1446954532456393,30.823170731707318,0.4268798828125,0.808249294757843,0.21804764866828918,1.8300559781828623,36.833333333333336,0.42523193359375,0.06530582904815674,-0.007276758551597595,-0.314639475062777,6.010162601626018,-0.00164794921875
Altered-Medium,122__M_Right_ring_finger_Obl.BMP,False,0.6413491368293762,0.16939440369606018,3.0509767363023856,26.692307692307693,0.3600921630859375,0.7193869948387146,0.16048166155815125,1.9257103731598768,37.59574468085106,0.3565673828125,0.07803785800933838,-0.008912742137908936,-1.1252663631425088,10.903436988543369,-0.0035247802734375
Altered-Medium,414__M_Left_index_finger_Zcut.BMP,False,0.7341398000717163,0.20355048775672913,7.938350123021215,13.295774647887324,0.3286895751953125,0.787426233291626,0.19615785777568817,5.017681353340342,18.19753086419753,0.319305419921875,0.05328643321990967,-0.007392629981040955,-2.920668769680873,4.901756216310208,-0.0093841552734375
Altered-Medium,499__M_Right_thumb_finger_CR.BMP,False,0.7096084952354431,0.19286853075027466,1.4888799280374703,52.515151515151516,0.4919281005859375,0.7790537476539612,0.18757767975330353,1.1411430993446579,63.979166666666664,0.4846028661263055,0.06944525241851807,-0.00529085099697113,-0.3477368286928124,11.464015151515149,-0.007325234459632013
Altered-Medium,411__M_Left_middle_finger_Zcut.BMP,False,0.6571568846702576,0.21411585807800293,4.8584225309344875,17.07162534435262,0.402008056640625,0.7116178870201111,0.20639120042324066,3.8776058663185777,19.481967213114753,0.3974456787109375,0.054461002349853516,-0.007724657654762268,-0.9808166646159098,2.410341868762135,-0.0045623779296875
Altered-Medium,163__M_Left_middle_finger_CR.BMP,False,0.6532672643661499,0.1541636884212494,8.352645809192738,12.152777777777779,0.3160400390625,0.7491628527641296,0.1419011354446411,5.807678470473351,16.140845070422536,0.2968902587890625,0.09589558839797974,-0.012262552976608276,-2.5449673387193874,3.9880672926447573,-0.0191497802734375
Altered-Medium,159__M_Left_middle_finger_Zcut.BMP,False,0.7318102121353149,0.17494356632232666,4.912925387442083,20.2655737704918,0.38201904296875,0.8106415271759033,0.1630144715309143,2.709470832135966,28.692307692307693,0.3716888427734375,0.07883131504058838,-0.011929094791412354,-2.2034545553061173,8.426733921815892,-0.0103302001953125
Altered-Medium,181__M_Left_thumb_finger_Obl.BMP,False,0.6363446712493896,0.1809663623571396,8.255243195002231,11.446601941747574,0.341949462890625,0.723587691783905,0.17025145888328552,5.437762749040394,15.447552447552448,0.33392333984375,0.08724302053451538,-0.010714903473854065,-2.817480445961837,4.000950505804875,-0.008026123046875
Altered-Medium,259__M_Left_ring_finger_Obl.BMP,False,0.6412337422370911,0.1282244473695755,6.845992129804324,13.922360248447205,0.2830657958984375,0.7608726620674133,0.110567606985569,5.150501672240803,16.226315789473684,0.228118896484375,0.11963891983032227,-0.0176568403840065,-1.6954904575635208,2.303955541026479,-0.0549468994140625
Altered-Medium,57__M_Left_ring_finger_Zcut.BMP,False,0.7415632009506226,0.20469212532043457,4.9030057557024085,21.01194029850746,0.429473876953125,0.8163617849349976,0.1937592625617981,3.751127141568981,27.508130081300813,0.4230499267578125,0.074798583984375,-0.010932862758636475,-1.1518786141334276,6.496189782793351,-0.0064239501953125
Altered-Medium,495__M_Right_ring_finger_Zcut.BMP,False,0.5961228609085083,0.15975302457809448,1.9504040122596822,31.80473372781065,0.3833465576171875,0.6417269706726074,0.15242724120616913,1.4676715589051963,38.61363636363637,0.384674072265625,0.04560410976409912,-0.007325783371925354,-0.4827324533544859,6.808902635825717,0.0013275146484375
Altered-Medium,486__M_Right_middle_finger_CR.BMP,False,0.6202788352966309,0.20329678058624268,10.062412431537384,10.611764705882353,0.3593902587890625,0.686115026473999,0.1936044991016388,7.792545131823888,12.87719298245614,0.3524627685546875,0.06583619117736816,-0.009692281484603882,-2.2698672997134954,2.265428276573788,-0.006927490234375
Altered-Medium,40__F_Left_thumb_finger_Zcut.BMP,False,0.6335635781288147,0.19714978337287903,8.092764826669887,11.778301886792454,0.3789825439453125,0.7085543274879456,0.19042222201824188,7.098191651174582,13.03342618384401,0.36674672658247465,0.07499074935913086,-0.006727561354637146,-0.9945731754953053,1.255124297051557,-0.012235817362837853
Altered-Medium,591__M_Left_index_finger_Obl.BMP,False,0.6359581351280212,0.17358744144439697,2.327695944717221,37.21153846153846,0.4195404052734375,0.7219763994216919,0.16545891761779785,0.9582780480613298,64.39024390243902,0.4181229773462783,0.08601826429367065,-0.008128523826599121,-1.3694178966558914,27.178705440900565,-0.0014174279271592094
Altered-Medium,433__M_Right_ring_finger_Zcut.BMP,False,0.681739330291748,0.1957225799560547,3.1735488394405698,24.44326241134752,0.43087466013705816,0.7512944340705872,0.18889382481575012,2.7843466320848274,26.714285714285715,0.42696153470344916,0.06955510377883911,-0.006828755140304565,-0.3892022073557424,2.2710233029381968,-0.003913125433608999
Altered-Medium,7__M_Right_middle_finger_Obl.BMP,False,0.5436915159225464,0.15215635299682617,2.9809125438723014,24.151162790697676,0.3173675537109375,0.6051611304283142,0.14429539442062378,2.0589244570812295,30.834645669291337,0.3112640380859375,0.06146961450576782,-0.007860958576202393,-0.9219880867910719,6.6834828785936615,-0.006103515625
Altered-Medium,172__M_Right_ring_finger_Zcut.BMP,False,0.688103199005127,0.20808625221252441,4.921259842519685,20.446886446886445,0.3875732421875,0.7539231777191162,0.1996813714504242,4.008731891248264,23.82532751091703,0.3844451904296875,0.06581997871398926,-0.00840488076210022,-0.9125279512714215,3.3784410640305857,-0.0031280517578125
Altered-Medium,420__M_Right_middle_finger_Zcut.BMP,False,0.5467973947525024,0.2055906057357788,4.983647406945958,14.572164948453608,0.39190673828125,0.5984866619110107,0.19850078225135803,3.7520519033846638,16.48181818181818,0.390411376953125,0.0516892671585083,-0.007089823484420776,-1.2315955035612944,1.9096532333645726,-0.001495361328125
Altered-Medium,423__M_Left_index_finger_CR.BMP,False,0.6816549301147461,0.1795552521944046,3.910362460520379,25.493562231759658,0.40582275390625,0.7545057535171509,0.17003083229064941,2.051048313582498,40.68382352941177,0.4017333984375,0.07285082340240479,-0.009524419903755188,-1.8593141469378809,15.19026129765211,-0.00408935546875
Altered-Medium,18__M_Left_thumb_finger_CR.BMP,False,0.759647786617279,0.21748630702495575,4.69593801361822,22.75609756097561,0.389923095703125,0.8270760774612427,0.20776212215423584,3.2605670205574775,28.157068062827225,0.3837432861328125,0.06742829084396362,-0.00972418487071991,-1.4353709930607428,5.400970501851614,-0.0061798095703125
Altered-Medium,325__M_Left_ring_finger_Zcut.BMP,False,0.7106381058692932,0.1815832406282425,3.058103975535168,26.966346153846153,0.3742218017578125,0.7747983932495117,0.17322054505348206,1.4460419765328045,41.2265625,0.36932373046875,0.0641602873802185,-0.008362695574760437,-1.6120619990023637,14.260216346153847,-0.0048980712890625
Altered-Medium,492__F_Right_thumb_finger_Obl.BMP,False,0.6429024338722229,0.16245074570178986,2.096050599396926,35.22377622377623,0.46462437424182884,0.749804675579071,0.15700149536132812,1.7369937298762923,39.19607843137255,0.4390951707716348,0.10690224170684814,-0.005449250340461731,-0.35905686952063354,3.9723022075963215,-0.02552920347019405
Altered-Medium,85__M_Left_thumb_finger_CR.BMP,False,0.7368391752243042,0.2209998369216919,4.525411928521699,21.358024691358025,0.394500732421875,0.8105274438858032,0.2119382619857788,2.729430379746835,30.825,0.3857421875,0.07368826866149902,-0.009061574935913086,-1.7959815487748636,9.466975308641974,-0.008758544921875
Altered-Medium,33__M_Left_little_finger_CR.BMP,False,0.536578893661499,0.13733232021331787,2.41977906365071,25.264900662251655,0.290069580078125,0.5829867124557495,0.1315372884273529,1.8983336848766084,29.865546218487395,0.28936767578125,0.04640781879425049,-0.005795031785964966,-0.5214453787741018,4.60064555623574,-0.000701904296875
Altered-Medium,243__M_Left_middle_finger_Obl.BMP,False,0.5043121576309204,0.18769550323486328,7.10405348934392,10.276470588235295,0.365142822265625,0.5585740804672241,0.17959344387054443,5.684469520213804,11.314903846153847,0.3596954345703125,0.05426192283630371,-0.008102059364318848,-1.419583969130116,1.0384332579185518,-0.0054473876953125
Altered-Medium,188__M_Right_ring_finger_Obl.BMP,False,0.601658821105957,0.14068657159805298,3.300483451097062,25.505681818181817,0.3282470703125,0.6564868688583374,0.13133220374584198,2.3767647478252605,36.09649122807018,0.3209991455078125,0.05482804775238037,-0.009354367852210999,-0.9237187032718017,10.590809409888362,-0.0072479248046875
Altered-Medium,440__M_Right_index_finger_CR.BMP,False,0.7470235228538513,0.20955143868923187,2.513935949284075,34.47741935483871,0.4188079833984375,0.8041462898254395,0.20154596865177155,2.3443223443223444,35.54054054054054,0.41656494140625,0.057122766971588135,-0.008005470037460327,-0.1696136049617305,1.0631211857018315,-0.0022430419921875
Altered-Medium,4__M_Left_thumb_finger_Zcut.BMP,False,0.6899011135101318,0.1834772825241089,10.84273198121884,12.09685230024213,0.3152313232421875,0.768349289894104,0.1737731695175171,7.3780365388476215,17.0,0.30401611328125,0.07844817638397217,-0.009704113006591797,-3.4646954423712186,4.90314769975787,-0.0112152099609375
Altered-Medium,12__M_Left_ring_finger_CR.BMP,False,0.6587411761283875,0.17680403590202332,2.7753248391573107,27.43661971830986,0.3628692626953125,0.7438115477561951,0.16700005531311035,1.8756927274277433,34.129629629629626,0.357940673828125,0.08507037162780762,-0.009803980588912964,-0.8996321117295674,6.693009911319766,-0.0049285888671875
Altered-Medium,285__M_Right_index_finger_Zcut.BMP,False,0.7434566020965576,0.21156719326972961,4.694835680751174,20.818770226537218,0.409515380859375,0.810350775718689,0.2023676186800003,3.808015684500245,25.61825726141079,0.4047088623046875,0.06689417362213135,-0.009199574589729309,-0.8868199962509289,4.799487034873572,-0.0048065185546875
Altered-Medium,143__M_Left_index_finger_Obl.BMP,False,0.605876624584198,0.16246068477630615,2.6596964277525568,30.303030303030305,0.3327484130859375,0.6930149793624878,0.1563851535320282,1.5787207577859639,39.9,0.3235708425566168,0.0871383547782898,-0.006075531244277954,-1.080975669966593,9.596969696969694,-0.009177570529320722
Altered-Medium,67__F_Right_ring_finger_Zcut.BMP,False,0.6446704268455505,0.17474964261054993,1.5900779138177772,41.064748201438846,0.38385009765625,0.6962988376617432,0.1675976812839508,1.2299146994643921,48.44736842105263,0.3845977783203125,0.05162841081619263,-0.007151961326599121,-0.36016321435338505,7.382620219613784,0.0007476806640625
Altered-Medium,25__F_Right_middle_finger_CR.BMP,False,0.5553190112113953,0.14961083233356476,5.093046033300685,17.444915254237287,0.3148999167257811,0.6456516981124878,0.14117595553398132,3.3270205251573937,22.411042944785276,0.30543265848510903,0.09033268690109253,-0.008434876799583435,-1.7660255081432914,4.966127690547989,-0.009467258240672072
Altered-Medium,566__M_Right_thumb_finger_CR.BMP,False,0.6999678611755371,0.21077731251716614,5.5026710045386995,17.125,0.3798980712890625,0.7549926042556763,0.20235717296600342,4.784102060843964,18.869230769230768,0.3731689453125,0.05502474308013916,-0.00842013955116272,-0.7185689436947351,1.744230769230768,-0.0067291259765625
Altered-Medium,284__M_Left_index_finger_Zcut.BMP,False,0.6163042783737183,0.15586192905902863,4.610863396838265,18.35042735042735,0.3011474609375,0.6656357049942017,0.1501103639602661,4.190943473372177,20.75,0.298553466796875,0.0493314266204834,-0.005751565098762512,-0.41991992346608775,2.399572649572651,-0.002593994140625
Altered-Medium,81__F_Right_little_finger_Zcut.BMP,False,0.6202309131622314,0.20427796244621277,9.25799242942491,10.702272727272728,0.3345794677734375,0.6746400594711304,0.19631998240947723,7.244021360575807,12.559888579387186,0.3285980224609375,0.054409146308898926,-0.007957980036735535,-2.013971068849103,1.8576158521144581,-0.0059814453125
Altered-Medium,480__M_Right_index_finger_Zcut.BMP,False,0.6627753376960754,0.20503322780132294,3.5396369243709263,22.825783972125436,0.44141579777853407,0.7320294976234436,0.19740408658981323,3.0034324942791764,26.321888412017167,0.4386242805388705,0.06925415992736816,-0.007629141211509705,-0.5362044300917499,3.496104439891731,-0.002791517239663588
Altered-Medium,367__M_Left_thumb_finger_CR.BMP,False,0.5671114325523376,0.20192068815231323,7.764515007532738,11.285191956124315,0.3950042724609375,0.6109952926635742,0.19484597444534302,6.966606989958746,12.183127572016462,0.392059326171875,0.04388386011123657,-0.007074713706970215,-0.7979080175739925,0.8979356158921465,-0.0029449462890625
Altered-Medium,319__M_Right_ring_finger_Obl.BMP,False,0.6089175939559937,0.1504194438457489,3.594351732991014,21.51818181818182,0.3603089684093677,0.6852591037750244,0.14099523425102234,2.560875037979079,26.29299363057325,0.3556498919419574,0.07634150981903076,-0.009424209594726562,-1.0334766950119354,4.77481181239143,-0.004659076467410317
Altered-Medium,89__M_Left_thumb_finger_Obl.BMP,False,0.6412591338157654,0.21995118260383606,8.603832616347281,11.09349593495935,0.390167236328125,0.6824885010719299,0.21230091154575348,7.937452871373576,11.805369127516778,0.3844757080078125,0.04122936725616455,-0.007650271058082581,-0.666379744973705,0.7118731925574284,-0.0056915283203125
Altered-Medium,249__M_Right_index_finger_CR.BMP,False,0.5980477929115295,0.16446101665496826,0.7099980636416446,52.73873873873874,0.4892783830727933,0.6919819116592407,0.16087156534194946,0.5287275290800141,56.9390243902439,0.4808556077221648,0.09393411874771118,-0.003589451313018799,-0.18127053456163056,4.200285651505162,-0.00842277535062852
Altered-Medium,158__M_Left_little_finger_Obl.BMP,False,0.754619300365448,0.1703108847141266,5.571975386404381,18.192660550458715,0.3149261474609375,0.8334465026855469,0.1608242690563202,3.0594844016451,27.666666666666668,0.304229736328125,0.07882720232009888,-0.009486615657806396,-2.5124909847592805,9.474006116207953,-0.0106964111328125
Altered-Medium,9__M_Right_middle_finger_CR.BMP,False,0.61301589012146,0.18316441774368286,8.561549860051588,12.365248226950355,0.2780303955078125,0.6895042061805725,0.1734967827796936,5.3188479601652245,16.510204081632654,0.2696685791015625,0.07648831605911255,-0.009667634963989258,-3.242701899886364,4.1449558546822995,-0.00836181640625
Altered-Medium,82__M_Left_middle_finger_CR.BMP,False,0.5363831520080566,0.15581151843070984,9.60162213740458,10.2603550295858,0.255859375,0.5728477239608765,0.15058055520057678,8.099384933926071,12.076642335766424,0.2505645751953125,0.036464571952819824,-0.005230963230133057,-1.5022372034785079,1.8162873061806248,-0.0052947998046875
Altered-Medium,75__F_Left_middle_finger_Obl.BMP,False,0.7642345428466797,0.22549228370189667,2.5042607213662134,32.84574468085106,0.4387054443359375,0.831261396408081,0.21690328419208527,1.6792611251049538,42.85401459854015,0.4361572265625,0.06702685356140137,-0.008588999509811401,-0.8249995962612595,10.008269917689084,-0.0025482177734375
Altered-Medium,540__F_Left_thumb_finger_CR.BMP,False,0.6753288507461548,0.1965530663728714,7.4679794734865865,13.635883905013193,0.3657379150390625,0.7359588146209717,0.18677914142608643,5.779855503612409,15.869009584664537,0.359039306640625,0.060629963874816895,-0.009773924946784973,-1.6881239698741775,2.2331256796513443,-0.0066986083984375
Altered-Medium,68__M_Right_ring_finger_CR.BMP,False,0.6265963315963745,0.20210334658622742,8.746924909211605,11.319148936170214,0.3907623291015625,0.7071404457092285,0.19184206426143646,6.771740852209726,14.100502512562814,0.38531494140625,0.080544114112854,-0.010261282324790955,-1.9751840570018793,2.7813535763926005,-0.0054473876953125
Altered-Medium,59__F_Right_index_finger_Obl.BMP,False,0.5263503789901733,0.12965664267539978,2.407806361677861,28.130177514792898,0.3612213134765625,0.6390095353126526,0.13018815219402313,2.459250786388333,27.857142857142858,0.3068135956061696,0.11265915632247925,0.000531509518623352,0.05144442471047217,-0.2730346576500402,-0.05440771787039289
Altered-Medium,28__M_Left_middle_finger_Obl.BMP,False,0.7151111960411072,0.1989492028951645,4.096004599022708,22.335664335664337,0.4246826171875,0.8010160326957703,0.1881578266620636,2.7763571272009937,30.477386934673365,0.417694091796875,0.08590483665466309,-0.010791376233100891,-1.319647471821714,8.141722599009029,-0.006988525390625
Altered-Medium,203__M_Right_ring_finger_CR.BMP,False,0.5575773119926453,0.1408432424068451,2.933594097253089,23.632653061224488,0.343292236328125,0.6201700568199158,0.1336069405078888,2.251631283889348,31.244604316546763,0.3365188346632028,0.06259274482727051,-0.007236301898956299,-0.6819628133637408,7.611951255322275,-0.006773401664922185
Altered-Medium,3__M_Right_ring_finger_Obl.BMP,False,0.6433557271957397,0.13793276250362396,5.208086738317315,15.332203389830509,0.3222808837890625,0.7332075834274292,0.12267865985631943,3.127723939906681,21.43859649122807,0.2975921630859375,0.08985185623168945,-0.015254102647304535,-2.0803627984106337,6.106393101397559,-0.024688720703125
Altered-Medium,73__M_Right_index_finger_Zcut.BMP,False,0.6709245443344116,0.2095799744129181,4.626520408924708,19.116438356164384,0.408966064453125,0.7457156181335449,0.20068460702896118,3.710922857785441,21.568464730290458,0.407073974609375,0.0747910737991333,-0.00889536738395691,-0.9155975511392667,2.452026374126074,-0.00189208984375
Altered-Medium,335__M_Left_index_finger_Obl.BMP,False,0.5567275881767273,0.1442076563835144,9.46372239747634,10.046272493573264,0.280548095703125,0.664779782295227,0.1334208846092224,4.997444488613777,14.365217391304348,0.2686920166015625,0.10805219411849976,-0.010786771774291992,-4.466277908862564,4.318944897731084,-0.0118560791015625
Altered-Medium,568__M_Right_middle_finger_CR.BMP,False,0.5426539778709412,0.14958927035331726,2.99704905938768,22.705882352941178,0.33406241335756753,0.5996184945106506,0.14268827438354492,2.457230284204182,24.684848484848484,0.33282412122334354,0.05696451663970947,-0.006900995969772339,-0.5398187751834982,1.9789661319073062,-0.001238292134223995
Altered-Medium,98__M_Left_little_finger_Obl.BMP,False,0.5493932962417603,0.1446097493171692,3.999421770346456,21.41176470588235,0.3166656494140625,0.6226893067359924,0.13790349662303925,3.343634429302396,24.61842105263158,0.3045108142297368,0.07329601049423218,-0.006706252694129944,-0.6557873410440598,3.2066563467492273,-0.012154835184325696
Altered-Medium,459__M_Right_middle_finger_CR.BMP,False,0.7138334512710571,0.22293537855148315,2.4108566317999767,26.673267326732674,0.3924102783203125,0.7632368206977844,0.21644854545593262,2.182299988309107,29.623595505617978,0.3915557861328125,0.049403369426727295,-0.006486833095550537,-0.22855664349086968,2.9503281788853037,-0.0008544921875
Altered-Medium,239__M_Right_middle_finger_CR.BMP,False,0.6810252666473389,0.16166700422763824,2.1210514354973107,34.95238095238095,0.402862548828125,0.7805488109588623,0.15138736367225647,1.3317605874966707,41.36521739130435,0.4010162353515625,0.09952354431152344,-0.010279640555381775,-0.78929084800064,6.412836438923399,-0.0018463134765625
Altered-Medium,416__M_Right_middle_finger_CR.BMP,False,0.7107500433921814,0.14375676214694977,3.3735138026083025,28.01086956521739,0.3708953857421875,0.8228697776794434,0.12784534692764282,1.8729038721198659,39.09649122807018,0.3503265380859375,0.11211973428726196,-0.015911415219306946,-1.5006099304884366,11.085621662852787,-0.02056884765625
Altered-Medium,152__M_Left_index_finger_CR.BMP,False,0.6223489046096802,0.17676831781864166,10.11292004897737,10.668903803131991,0.3364715576171875,0.7117747068405151,0.1667516976594925,7.439092430723452,13.360703812316716,0.32818603515625,0.08942580223083496,-0.01001662015914917,-2.6738276182539185,2.6918000091847247,-0.0082855224609375
Altered-Medium,568__M_Left_thumb_finger_Obl.BMP,False,0.5432676672935486,0.18605682253837585,10.319498895948808,8.653688524590164,0.3386077880859375,0.5974160432815552,0.17800694704055786,9.386849163044483,9.05299539170507,0.329986572265625,0.05414837598800659,-0.008049875497817993,-0.9326497329043253,0.3993068671149054,-0.0086212158203125
Altered-Medium,407__M_Left_thumb_finger_CR.BMP,False,0.7339672446250916,0.22060498595237732,7.806236550065403,14.397333333333334,0.3616180419921875,0.8036608695983887,0.21089738607406616,5.312200644430898,19.01492537313433,0.350433349609375,0.06969362497329712,-0.009707599878311157,-2.4940359056345054,4.617592039800995,-0.0111846923828125
Altered-Medium,554__M_Left_ring_finger_Zcut.BMP,False,0.6619772911071777,0.15977957844734192,1.9168189720501048,33.281879194630875,0.3423004150390625,0.7164137959480286,0.1529131531715393,1.432408236347359,43.91509433962264,0.34088134765625,0.05443650484085083,-0.006866425275802612,-0.48441073570274584,10.633215144991766,-0.0014190673828125
Altered-Medium,541__M_Left_middle_finger_Obl.BMP,False,0.5852348208427429,0.18198758363723755,2.469499834138071,25.395939086294415,0.4139862060546875,0.65753573179245,0.17380186915397644,1.6938542548882425,29.18709677419355,0.4143829345703125,0.07230091094970703,-0.008185714483261108,-0.7756455792498285,3.7911576878991333,0.000396728515625
Altered-Medium,69__M_Left_ring_finger_Obl.BMP,False,0.6975103616714478,0.19216406345367432,1.1184431271669835,44.01550387596899,0.4092864990234375,0.7751413583755493,0.18288494646549225,0.5614402814687278,63.44705882352941,0.4076690673828125,0.07763099670410156,-0.009279116988182068,-0.5570028456982556,19.43155494756042,-0.001617431640625
Altered-Medium,11__M_Right_ring_finger_CR.BMP,False,0.7523319721221924,0.23667290806770325,2.7520915896081024,26.990697674418605,0.41583251953125,0.8084512948989868,0.22986182570457458,2.2762317350759966,32.33522727272727,0.415618896484375,0.056119322776794434,-0.006811082363128662,-0.4758598545321058,5.344529598308668,-0.000213623046875
Altered-Medium,384__F_Right_ring_finger_Obl.BMP,False,0.5647380948066711,0.1554122269153595,2.4525752039641624,23.258064516129032,0.3048553466796875,0.6110824942588806,0.14908716082572937,1.9259034007399523,27.868965517241378,0.3010711669921875,0.04634439945220947,-0.006325066089630127,-0.5266718032242101,4.610901001112346,-0.0037841796875
Altered-Medium,519__M_Left_little_finger_CR.BMP,False,0.6819891929626465,0.16379033029079437,2.378766380101828,29.695906432748536,0.365631103515625,0.7807838916778564,0.1536129117012024,0.897167513991541,46.851485148514854,0.3571624755859375,0.09879469871520996,-0.01017741858959198,-1.481598866110287,17.155578715766318,-0.0084686279296875
Altered-Medium,282__M_Left_thumb_finger_CR.BMP,False,0.7348465323448181,0.22725078463554382,3.6105073131194048,24.602510460251047,0.4141693115234375,0.7918075323104858,0.21907953917980194,2.593649264515173,31.694444444444443,0.4118194580078125,0.056960999965667725,-0.008171245455741882,-1.0168580486042318,7.091933984193396,-0.002349853515625
Altered-Medium,185__M_Right_little_finger_Zcut.BMP,False,0.6804717779159546,0.17707639932632446,1.304605653291164,51.834782608695654,0.3859710693359375,0.7438960075378418,0.1687668114900589,1.0283589763872958,56.98019801980198,0.3857879638671875,0.06342422962188721,-0.008309587836265564,-0.2762466769038683,5.1454154111063275,-0.00018310546875
Altered-Medium,344__M_Left_index_finger_CR.BMP,False,0.5916349291801453,0.1541009247303009,1.297016861219196,34.58461538461538,0.352935791015625,0.6462819576263428,0.14746229350566864,0.9914647814466764,40.41747572815534,0.353973388671875,0.05464702844619751,-0.006638631224632263,-0.3055520797725195,5.832860343539956,0.00103759765625
Altered-Medium,363__M_Left_middle_finger_Zcut.BMP,False,0.6757243871688843,0.18426518142223358,7.046848492757405,14.36723163841808,0.3507843017578125,0.763739824295044,0.17459122836589813,4.9315798827083706,18.47509578544061,0.34344482421875,0.08801543712615967,-0.00967395305633545,-2.1152686100490348,4.107864147022532,-0.0073394775390625
Altered-Medium,283__M_Left_thumb_finger_Zcut.BMP,False,0.6973180770874023,0.20443809032440186,1.4595876664842182,44.775193798449614,0.4181671142578125,0.7478433847427368,0.19698530435562134,1.5710632078918523,43.9609375,0.417633056640625,0.05052530765533447,-0.007452785968780518,0.11147554140763405,-0.8142562984496138,-0.0005340576171875
Altered-Medium,493__M_Right_little_finger_CR.BMP,False,0.561152458190918,0.1792519986629486,6.177496934829765,13.219941348973608,0.323577880859375,0.61606764793396,0.17388471961021423,4.764600434003207,14.706896551724139,0.323455810546875,0.05491518974304199,-0.005367279052734375,-1.412896500826558,1.486955202750531,-0.0001220703125
Altered-Medium,359__M_Left_middle_finger_Zcut.BMP,False,0.6327494382858276,0.18055883049964905,5.2499326931706,19.46530612244898,0.340057373046875,0.70374596118927,0.17377135157585144,3.960930818742405,21.36279069767442,0.3390045166015625,0.07099652290344238,-0.006787478923797607,-1.2890018744281955,1.897484575225441,-0.0010528564453125
Altered-Medium,221__M_Left_thumb_finger_Zcut.BMP,False,0.7137519121170044,0.21480607986450195,3.3933698773166276,25.167381974248926,0.4091949462890625,0.7734180688858032,0.20723512768745422,2.728869948786961,32.022346368715084,0.4081878662109375,0.05966615676879883,-0.0075709521770477295,-0.6644999285296667,6.854964394466158,-0.001007080078125
Altered-Medium,330__M_Right_index_finger_Zcut.BMP,False,0.64072185754776,0.22477075457572937,9.712406938513285,11.214028776978417,0.4037628173828125,0.6902458667755127,0.21701285243034363,8.74880611270296,11.802371541501977,0.3993988037109375,0.049524009227752686,-0.007757902145385742,-0.9636008258103246,0.5883427645235599,-0.004364013671875
Altered-Medium,98__M_Right_little_finger_CR.BMP,False,0.5727771520614624,0.14898619055747986,4.278205598337611,21.957805907172997,0.3744964599609375,0.6832752823829651,0.13898226618766785,2.6006711409395975,29.751592356687897,0.36728908609108274,0.11049813032150269,-0.010003924369812012,-1.6775344573980138,7.793786449514901,-0.007207373869854761
Altered-Medium,443__M_Left_middle_finger_CR.BMP,False,0.7023403644561768,0.15975606441497803,4.183935267416617,22.33189655172414,0.3865814208984375,0.7920739650726318,0.14884187281131744,1.2752052283414361,41.07826086956522,0.382904052734375,0.08973360061645508,-0.010914191603660583,-2.9087300390751807,18.74636431784108,-0.0036773681640625
Altered-Medium,126__F_Left_thumb_finger_Zcut.BMP,False,0.6908978819847107,0.2005288153886795,4.768392370572207,18.337278106508876,0.4031982421875,0.7543118000030518,0.1938486546278,4.113629307668426,21.109929078014183,0.39696820310574316,0.06341391801834106,-0.006680160760879517,-0.6547630629037808,2.772650971505307,-0.006230039081756844
Altered-Medium,295__M_Left_thumb_finger_Obl.BMP,False,0.6119704842567444,0.19936829805374146,12.544014084507042,8.236749116607774,0.3466796875,0.6815226674079895,0.18981888890266418,10.533423362592842,9.0,0.3389739990234375,0.06955218315124512,-0.00954940915107727,-2.0105907219142,0.7632508833922262,-0.0077056884765625
Altered-Medium,238__M_Right_thumb_finger_Zcut.BMP,False,0.6730327010154724,0.21528394520282745,9.897347216601053,11.263157894736842,0.4147186279296875,0.7508782744407654,0.20362909138202667,8.321775312066574,13.05857740585774,0.4070587158203125,0.07784557342529297,-0.011654853820800781,-1.5755719045344794,1.7954195111208975,-0.007659912109375
Altered-Medium,172__M_Right_middle_finger_Obl.BMP,False,0.7473965883255005,0.2175782322883606,5.066545674531155,18.881294964028775,0.403564453125,0.820139467716217,0.20888587832450867,3.136834857120998,27.80110497237569,0.3988800048828125,0.07274287939071655,-0.008692353963851929,-1.929710817410157,8.919810008346914,-0.0046844482421875
Altered-Medium,90__M_Right_ring_finger_Zcut.BMP,False,0.7622103095054626,0.212622731924057,3.2010476155832817,32.03703703703704,0.4194793701171875,0.8273121118545532,0.2039482593536377,1.293183077775725,50.015037593984964,0.4129791259765625,0.06510180234909058,-0.008674472570419312,-1.9078645378075567,17.978000556947926,-0.006500244140625
Altered-Medium,392__M_Left_thumb_finger_Obl.BMP,False,0.7088901400566101,0.21841564774513245,5.685136871617149,15.970674486803519,0.3918609619140625,0.7692245244979858,0.20929503440856934,4.658385093167702,18.95925925925926,0.38323974609375,0.06033438444137573,-0.00912061333656311,-1.026751778449447,2.9885847724557397,-0.0086212158203125
Altered-Medium,260__M_Left_ring_finger_CR.BMP,False,0.4711988568305969,0.15023639798164368,21.27659574468085,5.201342281879195,0.236663818359375,0.5565731525421143,0.1391587108373642,15.888234488426242,6.157303370786517,0.222808837890625,0.08537429571151733,-0.01107768714427948,-5.388361256254608,0.9559610889073218,-0.01385498046875
Altered-Medium,434__M_Right_index_finger_CR.BMP,False,0.7089359760284424,0.2143048793077469,4.816847765206677,17.919881305637983,0.4086456298828125,0.7854531407356262,0.2044125646352768,3.2552329762670804,24.004255319148935,0.4031219482421875,0.07651716470718384,-0.009892314672470093,-1.5616147889395964,6.084374013510953,-0.005523681640625
Altered-Medium,278__M_Right_middle_finger_Obl.BMP,False,0.6153868436813354,0.18363481760025024,6.9174232598357115,12.178660049627792,0.352935791015625,0.6893008947372437,0.17517763376235962,4.495966853263983,14.763333333333334,0.3461761474609375,0.0739140510559082,-0.008457183837890625,-2.4214564065717283,2.5846732837055413,-0.0067596435546875
Altered-Medium,549__M_Right_little_finger_CR.BMP,False,0.6213701963424683,0.16690538823604584,6.145828211809824,16.846153846153847,0.3103485107421875,0.6873041391372681,0.15866719186306,4.694835680751174,20.362745098039216,0.305511474609375,0.0659339427947998,-0.00823819637298584,-1.4509925310586498,3.5165912518853695,-0.0048370361328125
Altered-Medium,161__F_Right_ring_finger_Zcut.BMP,False,0.6639137268066406,0.1721838414669037,5.183307479853203,18.614325068870524,0.4033050537109375,0.7569835186004639,0.1593008041381836,3.9651986449029875,24.35019455252918,0.3963623046875,0.09306979179382324,-0.012883037328720093,-1.2181088349502152,5.735869483658657,-0.0069427490234375
Altered-Medium,531__M_Right_middle_finger_Obl.BMP,False,0.712454080581665,0.2014792263507843,2.652329749103943,29.434065934065934,0.42572021484375,0.7881959676742554,0.19166797399520874,2.2111062780919237,35.47222222222222,0.42095947265625,0.07574188709259033,-0.009811252355575562,-0.4412234710120191,6.038156288156287,-0.0047607421875
Altered-Medium,130__F_Right_middle_finger_CR.BMP,False,0.6778643131256104,0.17665942013263702,1.6485871608031917,33.401162790697676,0.4627838134765625,0.7625418901443481,0.16718269884586334,1.0577813037154569,42.943548387096776,0.46160888671875,0.08467757701873779,-0.009476721286773682,-0.5908058570877348,9.5423855963991,-0.0011749267578125
Altered-Medium,46__M_Right_little_finger_Obl.BMP,False,0.6514867544174194,0.17045794427394867,5.112038851495272,17.2012987012987,0.358184814453125,0.7375606298446655,0.16071707010269165,3.395142334813267,23.033980582524272,0.350555419921875,0.0860738754272461,-0.009740874171257019,-1.7168965166820045,5.832681881225572,-0.00762939453125
Altered-Medium,309__M_Left_thumb_finger_Obl.BMP,False,0.630627453327179,0.1875915825366974,4.999180462219308,16.318493150684933,0.37237548828125,0.7077672481536865,0.1787796914577484,3.1836599685768627,21.816831683168317,0.369049072265625,0.07713979482650757,-0.008811891078948975,-1.8155204936424454,5.498338532483384,-0.003326416015625
Altered-Medium,104__M_Left_index_finger_Zcut.BMP,False,0.6903085708618164,0.21721291542053223,5.913795064255658,14.637974683544304,0.4025115966796875,0.753165602684021,0.20876771211624146,4.684740035327548,17.853896103896105,0.397369384765625,0.06285703182220459,-0.008445203304290771,-1.2290550289281104,3.215921420351801,-0.0051422119140625
Altered-Medium,152__M_Left_ring_finger_Zcut.BMP,False,0.6450986862182617,0.1867067515850067,5.553613732572139,16.628099173553718,0.3928985595703125,0.7179098129272461,0.17822635173797607,5.155243116578793,18.762057877813504,0.3907012939453125,0.07281112670898438,-0.00848039984703064,-0.398370615993346,2.1339587042597863,-0.002197265625
Altered-Medium,581__F_Left_middle_finger_Zcut.BMP,False,0.6010768413543701,0.12854287028312683,3.647034164745336,19.213815789473685,0.3639984130859375,0.7074146270751953,0.11333221197128296,3.4583944665688535,18.2390243902439,0.29119873046875,0.1063377857208252,-0.015210658311843872,-0.18863969817648263,-0.9747913992297832,-0.0727996826171875
Altered-Medium,395__M_Right_index_finger_CR.BMP,False,0.6518756151199341,0.1720941662788391,3.973214285714286,20.14977973568282,0.341796875,0.7305749654769897,0.1629852056503296,2.603334094542133,27.383116883116884,0.3340911865234375,0.07869935035705566,-0.009108960628509521,-1.369880191172153,7.233337147434064,-0.0077056884765625
Altered-Medium,569__M_Right_little_finger_Obl.BMP,False,0.6224562525749207,0.15459796786308289,3.5870175893513117,19.786290322580644,0.35866077656358986,0.7039313316345215,0.14544738829135895,2.118156283096192,29.521428571428572,0.3442989409601116,0.08147507905960083,-0.009150579571723938,-1.4688613062551195,9.735138248847928,-0.014361835603478257
Altered-Medium,224__M_Right_ring_finger_Zcut.BMP,False,0.6142194271087646,0.1562308520078659,4.12550622610802,22.591695501730104,0.4031524658203125,0.7034856677055359,0.1441325843334198,3.0004937521364274,29.612745098039216,0.4017486572265625,0.08926624059677124,-0.012098267674446106,-1.1250124739715925,7.021049596309112,-0.00140380859375
Altered-Medium,266__M_Right_ring_finger_CR.BMP,False,0.7000348567962646,0.22009460628032684,6.763244687513047,14.182584269662922,0.3654937744140625,0.7520803213119507,0.21260830760002136,5.969011938023876,15.908196721311475,0.360443115234375,0.052045464515686035,-0.007486298680305481,-0.7942327494891703,1.7256124516485531,-0.0050506591796875
Altered-Medium,54__M_Left_middle_finger_Obl.BMP,False,0.7329447865486145,0.17065273225307465,5.315209340826907,18.144329896907216,0.3502349853515625,0.8282688856124878,0.15890881419181824,2.370208304845253,29.681528662420384,0.3347625732421875,0.09532409906387329,-0.011743918061256409,-2.9450010359816545,11.537198765513168,-0.015472412109375
Altered-Medium,201__F_Left_index_finger_Zcut.BMP,False,0.5921713709831238,0.16074076294898987,4.28085970254645,16.792079207920793,0.3457489013671875,0.6659995913505554,0.15026962757110596,1.9571212525576016,25.691011235955056,0.343048095703125,0.07382822036743164,-0.010471135377883911,-2.3237384499888485,8.898932028034263,-0.0027008056640625
Altered-Medium,120__M_Left_middle_finger_Obl.BMP,False,0.5812017917633057,0.11772747337818146,5.9725585149313964,15.950704225352112,0.2835845947265625,0.7073004841804504,0.10262767970561981,6.748926307178404,13.918181818181818,0.2238311767578125,0.12609869241714478,-0.015099793672561646,0.7763677922470071,-2.032522407170294,-0.05975341796875
Altered-Medium,580__M_Right_middle_finger_Obl.BMP,False,0.7052320241928101,0.1873364895582199,3.7805782060785766,23.791970802919707,0.41168212890625,0.7866321206092834,0.1758577525615692,2.718212020537602,29.197115384615383,0.4041748046875,0.08140009641647339,-0.011478736996650696,-1.0623661855409745,5.4051445816956765,-0.00750732421875
Altered-Medium,154__F_Left_middle_finger_Zcut.BMP,False,0.5565045475959778,0.1390630006790161,0.6663890045814244,79.52307692307693,0.366363525390625,0.6046881079673767,0.13297609984874725,0.5889033777815168,85.81481481481481,0.36664661700519746,0.048183560371398926,-0.00608690083026886,-0.07748562679990756,6.291737891737881,0.00028309161457246157
Altered-Medium,524__M_Left_ring_finger_CR.BMP,False,0.6646337509155273,0.1560477912425995,4.247865119334355,20.116788321167885,0.3484344482421875,0.7631173133850098,0.14402110874652863,2.628060307068099,26.554945054945055,0.3309478759765625,0.09848356246948242,-0.012026682496070862,-1.6198048122662558,6.43815673377717,-0.017486572265625
Altered-Medium,229__M_Left_index_finger_Obl.BMP,False,0.6584997177124023,0.1526760756969452,2.492237293675437,25.10096153846154,0.37347412109375,0.7481429576873779,0.14164568483829498,1.298810122339534,36.26229508196721,0.36419677734375,0.08964323997497559,-0.011030390858650208,-1.193427171335903,11.16133354350567,-0.00927734375
Altered-Medium,581__F_Right_little_finger_CR.BMP,False,0.6415127515792847,0.14821939170360565,7.502158894645942,12.15606936416185,0.28271484375,0.7707114219665527,0.13464152812957764,4.856614246068455,17.50980392156863,0.263916015625,0.12919867038726807,-0.013577863574028015,-2.645544648577487,5.35373455740678,-0.018798828125
Altered-Medium,181__M_Left_index_finger_CR.BMP,False,0.6817845106124878,0.18903625011444092,7.83256291730868,12.482412060301508,0.35650634765625,0.762333869934082,0.17887786030769348,5.070373284378005,17.412639405204462,0.349090576171875,0.08054935932159424,-0.010158389806747437,-2.762189632930675,4.930227344902955,-0.007415771484375
Altered-Medium,312__M_Right_little_finger_Obl.BMP,False,0.5151314735412598,0.16712382435798645,4.8904865407122555,13.780160857908847,0.36505126953125,0.5769541263580322,0.15917718410491943,3.928616207631546,14.912337662337663,0.3650970458984375,0.06182265281677246,-0.007946640253067017,-0.9618703330807095,1.1321768044288163,4.57763671875e-05
Altered-Medium,355__M_Right_ring_finger_CR.BMP,False,0.7506440281867981,0.20467375218868256,5.4908936236031085,18.39171974522293,0.3946075439453125,0.8287972211837769,0.19480830430984497,3.092538260248989,27.79187817258883,0.384857177734375,0.07815319299697876,-0.009865447878837585,-2.3983553633541197,9.400158427365902,-0.0097503662109375
Altered-Medium,449__F_Right_middle_finger_Zcut.BMP,False,0.6056100130081177,0.16039645671844482,2.686108979278588,31.60337552742616,0.4771728515625,0.6855195760726929,0.14768752455711365,0.9922857783041517,51.2520325203252,0.4766998291015625,0.0799095630645752,-0.012708932161331177,-1.6938232009744363,19.648656992899042,-0.0004730224609375
Altered-Medium,133__M_Right_ring_finger_Obl.BMP,False,0.630316436290741,0.15293431282043457,1.0954902318787656,62.29213483146067,0.4178619384765625,0.7106009125709534,0.14427661895751953,0.7936208004232644,80.9047619047619,0.41010818015560585,0.0802844762802124,-0.008657693862915039,-0.30186943145550116,18.612627073301226,-0.00775375832095665
Altered-Medium,25__F_Left_thumb_finger_Obl.BMP,False,0.6378101110458374,0.1911468654870987,5.474797054936757,16.491477272727273,0.4041290283203125,0.7115821242332458,0.18250662088394165,4.232140757866688,19.43840579710145,0.3940975707689219,0.07377201318740845,-0.008640244603157043,-1.2426562970700692,2.946928524374176,-0.010031457551390621
Altered-Medium,158__M_Left_ring_finger_CR.BMP,False,0.7449675798416138,0.19791020452976227,3.7854889589905367,23.285046728971963,0.3627777099609375,0.8133871555328369,0.18968917429447174,2.8274000771109113,28.481927710843372,0.3561859130859375,0.06841957569122314,-0.008221030235290527,-0.9580888818796254,5.196880981871409,-0.006591796875
Altered-Medium,400__M_Left_little_finger_Zcut.BMP,False,0.5698266625404358,0.16629791259765625,5.3389745139518485,15.277397260273972,0.302947998046875,0.6169056296348572,0.16147740185260773,4.903447578606814,16.890625,0.301849365234375,0.04707896709442139,-0.004820510745048523,-0.4355269353450346,1.6132277397260282,-0.0010986328125
Altered-Medium,4__M_Right_little_finger_Zcut.BMP,False,0.7367557883262634,0.1945069432258606,3.700834839487047,23.686363636363637,0.354583740234375,0.8016465902328491,0.18756115436553955,2.520752748924334,30.817073170731707,0.3510894775390625,0.0648908019065857,-0.006945788860321045,-1.180082090562713,7.130709534368069,-0.0034942626953125
Altered-Medium,40__F_Right_thumb_finger_CR.BMP,False,0.6365543603897095,0.18984098732471466,7.120140504105947,12.945288753799392,0.3214569091796875,0.6836064457893372,0.1834057867527008,5.726660250240616,15.088235294117647,0.31707763671875,0.047052085399627686,-0.006435200572013855,-1.3934802538653317,2.1429465403182544,-0.0043792724609375
Altered-Medium,499__M_Left_ring_finger_Obl.BMP,False,0.642462968826294,0.1943463832139969,10.507953648710387,10.48,0.3673858642578125,0.7146357297897339,0.18333730101585388,7.9684688544255,12.560747663551401,0.356170654296875,0.07217276096343994,-0.011009082198143005,-2.5394847942848875,2.080747663551401,-0.0112152099609375
Altered-Medium,370__M_Left_index_finger_Obl.BMP,False,0.5951328277587891,0.1748507171869278,7.98338717120443,11.097186700767264,0.330657958984375,0.6777827739715576,0.16454294323921204,5.512414917074106,14.173431734317344,0.318328857421875,0.08264994621276855,-0.01030777394771576,-2.4709722541303236,3.07624503355008,-0.0123291015625
Altered-Medium,207__M_Right_little_finger_Zcut.BMP,False,0.6071164011955261,0.17986418306827545,3.402996116145737,23.45985401459854,0.4125213623046875,0.6769284009933472,0.17077520489692688,1.436998941158675,32.06145251396648,0.40350341796875,0.06981199979782104,-0.009088978171348572,-1.965997174987062,8.601598499367938,-0.0090179443359375
Altered-Medium,484__M_Left_little_finger_Zcut.BMP,False,0.5771278142929077,0.1602776050567627,4.147150663544107,21.207048458149778,0.312744140625,0.6371101140975952,0.15387758612632751,2.984636461493297,26.045454545454547,0.311859130859375,0.0599822998046875,-0.006400018930435181,-1.1625142020508097,4.838406087304769,-0.000885009765625
Altered-Medium,257__M_Left_thumb_finger_Obl.BMP,False,0.6869731545448303,0.20763050019741058,5.3664190958657105,16.904929577464788,0.3554229736328125,0.7271126508712769,0.20128744840621948,4.372105103675166,19.53191489361702,0.3524932861328125,0.04013949632644653,-0.006343051791191101,-0.9943139921905448,2.6269853161522327,-0.0029296875
Altered-Medium,69__M_Right_little_finger_CR.BMP,False,0.5827599167823792,0.1410318911075592,4.806319596459503,20.56734693877551,0.320648193359375,0.6831217408180237,0.13049256801605225,2.3022686939421555,32.852112676056336,0.3181304931640625,0.10036182403564453,-0.010539323091506958,-2.504050902517348,12.284765737280825,-0.0025177001953125
Altered-Medium,469__M_Right_index_finger_Obl.BMP,False,0.7087739706039429,0.18543492257595062,1.8357356540658145,37.77564102564103,0.4488525390625,0.7925109267234802,0.1765260398387909,1.3911591833895594,44.67213114754098,0.4431378592895122,0.08373695611953735,-0.008908882737159729,-0.44457647067625516,6.8964901218999515,-0.005714679772987785
Altered-Medium,549__M_Right_ring_finger_Obl.BMP,False,0.6928067803382874,0.19000539183616638,1.5407726975078002,51.56730769230769,0.40036704038986476,0.7707021832466125,0.1833154261112213,0.9583516351874776,69.35211267605634,0.39219156200081434,0.0778954029083252,-0.006689965724945068,-0.5824210623203226,17.784804983748643,-0.008175478389050417
Altered-Medium,213__M_Right_little_finger_CR.BMP,False,0.6713325381278992,0.15131686627864838,3.432592465459538,21.472118959107807,0.355621337890625,0.7612662315368652,0.1379433274269104,3.0976235419389186,25.36756756756757,0.3152618408203125,0.08993369340896606,-0.013373538851737976,-0.33496892352061947,3.8954486084597626,-0.0403594970703125
Altered-Medium,569__M_Right_thumb_finger_CR.BMP,False,0.6115443110466003,0.16698136925697327,1.065988102197311,39.340425531914896,0.4614127502935296,0.6713851094245911,0.16252672672271729,1.127477723222404,41.29661016949152,0.4558643101104221,0.05984079837799072,-0.0044546425342559814,0.06148962102509303,1.9561846375766265,-0.005548440183107517
Altered-Medium,119__F_Left_little_finger_Obl.BMP,False,0.5583397150039673,0.14414198696613312,4.685990338164252,17.041958041958043,0.31585693359375,0.6459744572639465,0.13477057218551636,2.7830672330452613,23.380208333333332,0.3125152587890625,0.08763474225997925,-0.00937141478061676,-1.9029231051189903,6.338250291375289,-0.0033416748046875
Altered-Medium,593__M_Left_ring_finger_Obl.BMP,False,0.6487874388694763,0.185611754655838,3.912937148447053,21.174468085106383,0.374359130859375,0.7187517881393433,0.1777796745300293,2.681296922696147,28.176470588235293,0.369903564453125,0.06996434926986694,-0.007832080125808716,-1.231640225750906,7.00200250312891,-0.00445556640625
Altered-Medium,219__M_Right_index_finger_CR.BMP,False,0.5993042588233948,0.16000783443450928,2.999016715830875,26.54140127388535,0.31036376953125,0.6470441222190857,0.15341776609420776,1.9246903222622513,33.52136752136752,0.3091888427734375,0.04773986339569092,-0.006590068340301514,-1.0743263935686238,6.979966247482174,-0.0011749267578125
Altered-Medium,71__M_Right_middle_finger_CR.BMP,False,0.7320059537887573,0.21034540235996246,2.6775699243767415,30.080645161290324,0.4217071533203125,0.7940478324890137,0.20277395844459534,2.0630496941619314,35.673202614379086,0.4215850830078125,0.06204187870025635,-0.0075714439153671265,-0.6145202302148101,5.592557453088762,-0.0001220703125
Altered-Medium,487__M_Right_ring_finger_Zcut.BMP,False,0.6351820230484009,0.18271702527999878,7.825736183945139,13.214750542299349,0.378265380859375,0.7178412675857544,0.17162761092185974,5.210056235527621,16.27456647398844,0.3690185546875,0.08265924453735352,-0.011089414358139038,-2.615679948417518,3.0598159316890907,-0.009246826171875
Altered-Medium,586__M_Right_thumb_finger_CR.BMP,False,0.753105640411377,0.2566678524017334,1.866752494367557,34.588235294117645,0.474090576171875,0.7980257272720337,0.2496224343776703,1.9005895048803274,37.66013071895425,0.4736785888671875,0.04492008686065674,-0.00704541802406311,0.03383701051277033,3.0718954248366046,-0.0004119873046875
Altered-Medium,532__M_Right_middle_finger_Obl.BMP,False,0.7063621878623962,0.19986768066883087,5.200227747200608,17.570637119113574,0.4019927978515625,0.7730933427810669,0.190696120262146,4.055553430003443,22.71641791044776,0.3988189697265625,0.06673115491867065,-0.009171560406684875,-1.1446743171971647,5.145780791334186,-0.003173828125
Altered-Medium,216__M_Right_ring_finger_Obl.BMP,False,0.647249698638916,0.1622147560119629,1.659719005712521,35.95977011494253,0.39532470703125,0.7136267423629761,0.15643268823623657,1.6426585797321203,38.47552447552447,0.3780573248407643,0.06637704372406006,-0.005782067775726318,-0.017060425980400806,2.515754360581944,-0.01726738219048568
Altered-Medium,585__M_Right_little_finger_Zcut.BMP,False,0.5375025272369385,0.16256719827651978,9.758413334739952,10.273381294964029,0.289276123046875,0.5912589430809021,0.15541034936904907,7.253774649400892,12.489164086687307,0.2839813232421875,0.05375641584396362,-0.007156848907470703,-2.50463868533906,2.215782791723278,-0.0052947998046875
Altered-Medium,572__F_Right_index_finger_Zcut.BMP,False,0.6679225564002991,0.18320003151893616,2.677523474178404,29.652380952380952,0.416015625,0.7571454048156738,0.1748155951499939,1.8597039351335267,35.41614906832298,0.4147026159921027,0.08922284841537476,-0.00838443636894226,-0.8178195390448773,5.763768115942028,-0.0013130090078973256
Altered-Medium,229__M_Right_middle_finger_Obl.BMP,False,0.6854285597801208,0.17031604051589966,2.328247009098073,34.72282608695652,0.425994873046875,0.7659128308296204,0.15964633226394653,1.2353753360947606,52.66355140186916,0.419952392578125,0.08048427104949951,-0.010669708251953125,-1.0928716730033126,17.940725314912633,-0.00604248046875
Altered-Medium,553__M_Left_middle_finger_CR.BMP,False,0.6360182166099548,0.19537131488323212,5.60687346214352,16.792048929663608,0.3782806396484375,0.7064193487167358,0.18774354457855225,4.415372035977105,21.41393442622951,0.37322998046875,0.070401132106781,-0.007627770304679871,-1.1915014261664147,4.621885496565902,-0.0050506591796875
Altered-Medium,98__M_Right_middle_finger_Obl.BMP,False,0.606511116027832,0.17123520374298096,4.929166058127647,16.796923076923076,0.41790771484375,0.7097678780555725,0.1589718759059906,3.261675315048184,24.395833333333332,0.41168212890625,0.10325676202774048,-0.012263327836990356,-1.6674907430794632,7.598910256410257,-0.0062255859375
Altered-Medium,457__M_Right_little_finger_Zcut.BMP,False,0.614931583404541,0.15961802005767822,5.819874872690237,15.70774647887324,0.3146209716796875,0.6932992339134216,0.15151038765907288,4.068029211390482,21.121951219512194,0.3113250732421875,0.07836765050888062,-0.008107632398605347,-1.7518456612997548,5.414204740638954,-0.0032958984375
Altered-Medium,444__M_Left_index_finger_CR.BMP,False,0.7116200923919678,0.21368969976902008,5.143397934411389,17.87410071942446,0.3708343505859375,0.7744048833847046,0.20585572719573975,3.5561877667140824,22.833333333333332,0.364715576171875,0.06278479099273682,-0.007833972573280334,-1.587210167697307,4.9592326139088705,-0.0061187744140625
Altered-Medium,241__M_Left_little_finger_CR.BMP,False,0.6589743494987488,0.15417850017547607,9.219937416182386,12.05722891566265,0.2730712890625,0.7442656755447388,0.1453382521867752,5.374479889042997,19.05759162303665,0.2640380859375,0.08529132604598999,-0.008840247988700867,-3.8454575271393896,7.000362707374,-0.009033203125
Altered-Medium,23__M_Left_ring_finger_CR.BMP,False,0.5118976831436157,0.11669938266277313,0.9910802775024777,33.32575757575758,0.3233184814453125,0.5840590000152588,0.10768982768058777,1.3469408900170958,30.17391304347826,0.2945404052734375,0.07216131687164307,-0.009009554982185364,0.3558606125146181,-3.1518445322793163,-0.028778076171875
Altered-Medium,583__M_Left_ring_finger_CR.BMP,False,0.7119031548500061,0.20744040608406067,3.4096253331243145,26.91743119266055,0.38934326171875,0.7613277435302734,0.2008868157863617,2.95764650209007,29.884816753926703,0.386932373046875,0.049424588680267334,-0.006553590297698975,-0.4519788310342445,2.967385561266152,-0.002410888671875
Altered-Medium,19__M_Right_index_finger_Zcut.BMP,False,0.6535122394561768,0.17231258749961853,2.8352817804016004,30.130890052356023,0.3928680419921875,0.7349326610565186,0.1617698222398758,1.9066889762247556,38.114285714285714,0.3921356201171875,0.0814204216003418,-0.010542765259742737,-0.9285928041768448,7.983395661929691,-0.000732421875
Altered-Medium,403__M_Right_index_finger_Zcut.BMP,False,0.6623026728630066,0.21579572558403015,4.65832531280077,17.882154882154882,0.3963470458984375,0.7278023362159729,0.20837828516960144,3.947570136440288,20.648979591836735,0.39813232421875,0.06549966335296631,-0.007417440414428711,-0.7107551763604816,2.7668247096818526,0.0017852783203125
Altered-Medium,503__M_Right_index_finger_Zcut.BMP,False,0.619346022605896,0.17516303062438965,5.577923167253816,16.41883116883117,0.36383056640625,0.6956115961074829,0.16601896286010742,3.668718900227714,20.524229074889867,0.361846923828125,0.07626557350158691,-0.009144067764282227,-1.9092042670261025,4.105397906058698,-0.001983642578125
Altered-Medium,365__M_Right_little_finger_CR.BMP,False,0.5438230633735657,0.13423395156860352,3.0293194850156873,24.84967320261438,0.282073974609375,0.5879695415496826,0.12894535064697266,2.1195652173913047,31.82456140350877,0.28076171875,0.04414647817611694,-0.005288600921630859,-0.9097542676243826,6.974888200894391,-0.001312255859375
Altered-Medium,338__M_Right_ring_finger_Zcut.BMP,False,0.6761658191680908,0.1744883954524994,3.8559948106238062,23.693379790940767,0.4234161376953125,0.7578483819961548,0.16352578997612,2.370349087774745,31.386934673366834,0.42486572265625,0.08168256282806396,-0.010962605476379395,-1.4856457228490614,7.693554882426067,0.0014495849609375
Altered-Medium,113__M_Right_thumb_finger_CR.BMP,False,0.5766481161117554,0.19405624270439148,9.004417261297995,9.778884462151394,0.3592529296875,0.6405051946640015,0.18986091017723083,8.896302474284125,10.359223300970873,0.34080788301803366,0.0638570785522461,-0.0041953325271606445,-0.10811478701386967,0.580338838819479,-0.018445046669466336
Altered-Medium,300__F_Right_ring_finger_CR.BMP,False,0.604205846786499,0.17969495058059692,4.5979920695182654,15.51549295774648,0.361724853515625,0.6775422096252441,0.17152711749076843,3.2528676596473205,17.822299651567945,0.35650634765625,0.07333636283874512,-0.008167833089828491,-1.345124409870945,2.306806693821466,-0.005218505859375
Altered-Medium,81__F_Left_thumb_finger_Obl.BMP,False,0.6026749610900879,0.19438931345939636,11.385787701577176,9.318,0.34442138671875,0.6627836227416992,0.18608860671520233,9.341576785956045,10.255269320843091,0.3381195068359375,0.06010866165161133,-0.00830070674419403,-2.0442109156211306,0.9372693208430913,-0.0063018798828125
Altered-Medium,468__F_Right_middle_finger_CR.BMP,False,0.6586664915084839,0.18844851851463318,8.15275691911607,12.37117903930131,0.3556060791015625,0.7273855209350586,0.17953342199325562,7.0730003492839675,13.945454545454545,0.3494873046875,0.06871902942657471,-0.008915096521377563,-1.079756569832103,1.574275506153235,-0.0061187744140625
Altered-Medium,134__M_Left_index_finger_CR.BMP,False,0.6904760003089905,0.17402887344360352,2.01871190651811,33.35897435897436,0.3930511474609375,0.7577027082443237,0.16520968079566956,1.0268967968719145,50.32631578947368,0.3863372802734375,0.06722670793533325,-0.00881919264793396,-0.9918151096461956,16.967341430499324,-0.0067138671875
Altered-Medium,191__F_Right_thumb_finger_Obl.BMP,False,0.727175235748291,0.22254589200019836,4.143035276135312,20.537777777777777,0.3793487548828125,0.7673128843307495,0.2164391279220581,3.9307857519147387,20.76525821596244,0.3765411376953125,0.040137648582458496,-0.006106764078140259,-0.21224952422057353,0.22748043818466357,-0.0028076171875
Altered-Medium,450__M_Right_index_finger_Obl.BMP,False,0.6404224634170532,0.18341052532196045,3.478101688709899,21.74468085106383,0.3334197998046875,0.6905189156532288,0.17739513516426086,2.9028244943095425,25.68421052631579,0.3311614990234375,0.05009645223617554,-0.006015390157699585,-0.5752771944003565,3.9395296752519613,-0.00225830078125
Altered-Medium,441__M_Right_little_finger_Obl.BMP,False,0.5693947076797485,0.13240179419517517,2.7563097876020106,24.5126582278481,0.2823333740234375,0.6332076191902161,0.12541645765304565,2.1366350736865174,29.098360655737704,0.2785186767578125,0.06381291151046753,-0.006985336542129517,-0.6196747139154932,4.585702427889604,-0.003814697265625
Altered-Medium,118__F_Right_index_finger_Zcut.BMP,False,0.5827712416648865,0.17675621807575226,1.2690355329949239,35.80239520958084,0.4629131496769007,0.6387550830841064,0.1699385643005371,0.8981438360721176,46.44736842105263,0.4648738924026165,0.05598384141921997,-0.006817653775215149,-0.3708916969228063,10.644973211471793,0.0019607427257157806
Altered-Medium,454__M_Left_index_finger_Obl.BMP,False,0.5986021757125854,0.16841912269592285,7.424357996440377,12.275641025641026,0.3000640869140625,0.6788286566734314,0.16002987325191498,5.595356377137478,14.689795918367347,0.2917938232421875,0.08022648096084595,-0.008389249444007874,-1.8290016193028986,2.4141548927263212,-0.008270263671875
Altered-Medium,523__F_Left_little_finger_CR.BMP,False,0.6390931606292725,0.14647305011749268,5.615160934523212,16.861486486486488,0.304351806640625,0.7251368761062622,0.13553988933563232,3.15341357018973,21.582914572864322,0.2903289794921875,0.08604371547698975,-0.010933160781860352,-2.461747364333482,4.721428086377834,-0.0140228271484375
Altered-Medium,334__F_Right_index_finger_Zcut.BMP,False,0.7612791657447815,0.2393723577260971,3.353502952540643,23.983333333333334,0.418609619140625,0.8093106746673584,0.23281249403953552,2.929973630237328,26.819905213270143,0.4166259765625,0.048031508922576904,-0.0065598636865615845,-0.42352932230331497,2.836571879936809,-0.001983642578125
Altered-Medium,577__M_Right_ring_finger_Zcut.BMP,False,0.6309716701507568,0.16954970359802246,16.836147352264007,7.646376811594203,0.318115234375,0.7252155542373657,0.1563187837600708,10.876713714777154,9.56875,0.3016204833984375,0.09424388408660889,-0.01323091983795166,-5.959433637486853,1.922373188405797,-0.0164947509765625
Altered-Medium,490__M_Left_little_finger_Zcut.BMP,False,0.5579535961151123,0.15063238143920898,11.289807221216318,10.494199535962878,0.286529541015625,0.6447060108184814,0.14152154326438904,9.779682435031042,11.76878612716763,0.2777252197265625,0.08675241470336914,-0.009110838174819946,-1.5101247861852762,1.274586591204752,-0.0088043212890625
Altered-Medium,20__M_Left_index_finger_CR.BMP,False,0.6464785933494568,0.19999366998672485,12.439132359451085,8.842778793418647,0.344696044921875,0.7245365381240845,0.1888803392648697,9.391383633462503,10.839243498817966,0.3347015380859375,0.07805794477462769,-0.011113330721855164,-3.0477487259885816,1.996464705399319,-0.0099945068359375
Altered-Hard,387__F_Left_index_finger_Zcut.BMP,False,0.6350691318511963,0.15534023940563202,4.993054773435447,22.20408163265306,0.4064483642578125,0.724391758441925,0.14438220858573914,1.918695287204701,41.65891472868217,0.39185188665946147,0.08932262659072876,-0.010958030819892883,-3.074359486230746,19.45483309602911,-0.014596477598351032
Altered-Hard,366__M_Left_index_finger_CR.BMP,False,0.6999942064285278,0.20234525203704834,3.0468309196915553,28.81725888324873,0.4056549072265625,0.7754634618759155,0.19299843907356262,2.042360060514372,39.48550724637681,0.4034423828125,0.0754692554473877,-0.009346812963485718,-1.0044708591771832,10.668248363128082,-0.0022125244140625
Altered-Hard,257__M_Right_ring_finger_Obl.BMP,False,0.544244647026062,0.15164373815059662,3.396851698425849,18.49645390070922,0.36834716796875,0.6354498863220215,0.13918423652648926,2.552539777078193,20.793577981651374,0.358673095703125,0.09120523929595947,-0.01245950162410736,-0.8443119213476562,2.2971240809421545,-0.009674072265625
Altered-Hard,587__M_Left_ring_finger_CR.BMP,False,0.6632837057113647,0.16929301619529724,8.919382504288164,12.408629441624365,0.3113555908203125,0.7511428594589233,0.15900859236717224,5.5622977346278315,17.50763358778626,0.3017578125,0.0878591537475586,-0.010284423828125,-3.3570847696603323,5.099004146161894,-0.0095977783203125
Altered-Hard,413__M_Left_index_finger_Obl.BMP,False,0.708579421043396,0.1757497787475586,4.104951333051206,19.39622641509434,0.360565185546875,0.7882882356643677,0.16532564163208008,3.275538280124034,23.273170731707317,0.3493804931640625,0.07970881462097168,-0.010424137115478516,-0.8294130529271722,3.8769443166129776,-0.0111846923828125
Altered-Hard,27__M_Right_index_finger_Obl.BMP,False,0.5463311076164246,0.14591366052627563,1.599520143956813,33.638297872340424,0.4579010009765625,0.6687423586845398,0.13754135370254517,0.9787218617464748,42.82608695652174,0.4386826956715326,0.12241125106811523,-0.008372306823730469,-0.6207982822103382,9.187789084181318,-0.01921830530502988
Altered-Hard,365__M_Left_thumb_finger_Zcut.BMP,False,0.7457302808761597,0.1627759337425232,6.360763291594991,16.375675675675677,0.3814239501953125,0.8457739353179932,0.1474754512310028,4.071246819338422,25.024390243902438,0.35980224609375,0.1000436544418335,-0.015300482511520386,-2.289516472256569,8.648714568226762,-0.0216217041015625
Altered-Hard,501__M_Right_ring_finger_CR.BMP,False,0.5342519879341125,0.13954149186611176,4.485741749439282,17.865546218487395,0.285736083984375,0.5883899927139282,0.1334673911333084,3.379465722561957,22.434782608695652,0.284454345703125,0.054138004779815674,-0.006074100732803345,-1.106276026877325,4.569236390208257,-0.00128173828125
Altered-Hard,65__M_Right_ring_finger_Zcut.BMP,False,0.6543101072311401,0.18385429680347443,3.366482219556553,21.069620253164558,0.3943328857421875,0.7234307527542114,0.17440444231033325,3.239530072987003,22.27526132404181,0.3909454345703125,0.06912064552307129,-0.009449854493141174,-0.12695214656955,1.2056410708772525,-0.003387451171875
Altered-Hard,205__F_Left_index_finger_Obl.BMP,False,0.5326800346374512,0.12718087434768677,5.953718265558302,12.963855421686747,0.27166748046875,0.6306211948394775,0.11568909883499146,3.4079844206426486,17.62589928057554,0.250732421875,0.09794116020202637,-0.011491775512695312,-2.5457338449156532,4.662043858888792,-0.02093505859375
Altered-Hard,541__M_Right_index_finger_Obl.BMP,False,0.5743789672851562,0.17869606614112854,8.895324782788581,9.264264264264265,0.2950439453125,0.6485856771469116,0.17007149755954742,5.946959549959818,11.382113821138212,0.2848052978515625,0.07420670986175537,-0.008624568581581116,-2.9483652328287633,2.1178495568739475,-0.0102386474609375
Altered-Hard,21__M_Left_thumb_finger_Zcut.BMP,False,0.7180140018463135,0.2000499665737152,5.773384283103505,16.233974358974358,0.36737060546875,0.8037190437316895,0.1912200003862381,3.7787118413790175,22.375,0.3593902587890625,0.08570504188537598,-0.008829966187477112,-1.9946724417244877,6.141025641025642,-0.0079803466796875
Altered-Hard,551__F_Left_index_finger_Zcut.BMP,False,0.5724166035652161,0.15849977731704712,8.991864503544413,10.97991967871486,0.3207244873046875,0.6382855176925659,0.14988332986831665,7.745183464033304,13.002525252525253,0.315216064453125,0.06586891412734985,-0.008616447448730469,-1.2466810395111088,2.0226055738103934,-0.0055084228515625
Altered-Hard,524__M_Left_ring_finger_Zcut.BMP,False,0.6560387015342712,0.15599997341632843,6.150844150335114,15.11,0.359710693359375,0.7486987709999084,0.14270256459712982,3.5809800099723494,20.203187250996017,0.3366241455078125,0.09266006946563721,-0.013297408819198608,-2.569864140362765,5.093187250996017,-0.0230865478515625
Altered-Hard,151__M_Right_thumb_finger_Zcut.BMP,False,0.6792147755622864,0.20253196358680725,10.187237655048815,10.145739910313901,0.3235321044921875,0.7333284616470337,0.19460448622703552,8.727097396335584,11.612903225806452,0.31646728515625,0.054113686084747314,-0.007927477359771729,-1.4601402587132313,1.4671633154925505,-0.0070648193359375
Altered-Hard,86__M_Right_middle_finger_Zcut.BMP,False,0.713204026222229,0.19903555512428284,3.811468436277012,23.003508771929823,0.4483795166015625,0.7852073907852173,0.189856618642807,2.861035422343324,27.43913043478261,0.447998046875,0.07200336456298828,-0.00917893648147583,-0.9504330139336878,4.435621662852785,-0.0003814697265625
Altered-Hard,277__M_Right_ring_finger_CR.BMP,False,0.6838420629501343,0.19642412662506104,5.922131967508303,17.204747774480712,0.3813323974609375,0.7653214931488037,0.18704937398433685,3.7618315670253213,22.66938775510204,0.377227783203125,0.08147943019866943,-0.009374752640724182,-2.1603004004829818,5.464639980621328,-0.0041046142578125
Altered-Hard,368__M_Left_ring_finger_CR.BMP,False,0.627184271812439,0.18782028555870056,4.806309822125457,19.12542372881356,0.3714447021484375,0.6875498294830322,0.18159827589988708,3.987011385589214,21.3984375,0.3712310791015625,0.06036555767059326,-0.0062220096588134766,-0.819298436536243,2.2730137711864415,-0.000213623046875
Altered-Hard,5__M_Left_middle_finger_Zcut.BMP,False,0.7153890132904053,0.1940688043832779,1.4957685494981303,38.23357664233577,0.3876495361328125,0.7701845169067383,0.18801915645599365,1.3871824343070032,37.992592592592594,0.3849945068359375,0.05479550361633301,-0.006049647927284241,-0.10858611519112715,-0.2409840497431759,-0.002655029296875
Altered-Hard,563__M_Right_middle_finger_CR.BMP,False,0.6214486956596375,0.20111751556396484,10.354012716961677,9.840490797546012,0.35516357421875,0.6811553239822388,0.19253090023994446,8.184165608998205,11.070559610705596,0.3486480712890625,0.05970662832260132,-0.008586615324020386,-2.169847107963472,1.2300688131595834,-0.0065155029296875
Altered-Hard,38__M_Left_middle_finger_CR.BMP,False,0.5503417253494263,0.15564990043640137,9.345357693565722,10.04,0.3265533447265625,0.6345058679580688,0.1453147977590561,7.83066774239476,11.701492537313433,0.3215179443359375,0.08416414260864258,-0.010335102677345276,-1.5146899511709622,1.6614925373134337,-0.005035400390625
Altered-Hard,70__M_Left_index_finger_Obl.BMP,False,0.6411793231964111,0.18331071734428406,5.238029017753673,14.85121107266436,0.3291778564453125,0.7176482677459717,0.17529234290122986,3.8562247084027614,19.675,0.3205108642578125,0.07646894454956055,-0.0080183744430542,-1.3818043093509118,4.823788927335642,-0.0086669921875
Altered-Hard,143__M_Right_middle_finger_Obl.BMP,False,0.6649177074432373,0.1818661391735077,6.537612497877398,14.190184049079754,0.35943603515625,0.7549811601638794,0.17106182873249054,3.761186286801262,20.117924528301888,0.3529510498046875,0.09006345272064209,-0.010804310441017151,-2.776426211076136,5.927740479222134,-0.0064849853515625
Altered-Hard,314__M_Left_thumb_finger_Zcut.BMP,False,0.735296368598938,0.21273173391819,6.721240844463593,15.60122699386503,0.354156494140625,0.7984452843666077,0.20541319251060486,5.305388696452844,18.274725274725274,0.3480072021484375,0.06314891576766968,-0.007318541407585144,-1.4158521480107495,2.673498280860244,-0.0061492919921875
Altered-Hard,568__M_Right_little_finger_Obl.BMP,False,0.5736984610557556,0.1724345088005066,5.803944714967291,13.558528428093645,0.32269891909909054,0.6282222867012024,0.16709673404693604,5.199919224555735,14.37890625,0.31664428671909967,0.05452382564544678,-0.005337774753570557,-0.6040254904115558,0.8203778219063551,-0.006054632379990876
Altered-Hard,471__M_Left_ring_finger_CR.BMP,False,0.768798828125,0.21505451202392578,3.103709311127933,29.071065989847718,0.40313720703125,0.8296762704849243,0.2055976688861847,1.869872161801183,44.472,0.3998565673828125,0.060877442359924316,-0.009456843137741089,-1.23383714932675,15.400934010152284,-0.0032806396484375
Altered-Hard,479__F_Left_little_finger_CR.BMP,False,0.5302776098251343,0.13885793089866638,10.001796729951488,11.132132132132131,0.2547760009765625,0.606479287147522,0.13067349791526794,6.211180124223603,15.815668202764977,0.2481231689453125,0.0762016773223877,-0.008184432983398438,-3.7906166057278856,4.6835360706328455,-0.00665283203125
Altered-Hard,168__M_Right_thumb_finger_CR.BMP,False,0.5946999788284302,0.1947467029094696,9.998354180381831,9.624548736462094,0.370849609375,0.669919490814209,0.18395087122917175,7.970132975376484,11.116591928251122,0.3637542724609375,0.07521951198577881,-0.010795831680297852,-2.028221205005347,1.492043191789028,-0.0070953369140625
Altered-Hard,282__M_Left_little_finger_Zcut.BMP,False,0.7241930365562439,0.2050481140613556,8.795474253623489,12.983333333333333,0.3695220947265625,0.7844085693359375,0.19600415229797363,7.718444565627753,14.667464114832535,0.3637542724609375,0.060215532779693604,-0.009043961763381958,-1.0770296879957355,1.6841307814992028,-0.005767822265625
Altered-Hard,559__M_Left_middle_finger_Obl.BMP,False,0.6732184886932373,0.17363247275352478,4.622625651369979,18.090196078431372,0.36309814453125,0.7554917335510254,0.16443940997123718,2.966730239457512,27.649350649350648,0.3600311279296875,0.08227324485778809,-0.009193062782287598,-1.6558954119124665,9.559154570919276,-0.0030670166015625
Altered-Hard,132__M_Right_thumb_finger_Zcut.BMP,False,0.643569827079773,0.20436139404773712,12.433160892057558,9.136042402826854,0.3509979248046875,0.7040082216262817,0.19526457786560059,10.739327238839088,9.96551724137931,0.343841552734375,0.06043839454650879,-0.009096816182136536,-1.6938336532184692,0.8294748385524553,-0.0071563720703125
Altered-Hard,226__M_Left_middle_finger_CR.BMP,False,0.7135893106460571,0.23794779181480408,5.599776008959641,19.96794871794872,0.3814849853515625,0.7532109022140503,0.2323506474494934,3.9212515664793632,24.829268292682926,0.3774566650390625,0.039621591567993164,-0.005597144365310669,-1.678524442480278,4.861319574734207,-0.0040283203125
Altered-Hard,126__F_Right_ring_finger_Obl.BMP,False,0.6423375010490417,0.15730959177017212,2.7911370663002404,24.344036697247706,0.3553466796875,0.7095822095870972,0.148989737033844,2.032080937351377,30.05521472392638,0.3529205322265625,0.06724470853805542,-0.008319854736328125,-0.7590561289488633,5.711178026678674,-0.0024261474609375
Altered-Hard,316__M_Right_ring_finger_CR.BMP,False,0.45357298851013184,0.13911113142967224,10.023740437879189,9.334101382488479,0.2892303466796875,0.5084316730499268,0.13173329830169678,8.826833574065157,10.099730458221025,0.2852325439453125,0.05485868453979492,-0.007377833127975464,-1.196906863814032,0.7656290757325461,-0.003997802734375
Altered-Hard,363__M_Left_little_finger_CR.BMP,False,0.6577643156051636,0.27189379930496216,6.781264784734269,16.363636363636363,0.38702392578125,0.7046811580657959,0.26663699746131897,4.460374352847471,20.386363636363637,0.383148193359375,0.046916842460632324,-0.0052568018436431885,-2.3208904318867978,4.022727272727273,-0.003875732421875
Altered-Hard,9__M_Right_thumb_finger_CR.BMP,False,0.6461154222488403,0.23521307110786438,5.662878027230009,13.89935064935065,0.3799285888671875,0.6864901185035706,0.2297133207321167,4.846918167864933,14.946043165467627,0.377777099609375,0.040374696254730225,-0.005499750375747681,-0.8159598593650763,1.046692516116977,-0.0021514892578125
Altered-Hard,182__M_Right_thumb_finger_CR.BMP,False,0.6760634779930115,0.2294352650642395,6.310936437155166,14.11204481792717,0.403778076171875,0.7344623804092407,0.22146019339561462,4.992702972578539,16.75,0.397308349609375,0.05839890241622925,-0.007975071668624878,-1.3182334645766272,2.6379551820728295,-0.0064697265625
Altered-Hard,385__M_Left_thumb_finger_Zcut.BMP,False,0.7715232372283936,0.222420334815979,3.0827014385940044,24.81654676258993,0.430633544921875,0.8280622959136963,0.2134702205657959,2.463230044266743,29.70044052863436,0.42742919921875,0.056539058685302734,-0.008950114250183105,-0.6194713943272614,4.88389376604443,-0.003204345703125
Altered-Hard,285__M_Right_little_finger_Obl.BMP,False,0.6728077530860901,0.17350268363952637,4.093768852882875,20.577205882352942,0.354095458984375,0.745059072971344,0.1642371416091919,3.0777347871966234,26.790816326530614,0.3470458984375,0.0722513198852539,-0.009265542030334473,-1.0160340656862519,6.213610444177672,-0.007049560546875
Altered-Hard,248__M_Left_thumb_finger_Zcut.BMP,False,0.6932090520858765,0.19429469108581543,5.4902822005051055,16.981578947368423,0.42246791402505024,0.7575929760932922,0.1856011003255844,5.0344462109168,19.006309148264986,0.4147252747252747,0.06438392400741577,-0.008693590760231018,-0.45583598958830596,2.0247302008965633,-0.007742639299775533
Altered-Hard,108__M_Right_little_finger_Obl.BMP,False,0.6511561274528503,0.18071900308132172,1.1423252665425623,37.89344262295082,0.36065673828125,0.7164770364761353,0.17460660636425018,0.8951788226267104,42.24038461538461,0.3579559326171875,0.06532090902328491,-0.006112396717071533,-0.24714644391585183,4.346941992433791,-0.0027008056640625
Altered-Hard,292__M_Left_ring_finger_CR.BMP,False,0.5404869318008423,0.13134433329105377,6.602065807688212,11.900293255131965,0.286590576171875,0.627752423286438,0.12010069191455841,3.56261989586188,15.768518518518519,0.2783966064453125,0.0872654914855957,-0.011243641376495361,-3.039445911826332,3.868225263386554,-0.0081939697265625
Altered-Hard,382__M_Left_middle_finger_CR.BMP,False,0.6774429082870483,0.18369638919830322,1.7054199076577514,39.81196581196581,0.3668365478515625,0.7441810369491577,0.17679068446159363,1.3792526958120874,44.896907216494846,0.365081787109375,0.06673812866210938,-0.006905704736709595,-0.326167211845664,5.084941404529033,-0.0017547607421875
Altered-Hard,189__F_Right_thumb_finger_Zcut.BMP,False,0.7407345175743103,0.18962164223194122,2.7079303675048356,34.58256880733945,0.47332763671875,0.8163025379180908,0.1776326596736908,2.1726441403463257,43.60606060606061,0.470550537109375,0.07556802034378052,-0.011988982558250427,-0.5352862271585099,9.02349179872116,-0.002777099609375
Altered-Hard,443__M_Right_middle_finger_Obl.BMP,False,0.7469241619110107,0.2088194191455841,2.641031058525248,31.75824175824176,0.433319091796875,0.8181947469711304,0.19890467822551727,1.1504583857630775,51.38095238095238,0.4244232177734375,0.07127058506011963,-0.009914740920066833,-1.4905726727621706,19.62271062271062,-0.0088958740234375
Altered-Hard,432__M_Right_index_finger_Obl.BMP,False,0.6216500401496887,0.1552613377571106,1.732126618455809,33.21641791044776,0.35656054102461165,0.7134668827056885,0.14823633432388306,1.100545870751893,44.9,0.3538868982707587,0.09181684255599976,-0.007025003433227539,-0.6315807477039161,11.683582089552239,-0.002673642753852956
Altered-Hard,196__M_Left_ring_finger_CR.BMP,False,0.618298351764679,0.14675778150558472,9.989200863930886,10.98320895522388,0.339111328125,0.7437199354171753,0.1310153752565384,6.8059587834943605,14.675213675213675,0.3206024169921875,0.12542158365249634,-0.015742406249046326,-3.183242080436526,3.6920047199897947,-0.0185089111328125
Altered-Hard,398__M_Right_ring_finger_Zcut.BMP,False,0.6566063165664673,0.19586609303951263,4.7771979124849455,19.78,0.380096435546875,0.7001485824584961,0.1887417733669281,4.191013499899254,21.377289377289376,0.3786468505859375,0.04354226589202881,-0.007124319672584534,-0.5861844125856912,1.5972893772893748,-0.0014495849609375
Altered-Hard,427__M_Right_ring_finger_Zcut.BMP,False,0.6048109531402588,0.151722252368927,0.9194101630184943,43.81021897810219,0.4315032958984375,0.6727184653282166,0.14411018788814545,0.5385803023230764,53.717171717171716,0.43244879896899213,0.06790751218795776,-0.007612064480781555,-0.3808298606954179,9.906952739069524,0.0009455030705546319
Altered-Hard,8__M_Left_middle_finger_CR.BMP,False,0.7089639902114868,0.20234060287475586,4.912389277840096,18.255172413793105,0.3944854736328125,0.771727442741394,0.19313034415245056,3.606711619883958,23.087557603686637,0.38922119140625,0.06276345252990723,-0.009210258722305298,-1.3056776579561378,4.832385189893532,-0.0052642822265625
Altered-Hard,489__M_Right_thumb_finger_CR.BMP,False,0.6570037603378296,0.2180236577987671,9.262377905018525,11.026258205689278,0.3624267578125,0.713059663772583,0.21008765697479248,7.762243760185264,12.822281167108754,0.355804443359375,0.05605590343475342,-0.00793600082397461,-1.500134144833261,1.7960229614194763,-0.006622314453125
Altered-Hard,292__M_Right_ring_finger_Obl.BMP,False,0.5798436403274536,0.16513988375663757,3.5368815783866707,18.088028169014084,0.3580780029296875,0.6642290949821472,0.15478593111038208,1.432851374234727,24.796511627906977,0.3514251708984375,0.0843854546546936,-0.010353952646255493,-2.1040302041519436,6.708483458892893,-0.00665283203125
Altered-Hard,462__M_Left_ring_finger_CR.BMP,False,0.5888264775276184,0.15450963377952576,6.684369563226811,13.873949579831933,0.333282470703125,0.6682501435279846,0.14433591067790985,4.693073024216257,18.612244897959183,0.32513427734375,0.07942366600036621,-0.010173723101615906,-1.9912965390105546,4.73829531812725,-0.008148193359375
Altered-Hard,101__M_Left_index_finger_CR.BMP,False,0.6299000382423401,0.16933205723762512,2.2996195174980136,26.02577319587629,0.3649444580078125,0.6891337633132935,0.1619127094745636,1.7640388088537946,28.28654970760234,0.3632965087890625,0.05923372507095337,-0.0074193477630615234,-0.535580708644219,2.26077651172605,-0.00164794921875
Altered-Hard,384__F_Right_index_finger_CR.BMP,False,0.6586583256721497,0.19271652400493622,3.0305355224796684,23.88412017167382,0.39776611328125,0.7407500743865967,0.182414710521698,1.542198403824652,33.89403973509934,0.3957672119140625,0.08209174871444702,-0.01030181348323822,-1.4883371186550165,10.00991956342552,-0.0019989013671875
Altered-Hard,98__M_Right_middle_finger_Obl.BMP,False,0.6025063395500183,0.16888493299484253,5.405205286735034,15.652941176470588,0.4121551513671875,0.7124112844467163,0.1566632091999054,3.278441421411614,23.071065989847718,0.4049224853515625,0.109904944896698,-0.012221723794937134,-2.1267638653234204,7.41812481337713,-0.007232666015625
Altered-Hard,182__M_Right_index_finger_CR.BMP,False,0.697087287902832,0.200841024518013,2.288784953726739,33.01648351648352,0.4673881025100386,0.8064957857131958,0.1984805315732956,2.269260816189874,35.46099290780142,0.44833049801527736,0.10940849781036377,-0.0023604929447174072,-0.019524137536865105,2.444509391317901,-0.019057604494761238
Altered-Hard,503__M_Left_middle_finger_CR.BMP,False,0.6112735271453857,0.18154188990592957,7.657346112044264,13.716216216216216,0.308868408203125,0.6759686470031738,0.1724657118320465,4.796768492804848,18.466346153846153,0.3022003173828125,0.06469511985778809,-0.009076178073883057,-2.8605776192394163,4.7501299376299375,-0.0066680908203125
Altered-Hard,374__M_Right_little_finger_CR.BMP,False,0.5789567828178406,0.16428282856941223,8.451472191930208,11.220588235294118,0.27984619140625,0.6431052088737488,0.15711161494255066,6.5283540802213,14.098859315589353,0.2758026123046875,0.0641484260559082,-0.007171213626861572,-1.9231181117089076,2.878271080295235,-0.0040435791015625
Altered-Hard,571__F_Right_thumb_finger_Obl.BMP,False,0.6175861954689026,0.1827722191810608,12.113897456528543,8.536945812807883,0.3413543701171875,0.6860483884811401,0.1716579645872116,9.508423724901917,10.161490683229813,0.3305816650390625,0.06846219301223755,-0.011114254593849182,-2.605473731626626,1.6245448704219303,-0.010772705078125
Altered-Hard,486__M_Right_index_finger_CR.BMP,False,0.6326267123222351,0.20605850219726562,9.227903826617,10.636363636363637,0.3604736328125,0.7023134231567383,0.19723500311374664,7.011054238891996,12.463157894736842,0.3547515869140625,0.06968671083450317,-0.008823499083518982,-2.2168495877250045,1.826794258373205,-0.0057220458984375
Altered-Hard,441__M_Right_thumb_finger_Zcut.BMP,False,0.7036246061325073,0.1849149912595749,3.561520581839994,25.511904761904763,0.462151532477433,0.7857706546783447,0.18539072573184967,3.4823731728288907,25.938388625592417,0.4394068196845187,0.0821460485458374,0.0004757344722747803,-0.07914740901110351,0.426483863687654,-0.02274471279291429
Altered-Hard,323__M_Left_index_finger_Zcut.BMP,False,0.6134117841720581,0.17119479179382324,3.560364359365608,21.611353711790393,0.3300018310546875,0.6727511882781982,0.16471244394779205,2.8793015371754977,27.7183908045977,0.3285675048828125,0.05933940410614014,-0.006482347846031189,-0.68106282219011,6.107037092807307,-0.001434326171875
Altered-Hard,514__F_Left_middle_finger_Zcut.BMP,False,0.6996819376945496,0.1668613851070404,2.5822342285078657,26.083333333333332,0.38409423828125,0.776850700378418,0.15754152834415436,2.1838476159663527,31.70414201183432,0.3773040771484375,0.07716876268386841,-0.009319856762886047,-0.398386612541513,5.620808678500989,-0.0067901611328125
Altered-Hard,241__M_Right_little_finger_Obl.BMP,False,0.6425282955169678,0.14862586557865143,8.072809543397778,12.074498567335244,0.2967529296875,0.7519867420196533,0.13881780207157135,4.155788800681976,18.658163265306122,0.2863922119140625,0.10945844650268555,-0.009808063507080078,-3.9170207427158017,6.583664697970878,-0.0103607177734375
Altered-Hard,317__M_Right_little_finger_CR.BMP,False,0.6836814880371094,0.1717156171798706,5.934281510544384,18.736625514403293,0.311126708984375,0.7615954875946045,0.16319303214550018,3.1637623662933763,29.195945945945947,0.3038482666015625,0.07791399955749512,-0.008522585034370422,-2.7705191442510078,10.459320431542654,-0.0072784423828125
Altered-Hard,125__M_Right_ring_finger_CR.BMP,False,0.6720622181892395,0.18482562899589539,6.1947669381389705,16.9595015576324,0.35223388671875,0.73186194896698,0.17691448330879211,5.733794371252243,18.664310954063605,0.3486175537109375,0.05979973077774048,-0.007911145687103271,-0.4609725668867277,1.7048093964312052,-0.0036163330078125
Altered-Hard,165__M_Left_index_finger_Obl.BMP,False,0.6193602085113525,0.18909555673599243,9.943049201755205,9.534883720930232,0.326873779296875,0.6985567808151245,0.1795361042022705,6.640492462798701,12.43728813559322,0.3148040771484375,0.07919657230377197,-0.009559452533721924,-3.302556738956504,2.902404414662989,-0.0120697021484375
Altered-Hard,328__M_Left_thumb_finger_Zcut.BMP,False,0.6407524347305298,0.20607902109622955,10.908031142012574,8.937908496732026,0.3665008544921875,0.6887068748474121,0.19840741157531738,10.183470796162263,9.553153153153152,0.36260986328125,0.047954440116882324,-0.00767160952091217,-0.7245603458503105,0.615244656421126,-0.0038909912109375
Altered-Hard,108__M_Left_thumb_finger_CR.BMP,False,0.6856411695480347,0.21696503460407257,4.8189741870600065,18.484615384615385,0.3641357421875,0.7416965961456299,0.20985589921474457,3.4397825717683035,21.570093457943926,0.35931396484375,0.056055426597595215,-0.007109135389328003,-1.379191615291703,3.0854780733285416,-0.00482177734375
Altered-Hard,481__F_Right_index_finger_Obl.BMP,False,0.6248379945755005,0.1576337218284607,1.2933657942787584,41.50806451612903,0.401123046875,0.701287031173706,0.1474328637123108,0.8418474725442927,52.21978021978022,0.3987579345703125,0.07644903659820557,-0.010200858116149902,-0.4515183217344657,10.711715703651187,-0.0023651123046875
Altered-Hard,341__M_Left_middle_finger_CR.BMP,False,0.6370835304260254,0.16604629158973694,5.639913232104122,15.087912087912088,0.351715087890625,0.7410324811935425,0.15245874226093292,3.990136740641112,19.724,0.3403472900390625,0.10394895076751709,-0.013587549328804016,-1.6497764914630095,4.636087912087913,-0.0113677978515625
Altered-Hard,503__M_Left_little_finger_CR.BMP,False,0.5672169327735901,0.15742820501327515,8.342420937840785,11.757188498402556,0.27984619140625,0.6293013095855713,0.15041738748550415,6.369426751592357,13.847058823529412,0.27789306640625,0.0620843768119812,-0.007010817527770996,-1.9729941862484282,2.0898703251268564,-0.001953125
Altered-Hard,229__M_Right_ring_finger_Obl.BMP,False,0.6398216485977173,0.1393756866455078,4.359719610189776,19.034246575342465,0.35699462890625,0.7407118082046509,0.12803620100021362,1.5374478365912585,33.3006993006993,0.3473663330078125,0.1008901596069336,-0.01133948564529419,-2.8222717735985174,14.266452725356835,-0.0096282958984375
Altered-Hard,46__M_Right_little_finger_Obl.BMP,False,0.6439948678016663,0.16564899682998657,5.564318261479144,15.742038216560509,0.3482666015625,0.7361357808113098,0.1554551124572754,3.516047601875225,20.7,0.3385009765625,0.09214091300964355,-0.010193884372711182,-2.048270659603919,4.95796178343949,-0.009765625
Altered-Hard,173__F_Right_little_finger_CR.BMP,False,0.5909129977226257,0.15197871625423431,3.487983181231784,20.63594470046083,0.3193511962890625,0.6776473522186279,0.14417880773544312,2.920560747663551,26.1125,0.3134765625,0.0867343544960022,-0.007799908518791199,-0.567422433568233,5.4765552995391715,-0.0058746337890625
Altered-Hard,547__M_Left_index_finger_Obl.BMP,False,0.6221007108688354,0.181076779961586,2.748314510241766,27.455555555555556,0.3802021257489918,0.7093839645385742,0.17817364633083344,2.586880124951191,27.463087248322147,0.35502261345717306,0.08728325366973877,-0.0029031336307525635,-0.16143438529057486,0.007531692766590936,-0.02517951229181875
Altered-Hard,194__M_Left_little_finger_CR.BMP,False,0.5435040593147278,0.18310458958148956,14.860895109728702,7.574175824175824,0.35321044921875,0.6117986440658569,0.17023350298404694,11.790117901179011,9.068965517241379,0.339080810546875,0.06829458475112915,-0.012871086597442627,-3.070777208549691,1.494789693065555,-0.014129638671875
Altered-Hard,587__M_Left_little_finger_CR.BMP,False,0.644799530506134,0.16352227330207825,11.600173460537727,9.370546318289787,0.281494140625,0.7114810943603516,0.15546013414859772,8.395885460105644,12.012658227848101,0.2744293212890625,0.06668156385421753,-0.00806213915348053,-3.204288000432083,2.6421119095583148,-0.0070648193359375
Altered-Hard,389__F_Right_middle_finger_Obl.BMP,False,0.5688354969024658,0.16020730137825012,2.3103419306057296,23.463963963963963,0.363250732421875,0.634339451789856,0.15156781673431396,1.774772871328967,24.475138121546962,0.3610992431640625,0.06550395488739014,-0.008639484643936157,-0.5355690592767626,1.0111741575829996,-0.0021514892578125
Altered-Hard,197__M_Right_thumb_finger_Obl.BMP,False,0.7826122045516968,0.22343897819519043,0.9139574356965662,72.2439024390244,0.46746826171875,0.842682421207428,0.2141781896352768,0.653317218175285,96.05,0.4671173095703125,0.0600702166557312,-0.009260788559913635,-0.2606402175212812,23.8060975609756,-0.0003509521484375
Altered-Hard,342__M_Left_index_finger_Obl.BMP,False,0.6549062132835388,0.1604686975479126,2.2821576763485476,27.81578947368421,0.36773681640625,0.7413272857666016,0.15126636624336243,1.4305549711785248,38.78688524590164,0.3626556396484375,0.08642107248306274,-0.009202331304550171,-0.8516027051700228,10.971095772217428,-0.0050811767578125
Altered-Hard,225__M_Right_index_finger_Obl.BMP,False,0.6074714660644531,0.17354600131511688,8.05116965603614,9.959090909090909,0.3411407470703125,0.7057511806488037,0.16283108294010162,6.089403515246575,12.446540880503145,0.3307647705078125,0.09827971458435059,-0.010714918375015259,-1.9617661407895657,2.487449971412236,-0.0103759765625
Altered-Hard,419__F_Left_thumb_finger_Zcut.BMP,False,0.7119961977005005,0.2306589037179947,2.0343651215924385,31.199029126213592,0.4875335693359375,0.7659480571746826,0.22291463613510132,1.8047733142483742,34.49438202247191,0.4903717041015625,0.05395185947418213,-0.007744267582893372,-0.22959180734406437,3.2953528962583185,0.002838134765625
Altered-Hard,35__M_Left_ring_finger_CR.BMP,False,0.6848980188369751,0.145157590508461,3.5064752910374493,21.642241379310345,0.3263702392578125,0.8064258694648743,0.13108757138252258,2.311854402361043,28.655844155844157,0.310211181640625,0.12152785062789917,-0.014070019125938416,-1.1946208886764063,7.013602776533812,-0.0161590576171875
Altered-Hard,122__M_Left_middle_finger_Zcut.BMP,False,0.6349890828132629,0.19495344161987305,7.509442346145302,12.316953316953317,0.3433990478515625,0.7025620937347412,0.18727239966392517,5.7606822099247035,14.364179104477612,0.336395263671875,0.06757301092147827,-0.007681041955947876,-1.7487601362205982,2.0472257875242956,-0.0070037841796875
Altered-Hard,171__M_Left_middle_finger_CR.BMP,False,0.6205320358276367,0.1672414243221283,1.9591836734693877,30.818181818181817,0.37384033203125,0.6714203953742981,0.15991131961345673,1.545972335231896,36.82575757575758,0.37506103515625,0.05088835954666138,-0.00733010470867157,-0.4132113382374918,6.007575757575761,0.001220703125
Altered-Hard,90__M_Right_thumb_finger_Zcut.BMP,False,0.6916886568069458,0.2334180623292923,3.866201801926197,19.884393063583815,0.4420318603515625,0.7396023273468018,0.22544702887535095,3.4115435493977584,21.7557003257329,0.438323974609375,0.04791367053985596,-0.007971033453941345,-0.4546582525284384,1.8713072621490845,-0.0037078857421875
Altered-Hard,597__M_Left_middle_finger_CR.BMP,False,0.5148688554763794,0.19587339460849762,14.451789377706863,6.7894736842105265,0.3347015380859375,0.5682867169380188,0.1851617991924286,11.50450788880541,7.533206831119545,0.324951171875,0.053417861461639404,-0.01071159541606903,-2.947281488901453,0.743733146909018,-0.0097503662109375
Altered-Hard,559__M_Left_index_finger_Zcut.BMP,False,0.6058668494224548,0.16309744119644165,3.800657641884101,21.497942386831276,0.3573150634765625,0.6828649640083313,0.1546751856803894,2.963790215196942,26.50802139037433,0.3552398681640625,0.07699811458587646,-0.008422255516052246,-0.8368674266871592,5.010079003543055,-0.0020751953125
Altered-Hard,317__M_Left_index_finger_CR.BMP,False,0.7291858196258545,0.1974593847990036,2.2094564737074682,33.905325443786985,0.41436767578125,0.8021772503852844,0.18885931372642517,1.2320328542094456,49.169642857142854,0.4087066650390625,0.07299143075942993,-0.00860007107257843,-0.9774236194980226,15.264317413355869,-0.0056610107421875
Altered-Hard,158__M_Right_middle_finger_Obl.BMP,False,0.6399375796318054,0.17350877821445465,4.0561741858952285,19.566308243727597,0.3987579345703125,0.7345556020736694,0.16185250878334045,2.773762550298863,24.83248730964467,0.3905792236328125,0.09461802244186401,-0.011656269431114197,-1.2824116355963655,5.266179065917072,-0.0081787109375
Altered-Hard,176__M_Left_thumb_finger_Obl.BMP,False,0.7605565786361694,0.21594932675361633,5.868632909487623,18.707602339181285,0.405609130859375,0.8283255696296692,0.2056758552789688,3.915998003608861,26.92920353982301,0.3974456787109375,0.06776899099349976,-0.010273471474647522,-1.952634905878762,8.221601200641725,-0.0081634521484375
Altered-Hard,483__M_Right_index_finger_Obl.BMP,False,0.5938873887062073,0.1711769700050354,5.57551728410358,15.198224852071005,0.3694610595703125,0.6854797005653381,0.1597856879234314,4.0431266846361185,17.213178294573645,0.3623046875,0.09159231185913086,-0.011391282081604004,-1.5323905994674618,2.014953442502639,-0.0071563720703125
Altered-Hard,113__M_Left_thumb_finger_CR.BMP,False,0.6469533443450928,0.19559186697006226,6.574229022232847,14.495956873315365,0.382965087890625,0.7051101922988892,0.18697306513786316,5.574270131536734,15.48,0.3804931640625,0.05815684795379639,-0.008618801832199097,-0.9999588906961137,0.9840431266846359,-0.002471923828125
Altered-Hard,318__F_Left_index_finger_Obl.BMP,False,0.6252390742301941,0.19554230570793152,3.620127911186195,21.33467741935484,0.3793487548828125,0.6833786368370056,0.18793082237243652,2.9625421046223774,23.64485981308411,0.3759918212890625,0.05813956260681152,-0.007611483335494995,-0.6575858065638176,2.3101823937292707,-0.00335693359375
Altered-Hard,243__M_Right_thumb_finger_CR.BMP,False,0.5011495351791382,0.20341232419013977,7.765349641908747,10.615711252653927,0.379241943359375,0.5476155281066895,0.19547298550605774,6.304144466588034,11.821428571428571,0.3751678466796875,0.04646599292755127,-0.007939338684082031,-1.4612051753207131,1.205717318774644,-0.0040740966796875
Altered-Hard,438__M_Left_little_finger_CR.BMP,False,0.6493422985076904,0.13537560403347015,4.451193967322999,19.4,0.2913818359375,0.7403422594070435,0.12448110431432724,2.3474178403755865,27.544,0.279510498046875,0.09099996089935303,-0.010894499719142914,-2.103776126947413,8.144000000000002,-0.011871337890625
Altered-Hard,53__M_Right_ring_finger_CR.BMP,False,0.744896650314331,0.26773449778556824,4.571171643748361,23.95149253731343,0.4072418212890625,0.7737770080566406,0.2637259364128113,4.058929645219483,26.71186440677966,0.406005859375,0.02888035774230957,-0.004008561372756958,-0.5122419985288778,2.76037186946623,-0.0012359619140625
Altered-Hard,134__M_Right_middle_finger_Obl.BMP,False,0.6057877540588379,0.1777517944574356,1.5993486289220389,36.10674157303371,0.5247344970703125,0.6846492290496826,0.17239910364151,1.1151379983272929,45.264462809917354,0.5142078939823517,0.07886147499084473,-0.005352690815925598,-0.484210630594746,9.157721236883646,-0.010526603087960829
Altered-Hard,571__F_Right_ring_finger_CR.BMP,False,0.6610766053199768,0.17437118291854858,5.695539253656537,16.252365930599368,0.3348846435546875,0.7362935543060303,0.16520357131958008,4.4349995380208815,19.180392156862744,0.330291748046875,0.07521694898605347,-0.009167611598968506,-1.2605397156356553,2.928026226263377,-0.0045928955078125
Altered-Hard,317__M_Right_middle_finger_CR.BMP,False,0.7617849111557007,0.22573935985565186,2.732149401925832,36.015957446808514,0.4579620361328125,0.8222585916519165,0.21599745750427246,2.008435428800964,44.554054054054056,0.455841064453125,0.06047368049621582,-0.009741902351379395,-0.7237139731248678,8.538096607245542,-0.0021209716796875
Altered-Hard,410__M_Left_index_finger_Obl.BMP,False,0.6600521802902222,0.19133245944976807,5.584363781412046,15.122754491017965,0.382537841796875,0.7469722628593445,0.18190380930900574,3.784828474794653,19.470833333333335,0.37896728515625,0.08692008256912231,-0.009428650140762329,-1.799535306617393,4.3480788423153705,-0.003570556640625
Altered-Hard,196__M_Left_thumb_finger_Obl.BMP,False,0.6991149187088013,0.1729753613471985,7.594610829829228,15.215,0.355621337890625,0.782425045967102,0.16271880269050598,5.389406723505765,19.15593220338983,0.3454132080078125,0.08331012725830078,-0.010256558656692505,-2.205204106323463,3.9409322033898313,-0.0102081298828125
Altered-Hard,448__M_Right_ring_finger_Obl.BMP,False,0.7091973423957825,0.19621343910694122,2.7765244854753064,27.401015228426395,0.4396514892578125,0.7896744012832642,0.18731369078159332,1.797785128721415,39.928,0.4297214196319587,0.08047705888748169,-0.0088997483253479,-0.9787393567538913,12.526984771573602,-0.009930069625853799
Altered-Hard,414__M_Left_thumb_finger_Obl.BMP,False,0.6282399892807007,0.18810535967350006,6.711731147226616,14.275747508305647,0.3182830810546875,0.690951943397522,0.18100662529468536,5.331637644296616,16.066666666666666,0.31195068359375,0.06271195411682129,-0.007098734378814697,-1.3800935029300003,1.7909191583610191,-0.0063323974609375
Altered-Hard,552__M_Right_index_finger_Obl.BMP,False,0.6608810424804688,0.18445554375648499,2.05966594792907,31.31,0.4741363525390625,0.7753596901893616,0.18423107266426086,2.5650557620817844,29.285714285714285,0.4523669385352728,0.11447864770889282,-0.0002244710922241211,0.5053898141527142,-2.024285714285714,-0.021769414003789678
Altered-Hard,465__F_Left_index_finger_Obl.BMP,False,0.6492301225662231,0.18218497931957245,6.097817401909247,14.690340909090908,0.3628387451171875,0.720047652721405,0.17171472311019897,4.404335247635909,19.36111111111111,0.3533782958984375,0.07081753015518188,-0.010470256209373474,-1.6934821542733385,4.670770202020202,-0.00946044921875
Altered-Hard,566__M_Left_middle_finger_CR.BMP,False,0.7348179221153259,0.2068668156862259,6.628369421122404,15.823691460055096,0.3798370361328125,0.804658055305481,0.1974966824054718,4.334314687602224,22.129554655870447,0.3731689453125,0.06984013319015503,-0.00937013328075409,-2.2940547335201797,6.30586319581535,-0.0066680908203125
Altered-Hard,536__F_Left_little_finger_Obl.BMP,False,0.587092399597168,0.14938317239284515,5.309540752093711,14.94468085106383,0.2787628173828125,0.6803302764892578,0.1418931484222412,2.9995000833194467,21.714285714285715,0.2747039794921875,0.09323787689208984,-0.007490023970603943,-2.3100406687742643,6.769604863221886,-0.004058837890625
Altered-Hard,117__F_Right_index_finger_Obl.BMP,False,0.5043151378631592,0.10954443365335464,0.6672301054223566,55.56521739130435,0.3430328369140625,0.5763362646102905,0.11386984586715698,1.3044612575006522,56.0,0.27583477259643063,0.07202112674713135,0.004325412213802338,0.6372311520782956,0.4347826086956488,-0.06719806431763187
Altered-Hard,323__M_Left_little_finger_CR.BMP,False,0.6143002510070801,0.16417303681373596,11.758061203532554,10.011286681715575,0.29718017578125,0.7063767910003662,0.15386401116847992,8.279717329395634,13.124223602484472,0.289337158203125,0.09207653999328613,-0.010309025645256042,-3.47834387413692,3.112936920768897,-0.007843017578125
Altered-Hard,165__M_Left_index_finger_CR.BMP,False,0.6181498765945435,0.18845567107200623,11.027982899339293,9.0,0.3140869140625,0.6932681202888489,0.17899112403392792,7.981410385936553,11.44267515923567,0.30206298828125,0.07511824369430542,-0.009464547038078308,-3.0465725134027393,2.4426751592356695,-0.01202392578125
Altered-Hard,53__M_Left_thumb_finger_CR.BMP,False,0.7187134027481079,0.2806341350078583,9.619677720501684,13.621212121212121,0.3759307861328125,0.7452385425567627,0.27593210339546204,8.463142401569975,14.81578947368421,0.3732147216796875,0.026525139808654785,-0.00470203161239624,-1.1565353189317094,1.1945773524720895,-0.002716064453125
Altered-Hard,1__M_Left_middle_finger_Obl.BMP,False,0.7038204669952393,0.2007335126399994,4.485286073733727,21.28832116788321,0.4184417724609375,0.7916973829269409,0.18933266401290894,2.652817217157376,34.064516129032256,0.40838623046875,0.08787691593170166,-0.011400848627090454,-1.8324688565763512,12.776194961149045,-0.0100555419921875
Altered-Hard,267__M_Left_little_finger_CR.BMP,False,0.6738945245742798,0.1475917398929596,12.123197903014416,10.78125,0.2794189453125,0.7625008821487427,0.13688823580741882,7.457164000683099,15.481751824817518,0.2680511474609375,0.08860635757446289,-0.010703504085540771,-4.666033902331318,4.700501824817518,-0.0113677978515625
Altered-Hard,307__M_Left_middle_finger_CR.BMP,False,0.6731106638908386,0.1886637657880783,3.3636572127513187,20.363636363636363,0.399200439453125,0.750696063041687,0.17825525999069214,2.3798377028714106,26.239795918367346,0.39111328125,0.07758539915084839,-0.01040850579738617,-0.9838195098799081,5.876159554730982,-0.008087158203125
Altered-Hard,568__M_Right_middle_finger_Obl.BMP,False,0.5273928046226501,0.13896048069000244,3.0861266736302344,20.391959798994975,0.321380615234375,0.5863787531852722,0.13146021962165833,2.3062268123934624,25.978571428571428,0.30763298733747707,0.05898594856262207,-0.007500261068344116,-0.779899861236772,5.586611629576453,-0.01374762789689793
Altered-Hard,244__M_Right_middle_finger_CR.BMP,False,0.612258791923523,0.18261460959911346,6.026156081716386,14.44807121661721,0.357025146484375,0.6728470325469971,0.17469584941864014,4.879523274894205,16.570921985815602,0.353363037109375,0.06058824062347412,-0.007918760180473328,-1.146632806822181,2.1228507691983918,-0.003662109375
Altered-Hard,38__M_Left_ring_finger_CR.BMP,False,0.47151947021484375,0.14878812432289124,9.436673692278214,9.58648111332008,0.31854248046875,0.5256859064102173,0.13832031190395355,8.693075175343278,9.540358744394618,0.308929443359375,0.054166436195373535,-0.010467812418937683,-0.7435985169349362,-0.04612236892546129,-0.009613037109375
Altered-Hard,174__F_Left_index_finger_Obl.BMP,False,0.5675327777862549,0.1304016411304474,10.512777498182633,8.617021276595745,0.2728729248046875,0.670647144317627,0.11707497388124466,7.2552127789293985,11.011194029850746,0.250274658203125,0.10311436653137207,-0.013326667249202728,-3.257564719253234,2.394172753255001,-0.0225982666015625
Altered-Hard,231__M_Right_middle_finger_CR.BMP,False,0.7034250497817993,0.18964186310768127,2.083188667453649,36.12707182320442,0.439483642578125,0.7917534708976746,0.18317563831806183,1.8339696085036306,45.29457364341085,0.4242029721834117,0.08832842111587524,-0.006466224789619446,-0.2492190589500185,9.167501820206432,-0.015280670394713314
Altered-Hard,191__F_Left_thumb_finger_CR.BMP,False,0.7754548788070679,0.22289103269577026,2.51639469269483,34.398648648648646,0.40020751953125,0.8294776678085327,0.21571964025497437,1.9294589797020913,42.758620689655174,0.395416259765625,0.054022789001464844,-0.0071713924407958984,-0.5869357129927386,8.359972041006529,-0.004791259765625
Altered-Hard,483__M_Left_thumb_finger_CR.BMP,False,0.6371532678604126,0.22167012095451355,9.104764960693085,10.872983870967742,0.38043212890625,0.687232494354248,0.21400824189186096,7.988645579886456,12.317757009345794,0.37628173828125,0.05007922649383545,-0.007661879062652588,-1.1161193808066292,1.4447731383780518,-0.004150390625
Altered-Hard,254__M_Left_index_finger_Obl.BMP,False,0.716080367565155,0.18853017687797546,2.851005662956454,23.607655502392344,0.3907012939453125,0.7959911823272705,0.1797446757555008,1.9789440354626773,30.586206896551722,0.385528564453125,0.07991081476211548,-0.00878550112247467,-0.8720616274937767,6.978551394159378,-0.0051727294921875
Altered-Hard,233__M_Left_thumb_finger_Zcut.BMP,False,0.7594323754310608,0.21997416019439697,8.030639980232271,14.883333333333333,0.370513916015625,0.8205292224884033,0.21147370338439941,6.571285975711196,18.855828220858896,0.36688232421875,0.06109684705734253,-0.008500456809997559,-1.4593540045210753,3.9724948875255635,-0.003631591796875
Altered-Hard,176__M_Right_middle_finger_Zcut.BMP,False,0.7190618515014648,0.20201948285102844,4.43073287603794,21.9672131147541,0.4649200439453125,0.790264368057251,0.18952402472496033,3.174918146641532,28.487179487179485,0.4613800048828125,0.07120251655578613,-0.012495458126068115,-1.2558147293964077,6.519966372425387,-0.0035400390625
Altered-Hard,149__F_Right_ring_finger_Obl.BMP,False,0.6334672570228577,0.152083620429039,2.565564424173318,24.787128712871286,0.37469482421875,0.7322924733161926,0.14221090078353882,1.6869651086240949,30.73103448275862,0.370849609375,0.09882521629333496,-0.009872719645500183,-0.8785993155492231,5.943905769887333,-0.00384521484375
Altered-Hard,296__M_Right_index_finger_Zcut.BMP,False,0.6551337838172913,0.21158896386623383,2.0223085916516577,28.16751269035533,0.4828948974609375,0.7135120630264282,0.20469290018081665,1.5100987856288932,30.901840490797547,0.485015869140625,0.05837827920913696,-0.006896063685417175,-0.5122098060227644,2.734327800442216,0.0021209716796875
Altered-Hard,215__M_Left_middle_finger_Obl.BMP,False,0.5927491784095764,0.14916834235191345,3.7037037037037037,17.915441176470587,0.3460693359375,0.6880322694778442,0.13676875829696655,2.539829138767028,23.127777777777776,0.3304290771484375,0.09528309106826782,-0.0123995840549469,-1.1638745649366755,5.2123366013071895,-0.0156402587890625
Altered-Hard,309__M_Right_index_finger_CR.BMP,False,0.625412106513977,0.1719420850276947,3.1559603707254715,24.131455399061032,0.3819580078125,0.698635458946228,0.16390147805213928,2.2271714922048997,31.818791946308725,0.37389547704596976,0.07322335243225098,-0.00804060697555542,-0.9287888785205718,7.687336547247693,-0.00806253076653024
Altered-Hard,143__M_Left_middle_finger_CR.BMP,False,0.7188310623168945,0.20147453248500824,3.4154030926287344,23.82278481012658,0.40655517578125,0.7983145117759705,0.19179195165634155,2.0659604838103824,32.95783132530121,0.406219482421875,0.07948344945907593,-0.009682580828666687,-1.349442608818352,9.135046515174626,-0.000335693359375
Altered-Hard,81__F_Left_ring_finger_Obl.BMP,False,0.6425438523292542,0.17889639735221863,8.788557642598656,11.272727272727273,0.35418701171875,0.7328428030014038,0.1673375964164734,6.5113394755492555,13.58513931888545,0.344482421875,0.09029895067214966,-0.01155880093574524,-2.2772181670494005,2.312412046158176,-0.00970458984375
Altered-Hard,62__M_Left_ring_finger_CR.BMP,False,0.5938540697097778,0.1682276725769043,11.60584263712987,9.627416520210897,0.3457794189453125,0.6754454970359802,0.15685614943504333,9.017539113575905,11.46938775510204,0.3384246826171875,0.08159142732620239,-0.011371523141860962,-2.5883035235539644,1.841971234891144,-0.007354736328125
Altered-Hard,96__M_Left_little_finger_CR.BMP,False,0.6013232469558716,0.14720827341079712,3.9676708302718593,20.229665071770334,0.3115081787109375,0.6699315309524536,0.1397111564874649,2.4831148192292414,27.93617021276596,0.3072509765625,0.06860828399658203,-0.007497116923332214,-1.484556011042618,7.706505140995624,-0.0042572021484375
Altered-Hard,77__M_Right_thumb_finger_Zcut.BMP,False,0.7132006287574768,0.21694837510585785,6.277463904582548,16.64566929133858,0.4132232666015625,0.773469090461731,0.20800159871578217,4.811637448713167,20.388157894736842,0.409088134765625,0.06026846170425415,-0.008946776390075684,-1.4658264558693812,3.742488603398261,-0.0041351318359375
Altered-Hard,308__M_Right_little_finger_Zcut.BMP,False,0.5932795405387878,0.13542455434799194,3.938041480703597,18.992753623188406,0.348724365234375,0.6728140115737915,0.1233232170343399,2.427304701045227,22.869318181818183,0.3080291748046875,0.07953447103500366,-0.012101337313652039,-1.51073677965837,3.8765645586297772,-0.0406951904296875
Altered-Hard,101__M_Left_thumb_finger_CR.BMP,False,0.7288733124732971,0.21916696429252625,4.104070183365337,22.042801556420233,0.4052581787109375,0.7993682622909546,0.2105567753314972,3.2673530640933093,24.927272727272726,0.4016265869140625,0.07049494981765747,-0.008610188961029053,-0.836717119272028,2.8844711708524926,-0.003631591796875
Altered-Hard,243__M_Right_ring_finger_Zcut.BMP,False,0.5119253396987915,0.20651310682296753,8.777852802160702,9.622390891840608,0.361572265625,0.5531072616577148,0.20034053921699524,6.794055201698513,10.981395348837209,0.359344482421875,0.04118192195892334,-0.00617256760597229,-1.9837976004621884,1.359004456996601,-0.002227783203125
Altered-Hard,153__M_Right_ring_finger_Obl.BMP,False,0.5421549677848816,0.14548370242118835,5.238467552775607,18.277456647398843,0.39031982421875,0.6525067090988159,0.1381205916404724,3.360215053763441,22.75115207373272,0.36370154312437875,0.11035174131393433,-0.007363110780715942,-1.8782524990121656,4.473695426333876,-0.026618281094371254
Altered-Hard,157__M_Left_ring_finger_Zcut.BMP,False,0.6182583570480347,0.13173790276050568,6.477398015435502,13.818627450980392,0.3321533203125,0.7162050008773804,0.1169254258275032,4.414535666218035,17.38695652173913,0.2834320068359375,0.0979466438293457,-0.014812476933002472,-2.0628623492174665,3.568329070758738,-0.0487213134765625
Altered-Hard,430__F_Left_thumb_finger_CR.BMP,False,0.7425714731216431,0.17429354786872864,3.780634256994173,25.221153846153847,0.3430633544921875,0.8119362592697144,0.16440574824810028,2.549858847099536,32.209150326797385,0.335113525390625,0.06936478614807129,-0.009887799620628357,-1.2307754098946373,6.987996480643538,-0.0079498291015625
Altered-Hard,312__M_Left_middle_finger_Zcut.BMP,False,0.5658650398254395,0.18108022212982178,5.48734751885042,13.380410022779044,0.3865203857421875,0.6404081583023071,0.170538067817688,3.6493390641472714,15.831746031746032,0.376312255859375,0.07454311847686768,-0.010542154312133789,-1.8380084547031488,2.4513360089669884,-0.0102081298828125
Altered-Hard,114__F_Right_middle_finger_Zcut.BMP,False,0.7232515811920166,0.21473699808120728,3.098347547974414,28.59090909090909,0.4580078125,0.7888917326927185,0.20480382442474365,2.140539817385197,37.045918367346935,0.4562225341796875,0.0656401515007019,-0.009933173656463623,-0.957807730589217,8.455009276437846,-0.0017852783203125
Altered-Hard,244__M_Right_thumb_finger_CR.BMP,False,0.596239447593689,0.21934998035430908,11.437908496732026,8.054365733113674,0.38287353515625,0.6549626588821411,0.21036499738693237,10.71833036725449,8.710526315789474,0.37725830078125,0.05872321128845215,-0.008984982967376709,-0.7195781294775365,0.6561605826758008,-0.005615234375
Altered-Hard,66__F_Left_middle_finger_CR.BMP,False,0.7250903248786926,0.2066439688205719,2.985184639198054,26.63478260869565,0.414031982421875,0.7983905673027039,0.19703170657157898,1.8615040953090096,37.050632911392405,0.40985107421875,0.07330024242401123,-0.00961226224899292,-1.1236805438890443,10.415850302696754,-0.004180908203125
Altered-Hard,569__M_Right_ring_finger_Obl.BMP,False,0.676106333732605,0.17922192811965942,3.7229472650656628,22.256,0.3729705810546875,0.7409398555755615,0.17151892185211182,1.9521515201860773,29.552325581395348,0.36737060546875,0.06483352184295654,-0.007703006267547607,-1.7707957448795855,7.296325581395347,-0.0055999755859375
Altered-Hard,404__M_Right_thumb_finger_Zcut.BMP,False,0.7208406925201416,0.22410067915916443,2.329983981360128,29.408653846153847,0.41912841796875,0.7731209397315979,0.21643120050430298,2.2796631981468547,32.16847826086956,0.4149932861328125,0.0522802472114563,-0.00766947865486145,-0.05032078321327349,2.759824414715716,-0.0041351318359375
Altered-Hard,75__F_Right_little_finger_Zcut.BMP,False,0.6438077688217163,0.1717507392168045,5.885997521685254,16.69367088607595,0.39404296875,0.7296916246414185,0.160203218460083,4.501882252493499,20.450331125827816,0.3931732177734375,0.08588385581970215,-0.011547520756721497,-1.3841152691917546,3.7566602397518665,-0.0008697509765625
Altered-Hard,143__M_Right_thumb_finger_CR.BMP,False,0.6953737735748291,0.22088363766670227,5.83195913606564,15.891891891891891,0.3793792724609375,0.7524297833442688,0.21323320269584656,4.774925519324165,17.81640625,0.3738861083984375,0.0570560097694397,-0.007650434970855713,-1.0570336167414753,1.9245143581081088,-0.0054931640625
Altered-Hard,133__M_Right_ring_finger_CR.BMP,False,0.6213251352310181,0.1618732511997223,0.9686446150534549,48.47008547008547,0.425323486328125,0.7015301585197449,0.15468114614486694,0.9643201542912246,54.82105263157895,0.4188076672155084,0.0802050232887268,-0.007192105054855347,-0.004324460762230253,6.350967161493479,-0.0065158191126166165
Altered-Hard,452__F_Right_thumb_finger_Obl.BMP,False,0.6005765199661255,0.17926418781280518,6.511736723075723,11.669230769230769,0.391326904296875,0.6819057464599609,0.17054405808448792,5.7168162969523735,12.59047619047619,0.3830459858742251,0.08132922649383545,-0.00872012972831726,-0.7949204261233493,0.9212454212454215,-0.008280918422649886
Altered-Hard,526__F_Left_ring_finger_Obl.BMP,False,0.6304742097854614,0.1605404019355774,6.447091800981079,12.964179104477612,0.3266143798828125,0.7152111530303955,0.14867345988750458,4.814004376367615,16.673728813559322,0.3137969970703125,0.08473694324493408,-0.011866942048072815,-1.6330874246134641,3.70954970908171,-0.0128173828125
Altered-Hard,112__M_Left_index_finger_Obl.BMP,False,0.6010664701461792,0.1524336338043213,8.015556820337697,11.922680412371134,0.32171630859375,0.7032602429389954,0.1389937549829483,3.433519108280255,19.305418719211822,0.306640625,0.10219377279281616,-0.013439878821372986,-4.582037712057442,7.382738306840688,-0.01507568359375
Altered-Hard,3__M_Right_little_finger_Zcut.BMP,False,0.6309530735015869,0.14792251586914062,3.1538832187130406,18.728571428571428,0.3483428955078125,0.7216275930404663,0.13790301978588104,2.5503233445669005,21.976303317535546,0.335052490234375,0.0906745195388794,-0.010019496083259583,-0.6035598741461401,3.2477318889641182,-0.0132904052734375
Altered-Hard,493__M_Right_index_finger_Zcut.BMP,False,0.6720702052116394,0.20841142535209656,3.608325736858098,18.57846153846154,0.4017333984375,0.7142750024795532,0.20135636627674103,3.0778584185127484,20.67844522968198,0.4015655517578125,0.04220479726791382,-0.00705505907535553,-0.5304673183453494,2.099983691220441,-0.0001678466796875
Altered-Hard,357__M_Right_little_finger_Obl.BMP,False,0.5771228075027466,0.14896658062934875,3.4371108343711083,17.672645739910315,0.3063201904296875,0.6601254940032959,0.13983537256717682,2.5588536335721597,21.06508875739645,0.29815673828125,0.08300268650054932,-0.009131208062171936,-0.8782572007989486,3.3924430174861335,-0.0081634521484375
Altered-Hard,503__M_Left_ring_finger_CR.BMP,False,0.6431623101234436,0.18263733386993408,4.870349492671927,19.867768595041323,0.3440224642402805,0.7090293765068054,0.17722120881080627,3.6368722898307455,23.628865979381445,0.3371056726552553,0.06586706638336182,-0.005416125059127808,-1.2334772028411818,3.761097384340122,-0.006916791585025173
Altered-Hard,413__M_Left_little_finger_CR.BMP,False,0.5368088483810425,0.12960773706436157,3.8743455497382198,17.61410788381743,0.29144287109375,0.6058032512664795,0.12117885798215866,2.9681597409606044,22.61764705882353,0.282745361328125,0.06899440288543701,-0.008428879082202911,-0.9061858087776153,5.0035391750061,-0.008697509765625
Altered-Hard,157__M_Left_thumb_finger_Obl.BMP,False,0.6309680342674255,0.1726205199956894,2.084243789289676,31.297777777777778,0.4588108274851546,0.7110862731933594,0.16144421696662903,0.7274238802868128,54.88235294117647,0.45114156678282885,0.08011823892593384,-0.011176303029060364,-1.3568199090028634,23.584575163398693,-0.007669260702325764
Altered-Hard,337__F_Left_thumb_finger_Obl.BMP,False,0.5806599855422974,0.14332520961761475,2.933761173504469,23.48,0.3328704833984375,0.640727162361145,0.1349181979894638,2.47953216374269,26.344827586206897,0.3261566162109375,0.060067176818847656,-0.00840701162815094,-0.45422900976177916,2.8648275862068964,-0.0067138671875
Altered-Hard,23__M_Left_ring_finger_Zcut.BMP,False,0.5519411563873291,0.11528131365776062,1.7540532852943964,28.60126582278481,0.321868896484375,0.6119807362556458,0.10580243170261383,1.6188214979494928,33.4639175257732,0.28277587890625,0.06003957986831665,-0.00947888195514679,-0.1352317873449036,4.862651702988387,-0.039093017578125
Altered-Hard,542__M_Right_middle_finger_CR.BMP,False,0.5985170602798462,0.20191234350204468,11.083352259822847,8.525490196078431,0.3359222412109375,0.6680848002433777,0.19329231977462769,9.181969949916528,9.724056603773585,0.32904052734375,0.0695677399635315,-0.008620023727416992,-1.9013823099063192,1.1985664076951537,-0.0068817138671875
Altered-Hard,380__M_Right_little_finger_Obl.BMP,False,0.569614052772522,0.14473968744277954,4.8932128259743255,16.35,0.2650604248046875,0.6369006633758545,0.13720953464508057,2.636976267213595,23.075862068965517,0.2603912353515625,0.06728661060333252,-0.007530152797698975,-2.2562365587607305,6.725862068965515,-0.004669189453125
Altered-Hard,327__M_Left_thumb_finger_CR.BMP,False,0.726769208908081,0.15574616193771362,10.435737824972538,11.889344262295081,0.3333740234375,0.8293134570121765,0.14140108227729797,7.374345041723268,17.149837133550488,0.31451416015625,0.10254424810409546,-0.01434507966041565,-3.0613927832492696,5.260492871255407,-0.01885986328125
Altered-Hard,136__F_Right_little_finger_Zcut.BMP,False,0.6285812258720398,0.16293439269065857,3.8046031000469704,21.44214876033058,0.324859619140625,0.711972177028656,0.15550170838832855,2.531041069723018,27.287292817679557,0.31951904296875,0.08339095115661621,-0.007432684302330017,-1.2735620303239523,5.845144057348978,-0.005340576171875
Altered-Hard,385__M_Left_index_finger_Obl.BMP,False,0.6901655793190002,0.1876659393310547,2.8307227778826194,27.162037037037038,0.4042816162109375,0.7826346755027771,0.1799914836883545,2.1175224986765486,33.095541401273884,0.385952504439939,0.09246909618377686,-0.007674455642700195,-0.7132002792060708,5.933504364236846,-0.018329111770998496
Altered-Hard,451__M_Left_thumb_finger_Zcut.BMP,False,0.7138610482215881,0.22926069796085358,6.451862154226549,14.73222748815166,0.39495849609375,0.7639762163162231,0.22135524451732635,5.637552362682536,16.250666666666667,0.3897552490234375,0.05011516809463501,-0.007905453443527222,-0.8143097915440132,1.518439178515008,-0.0052032470703125
Altered-Hard,251__M_Right_ring_finger_Obl.BMP,False,0.6326594352722168,0.16077423095703125,5.766766339171294,17.034920634920635,0.357208251953125,0.70465487241745,0.1521766483783722,4.190064794816415,21.2468085106383,0.353240966796875,0.07199543714523315,-0.008597582578659058,-1.5767015443548793,4.2118878757176645,-0.00396728515625
Altered-Hard,486__M_Right_thumb_finger_Zcut.BMP,False,0.6151515245437622,0.21371816098690033,11.802904655346408,8.527972027972028,0.3477630615234375,0.6643825769424438,0.20633062720298767,10.247001968856274,9.502032520325203,0.34100341796875,0.04923105239868164,-0.007387533783912659,-1.5559026864901337,0.9740604923531748,-0.0067596435546875
Altered-Hard,24__F_Right_ring_finger_CR.BMP,False,0.6303150057792664,0.16723310947418213,4.936190705514086,20.533923303834808,0.380218505859375,0.6968314051628113,0.1583067774772644,2.587949858471492,27.770212765957446,0.377349853515625,0.06651639938354492,-0.008926331996917725,-2.348240847042594,7.236289462122638,-0.00286865234375
Altered-Hard,186__M_Left_little_finger_Zcut.BMP,False,0.5566791296005249,0.14047251641750336,0.9218378535733346,47.88235294117647,0.3144989013671875,0.587358832359314,0.13552212715148926,0.7292882147024503,55.48837209302326,0.3138427734375,0.030679702758789062,-0.004950389266014099,-0.19254963887088428,7.6060191518467875,-0.0006561279296875
Altered-Hard,39__M_Left_index_finger_Obl.BMP,False,0.7261010408401489,0.1784256547689438,2.942660164788969,29.30263157894737,0.36297607421875,0.7930606603622437,0.1707448810338974,1.7048844940755263,44.32631578947368,0.358001708984375,0.06695961952209473,-0.007680773735046387,-1.2377756707134429,15.023684210526312,-0.004974365234375
Altered-Hard,293__F_Left_index_finger_Obl.BMP,False,0.6112874746322632,0.15535616874694824,6.403625437170583,12.478964401294498,0.3097686767578125,0.6891875267028809,0.14745423197746277,4.801440432129639,14.872340425531915,0.305084228515625,0.07790005207061768,-0.007901936769485474,-1.602185005040944,2.3933760242374174,-0.0046844482421875
Altered-Hard,588__M_Right_middle_finger_Obl.BMP,False,0.6280845999717712,0.20313003659248352,6.921479658540337,12.504524886877828,0.396820068359375,0.7016931176185608,0.19324162602424622,5.231105559025609,16.309148264984227,0.390869140625,0.07360851764678955,-0.009888410568237305,-1.6903740995147274,3.804623378106399,-0.005950927734375
Altered-Hard,126__F_Right_middle_finger_CR.BMP,False,0.6598503589630127,0.17791858315467834,5.234091658424003,17.61609907120743,0.3702392578125,0.7300010919570923,0.16797079145908356,4.095106765283523,21.33596837944664,0.3651580810546875,0.07015073299407959,-0.009947791695594788,-1.1389848931404796,3.719869308239211,-0.0050811767578125
Altered-Hard,286__M_Left_middle_finger_CR.BMP,False,0.6170109510421753,0.18160060048103333,14.887224788126094,7.661194029850746,0.3402862548828125,0.7078982591629028,0.17057055234909058,11.998517557676273,8.889908256880734,0.329376220703125,0.09088730812072754,-0.011030048131942749,-2.888707230449821,1.2287142270299878,-0.0109100341796875
Altered-Hard,76__F_Left_middle_finger_CR.BMP,False,0.7508296966552734,0.2014954686164856,3.791148980894111,24.299180327868854,0.4065093994140625,0.8210659623146057,0.19105660915374756,2.436331797936732,34.763636363636365,0.4008331298828125,0.07023626565933228,-0.010438859462738037,-1.3548171829573792,10.464456035767512,-0.00567626953125
Altered-Hard,12__M_Left_little_finger_Obl.BMP,False,0.6117841005325317,0.15901681780815125,5.5105992156084,17.58909090909091,0.3073577880859375,0.6978451013565063,0.14974328875541687,3.771469344070129,25.322222222222223,0.2993927001953125,0.08606100082397461,-0.009273529052734375,-1.7391298715382706,7.733131313131313,-0.007965087890625
Altered-Hard,87__M_Right_index_finger_CR.BMP,False,0.6682121753692627,0.20663096010684967,5.91593579348006,16.20123839009288,0.36883544921875,0.7386415600776672,0.19806009531021118,4.60231789464876,19.81640625,0.3647003173828125,0.07042938470840454,-0.008570864796638489,-1.3136178988312999,3.615167859907121,-0.0041351318359375
Altered-Hard,598__M_Left_little_finger_Zcut.BMP,False,0.6431131958961487,0.20871999859809875,6.983920740620432,13.534626038781163,0.37579345703125,0.7106181383132935,0.2015644907951355,5.752049932688777,15.147435897435898,0.3740386962890625,0.06750494241714478,-0.007155507802963257,-1.2318708079316547,1.6128098586547353,-0.0017547607421875
Altered-Hard,208__M_Left_thumb_finger_Zcut.BMP,False,0.634605884552002,0.19514398276805878,11.16054007648482,10.773006134969325,0.391021728515625,0.7122097015380859,0.1842794418334961,10.214260064637115,12.055970149253731,0.3824310302734375,0.07760381698608398,-0.010864540934562683,-0.9462800118477048,1.2829640142844063,-0.0085906982421875
Altered-Hard,65__M_Right_ring_finger_CR.BMP,False,0.6338977813720703,0.17834994196891785,4.074912533443095,19.475,0.3707122802734375,0.7226493954658508,0.1687004268169403,3.4712057212161764,23.875,0.3648529052734375,0.08875161409378052,-0.009649515151977539,-0.6037068122269189,4.399999999999999,-0.005859375
Altered-Hard,491__M_Left_ring_finger_Obl.BMP,False,0.6441092491149902,0.10572094470262527,19.105587961788824,7.703703703703703,0.1804962158203125,0.7591814398765564,0.0899345725774765,5.792126997747506,21.563218390804597,0.1422576904296875,0.11507219076156616,-0.015786372125148773,-13.313460964041319,13.859514687100894,-0.038238525390625
Altered-Hard,243__M_Left_index_finger_CR.BMP,False,0.5118526220321655,0.20004470646381378,5.345324961819108,12.065989847715736,0.35968017578125,0.5640081167221069,0.19354461133480072,4.24322145372767,13.136094674556213,0.3596038818359375,0.052155494689941406,-0.0065000951290130615,-1.1021035080914379,1.0701048268404776,-7.62939453125e-05
Altered-Hard,217__M_Right_index_finger_Zcut.BMP,False,0.6376113295555115,0.19426605105400085,4.300605000364458,20.33969465648855,0.418670654296875,0.7074061632156372,0.18552584946155548,3.0248915776814025,25.641025641025642,0.4186859130859375,0.06979483366012573,-0.008740201592445374,-1.2757134226830553,5.301330984537092,1.52587890625e-05
Altered-Hard,18__M_Left_index_finger_CR.BMP,False,0.6883493661880493,0.19371910393238068,5.483658697082693,18.4,0.3478240966796875,0.7564547657966614,0.18507616221904755,3.6142965508009457,23.20744680851064,0.3419647216796875,0.06810539960861206,-0.00864294171333313,-1.8693621462817473,4.80744680851064,-0.005859375
Altered-Hard,237__M_Left_ring_finger_Zcut.BMP,False,0.6521994471549988,0.18646648526191711,5.305339203070323,17.703081232493,0.4055328369140625,0.7071970701217651,0.17757278680801392,4.00539043198323,20.76551724137931,0.407623291015625,0.05499762296676636,-0.008893698453903198,-1.2999487710870934,3.062436008886312,0.0020904541015625
Altered-Hard,48__F_Right_middle_finger_CR.BMP,False,0.7178692817687988,0.18305185437202454,3.5233570863024544,24.03361344537815,0.38543701171875,0.789138674736023,0.17412641644477844,1.9618834080717489,35.064516129032256,0.381103515625,0.07126939296722412,-0.008925437927246094,-1.5614736782307055,11.030902683654105,-0.00433349609375
Altered-Hard,585__M_Left_index_finger_CR.BMP,False,0.6661454439163208,0.20545902848243713,4.154230862305396,19.60330578512397,0.378326416015625,0.7238696813583374,0.1981220543384552,3.0806647750304013,22.54040404040404,0.376434326171875,0.0577242374420166,-0.007336974143981934,-1.0735660872749948,2.9370982552800733,-0.00189208984375
Altered-Hard,494__F_Right_little_finger_CR.BMP,False,0.5403350591659546,0.1362825632095337,21.609429569266588,5.013513513513513,0.209716796875,0.6475396156311035,0.1227249875664711,14.570063694267516,6.556231003039514,0.191650390625,0.10720455646514893,-0.013557575643062592,-7.039365874999072,1.5427174895260007,-0.01806640625
Altered-Hard,276__M_Left_ring_finger_Obl.BMP,False,0.6150540113449097,0.16912104189395905,7.648819421350183,12.352941176470589,0.3211822509765625,0.6995139122009277,0.16059714555740356,4.858378273332362,15.799256505576208,0.3140716552734375,0.08445990085601807,-0.008523896336555481,-2.7904411480178206,3.4463153291056194,-0.007110595703125
Altered-Hard,65__M_Right_ring_finger_Obl.BMP,False,0.661669909954071,0.17937380075454712,3.5695236532228285,21.028112449799195,0.3719024658203125,0.7440597414970398,0.17127974331378937,2.802760928676009,27.12849162011173,0.3647613525390625,0.08238983154296875,-0.008094057440757751,-0.7667627245468194,6.100379170312536,-0.00714111328125
Altered-Hard,302__M_Right_ring_finger_Zcut.BMP,False,0.5701342225074768,0.17686021327972412,19.172113289760347,6.3926302414231255,0.3151702880859375,0.6466550230979919,0.16569730639457703,14.60221550855992,7.792294807370184,0.30303955078125,0.07652080059051514,-0.011162906885147095,-4.569897781200426,1.3996645659470586,-0.0121307373046875
Altered-Hard,104__M_Left_index_finger_Obl.BMP,False,0.6717206239700317,0.1955917924642563,6.192321521313572,13.66578947368421,0.3819427490234375,0.74852454662323,0.18450424075126648,4.883052933935166,16.878048780487806,0.371856689453125,0.07680392265319824,-0.011087551712989807,-1.3092685873784058,3.2122593068035954,-0.0100860595703125
Altered-Hard,330__M_Left_index_finger_Obl.BMP,False,0.6644631624221802,0.20405414700508118,5.307501020673273,17.33639143730887,0.4111175537109375,0.7389865517616272,0.19483375549316406,4.0645816868014,19.860377358490567,0.4054412841796875,0.07452338933944702,-0.009220391511917114,-1.242919333871873,2.5239859211816977,-0.00567626953125
Altered-Hard,226__M_Right_index_finger_Obl.BMP,False,0.756926417350769,0.25104260444641113,2.927794263105836,35.4804469273743,0.3856658935546875,0.7874613404273987,0.2463008463382721,2.0659515295987285,40.673202614379086,0.384063720703125,0.03053492307662964,-0.004741758108139038,-0.8618427335071073,5.192755687004784,-0.0016021728515625
Altered-Hard,487__M_Right_little_finger_Zcut.BMP,False,0.5951982736587524,0.17358870804309845,10.038816758131441,9.998065764023211,0.3419952392578125,0.6905328035354614,0.16216060519218445,7.0843683871561325,12.718232044198896,0.331695556640625,0.09533452987670898,-0.011428102850914001,-2.9544483709753084,2.7201662801756843,-0.0102996826171875
Altered-Hard,126__F_Left_index_finger_Obl.BMP,False,0.5697444081306458,0.17246973514556885,11.280427468830398,8.636363636363637,0.30841064453125,0.6444804668426514,0.1648353934288025,9.016767134390355,9.701456310679612,0.3012237548828125,0.07473605871200562,-0.007634341716766357,-2.2636603344400434,1.0650926743159754,-0.0071868896484375
Altered-Hard,536__F_Right_index_finger_Zcut.BMP,False,0.6865131855010986,0.21005235612392426,8.327056657460876,11.845070422535212,0.364654541015625,0.7533701658248901,0.20153892040252686,6.9918144611186905,13.56824512534819,0.35791015625,0.0668569803237915,-0.0085134357213974,-1.3352421963421852,1.7231747028129778,-0.006744384765625
Altered-Hard,295__M_Right_thumb_finger_CR.BMP,False,0.7516263723373413,0.21656113862991333,4.088845767351605,22.705882352941178,0.4403533935546875,0.8175673484802246,0.206268772482872,3.2346700984313586,28.79326923076923,0.4387054443359375,0.0659409761428833,-0.01029236614704132,-0.8541756689202469,6.087386877828052,-0.00164794921875
Altered-Hard,461__F_Left_little_finger_CR.BMP,False,0.5862256288528442,0.13521239161491394,6.1877294179339275,12.91150442477876,0.290985107421875,0.6793596148490906,0.12423060834407806,4.121105555250288,18.733009708737864,0.2776947021484375,0.09313398599624634,-0.010981783270835876,-2.066623862683639,5.8215052839591035,-0.0132904052734375
Altered-Hard,227__M_Right_middle_finger_Zcut.BMP,False,0.7319716811180115,0.23465359210968018,3.050682936975664,23.386831275720166,0.440155029296875,0.7864651679992676,0.22766563296318054,2.9251984956122024,25.816037735849058,0.43817138671875,0.054493486881256104,-0.006987959146499634,-0.12548444136346149,2.429206460128892,-0.001983642578125
Altered-Hard,333__M_Right_thumb_finger_Obl.BMP,False,0.7371562123298645,0.1897764503955841,2.4750618765469135,30.731182795698924,0.406890869140625,0.7972383499145508,0.1799909472465515,2.2001365602002885,38.49645390070922,0.402252197265625,0.06008213758468628,-0.009785503149032593,-0.274925316346625,7.765271105010296,-0.004638671875
Altered-Hard,24__F_Left_thumb_finger_Zcut.BMP,False,0.6925013065338135,0.17449767887592316,8.38626645078258,14.408071748878923,0.3675384521484375,0.7982183694839478,0.1618649661540985,5.175806313628198,23.942857142857143,0.356719970703125,0.10571706295013428,-0.012632712721824646,-3.2104601371543824,9.53478539397822,-0.0108184814453125
Altered-Hard,541__M_Right_ring_finger_CR.BMP,False,0.6117016673088074,0.19112053513526917,2.5722684958353748,23.37735849056604,0.37371826171875,0.6644198298454285,0.18447810411453247,2.2414214687423586,24.577319587628867,0.374420166015625,0.052718162536621094,-0.006642431020736694,-0.33084702709301617,1.199961097062829,0.000701904296875
Altered-Hard,15__F_Left_ring_finger_CR.BMP,False,0.5971082448959351,0.15291732549667358,2.275025278058645,26.060913705583758,0.3621826171875,0.700719952583313,0.14238759875297546,1.5711919826744236,36.19230769230769,0.3593292236328125,0.10361170768737793,-0.01052972674369812,-0.7038332953842212,10.131393986723936,-0.0028533935546875
Altered-Hard,550__F_Right_middle_finger_Obl.BMP,False,0.665921688079834,0.18231777846813202,4.1975210866035715,21.673306772908365,0.3853302001953125,0.7565320730209351,0.17121049761772156,2.6638682596060703,31.917721518987342,0.3780517578125,0.09061038494110107,-0.011107280850410461,-1.5336528269975012,10.244414746078977,-0.0072784423828125
Altered-Hard,16__M_Right_ring_finger_Obl.BMP,False,0.49772879481315613,0.0868445485830307,6.19747007386026,14.096153846153847,0.1797332763671875,0.5795665979385376,0.07763488590717316,2.8087167070217918,25.41269841269841,0.1575469970703125,0.08183780312538147,-0.009209662675857544,-3.3887533668384684,11.316544566544565,-0.022186279296875
Altered-Hard,34__M_Left_middle_finger_CR.BMP,False,0.6779454946517944,0.17458587884902954,2.170618831142237,30.994444444444444,0.3725738525390625,0.7565878033638,0.16574567556381226,1.5721969383533305,38.25547445255474,0.368804931640625,0.07864230871200562,-0.008840203285217285,-0.5984218927889065,7.2610300081103,-0.0037689208984375
Altered-Hard,592__M_Right_thumb_finger_CR.BMP,False,0.5945301055908203,0.20612561702728271,8.510458125158777,10.668859649122806,0.360382080078125,0.6499181985855103,0.19786877930164337,6.541327326286606,12.11021505376344,0.35223388671875,0.05538809299468994,-0.008256837725639343,-1.9691307988721718,1.4413554046406336,-0.008148193359375
Altered-Hard,213__M_Left_ring_finger_CR.BMP,False,0.6447832584381104,0.14572198688983917,10.991625428245147,10.730696798493408,0.3206787109375,0.7621824741363525,0.12952324748039246,6.712449011204626,14.630434782608695,0.2955169677734375,0.11739921569824219,-0.016198739409446716,-4.279176417040521,3.899737984115287,-0.0251617431640625
Altered-Hard,120__M_Left_thumb_finger_Obl.BMP,False,0.6391833424568176,0.1235097348690033,14.441887226697354,8.055888223552895,0.26519775390625,0.7441680431365967,0.10294802486896515,7.923205850982782,12.105263157894736,0.200286865234375,0.10498470067977905,-0.020561710000038147,-6.518681375714571,4.0493749343418415,-0.064910888671875
Altered-Hard,447__M_Left_little_finger_Zcut.BMP,False,0.5170450210571289,0.1477806121110916,16.22108741363773,6.584942084942085,0.2539825439453125,0.5908920168876648,0.13756847381591797,12.00880226343917,7.795918367346939,0.2426910400390625,0.07384699583053589,-0.010212138295173645,-4.212285150198559,1.2109762824048538,-0.01129150390625
Altered-Hard,47__F_Left_index_finger_Obl.BMP,False,0.5927524566650391,0.115116648375988,9.573810994441013,9.568862275449101,0.247039794921875,0.6888768076896667,0.1013091653585434,6.778451658936853,12.373056994818652,0.2138519287109375,0.09612435102462769,-0.01380748301744461,-2.79535933550416,2.8041947193695513,-0.0331878662109375
Altered-Hard,188__M_Left_little_finger_Obl.BMP,False,0.618757963180542,0.1607407182455063,5.116237321604883,16.393103448275863,0.339996337890625,0.6956197619438171,0.15344025194644928,4.279463384141944,19.384976525821596,0.3236937539883889,0.07686179876327515,-0.007300466299057007,-0.8367739374629393,2.9918730775457334,-0.0163025839022361
Altered-Hard,105__M_Right_index_finger_CR.BMP,False,0.5778594017028809,0.167559415102005,2.605732611745841,25.049382716049383,0.456756591796875,0.6709577441215515,0.15873825550079346,1.7183938278099247,32.603658536585364,0.44823629275653926,0.09309834241867065,-0.008821159601211548,-0.8873387839359161,7.554275820535981,-0.008520299040335744
Altered-Hard,553__M_Left_middle_finger_Zcut.BMP,False,0.6404175758361816,0.1939990520477295,4.723721816449666,17.854700854700855,0.3843994140625,0.7025281190872192,0.18636183440685272,4.04696077252875,21.525,0.3808135986328125,0.0621105432510376,-0.00763721764087677,-0.6767610439209166,3.6702991452991434,-0.0035858154296875
Altered-Hard,499__M_Right_ring_finger_Obl.BMP,False,0.6399005651473999,0.17369268834590912,8.590327291469805,11.614432989690721,0.355255126953125,0.7192771434783936,0.16246366500854492,6.652676697772024,13.445910290237467,0.3417510986328125,0.07937657833099365,-0.011229023337364197,-1.9376505936977813,1.8314773005467462,-0.0135040283203125
Altered-Hard,562__F_Right_middle_finger_Zcut.BMP,False,0.6951268911361694,0.18252883851528168,2.3281919095331145,27.35678391959799,0.3670196533203125,0.7493461966514587,0.1753310263156891,2.1726414306008186,29.19774011299435,0.365203857421875,0.05421930551528931,-0.00719781219959259,-0.1555504789322959,1.8409561933963587,-0.0018157958984375
Altered-Hard,549__M_Right_ring_finger_CR.BMP,False,0.683491587638855,0.1826508343219757,2.053706358739877,39.52985074626866,0.3937835693359375,0.7632477283477783,0.1766756772994995,1.587430804298274,49.744897959183675,0.38309683455481053,0.07975614070892334,-0.005975157022476196,-0.46627555444160285,10.215047212915017,-0.010686734781126972
Altered-Hard,358__M_Left_thumb_finger_Zcut.BMP,False,0.6448401212692261,0.20910131931304932,10.857625686523024,9.523719165085389,0.361175537109375,0.7203640341758728,0.19921649992465973,7.7750421148114555,11.724137931034482,0.3532562255859375,0.07552391290664673,-0.009884819388389587,-3.0825835717115684,2.2004187659490935,-0.0079193115234375
Altered-Hard,164__M_Right_ring_finger_Zcut.BMP,False,0.5753337144851685,0.18062637746334076,3.592542064574807,17.89179104477612,0.335540771484375,0.6089636087417603,0.17585760354995728,3.0468394724874943,19.50632911392405,0.335540771484375,0.0336298942565918,-0.004768773913383484,-0.5457025920873129,1.6145380691479296,0.0
Altered-Hard,445__M_Left_index_finger_Obl.BMP,False,0.5794410705566406,0.165019690990448,4.790252069574923,17.504,0.328094482421875,0.6650712490081787,0.15473522245883942,2.969490875999808,22.272222222222222,0.3185882568359375,0.08563017845153809,-0.010284468531608582,-1.8207611935751151,4.768222222222221,-0.0095062255859375
Altered-Hard,484__M_Right_ring_finger_Obl.BMP,False,0.5660069584846497,0.14614421129226685,2.991708693050688,23.80184331797235,0.357025146484375,0.6504698991775513,0.1337507963180542,2.5368499322048725,25.843023255813954,0.3488616943359375,0.08446294069290161,-0.012393414974212646,-0.45485876084581545,2.041179937841605,-0.0081634521484375
Altered-Hard,113__M_Left_ring_finger_CR.BMP,False,0.6237399578094482,0.1839534342288971,14.232244351000418,8.514754098360656,0.3302154541015625,0.7064294815063477,0.17197242379188538,11.028530328458404,10.10272536687631,0.3182220458984375,0.08268952369689941,-0.011981010437011719,-3.203714022542014,1.5879712685156537,-0.011993408203125
Altered-Hard,396__M_Right_middle_finger_Obl.BMP,False,0.6016287803649902,0.16110461950302124,3.6025096134385755,18.382113821138212,0.3769683837890625,0.6922470331192017,0.15165451169013977,2.0971257041819156,25.88961038961039,0.3710784912109375,0.09061825275421143,-0.00945010781288147,-1.5053839092566599,7.5074965684721775,-0.005889892578125
Altered-Hard,132__M_Left_index_finger_Obl.BMP,False,0.6162811517715454,0.1654837727546692,5.437957844591254,16.33467741935484,0.3395233154296875,0.6896606087684631,0.15487465262413025,3.7013047099102434,21.622093023255815,0.329803466796875,0.07337945699691772,-0.01060912013053894,-1.7366531346810103,5.287415603900975,-0.0097198486328125
Altered-Hard,504__M_Right_thumb_finger_CR.BMP,False,0.6266766786575317,0.20412926375865936,7.2167809984535465,12.426190476190476,0.3848114013671875,0.6965090036392212,0.19513320922851562,5.914322250639386,14.0,0.3818359375,0.06983232498168945,-0.008996054530143738,-1.3024587478141605,1.5738095238095244,-0.0029754638671875
Altered-Hard,218__M_Right_middle_finger_Obl.BMP,False,0.6983253359794617,0.17546933889389038,3.0210419081743773,23.024390243902438,0.4343719482421875,0.7845649123191833,0.16272331774234772,1.9489659652795321,33.670967741935485,0.4227752685546875,0.08623957633972168,-0.012746021151542664,-1.0720759428948452,10.646577498033047,-0.0115966796875
Altered-Hard,120__M_Left_index_finger_Zcut.BMP,False,0.6462726593017578,0.13788127899169922,6.2956665594412025,14.387640449438202,0.3320465087890625,0.7508768439292908,0.12421296536922455,4.245029554003224,19.269035532994923,0.283966064453125,0.10460418462753296,-0.01366831362247467,-2.050637005437978,4.881395083556722,-0.0480804443359375
Altered-Hard,165__M_Left_middle_finger_Obl.BMP,False,0.6717187166213989,0.18606051802635193,3.41060976171821,24.791411042944784,0.3310699462890625,0.7300487756729126,0.17962980270385742,2.483017100023425,31.401639344262296,0.3256988525390625,0.05833005905151367,-0.006430715322494507,-0.9275926616947849,6.6102283013175125,-0.00537109375
Altered-Hard,583__M_Left_thumb_finger_Obl.BMP,False,0.718633234500885,0.20146378874778748,3.0659370512671247,25.470319634703195,0.3931732177734375,0.7718522548675537,0.19296705722808838,2.6609274114654666,29.75977653631285,0.3899383544921875,0.0532190203666687,-0.008496731519699097,-0.40500963980165805,4.289456901609654,-0.00323486328125
Altered-Hard,181__M_Right_little_finger_CR.BMP,False,0.5285289287567139,0.13884776830673218,17.100876651438448,6.801869158878505,0.247161865234375,0.6238846778869629,0.12517550587654114,11.96251744533794,8.735537190082646,0.2295989990234375,0.09535574913024902,-0.01367226243019104,-5.138359206100507,1.9336680312041405,-0.0175628662109375
Altered-Hard,258__M_Right_thumb_finger_CR.BMP,False,0.6711423397064209,0.18286894261837006,2.6527075301524423,29.10232558139535,0.4314117431640625,0.7508819103240967,0.17149175703525543,1.953957652408697,38.89403973509934,0.42950439453125,0.07973957061767578,-0.011377185583114624,-0.6987498777437453,9.791714153703992,-0.0019073486328125
Altered-Hard,523__F_Left_middle_finger_Obl.BMP,False,0.5122191905975342,0.14091411232948303,2.5708236717411026,21.15137614678899,0.302703857421875,0.55637526512146,0.1348898559808731,1.626264166285511,25.80246913580247,0.3002471923828125,0.04415607452392578,-0.006024256348609924,-0.9445595054555915,4.651092989013478,-0.0024566650390625
Altered-Hard,532__M_Right_thumb_finger_CR.BMP,False,0.651989221572876,0.1920122504234314,8.878265323544476,11.106986899563319,0.35748291015625,0.7125047445297241,0.18234363198280334,7.164387750644359,13.184281842818429,0.3492889404296875,0.060515522956848145,-0.009668618440628052,-1.7138775729001168,2.0772949432551098,-0.0081939697265625
Altered-Hard,220__F_Left_ring_finger_Obl.BMP,False,0.6275709867477417,0.16162167489528656,2.856174662342063,28.89375,0.3152008056640625,0.6684309244155884,0.15506309270858765,1.9681165124975397,36.368852459016395,0.31011962890625,0.04085993766784668,-0.006558582186698914,-0.8880581498445235,7.475102459016394,-0.0050811767578125
Altered-Hard,368__M_Left_thumb_finger_CR.BMP,False,0.6935390830039978,0.20936733484268188,4.66276295814357,18.795454545454547,0.422149658203125,0.7574700117111206,0.20005282759666443,3.685055458260362,22.09387755102041,0.418212890625,0.0639309287071228,-0.009314507246017456,-0.9777074998832078,3.298423005565862,-0.003936767578125
Altered-Hard,13__F_Right_index_finger_Obl.BMP,False,0.6994645595550537,0.1812838464975357,2.653312904069659,28.396825396825395,0.4083099365234375,0.7807468175888062,0.17170871794223785,1.7003589646703192,35.56617647058823,0.4038238525390625,0.08128225803375244,-0.009575128555297852,-0.9529539393993396,7.1693510737628365,-0.004486083984375
Altered-Hard,264__M_Right_ring_finger_Obl.BMP,False,0.5303373336791992,0.13236960768699646,2.7624309392265194,18.891304347826086,0.336944580078125,0.61155104637146,0.1211652010679245,2.1738080285976524,21.941935483870967,0.3158721923828125,0.08121371269226074,-0.01120440661907196,-0.588622910628867,3.0506311360448812,-0.0210723876953125
Altered-Hard,283__M_Left_middle_finger_Zcut.BMP,False,0.7073614597320557,0.18442553281784058,1.9703740192111467,38.67836257309941,0.4336700439453125,0.7802419066429138,0.17461848258972168,1.3763410502540938,47.81060606060606,0.432373046875,0.07288044691085815,-0.009807050228118896,-0.5940329689570529,9.13224348750665,-0.0012969970703125
Altered-Hard,165__M_Right_index_finger_Obl.BMP,False,0.6936372518539429,0.17585259675979614,2.1130480718436346,40.75438596491228,0.404388427734375,0.7583429217338562,0.1670793890953064,0.7979632936884903,71.93333333333334,0.4015655517578125,0.06470566987991333,-0.008773207664489746,-1.3150847781551445,31.178947368421056,-0.0028228759765625
Altered-Hard,319__M_Right_middle_finger_CR.BMP,False,0.6169674396514893,0.18888764083385468,4.931763105310148,16.079310344827586,0.3589019775390625,0.68230140209198,0.18177707493305206,4.361210877373011,17.375,0.35687255859375,0.06533396244049072,-0.007110565900802612,-0.5705522279371369,1.2956896551724135,-0.0020294189453125
Altered-Hard,51__M_Right_thumb_finger_CR.BMP,False,0.7177650928497314,0.2103607952594757,6.800964187327824,15.202380952380953,0.3544921875,0.7578074336051941,0.20369252562522888,5.772318909769541,17.819494584837546,0.3515777587890625,0.040042340755462646,-0.006668269634246826,-1.028645277558283,2.6171136324565936,-0.0029144287109375
Altered-Hard,488__M_Right_little_finger_Obl.BMP,False,0.6276898980140686,0.1536882072687149,1.182301850757128,53.311688311688314,0.3355560302734375,0.6681175827980042,0.14792339503765106,0.8658008658008658,69.10526315789474,0.3348541259765625,0.04042768478393555,-0.005764812231063843,-0.3165009849562621,15.793574846206425,-0.000701904296875
Altered-Hard,374__M_Right_thumb_finger_Zcut.BMP,False,0.5324256420135498,0.20023012161254883,14.699895969966981,7.0,0.3373565673828125,0.5932279825210571,0.19201083481311798,12.431511579722823,7.73308957952468,0.3314056396484375,0.060802340507507324,-0.008219286799430847,-2.268384390244158,0.7330895795246803,-0.005950927734375
Altered-Hard,489__M_Left_thumb_finger_Zcut.BMP,False,0.7207462787628174,0.232786625623703,4.571212693615414,18.79192546583851,0.403900146484375,0.782221794128418,0.22506043314933777,3.9281491933946073,22.311787072243344,0.4001007080078125,0.061475515365600586,-0.007726192474365234,-0.6430635002208067,3.5198616064048345,-0.0037994384765625
Altered-Hard,113__M_Left_index_finger_Zcut.BMP,False,0.6696079969406128,0.20309844613075256,8.740381398461023,11.97072072072072,0.3648681640625,0.7321332693099976,0.19441351294517517,7.540455816317885,12.982188295165395,0.360198974609375,0.06252527236938477,-0.008684933185577393,-1.1999255821431385,1.0114675744446746,-0.004669189453125
Altered-Hard,527__M_Left_thumb_finger_Obl.BMP,False,0.6984597444534302,0.17661844193935394,10.143816780127136,11.346330275229358,0.3384552001953125,0.8070645332336426,0.16464675962924957,5.679173261335071,17.4106463878327,0.327789306640625,0.1086047887802124,-0.01197168231010437,-4.464643518792064,6.064316112603342,-0.0106658935546875
Altered-Hard,210__M_Right_little_finger_Obl.BMP,False,0.6416774988174438,0.18276382982730865,3.8254136516569113,19.506072874493928,0.3310699462890625,0.7005476951599121,0.17616301774978638,2.706107404469743,24.521978021978022,0.3270416259765625,0.05887019634246826,-0.006600812077522278,-1.1193062471871684,5.015905147484094,-0.0040283203125
Altered-Hard,477__M_Left_thumb_finger_Obl.BMP,False,0.4951938986778259,0.17468826472759247,14.850996644957569,6.726495726495727,0.30926513671875,0.5629256963729858,0.16264915466308594,11.482308931262015,7.51304347826087,0.2936859130859375,0.06773179769515991,-0.01203911006450653,-3.3686877136955538,0.7865477517651431,-0.0155792236328125
Altered-Hard,121__F_Left_middle_finger_Zcut.BMP,False,0.6158573031425476,0.16694897413253784,4.294666725097507,19.367697594501717,0.3481903076171875,0.6810556650161743,0.15875601768493652,3.225378871559228,24.02252252252252,0.3453521728515625,0.06519836187362671,-0.008192956447601318,-1.0692878535382788,4.654824928020805,-0.002838134765625
Altered-Hard,477__M_Left_middle_finger_Obl.BMP,False,0.4912760257720947,0.15253391861915588,18.30247243925934,5.716951788491446,0.285125732421875,0.5780388116836548,0.13552053272724152,12.900565504241282,6.905882352941177,0.259033203125,0.08676278591156006,-0.017013385891914368,-5.401906935018058,1.1889305644497306,-0.026092529296875
Altered-Hard,296__M_Left_little_finger_CR.BMP,False,0.5833203792572021,0.17896199226379395,7.797670958805726,11.844936708860759,0.2974395751953125,0.6499866843223572,0.17288629710674286,6.506688876164698,13.351851851851851,0.2931365966796875,0.06666630506515503,-0.006075695157051086,-1.2909820826410279,1.506915142991092,-0.004302978515625
Altered-Hard,471__M_Right_middle_finger_Obl.BMP,False,0.6914612650871277,0.1654539406299591,1.4909966739304965,46.60909090909091,0.40820562439526825,0.7680756449699402,0.15919038653373718,1.012924922004781,57.53164556962025,0.3997764711599203,0.0766143798828125,-0.006263554096221924,-0.4780717519257156,10.922554660529343,-0.00842915323534793
Altered-Hard,416__M_Right_middle_finger_Obl.BMP,False,0.7075656652450562,0.13922934234142303,3.1638982556929354,27.25,0.3665313720703125,0.8221710324287415,0.12368782609701157,1.9891261105954117,35.543103448275865,0.3451995849609375,0.1146053671836853,-0.015541516244411469,-1.1747721450975237,8.293103448275865,-0.021331787109375
Altered-Hard,142__F_Right_index_finger_Obl.BMP,False,0.7237546443939209,0.1938498318195343,2.2984102662325223,32.375,0.477996826171875,0.8086885213851929,0.18363748490810394,1.5145168046917796,43.43283582089552,0.4735260009765625,0.08493387699127197,-0.010212346911430359,-0.7838934615407427,11.05783582089552,-0.0044708251953125
Altered-Hard,69__M_Right_ring_finger_CR.BMP,False,0.6912333965301514,0.18112216889858246,3.566940942807345,22.276422764227643,0.3764495849609375,0.764077365398407,0.17061568796634674,2.709248388818193,27.534391534391535,0.3717193603515625,0.07284396886825562,-0.010506480932235718,-0.857692553989152,5.257968770163892,-0.004730224609375
Altered-Hard,52__M_Left_index_finger_CR.BMP,False,0.7861024737358093,0.1854390650987625,4.037292932656289,24.071770334928228,0.366607666015625,0.8606140613555908,0.1738605499267578,2.773510838026967,32.2,0.35760498046875,0.0745115876197815,-0.0115785151720047,-1.2637820946293221,8.128229665071775,-0.009002685546875
Altered-Hard,406__M_Left_index_finger_Obl.BMP,False,0.5197449922561646,0.18313169479370117,9.312749003984065,8.084233261339094,0.306396484375,0.5848300457000732,0.17338842153549194,7.435524126455907,9.084033613445378,0.29345703125,0.06508505344390869,-0.009743273258209229,-1.8772248775281577,0.9998003521062842,-0.012939453125
Altered-Hard,228__M_Right_ring_finger_Obl.BMP,False,0.6386011838912964,0.12905704975128174,1.8489170628631801,32.1625,0.34661865234375,0.7064868211746216,0.11811502277851105,1.8007771775187187,35.865546218487395,0.321990966796875,0.0678856372833252,-0.010942026972770691,-0.04813988534446145,3.703046218487394,-0.024627685546875
Altered-Hard,396__M_Right_ring_finger_Obl.BMP,False,0.48285794258117676,0.15711769461631775,4.652840396753832,14.351288056206089,0.4230499267578125,0.5739239454269409,0.14197324216365814,3.3105274773780624,16.488745980707396,0.414825439453125,0.09106600284576416,-0.015144452452659607,-1.3423129193757695,2.137457924501307,-0.0082244873046875
Altered-Hard,149__F_Left_index_finger_Obl.BMP,False,0.6445039510726929,0.1704767644405365,7.004640574380527,12.562666666666667,0.348541259765625,0.7446835041046143,0.1587419956922531,5.056026236676687,16.359375,0.334991455078125,0.10017955303192139,-0.011734768748283386,-1.94861433770384,3.796708333333333,-0.0135498046875
Altered-Hard,220__F_Right_middle_finger_Zcut.BMP,False,0.7066403031349182,0.20527921617031097,3.031631236759442,24.187265917602996,0.417755126953125,0.7677206993103027,0.1967962384223938,2.0898258478460128,29.923444976076556,0.4161834716796875,0.06108039617538452,-0.008482977747917175,-0.941805388913429,5.73617905847356,-0.0015716552734375
Altered-Hard,586__M_Right_middle_finger_Zcut.BMP,False,0.733031690120697,0.2289004772901535,3.5566523916672717,26.717391304347824,0.420440673828125,0.7923613786697388,0.22104069590568542,2.4810274372446,32.66304347826087,0.418212890625,0.05932968854904175,-0.007859781384468079,-1.0756249544226715,5.945652173913043,-0.002227783203125
Altered-Hard,528__F_Right_ring_finger_Zcut.BMP,False,0.7231203317642212,0.20635934174060822,2.584595808978488,30.430851063829788,0.3837432861328125,0.7834615707397461,0.1994437277317047,1.8380883880764005,38.56643356643357,0.381866455078125,0.0603412389755249,-0.006915614008903503,-0.7465074209020874,8.135582502603778,-0.0018768310546875
Altered-Hard,26__M_Right_little_finger_Obl.BMP,False,0.520986020565033,0.1238330751657486,2.4335834516325288,26.96031746031746,0.30096435546875,0.5758737325668335,0.11708240211009979,1.8466273403436777,33.84782608695652,0.2974700927734375,0.05488771200180054,-0.006750673055648804,-0.5869561112888511,6.887508626639065,-0.0034942626953125
Altered-Hard,436__M_Left_thumb_finger_Zcut.BMP,False,0.6829820275306702,0.1972815990447998,8.144475920679888,13.047146401985112,0.3447265625,0.760695219039917,0.18899813294410706,6.397549107947378,16.595394736842106,0.33868408203125,0.07771319150924683,-0.008283466100692749,-1.74692681273251,3.5482483348569946,-0.00604248046875
Altered-Hard,413__M_Left_middle_finger_Zcut.BMP,False,0.7344411611557007,0.19388368725776672,4.099470162818579,22.26909090909091,0.3945465087890625,0.800167441368103,0.18448297679424286,2.2816679779701023,32.12154696132597,0.38787841796875,0.06572628021240234,-0.009400710463523865,-1.8178021848484769,9.852456052235059,-0.0066680908203125
Altered-Hard,60__M_Left_little_finger_CR.BMP,False,0.5625060796737671,0.14237801730632782,4.212521720815123,21.044554455445546,0.2897796630859375,0.6079027652740479,0.13631203770637512,3.3145683169358655,25.5,0.2900238037109375,0.04539668560028076,-0.006065979599952698,-0.8979534038792574,4.455445544554454,0.000244140625
Altered-Hard,172__M_Right_middle_finger_CR.BMP,False,0.7393327951431274,0.2108214795589447,6.58157159952134,16.128125,0.382537841796875,0.8133361339569092,0.20107360184192657,4.336197114605285,21.524017467248907,0.37652587890625,0.07400333881378174,-0.009747877717018127,-2.2453744849160557,5.395892467248906,-0.006011962890625
Altered-Hard,302__M_Right_ring_finger_Obl.BMP,False,0.5586455464363098,0.17355841398239136,16.695205479452053,6.733893557422969,0.32080078125,0.638756513595581,0.1617327332496643,12.856788284934227,8.066420664206642,0.3073883056640625,0.08011096715927124,-0.01182568073272705,-3.8384171945178256,1.3325271067836733,-0.0134124755859375
Altered-Hard,157__M_Right_little_finger_CR.BMP,False,0.5316562056541443,0.14033736288547516,1.3195013195013194,34.401408450704224,0.335357666015625,0.5906879305839539,0.13477200269699097,0.6038366854010869,45.50515463917526,0.3333230116583319,0.05903172492980957,-0.005565360188484192,-0.7156646341002325,11.103746188471035,-0.0020346543572931086
Altered-Hard,306__M_Right_middle_finger_Obl.BMP,False,0.5767711400985718,0.17697086930274963,14.168039538714991,7.392988929889299,0.3241729736328125,0.6677740812301636,0.16511133313179016,9.603725081243633,8.820971867007673,0.3145904541015625,0.0910029411315918,-0.011859536170959473,-4.564314457471358,1.427982937118374,-0.00958251953125
Altered-Hard,132__M_Left_middle_finger_Obl.BMP,False,0.7138358354568481,0.2157813012599945,3.4107457653100326,22.82456140350877,0.398162841796875,0.7719910144805908,0.2077467143535614,2.3925291348305935,26.559782608695652,0.395416259765625,0.058155179023742676,-0.008034586906433105,-1.018216630479439,3.735221205186882,-0.00274658203125
Altered-Hard,385__M_Right_ring_finger_Obl.BMP,False,0.7276437282562256,0.19133971631526947,4.385624466351006,20.443076923076923,0.393157958984375,0.8016142845153809,0.18083715438842773,3.468937243771681,25.254980079681275,0.3870849609375,0.07397055625915527,-0.010502561926841736,-0.9166872225793248,4.811903156604352,-0.006072998046875
Altered-Hard,440__M_Left_little_finger_Obl.BMP,False,0.6079999208450317,0.16094034910202026,6.313309776207302,13.8,0.3238677978515625,0.6734893918037415,0.15229851007461548,4.771774232419145,17.57261410788382,0.3165740966796875,0.06548947095870972,-0.008641839027404785,-1.5415355437881573,3.7726141078838182,-0.007293701171875
Altered-Hard,238__M_Right_index_finger_CR.BMP,False,0.7004809975624084,0.19016247987747192,2.471053374752895,31.572972972972973,0.4322509765625,0.7968832850456238,0.18398508429527283,2.080811138014528,36.48251748251748,0.4183138936806622,0.09640228748321533,-0.006177395582199097,-0.3902422367383669,4.9095445095445065,-0.013937082881837815
Altered-Hard,75__F_Left_thumb_finger_CR.BMP,False,0.6436437368392944,0.16880124807357788,8.88683175190928,12.044334975369457,0.3296661376953125,0.7277403473854065,0.15827065706253052,6.708238851095994,14.855305466237942,0.322998046875,0.08409661054611206,-0.010530591011047363,-2.1785929008132863,2.8109704908684847,-0.0066680908203125
Altered-Hard,490__M_Right_ring_finger_Obl.BMP,False,0.5752097368240356,0.1453886479139328,8.450853007975493,12.337278106508876,0.2888946533203125,0.6446459889411926,0.1366959661245346,6.4765429411124416,15.533596837944664,0.280364990234375,0.06943625211715698,-0.008692681789398193,-1.974310066863051,3.196318731435788,-0.0085296630859375
Altered-Hard,339__M_Right_thumb_finger_Obl.BMP,False,0.6138993501663208,0.20005342364311218,8.069835111542192,11.919831223628693,0.3932952880859375,0.6808109879493713,0.1890687644481659,6.253958201393287,14.446575342465753,0.385498046875,0.06691163778305054,-0.010984659194946289,-1.815876910148905,2.52674411883706,-0.0077972412109375
Altered-Hard,77__M_Left_middle_finger_Obl.BMP,False,0.7101204991340637,0.17651137709617615,3.76,21.28957528957529,0.3814697265625,0.7886148691177368,0.16464930772781372,2.8837439235395896,27.90960451977401,0.370391845703125,0.0784943699836731,-0.011862069368362427,-0.8762560764604101,6.620029230198721,-0.011077880859375
Altered-Hard,433__M_Right_middle_finger_Zcut.BMP,False,0.7320921421051025,0.20827274024486542,5.385438602547727,18.66923076923077,0.4420013427734375,0.7965837121009827,0.19650781154632568,4.948942250723173,20.624260355029588,0.4378204345703125,0.06449156999588013,-0.011764928698539734,-0.4364963518245544,1.955029585798819,-0.004180908203125
Altered-Hard,520__M_Right_middle_finger_CR.BMP,False,0.7163621783256531,0.2222430408000946,4.889633975970941,18.473087818696882,0.4368896484375,0.7801319360733032,0.2124321311712265,3.7054028302219715,21.636678200692042,0.4323883056640625,0.06376975774765015,-0.009810909628868103,-1.1842311457489698,3.16359038199516,-0.0045013427734375
Altered-Hard,305__M_Left_ring_finger_Obl.BMP,False,0.6416800022125244,0.15947654843330383,5.135858829726526,15.715210355987056,0.3476104736328125,0.7349256873130798,0.1469395011663437,4.133766836971668,19.637614678899084,0.328521728515625,0.09324568510055542,-0.012537047266960144,-1.0020919927548588,3.922404322912028,-0.0190887451171875
Altered-Hard,163__M_Right_little_finger_Obl.BMP,False,0.5603443384170532,0.13061532378196716,4.57541260417234,14.698924731182796,0.2801361083984375,0.6469218730926514,0.12208691984415054,3.2366200439255577,15.810679611650485,0.264007568359375,0.08657753467559814,-0.00852840393781662,-1.338792560246782,1.1117548804676893,-0.0161285400390625
Altered-Hard,236__M_Left_ring_finger_CR.BMP,False,0.7256813049316406,0.18155699968338013,4.769013850875011,18.494545454545456,0.367950439453125,0.826570987701416,0.16983754932880402,2.171876330806575,31.2027027027027,0.358306884765625,0.10088968276977539,-0.01171945035457611,-2.5971375200684355,12.708157248157246,-0.0096435546875
Altered-Hard,102__M_Right_thumb_finger_CR.BMP,False,0.7187800407409668,0.2159123569726944,4.396468527719198,20.485401459854014,0.4268951416015625,0.7878292202949524,0.20630528032779694,3.5078836973817444,23.88546255506608,0.42193603515625,0.0690491795539856,-0.009607076644897461,-0.8885848303374533,3.4000610952120667,-0.0049591064453125
Altered-Hard,430__F_Left_thumb_finger_Obl.BMP,False,0.7447470426559448,0.16616767644882202,3.040173724212812,27.802139037433154,0.3513336181640625,0.8114052414894104,0.15665778517723083,1.8674136321195145,36.11538461538461,0.3431854248046875,0.06665819883346558,-0.009509891271591187,-1.1727600920932977,8.31324557795146,-0.008148193359375
Altered-Hard,417__M_Right_index_finger_Obl.BMP,False,0.6670073866844177,0.180365651845932,2.8832805325169972,23.950191570881227,0.4286651611328125,0.758236825466156,0.1666298806667328,2.20926442359929,28.227513227513228,0.4213104248046875,0.09122943878173828,-0.013735771179199219,-0.6740161089177072,4.277321656632001,-0.007354736328125
Altered-Hard,11__M_Right_middle_finger_Obl.BMP,False,0.7225672006607056,0.21679818630218506,3.555457811010923,22.429657794676807,0.416290283203125,0.7883819341659546,0.208329439163208,2.474698973184605,27.315533980582526,0.413116455078125,0.06581473350524902,-0.00846874713897705,-1.080758837826318,4.885876185905719,-0.003173828125
Altered-Hard,319__M_Right_middle_finger_Zcut.BMP,False,0.640655517578125,0.18734633922576904,4.754682952822068,16.4858934169279,0.3722686767578125,0.6975070238113403,0.1804213970899582,3.783828247100436,18.761029411764707,0.371002197265625,0.05685150623321533,-0.006924942135810852,-0.9708547057216323,2.2751359948368055,-0.0012664794921875
Altered-Hard,107__M_Right_thumb_finger_Obl.BMP,False,0.6910500526428223,0.19242237508296967,2.720888333272052,26.98578199052133,0.4149932861328125,0.7565418481826782,0.18340881168842316,2.3943713854201203,30.12849162011173,0.4142303466796875,0.06549179553985596,-0.009013563394546509,-0.32651694785193186,3.142709629590403,-0.000762939453125
Altered-Hard,101__M_Right_ring_finger_Obl.BMP,False,0.6225346326828003,0.13770458102226257,1.4089919303189447,48.132075471698116,0.3573760986328125,0.6957790851593018,0.12970779836177826,0.97310686482661,63.225352112676056,0.35027268220128904,0.07324445247650146,-0.007996782660484314,-0.43588506549233463,15.09327664097794,-0.007103416431523457
Altered-Hard,35__M_Right_ring_finger_CR.BMP,False,0.6582494974136353,0.16555607318878174,3.565830721003135,22.30350194552529,0.389404296875,0.7739854454994202,0.15203604102134705,1.4567231821308622,36.56617647058823,0.3770904541015625,0.11573594808578491,-0.013520032167434692,-2.109107538872273,14.262674525062941,-0.0123138427734375
Altered-Hard,144__M_Left_middle_finger_CR.BMP,False,0.6074482202529907,0.1593959927558899,3.5330487266303545,23.608187134502923,0.3109588623046875,0.6478118896484375,0.15335406363010406,3.011304734165967,26.527397260273972,0.3090972900390625,0.04036366939544678,-0.006041929125785828,-0.5217439924643874,2.9192101257710483,-0.001861572265625
Altered-Hard,444__M_Left_index_finger_CR.BMP,False,0.7117180824279785,0.20831158757209778,5.447791993396615,17.66782006920415,0.369720458984375,0.7766047716140747,0.19986338913440704,4.109014675052411,21.848214285714285,0.363922119140625,0.06488668918609619,-0.008448198437690735,-1.3387773183442047,4.180394216510134,-0.00579833984375
Altered-Hard,89__M_Left_ring_finger_Obl.BMP,False,0.6488316655158997,0.19668790698051453,6.557763292232781,13.822014051522249,0.388580322265625,0.7272052764892578,0.18601198494434357,4.7345419229524115,16.855384615384615,0.3770751953125,0.07837361097335815,-0.01067592203617096,-1.8232213692803692,3.0333705638623663,-0.011505126953125
Altered-Hard,116__M_Right_little_finger_Zcut.BMP,False,0.6448473930358887,0.19981789588928223,4.611927943553155,17.733974358974358,0.3871002197265625,0.7056873440742493,0.1920449286699295,3.6898920510304216,21.516260162601625,0.3887176513671875,0.060839951038360596,-0.007772967219352722,-0.9220358925227337,3.7822858036272677,0.001617431640625
Altered-Hard,66__F_Left_index_finger_Obl.BMP,False,0.7457465529441833,0.18654273450374603,3.75015121577483,21.833333333333332,0.3784027099609375,0.8235794305801392,0.177216038107872,2.131234886675683,35.396946564885496,0.3722991943359375,0.07783287763595581,-0.009326696395874023,-1.6189163290991466,13.563613231552164,-0.006103515625
Altered-Hard,192__M_Left_ring_finger_Obl.BMP,False,0.6691679954528809,0.15074725449085236,7.7576653121536765,13.421621621621622,0.3304443359375,0.7752753496170044,0.13758231699466705,3.4476060988637465,21.974489795918366,0.314239501953125,0.10610735416412354,-0.013164937496185303,-4.3100592132899305,8.552868174296744,-0.016204833984375
Altered-Hard,22__M_Left_middle_finger_Obl.BMP,False,0.7079688310623169,0.15604948997497559,4.929143561306223,18.761061946902654,0.3219451904296875,0.8070043325424194,0.14608356356620789,2.86080694485548,29.73228346456693,0.309356689453125,0.09903550148010254,-0.0099659264087677,-2.068336616450743,10.971221517664276,-0.0125885009765625
Altered-Hard,89__M_Left_thumb_finger_CR.BMP,False,0.6254987120628357,0.22172987461090088,9.315785300880044,10.251450676982591,0.384918212890625,0.6643768548965454,0.21457049250602722,8.622418287547625,11.161987041036717,0.3804779052734375,0.03887814283370972,-0.007159382104873657,-0.6933670133324199,0.910536364054126,-0.0044403076171875
Altered-Hard,188__M_Left_middle_finger_Obl.BMP,False,0.6752175092697144,0.17306531965732574,5.694227769110764,15.856741573033707,0.3912353515625,0.7579305768013,0.1620248258113861,4.342072615995368,20.945378151260503,0.3740564286598193,0.0827130675315857,-0.011040493845939636,-1.3521551531153957,5.0886365782267955,-0.017178922902680693
Altered-Hard,353__M_Right_middle_finger_Obl.BMP,False,0.6513422727584839,0.15405979752540588,6.852343059239611,13.99402985074627,0.34515380859375,0.7541403770446777,0.13812655210494995,2.9659395331037124,21.27683615819209,0.3189697265625,0.10279810428619385,-0.015933245420455933,-3.8864035261358985,7.282806307445821,-0.02618408203125
Altered-Hard,19__M_Left_little_finger_Obl.BMP,False,0.6722690463066101,0.16012799739837646,6.735360643377733,14.371841155234657,0.3035736083984375,0.7535765171051025,0.14999763667583466,3.7884767166535123,20.458333333333332,0.2899932861328125,0.08130747079849243,-0.010130360722541809,-2.946883926724221,6.086492178098675,-0.013580322265625
Altered-Hard,1__M_Left_index_finger_Zcut.BMP,False,0.6909189224243164,0.19827650487422943,2.743435351124096,27.315315315315317,0.4282684326171875,0.7650840878486633,0.18943366408348083,1.7679318805022368,38.16891891891892,0.42291259765625,0.07416516542434692,-0.008842840790748596,-0.975503470621859,10.853603603603602,-0.0053558349609375
Altered-Hard,523__F_Right_index_finger_Obl.BMP,False,0.6315018534660339,0.1690066009759903,1.7660693918098533,34.26162790697674,0.4324836102094074,0.7550247311592102,0.17763328552246094,2.1135555769046017,33.185483870967744,0.38838103055856127,0.12352287769317627,0.008626684546470642,0.3474861850947484,-1.0761440360089978,-0.04410257965084613
Altered-Hard,247__M_Right_little_finger_CR.BMP,False,0.5936227440834045,0.1593969464302063,2.540339652820247,23.15841584158416,0.3243560791015625,0.6587247848510742,0.1525607705116272,1.9293209731306762,28.694267515923567,0.3242645263671875,0.06510204076766968,-0.0068361759185791016,-0.6110186796895709,5.535851674339408,-9.1552734375e-05
Altered-Hard,584__M_Right_index_finger_Obl.BMP,False,0.6715962886810303,0.17874592542648315,1.7114833953197512,37.98159509202454,0.4636077880859375,0.7765367031097412,0.16981133818626404,1.4488254165373071,50.2037037037037,0.4528399150212447,0.10494041442871094,-0.008934587240219116,-0.2626579787824441,12.222108611679161,-0.01076787306469279
Altered-Hard,466__F_Left_middle_finger_Zcut.BMP,False,0.7455384731292725,0.21480277180671692,7.84297789336801,15.035353535353535,0.37548828125,0.8114708662033081,0.2056547999382019,4.18007774944614,22.73061224489796,0.3650360107421875,0.06593239307403564,-0.009147971868515015,-3.6629001439218705,7.695258709544424,-0.0104522705078125
Altered-Hard,550__F_Left_little_finger_Obl.BMP,False,0.6106886863708496,0.153127521276474,5.748575462659472,13.441379310344828,0.3025970458984375,0.714317262172699,0.1429184228181839,3.6119981154792438,18.798882681564248,0.2914886474609375,0.10362857580184937,-0.0102090984582901,-2.1365773471802285,5.357503371219419,-0.0111083984375
Altered-Hard,270__M_Left_middle_finger_Zcut.BMP,False,0.840771496295929,0.2153460532426834,1.8998903909389842,52.56692913385827,0.417633056640625,0.8737854957580566,0.20835429430007935,1.1822514501052943,77.6144578313253,0.4130096435546875,0.033013999462127686,-0.006991758942604065,-0.7176389408336898,25.04752869746703,-0.0046234130859375
Altered-Hard,587__M_Right_ring_finger_CR.BMP,False,0.6838476657867432,0.19732534885406494,2.953980099502487,25.524229074889867,0.392578125,0.7305383682250977,0.18954116106033325,2.5697932484522834,29.659685863874344,0.3918914794921875,0.04669070243835449,-0.0077841877937316895,-0.3841868510502038,4.135456788984477,-0.0006866455078125
Altered-Hard,405__M_Left_middle_finger_Obl.BMP,False,0.675507664680481,0.14628812670707703,7.951463896676931,12.579234972677595,0.3319854736328125,0.8077868223190308,0.13183405995368958,3.1662526182473574,21.873493975903614,0.3132476806640625,0.1322791576385498,-0.014454066753387451,-4.785211278429574,9.294259003226019,-0.01873779296875
Altered-Hard,278__M_Left_index_finger_CR.BMP,False,0.6492998600006104,0.17112770676612854,8.972978516125725,11.502673796791443,0.2975921630859375,0.7302811145782471,0.16163921356201172,6.00284345216155,13.95138888888889,0.2897796630859375,0.08098125457763672,-0.009488493204116821,-2.9701350639641744,2.448715092097446,-0.0078125
Altered-Hard,597__M_Left_index_finger_Obl.BMP,False,0.4737270474433899,0.1389525830745697,19.20838183934808,5.2749077490774905,0.235931396484375,0.5866185426712036,0.12409062683582306,12.061090493862404,6.9907407407407405,0.21380615234375,0.11289149522781372,-0.014861956238746643,-7.147291345485675,1.71583299166325,-0.022125244140625
Altered-Hard,227__M_Right_thumb_finger_CR.BMP,False,0.7499027252197266,0.2534877061843872,3.0546565329648354,25.30054644808743,0.4196014404296875,0.7928707599639893,0.24747073650360107,2.916940129803836,26.017142857142858,0.418487548828125,0.042968034744262695,-0.006016969680786133,-0.13771640316099942,0.7165964090554269,-0.0011138916015625
Altered-Hard,451__M_Left_ring_finger_Zcut.BMP,False,0.73995441198349,0.2230178266763687,3.8903157576673215,24.847389558232933,0.40399169921875,0.7902239561080933,0.21594573557376862,3.0806678583653446,29.725490196078432,0.4011993408203125,0.05026954412460327,-0.007072091102600098,-0.8096478993019769,4.878100637845499,-0.0027923583984375
Altered-Hard,190__M_Left_ring_finger_CR.BMP,False,0.7189006805419922,0.1652495115995407,6.705409029950827,15.829268292682928,0.3072052001953125,0.8129221200942993,0.1540566086769104,3.452362549595507,23.1875,0.2961273193359375,0.09402143955230713,-0.01119290292263031,-3.2530464803553203,7.358231707317072,-0.011077880859375
Altered-Hard,456__M_Left_little_finger_Obl.BMP,False,0.5756940841674805,0.1517634093761444,3.747805873143887,17.568548387096776,0.3216400146484375,0.6574752330780029,0.14147111773490906,2.966060488184382,20.833333333333332,0.313812255859375,0.08178114891052246,-0.010292291641235352,-0.7817453849595051,3.2647849462365564,-0.0078277587890625
Altered-Hard,390__F_Left_little_finger_Zcut.BMP,False,0.6276959776878357,0.1733729988336563,4.513517286305896,18.901234567901234,0.3279266357421875,0.6858713626861572,0.16746897995471954,3.462636282813158,21.238095238095237,0.3260955810546875,0.05817538499832153,-0.005904018878936768,-1.0508810034927376,2.336860670194003,-0.0018310546875
Altered-Hard,391__M_Right_little_finger_CR.BMP,False,0.6238341331481934,0.16253629326820374,6.0559796437659035,15.555944055944057,0.299835205078125,0.6855239868164062,0.15505893528461456,3.9175257731958766,21.790816326530614,0.2960205078125,0.06168985366821289,-0.007477357983589172,-2.138453870570027,6.234872270586557,-0.003814697265625
Altered-Hard,349__M_Right_index_finger_Zcut.BMP,False,0.5433807969093323,0.20716997981071472,2.147458840372226,24.613793103448277,0.468963623046875,0.6004624366760254,0.19979210197925568,1.4822930428898269,28.91592920353982,0.4735260009765625,0.057081639766693115,-0.007377877831459045,-0.665165797482399,4.302136100091545,0.0045623779296875
Altered-Hard,477__M_Right_ring_finger_Obl.BMP,False,0.5074787139892578,0.1731581687927246,12.04605845881311,8.409722222222221,0.34454345703125,0.5867615938186646,0.16015702486038208,8.078953408308468,10.01985111662531,0.3324127197265625,0.07928287982940674,-0.01300114393234253,-3.9671050505046423,1.610128894403088,-0.0121307373046875
Altered-Hard,199__M_Left_thumb_finger_Obl.BMP,False,0.5739697813987732,0.15134762227535248,11.938801103586657,8.447598253275109,0.3041839599609375,0.6841374039649963,0.1392366886138916,6.857142857142857,12.119298245614035,0.293731689453125,0.11016762256622314,-0.012110933661460876,-5.0816582464438005,3.671699992338926,-0.0104522705078125
Altered-Hard,25__F_Right_index_finger_Obl.BMP,False,0.6101843118667603,0.17308470606803894,5.237560793116349,16.92452830188679,0.3262939453125,0.658100962638855,0.16451998054981232,3.9609699545937587,19.620853080568722,0.315887451171875,0.04791665077209473,-0.008564725518226624,-1.2765908385225901,2.69632477868193,-0.010406494140625
Altered-Hard,314__M_Left_little_finger_Obl.BMP,False,0.7029669880867004,0.1881345808506012,3.5657846752299527,22.70762711864407,0.3765716552734375,0.7688426971435547,0.17965200543403625,2.030078303020259,31.94736842105263,0.3683013916015625,0.06587570905685425,-0.008482575416564941,-1.5357063722096935,9.23974130240856,-0.008270263671875
Altered-Hard,527__M_Left_thumb_finger_Zcut.BMP,False,0.6745893955230713,0.1781884729862213,14.717344459217825,8.892508143322475,0.3328094482421875,0.7947230935096741,0.16506274044513702,10.748578799025463,11.621809744779583,0.3194122314453125,0.12013369798660278,-0.01312573254108429,-3.9687656601923624,2.7293016014571077,-0.013397216796875
Altered-Hard,513__M_Left_thumb_finger_Zcut.BMP,False,0.7049789428710938,0.20536530017852783,5.247888045055039,19.34090909090909,0.357635498046875,0.7570040822029114,0.19846782088279724,4.385587754751054,23.75,0.354888916015625,0.05202513933181763,-0.006897479295730591,-0.8623002903039856,4.40909090909091,-0.00274658203125
Altered-Hard,10__M_Left_ring_finger_Obl.BMP,False,0.6430672407150269,0.18641848862171173,5.757480808397306,14.309782608695652,0.38958740234375,0.7378278970718384,0.17584455013275146,3.3526242267012574,20.446902654867255,0.3823089599609375,0.09476065635681152,-0.010573938488960266,-2.4048565816960483,6.137120046171603,-0.0072784423828125
Altered-Hard,224__M_Left_index_finger_CR.BMP,False,0.5970126986503601,0.1652170717716217,3.1687577613154625,24.54639175257732,0.3563385009765625,0.6684033870697021,0.15728062391281128,2.032344547262821,32.36690647482014,0.352874755859375,0.07139068841934204,-0.007936447858810425,-1.1364132140526415,7.8205147222428195,-0.0034637451171875
Altered-Hard,376__F_Left_little_finger_Obl.BMP,False,0.6504909992218018,0.2650464177131653,7.312614259597806,15.302702702702703,0.383941650390625,0.7005530595779419,0.2591261863708496,4.951292166492231,19.19217081850534,0.379058837890625,0.05006206035614014,-0.005920231342315674,-2.361322093105575,3.889468115802636,-0.0048828125
Altered-Hard,159__M_Left_ring_finger_Zcut.BMP,False,0.7225316166877747,0.15528318285942078,3.9140608381195494,23.463709677419356,0.3586578369140625,0.7952482104301453,0.14506639540195465,2.5851115103185385,30.76,0.3482513427734375,0.0727165937423706,-0.010216787457466125,-1.328949327801011,7.296290322580646,-0.010406494140625
Altered-Hard,54__M_Right_middle_finger_Obl.BMP,False,0.6254390478134155,0.15606296062469482,3.8103454473561236,21.586805555555557,0.4244842529296875,0.7283098697662354,0.13918086886405945,2.729922160327591,26.819905213270143,0.4136199951171875,0.10287082195281982,-0.016882091760635376,-1.0804232870285326,5.233099657714586,-0.0108642578125
Altered-Hard,521__M_Left_ring_finger_Obl.BMP,False,0.6240144968032837,0.16001439094543457,4.478323010957599,17.79835390946502,0.320281982421875,0.7078816890716553,0.15123115479946136,2.2353970259500437,27.81159420289855,0.313995361328125,0.08386719226837158,-0.008783236145973206,-2.242925985007555,10.01324029343353,-0.00628662109375
Altered-Hard,545__M_Right_thumb_finger_Obl.BMP,False,0.6782986521720886,0.20716014504432678,4.213984715377473,18.12539184952978,0.427276611328125,0.7364113330841064,0.1978517770767212,3.247221821330639,22.369918699186993,0.42291259765625,0.05811268091201782,-0.00930836796760559,-0.9667628940468336,4.244526849657213,-0.004364013671875
Altered-Hard,42__F_Left_index_finger_CR.BMP,False,0.565224289894104,0.16501152515411377,8.14276659027744,10.974937343358397,0.3129425048828125,0.6432494521141052,0.15566711127758026,5.945303210463734,13.626262626262626,0.3079833984375,0.07802516222000122,-0.009344413876533508,-2.1974633798137058,2.6513252829042298,-0.0049591064453125
Altered-Hard,382__M_Left_thumb_finger_Obl.BMP,False,0.7667874097824097,0.20936504006385803,3.0452096509721245,26.566137566137566,0.390838623046875,0.8368891477584839,0.20059363543987274,2.0614469772051534,34.22857142857143,0.3849029541015625,0.07010173797607422,-0.00877140462398529,-0.9837626737669711,7.662433862433861,-0.0059356689453125
Altered-Hard,438__M_Left_thumb_finger_Zcut.BMP,False,0.7931303977966309,0.18715128302574158,4.8999078649803165,22.995967741935484,0.364349365234375,0.8692777752876282,0.17595180869102478,3.5340257725294144,29.315217391304348,0.3540496826171875,0.07614737749099731,-0.011199474334716797,-1.365882092450902,6.319249649368864,-0.0102996826171875
Altered-Hard,252__F_Left_little_finger_CR.BMP,False,0.5945397615432739,0.15862193703651428,12.316058861164427,9.22787610619469,0.28619384765625,0.70020592212677,0.14710867404937744,6.506868361047772,12.825174825174825,0.2743682861328125,0.1056661605834961,-0.01151326298713684,-5.809190500116655,3.5972987189801344,-0.0118255615234375
Altered-Hard,239__M_Right_little_finger_CR.BMP,False,0.6243578791618347,0.15753032267093658,2.7324978799585415,26.73006134969325,0.323883056640625,0.7034555077552795,0.1498694270849228,2.3234861776281477,32.45238095238095,0.3217926025390625,0.07909762859344482,-0.007660895586013794,-0.40901170233039386,5.722319602687698,-0.0020904541015625
Altered-Hard,172__M_Left_middle_finger_CR.BMP,False,0.6961570978164673,0.19217079877853394,1.9277108433734942,36.75539568345324,0.37994384765625,0.7499955296516418,0.18502695858478546,1.580995621858278,41.529411764705884,0.37640380859375,0.05383843183517456,-0.007143840193748474,-0.3467152215152163,4.774016081252647,-0.0035400390625
Altered-Hard,307__M_Left_little_finger_CR.BMP,False,0.5883365869522095,0.15432286262512207,6.870114999751083,12.920679886685553,0.3065032958984375,0.6755778789520264,0.14493931829929352,4.655684027422491,16.09961685823755,0.298248291015625,0.0872412919998169,-0.009383544325828552,-2.214430972328592,3.1789369715519964,-0.0082550048828125
Altered-Hard,137__M_Left_thumb_finger_CR.BMP,False,0.665495753288269,0.18923072516918182,4.370550599261062,19.91705069124424,0.338653564453125,0.7299112677574158,0.18292447924613953,3.3604286817129103,23.708571428571428,0.3360137939453125,0.06441551446914673,-0.006306245923042297,-1.0101219175481515,3.7915207373271897,-0.0026397705078125
Altered-Hard,497__M_Right_thumb_finger_CR.BMP,False,0.6579664945602417,0.19562382996082306,3.6870684453978684,24.738970588235293,0.455230712890625,0.7276982665061951,0.18466787040233612,2.8438555990498178,28.28440366972477,0.4560699462890625,0.06973177194595337,-0.010955959558486938,-0.8432128463480506,3.5454330814894774,0.0008392333984375
Altered-Hard,155__M_Left_middle_finger_CR.BMP,False,0.658077597618103,0.1995820701122284,6.611438585311454,14.36144578313253,0.38311767578125,0.7289369106292725,0.18974928557872772,5.826892728523449,15.384823848238483,0.3770904541015625,0.07085931301116943,-0.009832784533500671,-0.7845458567880055,1.0233780651059536,-0.0060272216796875
Altered-Hard,292__M_Right_thumb_finger_CR.BMP,False,0.5704550743103027,0.22767016291618347,5.786026200873362,13.588100686498857,0.4193115234375,0.6063792705535889,0.2211615890264511,4.824561403508772,14.904509283819628,0.41748046875,0.03592419624328613,-0.006508573889732361,-0.9614647973645898,1.3164085973207715,-0.0018310546875
Altered-Hard,557__M_Left_index_finger_Zcut.BMP,False,0.720009446144104,0.20995476841926575,5.037306366700754,18.68562874251497,0.4028778076171875,0.7681235074996948,0.20250020921230316,4.305253933782908,20.993127147766323,0.4004974365234375,0.04811406135559082,-0.0074545592069625854,-0.7320524329178459,2.3074984052513514,-0.00238037109375
Altered-Hard,422__M_Right_middle_finger_Obl.BMP,False,0.6653215885162354,0.17384663224220276,3.440738341968912,21.88546255506608,0.376953125,0.750738799571991,0.16256743669509888,2.266639192252215,29.55625,0.3702545166015625,0.08541721105575562,-0.011279195547103882,-1.1740991497166968,7.670787444933918,-0.0066986083984375
Altered-Hard,44__M_Right_middle_finger_Zcut.BMP,False,0.6605362296104431,0.18631300330162048,5.9077650186463835,17.016304347826086,0.4132537841796875,0.7412808537483215,0.17541715502738953,4.257682339874121,23.058365758754864,0.412139892578125,0.08074462413787842,-0.010895848274230957,-1.6500826787722627,6.042061410928778,-0.0011138916015625
Altered-Hard,147__M_Right_thumb_finger_Zcut.BMP,False,0.6319166421890259,0.20002250373363495,2.685704572497025,25.053571428571427,0.4987537514624345,0.7128754258155823,0.19648505747318268,2.66824785057812,24.54,0.4860230547550432,0.0809587836265564,-0.0035374462604522705,-0.017456721918905238,-0.5135714285714279,-0.012730696707391298
Altered-Hard,340__M_Right_middle_finger_Zcut.BMP,False,0.619308590888977,0.1885172575712204,5.787364927759116,15.614035087719298,0.3770294189453125,0.6917681694030762,0.17962267994880676,4.343728230135639,19.221804511278197,0.3723602294921875,0.07245957851409912,-0.008894577622413635,-1.443636697623477,3.6077694235588993,-0.004669189453125
Altered-Hard,565__M_Left_little_finger_Obl.BMP,False,0.6077427864074707,0.1562158763408661,5.440184129308991,16.88663967611336,0.2917022705078125,0.663786768913269,0.14862872660160065,4.564493609708946,19.072115384615383,0.284149169921875,0.05604398250579834,-0.007587149739265442,-0.8756905196000453,2.1854757085020218,-0.0075531005859375
Altered-Hard,522__M_Left_index_finger_Obl.BMP,False,0.6625889539718628,0.17130061984062195,12.395061728395062,8.548179871520343,0.308990478515625,0.76524817943573,0.1584840714931488,7.107023411371237,12.113879003558718,0.2919921875,0.10265922546386719,-0.012816548347473145,-5.288038317023824,3.5656991320383753,-0.016998291015625
Altered-Hard,182__M_Right_little_finger_Obl.BMP,False,0.5688691139221191,0.1388472020626068,4.118182253507638,16.481632653061226,0.3186492919921875,0.6639456152915955,0.1292094588279724,2.5577963600590263,23.01948051948052,0.310211181640625,0.09507650136947632,-0.0096377432346344,-1.5603858934486117,6.537847866419295,-0.0084381103515625
Altered-Hard,261__M_Left_little_finger_Obl.BMP,False,0.649471640586853,0.16631406545639038,2.3205023205023205,42.034188034188034,0.335357666015625,0.7209262251853943,0.15893489122390747,1.603592046183451,54.714285714285715,0.333038330078125,0.07145458459854126,-0.00737917423248291,-0.7169102743188696,12.680097680097681,-0.0023193359375
Altered-Hard,400__M_Right_little_finger_CR.BMP,False,0.564339816570282,0.16141921281814575,9.479195370625517,10.255434782608695,0.2768707275390625,0.6519386768341064,0.1538943350315094,6.850478401177603,12.293286219081272,0.2695159912109375,0.08759886026382446,-0.0075248777866363525,-2.6287169694479138,2.037851436472577,-0.007354736328125
Altered-Hard,168__M_Right_middle_finger_Obl.BMP,False,0.6116548180580139,0.1743505299091339,6.4508784578605844,13.47072072072072,0.4021148681640625,0.7095592021942139,0.15946978330612183,4.47339507141736,17.844370860927153,0.38885498046875,0.09790438413619995,-0.014880746603012085,-1.9774833864432244,4.373650140206433,-0.0132598876953125
Altered-Hard,554__M_Left_index_finger_Obl.BMP,False,0.7059991359710693,0.186052143573761,0.9102422035776476,46.8252427184466,0.38555908203125,0.7635563015937805,0.1792706400156021,0.5584141039447967,56.123456790123456,0.3825531005859375,0.05755716562271118,-0.0067815035581588745,-0.3518280996328509,9.298214071676853,-0.0030059814453125
Altered-Hard,375__M_Left_thumb_finger_CR.BMP,False,0.7109681367874146,0.18784701824188232,1.7406777038527,38.45985401459854,0.39447021484375,0.7537299990653992,0.18157531321048737,1.4342753033298445,41.98347107438016,0.3936309814453125,0.04276186227798462,-0.0062717050313949585,-0.3064024005228554,3.523617059781621,-0.0008392333984375
Altered-Hard,25__F_Left_ring_finger_CR.BMP,False,0.5849703550338745,0.16485737264156342,11.095361454616551,9.411538461538461,0.3121795654296875,0.6764883995056152,0.15309551358222961,9.035840484603735,11.822916666666666,0.302276611328125,0.09151804447174072,-0.011761859059333801,-2.059520970012816,2.411378205128205,-0.0099029541015625
Altered-Hard,242__M_Left_thumb_finger_Obl.BMP,False,0.7436854839324951,0.19170023500919342,1.9287067332529706,39.55555555555556,0.4430389404296875,0.8122949004173279,0.1825755536556244,1.2236478691046393,54.320388349514566,0.4364471435546875,0.06860941648483276,-0.00912468135356903,-0.7050588641483313,14.764832793959009,-0.006591796875
Altered-Hard,587__M_Left_index_finger_Zcut.BMP,False,0.6741689443588257,0.181862473487854,1.6202569802931535,40.35036496350365,0.4049530029296875,0.7344337701797485,0.17486271262168884,1.0895292482248187,46.26315789473684,0.4061431884765625,0.06026482582092285,-0.006999760866165161,-0.5307277320683348,5.9127929312331915,0.001190185546875
Altered-Hard,243__M_Right_little_finger_Obl.BMP,False,0.4397185742855072,0.14728069305419922,12.347816052160868,7.20086393088553,0.2644500732421875,0.5044513940811157,0.13989226520061493,9.64860035735557,8.19672131147541,0.256195068359375,0.06473281979560852,-0.0073884278535842896,-2.6992156948052983,0.9958573805898796,-0.0082550048828125
Altered-Hard,582__M_Left_ring_finger_Obl.BMP,False,0.5777701139450073,0.14134325087070465,2.9805025458459244,24.475728155339805,0.3686065673828125,0.65803062915802,0.1332838237285614,2.2966169066336897,32.41538461538462,0.35519648599890186,0.0802605152130127,-0.00805942714214325,-0.6838856392122348,7.939656460044812,-0.013410081383910644
Altered-Hard,115__F_Left_middle_finger_Obl.BMP,False,0.5732747912406921,0.16009226441383362,13.135527739143873,8.015473887814313,0.2962188720703125,0.6655380129814148,0.14921924471855164,10.046244618083241,9.740932642487047,0.2870635986328125,0.09226322174072266,-0.010873019695281982,-3.0892831210606317,1.7254587546727347,-0.0091552734375
Altered-Hard,569__M_Right_little_finger_CR.BMP,False,0.6145485043525696,0.16580918431282043,2.9057039366317716,26.16267942583732,0.39008446680330416,0.6947025060653687,0.15925997495651245,1.332556008994753,35.46212121212121,0.38256519730448774,0.08015400171279907,-0.006549209356307983,-1.5731479276370186,9.29944178628389,-0.007519269498816428
Altered-Hard,295__M_Left_middle_finger_CR.BMP,False,0.6589852571487427,0.20370958745479584,3.3714453239519204,20.47241379310345,0.4163818359375,0.715971052646637,0.19551131129264832,2.361885079529099,25.652968036529682,0.4134674072265625,0.05698579549789429,-0.008198276162147522,-1.0095602444228216,5.180554243426233,-0.0029144287109375
Altered-Hard,154__F_Left_index_finger_Obl.BMP,False,0.6189319491386414,0.14894987642765045,1.6427651733783244,38.63865546218487,0.3487990336518359,0.7094441652297974,0.14136682450771332,0.9126585744273067,53.36842105263158,0.3418720748829953,0.090512216091156,-0.007583051919937134,-0.7301065989510177,14.72976559044671,-0.006926958768840585
Altered-Hard,182__M_Right_ring_finger_Obl.BMP,False,0.6168151497840881,0.16223466396331787,2.2493439413504395,27.933333333333334,0.3741914366320121,0.6930039525032043,0.1567329615354538,2.3722137677916035,29.041095890410958,0.36125798366884954,0.07618880271911621,-0.005501702427864075,0.12286982644116407,1.1077625570776242,-0.012933452963162562
Altered-Hard,326__M_Right_thumb_finger_Obl.BMP,False,0.6018956303596497,0.1984010934829712,6.234313011092219,12.80281690140845,0.376922607421875,0.6687690019607544,0.18784412741661072,5.204863424383745,14.482758620689655,0.366455078125,0.06687337160110474,-0.010556966066360474,-1.0294495867084743,1.6799417192812047,-0.010467529296875
Altered-Hard,536__F_Left_middle_finger_CR.BMP,False,0.7135201692581177,0.2007969617843628,5.45274998926624,19.44043321299639,0.3553924560546875,0.7923367023468018,0.19080659747123718,4.241364232619151,25.24137931034483,0.348968505859375,0.07881653308868408,-0.00999036431312561,-1.211385756647089,5.80094609734844,-0.0064239501953125
Altered-Hard,487__M_Right_ring_finger_Obl.BMP,False,0.5989886522293091,0.1641576588153839,9.725250763192324,10.287671232876713,0.349884033203125,0.6990467309951782,0.15029732882976532,6.31578947368421,13.4178674351585,0.333404541015625,0.10005807876586914,-0.013860329985618591,-3.4094612895081147,3.1301962022817875,-0.0164794921875
Altered-Hard,178__M_Left_little_finger_Obl.BMP,False,0.5960984230041504,0.1605115830898285,3.220463746779536,23.466321243523318,0.3316650390625,0.6487666368484497,0.15451116859912872,2.310429277759808,26.81645569620253,0.3302154541015625,0.052668213844299316,-0.006000414490699768,-0.910034469019728,3.350134452679214,-0.0014495849609375
Altered-Hard,272__M_Right_ring_finger_Zcut.BMP,False,0.7338563203811646,0.2212873101234436,6.502862038082629,16.26595744680851,0.3918609619140625,0.8070133328437805,0.211991548538208,4.702999644310951,20.71731448763251,0.3860931396484375,0.07315701246261597,-0.009295761585235596,-1.7998623937716776,4.451357040824,-0.005767822265625
Altered-Hard,283__M_Left_little_finger_Obl.BMP,False,0.6747787594795227,0.15582996606826782,5.7627280087631565,15.52836879432624,0.3203887939453125,0.7601630687713623,0.14434966444969177,3.26603325415677,24.878048780487806,0.308349609375,0.0853843092918396,-0.01148030161857605,-2.4966947546063865,9.349679986161565,-0.0120391845703125
Altered-Hard,11__M_Left_thumb_finger_Obl.BMP,False,0.6963586807250977,0.18879887461662292,4.459611432116958,21.53125,0.3934783935546875,0.773005485534668,0.1794866919517517,2.9041246418900357,27.51595744680851,0.3888092041015625,0.07664680480957031,-0.009312182664871216,-1.5554867902269223,5.98470744680851,-0.004669189453125
Altered-Hard,387__F_Right_thumb_finger_Obl.BMP,False,0.7007788419723511,0.1947731375694275,2.167581114949536,35.09278350515464,0.450531005859375,0.7867494225502014,0.18785077333450317,1.6581954507768286,44.18248175182482,0.43827414054600605,0.08597058057785034,-0.006922364234924316,-0.5093856641727073,9.089698246670174,-0.012256865313368948
Altered-Hard,434__M_Right_ring_finger_CR.BMP,False,0.6878068447113037,0.19845986366271973,6.517725954112196,16.138014527845037,0.4050140380859375,0.7642486691474915,0.1883668601512909,5.061075383385973,19.43161094224924,0.4009857177734375,0.07644182443618774,-0.010093003511428833,-1.4566505707262225,3.2935964144042025,-0.0040283203125
Altered-Hard,99__M_Left_thumb_finger_Obl.BMP,False,0.5859187245368958,0.15393772721290588,13.157161175224395,7.192982456140351,0.2736968994140625,0.6656826734542847,0.14248821139335632,8.564936199965041,9.386666666666667,0.2618865966796875,0.07976394891738892,-0.01144951581954956,-4.592224975259354,2.1936842105263157,-0.011810302734375
Altered-Hard,481__F_Right_little_finger_CR.BMP,False,0.6720755100250244,0.15770184993743896,5.729477013338222,16.993197278911566,0.3329010009765625,0.7541537880897522,0.14757630228996277,3.760635547407512,24.512953367875646,0.3246002197265625,0.08207827806472778,-0.010125547647476196,-1.9688414659307103,7.51975608896408,-0.00830078125
Altered-Hard,590__M_Right_middle_finger_Obl.BMP,False,0.6933749318122864,0.1579403132200241,3.176092684159238,25.679611650485437,0.4227752685546875,0.8002279996871948,0.14624960720539093,1.4997988074770459,39.43103448275862,0.4171295166015625,0.10685306787490845,-0.011690706014633179,-1.676293876682192,13.751422832273182,-0.005645751953125
Altered-Hard,99__M_Right_ring_finger_Obl.BMP,False,0.5524197816848755,0.15597234666347504,9.028093004488827,10.229828850855746,0.3025360107421875,0.622223436832428,0.14745190739631653,7.491416085735095,11.965189873417721,0.293304443359375,0.06980365514755249,-0.008520439267158508,-1.5366769187537326,1.7353610225619747,-0.0092315673828125
Altered-Hard,77__M_Right_index_finger_CR.BMP,False,0.7199767827987671,0.2134101390838623,4.683651633221626,19.543726235741445,0.3779144287109375,0.7867778539657593,0.20433741807937622,3.673919255419031,23.150234741784036,0.3737945556640625,0.06680107116699219,-0.009072721004486084,-1.0097323778025946,3.6065085060425908,-0.004119873046875
Altered-Hard,295__M_Left_middle_finger_Obl.BMP,False,0.6541977524757385,0.1746663898229599,4.1136442274422365,17.725694444444443,0.3968963623046875,0.7369438409805298,0.1647632122039795,2.5550314465408803,23.031413612565444,0.38818359375,0.08274608850479126,-0.009903177618980408,-1.5586127809013561,5.305719168121001,-0.0087127685546875
Altered-Hard,472__M_Left_thumb_finger_CR.BMP,False,0.6689748764038086,0.1431194245815277,2.917578409919767,25.0126582278481,0.3974761962890625,0.7722536325454712,0.12717026472091675,1.0933387325369508,43.62931034482759,0.3768157958984375,0.1032787561416626,-0.015949159860610962,-1.824239677382816,18.616652116979488,-0.020660400390625
Altered-Hard,502__F_Left_index_finger_CR.BMP,False,0.4773280620574951,0.15742281079292297,6.20094952039531,11.883597883597883,0.314971923828125,0.5267201662063599,0.15051786601543427,4.384255650818394,14.130872483221477,0.313232421875,0.049392104148864746,-0.0069049447774887085,-1.8166938695769161,2.2472745996235943,-0.001739501953125
Altered-Hard,331__M_Right_middle_finger_Zcut.BMP,False,0.6972898244857788,0.20227155089378357,2.4257600062600257,30.95294117647059,0.3899993896484375,0.7388606667518616,0.19627732038497925,2.1552568674321098,33.57236842105263,0.3893890380859375,0.041570842266082764,-0.005994230508804321,-0.270503138827916,2.6194272445820417,-0.0006103515625
Altered-Hard,486__M_Left_middle_finger_Zcut.BMP,False,0.695393443107605,0.207785502076149,4.690567958693913,20.73139158576052,0.419647216796875,0.7690773606300354,0.19756600260734558,3.1574696185336126,25.726495726495727,0.4156036376953125,0.07368391752243042,-0.010219499468803406,-1.5330983401603007,4.995104140735208,-0.0040435791015625
Altered-Hard,588__M_Left_middle_finger_CR.BMP,False,0.6231245994567871,0.1792021095752716,4.010923365762076,21.1,0.35760498046875,0.6767125129699707,0.1724555939435959,3.2222031276851695,24.642105263157895,0.35516357421875,0.053587913513183594,-0.00674651563167572,-0.7887202380769063,3.542105263157893,-0.00244140625
Altered-Hard,177__F_Left_little_finger_CR.BMP,False,0.48241519927978516,0.11503568291664124,4.5145468732582765,15.379310344827585,0.273773193359375,0.563499927520752,0.10451985150575638,4.127140569175803,16.410810810810812,0.247711181640625,0.0810847282409668,-0.010515831410884857,-0.38740630408247334,1.0315004659832265,-0.02606201171875
Altered-Hard,261__M_Left_thumb_finger_CR.BMP,False,0.7084745168685913,0.20684069395065308,8.499291725689526,12.839080459770114,0.366241455078125,0.7786516547203064,0.1969147026538849,6.505378630043795,16.605504587155963,0.3588714599609375,0.07017713785171509,-0.009925991296768188,-1.9939130956457305,3.7664241273858483,-0.0073699951171875
Altered-Hard,493__M_Left_middle_finger_Zcut.BMP,False,0.5787723064422607,0.1726658046245575,3.014269680936348,27.55952380952381,0.4906387665198238,0.652450442314148,0.1626417487859726,1.2998407695057355,39.75167785234899,0.49017983720670927,0.07367813587188721,-0.0100240558385849,-1.7144289114306124,12.19215404282518,-0.0004589293131145311
Altered-Hard,74__F_Left_middle_finger_Obl.BMP,False,0.6208205223083496,0.15528734028339386,5.119204329384233,19.00854700854701,0.3129730224609375,0.7094669342041016,0.14592990279197693,3.496678155752036,26.703225806451613,0.3054656982421875,0.08864641189575195,-0.009357437491416931,-1.6225261736321968,7.694678797904604,-0.00750732421875
Altered-Hard,272__M_Right_middle_finger_Zcut.BMP,False,0.6893351078033447,0.21961882710456848,5.084869768803044,15.829573934837093,0.4171142578125,0.7583342790603638,0.2109472155570984,3.8812700994344436,18.853582554517136,0.4127960205078125,0.06899917125701904,-0.008671611547470093,-1.2035996693686002,3.0240086196800426,-0.0043182373046875
Altered-Hard,38__M_Left_index_finger_Obl.BMP,False,0.654179573059082,0.16499121487140656,7.460126907906019,13.607242339832869,0.35589599609375,0.7455207109451294,0.15345782041549683,4.9394588451282955,17.816733067729082,0.3490753173828125,0.09134113788604736,-0.011533394455909729,-2.520668062777723,4.209490727896213,-0.0068206787109375
Altered-Hard,152__M_Left_thumb_finger_CR.BMP,False,0.6623342037200928,0.1947944015264511,4.28970055391279,21.818181818181817,0.3663787841796875,0.7166288495063782,0.18821832537651062,3.776118150541244,24.088785046728972,0.363677978515625,0.0542946457862854,-0.006576076149940491,-0.5135824033715464,2.270603228547156,-0.0027008056640625
Altered-Hard,162__M_Right_ring_finger_Zcut.BMP,False,0.6761671304702759,0.19632486999034882,4.968089578476707,17.276657060518733,0.3992767333984375,0.7522926330566406,0.1871265321969986,4.746835443037975,18.943708609271525,0.3953857421875,0.07612550258636475,-0.00919833779335022,-0.2212541354387323,1.6670515487527915,-0.0038909912109375
Altered-Hard,330__M_Left_middle_finger_Obl.BMP,False,0.608826756477356,0.1953175961971283,11.665773527350673,9.026315789473685,0.3701629638671875,0.6923993825912476,0.18421874940395355,9.037162162162161,10.435950413223141,0.361328125,0.0835726261138916,-0.011098846793174744,-2.6286113651885117,1.4096346237494561,-0.0088348388671875
Altered-Hard,17__M_Right_ring_finger_CR.BMP,False,0.6586313247680664,0.15035131573677063,2.6049531863485353,24.473913043478262,0.4041748046875,0.743963360786438,0.13785703480243683,1.2442803243156457,34.496350364963504,0.380157470703125,0.08533203601837158,-0.012494280934333801,-1.3606728620328896,10.022437321485242,-0.024017333984375
Altered-Hard,44__M_Left_thumb_finger_Obl.BMP,False,0.6641850471496582,0.18682314455509186,1.2725175965323896,40.152542372881356,0.3837127685546875,0.7258405685424805,0.1793314516544342,0.9578544061302682,48.92553191489362,0.38232421875,0.061655521392822266,-0.007491692900657654,-0.31466319040212143,8.772989542012262,-0.0013885498046875
Altered-Hard,435__F_Right_little_finger_Obl.BMP,False,0.6337320804595947,0.14940814673900604,4.477536851637571,19.891402714932127,0.3032989501953125,0.7106466293334961,0.14106351137161255,3.523498626871859,22.380434782608695,0.2944793701171875,0.07691454887390137,-0.008344635367393494,-0.954038224765712,2.4890320676765683,-0.008819580078125
Altered-Hard,434__M_Left_thumb_finger_CR.BMP,False,0.5137510299682617,0.17380976676940918,23.84559277338271,4.619647355163728,0.2719573974609375,0.5926302075386047,0.16048461198806763,20.149031296572282,5.091757387247278,0.2559661865234375,0.07887917757034302,-0.013325154781341553,-3.6965614768104267,0.47211003208354985,-0.0159912109375
Altered-Hard,272__M_Left_middle_finger_CR.BMP,False,0.7170141935348511,0.21602170169353485,3.1539819021514663,22.69506726457399,0.4063873291015625,0.8026354312896729,0.20663043856620789,1.4554368225516106,34.345588235294116,0.3983917236328125,0.08562123775482178,-0.009391263127326965,-1.6985450795998558,11.650520970720127,-0.00799560546875
Altered-Hard,140__F_Left_middle_finger_Obl.BMP,False,0.770331859588623,0.17635399103164673,2.723853171343335,29.166666666666668,0.3529205322265625,0.8642663955688477,0.1660228669643402,1.486468762296157,40.57281553398058,0.3490142822265625,0.09393453598022461,-0.010331124067306519,-1.2373844090471782,11.406148867313913,-0.00390625
Altered-Hard,325__M_Right_middle_finger_CR.BMP,False,0.623170018196106,0.15070617198944092,1.8571305174052,34.80794701986755,0.353302001953125,0.6932159662246704,0.1431182622909546,1.0843164469118667,47.83018867924528,0.351806640625,0.07004594802856445,-0.007587909698486328,-0.7728140704933333,13.022241659377734,-0.001495361328125
Altered-Hard,149__F_Left_thumb_finger_Zcut.BMP,False,0.6751821041107178,0.20830851793289185,7.148915545862111,13.905191873589164,0.3777923583984375,0.742759108543396,0.1992282122373581,6.147289045530921,15.638743455497382,0.3723297119140625,0.06757700443267822,-0.009080305695533752,-1.0016265003311897,1.733551581908218,-0.005462646484375
Altered-Hard,99__M_Left_ring_finger_Obl.BMP,False,0.6099783182144165,0.1609354317188263,5.321701199563795,17.882783882783883,0.3498077392578125,0.7021394968032837,0.15153178572654724,3.42120268432826,21.975124378109452,0.3478851318359375,0.09216117858886719,-0.009403645992279053,-1.900498515235535,4.092340495325569,-0.001922607421875
Altered-Hard,359__M_Left_little_finger_Zcut.BMP,False,0.6141608953475952,0.1800558865070343,8.439001168477086,11.581986143187066,0.3525848388671875,0.7029726505279541,0.17046582698822021,6.217435089101975,15.159235668789808,0.3484954833984375,0.08881175518035889,-0.009590059518814087,-2.221566079375111,3.577249525602742,-0.00408935546875
Altered-Hard,36__M_Left_little_finger_Zcut.BMP,False,0.7578029036521912,0.20098437368869781,4.276667489102722,23.39183673469388,0.371063232421875,0.8182013630867004,0.19326618313789368,2.502293769288514,31.323863636363637,0.365875244140625,0.06039845943450928,-0.007718190550804138,-1.7743737198142076,7.932026901669758,-0.00518798828125
Altered-Hard,476__M_Right_middle_finger_Obl.BMP,False,0.6445345878601074,0.1832752227783203,4.653044709690471,20.514598540145986,0.3771209716796875,0.722815752029419,0.17236238718032837,2.8069016758854124,27.53684210526316,0.369659423828125,0.07828116416931152,-0.010912835597991943,-1.8461430338050588,7.022243565117172,-0.0074615478515625
Altered-Hard,519__M_Left_middle_finger_Zcut.BMP,False,0.6337156295776367,0.15603026747703552,2.1591839773657955,26.549107142857142,0.409881591796875,0.7361522316932678,0.14480869472026825,1.3300904461503382,36.978873239436616,0.401519775390625,0.1024366021156311,-0.011221572756767273,-0.8290935312154573,10.429766096579474,-0.00836181640625
Altered-Hard,266__M_Right_middle_finger_Zcut.BMP,False,0.7655632495880127,0.25341618061065674,4.656052868729348,20.431297709923665,0.4063720703125,0.8106430768966675,0.2472376972436905,4.044451164197158,22.30801687763713,0.4036865234375,0.045079827308654785,-0.0061784833669662476,-0.6116017045321902,1.876719167713464,-0.002685546875
Altered-Hard,332__M_Left_little_finger_Zcut.BMP,False,0.5863576531410217,0.16126583516597748,5.208599295307154,16.66393442622951,0.2988128662109375,0.620570957660675,0.15633004903793335,4.203834717522813,18.71090047393365,0.297637939453125,0.03421330451965332,-0.004935786128044128,-1.004764577784341,2.0469660477041387,-0.0011749267578125
Altered-Hard,33__M_Left_ring_finger_Obl.BMP,False,0.6338307857513428,0.15201625227928162,3.1799476243920686,20.033816425120772,0.3262939453125,0.7184749245643616,0.14402875304222107,1.918189229367477,28.349206349206348,0.3181915283203125,0.0846441388130188,-0.007987499237060547,-1.2617583950245916,8.315389924085576,-0.0081024169921875
Altered-Hard,5__M_Left_index_finger_CR.BMP,False,0.7173030972480774,0.1936655193567276,3.6527960836000752,23.40084388185654,0.4051971435546875,0.8019430637359619,0.18381792306900024,1.5627977892128835,41.96666666666667,0.4003143310546875,0.08463996648788452,-0.009847596287727356,-2.0899982943871915,18.565822784810127,-0.0048828125
Altered-Hard,242__M_Left_middle_finger_CR.BMP,False,0.7111670970916748,0.19065725803375244,3.4262396057899602,23.589958158995817,0.3963623046875,0.7876999378204346,0.18087485432624817,1.9001085776330076,36.6986301369863,0.39349365234375,0.07653284072875977,-0.009782403707504272,-1.5261310281569527,13.108671977990486,-0.00286865234375
Altered-Hard,113__M_Left_little_finger_Obl.BMP,False,0.5974166393280029,0.16185280680656433,7.250695272149384,11.910979228486648,0.3072509765625,0.6655678749084473,0.15276004374027252,5.151452709664126,15.778761061946902,0.29620361328125,0.06815123558044434,-0.009092763066291809,-2.0992425624852586,3.8677818334602545,-0.01104736328125
Altered-Hard,71__M_Left_ring_finger_Obl.BMP,False,0.719572126865387,0.18008051812648773,3.6709222172370195,24.46,0.3740997314453125,0.7974506616592407,0.17116092145442963,1.9036583347127958,32.19718309859155,0.36871337890625,0.07787853479385376,-0.008919596672058105,-1.7672638825242237,7.737183098591551,-0.0053863525390625
Altered-Hard,482__M_Left_little_finger_Zcut.BMP,False,0.6232625246047974,0.15288197994232178,9.01088598364498,12.081632653061224,0.2929534912109375,0.7066363096237183,0.1438523381948471,6.158294955553176,15.271653543307087,0.284942626953125,0.0833737850189209,-0.00902964174747467,-2.8525910280918048,3.1900208902458633,-0.0080108642578125
Altered-Hard,375__M_Right_thumb_finger_Obl.BMP,False,0.7123643159866333,0.20472751557826996,2.7774732302744582,31.28,0.4175262451171875,0.7863161563873291,0.19653046131134033,1.7611447440836545,39.90769230769231,0.4158782958984375,0.0739518404006958,-0.008197054266929626,-1.0163284861908037,8.627692307692307,-0.00164794921875
Altered-Hard,313__M_Left_thumb_finger_Obl.BMP,False,0.6840512752532959,0.1743369698524475,5.506607929515418,16.42772861356932,0.3602294921875,0.7581713199615479,0.1642218381166458,3.660928306820658,22.502202643171806,0.3501129150390625,0.07412004470825195,-0.010115131735801697,-1.8456796226947603,6.074474029602484,-0.0101165771484375
Altered-Hard,216__M_Right_index_finger_CR.BMP,False,0.6913251876831055,0.20901842415332794,5.630159394377449,16.960122699386503,0.4011077880859375,0.7535102367401123,0.1999354362487793,4.679349493709727,19.875,0.3978271484375,0.062185049057006836,-0.009082987904548645,-0.9508099006677222,2.9148773006134974,-0.0032806396484375
Altered-Hard,271__M_Right_ring_finger_Obl.BMP,False,0.6358637809753418,0.1969967484474182,9.572096682547313,10.153172866520787,0.3491058349609375,0.7186440825462341,0.1859970986843109,7.047025342187288,12.597058823529412,0.3377838134765625,0.08278030157089233,-0.0109996497631073,-2.525071340360025,2.443885957008625,-0.011322021484375
Altered-Hard,444__M_Right_little_finger_Obl.BMP,False,0.6918166875839233,0.17971406877040863,3.189724833071067,25.097435897435897,0.3587799072265625,0.7616204023361206,0.17113862931728363,2.12636695018226,35.182539682539684,0.35162353515625,0.06980371475219727,-0.008575439453125,-1.0633578828888068,10.085103785103787,-0.0071563720703125
Altered-Hard,516__M_Right_middle_finger_Obl.BMP,False,0.7045131921768188,0.1985611617565155,4.288694845838807,20.438661710037174,0.394927978515625,0.7711060643196106,0.18887560069561005,2.7354900095147476,26.794736842105262,0.3848876953125,0.06659287214279175,-0.009685561060905457,-1.553204836324059,6.356075132068089,-0.010040283203125
Altered-Hard,105__M_Right_ring_finger_Obl.BMP,False,0.5482907891273499,0.13619570434093475,3.8034061615179815,19.062043795620436,0.36953805790673705,0.6610366702079773,0.12862825393676758,3.5014346155716582,20.74074074074074,0.3407911964069673,0.11274588108062744,-0.007567450404167175,-0.30197154594632325,1.6786969451203042,-0.028746861499769738
Altered-Hard,484__M_Left_index_finger_CR.BMP,False,0.6691185832023621,0.1945382058620453,3.034174385180454,25.95609756097561,0.3822021484375,0.72507643699646,0.1872822642326355,2.178473454897531,31.1375,0.37823486328125,0.0559578537940979,-0.00725594162940979,-0.8557009302829228,5.181402439024389,-0.00396728515625
Altered-Hard,154__F_Left_index_finger_CR.BMP,False,0.6059775352478027,0.14958372712135315,1.9158756422537664,36.878787878787875,0.35508209901357496,0.7000037431716919,0.14132699370384216,1.1082051509375415,47.956043956043956,0.3509053011448482,0.09402620792388916,-0.008256733417510986,-0.8076704913162249,11.07725607725608,-0.004176797868726767
Altered-Hard,591__M_Left_index_finger_CR.BMP,False,0.6272414922714233,0.1717207431793213,2.219509488403063,33.50299401197605,0.4124908447265625,0.7091957330703735,0.16383889317512512,1.237484531443357,43.666666666666664,0.41095700416088765,0.0819542407989502,-0.007881850004196167,-0.9820249569597059,10.163672654690615,-0.0015338405656748488
Altered-Hard,74__F_Left_little_finger_CR.BMP,False,0.5207648277282715,0.1278788149356842,10.33790170132325,10.090680100755668,0.25830078125,0.603518009185791,0.11905940622091293,7.844806616395038,13.703296703296703,0.25091552734375,0.08275318145751953,-0.00881940871477127,-2.4930950849282123,3.612616602541035,-0.00738525390625
Altered-Hard,445__M_Right_index_finger_CR.BMP,False,0.6200903654098511,0.18885593116283417,3.573270463420025,20.00655737704918,0.414215087890625,0.692599892616272,0.17929121851921082,2.8706020903871634,21.60377358490566,0.41461181640625,0.0725095272064209,-0.009564712643623352,-0.7026683730328616,1.59721620785648,0.000396728515625
Altered-Hard,507__M_Left_index_finger_Zcut.BMP,False,0.6566368937492371,0.20036771893501282,5.93690414283238,15.552238805970148,0.35211181640625,0.7126545310020447,0.19276966154575348,4.253826250931895,18.248148148148147,0.3479461669921875,0.05601763725280762,-0.007598057389259338,-1.683077891900485,2.6959093421779983,-0.0041656494140625
Altered-Hard,162__M_Right_thumb_finger_Obl.BMP,False,0.6128549575805664,0.18677271902561188,7.69297635605007,11.496103896103897,0.35107421875,0.6888871192932129,0.17494095861911774,6.262107492003424,13.752542372881356,0.3386993408203125,0.07603216171264648,-0.01183176040649414,-1.430868864046646,2.2564384767774595,-0.0123748779296875
Altered-Hard,129__M_Right_index_finger_CR.BMP,False,0.7962436676025391,0.2546350955963135,1.5692565211326546,45.90163934426229,0.43756103515625,0.8465811610221863,0.24793104827404022,1.1592370112762147,55.02020202020202,0.4343719482421875,0.05033749341964722,-0.006704047322273254,-0.41001950985643987,9.118562675939728,-0.0031890869140625
Altered-Hard,265__M_Right_ring_finger_Obl.BMP,False,0.6272218227386475,0.14145973324775696,5.5268975681650705,14.764516129032257,0.331298828125,0.7340773940086365,0.12863442301750183,3.2517120756762083,18.639593908629443,0.3097076416015625,0.10685557126998901,-0.012825310230255127,-2.275185492488862,3.875077779597186,-0.0215911865234375
Altered-Hard,556__F_Right_little_finger_Obl.BMP,False,0.5549582242965698,0.14776766300201416,3.8738835682771984,20.876543209876544,0.283599853515625,0.6145392656326294,0.14157387614250183,2.7589937787395185,24.9296875,0.2820587158203125,0.05958104133605957,-0.006193786859512329,-1.11488978953768,4.053144290123456,-0.0015411376953125
Altered-Hard,91__F_Left_thumb_finger_Zcut.BMP,False,0.6635100841522217,0.19153112173080444,3.869074090545228,19.615107913669064,0.343109130859375,0.6999083757400513,0.186473548412323,3.0890450821506916,23.095238095238095,0.3408355712890625,0.03639829158782959,-0.005057573318481445,-0.7800290083945365,3.480130181569031,-0.0022735595703125
Altered-Hard,379__F_Right_index_finger_CR.BMP,False,0.6126925945281982,0.18668308854103088,11.023696235925943,9.38396624472574,0.3238983154296875,0.6759697198867798,0.1780984252691269,8.683970637624142,10.950904392764858,0.3180389404296875,0.06327712535858154,-0.008584663271903992,-2.3397255983018006,1.5669381480391191,-0.005859375
Altered-Hard,312__M_Right_middle_finger_Obl.BMP,False,0.5184796452522278,0.17874617874622345,5.403094146000155,13.192575406032482,0.392547607421875,0.5900425314903259,0.16905361413955688,4.242159933394125,14.294460641399416,0.3848724365234375,0.07156288623809814,-0.009692564606666565,-1.1609342126060307,1.1018852353669342,-0.0076751708984375
Altered-Hard,339__M_Right_middle_finger_Obl.BMP,False,0.6730518937110901,0.22872543334960938,6.177722529852714,14.546174142480211,0.4050750732421875,0.7369442582130432,0.22043170034885406,5.010518263530312,16.44408945686901,0.3989410400390625,0.06389236450195312,-0.00829373300075531,-1.1672042663224023,1.897915314388797,-0.006134033203125
Altered-Hard,465__F_Left_ring_finger_Zcut.BMP,False,0.608725368976593,0.18215569853782654,8.261405672009865,11.987679671457906,0.371246337890625,0.6752318143844604,0.17226886749267578,6.055291071577716,14.568,0.365386962890625,0.06650644540786743,-0.009886831045150757,-2.206114600432149,2.5803203285420935,-0.005859375
Altered-Hard,162__M_Left_ring_finger_Obl.BMP,False,0.5327203273773193,0.13591955602169037,9.731856299823997,9.136690647482014,0.294769287109375,0.6191723942756653,0.12403042614459991,7.652645861601085,10.805111821086262,0.2811431884765625,0.08645206689834595,-0.011889129877090454,-2.079210438222912,1.6684211736042478,-0.0136260986328125
Altered-Hard,481__F_Right_little_finger_Zcut.BMP,False,0.6969111561775208,0.1583927720785141,5.683380694839124,17.98310810810811,0.332916259765625,0.7799959778785706,0.1482021063566208,4.0798899378528395,25.00507614213198,0.3216400146484375,0.0830848217010498,-0.01019066572189331,-1.6034907569862842,7.021968034023871,-0.0112762451171875
Altered-Hard,374__M_Right_index_finger_Obl.BMP,False,0.5270222425460815,0.19190332293510437,9.4905542125526,8.613095238095237,0.340850830078125,0.5988869667053223,0.18127183616161346,7.084317266286984,10.324468085106384,0.3295440673828125,0.07186472415924072,-0.010631486773490906,-2.406236946265617,1.7113728470111464,-0.0113067626953125
Altered-Hard,176__M_Right_index_finger_Obl.BMP,False,0.7094982266426086,0.20239537954330444,4.632203075782843,21.976027397260275,0.4117584228515625,0.7790331840515137,0.19178293645381927,3.0211480362537766,31.3025641025641,0.404052734375,0.06953495740890503,-0.010612443089485168,-1.6110550395290661,9.326536705303827,-0.0077056884765625
Altered-Hard,361__M_Right_middle_finger_Obl.BMP,False,0.639713704586029,0.1712719351053238,3.4916737011741232,22.142241379310345,0.397674560546875,0.7189768552780151,0.16018623113632202,2.4551831644583006,28.099415204678362,0.39154052734375,0.07926315069198608,-0.01108570396900177,-1.0364905367158226,5.957173825368017,-0.006134033203125
Altered-Hard,543__M_Left_little_finger_CR.BMP,False,0.5653209090232849,0.12231898307800293,5.384840503365525,15.164,0.2606964111328125,0.6472492218017578,0.1123281717300415,4.114944105342569,18.66216216216216,0.2224884033203125,0.0819283127784729,-0.009990811347961426,-1.269896398022956,3.4981621621621617,-0.0382080078125
Altered-Hard,294__M_Left_thumb_finger_Obl.BMP,False,0.7233530282974243,0.19769223034381866,3.7841844497327664,24.045454545454547,0.3911285400390625,0.7935864925384521,0.1876712590456009,2.3460177343035507,30.971751412429377,0.3837432861328125,0.07023346424102783,-0.010020971298217773,-1.4381667154292157,6.92629686697483,-0.00738525390625
Altered-Hard,257__M_Left_little_finger_Obl.BMP,False,0.583249568939209,0.16226303577423096,6.385875944968775,13.01497005988024,0.3249664306640625,0.6565362215042114,0.15402492880821228,4.803535402055913,15.257692307692308,0.317657470703125,0.07328665256500244,-0.008238106966018677,-1.5823405429128616,2.2427222478120683,-0.0073089599609375
Altered-Hard,341__M_Left_middle_finger_Zcut.BMP,False,0.6309546232223511,0.16922128200531006,4.431501645986326,18.158940397350992,0.361541748046875,0.7343966364860535,0.1563091278076172,2.72892662219527,24.097087378640776,0.352264404296875,0.10344201326370239,-0.012912154197692871,-1.7025750237910557,5.938146981289783,-0.00927734375
Altered-Hard,112__M_Left_middle_finger_CR.BMP,False,0.5925495624542236,0.14386975765228271,7.387627948375612,12.494432071269488,0.342864990234375,0.678980827331543,0.13076484203338623,3.9251904871854073,16.8125,0.3304290771484375,0.08643126487731934,-0.013104915618896484,-3.4624374611902047,4.318067928730512,-0.0124359130859375
Altered-Hard,522__M_Right_index_finger_Obl.BMP,False,0.6999825835227966,0.18589921295642853,3.4121111989081245,22.770750988142293,0.424835205078125,0.7804116010665894,0.1758081614971161,1.846488052136133,33.24844720496895,0.42144775390625,0.08042901754379272,-0.010091051459312439,-1.5656231467719914,10.477696216826654,-0.003387451171875
Altered-Hard,56__F_Left_little_finger_CR.BMP,False,0.5874905586242676,0.16431131958961487,11.988572594633201,9.432865731462925,0.299102783203125,0.6679239273071289,0.15522730350494385,9.024046737259402,11.421875,0.2925262451171875,0.08043336868286133,-0.00908401608467102,-2.9645258573737987,1.9890092685370746,-0.0065765380859375
Altered-Hard,542__M_Left_middle_finger_Obl.BMP,False,0.5503751039505005,0.1939084529876709,9.785255700686296,8.623430962343097,0.3446197509765625,0.6282074451446533,0.18485645949840546,7.965963610029872,9.532981530343008,0.337127685546875,0.07783234119415283,-0.009051993489265442,-1.8192920906564236,0.9095505679999114,-0.0074920654296875
Altered-Hard,529__M_Right_thumb_finger_Obl.BMP,False,0.6686136722564697,0.18813535571098328,1.1493475762287877,42.52447552447553,0.4946326455539578,0.7471746206283569,0.18670767545700073,1.1764705882352942,46.05357142857143,0.4791780323695217,0.07856094837188721,-0.001427680253982544,0.027123012006506464,3.529095904095904,-0.015454613184436083
Altered-Hard,191__F_Right_middle_finger_CR.BMP,False,0.6653579473495483,0.17874695360660553,2.2061913433253957,31.037433155080215,0.4456096000499352,0.7581517696380615,0.1698550432920456,1.3972484952708513,41.07086614173228,0.4430898180779122,0.09279382228851318,-0.008891910314559937,-0.8089428480545444,10.033432986652066,-0.0025197819720230163
Altered-Hard,529__M_Left_little_finger_CR.BMP,False,0.7529860734939575,0.16716095805168152,6.398448860882211,17.528985507246375,0.314788818359375,0.8322097063064575,0.15726839005947113,3.7048162611394813,28.006172839506174,0.304779052734375,0.0792236328125,-0.009892567992210388,-2.6936325997427297,10.477187332259799,-0.010009765625
Altered-Hard,167__M_Left_middle_finger_Obl.BMP,False,0.5855439901351929,0.15832051634788513,5.184851217312895,14.286096256684491,0.4061279296875,0.691875696182251,0.14303407073020935,2.652830335895135,19.986607142857142,0.3911285400390625,0.1063317060470581,-0.015286445617675781,-2.53202088141776,5.700510886172651,-0.0149993896484375
Altered-Hard,4__M_Left_middle_finger_CR.BMP,False,0.727129340171814,0.17491847276687622,9.426790329937662,12.934328358208955,0.3010711669921875,0.8313540816307068,0.163266122341156,5.303914288745094,19.90049751243781,0.287689208984375,0.10422474145889282,-0.011652350425720215,-4.122876041192567,6.966169154228854,-0.0133819580078125
Altered-Hard,362__M_Right_middle_finger_CR.BMP,False,0.6655207276344299,0.16841931641101837,2.2366443002236647,31.32850241545894,0.4161529541015625,0.7671712040901184,0.1619032472372055,1.716841012536932,38.95918367346939,0.4006975330368285,0.10165047645568848,-0.006516069173812866,-0.5198032876867327,7.630681258010451,-0.01545542106473402
Altered-Hard,11__M_Left_index_finger_Obl.BMP,False,0.7445995807647705,0.20380720496177673,2.6903110909022017,27.994594594594595,0.4026947021484375,0.8088790774345398,0.19571824371814728,1.7928666793820331,37.404761904761905,0.4000091552734375,0.06427949666976929,-0.008088961243629456,-0.8974444115201685,9.41016731016731,-0.002685546875
Altered-Hard,206__M_Left_middle_finger_CR.BMP,False,0.7248600721359253,0.20887088775634766,3.875698324022346,23.355555555555554,0.43701171875,0.7940963506698608,0.19907894730567932,2.5312005624890137,31.691099476439792,0.4340362548828125,0.06923627853393555,-0.009791940450668335,-1.3444977615333324,8.335543920884238,-0.0029754638671875
Altered-Hard,594__M_Left_little_finger_Zcut.BMP,False,0.5374875068664551,0.18675237894058228,17.66554676492901,5.91887417218543,0.281585693359375,0.593969464302063,0.1778305619955063,14.259248863189805,6.469061876247505,0.2718048095703125,0.05648195743560791,-0.008921816945075989,-3.4062979017392063,0.5501877040620746,-0.0097808837890625
Altered-Hard,178__M_Right_ring_finger_Zcut.BMP,False,0.629806399345398,0.15628543496131897,1.6444663706627198,30.00578034682081,0.37115478515625,0.6982580423355103,0.14806976914405823,0.9928021841648051,38.2265625,0.368865966796875,0.0684516429901123,-0.008215665817260742,-0.6516641864979147,8.22078215317919,-0.002288818359375
Altered-Hard,132__M_Left_thumb_finger_Obl.BMP,False,0.6752630472183228,0.19129076600074768,6.299541093032958,15.968152866242038,0.365753173828125,0.740138053894043,0.17999796569347382,4.351535836177474,21.119266055045873,0.357666015625,0.06487500667572021,-0.011292800307273865,-1.9480052568554838,5.151113188803835,-0.008087158203125
Altered-Hard,257__M_Right_middle_finger_Obl.BMP,False,0.5212491750717163,0.12442724406719208,1.5126225745879407,33.510416666666664,0.29254150390625,0.6056245565414429,0.11766676604747772,0.9424083769633507,42.44615384615385,0.29144287109375,0.08437538146972656,-0.0067604780197143555,-0.57021419762459,8.935737179487184,-0.0010986328125
Altered-Hard,513__M_Right_middle_finger_CR.BMP,False,0.6567355394363403,0.2075510174036026,9.89852971629737,10.866388308977035,0.3684234619140625,0.7262773513793945,0.1975138634443283,7.991923950534197,12.5525,0.362762451171875,0.0695418119430542,-0.010037153959274292,-1.9066057657631728,1.6861116910229654,-0.0056610107421875
Altered-Hard,545__M_Right_ring_finger_Obl.BMP,False,0.6793838739395142,0.166298508644104,4.775737285214908,19.09009009009009,0.3099212646484375,0.7581515312194824,0.15939617156982422,2.7965043695380776,28.057971014492754,0.3055572509765625,0.07876765727996826,-0.006902337074279785,-1.9792329156768305,8.967880924402664,-0.004364013671875
Altered-Hard,286__M_Left_index_finger_Obl.BMP,False,0.6266266107559204,0.17869308590888977,3.820631409611904,18.07894736842105,0.455291748046875,0.7409862279891968,0.16517077386379242,2.356109054190508,27.689119170984455,0.453338623046875,0.11435961723327637,-0.013522312045097351,-1.464522355421396,9.610171802563404,-0.001953125
Altered-Hard,5__M_Right_ring_finger_CR.BMP,False,0.6631720066070557,0.1740533709526062,4.692459861066385,19.2,0.3316802978515625,0.7530900239944458,0.16598105430603027,3.219635108021091,23.917127071823206,0.3270111083984375,0.08991801738739014,-0.008072316646575928,-1.4728247530452938,4.717127071823207,-0.004669189453125
Altered-Hard,332__M_Left_little_finger_CR.BMP,False,0.582249104976654,0.15583088994026184,6.265930331350892,14.301115241635689,0.287353515625,0.633080005645752,0.14979547262191772,4.714706670238415,17.919431279620852,0.2848052978515625,0.0508309006690979,-0.006035417318344116,-1.551223661112477,3.6183160379851635,-0.0025482177734375
Altered-Hard,255__M_Left_little_finger_CR.BMP,False,0.7075117826461792,0.18846260011196136,3.1827641082139797,24.81896551724138,0.3739471435546875,0.7676664590835571,0.18020810186862946,1.7861593420287445,35.87074829931973,0.367340087890625,0.06015467643737793,-0.00825449824333191,-1.3966047661852352,11.051782782078348,-0.0066070556640625
Altered-Hard,243__M_Right_thumb_finger_Zcut.BMP,False,0.5217670798301697,0.20987564325332642,8.070835292273937,10.681274900398407,0.38946533203125,0.5698680877685547,0.20255419611930847,7.025944969972917,11.393665158371041,0.3887481689453125,0.04810100793838501,-0.007321447134017944,-1.0448903223010202,0.7123902579726344,-0.0007171630859375
Altered-Hard,573__F_Right_ring_finger_CR.BMP,False,0.6598879098892212,0.19730181992053986,7.27017912670258,13.527322404371585,0.3484039306640625,0.7219445705413818,0.18906253576278687,5.225863596102746,17.141304347826086,0.34454345703125,0.062056660652160645,-0.00823928415775299,-2.0443155305998335,3.613981943454501,-0.0038604736328125
Altered-Hard,109__F_Right_index_finger_CR.BMP,False,0.5987528562545776,0.19012528657913208,5.642417194297282,14.472843450479234,0.3542633056640625,0.655951738357544,0.18315796554088593,4.731929672237899,16.2188679245283,0.3514862060546875,0.05719888210296631,-0.006967321038246155,-0.9104875220593831,1.746024474049067,-0.002777099609375
Altered-Hard,256__M_Left_index_finger_CR.BMP,False,0.6379595994949341,0.1953609734773636,9.121023732812997,11.394607843137255,0.3362579345703125,0.7035133838653564,0.18705175817012787,7.7487200774872,13.381381381381381,0.3308258056640625,0.06555378437042236,-0.008309215307235718,-1.3723036553257968,1.986773538244126,-0.00543212890625
Altered-Hard,143__M_Left_thumb_finger_Obl.BMP,False,0.600337028503418,0.16223767399787903,4.771471622300352,16.83128834355828,0.425323486328125,0.7133508920669556,0.14776352047920227,3.104756794051133,23.04306220095694,0.4040108401084011,0.1130138635635376,-0.014474153518676758,-1.6667148282492188,6.211773857398658,-0.021312646219723896
Altered-Hard,80__M_Right_thumb_finger_Obl.BMP,False,0.5445151925086975,0.12329795211553574,0.9451108687749908,41.963235294117645,0.419769287109375,0.6323904991149902,0.1197194829583168,0.8495037109898954,50.81012658227848,0.3828483396097227,0.08787530660629272,-0.003578469157218933,-0.09560715778509543,8.846891288160833,-0.0369209474996523
Altered-Hard,139__M_Right_little_finger_CR.BMP,False,0.6654567122459412,0.1889321357011795,4.222239760082077,20.28030303030303,0.386688232421875,0.7261112928390503,0.1812790334224701,3.212500991512652,23.69406392694064,0.384735107421875,0.06065458059310913,-0.007653102278709412,-1.0097387685694255,3.4137608966376085,-0.001953125
Altered-Hard,242__M_Left_ring_finger_Obl.BMP,False,0.5586729645729065,0.13925758004188538,4.968429769175033,17.25,0.294830322265625,0.6193739175796509,0.1317036747932434,3.374103753690426,23.041666666666668,0.2894287109375,0.060700953006744385,-0.007553905248641968,-1.5943260154846075,5.791666666666668,-0.005401611328125
Altered-Hard,396__M_Left_thumb_finger_CR.BMP,False,0.5693966150283813,0.18720397353172302,12.853695985961833,8.213703099510603,0.3478240966796875,0.6613315343856812,0.1759628802537918,8.803054120817427,10.649082568807339,0.3397369384765625,0.0919349193572998,-0.011241093277931213,-4.0506418651444065,2.435379469296736,-0.008087158203125
Altered-Hard,512__M_Left_middle_finger_Zcut.BMP,False,0.6482787132263184,0.21091105043888092,10.662344862882245,10.16403162055336,0.3577728271484375,0.7232871651649475,0.20114782452583313,8.28355931464446,12.3175,0.3499908447265625,0.07500845193862915,-0.00976322591304779,-2.3787855482377847,2.1534683794466414,-0.007781982421875
Altered-Hard,308__M_Left_middle_finger_Obl.BMP,False,0.5459070801734924,0.11914082616567612,12.129541108986615,8.410835214446953,0.25537109375,0.6860507130622864,0.09824623167514801,5.536155353036368,13.4,0.1791534423828125,0.14014363288879395,-0.020894594490528107,-6.593385755950247,4.989164785553047,-0.0762176513671875
Altered-Hard,462__M_Right_little_finger_Obl.BMP,False,0.5732843279838562,0.14363273978233337,3.1963470319634704,22.682051282051283,0.33416748046875,0.6421902179718018,0.13458660244941711,2.576726636911609,28.3943661971831,0.3316192626953125,0.06890588998794556,-0.00904613733291626,-0.6196203950518613,5.712314915131817,-0.0025482177734375
Altered-Hard,217__M_Left_little_finger_CR.BMP,False,0.6497430205345154,0.18458372354507446,3.294464432788591,21.272727272727273,0.3520050048828125,0.6966895461082458,0.17884576320648193,2.7399643369721223,25.49438202247191,0.3508453369140625,0.04694652557373047,-0.005737960338592529,-0.5545000958164685,4.221654749744637,-0.00115966796875
Altered-Hard,111__M_Left_little_finger_Obl.BMP,False,0.6112110614776611,0.1526399552822113,2.165674066053059,27.914285714285715,0.3663787841796875,0.7003398537635803,0.14313922822475433,1.3107268191619805,39.82142857142857,0.3608856201171875,0.08912879228591919,-0.00950072705745697,-0.8549472468910786,11.907142857142855,-0.0054931640625
Altered-Hard,578__M_Left_thumb_finger_Zcut.BMP,False,0.7513791918754578,0.22215582430362701,7.538203121799337,15.089238845144356,0.3724517822265625,0.814789891242981,0.21383166313171387,5.624062656223963,18.146103896103895,0.36627197265625,0.0634106993675232,-0.008324161171913147,-1.9141404655753744,3.056865050959539,-0.0061798095703125
Altered-Hard,523__F_Left_thumb_finger_Obl.BMP,False,0.5380969643592834,0.15104910731315613,1.268931641424478,39.48461538461538,0.372772216796875,0.5893360376358032,0.144313246011734,0.5762739771136907,52.94252873563219,0.370697021484375,0.051239073276519775,-0.006735861301422119,-0.6926576643107873,13.457913351016806,-0.0020751953125
Altered-Hard,509__M_Left_index_finger_CR.BMP,False,0.647728443145752,0.14623981714248657,3.9927089662355697,18.32246376811594,0.351593017578125,0.7520757913589478,0.13346518576145172,1.6169601149838304,33.36363636363637,0.3397216796875,0.1043473482131958,-0.012774631381034851,-2.375748851251739,15.041172595520425,-0.011871337890625
Altered-Hard,414__M_Left_ring_finger_Obl.BMP,False,0.706145703792572,0.1584327220916748,7.517366067180512,14.529761904761905,0.320709228515625,0.8051398396492004,0.1460622102022171,3.845769653381281,23.823204419889503,0.305511474609375,0.09899413585662842,-0.012370511889457703,-3.671596413799231,9.293442515127598,-0.01519775390625
Altered-Hard,167__M_Left_little_finger_Obl.BMP,False,0.6229263544082642,0.15648230910301208,6.310165353968035,14.241590214067278,0.3312835693359375,0.705101490020752,0.14619675278663635,4.837164750957855,17.278688524590162,0.318603515625,0.08217513561248779,-0.010285556316375732,-1.4730006030101803,3.037098310522884,-0.0126800537109375
Altered-Hard,181__M_Left_middle_finger_Obl.BMP,False,0.6410954594612122,0.17609596252441406,9.062795292500644,11.193181818181818,0.355255126953125,0.7359958291053772,0.1643158495426178,6.432284782800247,14.417721518987342,0.346343994140625,0.09490036964416504,-0.011780112981796265,-2.6305105097003967,3.224539700805524,-0.0089111328125
Altered-Hard,49__M_Right_thumb_finger_Obl.BMP,False,0.6382268667221069,0.17499376833438873,3.8910505836575875,20.3828125,0.43167466124004716,0.7351588606834412,0.16947969794273376,3.6142529126626415,21.25,0.40755567108569446,0.09693199396133423,-0.005514070391654968,-0.276797670994946,0.8671875,-0.024118990154352704
Altered-Hard,234__M_Left_little_finger_Obl.BMP,False,0.6828097105026245,0.1694067418575287,3.6628420123565752,18.970588235294116,0.34576416015625,0.7743750810623169,0.15963485836982727,2.0905289947282313,27.122448979591837,0.33575439453125,0.09156537055969238,-0.009771883487701416,-1.572313017628344,8.151860744297721,-0.010009765625
Altered-Hard,146__M_Left_ring_finger_CR.BMP,False,0.747827410697937,0.23674818873405457,5.875299760191846,18.18088737201365,0.38177490234375,0.8117706775665283,0.22856837511062622,4.288546344621111,22.36051502145923,0.3771514892578125,0.06394326686859131,-0.008179813623428345,-1.586753415570735,4.179627649445578,-0.0046234130859375
Altered-Hard,123__M_Left_ring_finger_Zcut.BMP,False,0.6297776699066162,0.1749614030122757,8.693540553666828,12.847769028871392,0.314178466796875,0.7144901752471924,0.1657666563987732,6.743690186939058,16.077464788732396,0.3077239990234375,0.08471250534057617,-0.009194746613502502,-1.9498503667277705,3.229695759861004,-0.0064544677734375
Altered-Hard,11__M_Right_thumb_finger_Zcut.BMP,False,0.676122784614563,0.2125365138053894,7.8321788413098234,12.633333333333333,0.3876953125,0.7235081195831299,0.20516186952590942,7.010733948587951,13.677570093457945,0.3852386474609375,0.047385334968566895,-0.0073746442794799805,-0.821444892721872,1.0442367601246119,-0.0024566650390625
