filename,subject_id,candidate,member,parameters_json,baseline_psnr,baseline_ssim,baseline_mse,psnr,ssim,mse,delta_psnr,delta_ssim,delta_mse,mean_absolute_change,runtime_seconds
380__M_Left_index_finger.BMP,380,"M2 Modified Gabor (detail_clip=0.1, frequencies=0.075/0.095/0.115/0.14, gamma=0.5, orientation_bins=12, orientation_offset=1.5708, sigma_scale=0.55, strength=0.12)",M2 Modified Gabor,"{""detail_clip"": 0.1, ""frequencies"": [0.075, 0.095, 0.115, 0.14], ""gamma"": 0.5, ""orientation_bins"": 12, ""orientation_offset"": 1.5707963267948966, ""sigma_scale"": 0.55, ""strength"": 0.12}",27.39224514157606,0.8241426620333194,0.001822953059489075,27.403930633608596,0.8245781971680523,0.0018180546618784504,0.011685492032537326,0.0004355351347328229,-4.898397610624472e-06,0.0003344806900713593,0.19609079999645473
380__M_Left_little_finger.BMP,380,"M2 Modified Gabor (detail_clip=0.1, frequencies=0.075/0.095/0.115/0.14, gamma=0.5, orientation_bins=12, orientation_offset=1.5708, sigma_scale=0.55, strength=0.12)",M2 Modified Gabor,"{""detail_clip"": 0.1, ""frequencies"": [0.075, 0.095, 0.115, 0.14], ""gamma"": 0.5, ""orientation_bins"": 12, ""orientation_offset"": 1.5707963267948966, ""sigma_scale"": 0.55, ""strength"": 0.12}",27.71736251270148,0.7666588592921495,0.0016914678547986946,27.72805737001569,0.7670611523831486,0.0016873076012560424,0.010694857314209827,0.00040229309099915067,-4.1602535426521654e-06,0.0002872105978894979,0.21123090000037337
380__M_Left_middle_finger.BMP,380,"M2 Modified Gabor (detail_clip=0.1, frequencies=0.075/0.095/0.115/0.14, gamma=0.5, orientation_bins=12, orientation_offset=1.5708, sigma_scale=0.55, strength=0.12)",M2 Modified Gabor,"{""detail_clip"": 0.1, ""frequencies"": [0.075, 0.095, 0.115, 0.14], ""gamma"": 0.5, ""orientation_bins"": 12, ""orientation_offset"": 1.5707963267948966, ""sigma_scale"": 0.55, ""strength"": 0.12}",27.121060618568507,0.8799680408276915,0.0019404119392070196,27.12772573896958,0.8802439135498404,0.001937436271632788,0.006665120401073921,0.00027587272214890657,-2.9756675742316843e-06,0.00027627337840385735,0.28526300000521587
380__M_Left_ring_finger.BMP,380,"M2 Modified Gabor (detail_clip=0.1, frequencies=0.075/0.095/0.115/0.14, gamma=0.5, orientation_bins=12, orientation_offset=1.5708, sigma_scale=0.55, strength=0.12)",M2 Modified Gabor,"{""detail_clip"": 0.1, ""frequencies"": [0.075, 0.095, 0.115, 0.14], ""gamma"": 0.5, ""orientation_bins"": 12, ""orientation_offset"": 1.5707963267948966, ""sigma_scale"": 0.55, ""strength"": 0.12}",27.285753289932494,0.8393499275820852,0.0018682056062418646,27.29586122958443,0.8397085174437166,0.0018638625275227024,0.010107939651934572,0.0003585898616313976,-4.3430787191622335e-06,0.00027136242715641856,0.26655630000459496
380__M_Left_thumb_finger.BMP,380,"M2 Modified Gabor (detail_clip=0.1, frequencies=0.075/0.095/0.115/0.14, gamma=0.5, orientation_bins=12, orientation_offset=1.5708, sigma_scale=0.55, strength=0.12)",M2 Modified Gabor,"{""detail_clip"": 0.1, ""frequencies"": [0.075, 0.095, 0.115, 0.14], ""gamma"": 0.5, ""orientation_bins"": 12, ""orientation_offset"": 1.5707963267948966, ""sigma_scale"": 0.55, ""strength"": 0.12}",26.99028703291933,0.9075991768866778,0.001999729699585501,26.996803762692117,0.9078310221846699,0.0019967312903818786,0.0065167297727874995,0.00023184529799213927,-2.9984092036225256e-06,0.0003683991963043809,0.2184941000014078
380__M_Right_index_finger.BMP,380,"M2 Modified Gabor (detail_clip=0.1, frequencies=0.075/0.095/0.115/0.14, gamma=0.5, orientation_bins=12, orientation_offset=1.5708, sigma_scale=0.55, strength=0.12)",M2 Modified Gabor,"{""detail_clip"": 0.1, ""frequencies"": [0.075, 0.095, 0.115, 0.14], ""gamma"": 0.5, ""orientation_bins"": 12, ""orientation_offset"": 1.5707963267948966, ""sigma_scale"": 0.55, ""strength"": 0.12}",27.368707254437247,0.8433519870930314,0.0018328599206484284,27.377426443998015,0.8437226670281887,0.0018291838385978755,0.008719189560768115,0.0003706799351572698,-3.676082050552967e-06,0.00024875832605175674,0.2303786999982549
380__M_Right_little_finger.BMP,380,"M2 Modified Gabor (detail_clip=0.1, frequencies=0.075/0.095/0.115/0.14, gamma=0.5, orientation_bins=12, orientation_offset=1.5708, sigma_scale=0.55, strength=0.12)",M2 Modified Gabor,"{""detail_clip"": 0.1, ""frequencies"": [0.075, 0.095, 0.115, 0.14], ""gamma"": 0.5, ""orientation_bins"": 12, ""orientation_offset"": 1.5707963267948966, ""sigma_scale"": 0.55, ""strength"": 0.12}",27.631904571796152,0.757674889871031,0.0017250812023077028,27.64315066697575,0.7581135079309642,0.0017206198676426203,0.011246095179597404,0.00043861805993317127,-4.461334665082414e-06,0.0002573729434516281,0.2061210999963805
380__M_Right_middle_finger.BMP,380,"M2 Modified Gabor (detail_clip=0.1, frequencies=0.075/0.095/0.115/0.14, gamma=0.5, orientation_bins=12, orientation_offset=1.5708, sigma_scale=0.55, strength=0.12)",M2 Modified Gabor,"{""detail_clip"": 0.1, ""frequencies"": [0.075, 0.095, 0.115, 0.14], ""gamma"": 0.5, ""orientation_bins"": 12, ""orientation_offset"": 1.5707963267948966, ""sigma_scale"": 0.55, ""strength"": 0.12}",27.17154990964595,0.8700292221297026,0.0019179841285608963,27.18020210518987,0.8703793866539001,0.001914166844438343,0.008652195543920271,0.0003501645241975604,-3.817284122553319e-06,0.0003024512843694538,0.1860887000002549
380__M_Right_ring_finger.BMP,380,"M2 Modified Gabor (detail_clip=0.1, frequencies=0.075/0.095/0.115/0.14, gamma=0.5, orientation_bins=12, orientation_offset=1.5708, sigma_scale=0.55, strength=0.12)",M2 Modified Gabor,"{""detail_clip"": 0.1, ""frequencies"": [0.075, 0.095, 0.115, 0.14], ""gamma"": 0.5, ""orientation_bins"": 12, ""orientation_offset"": 1.5707963267948966, ""sigma_scale"": 0.55, ""strength"": 0.12}",27.430048920692375,0.7953303607811034,0.0018071537693830535,27.438718145838198,0.7956531065477729,0.0018035499942060979,0.008669225145823134,0.0003227457666694633,-3.6037751769556377e-06,0.00024851891794241965,0.0007775999984005466
380__M_Right_thumb_finger.BMP,380,"M2 Modified Gabor (detail_clip=0.1, frequencies=0.075/0.095/0.115/0.14, gamma=0.5, orientation_bins=12, orientation_offset=1.5708, sigma_scale=0.55, strength=0.12)",M2 Modified Gabor,"{""detail_clip"": 0.1, ""frequencies"": [0.075, 0.095, 0.115, 0.14], ""gamma"": 0.5, ""orientation_bins"": 12, ""orientation_offset"": 1.5707963267948966, ""sigma_scale"": 0.55, ""strength"": 0.12}",27.05838210736847,0.8953427772864699,0.001968619529933384,27.0654161408544,0.8956535165060162,0.0019654336437590282,0.0070340334859295695,0.00031073921954627437,-3.1858861743558516e-06,0.0004203880962450057,0.19918880000477657
600__M_Left_index_finger.BMP,600,"M2 Modified Gabor (detail_clip=0.1, frequencies=0.075/0.095/0.115/0.14, gamma=0.5, orientation_bins=12, orientation_offset=1.5708, sigma_scale=0.55, strength=0.12)",M2 Modified Gabor,"{""detail_clip"": 0.1, ""frequencies"": [0.075, 0.095, 0.115, 0.14], ""gamma"": 0.5, ""orientation_bins"": 12, ""orientation_offset"": 1.5707963267948966, ""sigma_scale"": 0.55, ""strength"": 0.12}",27.35319272178306,0.8397514104789794,0.001839419252730077,27.362936141256007,0.8401186730938852,0.0018352971317209578,0.009743419472947323,0.0003672626149058278,-4.122121009119241e-06,0.0002803364477586001,0.18381809999846155
600__M_Left_little_finger.BMP,600,"M2 Modified Gabor (detail_clip=0.1, frequencies=0.075/0.095/0.115/0.14, gamma=0.5, orientation_bins=12, orientation_offset=1.5708, sigma_scale=0.55, strength=0.12)",M2 Modified Gabor,"{""detail_clip"": 0.1, ""frequencies"": [0.075, 0.095, 0.115, 0.14], ""gamma"": 0.5, ""orientation_bins"": 12, ""orientation_offset"": 1.5707963267948966, ""sigma_scale"": 0.55, ""strength"": 0.12}",27.75017516117653,0.7569456012638808,0.001678736309374416,27.760792554219545,0.7573269120777846,0.00167463723964863,0.010617393043016676,0.0003813108139038013,-4.099069725785939e-06,0.00021085354092065245,0.18226290000166046
600__M_Left_middle_finger.BMP,600,"M2 Modified Gabor (detail_clip=0.1, frequencies=0.075/0.095/0.115/0.14, gamma=0.5, orientation_bins=12, orientation_offset=1.5708, sigma_scale=0.55, strength=0.12)",M2 Modified Gabor,"{""detail_clip"": 0.1, ""frequencies"": [0.075, 0.095, 0.115, 0.14], ""gamma"": 0.5, ""orientation_bins"": 12, ""orientation_offset"": 1.5707963267948966, ""sigma_scale"": 0.55, ""strength"": 0.12}",27.44947810926937,0.8171206154738665,0.0017990870980429466,27.457158626393408,0.8174224680621028,0.001795908216313287,0.007680517124036612,0.00030185258823633987,-3.1788817296595027e-06,0.00022493512369692326,0.2020327999998699
600__M_Left_ring_finger.BMP,600,"M2 Modified Gabor (detail_clip=0.1, frequencies=0.075/0.095/0.115/0.14, gamma=0.5, orientation_bins=12, orientation_offset=1.5708, sigma_scale=0.55, strength=0.12)",M2 Modified Gabor,"{""detail_clip"": 0.1, ""frequencies"": [0.075, 0.095, 0.115, 0.14], ""gamma"": 0.5, ""orientation_bins"": 12, ""orientation_offset"": 1.5707963267948966, ""sigma_scale"": 0.55, ""strength"": 0.12}",27.310341456038962,0.8390093911606371,0.001857658394379474,27.317334321437553,0.8393066188962162,0.0018546696614019067,0.006992865398590453,0.00029722773557905313,-2.9887329775673058e-06,0.0002553267986513674,0.17255429999931948
600__M_Left_thumb_finger.BMP,600,"M2 Modified Gabor (detail_clip=0.1, frequencies=0.075/0.095/0.115/0.14, gamma=0.5, orientation_bins=12, orientation_offset=1.5708, sigma_scale=0.55, strength=0.12)",M2 Modified Gabor,"{""detail_clip"": 0.1, ""frequencies"": [0.075, 0.095, 0.115, 0.14], ""gamma"": 0.5, ""orientation_bins"": 12, ""orientation_offset"": 1.5707963267948966, ""sigma_scale"": 0.55, ""strength"": 0.12}",27.207857503343792,0.875479294952333,0.0019020163666061496,27.21712897188818,0.8757983317387104,0.0018979602075523106,0.009271468544387318,0.0003190367863773469,-4.056159053839005e-06,0.00035817845491692424,0.17377529999794206
600__M_Right_index_finger.BMP,600,"M2 Modified Gabor (detail_clip=0.1, frequencies=0.075/0.095/0.115/0.14, gamma=0.5, orientation_bins=12, orientation_offset=1.5708, sigma_scale=0.55, strength=0.12)",M2 Modified Gabor,"{""detail_clip"": 0.1, ""frequencies"": [0.075, 0.095, 0.115, 0.14], ""gamma"": 0.5, ""orientation_bins"": 12, ""orientation_offset"": 1.5707963267948966, ""sigma_scale"": 0.55, ""strength"": 0.12}",27.305187216878938,0.8529470467790365,0.0018598643859407287,27.3145195066388,0.8533213622815012,0.0018558721274713943,0.009332289759861112,0.0003743155024646949,-3.992258469334448e-06,0.00026578595861792564,0.1787733000019216
600__M_Right_little_finger.BMP,600,"M2 Modified Gabor (detail_clip=0.1, frequencies=0.075/0.095/0.115/0.14, gamma=0.5, orientation_bins=12, orientation_offset=1.5708, sigma_scale=0.55, strength=0.12)",M2 Modified Gabor,"{""detail_clip"": 0.1, ""frequencies"": [0.075, 0.095, 0.115, 0.14], ""gamma"": 0.5, ""orientation_bins"": 12, ""orientation_offset"": 1.5707963267948966, ""sigma_scale"": 0.55, ""strength"": 0.12}",27.918805267842984,0.7369490548488498,0.001614802723510412,27.928668481548556,0.7373030714234113,0.0016111395242940172,0.009863213705571638,0.00035401657456157754,-3.6631992163947864e-06,0.00021512940293177962,0.18656790000386536
600__M_Right_middle_finger.BMP,600,"M2 Modified Gabor (detail_clip=0.1, frequencies=0.075/0.095/0.115/0.14, gamma=0.5, orientation_bins=12, orientation_offset=1.5708, sigma_scale=0.55, strength=0.12)",M2 Modified Gabor,"{""detail_clip"": 0.1, ""frequencies"": [0.075, 0.095, 0.115, 0.14], ""gamma"": 0.5, ""orientation_bins"": 12, ""orientation_offset"": 1.5707963267948966, ""sigma_scale"": 0.55, ""strength"": 0.12}",27.34016167642271,0.8407204843213558,0.001844946735382432,27.348443184330552,0.8410109297419787,0.0018414319813945719,0.008281507907842212,0.0002904454206228424,-3.514753987860029e-06,0.0002809639263432473,0.23826719999487977
600__M_Right_ring_finger.BMP,600,"M2 Modified Gabor (detail_clip=0.1, frequencies=0.075/0.095/0.115/0.14, gamma=0.5, orientation_bins=12, orientation_offset=1.5708, sigma_scale=0.55, strength=0.12)",M2 Modified Gabor,"{""detail_clip"": 0.1, ""frequencies"": [0.075, 0.095, 0.115, 0.14], ""gamma"": 0.5, ""orientation_bins"": 12, ""orientation_offset"": 1.5707963267948966, ""sigma_scale"": 0.55, ""strength"": 0.12}",27.513543547532386,0.804082875896126,0.0017727424533858249,27.52388965997012,0.804451977401793,0.0017685243101320653,0.010346112437733979,0.00036910150566693556,-4.218143253759609e-06,0.0002648296649567783,0.19676629999594297
600__M_Right_thumb_finger.BMP,600,"M2 Modified Gabor (detail_clip=0.1, frequencies=0.075/0.095/0.115/0.14, gamma=0.5, orientation_bins=12, orientation_offset=1.5708, sigma_scale=0.55, strength=0.12)",M2 Modified Gabor,"{""detail_clip"": 0.1, ""frequencies"": [0.075, 0.095, 0.115, 0.14], ""gamma"": 0.5, ""orientation_bins"": 12, ""orientation_offset"": 1.5707963267948966, ""sigma_scale"": 0.55, ""strength"": 0.12}",27.40887796153935,0.8515884021518827,0.0018159847780061798,27.420373414180666,0.8520114406833053,0.0018111843570467541,0.011495452641316461,0.0004230385314225593,-4.800420959425638e-06,0.0003445814654696733,0.20093150000320747
501__M_Left_index_finger.BMP,501,"M2 Modified Gabor (detail_clip=0.1, frequencies=0.075/0.095/0.115/0.14, gamma=0.5, orientation_bins=12, orientation_offset=1.5708, sigma_scale=0.55, strength=0.12)",M2 Modified Gabor,"{""detail_clip"": 0.1, ""frequencies"": [0.075, 0.095, 0.115, 0.14], ""gamma"": 0.5, ""orientation_bins"": 12, ""orientation_offset"": 1.5707963267948966, ""sigma_scale"": 0.55, ""strength"": 0.12}",27.43685245746518,0.8191895882745981,0.0018043249488174829,27.444197169468847,0.8194589609482884,0.00180127608497221,0.007344712003668263,0.0002693726736903157,-3.0488638452729443e-06,0.00024600958568044007,0.0008369999995920807
501__M_Left_little_finger.BMP,501,"M2 Modified Gabor (detail_clip=0.1, frequencies=0.075/0.095/0.115/0.14, gamma=0.5, orientation_bins=12, orientation_offset=1.5708, sigma_scale=0.55, strength=0.12)",M2 Modified Gabor,"{""detail_clip"": 0.1, ""frequencies"": [0.075, 0.095, 0.115, 0.14], ""gamma"": 0.5, ""orientation_bins"": 12, ""orientation_offset"": 1.5707963267948966, ""sigma_scale"": 0.55, ""strength"": 0.12}",27.58424679240497,0.7924946965949238,0.0017441158175301977,27.597305670489764,0.792984031367451,0.0017388792814938335,0.013058878084795111,0.0004893347725272168,-5.23653603636421e-06,0.000257046427577734,0.1880590000000666
501__M_Left_middle_finger.BMP,501,"M2 Modified Gabor (detail_clip=0.1, frequencies=0.075/0.095/0.115/0.14, gamma=0.5, orientation_bins=12, orientation_offset=1.5708, sigma_scale=0.55, strength=0.12)",M2 Modified Gabor,"{""detail_clip"": 0.1, ""frequencies"": [0.075, 0.095, 0.115, 0.14], ""gamma"": 0.5, ""orientation_bins"": 12, ""orientation_offset"": 1.5707963267948966, ""sigma_scale"": 0.55, ""strength"": 0.12}",27.52430149906059,0.8029155948780179,0.0017683566098870935,27.532886187189533,0.803216520698011,0.0017648645563162983,0.008584688128941309,0.0003009258199930809,-3.492053570795274e-06,0.00024079380091279745,0.18255730000237236
501__M_Left_ring_finger.BMP,501,"M2 Modified Gabor (detail_clip=0.1, frequencies=0.075/0.095/0.115/0.14, gamma=0.5, orientation_bins=12, orientation_offset=1.5708, sigma_scale=0.55, strength=0.12)",M2 Modified Gabor,"{""detail_clip"": 0.1, ""frequencies"": [0.075, 0.095, 0.115, 0.14], ""gamma"": 0.5, ""orientation_bins"": 12, ""orientation_offset"": 1.5707963267948966, ""sigma_scale"": 0.55, ""strength"": 0.12}",27.358389124902512,0.8241556460552215,0.0018372196742751177,27.370788018880834,0.8245900461954176,0.0018319819826483365,0.012398893978321723,0.00043440014019613393,-5.237691626781187e-06,0.00029126618755981326,0.19088499999634223
501__M_Left_thumb_finger.BMP,501,"M2 Modified Gabor (detail_clip=0.1, frequencies=0.075/0.095/0.115/0.14, gamma=0.5, orientation_bins=12, orientation_offset=1.5708, sigma_scale=0.55, strength=0.12)",M2 Modified Gabor,"{""detail_clip"": 0.1, ""frequencies"": [0.075, 0.095, 0.115, 0.14], ""gamma"": 0.5, ""orientation_bins"": 12, ""orientation_offset"": 1.5707963267948966, ""sigma_scale"": 0.55, ""strength"": 0.12}",27.81660114041582,0.7769351523290873,0.0016532551565629702,27.826504419505124,0.7773262125156521,0.0016494895102807366,0.009903279089304107,0.0003910601865648733,-3.7656462822336506e-06,0.00024081161245703697,0.1805887000009534
501__M_Right_index_finger.BMP,501,"M2 Modified Gabor (detail_clip=0.1, frequencies=0.075/0.095/0.115/0.14, gamma=0.5, orientation_bins=12, orientation_offset=1.5708, sigma_scale=0.55, strength=0.12)",M2 Modified Gabor,"{""detail_clip"": 0.1, ""frequencies"": [0.075, 0.095, 0.115, 0.14], ""gamma"": 0.5, ""orientation_bins"": 12, ""orientation_offset"": 1.5707963267948966, ""sigma_scale"": 0.55, ""strength"": 0.12}",27.4909620744602,0.8130318595907092,0.0017819839682411266,27.505927743592927,0.813621039706111,0.001775853868341245,0.01496566913272801,0.0005891801154017662,-6.130099899881577e-06,0.00028390277293510735,0.1898843999952078
501__M_Right_little_finger.BMP,501,"M2 Modified Gabor (detail_clip=0.1, frequencies=0.075/0.095/0.115/0.14, gamma=0.5, orientation_bins=12, orientation_offset=1.5708, sigma_scale=0.55, strength=0.12)",M2 Modified Gabor,"{""detail_clip"": 0.1, ""frequencies"": [0.075, 0.095, 0.115, 0.14], ""gamma"": 0.5, ""orientation_bins"": 12, ""orientation_offset"": 1.5707963267948966, ""sigma_scale"": 0.55, ""strength"": 0.12}",27.573768505254993,0.7845928464406728,0.0017483289520418919,27.58927147237534,0.7851050923986435,0.0017420990854542283,0.015502967120347932,0.000512245957970614,-6.229866587663564e-06,0.0003081946633756161,0.17540359999838984
501__M_Right_middle_finger.BMP,501,"M2 Modified Gabor (detail_clip=0.1, frequencies=0.075/0.095/0.115/0.14, gamma=0.5, orientation_bins=12, orientation_offset=1.5708, sigma_scale=0.55, strength=0.12)",M2 Modified Gabor,"{""detail_clip"": 0.1, ""frequencies"": [0.075, 0.095, 0.115, 0.14], ""gamma"": 0.5, ""orientation_bins"": 12, ""orientation_offset"": 1.5707963267948966, ""sigma_scale"": 0.55, ""strength"": 0.12}",27.491269245747194,0.8174476757915616,0.0017818579351058632,27.503957460494817,0.8178231947812438,0.0017766597106478013,0.01268821474762305,0.00037551898968213315,-5.198224458061824e-06,0.0003083186747971922,0.17317739999998594
501__M_Right_ring_finger.BMP,501,"M2 Modified Gabor (detail_clip=0.1, frequencies=0.075/0.095/0.115/0.14, gamma=0.5, orientation_bins=12, orientation_offset=1.5708, sigma_scale=0.55, strength=0.12)",M2 Modified Gabor,"{""detail_clip"": 0.1, ""frequencies"": [0.075, 0.095, 0.115, 0.14], ""gamma"": 0.5, ""orientation_bins"": 12, ""orientation_offset"": 1.5707963267948966, ""sigma_scale"": 0.55, ""strength"": 0.12}",27.778547761307667,0.7602594677556157,0.0016678048170976419,27.789973592546986,0.760629422128737,0.0016634227648493506,0.011425831239318285,0.0003699543731212618,-4.382052248291237e-06,0.00024407995806541294,0.17097270000522258
501__M_Right_thumb_finger.BMP,501,"M2 Modified Gabor (detail_clip=0.1, frequencies=0.075/0.095/0.115/0.14, gamma=0.5, orientation_bins=12, orientation_offset=1.5708, sigma_scale=0.55, strength=0.12)",M2 Modified Gabor,"{""detail_clip"": 0.1, ""frequencies"": [0.075, 0.095, 0.115, 0.14], ""gamma"": 0.5, ""orientation_bins"": 12, ""orientation_offset"": 1.5707963267948966, ""sigma_scale"": 0.55, ""strength"": 0.12}",27.340959923282963,0.8611186378437876,0.001844607659556476,27.3488552117097,0.8614456510851384,0.001841257287854829,0.007895288426738034,0.0003270132413507598,-3.3503717016469467e-06,0.0002564208989497274,0.2237364999964484
443__M_Left_index_finger.BMP,443,"M2 Modified Gabor (detail_clip=0.1, frequencies=0.075/0.095/0.115/0.14, gamma=0.5, orientation_bins=12, orientation_offset=1.5708, sigma_scale=0.55, strength=0.12)",M2 Modified Gabor,"{""detail_clip"": 0.1, ""frequencies"": [0.075, 0.095, 0.115, 0.14], ""gamma"": 0.5, ""orientation_bins"": 12, ""orientation_offset"": 1.5707963267948966, ""sigma_scale"": 0.55, ""strength"": 0.12}",27.135094969734823,0.8466296955327391,0.0019341515629242856,27.142337349748693,0.8469947605607212,0.0019309288217188314,0.007242380013870786,0.00036506502798205887,-3.2227412054542087e-06,0.00022192412870936096,0.22332349999487633
443__M_Left_little_finger.BMP,443,"M2 Modified Gabor (detail_clip=0.1, frequencies=0.075/0.095/0.115/0.14, gamma=0.5, orientation_bins=12, orientation_offset=1.5708, sigma_scale=0.55, strength=0.12)",M2 Modified Gabor,"{""detail_clip"": 0.1, ""frequencies"": [0.075, 0.095, 0.115, 0.14], ""gamma"": 0.5, ""orientation_bins"": 12, ""orientation_offset"": 1.5707963267948966, ""sigma_scale"": 0.55, ""strength"": 0.12}",27.13340595635713,0.8394890675188899,0.0019349039195231878,27.142894153768626,0.8398747387095093,0.0019306812753980599,0.009488197411496202,0.0003856711906194965,-4.222644125127925e-06,0.00025818636640906334,0.19524510000337614
443__M_Left_middle_finger.BMP,443,"M2 Modified Gabor (detail_clip=0.1, frequencies=0.075/0.095/0.115/0.14, gamma=0.5, orientation_bins=12, orientation_offset=1.5708, sigma_scale=0.55, strength=0.12)",M2 Modified Gabor,"{""detail_clip"": 0.1, ""frequencies"": [0.075, 0.095, 0.115, 0.14], ""gamma"": 0.5, ""orientation_bins"": 12, ""orientation_offset"": 1.5707963267948966, ""sigma_scale"": 0.55, ""strength"": 0.12}",27.14151541310484,0.8253531774876117,0.0019312942998486661,27.148112937155936,0.8256732073217035,0.0019283626284163618,0.006597524051095149,0.0003200298340917396,-2.9316714323043575e-06,0.00020677177235484123,0.18254690000321716
443__M_Left_ring_finger.BMP,443,"M2 Modified Gabor (detail_clip=0.1, frequencies=0.075/0.095/0.115/0.14, gamma=0.5, orientation_bins=12, orientation_offset=1.5708, sigma_scale=0.55, strength=0.12)",M2 Modified Gabor,"{""detail_clip"": 0.1, ""frequencies"": [0.075, 0.095, 0.115, 0.14], ""gamma"": 0.5, ""orientation_bins"": 12, ""orientation_offset"": 1.5707963267948966, ""sigma_scale"": 0.55, ""strength"": 0.12}",27.237265248598867,0.8298590763946772,0.0018891805912286746,27.247652687017517,0.8303198913109898,0.0018846674558866035,0.010387438418650419,0.00046081491631266847,-4.513135342071144e-06,0.00026085073477588594,0.19388880000042263
443__M_Left_thumb_finger.BMP,443,"M2 Modified Gabor (detail_clip=0.1, frequencies=0.075/0.095/0.115/0.14, gamma=0.5, orientation_bins=12, orientation_offset=1.5708, sigma_scale=0.55, strength=0.12)",M2 Modified Gabor,"{""detail_clip"": 0.1, ""frequencies"": [0.075, 0.095, 0.115, 0.14], ""gamma"": 0.5, ""orientation_bins"": 12, ""orientation_offset"": 1.5707963267948966, ""sigma_scale"": 0.55, ""strength"": 0.12}",26.800304933742755,0.8761664312357903,0.00208914943902406,26.80552125405317,0.8764274897703528,0.002086641663513527,0.005216320310413636,0.00026105853456248607,-2.507775510533078e-06,0.0002899524406529963,0.0007470999989891425
443__M_Right_index_finger.BMP,443,"M2 Modified Gabor (detail_clip=0.1, frequencies=0.075/0.095/0.115/0.14, gamma=0.5, orientation_bins=12, orientation_offset=1.5708, sigma_scale=0.55, strength=0.12)",M2 Modified Gabor,"{""detail_clip"": 0.1, ""frequencies"": [0.075, 0.095, 0.115, 0.14], ""gamma"": 0.5, ""orientation_bins"": 12, ""orientation_offset"": 1.5707963267948966, ""sigma_scale"": 0.55, ""strength"": 0.12}",27.35710649714296,0.896552869089663,0.0018377623514359127,27.369549739915307,0.8969327957882881,0.0018325043996447509,0.012443242772345542,0.0003799266986250771,-5.257951791161775e-06,0.0002823951654136181,0.18248619999940274
443__M_Right_little_finger.BMP,443,"M2 Modified Gabor (detail_clip=0.1, frequencies=0.075/0.095/0.115/0.14, gamma=0.5, orientation_bins=12, orientation_offset=1.5708, sigma_scale=0.55, strength=0.12)",M2 Modified Gabor,"{""detail_clip"": 0.1, ""frequencies"": [0.075, 0.095, 0.115, 0.14], ""gamma"": 0.5, ""orientation_bins"": 12, ""orientation_offset"": 1.5707963267948966, ""sigma_scale"": 0.55, ""strength"": 0.12}",27.00440155233622,0.8630209608132839,0.0019932411512218785,27.013959992088687,0.8633901150317193,0.0019888590267808474,0.009558439752467507,0.00036915421843530805,-4.382124441031088e-06,0.0002763316733762622,0.18681259999721078
443__M_Right_middle_finger.BMP,443,"M2 Modified Gabor (detail_clip=0.1, frequencies=0.075/0.095/0.115/0.14, gamma=0.5, orientation_bins=12, orientation_offset=1.5708, sigma_scale=0.55, strength=0.12)",M2 Modified Gabor,"{""detail_clip"": 0.1, ""frequencies"": [0.075, 0.095, 0.115, 0.14], ""gamma"": 0.5, ""orientation_bins"": 12, ""orientation_offset"": 1.5707963267948966, ""sigma_scale"": 0.55, ""strength"": 0.12}",27.064112289055643,0.8992271602718234,0.001966023800672798,27.071450397185842,0.8995080688194632,0.0019627046901588134,0.0073381081301988615,0.0002809085476398465,-3.3191105139845738e-06,0.00023676425917074084,0.1876161999971373
443__M_Right_ring_finger.BMP,443,"M2 Modified Gabor (detail_clip=0.1, frequencies=0.075/0.095/0.115/0.14, gamma=0.5, orientation_bins=12, orientation_offset=1.5708, sigma_scale=0.55, strength=0.12)",M2 Modified Gabor,"{""detail_clip"": 0.1, ""frequencies"": [0.075, 0.095, 0.115, 0.14], ""gamma"": 0.5, ""orientation_bins"": 12, ""orientation_offset"": 1.5707963267948966, ""sigma_scale"": 0.55, ""strength"": 0.12}",26.925258364749403,0.8801929126424491,0.0020298977562655464,26.93418600323655,0.8805652022412718,0.002025729253033726,0.008927638487147505,0.00037228959882262824,-4.168503231820504e-06,0.00034813483944162726,0.2681998999978532
443__M_Right_thumb_finger.BMP,443,"M2 Modified Gabor (detail_clip=0.1, frequencies=0.075/0.095/0.115/0.14, gamma=0.5, orientation_bins=12, orientation_offset=1.5708, sigma_scale=0.55, strength=0.12)",M2 Modified Gabor,"{""detail_clip"": 0.1, ""frequencies"": [0.075, 0.095, 0.115, 0.14], ""gamma"": 0.5, ""orientation_bins"": 12, ""orientation_offset"": 1.5707963267948966, ""sigma_scale"": 0.55, ""strength"": 0.12}",27.180918571542815,0.9082978897159397,0.001913851085644088,27.189534952620733,0.9085565762206018,0.0019100577787350703,0.008616381077917623,0.00025868650466209786,-3.7933069090177133e-06,0.00032097604707814753,0.2498665999955847
572__F_Left_index_finger.BMP,572,"M2 Modified Gabor (detail_clip=0.1, frequencies=0.075/0.095/0.115/0.14, gamma=0.5, orientation_bins=12, orientation_offset=1.5708, sigma_scale=0.55, strength=0.12)",M2 Modified Gabor,"{""detail_clip"": 0.1, ""frequencies"": [0.075, 0.095, 0.115, 0.14], ""gamma"": 0.5, ""orientation_bins"": 12, ""orientation_offset"": 1.5707963267948966, ""sigma_scale"": 0.55, ""strength"": 0.12}",27.6241298412811,0.7974931483537555,0.001728172204909599,27.63886711457165,0.7980289716476202,0.0017223177942013816,0.014737273290549524,0.0005358232938647012,-5.854410708217451e-06,0.0002489783219061792,0.23741190000146162
572__F_Left_little_finger.BMP,572,"M2 Modified Gabor (detail_clip=0.1, frequencies=0.075/0.095/0.115/0.14, gamma=0.5, orientation_bins=12, orientation_offset=1.5708, sigma_scale=0.55, strength=0.12)",M2 Modified Gabor,"{""detail_clip"": 0.1, ""frequencies"": [0.075, 0.095, 0.115, 0.14], ""gamma"": 0.5, ""orientation_bins"": 12, ""orientation_offset"": 1.5707963267948966, ""sigma_scale"": 0.55, ""strength"": 0.12}",27.812594150599153,0.7617954299381375,0.0016547812255908382,27.824479623434183,0.7622335418823362,0.0016502587253433237,0.011885472835029276,0.000438111944198627,-4.5225002475144955e-06,0.0002140738070011139,0.22410830000444548
572__F_Left_middle_finger.BMP,572,"M2 Modified Gabor (detail_clip=0.1, frequencies=0.075/0.095/0.115/0.14, gamma=0.5, orientation_bins=12, orientation_offset=1.5708, sigma_scale=0.55, strength=0.12)",M2 Modified Gabor,"{""detail_clip"": 0.1, ""frequencies"": [0.075, 0.095, 0.115, 0.14], ""gamma"": 0.5, ""orientation_bins"": 12, ""orientation_offset"": 1.5707963267948966, ""sigma_scale"": 0.55, ""strength"": 0.12}",27.320467020532956,0.8414032366846502,0.0018533323137710088,27.336967314538157,0.8419952883214653,0.0018463042464034426,0.016500294005201255,0.000592051636815083,-7.0280673675662386e-06,0.000342955143423751,0.2589600999999675
572__F_Left_ring_finger.BMP,572,"M2 Modified Gabor (detail_clip=0.1, frequencies=0.075/0.095/0.115/0.14, gamma=0.5, orientation_bins=12, orientation_offset=1.5708, sigma_scale=0.55, strength=0.12)",M2 Modified Gabor,"{""detail_clip"": 0.1, ""frequencies"": [0.075, 0.095, 0.115, 0.14], ""gamma"": 0.5, ""orientation_bins"": 12, ""orientation_offset"": 1.5707963267948966, ""sigma_scale"": 0.55, ""strength"": 0.12}",27.400851017810083,0.8340889724407196,0.0018193443157140715,27.41499665143793,0.8346141634344757,0.0018134280740866164,0.014145633627848042,0.0005251909937561416,-5.916241627455148e-06,0.00030953017994761467,0.2432379999954719
572__F_Left_thumb_finger.BMP,572,"M2 Modified Gabor (detail_clip=0.1, frequencies=0.075/0.095/0.115/0.14, gamma=0.5, orientation_bins=12, orientation_offset=1.5708, sigma_scale=0.55, strength=0.12)",M2 Modified Gabor,"{""detail_clip"": 0.1, ""frequencies"": [0.075, 0.095, 0.115, 0.14], ""gamma"": 0.5, ""orientation_bins"": 12, ""orientation_offset"": 1.5707963267948966, ""sigma_scale"": 0.55, ""strength"": 0.12}",27.305828412733867,0.834587592176944,0.0018595898143411753,27.313101749516775,0.8348271528061927,0.0018564780770188142,0.007273336782908757,0.0002395606292486807,-3.1117373223610214e-06,0.00021464900055434555,0.30121499999950174
572__F_Right_index_finger.BMP,572,"M2 Modified Gabor (detail_clip=0.1, frequencies=0.075/0.095/0.115/0.14, gamma=0.5, orientation_bins=12, orientation_offset=1.5708, sigma_scale=0.55, strength=0.12)",M2 Modified Gabor,"{""detail_clip"": 0.1, ""frequencies"": [0.075, 0.095, 0.115, 0.14], ""gamma"": 0.5, ""orientation_bins"": 12, ""orientation_offset"": 1.5707963267948966, ""sigma_scale"": 0.55, ""strength"": 0.12}",27.46236185610437,0.8347724638455808,0.0017937578488015497,27.4748638401558,0.8352558171459734,0.0017886016043996119,0.012501984051429105,0.00048335330039261937,-5.156244401937791e-06,0.000280982960248366,0.24391930000274442
572__F_Right_little_finger.BMP,572,"M2 Modified Gabor (detail_clip=0.1, frequencies=0.075/0.095/0.115/0.14, gamma=0.5, orientation_bins=12, orientation_offset=1.5708, sigma_scale=0.55, strength=0.12)",M2 Modified Gabor,"{""detail_clip"": 0.1, ""frequencies"": [0.075, 0.095, 0.115, 0.14], ""gamma"": 0.5, ""orientation_bins"": 12, ""orientation_offset"": 1.5707963267948966, ""sigma_scale"": 0.55, ""strength"": 0.12}",27.974544939353972,0.7329479814072252,0.001594209915804351,27.9934237161261,0.7335780353133082,0.0015872949275120428,0.01887877677212657,0.0006300539060830612,-6.914988292308242e-06,0.00027807397418655455,0.18526900000142632
572__F_Right_middle_finger.BMP,572,"M2 Modified Gabor (detail_clip=0.1, frequencies=0.075/0.095/0.115/0.14, gamma=0.5, orientation_bins=12, orientation_offset=1.5708, sigma_scale=0.55, strength=0.12)",M2 Modified Gabor,"{""detail_clip"": 0.1, ""frequencies"": [0.075, 0.095, 0.115, 0.14], ""gamma"": 0.5, ""orientation_bins"": 12, ""orientation_offset"": 1.5707963267948966, ""sigma_scale"": 0.55, ""strength"": 0.12}",27.286906419383943,0.8481148620772362,0.0018677096301195127,27.300034131088665,0.8486293050406575,0.0018620725026267295,0.0131277117047226,0.000514442963421291,-5.6371274927832175e-06,0.0002648642403073609,0.17740729999786709
572__F_Right_ring_finger.BMP,572,"M2 Modified Gabor (detail_clip=0.1, frequencies=0.075/0.095/0.115/0.14, gamma=0.5, orientation_bins=12, orientation_offset=1.5708, sigma_scale=0.55, strength=0.12)",M2 Modified Gabor,"{""detail_clip"": 0.1, ""frequencies"": [0.075, 0.095, 0.115, 0.14], ""gamma"": 0.5, ""orientation_bins"": 12, ""orientation_offset"": 1.5707963267948966, ""sigma_scale"": 0.55, ""strength"": 0.12}",27.675962306992894,0.7896063315761983,0.0017076692938429667,27.6904961556215,0.7901576729409695,0.001701964058014375,0.014533848628605739,0.0005513413647711962,-5.705235828591627e-06,0.0002994144451804459,0.20573290000174893
572__F_Right_thumb_finger.BMP,572,"M2 Modified Gabor (detail_clip=0.1, frequencies=0.075/0.095/0.115/0.14, gamma=0.5, orientation_bins=12, orientation_offset=1.5708, sigma_scale=0.55, strength=0.12)",M2 Modified Gabor,"{""detail_clip"": 0.1, ""frequencies"": [0.075, 0.095, 0.115, 0.14], ""gamma"": 0.5, ""orientation_bins"": 12, ""orientation_offset"": 1.5707963267948966, ""sigma_scale"": 0.55, ""strength"": 0.12}",27.222879613560988,0.8812139176847636,0.0018954487167133127,27.229526737187225,0.881439192529887,0.0018925498438445783,0.006647123626237317,0.00022527484512335771,-2.8988728687344163e-06,0.00024192946148104966,0.20305480000388343
29__F_Left_index_finger.BMP,29,"M2 Modified Gabor (detail_clip=0.1, frequencies=0.075/0.095/0.115/0.14, gamma=0.5, orientation_bins=12, orientation_offset=1.5708, sigma_scale=0.55, strength=0.12)",M2 Modified Gabor,"{""detail_clip"": 0.1, ""frequencies"": [0.075, 0.095, 0.115, 0.14], ""gamma"": 0.5, ""orientation_bins"": 12, ""orientation_offset"": 1.5707963267948966, ""sigma_scale"": 0.55, ""strength"": 0.12}",27.623691427691885,0.7954367920094132,0.0017283466700372958,27.631292950044333,0.7957471998633147,0.0017253241645210614,0.0076015223524485975,0.0003104078539014621,-3.0225055162344354e-06,0.00019211451581213623,0.21783429999777582
29__F_Left_little_finger.BMP,29,"M2 Modified Gabor (detail_clip=0.1, frequencies=0.075/0.095/0.115/0.14, gamma=0.5, orientation_bins=12, orientation_offset=1.5708, sigma_scale=0.55, strength=0.12)",M2 Modified Gabor,"{""detail_clip"": 0.1, ""frequencies"": [0.075, 0.095, 0.115, 0.14], ""gamma"": 0.5, ""orientation_bins"": 12, ""orientation_offset"": 1.5707963267948966, ""sigma_scale"": 0.55, ""strength"": 0.12}",27.41274074675311,0.8241425118806959,0.0018143702881231619,27.41963097186379,0.8243645196766257,0.0018114940121111414,0.006890225110680603,0.0002220077959298461,-2.8762760120204945e-06,0.0002078455436276272,0.20892520000052173
29__F_Left_middle_finger.BMP,29,"M2 Modified Gabor (detail_clip=0.1, frequencies=0.075/0.095/0.115/0.14, gamma=0.5, orientation_bins=12, orientation_offset=1.5708, sigma_scale=0.55, strength=0.12)",M2 Modified Gabor,"{""detail_clip"": 0.1, ""frequencies"": [0.075, 0.095, 0.115, 0.14], ""gamma"": 0.5, ""orientation_bins"": 12, ""orientation_offset"": 1.5707963267948966, ""sigma_scale"": 0.55, ""strength"": 0.12}",27.14871397879486,0.8713243151237965,0.0019280957712296085,27.1559183668027,0.8716017526000738,0.0019248999592833076,0.00720438800784251,0.0002774374762772869,-3.195811946300883e-06,0.0002852860779967159,0.23594080000475515
29__F_Left_ring_finger.BMP,29,"M2 Modified Gabor (detail_clip=0.1, frequencies=0.075/0.095/0.115/0.14, gamma=0.5, orientation_bins=12, orientation_offset=1.5708, sigma_scale=0.55, strength=0.12)",M2 Modified Gabor,"{""detail_clip"": 0.1, ""frequencies"": [0.075, 0.095, 0.115, 0.14], ""gamma"": 0.5, ""orientation_bins"": 12, ""orientation_offset"": 1.5707963267948966, ""sigma_scale"": 0.55, ""strength"": 0.12}",27.068069623154493,0.8852838855306506,0.0019642331563697636,27.078268767680115,0.8856914891682863,0.0019596256853219992,0.010199144525621762,0.0004076036376357006,-4.607471047764385e-06,0.0002958321711048484,0.18260319999535568
29__F_Left_thumb_finger.BMP,29,"M2 Modified Gabor (detail_clip=0.1, frequencies=0.075/0.095/0.115/0.14, gamma=0.5, orientation_bins=12, orientation_offset=1.5708, sigma_scale=0.55, strength=0.12)",M2 Modified Gabor,"{""detail_clip"": 0.1, ""frequencies"": [0.075, 0.095, 0.115, 0.14], ""gamma"": 0.5, ""orientation_bins"": 12, ""orientation_offset"": 1.5707963267948966, ""sigma_scale"": 0.55, ""strength"": 0.12}",27.00724258759245,0.8884813020378352,0.0019919376539917696,27.00957895243612,0.8886064368000328,0.001990866343693949,0.0023363648436678375,0.00012513476219766506,-1.0713102978204825e-06,0.00017970522458199412,0.2126027999984217
29__F_Right_index_finger.BMP,29,"M2 Modified Gabor (detail_clip=0.1, frequencies=0.075/0.095/0.115/0.14, gamma=0.5, orientation_bins=12, orientation_offset=1.5708, sigma_scale=0.55, strength=0.12)",M2 Modified Gabor,"{""detail_clip"": 0.1, ""frequencies"": [0.075, 0.095, 0.115, 0.14], ""gamma"": 0.5, ""orientation_bins"": 12, ""orientation_offset"": 1.5707963267948966, ""sigma_scale"": 0.55, ""strength"": 0.12}",27.13446795737326,0.8550214416386783,0.001934430826082868,27.141554912743494,0.855275556147337,0.0019312767345598496,0.0070869553702337384,0.0002541145086586427,-3.1540915230183347e-06,0.00025956262834370136,0.0008388999995077029
29__F_Right_little_finger.BMP,29,"M2 Modified Gabor (detail_clip=0.1, frequencies=0.075/0.095/0.115/0.14, gamma=0.5, orientation_bins=12, orientation_offset=1.5708, sigma_scale=0.55, strength=0.12)",M2 Modified Gabor,"{""detail_clip"": 0.1, ""frequencies"": [0.075, 0.095, 0.115, 0.14], ""gamma"": 0.5, ""orientation_bins"": 12, ""orientation_offset"": 1.5707963267948966, ""sigma_scale"": 0.55, ""strength"": 0.12}",27.241294751244425,0.8476442870678902,0.0018874285708654986,27.248214549223885,0.8479217910939157,0.0018844236455312397,0.006919797979460185,0.0002775040260255546,-3.004925334258897e-06,0.00021127087529748678,0.17730390000360785
29__F_Right_middle_finger.BMP,29,"M2 Modified Gabor (detail_clip=0.1, frequencies=0.075/0.095/0.115/0.14, gamma=0.5, orientation_bins=12, orientation_offset=1.5708, sigma_scale=0.55, strength=0.12)",M2 Modified Gabor,"{""detail_clip"": 0.1, ""frequencies"": [0.075, 0.095, 0.115, 0.14], ""gamma"": 0.5, ""orientation_bins"": 12, ""orientation_offset"": 1.5707963267948966, ""sigma_scale"": 0.55, ""strength"": 0.12}",27.250855791884682,0.83831398543185,0.0018832779466694744,27.25818228086255,0.8386224056476355,0.0018801035606545965,0.0073264889778670295,0.0003084202157854765,-3.1743860148779335e-06,0.00019990865257568657,0.2226756999953068
29__F_Right_ring_finger.BMP,29,"M2 Modified Gabor (detail_clip=0.1, frequencies=0.075/0.095/0.115/0.14, gamma=0.5, orientation_bins=12, orientation_offset=1.5708, sigma_scale=0.55, strength=0.12)",M2 Modified Gabor,"{""detail_clip"": 0.1, ""frequencies"": [0.075, 0.095, 0.115, 0.14], ""gamma"": 0.5, ""orientation_bins"": 12, ""orientation_offset"": 1.5707963267948966, ""sigma_scale"": 0.55, ""strength"": 0.12}",26.977191599302174,0.8919698833798766,0.002005768654746689,26.983639454427866,0.8922637005687356,0.002002792952678575,0.00644785512569257,0.00029381718885901353,-2.9757020681138273e-06,0.00023361675266642123,0.21133800000097835
29__F_Right_thumb_finger.BMP,29,"M2 Modified Gabor (detail_clip=0.1, frequencies=0.075/0.095/0.115/0.14, gamma=0.5, orientation_bins=12, orientation_offset=1.5708, sigma_scale=0.55, strength=0.12)",M2 Modified Gabor,"{""detail_clip"": 0.1, ""frequencies"": [0.075, 0.095, 0.115, 0.14], ""gamma"": 0.5, ""orientation_bins"": 12, ""orientation_offset"": 1.5707963267948966, ""sigma_scale"": 0.55, ""strength"": 0.12}",26.97520674425169,0.9095325257153511,0.0020066855602344016,26.97885433373665,0.9096875362329782,0.002005000875647096,0.003647589484959468,0.0001550105176270078,-1.684684587305741e-06,0.00019815097039099783,0.2277200000025914
236__M_Left_index_finger.BMP,236,"M2 Modified Gabor (detail_clip=0.1, frequencies=0.075/0.095/0.115/0.14, gamma=0.5, orientation_bins=12, orientation_offset=1.5708, sigma_scale=0.55, strength=0.12)",M2 Modified Gabor,"{""detail_clip"": 0.1, ""frequencies"": [0.075, 0.095, 0.115, 0.14], ""gamma"": 0.5, ""orientation_bins"": 12, ""orientation_offset"": 1.5707963267948966, ""sigma_scale"": 0.55, ""strength"": 0.12}",27.230110186596267,0.8644258776392341,0.0018922956078444896,27.240231786704822,0.864833724136591,0.0018878905880610661,0.010121600108554674,0.0004078464973569229,-4.405019783423458e-06,0.0003065122873522341,0.2349404000051436
236__M_Left_little_finger.BMP,236,"M2 Modified Gabor (detail_clip=0.1, frequencies=0.075/0.095/0.115/0.14, gamma=0.5, orientation_bins=12, orientation_offset=1.5708, sigma_scale=0.55, strength=0.12)",M2 Modified Gabor,"{""detail_clip"": 0.1, ""frequencies"": [0.075, 0.095, 0.115, 0.14], ""gamma"": 0.5, ""orientation_bins"": 12, ""orientation_offset"": 1.5707963267948966, ""sigma_scale"": 0.55, ""strength"": 0.12}",27.487337971316265,0.8122688657089174,0.001783471619891689,27.500453447316726,0.812809305833906,0.0017780937493948022,0.013115476000461257,0.0005404401249885504,-5.377870496886799e-06,0.00023889896692708135,0.1974259999988135
236__M_Left_middle_finger.BMP,236,"M2 Modified Gabor (detail_clip=0.1, frequencies=0.075/0.095/0.115/0.14, gamma=0.5, orientation_bins=12, orientation_offset=1.5708, sigma_scale=0.55, strength=0.12)",M2 Modified Gabor,"{""detail_clip"": 0.1, ""frequencies"": [0.075, 0.095, 0.115, 0.14], ""gamma"": 0.5, ""orientation_bins"": 12, ""orientation_offset"": 1.5707963267948966, ""sigma_scale"": 0.55, ""strength"": 0.12}",27.268425888389103,0.8386161139320135,0.0018756742278643796,27.27641919301695,0.8389408911361694,0.0018722251749253788,0.007993304627845532,0.0003247772041559127,-3.449052939000826e-06,0.00020637887064367533,0.24709360000269953
236__M_Left_ring_finger.BMP,236,"M2 Modified Gabor (detail_clip=0.1, frequencies=0.075/0.095/0.115/0.14, gamma=0.5, orientation_bins=12, orientation_offset=1.5708, sigma_scale=0.55, strength=0.12)",M2 Modified Gabor,"{""detail_clip"": 0.1, ""frequencies"": [0.075, 0.095, 0.115, 0.14], ""gamma"": 0.5, ""orientation_bins"": 12, ""orientation_offset"": 1.5707963267948966, ""sigma_scale"": 0.55, ""strength"": 0.12}",27.080380833903757,0.8716979291836321,0.00195867290946392,27.092541807254158,0.8721959396380782,0.0019531959688076322,0.012160973350400894,0.000498010454446085,-5.47694065628759e-06,0.0003064173215534538,0.1832226999977138
236__M_Left_thumb_finger.BMP,236,"M2 Modified Gabor (detail_clip=0.1, frequencies=0.075/0.095/0.115/0.14, gamma=0.5, orientation_bins=12, orientation_offset=1.5708, sigma_scale=0.55, strength=0.12)",M2 Modified Gabor,"{""detail_clip"": 0.1, ""frequencies"": [0.075, 0.095, 0.115, 0.14], ""gamma"": 0.5, ""orientation_bins"": 12, ""orientation_offset"": 1.5707963267948966, ""sigma_scale"": 0.55, ""strength"": 0.12}",27.252487499118946,0.8528684914248585,0.0018825705047901583,27.26191923905293,0.8532284476941526,0.0018784864904874017,0.009431739933983607,0.00035995626929408164,-4.084014302756581e-06,0.0003575849696062505,0.18848459999571787
236__M_Right_index_finger.BMP,236,"M2 Modified Gabor (detail_clip=0.1, frequencies=0.075/0.095/0.115/0.14, gamma=0.5, orientation_bins=12, orientation_offset=1.5708, sigma_scale=0.55, strength=0.12)",M2 Modified Gabor,"{""detail_clip"": 0.1, ""frequencies"": [0.075, 0.095, 0.115, 0.14], ""gamma"": 0.5, ""orientation_bins"": 12, ""orientation_offset"": 1.5707963267948966, ""sigma_scale"": 0.55, ""strength"": 0.12}",27.53921246464294,0.857044079580307,0.0017622955863351969,27.55084249888484,0.8573772488237024,0.0017575826229723466,0.011630034241900233,0.00033316924339532594,-4.712963362850245e-06,0.0002946235181298107,0.27170009999827016
236__M_Right_little_finger.BMP,236,"M2 Modified Gabor (detail_clip=0.1, frequencies=0.075/0.095/0.115/0.14, gamma=0.5, orientation_bins=12, orientation_offset=1.5708, sigma_scale=0.55, strength=0.12)",M2 Modified Gabor,"{""detail_clip"": 0.1, ""frequencies"": [0.075, 0.095, 0.115, 0.14], ""gamma"": 0.5, ""orientation_bins"": 12, ""orientation_offset"": 1.5707963267948966, ""sigma_scale"": 0.55, ""strength"": 0.12}",27.254971723082324,0.8556590841823817,0.0018814939565873446,27.263287284325706,0.8559849241455794,0.001877894852795573,0.008315561243382064,0.0003258399631976827,-3.5991037917715817e-06,0.00024597803712822497,0.21858349999820348
236__M_Right_middle_finger.BMP,236,"M2 Modified Gabor (detail_clip=0.1, frequencies=0.075/0.095/0.115/0.14, gamma=0.5, orientation_bins=12, orientation_offset=1.5708, sigma_scale=0.55, strength=0.12)",M2 Modified Gabor,"{""detail_clip"": 0.1, ""frequencies"": [0.075, 0.095, 0.115, 0.14], ""gamma"": 0.5, ""orientation_bins"": 12, ""orientation_offset"": 1.5707963267948966, ""sigma_scale"": 0.55, ""strength"": 0.12}",27.369746618381576,0.870484657946229,0.0018324213287117393,27.376433697313516,0.8706622943152785,0.0018296020165465394,0.0066870789319395385,0.00017763636904954971,-2.8193121651999813e-06,0.00020334075088612735,0.20636569999624044
236__M_Right_ring_finger.BMP,236,"M2 Modified Gabor (detail_clip=0.1, frequencies=0.075/0.095/0.115/0.14, gamma=0.5, orientation_bins=12, orientation_offset=1.5708, sigma_scale=0.55, strength=0.12)",M2 Modified Gabor,"{""detail_clip"": 0.1, ""frequencies"": [0.075, 0.095, 0.115, 0.14], ""gamma"": 0.5, ""orientation_bins"": 12, ""orientation_offset"": 1.5707963267948966, ""sigma_scale"": 0.55, ""strength"": 0.12}",27.35531229242566,0.8474338980606199,0.001838521744710349,27.361683260523808,0.8476948002017141,0.0018358266664528062,0.006370968098149632,0.0002609021410941992,-2.6950782575428482e-06,0.00022477358288597316,0.31661560000065947
236__M_Right_thumb_finger.BMP,236,"M2 Modified Gabor (detail_clip=0.1, frequencies=0.075/0.095/0.115/0.14, gamma=0.5, orientation_bins=12, orientation_offset=1.5708, sigma_scale=0.55, strength=0.12)",M2 Modified Gabor,"{""detail_clip"": 0.1, ""frequencies"": [0.075, 0.095, 0.115, 0.14], ""gamma"": 0.5, ""orientation_bins"": 12, ""orientation_offset"": 1.5707963267948966, ""sigma_scale"": 0.55, ""strength"": 0.12}",27.43324241478733,0.8936245013394952,0.0018058254049184786,27.44203288746788,0.893949132388711,0.0018021739644349809,0.008790472680551886,0.00032463104921576225,-3.6514404834976817e-06,0.0003618900664150715,0.24104559999977937
71__M_Left_index_finger.BMP,71,"M2 Modified Gabor (detail_clip=0.1, frequencies=0.075/0.095/0.115/0.14, gamma=0.5, orientation_bins=12, orientation_offset=1.5708, sigma_scale=0.55, strength=0.12)",M2 Modified Gabor,"{""detail_clip"": 0.1, ""frequencies"": [0.075, 0.095, 0.115, 0.14], ""gamma"": 0.5, ""orientation_bins"": 12, ""orientation_offset"": 1.5707963267948966, ""sigma_scale"": 0.55, ""strength"": 0.12}",27.400723074409225,0.852191063885957,0.0018193979144903785,27.415843431081967,0.8527454446947574,0.0018130745295791382,0.015120356672742474,0.0005543808088004365,-6.3233849112403866e-06,0.00031447611399926245,0.26737230000435375
71__M_Left_little_finger.BMP,71,"M2 Modified Gabor (detail_clip=0.1, frequencies=0.075/0.095/0.115/0.14, gamma=0.5, orientation_bins=12, orientation_offset=1.5708, sigma_scale=0.55, strength=0.12)",M2 Modified Gabor,"{""detail_clip"": 0.1, ""frequencies"": [0.075, 0.095, 0.115, 0.14], ""gamma"": 0.5, ""orientation_bins"": 12, ""orientation_offset"": 1.5707963267948966, ""sigma_scale"": 0.55, ""strength"": 0.12}",27.71066654139068,0.7914544510637522,0.0016940777788120003,27.720341603377847,0.7918139790072442,0.0016903079717171593,0.009675061987167055,0.00035952794349192185,-3.7698070948410847e-06,0.00020899955416098237,0.0011866000058944337
71__M_Left_middle_finger.BMP,71,"M2 Modified Gabor (detail_clip=0.1, frequencies=0.075/0.095/0.115/0.14, gamma=0.5, orientation_bins=12, orientation_offset=1.5708, sigma_scale=0.55, strength=0.12)",M2 Modified Gabor,"{""detail_clip"": 0.1, ""frequencies"": [0.075, 0.095, 0.115, 0.14], ""gamma"": 0.5, ""orientation_bins"": 12, ""orientation_offset"": 1.5707963267948966, ""sigma_scale"": 0.55, ""strength"": 0.12}",27.324002819836846,0.8594442137144804,0.0018518240412643122,27.334831938385065,0.8598190795744062,0.0018472122762395616,0.01082911854821944,0.00037486585992574373,-4.611765024750648e-06,0.00028182921232655644,0.2418379000009736
71__M_Left_ring_finger.BMP,71,"M2 Modified Gabor (detail_clip=0.1, frequencies=0.075/0.095/0.115/0.14, gamma=0.5, orientation_bins=12, orientation_offset=1.5708, sigma_scale=0.55, strength=0.12)",M2 Modified Gabor,"{""detail_clip"": 0.1, ""frequencies"": [0.075, 0.095, 0.115, 0.14], ""gamma"": 0.5, ""orientation_bins"": 12, ""orientation_offset"": 1.5707963267948966, ""sigma_scale"": 0.55, ""strength"": 0.12}",27.206743096008278,0.8708310496015549,0.0019025044899998523,27.216168566624322,0.8711515578534007,0.0018983799717018236,0.009425470616044151,0.0003205082518458191,-4.124518298028726e-06,0.00025309243937954307,0.3256413999988581
71__M_Left_thumb_finger.BMP,71,"M2 Modified Gabor (detail_clip=0.1, frequencies=0.075/0.095/0.115/0.14, gamma=0.5, orientation_bins=12, orientation_offset=1.5708, sigma_scale=0.55, strength=0.12)",M2 Modified Gabor,"{""detail_clip"": 0.1, ""frequencies"": [0.075, 0.095, 0.115, 0.14], ""gamma"": 0.5, ""orientation_bins"": 12, ""orientation_offset"": 1.5707963267948966, ""sigma_scale"": 0.55, ""strength"": 0.12}",27.216405175825415,0.8884816764104366,0.0018982765483447198,27.227312852792775,0.8888290514883697,0.0018935148468209916,0.010907676967359947,0.000347375077933032,-4.761701523728259e-06,0.0003221913648303598,0.2870986999987508
71__M_Right_index_finger.BMP,71,"M2 Modified Gabor (detail_clip=0.1, frequencies=0.075/0.095/0.115/0.14, gamma=0.5, orientation_bins=12, orientation_offset=1.5708, sigma_scale=0.55, strength=0.12)",M2 Modified Gabor,"{""detail_clip"": 0.1, ""frequencies"": [0.075, 0.095, 0.115, 0.14], ""gamma"": 0.5, ""orientation_bins"": 12, ""orientation_offset"": 1.5707963267948966, ""sigma_scale"": 0.55, ""strength"": 0.12}",27.699973363822046,0.8149432333825231,0.0016982540681729117,27.70888731381926,0.8152439140634239,0.0016947719546590479,0.008913949997214843,0.00030068068090083333,-3.4821135138638545e-06,0.00024866702733561397,0.20123210000019753
71__M_Right_little_finger.BMP,71,"M2 Modified Gabor (detail_clip=0.1, frequencies=0.075/0.095/0.115/0.14, gamma=0.5, orientation_bins=12, orientation_offset=1.5708, sigma_scale=0.55, strength=0.12)",M2 Modified Gabor,"{""detail_clip"": 0.1, ""frequencies"": [0.075, 0.095, 0.115, 0.14], ""gamma"": 0.5, ""orientation_bins"": 12, ""orientation_offset"": 1.5707963267948966, ""sigma_scale"": 0.55, ""strength"": 0.12}",27.569618878214843,0.8136471458607912,0.0017500002558434424,27.587459828751314,0.8142857963796258,0.0017428259473402771,0.0178409505364705,0.0006386505188346048,-7.174308503165271e-06,0.00035285449121147394,0.18375680000463035
71__M_Right_middle_finger.BMP,71,"M2 Modified Gabor (detail_clip=0.1, frequencies=0.075/0.095/0.115/0.14, gamma=0.5, orientation_bins=12, orientation_offset=1.5708, sigma_scale=0.55, strength=0.12)",M2 Modified Gabor,"{""detail_clip"": 0.1, ""frequencies"": [0.075, 0.095, 0.115, 0.14], ""gamma"": 0.5, ""orientation_bins"": 12, ""orientation_offset"": 1.5707963267948966, ""sigma_scale"": 0.55, ""strength"": 0.12}",27.378813624145167,0.8729499959701598,0.0018285996722272328,27.38923368522748,0.8732870196652412,0.0018242175580180711,0.010420061082314191,0.0003370236950814842,-4.3821142091616996e-06,0.0003151083074044436,0.1999625999960699
71__M_Right_ring_finger.BMP,71,"M2 Modified Gabor (detail_clip=0.1, frequencies=0.075/0.095/0.115/0.14, gamma=0.5, orientation_bins=12, orientation_offset=1.5708, sigma_scale=0.55, strength=0.12)",M2 Modified Gabor,"{""detail_clip"": 0.1, ""frequencies"": [0.075, 0.095, 0.115, 0.14], ""gamma"": 0.5, ""orientation_bins"": 12, ""orientation_offset"": 1.5707963267948966, ""sigma_scale"": 0.55, ""strength"": 0.12}",27.672722631596756,0.8099496431675554,0.0017089436269009956,27.685788253398954,0.810396099848032,0.0017038100462289168,0.01306562180219828,0.0004464566804766035,-5.133580672078827e-06,0.00025997948250733316,0.1938185999970301
71__M_Right_thumb_finger.BMP,71,"M2 Modified Gabor (detail_clip=0.1, frequencies=0.075/0.095/0.115/0.14, gamma=0.5, orientation_bins=12, orientation_offset=1.5708, sigma_scale=0.55, strength=0.12)",M2 Modified Gabor,"{""detail_clip"": 0.1, ""frequencies"": [0.075, 0.095, 0.115, 0.14], ""gamma"": 0.5, ""orientation_bins"": 12, ""orientation_offset"": 1.5707963267948966, ""sigma_scale"": 0.55, ""strength"": 0.12}",27.40409092316142,0.8698846017852724,0.0018179875622943683,27.413457015893382,0.8701332419370711,0.0018140710740325633,0.009366092731962539,0.0002486401517987069,-3.916488261804978e-06,0.0002724107471294701,0.21688520000316203
470__F_Left_index_finger.BMP,470,"M2 Modified Gabor (detail_clip=0.1, frequencies=0.075/0.095/0.115/0.14, gamma=0.5, orientation_bins=12, orientation_offset=1.5708, sigma_scale=0.55, strength=0.12)",M2 Modified Gabor,"{""detail_clip"": 0.1, ""frequencies"": [0.075, 0.095, 0.115, 0.14], ""gamma"": 0.5, ""orientation_bins"": 12, ""orientation_offset"": 1.5707963267948966, ""sigma_scale"": 0.55, ""strength"": 0.12}",28.133949643174056,0.7459431124183834,0.0015367564184578272,28.15449311414106,0.7465477516446709,0.0015295042517571864,0.020543470967005817,0.0006046392262875067,-7.252166700640831e-06,0.0002989252971019596,0.2324700999961351
470__F_Left_little_finger.BMP,470,"M2 Modified Gabor (detail_clip=0.1, frequencies=0.075/0.095/0.115/0.14, gamma=0.5, orientation_bins=12, orientation_offset=1.5708, sigma_scale=0.55, strength=0.12)",M2 Modified Gabor,"{""detail_clip"": 0.1, ""frequencies"": [0.075, 0.095, 0.115, 0.14], ""gamma"": 0.5, ""orientation_bins"": 12, ""orientation_offset"": 1.5707963267948966, ""sigma_scale"": 0.55, ""strength"": 0.12}",28.327626771703812,0.7130688598952889,0.0014697292005971575,28.346413489910802,0.7136308005647958,0.0014633851748715701,0.018786718206989406,0.0005619406695068774,-6.344025725587383e-06,0.0002463017881382257,0.18885099999897648
470__F_Left_middle_finger.BMP,470,"M2 Modified Gabor (detail_clip=0.1, frequencies=0.075/0.095/0.115/0.14, gamma=0.5, orientation_bins=12, orientation_offset=1.5708, sigma_scale=0.55, strength=0.12)",M2 Modified Gabor,"{""detail_clip"": 0.1, ""frequencies"": [0.075, 0.095, 0.115, 0.14], ""gamma"": 0.5, ""orientation_bins"": 12, ""orientation_offset"": 1.5707963267948966, ""sigma_scale"": 0.55, ""strength"": 0.12}",28.16470653625059,0.7449561038237215,0.001525911501017648,28.186704091972857,0.7457272444395423,0.0015182021104520598,0.02199755572226536,0.0007711406158208423,-7.709390565588175e-06,0.0003213417949154973,0.000952900001720991
470__F_Left_ring_finger.BMP,470,"M2 Modified Gabor (detail_clip=0.1, frequencies=0.075/0.095/0.115/0.14, gamma=0.5, orientation_bins=12, orientation_offset=1.5708, sigma_scale=0.55, strength=0.12)",M2 Modified Gabor,"{""detail_clip"": 0.1, ""frequencies"": [0.075, 0.095, 0.115, 0.14], ""gamma"": 0.5, ""orientation_bins"": 12, ""orientation_offset"": 1.5707963267948966, ""sigma_scale"": 0.55, ""strength"": 0.12}",28.377701313850427,0.7209687273773551,0.0014528804121575277,28.402770719902946,0.7216413379282355,0.0014445179005287661,0.025069406052519838,0.0006726105508804148,-8.362511628761532e-06,0.00029961421387270093,0.200851400004467
470__F_Left_thumb_finger.BMP,470,"M2 Modified Gabor (detail_clip=0.1, frequencies=0.075/0.095/0.115/0.14, gamma=0.5, orientation_bins=12, orientation_offset=1.5708, sigma_scale=0.55, strength=0.12)",M2 Modified Gabor,"{""detail_clip"": 0.1, ""frequencies"": [0.075, 0.095, 0.115, 0.14], ""gamma"": 0.5, ""orientation_bins"": 12, ""orientation_offset"": 1.5707963267948966, ""sigma_scale"": 0.55, ""strength"": 0.12}",27.507522688430683,0.8424409932396412,0.0017752018064236539,27.52316053210118,0.8429279041000008,0.0017688212488833688,0.01563784367049692,0.00048691086035967945,-6.380557540285048e-06,0.0004001867782790214,0.19334389999858104
470__F_Right_index_finger.BMP,470,"M2 Modified Gabor (detail_clip=0.1, frequencies=0.075/0.095/0.115/0.14, gamma=0.5, orientation_bins=12, orientation_offset=1.5708, sigma_scale=0.55, strength=0.12)",M2 Modified Gabor,"{""detail_clip"": 0.1, ""frequencies"": [0.075, 0.095, 0.115, 0.14], ""gamma"": 0.5, ""orientation_bins"": 12, ""orientation_offset"": 1.5707963267948966, ""sigma_scale"": 0.55, ""strength"": 0.12}",28.214565289387025,0.7059878581789732,0.0015084935968839085,28.232395943713115,0.7065522452380061,0.0015023129317728715,0.01783065432609021,0.0005643870590328337,-6.180665111036937e-06,0.0002818416978698224,0.0007297999982256442
470__F_Right_little_finger.BMP,470,"M2 Modified Gabor (detail_clip=0.1, frequencies=0.075/0.095/0.115/0.14, gamma=0.5, orientation_bins=12, orientation_offset=1.5708, sigma_scale=0.55, strength=0.12)",M2 Modified Gabor,"{""detail_clip"": 0.1, ""frequencies"": [0.075, 0.095, 0.115, 0.14], ""gamma"": 0.5, ""orientation_bins"": 12, ""orientation_offset"": 1.5707963267948966, ""sigma_scale"": 0.55, ""strength"": 0.12}",28.225990208025095,0.7106608752552271,0.0015045304409989717,28.25047657798482,0.7113464222887158,0.0014960714739829853,0.02448636995972464,0.0006855470334886649,-8.458967015986417e-06,0.0003044882614631206,0.2250616000019363
470__F_Right_middle_finger.BMP,470,"M2 Modified Gabor (detail_clip=0.1, frequencies=0.075/0.095/0.115/0.14, gamma=0.5, orientation_bins=12, orientation_offset=1.5708, sigma_scale=0.55, strength=0.12)",M2 Modified Gabor,"{""detail_clip"": 0.1, ""frequencies"": [0.075, 0.095, 0.115, 0.14], ""gamma"": 0.5, ""orientation_bins"": 12, ""orientation_offset"": 1.5707963267948966, ""sigma_scale"": 0.55, ""strength"": 0.12}",27.99238090038815,0.7877955089430213,0.0015876761100837291,28.017095484366834,0.7885069689126015,0.0015786667123519479,0.02471458397868531,0.0007114599695802193,-9.009397731781247e-06,0.0003740417305380106,0.21486889999505365
470__F_Right_ring_finger.BMP,470,"M2 Modified Gabor (detail_clip=0.1, frequencies=0.075/0.095/0.115/0.14, gamma=0.5, orientation_bins=12, orientation_offset=1.5708, sigma_scale=0.55, strength=0.12)",M2 Modified Gabor,"{""detail_clip"": 0.1, ""frequencies"": [0.075, 0.095, 0.115, 0.14], ""gamma"": 0.5, ""orientation_bins"": 12, ""orientation_offset"": 1.5707963267948966, ""sigma_scale"": 0.55, ""strength"": 0.12}",28.175147109810183,0.749459243629396,0.0015222475684804621,28.197196065688438,0.750153088167727,0.0015145387641062058,0.022048955878254617,0.0006938445383309899,-7.708804374256372e-06,0.00033618370071053505,0.22958400000061374
470__F_Right_thumb_finger.BMP,470,"M2 Modified Gabor (detail_clip=0.1, frequencies=0.075/0.095/0.115/0.14, gamma=0.5, orientation_bins=12, orientation_offset=1.5708, sigma_scale=0.55, strength=0.12)",M2 Modified Gabor,"{""detail_clip"": 0.1, ""frequencies"": [0.075, 0.095, 0.115, 0.14], ""gamma"": 0.5, ""orientation_bins"": 12, ""orientation_offset"": 1.5707963267948966, ""sigma_scale"": 0.55, ""strength"": 0.12}",27.378970878121308,0.9028311878447532,0.001828533461539503,27.389691215335304,0.9030887487258911,0.001824025386455253,0.010720337213996345,0.0002575608811378194,-4.508075084250088e-06,0.0003721550165209919,0.201773000000685
503__M_Left_index_finger.BMP,503,"M2 Modified Gabor (detail_clip=0.1, frequencies=0.075/0.095/0.115/0.14, gamma=0.5, orientation_bins=12, orientation_offset=1.5708, sigma_scale=0.55, strength=0.12)",M2 Modified Gabor,"{""detail_clip"": 0.1, ""frequencies"": [0.075, 0.095, 0.115, 0.14], ""gamma"": 0.5, ""orientation_bins"": 12, ""orientation_offset"": 1.5707963267948966, ""sigma_scale"": 0.55, ""strength"": 0.12}",27.558826483469133,0.8253404413299561,0.0017543544857281078,27.573196671651218,0.8258361929753423,0.001748559168889748,0.014370188182084576,0.0004957516453861777,-5.795316838359864e-06,0.00031162609229795635,0.1885199999960605
503__M_Left_little_finger.BMP,503,"M2 Modified Gabor (detail_clip=0.1, frequencies=0.075/0.095/0.115/0.14, gamma=0.5, orientation_bins=12, orientation_offset=1.5708, sigma_scale=0.55, strength=0.12)",M2 Modified Gabor,"{""detail_clip"": 0.1, ""frequencies"": [0.075, 0.095, 0.115, 0.14], ""gamma"": 0.5, ""orientation_bins"": 12, ""orientation_offset"": 1.5707963267948966, ""sigma_scale"": 0.55, ""strength"": 0.12}",27.795892542403124,0.7767085953725874,0.0016611572491486452,27.811682363869316,0.7772777052235007,0.0016551286778428913,0.015789821466192677,0.0005691098509132964,-6.028571305753943e-06,0.0002995245158672333,0.33372070000041276
503__M_Left_middle_finger.BMP,503,"M2 Modified Gabor (detail_clip=0.1, frequencies=0.075/0.095/0.115/0.14, gamma=0.5, orientation_bins=12, orientation_offset=1.5708, sigma_scale=0.55, strength=0.12)",M2 Modified Gabor,"{""detail_clip"": 0.1, ""frequencies"": [0.075, 0.095, 0.115, 0.14], ""gamma"": 0.5, ""orientation_bins"": 12, ""orientation_offset"": 1.5707963267948966, ""sigma_scale"": 0.55, ""strength"": 0.12}",27.554136114835103,0.8208168461535275,0.0017562502073207595,27.567511613747044,0.8213411340574622,0.0017508495892621667,0.013375498911941008,0.0005242879039347725,-5.400618058592826e-06,0.00029590443591587245,0.245698499995342
503__M_Left_ring_finger.BMP,503,"M2 Modified Gabor (detail_clip=0.1, frequencies=0.075/0.095/0.115/0.14, gamma=0.5, orientation_bins=12, orientation_offset=1.5708, sigma_scale=0.55, strength=0.12)",M2 Modified Gabor,"{""detail_clip"": 0.1, ""frequencies"": [0.075, 0.095, 0.115, 0.14], ""gamma"": 0.5, ""orientation_bins"": 12, ""orientation_offset"": 1.5707963267948966, ""sigma_scale"": 0.55, ""strength"": 0.12}",27.62301142125986,0.8177495028933287,0.0017286173110234886,27.635267918644413,0.8181967591115237,0.001723745748927538,0.012256497384552034,0.0004472562181949691,-4.871562095950556e-06,0.00027334498008713126,0.1830575999993016
503__M_Left_thumb_finger.BMP,503,"M2 Modified Gabor (detail_clip=0.1, frequencies=0.075/0.095/0.115/0.14, gamma=0.5, orientation_bins=12, orientation_offset=1.5708, sigma_scale=0.55, strength=0.12)",M2 Modified Gabor,"{""detail_clip"": 0.1, ""frequencies"": [0.075, 0.095, 0.115, 0.14], ""gamma"": 0.5, ""orientation_bins"": 12, ""orientation_offset"": 1.5707963267948966, ""sigma_scale"": 0.55, ""strength"": 0.12}",27.846020264971038,0.7823283968015909,0.0016420938459679472,27.859026205685907,0.7827489622666836,0.0016371835768244935,0.013005940714869269,0.00042056546509261494,-4.910269143453732e-06,0.00029919412918388844,0.2331521999949473
503__M_Right_index_finger.BMP,503,"M2 Modified Gabor (detail_clip=0.1, frequencies=0.075/0.095/0.115/0.14, gamma=0.5, orientation_bins=12, orientation_offset=1.5708, sigma_scale=0.55, strength=0.12)",M2 Modified Gabor,"{""detail_clip"": 0.1, ""frequencies"": [0.075, 0.095, 0.115, 0.14], ""gamma"": 0.5, ""orientation_bins"": 12, ""orientation_offset"": 1.5707963267948966, ""sigma_scale"": 0.55, ""strength"": 0.12}",27.79343889482849,0.8155751483942568,0.0016620960236962943,27.810540997403876,0.816101676017642,0.0016555637182836546,0.017102102575385913,0.0005265276233852312,-6.5323054126396884e-06,0.00031623366521671414,0.2352281999992556
503__M_Right_little_finger.BMP,503,"M2 Modified Gabor (detail_clip=0.1, frequencies=0.075/0.095/0.115/0.14, gamma=0.5, orientation_bins=12, orientation_offset=1.5708, sigma_scale=0.55, strength=0.12)",M2 Modified Gabor,"{""detail_clip"": 0.1, ""frequencies"": [0.075, 0.095, 0.115, 0.14], ""gamma"": 0.5, ""orientation_bins"": 12, ""orientation_offset"": 1.5707963267948966, ""sigma_scale"": 0.55, ""strength"": 0.12}",27.991153400585176,0.7409707042609454,0.0015881249178941682,28.003373714559828,0.7414026073030233,0.001583662483538297,0.01222031397465173,0.0004319030420779635,-4.462434355871148e-06,0.0002425547718303278,0.2040017000035732
503__M_Right_middle_finger.BMP,503,"M2 Modified Gabor (detail_clip=0.1, frequencies=0.075/0.095/0.115/0.14, gamma=0.5, orientation_bins=12, orientation_offset=1.5708, sigma_scale=0.55, strength=0.12)",M2 Modified Gabor,"{""detail_clip"": 0.1, ""frequencies"": [0.075, 0.095, 0.115, 0.14], ""gamma"": 0.5, ""orientation_bins"": 12, ""orientation_offset"": 1.5707963267948966, ""sigma_scale"": 0.55, ""strength"": 0.12}",27.683429520839404,0.7966362979086637,0.0017047356678858785,27.692220330730592,0.796977312065065,0.00170128850219664,0.00879080989118819,0.00034101415640119814,-3.4471656892385433e-06,0.00024306398699991405,0.2753798000048846
503__M_Right_ring_finger.BMP,503,"M2 Modified Gabor (detail_clip=0.1, frequencies=0.075/0.095/0.115/0.14, gamma=0.5, orientation_bins=12, orientation_offset=1.5708, sigma_scale=0.55, strength=0.12)",M2 Modified Gabor,"{""detail_clip"": 0.1, ""frequencies"": [0.075, 0.095, 0.115, 0.14], ""gamma"": 0.5, ""orientation_bins"": 12, ""orientation_offset"": 1.5707963267948966, ""sigma_scale"": 0.55, ""strength"": 0.12}",27.555357865597834,0.8240069340211749,0.0017557562111187638,27.56677471235509,0.8244038178852201,0.0017511466948020333,0.011416846757256849,0.0003968838640452388,-4.609516316730509e-06,0.0003032743406947702,0.23289630000363104
503__M_Right_thumb_finger.BMP,503,"M2 Modified Gabor (detail_clip=0.1, frequencies=0.075/0.095/0.115/0.14, gamma=0.5, orientation_bins=12, orientation_offset=1.5708, sigma_scale=0.55, strength=0.12)",M2 Modified Gabor,"{""detail_clip"": 0.1, ""frequencies"": [0.075, 0.095, 0.115, 0.14], ""gamma"": 0.5, ""orientation_bins"": 12, ""orientation_offset"": 1.5707963267948966, ""sigma_scale"": 0.55, ""strength"": 0.12}",27.817514338954645,0.7458579296948016,0.0016529075602801694,27.824731098047817,0.7461014928536713,0.0016501631712486228,0.007216759093171987,0.00024356315886975288,-2.744389031546614e-06,0.00018500965961720794,0.0006830999991507269
506__M_Left_index_finger.BMP,506,"M2 Modified Gabor (detail_clip=0.1, frequencies=0.075/0.095/0.115/0.14, gamma=0.5, orientation_bins=12, orientation_offset=1.5708, sigma_scale=0.55, strength=0.12)",M2 Modified Gabor,"{""detail_clip"": 0.1, ""frequencies"": [0.075, 0.095, 0.115, 0.14], ""gamma"": 0.5, ""orientation_bins"": 12, ""orientation_offset"": 1.5707963267948966, ""sigma_scale"": 0.55, ""strength"": 0.12}",27.643579359755208,0.8132179812993109,0.001720450033361916,27.658985989903947,0.8136454290015995,0.0017143575366148798,0.015406630148738998,0.0004274477022886414,-6.09249674703616e-06,0.00034034164855256677,0.21543989999918267
506__M_Left_little_finger.BMP,506,"M2 Modified Gabor (detail_clip=0.1, frequencies=0.075/0.095/0.115/0.14, gamma=0.5, orientation_bins=12, orientation_offset=1.5708, sigma_scale=0.55, strength=0.12)",M2 Modified Gabor,"{""detail_clip"": 0.1, ""frequencies"": [0.075, 0.095, 0.115, 0.14], ""gamma"": 0.5, ""orientation_bins"": 12, ""orientation_offset"": 1.5707963267948966, ""sigma_scale"": 0.55, ""strength"": 0.12}",27.710191280563457,0.80468445682019,0.0016942631767149123,27.731028093983344,0.8053907278354764,0.0016861538193496425,0.02083681341988708,0.0007062710152864193,-8.109357365269822e-06,0.0003814693773165345,0.21244660000229487
506__M_Left_middle_finger.BMP,506,"M2 Modified Gabor (detail_clip=0.1, frequencies=0.075/0.095/0.115/0.14, gamma=0.5, orientation_bins=12, orientation_offset=1.5708, sigma_scale=0.55, strength=0.12)",M2 Modified Gabor,"{""detail_clip"": 0.1, ""frequencies"": [0.075, 0.095, 0.115, 0.14], ""gamma"": 0.5, ""orientation_bins"": 12, ""orientation_offset"": 1.5707963267948966, ""sigma_scale"": 0.55, ""strength"": 0.12}",27.570809542457887,0.8419147579144239,0.0017495205405318789,27.58876616719038,0.8424524230260253,0.0017423017919012585,0.017956624732491377,0.0005376651116013598,-7.218748630620411e-06,0.0003740279353223741,0.21906169999419944
506__M_Left_ring_finger.BMP,506,"M2 Modified Gabor (detail_clip=0.1, frequencies=0.075/0.095/0.115/0.14, gamma=0.5, orientation_bins=12, orientation_offset=1.5708, sigma_scale=0.55, strength=0.12)",M2 Modified Gabor,"{""detail_clip"": 0.1, ""frequencies"": [0.075, 0.095, 0.115, 0.14], ""gamma"": 0.5, ""orientation_bins"": 12, ""orientation_offset"": 1.5707963267948966, ""sigma_scale"": 0.55, ""strength"": 0.12}",27.694589395511755,0.8118410489529371,0.0017003607069476518,27.71160118734698,0.8124218194540739,0.0016937132352486137,0.017011791835223278,0.000580770501136807,-6.647471699038152e-06,0.0003032227687072009,0.20709290000377223
506__M_Left_thumb_finger.BMP,506,"M2 Modified Gabor (detail_clip=0.1, frequencies=0.075/0.095/0.115/0.14, gamma=0.5, orientation_bins=12, orientation_offset=1.5708, sigma_scale=0.55, strength=0.12)",M2 Modified Gabor,"{""detail_clip"": 0.1, ""frequencies"": [0.075, 0.095, 0.115, 0.14], ""gamma"": 0.5, ""orientation_bins"": 12, ""orientation_offset"": 1.5707963267948966, ""sigma_scale"": 0.55, ""strength"": 0.12}",27.534055045008536,0.8642787358059884,0.0017643896255386013,27.54721852046152,0.8646971517261863,0.001759049853159213,0.01316347545298413,0.0004184159201979787,-5.33977237938835e-06,0.000315662007778883,0.20058910000079777
506__M_Right_index_finger.BMP,506,"M2 Modified Gabor (detail_clip=0.1, frequencies=0.075/0.095/0.115/0.14, gamma=0.5, orientation_bins=12, orientation_offset=1.5708, sigma_scale=0.55, strength=0.12)",M2 Modified Gabor,"{""detail_clip"": 0.1, ""frequencies"": [0.075, 0.095, 0.115, 0.14], ""gamma"": 0.5, ""orientation_bins"": 12, ""orientation_offset"": 1.5707963267948966, ""sigma_scale"": 0.55, ""strength"": 0.12}",27.299857493641092,0.8645324024113417,0.001862148238892479,27.310672343215096,0.8649266062034965,0.0018575168655434859,0.010814849574003915,0.0003942037921548236,-4.631373348993164e-06,0.0003471481322776526,0.27887299999565585
506__M_Right_little_finger.BMP,506,"M2 Modified Gabor (detail_clip=0.1, frequencies=0.075/0.095/0.115/0.14, gamma=0.5, orientation_bins=12, orientation_offset=1.5708, sigma_scale=0.55, strength=0.12)",M2 Modified Gabor,"{""detail_clip"": 0.1, ""frequencies"": [0.075, 0.095, 0.115, 0.14], ""gamma"": 0.5, ""orientation_bins"": 12, ""orientation_offset"": 1.5707963267948966, ""sigma_scale"": 0.55, ""strength"": 0.12}",27.85389854846535,0.7702839099378586,0.0016391177192953534,27.871550989632553,0.7708752774783969,0.0016324688425305729,0.017652441167204103,0.0005913675405383456,-6.6488767647805095e-06,0.0003513841948006302,0.23705759999575093
506__M_Right_middle_finger.BMP,506,"M2 Modified Gabor (detail_clip=0.1, frequencies=0.075/0.095/0.115/0.14, gamma=0.5, orientation_bins=12, orientation_offset=1.5708, sigma_scale=0.55, strength=0.12)",M2 Modified Gabor,"{""detail_clip"": 0.1, ""frequencies"": [0.075, 0.095, 0.115, 0.14], ""gamma"": 0.5, ""orientation_bins"": 12, ""orientation_offset"": 1.5707963267948966, ""sigma_scale"": 0.55, ""strength"": 0.12}",27.119787705399837,0.8907959406009912,0.0019409807555337767,27.129029199926485,0.8911137527836561,0.001936854870370304,0.009241494526648353,0.0003178121826649116,-4.1258851634726895e-06,0.000361588696250692,0.2276891000001342
506__M_Right_ring_finger.BMP,506,"M2 Modified Gabor (detail_clip=0.1, frequencies=0.075/0.095/0.115/0.14, gamma=0.5, orientation_bins=12, orientation_offset=1.5708, sigma_scale=0.55, strength=0.12)",M2 Modified Gabor,"{""detail_clip"": 0.1, ""frequencies"": [0.075, 0.095, 0.115, 0.14], ""gamma"": 0.5, ""orientation_bins"": 12, ""orientation_offset"": 1.5707963267948966, ""sigma_scale"": 0.55, ""strength"": 0.12}",27.36860944686921,0.8716563114051818,0.0018329011989969962,27.378087501583913,0.8719762749301195,0.0018289054321526622,0.009478054714701756,0.0003199635249376831,-3.995766844334036e-06,0.00035461856168694794,0.2111737000013818
506__M_Right_thumb_finger.BMP,506,"M2 Modified Gabor (detail_clip=0.1, frequencies=0.075/0.095/0.115/0.14, gamma=0.5, orientation_bins=12, orientation_offset=1.5708, sigma_scale=0.55, strength=0.12)",M2 Modified Gabor,"{""detail_clip"": 0.1, ""frequencies"": [0.075, 0.095, 0.115, 0.14], ""gamma"": 0.5, ""orientation_bins"": 12, ""orientation_offset"": 1.5707963267948966, ""sigma_scale"": 0.55, ""strength"": 0.12}",27.373150894179908,0.8726340962157846,0.0018309855233806663,27.387235989018578,0.8731147562946677,0.0018250568665815565,0.014085094838669932,0.0004806600788831439,-5.9286567991097706e-06,0.0003961656766477972,0.000708799998392351
196__M_Left_index_finger.BMP,196,"M2 Modified Gabor (detail_clip=0.1, frequencies=0.075/0.095/0.115/0.14, gamma=0.5, orientation_bins=12, orientation_offset=1.5708, sigma_scale=0.55, strength=0.12)",M2 Modified Gabor,"{""detail_clip"": 0.1, ""frequencies"": [0.075, 0.095, 0.115, 0.14], ""gamma"": 0.5, ""orientation_bins"": 12, ""orientation_offset"": 1.5707963267948966, ""sigma_scale"": 0.55, ""strength"": 0.12}",27.225188033807047,0.8788863218829036,0.0018944414901145012,27.235001762410086,0.8792805915549994,0.00189016546413885,0.00981372860303864,0.0003942696720957706,-4.276025975651207e-06,0.00026604405138641596,0.21288869999989402
196__M_Left_little_finger.BMP,196,"M2 Modified Gabor (detail_clip=0.1, frequencies=0.075/0.095/0.115/0.14, gamma=0.5, orientation_bins=12, orientation_offset=1.5708, sigma_scale=0.55, strength=0.12)",M2 Modified Gabor,"{""detail_clip"": 0.1, ""frequencies"": [0.075, 0.095, 0.115, 0.14], ""gamma"": 0.5, ""orientation_bins"": 12, ""orientation_offset"": 1.5707963267948966, ""sigma_scale"": 0.55, ""strength"": 0.12}",27.35312935031732,0.80335026320225,0.0018394460933991352,27.365432173118116,0.8038832241466045,0.0018342426297305583,0.012302822800794644,0.0005329609443545102,-5.203463668576906e-06,0.00024432854843325913,0.0008464999991701916
196__M_Left_middle_finger.BMP,196,"M2 Modified Gabor (detail_clip=0.1, frequencies=0.075/0.095/0.115/0.14, gamma=0.5, orientation_bins=12, orientation_offset=1.5708, sigma_scale=0.55, strength=0.12)",M2 Modified Gabor,"{""detail_clip"": 0.1, ""frequencies"": [0.075, 0.095, 0.115, 0.14], ""gamma"": 0.5, ""orientation_bins"": 12, ""orientation_offset"": 1.5707963267948966, ""sigma_scale"": 0.55, ""strength"": 0.12}",26.807005035396653,0.8383593658879399,0.00208592887731423,26.811330534975568,0.838596968788445,0.0020838523616947507,0.004325499578914815,0.00023760290050511834,-2.076515619479132e-06,0.00018276210175827146,0.2192116000005626
196__M_Left_ring_finger.BMP,196,"M2 Modified Gabor (detail_clip=0.1, frequencies=0.075/0.095/0.115/0.14, gamma=0.5, orientation_bins=12, orientation_offset=1.5708, sigma_scale=0.55, strength=0.12)",M2 Modified Gabor,"{""detail_clip"": 0.1, ""frequencies"": [0.075, 0.095, 0.115, 0.14], ""gamma"": 0.5, ""orientation_bins"": 12, ""orientation_offset"": 1.5707963267948966, ""sigma_scale"": 0.55, ""strength"": 0.12}",26.939914390359956,0.8466373486337065,0.0020230590575295833,26.944513395093942,0.8468669079225063,0.0020209178528870974,0.004599004733986334,0.00022955928879975218,-2.1412046424858916e-06,0.0002031098265433684,0.2298053999984404
196__M_Left_thumb_finger.BMP,196,"M2 Modified Gabor (detail_clip=0.1, frequencies=0.075/0.095/0.115/0.14, gamma=0.5, orientation_bins=12, orientation_offset=1.5708, sigma_scale=0.55, strength=0.12)",M2 Modified Gabor,"{""detail_clip"": 0.1, ""frequencies"": [0.075, 0.095, 0.115, 0.14], ""gamma"": 0.5, ""orientation_bins"": 12, ""orientation_offset"": 1.5707963267948966, ""sigma_scale"": 0.55, ""strength"": 0.12}",27.17645207629467,0.8700256631715297,0.0019158203954876966,27.183274442172586,0.8703503856931925,0.001912813180937695,0.00682236587791607,0.00032472252166271254,-3.007214550001646e-06,0.0002686293446458876,0.18652529999963008
196__M_Right_index_finger.BMP,196,"M2 Modified Gabor (detail_clip=0.1, frequencies=0.075/0.095/0.115/0.14, gamma=0.5, orientation_bins=12, orientation_offset=1.5708, sigma_scale=0.55, strength=0.12)",M2 Modified Gabor,"{""detail_clip"": 0.1, ""frequencies"": [0.075, 0.095, 0.115, 0.14], ""gamma"": 0.5, ""orientation_bins"": 12, ""orientation_offset"": 1.5707963267948966, ""sigma_scale"": 0.55, ""strength"": 0.12}",27.224484755205218,0.8981884044620096,0.0018947482930095384,27.23336971370538,0.8985001259461939,0.0018908759087633614,0.008884958500161133,0.0003117214841842353,-3.872384246177011e-06,0.0002522299764677882,0.1865983999960008
196__M_Right_little_finger.BMP,196,"M2 Modified Gabor (detail_clip=0.1, frequencies=0.075/0.095/0.115/0.14, gamma=0.5, orientation_bins=12, orientation_offset=1.5708, sigma_scale=0.55, strength=0.12)",M2 Modified Gabor,"{""detail_clip"": 0.1, ""frequencies"": [0.075, 0.095, 0.115, 0.14], ""gamma"": 0.5, ""orientation_bins"": 12, ""orientation_offset"": 1.5707963267948966, ""sigma_scale"": 0.55, ""strength"": 0.12}",27.235133280733237,0.8482631195524931,0.0018901082247221315,27.24366572906165,0.8486126561540961,0.0018863984334513838,0.008532448328413267,0.0003495366016029733,-3.7097912707476696e-06,0.00026451837038621306,0.20704829999885987
196__M_Right_middle_finger.BMP,196,"M2 Modified Gabor (detail_clip=0.1, frequencies=0.075/0.095/0.115/0.14, gamma=0.5, orientation_bins=12, orientation_offset=1.5708, sigma_scale=0.55, strength=0.12)",M2 Modified Gabor,"{""detail_clip"": 0.1, ""frequencies"": [0.075, 0.095, 0.115, 0.14], ""gamma"": 0.5, ""orientation_bins"": 12, ""orientation_offset"": 1.5707963267948966, ""sigma_scale"": 0.55, ""strength"": 0.12}",27.164009700572716,0.8754404190505147,0.0019213170198695128,27.168491728842877,0.8756210715764761,0.001919335195209829,0.004482028270160754,0.0001806525259613334,-1.981824659683714e-06,0.00018468059715814888,0.22592650000297
196__M_Right_ring_finger.BMP,196,"M2 Modified Gabor (detail_clip=0.1, frequencies=0.075/0.095/0.115/0.14, gamma=0.5, orientation_bins=12, orientation_offset=1.5708, sigma_scale=0.55, strength=0.12)",M2 Modified Gabor,"{""detail_clip"": 0.1, ""frequencies"": [0.075, 0.095, 0.115, 0.14], ""gamma"": 0.5, ""orientation_bins"": 12, ""orientation_offset"": 1.5707963267948966, ""sigma_scale"": 0.55, ""strength"": 0.12}",27.057676189333762,0.8875853133841157,0.0019689395425137503,27.065214000740706,0.887881294366002,0.001965525125977385,0.007537811406944428,0.0002959809818863235,-3.41441653636549e-06,0.00023372771102003753,0.0006967999943299219
196__M_Right_thumb_finger.BMP,196,"M2 Modified Gabor (detail_clip=0.1, frequencies=0.075/0.095/0.115/0.14, gamma=0.5, orientation_bins=12, orientation_offset=1.5708, sigma_scale=0.55, strength=0.12)",M2 Modified Gabor,"{""detail_clip"": 0.1, ""frequencies"": [0.075, 0.095, 0.115, 0.14], ""gamma"": 0.5, ""orientation_bins"": 12, ""orientation_offset"": 1.5707963267948966, ""sigma_scale"": 0.55, ""strength"": 0.12}",27.64260682140499,0.8075118985310793,0.0017208353458780567,27.648079446759844,0.8077426842097044,0.001718668255009083,0.005472625354855154,0.00023078567862511168,-2.1670908689735546e-06,0.00017955215298570693,0.18289509999885922
265__M_Left_index_finger.BMP,265,"M2 Modified Gabor (detail_clip=0.1, frequencies=0.075/0.095/0.115/0.14, gamma=0.5, orientation_bins=12, orientation_offset=1.5708, sigma_scale=0.55, strength=0.12)",M2 Modified Gabor,"{""detail_clip"": 0.1, ""frequencies"": [0.075, 0.095, 0.115, 0.14], ""gamma"": 0.5, ""orientation_bins"": 12, ""orientation_offset"": 1.5707963267948966, ""sigma_scale"": 0.55, ""strength"": 0.12}",27.37477247790581,0.8335138076359629,0.0018303019913041506,27.386497266796272,0.8339720215598345,0.0018253673298248858,0.011724788890461468,0.00045821392387157545,-4.934661479264867e-06,0.0002834777405951172,0.20012210000277264
265__M_Left_little_finger.BMP,265,"M2 Modified Gabor (detail_clip=0.1, frequencies=0.075/0.095/0.115/0.14, gamma=0.5, orientation_bins=12, orientation_offset=1.5708, sigma_scale=0.55, strength=0.12)",M2 Modified Gabor,"{""detail_clip"": 0.1, ""frequencies"": [0.075, 0.095, 0.115, 0.14], ""gamma"": 0.5, ""orientation_bins"": 12, ""orientation_offset"": 1.5707963267948966, ""sigma_scale"": 0.55, ""strength"": 0.12}",27.521793017059277,0.8208397956510186,0.0017693783065107287,27.534884110077456,0.8212902277277112,0.0017640528369646756,0.013091093018179123,0.00045043207669259733,-5.325469546053115e-06,0.0003092973493039608,0.18618209999840474
265__M_Left_middle_finger.BMP,265,"M2 Modified Gabor (detail_clip=0.1, frequencies=0.075/0.095/0.115/0.14, gamma=0.5, orientation_bins=12, orientation_offset=1.5708, sigma_scale=0.55, strength=0.12)",M2 Modified Gabor,"{""detail_clip"": 0.1, ""frequencies"": [0.075, 0.095, 0.115, 0.14], ""gamma"": 0.5, ""orientation_bins"": 12, ""orientation_offset"": 1.5707963267948966, ""sigma_scale"": 0.55, ""strength"": 0.12}",27.421710121866024,0.8523282516956031,0.0018106269814393515,27.437625796108208,0.8529745554917455,0.0018040036852419172,0.015915674242183542,0.000646303796142389,-6.62329619743429e-06,0.0003428245254326612,0.0010699000049498864
265__M_Left_ring_finger.BMP,265,"M2 Modified Gabor (detail_clip=0.1, frequencies=0.075/0.095/0.115/0.14, gamma=0.5, orientation_bins=12, orientation_offset=1.5708, sigma_scale=0.55, strength=0.12)",M2 Modified Gabor,"{""detail_clip"": 0.1, ""frequencies"": [0.075, 0.095, 0.115, 0.14], ""gamma"": 0.5, ""orientation_bins"": 12, ""orientation_offset"": 1.5707963267948966, ""sigma_scale"": 0.55, ""strength"": 0.12}",27.322529482400647,0.8486792822626233,0.0018524523763336202,27.333096266666477,0.8490192468690873,0.001847950668045107,0.01056678426582991,0.00033996460646390503,-4.501708288513198e-06,0.0003361226699780673,0.18158840000251075
265__M_Left_thumb_finger.BMP,265,"M2 Modified Gabor (detail_clip=0.1, frequencies=0.075/0.095/0.115/0.14, gamma=0.5, orientation_bins=12, orientation_offset=1.5708, sigma_scale=0.55, strength=0.12)",M2 Modified Gabor,"{""detail_clip"": 0.1, ""frequencies"": [0.075, 0.095, 0.115, 0.14], ""gamma"": 0.5, ""orientation_bins"": 12, ""orientation_offset"": 1.5707963267948966, ""sigma_scale"": 0.55, ""strength"": 0.12}",27.243867806531142,0.8530412479772568,0.0018863106612669986,27.253269943345973,0.8534001296499372,0.0018822313630784619,0.009402136814831152,0.00035888167268038895,-4.079298188536728e-06,0.0003142967470921576,0.0015281000014510937
265__M_Right_index_finger.BMP,265,"M2 Modified Gabor (detail_clip=0.1, frequencies=0.075/0.095/0.115/0.14, gamma=0.5, orientation_bins=12, orientation_offset=1.5708, sigma_scale=0.55, strength=0.12)",M2 Modified Gabor,"{""detail_clip"": 0.1, ""frequencies"": [0.075, 0.095, 0.115, 0.14], ""gamma"": 0.5, ""orientation_bins"": 12, ""orientation_offset"": 1.5707963267948966, ""sigma_scale"": 0.55, ""strength"": 0.12}",27.994514576044143,0.7635853212453126,0.0015868962811916459,28.012502746064726,0.7642827613432407,0.0015803370624122525,0.017988170020583283,0.0006974400979280482,-6.559218779393422e-06,0.00035099481465294957,0.2046353999976418
265__M_Right_little_finger.BMP,265,"M2 Modified Gabor (detail_clip=0.1, frequencies=0.075/0.095/0.115/0.14, gamma=0.5, orientation_bins=12, orientation_offset=1.5708, sigma_scale=0.55, strength=0.12)",M2 Modified Gabor,"{""detail_clip"": 0.1, ""frequencies"": [0.075, 0.095, 0.115, 0.14], ""gamma"": 0.5, ""orientation_bins"": 12, ""orientation_offset"": 1.5707963267948966, ""sigma_scale"": 0.55, ""strength"": 0.12}",27.22406780249401,0.7860550264142155,0.0018949302106704036,27.23449576688226,0.7865237370539307,0.0018903856997231337,0.010427964388252775,0.00046871063971520854,-4.544510947269943e-06,0.0002521925780456513,0.19431510000140406
265__M_Right_middle_finger.BMP,265,"M2 Modified Gabor (detail_clip=0.1, frequencies=0.075/0.095/0.115/0.14, gamma=0.5, orientation_bins=12, orientation_offset=1.5708, sigma_scale=0.55, strength=0.12)",M2 Modified Gabor,"{""detail_clip"": 0.1, ""frequencies"": [0.075, 0.095, 0.115, 0.14], ""gamma"": 0.5, ""orientation_bins"": 12, ""orientation_offset"": 1.5707963267948966, ""sigma_scale"": 0.55, ""strength"": 0.12}",27.44169408769286,0.8604290589330197,0.0018023145602693164,27.450955285422033,0.860724403139472,0.0017984752743248943,0.009261197729173887,0.0002953442064522749,-3.839285944422059e-06,0.0002621558087412268,0.267837999999756
265__M_Right_ring_finger.BMP,265,"M2 Modified Gabor (detail_clip=0.1, frequencies=0.075/0.095/0.115/0.14, gamma=0.5, orientation_bins=12, orientation_offset=1.5708, sigma_scale=0.55, strength=0.12)",M2 Modified Gabor,"{""detail_clip"": 0.1, ""frequencies"": [0.075, 0.095, 0.115, 0.14], ""gamma"": 0.5, ""orientation_bins"": 12, ""orientation_offset"": 1.5707963267948966, ""sigma_scale"": 0.55, ""strength"": 0.12}",27.173464398425633,0.8322634105684161,0.0019171388150660998,27.181945944114144,0.8326287017815113,0.0019133983961342378,0.008481545688511005,0.00036529121309514245,-3.7404189318619805e-06,0.0002612454700283706,0.18598139999812702
265__M_Right_thumb_finger.BMP,265,"M2 Modified Gabor (detail_clip=0.1, frequencies=0.075/0.095/0.115/0.14, gamma=0.5, orientation_bins=12, orientation_offset=1.5708, sigma_scale=0.55, strength=0.12)",M2 Modified Gabor,"{""detail_clip"": 0.1, ""frequencies"": [0.075, 0.095, 0.115, 0.14], ""gamma"": 0.5, ""orientation_bins"": 12, ""orientation_offset"": 1.5707963267948966, ""sigma_scale"": 0.55, ""strength"": 0.12}",27.140057381383137,0.9020136943075061,0.001931942790954203,27.148897940848116,0.902248046947509,0.0019280141010819157,0.008840559464978526,0.00023435264000293277,-3.928689872287382e-06,0.00037441556924022734,0.19840029999613762
160__M_Left_index_finger.BMP,160,"M2 Modified Gabor (detail_clip=0.1, frequencies=0.075/0.095/0.115/0.14, gamma=0.5, orientation_bins=12, orientation_offset=1.5708, sigma_scale=0.55, strength=0.12)",M2 Modified Gabor,"{""detail_clip"": 0.1, ""frequencies"": [0.075, 0.095, 0.115, 0.14], ""gamma"": 0.5, ""orientation_bins"": 12, ""orientation_offset"": 1.5707963267948966, ""sigma_scale"": 0.55, ""strength"": 0.12}",27.303570949514576,0.7907936160339714,0.0018605566806086,27.31174571976738,0.7911395382804275,0.0018570578293911613,0.008174770252804109,0.0003459222464561318,-3.4988512174387656e-06,0.00020389503333717585,0.21285740000166697
160__M_Left_little_finger.BMP,160,"M2 Modified Gabor (detail_clip=0.1, frequencies=0.075/0.095/0.115/0.14, gamma=0.5, orientation_bins=12, orientation_offset=1.5708, sigma_scale=0.55, strength=0.12)",M2 Modified Gabor,"{""detail_clip"": 0.1, ""frequencies"": [0.075, 0.095, 0.115, 0.14], ""gamma"": 0.5, ""orientation_bins"": 12, ""orientation_offset"": 1.5707963267948966, ""sigma_scale"": 0.55, ""strength"": 0.12}",27.531663336668917,0.7885290796279312,0.0017653615622648393,27.54042645656063,0.7888986773704291,0.0017618030372243334,0.00876311989171441,0.0003695977424978958,-3.5585250405059405e-06,0.00020214443793520331,0.23171600000205217
160__M_Left_middle_finger.BMP,160,"M2 Modified Gabor (detail_clip=0.1, frequencies=0.075/0.095/0.115/0.14, gamma=0.5, orientation_bins=12, orientation_offset=1.5708, sigma_scale=0.55, strength=0.12)",M2 Modified Gabor,"{""detail_clip"": 0.1, ""frequencies"": [0.075, 0.095, 0.115, 0.14], ""gamma"": 0.5, ""orientation_bins"": 12, ""orientation_offset"": 1.5707963267948966, ""sigma_scale"": 0.55, ""strength"": 0.12}",27.146254995156678,0.8256858516879678,0.0019291877718492464,27.155806407067523,0.8260543698536158,0.0019249495832312515,0.009551411910845076,0.0003685181656479797,-4.238188617994862e-06,0.0002302712673554197,0.001719399995636195
160__M_Left_ring_finger.BMP,160,"M2 Modified Gabor (detail_clip=0.1, frequencies=0.075/0.095/0.115/0.14, gamma=0.5, orientation_bins=12, orientation_offset=1.5708, sigma_scale=0.55, strength=0.12)",M2 Modified Gabor,"{""detail_clip"": 0.1, ""frequencies"": [0.075, 0.095, 0.115, 0.14], ""gamma"": 0.5, ""orientation_bins"": 12, ""orientation_offset"": 1.5707963267948966, ""sigma_scale"": 0.55, ""strength"": 0.12}",27.23062336848946,0.8173601523184181,0.001892072018894839,27.243477875446583,0.8179136089128852,0.0018864800311792177,0.012854506957122425,0.0005534565944671499,-5.591987715621418e-06,0.000270995544269681,0.2227331000030972
160__M_Left_thumb_finger.BMP,160,"M2 Modified Gabor (detail_clip=0.1, frequencies=0.075/0.095/0.115/0.14, gamma=0.5, orientation_bins=12, orientation_offset=1.5708, sigma_scale=0.55, strength=0.12)",M2 Modified Gabor,"{""detail_clip"": 0.1, ""frequencies"": [0.075, 0.095, 0.115, 0.14], ""gamma"": 0.5, ""orientation_bins"": 12, ""orientation_offset"": 1.5707963267948966, ""sigma_scale"": 0.55, ""strength"": 0.12}",27.108709341869236,0.8690183506274819,0.0019459382994065641,27.115545783192232,0.8693336264483928,0.0019428775126900245,0.006836441322995768,0.0003152758209109541,-3.0607867165396117e-06,0.0002674115530680865,0.18416969999816502
160__M_Right_index_finger.BMP,160,"M2 Modified Gabor (detail_clip=0.1, frequencies=0.075/0.095/0.115/0.14, gamma=0.5, orientation_bins=12, orientation_offset=1.5708, sigma_scale=0.55, strength=0.12)",M2 Modified Gabor,"{""detail_clip"": 0.1, ""frequencies"": [0.075, 0.095, 0.115, 0.14], ""gamma"": 0.5, ""orientation_bins"": 12, ""orientation_offset"": 1.5707963267948966, ""sigma_scale"": 0.55, ""strength"": 0.12}",26.99832164341442,0.8972657453120947,0.0019960335448471166,27.009783099103515,0.8977259303758144,0.0019907727622200918,0.01146145568909418,0.00046018506371969803,-5.260782627024806e-06,0.00032593743526376784,0.1871822000030079
160__M_Right_little_finger.BMP,160,"M2 Modified Gabor (detail_clip=0.1, frequencies=0.075/0.095/0.115/0.14, gamma=0.5, orientation_bins=12, orientation_offset=1.5708, sigma_scale=0.55, strength=0.12)",M2 Modified Gabor,"{""detail_clip"": 0.1, ""frequencies"": [0.075, 0.095, 0.115, 0.14], ""gamma"": 0.5, ""orientation_bins"": 12, ""orientation_offset"": 1.5707963267948966, ""sigma_scale"": 0.55, ""strength"": 0.12}",27.48913865843233,0.8360082027926445,0.001782732303870606,27.503212510251714,0.8365429521267415,0.0017769644892387622,0.01407385181938281,0.0005347493340969178,-5.767814631843808e-06,0.0002918270183727145,0.20462489999772515
160__M_Right_middle_finger.BMP,160,"M2 Modified Gabor (detail_clip=0.1, frequencies=0.075/0.095/0.115/0.14, gamma=0.5, orientation_bins=12, orientation_offset=1.5708, sigma_scale=0.55, strength=0.12)",M2 Modified Gabor,"{""detail_clip"": 0.1, ""frequencies"": [0.075, 0.095, 0.115, 0.14], ""gamma"": 0.5, ""orientation_bins"": 12, ""orientation_offset"": 1.5707963267948966, ""sigma_scale"": 0.55, ""strength"": 0.12}",27.011266096070855,0.8938943397240638,0.001990093083780042,27.020503232371343,0.894213854654789,0.0019858647948499592,0.009237136300487947,0.0003195149307251288,-4.228288930082768e-06,0.00027498745475895703,0.2820084000049974
160__M_Right_ring_finger.BMP,160,"M2 Modified Gabor (detail_clip=0.1, frequencies=0.075/0.095/0.115/0.14, gamma=0.5, orientation_bins=12, orientation_offset=1.5708, sigma_scale=0.55, strength=0.12)",M2 Modified Gabor,"{""detail_clip"": 0.1, ""frequencies"": [0.075, 0.095, 0.115, 0.14], ""gamma"": 0.5, ""orientation_bins"": 12, ""orientation_offset"": 1.5707963267948966, ""sigma_scale"": 0.55, ""strength"": 0.12}",27.07201037653663,0.8671734888896943,0.0019624516353101543,27.081126435844794,0.8675113978628516,0.0019583366710288494,0.009116059308166058,0.00033790897315733037,-4.114964281304919e-06,0.0002614610712043941,0.22755599999800324
160__M_Right_thumb_finger.BMP,160,"M2 Modified Gabor (detail_clip=0.1, frequencies=0.075/0.095/0.115/0.14, gamma=0.5, orientation_bins=12, orientation_offset=1.5708, sigma_scale=0.55, strength=0.12)",M2 Modified Gabor,"{""detail_clip"": 0.1, ""frequencies"": [0.075, 0.095, 0.115, 0.14], ""gamma"": 0.5, ""orientation_bins"": 12, ""orientation_offset"": 1.5707963267948966, ""sigma_scale"": 0.55, ""strength"": 0.12}",27.289347613496005,0.8825245719928742,0.0018666600748665795,27.297028011753564,0.8828186873420775,0.0018633618466373605,0.007680398257559062,0.0002941153492033166,-3.298228229219047e-06,0.0002497518144082278,0.22609680000459775
62__M_Left_index_finger.BMP,62,"M2 Modified Gabor (detail_clip=0.1, frequencies=0.075/0.095/0.115/0.14, gamma=0.5, orientation_bins=12, orientation_offset=1.5708, sigma_scale=0.55, strength=0.12)",M2 Modified Gabor,"{""detail_clip"": 0.1, ""frequencies"": [0.075, 0.095, 0.115, 0.14], ""gamma"": 0.5, ""orientation_bins"": 12, ""orientation_offset"": 1.5707963267948966, ""sigma_scale"": 0.55, ""strength"": 0.12}",27.274088464853573,0.8563027203037142,0.001873230211658336,27.28053084684085,0.8565467850340605,0.001870453497116274,0.0064423819872772015,0.00024406473034621623,-2.7767145420621447e-06,0.00021086591004859656,0.20705930000258377
62__M_Left_little_finger.BMP,62,"M2 Modified Gabor (detail_clip=0.1, frequencies=0.075/0.095/0.115/0.14, gamma=0.5, orientation_bins=12, orientation_offset=1.5708, sigma_scale=0.55, strength=0.12)",M2 Modified Gabor,"{""detail_clip"": 0.1, ""frequencies"": [0.075, 0.095, 0.115, 0.14], ""gamma"": 0.5, ""orientation_bins"": 12, ""orientation_offset"": 1.5707963267948966, ""sigma_scale"": 0.55, ""strength"": 0.12}",27.55815447129063,0.7999236232132911,0.0017546259694440607,27.566629767020785,0.8002484886294007,0.0017512051401172134,0.008475295730153931,0.0003248654161095432,-3.4208293268472856e-06,0.0002356686454731971,0.23491099999955622
62__M_Left_middle_finger.BMP,62,"M2 Modified Gabor (detail_clip=0.1, frequencies=0.075/0.095/0.115/0.14, gamma=0.5, orientation_bins=12, orientation_offset=1.5708, sigma_scale=0.55, strength=0.12)",M2 Modified Gabor,"{""detail_clip"": 0.1, ""frequencies"": [0.075, 0.095, 0.115, 0.14], ""gamma"": 0.5, ""orientation_bins"": 12, ""orientation_offset"": 1.5707963267948966, ""sigma_scale"": 0.55, ""strength"": 0.12}",27.09364508069681,0.8829929620497823,0.0019526998456379572,27.099455635659268,0.8832081460032463,0.0019500890174145092,0.005810554962458525,0.00021518395346398211,-2.6108282234480525e-06,0.00024471257347613573,0.2174222000030568
62__M_Left_ring_finger.BMP,62,"M2 Modified Gabor (detail_clip=0.1, frequencies=0.075/0.095/0.115/0.14, gamma=0.5, orientation_bins=12, orientation_offset=1.5708, sigma_scale=0.55, strength=0.12)",M2 Modified Gabor,"{""detail_clip"": 0.1, ""frequencies"": [0.075, 0.095, 0.115, 0.14], ""gamma"": 0.5, ""orientation_bins"": 12, ""orientation_offset"": 1.5707963267948966, ""sigma_scale"": 0.55, ""strength"": 0.12}",27.34469167000693,0.8460635849570334,0.0018430233308815236,27.35309518632482,0.8464206122942864,0.0018394605635506883,0.008403516317887494,0.00035702733725306857,-3.5627673308352963e-06,0.00027592122205533087,0.2062889000007999
62__M_Left_thumb_finger.BMP,62,"M2 Modified Gabor (detail_clip=0.1, frequencies=0.075/0.095/0.115/0.14, gamma=0.5, orientation_bins=12, orientation_offset=1.5708, sigma_scale=0.55, strength=0.12)",M2 Modified Gabor,"{""detail_clip"": 0.1, ""frequencies"": [0.075, 0.095, 0.115, 0.14], ""gamma"": 0.5, ""orientation_bins"": 12, ""orientation_offset"": 1.5707963267948966, ""sigma_scale"": 0.55, ""strength"": 0.12}",27.055077921169186,0.8918692719667852,0.0019701178590208713,27.058117866217817,0.8919930734485984,0.001968739311818018,0.003039945048630699,0.0001238014818131239,-1.3785472028531379e-06,0.00020158186089247465,0.2208660999967833
62__M_Right_index_finger.BMP,62,"M2 Modified Gabor (detail_clip=0.1, frequencies=0.075/0.095/0.115/0.14, gamma=0.5, orientation_bins=12, orientation_offset=1.5708, sigma_scale=0.55, strength=0.12)",M2 Modified Gabor,"{""detail_clip"": 0.1, ""frequencies"": [0.075, 0.095, 0.115, 0.14], ""gamma"": 0.5, ""orientation_bins"": 12, ""orientation_offset"": 1.5707963267948966, ""sigma_scale"": 0.55, ""strength"": 0.12}",27.219071292957725,0.8454904471601248,0.0018971115612948335,27.227210817260517,0.8458006994284392,0.0018935593346219993,0.008139524302791301,0.0003102522683143816,-3.5522266728341308e-06,0.00024651200510561466,0.00075970000034431
62__M_Right_little_finger.BMP,62,"M2 Modified Gabor (detail_clip=0.1, frequencies=0.075/0.095/0.115/0.14, gamma=0.5, orientation_bins=12, orientation_offset=1.5708, sigma_scale=0.55, strength=0.12)",M2 Modified Gabor,"{""detail_clip"": 0.1, ""frequencies"": [0.075, 0.095, 0.115, 0.14], ""gamma"": 0.5, ""orientation_bins"": 12, ""orientation_offset"": 1.5707963267948966, ""sigma_scale"": 0.55, ""strength"": 0.12}",27.345322944919694,0.8500274815535546,0.001842755455076693,27.35175060182695,0.8502964223408103,0.0018400301524291326,0.006427656907256107,0.00026894078725570036,-2.7253026475605215e-06,0.00023226607299875468,0.20198990000062622
62__M_Right_middle_finger.BMP,62,"M2 Modified Gabor (detail_clip=0.1, frequencies=0.075/0.095/0.115/0.14, gamma=0.5, orientation_bins=12, orientation_offset=1.5708, sigma_scale=0.55, strength=0.12)",M2 Modified Gabor,"{""detail_clip"": 0.1, ""frequencies"": [0.075, 0.095, 0.115, 0.14], ""gamma"": 0.5, ""orientation_bins"": 12, ""orientation_offset"": 1.5707963267948966, ""sigma_scale"": 0.55, ""strength"": 0.12}",27.108900613178943,0.8883837219081521,0.001945852598577628,27.115036242641093,0.888657874884367,0.001943105476202586,0.006135629462150405,0.0002741529762149142,-2.747122375042167e-06,0.0002388416905887425,0.001266100000066217
62__M_Right_ring_finger.BMP,62,"M2 Modified Gabor (detail_clip=0.1, frequencies=0.075/0.095/0.115/0.14, gamma=0.5, orientation_bins=12, orientation_offset=1.5708, sigma_scale=0.55, strength=0.12)",M2 Modified Gabor,"{""detail_clip"": 0.1, ""frequencies"": [0.075, 0.095, 0.115, 0.14], ""gamma"": 0.5, ""orientation_bins"": 12, ""orientation_offset"": 1.5707963267948966, ""sigma_scale"": 0.55, ""strength"": 0.12}",27.062684935819536,0.8746964724934995,0.0019666700606983125,27.07043241071159,0.8750118065892756,0.00196316480215552,0.0077474748920529635,0.0003153340957761097,-3.505258542792645e-06,0.000281693646684289,0.21522489999915706
62__M_Right_thumb_finger.BMP,62,"M2 Modified Gabor (detail_clip=0.1, frequencies=0.075/0.095/0.115/0.14, gamma=0.5, orientation_bins=12, orientation_offset=1.5708, sigma_scale=0.55, strength=0.12)",M2 Modified Gabor,"{""detail_clip"": 0.1, ""frequencies"": [0.075, 0.095, 0.115, 0.14], ""gamma"": 0.5, ""orientation_bins"": 12, ""orientation_offset"": 1.5707963267948966, ""sigma_scale"": 0.55, ""strength"": 0.12}",26.926085992200093,0.9124182408870757,0.0020295109590327716,26.931873429081893,0.9126150867612958,0.002026808220599673,0.0057874368817998345,0.00019684587422008626,-2.702738433098782e-06,0.0002446908038109541,0.20711389999632956
298__M_Left_index_finger.BMP,298,"M2 Modified Gabor (detail_clip=0.1, frequencies=0.075/0.095/0.115/0.14, gamma=0.5, orientation_bins=12, orientation_offset=1.5708, sigma_scale=0.55, strength=0.12)",M2 Modified Gabor,"{""detail_clip"": 0.1, ""frequencies"": [0.075, 0.095, 0.115, 0.14], ""gamma"": 0.5, ""orientation_bins"": 12, ""orientation_offset"": 1.5707963267948966, ""sigma_scale"": 0.55, ""strength"": 0.12}",27.21506173666514,0.8980616415718198,0.001898863848814617,27.22248548812033,0.8983191260759831,0.0018956207378856495,0.0074237514551889205,0.0002574845041632967,-3.2431109289676133e-06,0.00031211625901050866,0.20821569999679923
298__M_Left_little_finger.BMP,298,"M2 Modified Gabor (detail_clip=0.1, frequencies=0.075/0.095/0.115/0.14, gamma=0.5, orientation_bins=12, orientation_offset=1.5708, sigma_scale=0.55, strength=0.12)",M2 Modified Gabor,"{""detail_clip"": 0.1, ""frequencies"": [0.075, 0.095, 0.115, 0.14], ""gamma"": 0.5, ""orientation_bins"": 12, ""orientation_offset"": 1.5707963267948966, ""sigma_scale"": 0.55, ""strength"": 0.12}",27.668090636120375,0.8152994267068505,0.0017107672839618286,27.67913659870519,0.8156202477336526,0.0017064216012746152,0.01104596258481294,0.00032082102680208724,-4.345682687213401e-06,0.00031460600439459085,0.20901600000070175
298__M_Left_middle_finger.BMP,298,"M2 Modified Gabor (detail_clip=0.1, frequencies=0.075/0.095/0.115/0.14, gamma=0.5, orientation_bins=12, orientation_offset=1.5708, sigma_scale=0.55, strength=0.12)",M2 Modified Gabor,"{""detail_clip"": 0.1, ""frequencies"": [0.075, 0.095, 0.115, 0.14], ""gamma"": 0.5, ""orientation_bins"": 12, ""orientation_offset"": 1.5707963267948966, ""sigma_scale"": 0.55, ""strength"": 0.12}",26.89100259050226,0.8927949140241146,0.002045972259286786,26.89743090262032,0.8930692999150157,0.0020429461054016027,0.0064283121180608305,0.00027438589090111876,-3.026153885183399e-06,0.0003021900192834437,0.25071700000262354
298__M_Left_ring_finger.BMP,298,"M2 Modified Gabor (detail_clip=0.1, frequencies=0.075/0.095/0.115/0.14, gamma=0.5, orientation_bins=12, orientation_offset=1.5708, sigma_scale=0.55, strength=0.12)",M2 Modified Gabor,"{""detail_clip"": 0.1, ""frequencies"": [0.075, 0.095, 0.115, 0.14], ""gamma"": 0.5, ""orientation_bins"": 12, ""orientation_offset"": 1.5707963267948966, ""sigma_scale"": 0.55, ""strength"": 0.12}",26.974147312555235,0.8789561929982305,0.0020071751371694177,26.981812081433656,0.8792958248505592,0.002003635841545329,0.0076647688784206025,0.00033963185232877,-3.5392956240888965e-06,0.00032912378082983196,0.24103939999622526
298__M_Left_thumb_finger.BMP,298,"M2 Modified Gabor (detail_clip=0.1, frequencies=0.075/0.095/0.115/0.14, gamma=0.5, orientation_bins=12, orientation_offset=1.5708, sigma_scale=0.55, strength=0.12)",M2 Modified Gabor,"{""detail_clip"": 0.1, ""frequencies"": [0.075, 0.095, 0.115, 0.14], ""gamma"": 0.5, ""orientation_bins"": 12, ""orientation_offset"": 1.5707963267948966, ""sigma_scale"": 0.55, ""strength"": 0.12}",27.617141552360607,0.8357814332177043,0.0017309552677832224,27.63432034254454,0.8362387687543035,0.0017241218896676387,0.017178790183933756,0.00045733553659921267,-6.833378115583691e-06,0.0004759248986374587,0.25688320000335807
298__M_Right_index_finger.BMP,298,"M2 Modified Gabor (detail_clip=0.1, frequencies=0.075/0.095/0.115/0.14, gamma=0.5, orientation_bins=12, orientation_offset=1.5708, sigma_scale=0.55, strength=0.12)",M2 Modified Gabor,"{""detail_clip"": 0.1, ""frequencies"": [0.075, 0.095, 0.115, 0.14], ""gamma"": 0.5, ""orientation_bins"": 12, ""orientation_offset"": 1.5707963267948966, ""sigma_scale"": 0.55, ""strength"": 0.12}",27.472722246295017,0.8526852923721671,0.001789483817498891,27.483316018231648,0.8529242830802798,0.0017851240382261596,0.010593771936630247,0.0002389907081127296,-4.359779272731417e-06,0.00031354016391560435,0.2528719000038109
298__M_Right_little_finger.BMP,298,"M2 Modified Gabor (detail_clip=0.1, frequencies=0.075/0.095/0.115/0.14, gamma=0.5, orientation_bins=12, orientation_offset=1.5708, sigma_scale=0.55, strength=0.12)",M2 Modified Gabor,"{""detail_clip"": 0.1, ""frequencies"": [0.075, 0.095, 0.115, 0.14], ""gamma"": 0.5, ""orientation_bins"": 12, ""orientation_offset"": 1.5707963267948966, ""sigma_scale"": 0.55, ""strength"": 0.12}",27.499072655778257,0.8438631699736119,0.0017786591646247179,27.506906281359264,0.8441256531302929,0.0017754537839759393,0.007833625581007198,0.00026248315668098154,-3.2053806487786045e-06,0.0003126171068288386,0.2592335000008461
298__M_Right_middle_finger.BMP,298,"M2 Modified Gabor (detail_clip=0.1, frequencies=0.075/0.095/0.115/0.14, gamma=0.5, orientation_bins=12, orientation_offset=1.5708, sigma_scale=0.55, strength=0.12)",M2 Modified Gabor,"{""detail_clip"": 0.1, ""frequencies"": [0.075, 0.095, 0.115, 0.14], ""gamma"": 0.5, ""orientation_bins"": 12, ""orientation_offset"": 1.5707963267948966, ""sigma_scale"": 0.55, ""strength"": 0.12}",27.220693528847182,0.9116894049499035,0.00189640305868329,27.23032774931142,0.9119809685659409,0.0018922008144092463,0.009634220464239007,0.00029156361603743797,-4.202244274043726e-06,0.0003623066586442292,0.26854379999713274
298__M_Right_ring_finger.BMP,298,"M2 Modified Gabor (detail_clip=0.1, frequencies=0.075/0.095/0.115/0.14, gamma=0.5, orientation_bins=12, orientation_offset=1.5708, sigma_scale=0.55, strength=0.12)",M2 Modified Gabor,"{""detail_clip"": 0.1, ""frequencies"": [0.075, 0.095, 0.115, 0.14], ""gamma"": 0.5, ""orientation_bins"": 12, ""orientation_offset"": 1.5707963267948966, ""sigma_scale"": 0.55, ""strength"": 0.12}",27.422696694736175,0.8674880841903388,0.0018102157138198314,27.431282390580122,0.8677492749170661,0.0018066405799843585,0.00858569584394786,0.0002611907267272562,-3.5751338354728882e-06,0.00031503511127084494,0.0014135000019450672
298__M_Right_thumb_finger.BMP,298,"M2 Modified Gabor (detail_clip=0.1, frequencies=0.075/0.095/0.115/0.14, gamma=0.5, orientation_bins=12, orientation_offset=1.5708, sigma_scale=0.55, strength=0.12)",M2 Modified Gabor,"{""detail_clip"": 0.1, ""frequencies"": [0.075, 0.095, 0.115, 0.14], ""gamma"": 0.5, ""orientation_bins"": 12, ""orientation_offset"": 1.5707963267948966, ""sigma_scale"": 0.55, ""strength"": 0.12}",27.224693413952195,0.9114079438939094,0.0018946572611581649,27.232485358308512,0.9116608889026642,0.0018912609877021814,0.0077919443563168045,0.0002529450087547236,-3.396273455983463e-06,0.0005377212655730546,0.2876384000046528
249__M_Left_index_finger.BMP,249,"M2 Modified Gabor (detail_clip=0.1, frequencies=0.075/0.095/0.115/0.14, gamma=0.5, orientation_bins=12, orientation_offset=1.5708, sigma_scale=0.55, strength=0.12)",M2 Modified Gabor,"{""detail_clip"": 0.1, ""frequencies"": [0.075, 0.095, 0.115, 0.14], ""gamma"": 0.5, ""orientation_bins"": 12, ""orientation_offset"": 1.5707963267948966, ""sigma_scale"": 0.55, ""strength"": 0.12}",27.124570472016103,0.7470878210087121,0.0019388443829746948,27.135305726012454,0.7475560558637381,0.0019340577038701196,0.010735253996351446,0.00046823485502600626,-4.786679104575205e-06,0.00027371320175006986,0.2052149000010104
249__M_Left_little_finger.BMP,249,"M2 Modified Gabor (detail_clip=0.1, frequencies=0.075/0.095/0.115/0.14, gamma=0.5, orientation_bins=12, orientation_offset=1.5708, sigma_scale=0.55, strength=0.12)",M2 Modified Gabor,"{""detail_clip"": 0.1, ""frequencies"": [0.075, 0.095, 0.115, 0.14], ""gamma"": 0.5, ""orientation_bins"": 12, ""orientation_offset"": 1.5707963267948966, ""sigma_scale"": 0.55, ""strength"": 0.12}",27.850348680485556,0.7587672882475555,0.0016404580610319855,27.864495783732444,0.7592799250923395,0.0016351229780287406,0.014147103246887838,0.0005126368447840868,-5.3350830032448775e-06,0.0002519925474189222,0.28108290000091074
249__M_Left_middle_finger.BMP,249,"M2 Modified Gabor (detail_clip=0.1, frequencies=0.075/0.095/0.115/0.14, gamma=0.5, orientation_bins=12, orientation_offset=1.5708, sigma_scale=0.55, strength=0.12)",M2 Modified Gabor,"{""detail_clip"": 0.1, ""frequencies"": [0.075, 0.095, 0.115, 0.14], ""gamma"": 0.5, ""orientation_bins"": 12, ""orientation_offset"": 1.5707963267948966, ""sigma_scale"": 0.55, ""strength"": 0.12}",27.086136842742746,0.7350637589780092,0.0019560786626691674,27.091306147647515,0.7353556679672003,0.001953751773414749,0.0051693049047685236,0.0002919089891910698,-2.3268892544183427e-06,0.00019499727932270616,0.325064000004204
249__M_Left_ring_finger.BMP,249,"M2 Modified Gabor (detail_clip=0.1, frequencies=0.075/0.095/0.115/0.14, gamma=0.5, orientation_bins=12, orientation_offset=1.5708, sigma_scale=0.55, strength=0.12)",M2 Modified Gabor,"{""detail_clip"": 0.1, ""frequencies"": [0.075, 0.095, 0.115, 0.14], ""gamma"": 0.5, ""orientation_bins"": 12, ""orientation_offset"": 1.5707963267948966, ""sigma_scale"": 0.55, ""strength"": 0.12}",27.286670865582614,0.700930704194814,0.0018678109342006519,27.295698659280387,0.7013777282002867,0.0018639322991596398,0.009027793697772069,0.00044702400547269594,-3.878635041012091e-06,0.00023840466747060418,0.0009677999987616204
249__M_Left_thumb_finger.BMP,249,"M2 Modified Gabor (detail_clip=0.1, frequencies=0.075/0.095/0.115/0.14, gamma=0.5, orientation_bins=12, orientation_offset=1.5708, sigma_scale=0.55, strength=0.12)",M2 Modified Gabor,"{""detail_clip"": 0.1, ""frequencies"": [0.075, 0.095, 0.115, 0.14], ""gamma"": 0.5, ""orientation_bins"": 12, ""orientation_offset"": 1.5707963267948966, ""sigma_scale"": 0.55, ""strength"": 0.12}",26.984771156079184,0.8261111951120794,0.0020022711250024757,26.990548120876635,0.8264705138111412,0.0019996094840012348,0.005776964797451711,0.0003593186990618058,-2.661641001240958e-06,0.0002844993432518095,0.26941960000112886
249__M_Right_index_finger.BMP,249,"M2 Modified Gabor (detail_clip=0.1, frequencies=0.075/0.095/0.115/0.14, gamma=0.5, orientation_bins=12, orientation_offset=1.5708, sigma_scale=0.55, strength=0.12)",M2 Modified Gabor,"{""detail_clip"": 0.1, ""frequencies"": [0.075, 0.095, 0.115, 0.14], ""gamma"": 0.5, ""orientation_bins"": 12, ""orientation_offset"": 1.5707963267948966, ""sigma_scale"": 0.55, ""strength"": 0.12}",27.925095882335967,0.77181945014894,0.001612465427378501,27.940713550894532,0.7723142804834843,0.0016066772523808644,0.015617668558565612,0.0004948303345442273,-5.788174997636668e-06,0.0003349538892507553,0.25635049999982584
249__M_Right_little_finger.BMP,249,"M2 Modified Gabor (detail_clip=0.1, frequencies=0.075/0.095/0.115/0.14, gamma=0.5, orientation_bins=12, orientation_offset=1.5708, sigma_scale=0.55, strength=0.12)",M2 Modified Gabor,"{""detail_clip"": 0.1, ""frequencies"": [0.075, 0.095, 0.115, 0.14], ""gamma"": 0.5, ""orientation_bins"": 12, ""orientation_offset"": 1.5707963267948966, ""sigma_scale"": 0.55, ""strength"": 0.12}",27.657119233589647,0.6353878059021234,0.001715094588497569,27.67531574434827,0.6361982426955104,0.0017079235446827257,0.018196510758624385,0.0008104367933869927,-7.17104381484329e-06,0.0003009370411746204,0.21148669999820413
249__M_Right_middle_finger.BMP,249,"M2 Modified Gabor (detail_clip=0.1, frequencies=0.075/0.095/0.115/0.14, gamma=0.5, orientation_bins=12, orientation_offset=1.5708, sigma_scale=0.55, strength=0.12)",M2 Modified Gabor,"{""detail_clip"": 0.1, ""frequencies"": [0.075, 0.095, 0.115, 0.14], ""gamma"": 0.5, ""orientation_bins"": 12, ""orientation_offset"": 1.5707963267948966, ""sigma_scale"": 0.55, ""strength"": 0.12}",27.168536038644476,0.7934208035671115,0.0019193156128915168,27.17567239817154,0.7937959368131161,0.0019161643688520155,0.007136359527063263,0.00037513324600457754,-3.151244039501346e-06,0.0002636591379996389,0.3028467000040109
249__M_Right_ring_finger.BMP,249,"M2 Modified Gabor (detail_clip=0.1, frequencies=0.075/0.095/0.115/0.14, gamma=0.5, orientation_bins=12, orientation_offset=1.5708, sigma_scale=0.55, strength=0.12)",M2 Modified Gabor,"{""detail_clip"": 0.1, ""frequencies"": [0.075, 0.095, 0.115, 0.14], ""gamma"": 0.5, ""orientation_bins"": 12, ""orientation_offset"": 1.5707963267948966, ""sigma_scale"": 0.55, ""strength"": 0.12}",27.08777009207556,0.788884221210897,0.0019553431793387643,27.09804783077617,0.7893698748570085,0.0019507212588930176,0.010277738700612105,0.00048565364611152795,-4.621920445746757e-06,0.0002828173746820539,0.2160585000019637
249__M_Right_thumb_finger.BMP,249,"M2 Modified Gabor (detail_clip=0.1, frequencies=0.075/0.095/0.115/0.14, gamma=0.5, orientation_bins=12, orientation_offset=1.5708, sigma_scale=0.55, strength=0.12)",M2 Modified Gabor,"{""detail_clip"": 0.1, ""frequencies"": [0.075, 0.095, 0.115, 0.14], ""gamma"": 0.5, ""orientation_bins"": 12, ""orientation_offset"": 1.5707963267948966, ""sigma_scale"": 0.55, ""strength"": 0.12}",28.10834497793756,0.6780079972983599,0.001545843421819905,28.122892755229927,0.6784627637819349,0.0015406738967115169,0.01454777729236767,0.0004547664835750087,-5.169525108388159e-06,0.00031830492662265897,0.25850440000067465
393__M_Left_index_finger.BMP,393,"M2 Modified Gabor (detail_clip=0.1, frequencies=0.075/0.095/0.115/0.14, gamma=0.5, orientation_bins=12, orientation_offset=1.5708, sigma_scale=0.55, strength=0.12)",M2 Modified Gabor,"{""detail_clip"": 0.1, ""frequencies"": [0.075, 0.095, 0.115, 0.14], ""gamma"": 0.5, ""orientation_bins"": 12, ""orientation_offset"": 1.5707963267948966, ""sigma_scale"": 0.55, ""strength"": 0.12}",27.308206704505906,0.8914485091529191,0.0018585717409852326,27.315488212570248,0.8916812392879129,0.0018554582161908729,0.00728150806434158,0.00023273013499380824,-3.113524794359779e-06,0.0002788151614367962,0.2113764999958221
393__M_Left_little_finger.BMP,393,"M2 Modified Gabor (detail_clip=0.1, frequencies=0.075/0.095/0.115/0.14, gamma=0.5, orientation_bins=12, orientation_offset=1.5708, sigma_scale=0.55, strength=0.12)",M2 Modified Gabor,"{""detail_clip"": 0.1, ""frequencies"": [0.075, 0.095, 0.115, 0.14], ""gamma"": 0.5, ""orientation_bins"": 12, ""orientation_offset"": 1.5707963267948966, ""sigma_scale"": 0.55, ""strength"": 0.12}",27.318831886242837,0.8610343153392672,0.0018540302314057613,27.328663691275715,0.8614113917076588,0.001849837719926824,0.009831805032877838,0.0003770763683915712,-4.1925114789374135e-06,0.00028514707810245454,0.0014224999977159314
393__M_Left_middle_finger.BMP,393,"M2 Modified Gabor (detail_clip=0.1, frequencies=0.075/0.095/0.115/0.14, gamma=0.5, orientation_bins=12, orientation_offset=1.5708, sigma_scale=0.55, strength=0.12)",M2 Modified Gabor,"{""detail_clip"": 0.1, ""frequencies"": [0.075, 0.095, 0.115, 0.14], ""gamma"": 0.5, ""orientation_bins"": 12, ""orientation_offset"": 1.5707963267948966, ""sigma_scale"": 0.55, ""strength"": 0.12}",27.599379652066386,0.8259976084778606,0.0017380490746276103,27.609242262281306,0.8263559613274932,0.001734106530564845,0.009862610214920409,0.00035835284963259273,-3.942544062765377e-06,0.0002889747847802937,0.28475809999508783
393__M_Left_ring_finger.BMP,393,"M2 Modified Gabor (detail_clip=0.1, frequencies=0.075/0.095/0.115/0.14, gamma=0.5, orientation_bins=12, orientation_offset=1.5708, sigma_scale=0.55, strength=0.12)",M2 Modified Gabor,"{""detail_clip"": 0.1, ""frequencies"": [0.075, 0.095, 0.115, 0.14], ""gamma"": 0.5, ""orientation_bins"": 12, ""orientation_offset"": 1.5707963267948966, ""sigma_scale"": 0.55, ""strength"": 0.12}",27.3096594584879,0.8725850996860862,0.001857950136045422,27.316692502177595,0.8728263955574632,0.0018549437727991194,0.007033043689695262,0.00024129587137700081,-3.0063632463026707e-06,0.00025882243062369525,0.35146740000345744
393__M_Left_thumb_finger.BMP,393,"M2 Modified Gabor (detail_clip=0.1, frequencies=0.075/0.095/0.115/0.14, gamma=0.5, orientation_bins=12, orientation_offset=1.5708, sigma_scale=0.55, strength=0.12)",M2 Modified Gabor,"{""detail_clip"": 0.1, ""frequencies"": [0.075, 0.095, 0.115, 0.14], ""gamma"": 0.5, ""orientation_bins"": 12, ""orientation_offset"": 1.5707963267948966, ""sigma_scale"": 0.55, ""strength"": 0.12}",27.203729999603823,0.8870638376303315,0.0019038248886444147,27.21280341579353,0.8873500811439753,0.001899851510222348,0.009073416189707473,0.0002862435136438135,-3.973378422066683e-06,0.00035492502502165735,0.2908986000038567
393__M_Right_index_finger.BMP,393,"M2 Modified Gabor (detail_clip=0.1, frequencies=0.075/0.095/0.115/0.14, gamma=0.5, orientation_bins=12, orientation_offset=1.5708, sigma_scale=0.55, strength=0.12)",M2 Modified Gabor,"{""detail_clip"": 0.1, ""frequencies"": [0.075, 0.095, 0.115, 0.14], ""gamma"": 0.5, ""orientation_bins"": 12, ""orientation_offset"": 1.5707963267948966, ""sigma_scale"": 0.55, ""strength"": 0.12}",27.18564958969017,0.8956395128723978,0.0019117673533812795,27.1951593615603,0.895975253176868,0.001907585725077405,0.0095097718701318,0.0003357403044701446,-4.181628303874443e-06,0.0003314015339128673,0.23570599999948172
393__M_Right_little_finger.BMP,393,"M2 Modified Gabor (detail_clip=0.1, frequencies=0.075/0.095/0.115/0.14, gamma=0.5, orientation_bins=12, orientation_offset=1.5708, sigma_scale=0.55, strength=0.12)",M2 Modified Gabor,"{""detail_clip"": 0.1, ""frequencies"": [0.075, 0.095, 0.115, 0.14], ""gamma"": 0.5, ""orientation_bins"": 12, ""orientation_offset"": 1.5707963267948966, ""sigma_scale"": 0.55, ""strength"": 0.12}",27.38883507911954,0.8566403560225367,0.0018243849968554713,27.397487980931864,0.8569319115349651,0.0018207537030970537,0.008652901812322256,0.0002915555124283209,-3.631293758417581e-06,0.0003034252149518579,0.32134919999953127
393__M_Right_middle_finger.BMP,393,"M2 Modified Gabor (detail_clip=0.1, frequencies=0.075/0.095/0.115/0.14, gamma=0.5, orientation_bins=12, orientation_offset=1.5708, sigma_scale=0.55, strength=0.12)",M2 Modified Gabor,"{""detail_clip"": 0.1, ""frequencies"": [0.075, 0.095, 0.115, 0.14], ""gamma"": 0.5, ""orientation_bins"": 12, ""orientation_offset"": 1.5707963267948966, ""sigma_scale"": 0.55, ""strength"": 0.12}",27.34189386160175,0.8759159202563465,0.0018442110244102443,27.348132787219424,0.8761085599476993,0.0018415635961438622,0.006238925617672919,0.0001926396913528583,-2.647428266382146e-06,0.00022256966622080654,0.23183410000638105
393__M_Right_ring_finger.BMP,393,"M2 Modified Gabor (detail_clip=0.1, frequencies=0.075/0.095/0.115/0.14, gamma=0.5, orientation_bins=12, orientation_offset=1.5708, sigma_scale=0.55, strength=0.12)",M2 Modified Gabor,"{""detail_clip"": 0.1, ""frequencies"": [0.075, 0.095, 0.115, 0.14], ""gamma"": 0.5, ""orientation_bins"": 12, ""orientation_offset"": 1.5707963267948966, ""sigma_scale"": 0.55, ""strength"": 0.12}",27.53648716712822,0.8377262864155174,0.0017634018143036256,27.543953472304374,0.8379796156107188,0.001760372813089425,0.007466305176151877,0.0002533291952013794,-3.029001214200494e-06,0.0002224620257038623,0.0009433999948669225
393__M_Right_thumb_finger.BMP,393,"M2 Modified Gabor (detail_clip=0.1, frequencies=0.075/0.095/0.115/0.14, gamma=0.5, orientation_bins=12, orientation_offset=1.5708, sigma_scale=0.55, strength=0.12)",M2 Modified Gabor,"{""detail_clip"": 0.1, ""frequencies"": [0.075, 0.095, 0.115, 0.14], ""gamma"": 0.5, ""orientation_bins"": 12, ""orientation_offset"": 1.5707963267948966, ""sigma_scale"": 0.55, ""strength"": 0.12}",27.279869519902554,0.8713236901729107,0.0018707383442700316,27.289181117602716,0.8716224004408419,0.0018667316385651935,0.009311597700161656,0.0002987102679312681,-4.006705704838074e-06,0.0003092861152254045,0.21701570000004722
245__M_Left_index_finger.BMP,245,"M2 Modified Gabor (detail_clip=0.1, frequencies=0.075/0.095/0.115/0.14, gamma=0.5, orientation_bins=12, orientation_offset=1.5708, sigma_scale=0.55, strength=0.12)",M2 Modified Gabor,"{""detail_clip"": 0.1, ""frequencies"": [0.075, 0.095, 0.115, 0.14], ""gamma"": 0.5, ""orientation_bins"": 12, ""orientation_offset"": 1.5707963267948966, ""sigma_scale"": 0.55, ""strength"": 0.12}",27.369483519165946,0.8475481766363681,0.0018325323416851827,27.382187183130398,0.8480106087287664,0.0018271797846246452,0.01270366396445155,0.00046243209239837935,-5.35255706053759e-06,0.00031721091363579035,0.30250949999754084
245__M_Left_little_finger.BMP,245,"M2 Modified Gabor (detail_clip=0.1, frequencies=0.075/0.095/0.115/0.14, gamma=0.5, orientation_bins=12, orientation_offset=1.5708, sigma_scale=0.55, strength=0.12)",M2 Modified Gabor,"{""detail_clip"": 0.1, ""frequencies"": [0.075, 0.095, 0.115, 0.14], ""gamma"": 0.5, ""orientation_bins"": 12, ""orientation_offset"": 1.5707963267948966, ""sigma_scale"": 0.55, ""strength"": 0.12}",27.90731007442499,0.7520611994141341,0.0016190825516656838,27.92433706240546,0.7526684300158024,0.001612747189605475,0.017026987980468533,0.0006072306016683404,-6.335362060208745e-06,0.00027456306270323694,0.21634379999886733
245__M_Left_middle_finger.BMP,245,"M2 Modified Gabor (detail_clip=0.1, frequencies=0.075/0.095/0.115/0.14, gamma=0.5, orientation_bins=12, orientation_offset=1.5708, sigma_scale=0.55, strength=0.12)",M2 Modified Gabor,"{""detail_clip"": 0.1, ""frequencies"": [0.075, 0.095, 0.115, 0.14], ""gamma"": 0.5, ""orientation_bins"": 12, ""orientation_offset"": 1.5707963267948966, ""sigma_scale"": 0.55, ""strength"": 0.12}",27.144213089173356,0.8857407036245465,0.0019300950240497081,27.153572695798207,0.8860617095310688,0.0019259398991807457,0.00935960662485158,0.000321005906522287,-4.155124868962436e-06,0.00030259814229793847,0.19670269999915035
245__M_Left_ring_finger.BMP,245,"M2 Modified Gabor (detail_clip=0.1, frequencies=0.075/0.095/0.115/0.14, gamma=0.5, orientation_bins=12, orientation_offset=1.5708, sigma_scale=0.55, strength=0.12)",M2 Modified Gabor,"{""detail_clip"": 0.1, ""frequencies"": [0.075, 0.095, 0.115, 0.14], ""gamma"": 0.5, ""orientation_bins"": 12, ""orientation_offset"": 1.5707963267948966, ""sigma_scale"": 0.55, ""strength"": 0.12}",27.034777154693998,0.8768079179877639,0.0019793485830217304,27.043925992328308,0.8772268925656677,0.0019751832806671555,0.00914883763431007,0.00041897457790374126,-4.165302354574955e-06,0.00026450565201230347,0.18510109999624547
245__M_Left_thumb_finger.BMP,245,"M2 Modified Gabor (detail_clip=0.1, frequencies=0.075/0.095/0.115/0.14, gamma=0.5, orientation_bins=12, orientation_offset=1.5708, sigma_scale=0.55, strength=0.12)",M2 Modified Gabor,"{""detail_clip"": 0.1, ""frequencies"": [0.075, 0.095, 0.115, 0.14], ""gamma"": 0.5, ""orientation_bins"": 12, ""orientation_offset"": 1.5707963267948966, ""sigma_scale"": 0.55, ""strength"": 0.12}",27.29682163769929,0.864652694988966,0.0018634503945447873,27.306444392567933,0.8650059353604317,0.0018593260788706096,0.009622754868644279,0.00035324037146566845,-4.124315674177651e-06,0.0003728322626557201,0.20622010000079172
245__M_Right_index_finger.BMP,245,"M2 Modified Gabor (detail_clip=0.1, frequencies=0.075/0.095/0.115/0.14, gamma=0.5, orientation_bins=12, orientation_offset=1.5708, sigma_scale=0.55, strength=0.12)",M2 Modified Gabor,"{""detail_clip"": 0.1, ""frequencies"": [0.075, 0.095, 0.115, 0.14], ""gamma"": 0.5, ""orientation_bins"": 12, ""orientation_offset"": 1.5707963267948966, ""sigma_scale"": 0.55, ""strength"": 0.12}",27.86161374413362,0.7314716830980778,0.0016362084288809222,27.868949172425957,0.7316944014828205,0.0016334471322024752,0.0073354282923361325,0.0002227183847427483,-2.7612966784469964e-06,0.0002520185080356896,0.17840839999553282
245__M_Right_little_finger.BMP,245,"M2 Modified Gabor (detail_clip=0.1, frequencies=0.075/0.095/0.115/0.14, gamma=0.5, orientation_bins=12, orientation_offset=1.5708, sigma_scale=0.55, strength=0.12)",M2 Modified Gabor,"{""detail_clip"": 0.1, ""frequencies"": [0.075, 0.095, 0.115, 0.14], ""gamma"": 0.5, ""orientation_bins"": 12, ""orientation_offset"": 1.5707963267948966, ""sigma_scale"": 0.55, ""strength"": 0.12}",27.759733272900732,0.7882265864093005,0.0016750457477857116,27.771202285771444,0.7885547374889552,0.0016706280594135875,0.011469012870712447,0.0003281510796546705,-4.417688372124109e-06,0.0002748472325038165,0.3590284000019892
245__M_Right_middle_finger.BMP,245,"M2 Modified Gabor (detail_clip=0.1, frequencies=0.075/0.095/0.115/0.14, gamma=0.5, orientation_bins=12, orientation_offset=1.5708, sigma_scale=0.55, strength=0.12)",M2 Modified Gabor,"{""detail_clip"": 0.1, ""frequencies"": [0.075, 0.095, 0.115, 0.14], ""gamma"": 0.5, ""orientation_bins"": 12, ""orientation_offset"": 1.5707963267948966, ""sigma_scale"": 0.55, ""strength"": 0.12}",27.610087418904833,0.8386277327285409,0.0017337690984571036,27.62129233195788,0.8389780272165537,0.001729301693595457,0.011204913053045829,0.0003502944880128256,-4.467404861646564e-06,0.0002477004600223154,0.34372910000092816
245__M_Right_ring_finger.BMP,245,"M2 Modified Gabor (detail_clip=0.1, frequencies=0.075/0.095/0.115/0.14, gamma=0.5, orientation_bins=12, orientation_offset=1.5708, sigma_scale=0.55, strength=0.12)",M2 Modified Gabor,"{""detail_clip"": 0.1, ""frequencies"": [0.075, 0.095, 0.115, 0.14], ""gamma"": 0.5, ""orientation_bins"": 12, ""orientation_offset"": 1.5707963267948966, ""sigma_scale"": 0.55, ""strength"": 0.12}",27.62839155773911,0.8352236195013225,0.0017264771874037441,27.641102360790647,0.8356597804974913,0.001721431572075501,0.012710803051536601,0.00043616099616883286,-5.0456153282431825e-06,0.00035296499845571816,0.20155540000268957
245__M_Right_thumb_finger.BMP,245,"M2 Modified Gabor (detail_clip=0.1, frequencies=0.075/0.095/0.115/0.14, gamma=0.5, orientation_bins=12, orientation_offset=1.5708, sigma_scale=0.55, strength=0.12)",M2 Modified Gabor,"{""detail_clip"": 0.1, ""frequencies"": [0.075, 0.095, 0.115, 0.14], ""gamma"": 0.5, ""orientation_bins"": 12, ""orientation_offset"": 1.5707963267948966, ""sigma_scale"": 0.55, ""strength"": 0.12}",27.02799729760429,0.9315969390202463,0.0019824409964453883,27.036493195441484,0.9318053541947007,0.0019785666316064973,0.008495897837192956,0.0002084151744543572,-3.874364838890934e-06,0.00042539509013295174,0.24861079999391222
353__M_Left_index_finger.BMP,353,"M2 Modified Gabor (detail_clip=0.1, frequencies=0.075/0.095/0.115/0.14, gamma=0.5, orientation_bins=12, orientation_offset=1.5708, sigma_scale=0.55, strength=0.12)",M2 Modified Gabor,"{""detail_clip"": 0.1, ""frequencies"": [0.075, 0.095, 0.115, 0.14], ""gamma"": 0.5, ""orientation_bins"": 12, ""orientation_offset"": 1.5707963267948966, ""sigma_scale"": 0.55, ""strength"": 0.12}",27.210708483175573,0.7456378089148998,0.0019007681741822528,27.216865472974128,0.7459139890207946,0.001898075365733296,0.006156989798554946,0.0002761801058948077,-2.6928084489567534e-06,0.0001847798121161759,0.00101120000181254
353__M_Left_little_finger.BMP,353,"M2 Modified Gabor (detail_clip=0.1, frequencies=0.075/0.095/0.115/0.14, gamma=0.5, orientation_bins=12, orientation_offset=1.5708, sigma_scale=0.55, strength=0.12)",M2 Modified Gabor,"{""detail_clip"": 0.1, ""frequencies"": [0.075, 0.095, 0.115, 0.14], ""gamma"": 0.5, ""orientation_bins"": 12, ""orientation_offset"": 1.5707963267948966, ""sigma_scale"": 0.55, ""strength"": 0.12}",27.310469338294897,0.8111156491096616,0.0018576036946173202,27.32730264309822,0.81183234264943,0.001850417536830115,0.016833304803324012,0.0007166935397684426,-7.186157787205348e-06,0.00027687911642715335,0.18582299999980023
353__M_Left_middle_finger.BMP,353,"M2 Modified Gabor (detail_clip=0.1, frequencies=0.075/0.095/0.115/0.14, gamma=0.5, orientation_bins=12, orientation_offset=1.5708, sigma_scale=0.55, strength=0.12)",M2 Modified Gabor,"{""detail_clip"": 0.1, ""frequencies"": [0.075, 0.095, 0.115, 0.14], ""gamma"": 0.5, ""orientation_bins"": 12, ""orientation_offset"": 1.5707963267948966, ""sigma_scale"": 0.55, ""strength"": 0.12}",27.07881538087769,0.8079627258788943,0.001959379057768534,27.089022915866558,0.8084411885207892,0.001954779196314791,0.010207534988868616,0.0004784626418948834,-4.599861453743071e-06,0.00025521288625895977,0.0007781000022077933
353__M_Left_ring_finger.BMP,353,"M2 Modified Gabor (detail_clip=0.1, frequencies=0.075/0.095/0.115/0.14, gamma=0.5, orientation_bins=12, orientation_offset=1.5708, sigma_scale=0.55, strength=0.12)",M2 Modified Gabor,"{""detail_clip"": 0.1, ""frequencies"": [0.075, 0.095, 0.115, 0.14], ""gamma"": 0.5, ""orientation_bins"": 12, ""orientation_offset"": 1.5707963267948966, ""sigma_scale"": 0.55, ""strength"": 0.12}",26.889426053059687,0.8387388352847099,0.0020467151048752454,26.8943567100494,0.8390286261513233,0.0020443927351306602,0.004930656989714066,0.00028979086661340414,-2.322369744585124e-06,0.0002774955064523965,0.1952986999967834
353__M_Left_thumb_finger.BMP,353,"M2 Modified Gabor (detail_clip=0.1, frequencies=0.075/0.095/0.115/0.14, gamma=0.5, orientation_bins=12, orientation_offset=1.5708, sigma_scale=0.55, strength=0.12)",M2 Modified Gabor,"{""detail_clip"": 0.1, ""frequencies"": [0.075, 0.095, 0.115, 0.14], ""gamma"": 0.5, ""orientation_bins"": 12, ""orientation_offset"": 1.5707963267948966, ""sigma_scale"": 0.55, ""strength"": 0.12}",27.050436755067842,0.817199472497642,0.0019722243862978625,27.057905918711683,0.8175631682460308,0.001968835393989645,0.007469163643840204,0.0003636957483887926,-3.3889923082173687e-06,0.0002795984037220478,0.1930519999950775
353__M_Right_index_finger.BMP,353,"M2 Modified Gabor (detail_clip=0.1, frequencies=0.075/0.095/0.115/0.14, gamma=0.5, orientation_bins=12, orientation_offset=1.5708, sigma_scale=0.55, strength=0.12)",M2 Modified Gabor,"{""detail_clip"": 0.1, ""frequencies"": [0.075, 0.095, 0.115, 0.14], ""gamma"": 0.5, ""orientation_bins"": 12, ""orientation_offset"": 1.5707963267948966, ""sigma_scale"": 0.55, ""strength"": 0.12}",27.759630496506418,0.7777755392009615,0.001675085388445793,27.768014859051778,0.7780760130376517,0.0016718546370725854,0.008384362545360347,0.0003004738366901849,-3.2307513732076926e-06,0.00022004518541507423,0.21004399999947054
353__M_Right_little_finger.BMP,353,"M2 Modified Gabor (detail_clip=0.1, frequencies=0.075/0.095/0.115/0.14, gamma=0.5, orientation_bins=12, orientation_offset=1.5708, sigma_scale=0.55, strength=0.12)",M2 Modified Gabor,"{""detail_clip"": 0.1, ""frequencies"": [0.075, 0.095, 0.115, 0.14], ""gamma"": 0.5, ""orientation_bins"": 12, ""orientation_offset"": 1.5707963267948966, ""sigma_scale"": 0.55, ""strength"": 0.12}",27.173805315813695,0.7856670542563796,0.001916988327244512,27.1824247907386,0.7860659922804236,0.0019131874393082818,0.008619474924906001,0.00039893802404400436,-3.800887936230169e-06,0.00023331618285737932,0.17743580000387738
353__M_Right_middle_finger.BMP,353,"M2 Modified Gabor (detail_clip=0.1, frequencies=0.075/0.095/0.115/0.14, gamma=0.5, orientation_bins=12, orientation_offset=1.5708, sigma_scale=0.55, strength=0.12)",M2 Modified Gabor,"{""detail_clip"": 0.1, ""frequencies"": [0.075, 0.095, 0.115, 0.14], ""gamma"": 0.5, ""orientation_bins"": 12, ""orientation_offset"": 1.5707963267948966, ""sigma_scale"": 0.55, ""strength"": 0.12}",26.857230134638407,0.8565264380849004,0.002061944571451783,26.864048576218735,0.8568975614513457,0.0020587098497545017,0.006818441580328738,0.00037112336644529176,-3.234721697281326e-06,0.00029140242259018123,0.25789500000246335
353__M_Right_ring_finger.BMP,353,"M2 Modified Gabor (detail_clip=0.1, frequencies=0.075/0.095/0.115/0.14, gamma=0.5, orientation_bins=12, orientation_offset=1.5708, sigma_scale=0.55, strength=0.12)",M2 Modified Gabor,"{""detail_clip"": 0.1, ""frequencies"": [0.075, 0.095, 0.115, 0.14], ""gamma"": 0.5, ""orientation_bins"": 12, ""orientation_offset"": 1.5707963267948966, ""sigma_scale"": 0.55, ""strength"": 0.12}",26.911811584863287,0.8226192198185026,0.0020361925377766475,26.918985807840826,0.8229898986813128,0.002032831675322279,0.007174222977539557,0.0003706788628101698,-3.360862454368334e-06,0.00026545816217549145,0.24316130000079283
353__M_Right_thumb_finger.BMP,353,"M2 Modified Gabor (detail_clip=0.1, frequencies=0.075/0.095/0.115/0.14, gamma=0.5, orientation_bins=12, orientation_offset=1.5708, sigma_scale=0.55, strength=0.12)",M2 Modified Gabor,"{""detail_clip"": 0.1, ""frequencies"": [0.075, 0.095, 0.115, 0.14], ""gamma"": 0.5, ""orientation_bins"": 12, ""orientation_offset"": 1.5707963267948966, ""sigma_scale"": 0.55, ""strength"": 0.12}",27.32793629146971,0.8724088980541229,0.0018501475751853827,27.334339448156847,0.8726066186200381,0.0018474217621108555,0.006403156687134981,0.0001977205659151604,-2.7258130745272738e-06,0.0002939396072179079,0.20669420000194805
382__M_Left_index_finger.BMP,382,"M2 Modified Gabor (detail_clip=0.1, frequencies=0.075/0.095/0.115/0.14, gamma=0.5, orientation_bins=12, orientation_offset=1.5708, sigma_scale=0.55, strength=0.12)",M2 Modified Gabor,"{""detail_clip"": 0.1, ""frequencies"": [0.075, 0.095, 0.115, 0.14], ""gamma"": 0.5, ""orientation_bins"": 12, ""orientation_offset"": 1.5707963267948966, ""sigma_scale"": 0.55, ""strength"": 0.12}",27.724036629139857,0.7947871396856904,0.0016888704505084351,27.73370336957861,0.7951209239119887,0.0016851154600659177,0.009666740438753152,0.00033378422629837257,-3.754990442517408e-06,0.0002144702011719346,0.19641959999717074
382__M_Left_little_finger.BMP,382,"M2 Modified Gabor (detail_clip=0.1, frequencies=0.075/0.095/0.115/0.14, gamma=0.5, orientation_bins=12, orientation_offset=1.5708, sigma_scale=0.55, strength=0.12)",M2 Modified Gabor,"{""detail_clip"": 0.1, ""frequencies"": [0.075, 0.095, 0.115, 0.14], ""gamma"": 0.5, ""orientation_bins"": 12, ""orientation_offset"": 1.5707963267948966, ""sigma_scale"": 0.55, ""strength"": 0.12}",27.09271034075746,0.893729249388218,0.0019531201740218458,27.101076286447597,0.8940540448119044,0.0019493614411212699,0.008365945690137266,0.00032479542368646364,-3.758732900575922e-06,0.0003291996254120022,0.20175060000474332
382__M_Left_middle_finger.BMP,382,"M2 Modified Gabor (detail_clip=0.1, frequencies=0.075/0.095/0.115/0.14, gamma=0.5, orientation_bins=12, orientation_offset=1.5708, sigma_scale=0.55, strength=0.12)",M2 Modified Gabor,"{""detail_clip"": 0.1, ""frequencies"": [0.075, 0.095, 0.115, 0.14], ""gamma"": 0.5, ""orientation_bins"": 12, ""orientation_offset"": 1.5707963267948966, ""sigma_scale"": 0.55, ""strength"": 0.12}",27.57607971360535,0.8350109269056917,0.0017473987819297552,27.582569502385223,0.8352210250366926,0.0017447895431141462,0.0064897887798736065,0.00021009813100092423,-2.6092388156089864e-06,0.00022165047994349152,0.23844190000090748
382__M_Left_ring_finger.BMP,382,"M2 Modified Gabor (detail_clip=0.1, frequencies=0.075/0.095/0.115/0.14, gamma=0.5, orientation_bins=12, orientation_offset=1.5708, sigma_scale=0.55, strength=0.12)",M2 Modified Gabor,"{""detail_clip"": 0.1, ""frequencies"": [0.075, 0.095, 0.115, 0.14], ""gamma"": 0.5, ""orientation_bins"": 12, ""orientation_offset"": 1.5707963267948966, ""sigma_scale"": 0.55, ""strength"": 0.12}",27.060884356324884,0.8998926139307618,0.0019674856086986654,27.07081984413579,0.9002293942548036,0.0019629896763438976,0.009935487810906807,0.0003367803240418299,-4.495932354767803e-06,0.0003333960776217282,0.20922240000072634
382__M_Left_thumb_finger.BMP,382,"M2 Modified Gabor (detail_clip=0.1, frequencies=0.075/0.095/0.115/0.14, gamma=0.5, orientation_bins=12, orientation_offset=1.5708, sigma_scale=0.55, strength=0.12)",M2 Modified Gabor,"{""detail_clip"": 0.1, ""frequencies"": [0.075, 0.095, 0.115, 0.14], ""gamma"": 0.5, ""orientation_bins"": 12, ""orientation_offset"": 1.5707963267948966, ""sigma_scale"": 0.55, ""strength"": 0.12}",27.255791680260188,0.8907386924384832,0.0018811387600763264,27.26651173615248,0.8910233206942677,0.0018765011131926888,0.010720055892292635,0.00028462825578445816,-4.637646883637629e-06,0.0003742305561900139,0.17388629999913974
382__M_Right_index_finger.BMP,382,"M2 Modified Gabor (detail_clip=0.1, frequencies=0.075/0.095/0.115/0.14, gamma=0.5, orientation_bins=12, orientation_offset=1.5708, sigma_scale=0.55, strength=0.12)",M2 Modified Gabor,"{""detail_clip"": 0.1, ""frequencies"": [0.075, 0.095, 0.115, 0.14], ""gamma"": 0.5, ""orientation_bins"": 12, ""orientation_offset"": 1.5707963267948966, ""sigma_scale"": 0.55, ""strength"": 0.12}",27.455173245065584,0.8698757472695112,0.0017967294051407137,27.472568320396988,0.8704347069749236,0.0017895472428465478,0.01739507533140383,0.0005589597054124207,-7.182162294165845e-06,0.0004449468106031418,0.1964838999992935
382__M_Right_little_finger.BMP,382,"M2 Modified Gabor (detail_clip=0.1, frequencies=0.075/0.095/0.115/0.14, gamma=0.5, orientation_bins=12, orientation_offset=1.5708, sigma_scale=0.55, strength=0.12)",M2 Modified Gabor,"{""detail_clip"": 0.1, ""frequencies"": [0.075, 0.095, 0.115, 0.14], ""gamma"": 0.5, ""orientation_bins"": 12, ""orientation_offset"": 1.5707963267948966, ""sigma_scale"": 0.55, ""strength"": 0.12}",27.739852403413927,0.8104227801680863,0.001682731248342592,27.751885157530708,0.810799417698741,0.0016780754518182697,0.012032754116781064,0.00037663753065464434,-4.6557965243223046e-06,0.00027754585607908666,0.22385660000145435
382__M_Right_middle_finger.BMP,382,"M2 Modified Gabor (detail_clip=0.1, frequencies=0.075/0.095/0.115/0.14, gamma=0.5, orientation_bins=12, orientation_offset=1.5708, sigma_scale=0.55, strength=0.12)",M2 Modified Gabor,"{""detail_clip"": 0.1, ""frequencies"": [0.075, 0.095, 0.115, 0.14], ""gamma"": 0.5, ""orientation_bins"": 12, ""orientation_offset"": 1.5707963267948966, ""sigma_scale"": 0.55, ""strength"": 0.12}",27.363344701743767,0.8778663659537435,0.0018351244851289054,27.37700961534435,0.8783321117222905,0.0018293594090597024,0.013664913600582196,0.0004657457685470767,-5.7650760692030435e-06,0.0003690755693241954,0.2006958999991184
382__M_Right_ring_finger.BMP,382,"M2 Modified Gabor (detail_clip=0.1, frequencies=0.075/0.095/0.115/0.14, gamma=0.5, orientation_bins=12, orientation_offset=1.5708, sigma_scale=0.55, strength=0.12)",M2 Modified Gabor,"{""detail_clip"": 0.1, ""frequencies"": [0.075, 0.095, 0.115, 0.14], ""gamma"": 0.5, ""orientation_bins"": 12, ""orientation_offset"": 1.5707963267948966, ""sigma_scale"": 0.55, ""strength"": 0.12}",27.682723706584703,0.8205907543003559,0.0017050127435947287,27.695607715945663,0.8209814753215313,0.0016999620583023037,0.01288400936095968,0.00039072102117543306,-5.050685292424953e-06,0.00028905586805194616,0.19216989999404177
382__M_Right_thumb_finger.BMP,382,"M2 Modified Gabor (detail_clip=0.1, frequencies=0.075/0.095/0.115/0.14, gamma=0.5, orientation_bins=12, orientation_offset=1.5708, sigma_scale=0.55, strength=0.12)",M2 Modified Gabor,"{""detail_clip"": 0.1, ""frequencies"": [0.075, 0.095, 0.115, 0.14], ""gamma"": 0.5, ""orientation_bins"": 12, ""orientation_offset"": 1.5707963267948966, ""sigma_scale"": 0.55, ""strength"": 0.12}",27.614139616680177,0.8601692046675384,0.001732152154429862,27.62107123297698,0.8604937998535037,0.001729389734450416,0.006931616296803611,0.0003245951859652818,-2.762419979445872e-06,0.0002845415147021413,0.17927169999893522
95__M_Left_index_finger.BMP,95,"M2 Modified Gabor (detail_clip=0.1, frequencies=0.075/0.095/0.115/0.14, gamma=0.5, orientation_bins=12, orientation_offset=1.5708, sigma_scale=0.55, strength=0.12)",M2 Modified Gabor,"{""detail_clip"": 0.1, ""frequencies"": [0.075, 0.095, 0.115, 0.14], ""gamma"": 0.5, ""orientation_bins"": 12, ""orientation_offset"": 1.5707963267948966, ""sigma_scale"": 0.55, ""strength"": 0.12}",27.39134677204572,0.8359918886170089,0.0018233301895119857,27.405793294377283,0.8364826083878278,0.0018172750772573376,0.014446522331564182,0.000490719770818937,-6.055112254648104e-06,0.00028684319113381207,0.18011259999912
95__M_Left_little_finger.BMP,95,"M2 Modified Gabor (detail_clip=0.1, frequencies=0.075/0.095/0.115/0.14, gamma=0.5, orientation_bins=12, orientation_offset=1.5708, sigma_scale=0.55, strength=0.12)",M2 Modified Gabor,"{""detail_clip"": 0.1, ""frequencies"": [0.075, 0.095, 0.115, 0.14], ""gamma"": 0.5, ""orientation_bins"": 12, ""orientation_offset"": 1.5707963267948966, ""sigma_scale"": 0.55, ""strength"": 0.12}",27.54402322678643,0.7636391966834069,0.0017603445389775525,27.55212909483843,0.7640068046199083,0.0017570620168252252,0.008105868052002307,0.0003676079365014795,-3.282522152327303e-06,0.00020632680389098823,0.1774751999982982
95__M_Left_middle_finger.BMP,95,"M2 Modified Gabor (detail_clip=0.1, frequencies=0.075/0.095/0.115/0.14, gamma=0.5, orientation_bins=12, orientation_offset=1.5708, sigma_scale=0.55, strength=0.12)",M2 Modified Gabor,"{""detail_clip"": 0.1, ""frequencies"": [0.075, 0.095, 0.115, 0.14], ""gamma"": 0.5, ""orientation_bins"": 12, ""orientation_offset"": 1.5707963267948966, ""sigma_scale"": 0.55, ""strength"": 0.12}",27.293829348976956,0.8689211923083067,0.001864734754166977,27.30046164906835,0.869193930735588,0.0018618892098780516,0.006632300091393262,0.00027273842728137154,-2.845544288925363e-06,0.00025100616039708257,0.28344120000110706
95__M_Left_ring_finger.BMP,95,"M2 Modified Gabor (detail_clip=0.1, frequencies=0.075/0.095/0.115/0.14, gamma=0.5, orientation_bins=12, orientation_offset=1.5708, sigma_scale=0.55, strength=0.12)",M2 Modified Gabor,"{""detail_clip"": 0.1, ""frequencies"": [0.075, 0.095, 0.115, 0.14], ""gamma"": 0.5, ""orientation_bins"": 12, ""orientation_offset"": 1.5707963267948966, ""sigma_scale"": 0.55, ""strength"": 0.12}",27.092209087232433,0.8861374237051011,0.001953345612039718,27.10152882439557,0.8864934834527374,0.0019491583268511318,0.0093197371631355,0.0003560597476363059,-4.1872851885861855e-06,0.0002789715654216707,0.24465830000553979
95__M_Left_thumb_finger.BMP,95,"M2 Modified Gabor (detail_clip=0.1, frequencies=0.075/0.095/0.115/0.14, gamma=0.5, orientation_bins=12, orientation_offset=1.5708, sigma_scale=0.55, strength=0.12)",M2 Modified Gabor,"{""detail_clip"": 0.1, ""frequencies"": [0.075, 0.095, 0.115, 0.14], ""gamma"": 0.5, ""orientation_bins"": 12, ""orientation_offset"": 1.5707963267948966, ""sigma_scale"": 0.55, ""strength"": 0.12}",27.28356618176967,0.8596593739498853,0.001869146672021306,27.293054973522935,0.8599584894502162,0.00186506727820941,0.009488791753263115,0.0002991155003309043,-4.079393811896002e-06,0.00026738367159850895,0.23270400000183145
95__M_Right_index_finger.BMP,95,"M2 Modified Gabor (detail_clip=0.1, frequencies=0.075/0.095/0.115/0.14, gamma=0.5, orientation_bins=12, orientation_offset=1.5708, sigma_scale=0.55, strength=0.12)",M2 Modified Gabor,"{""detail_clip"": 0.1, ""frequencies"": [0.075, 0.095, 0.115, 0.14], ""gamma"": 0.5, ""orientation_bins"": 12, ""orientation_offset"": 1.5707963267948966, ""sigma_scale"": 0.55, ""strength"": 0.12}",27.733939330068015,0.7975209111049771,0.0016850239070106336,27.74461416689864,0.797881586329937,0.0016808872513760973,0.010674836830624201,0.00036067522495986104,-4.136655634536315e-06,0.00021827692398801446,0.2007076000008965
95__M_Right_little_finger.BMP,95,"M2 Modified Gabor (detail_clip=0.1, frequencies=0.075/0.095/0.115/0.14, gamma=0.5, orientation_bins=12, orientation_offset=1.5708, sigma_scale=0.55, strength=0.12)",M2 Modified Gabor,"{""detail_clip"": 0.1, ""frequencies"": [0.075, 0.095, 0.115, 0.14], ""gamma"": 0.5, ""orientation_bins"": 12, ""orientation_offset"": 1.5707963267948966, ""sigma_scale"": 0.55, ""strength"": 0.12}",27.35006041895754,0.8177310701611936,0.0018407463928654848,27.35723073321688,0.8179844379367233,0.0018377097803986954,0.007170314259340671,0.00025336777552964485,-3.036612466789405e-06,0.00021241983631625772,0.22551709999970626
95__M_Right_middle_finger.BMP,95,"M2 Modified Gabor (detail_clip=0.1, frequencies=0.075/0.095/0.115/0.14, gamma=0.5, orientation_bins=12, orientation_offset=1.5708, sigma_scale=0.55, strength=0.12)",M2 Modified Gabor,"{""detail_clip"": 0.1, ""frequencies"": [0.075, 0.095, 0.115, 0.14], ""gamma"": 0.5, ""orientation_bins"": 12, ""orientation_offset"": 1.5707963267948966, ""sigma_scale"": 0.55, ""strength"": 0.12}",27.256887464854394,0.8745515389959216,0.001880664182818134,27.26178579391251,0.8747537685227991,0.0018785442114014849,0.004898329058114825,0.0002022295268774288,-2.1199714166492394e-06,0.0002220663009211421,0.20810209999763174
95__M_Right_ring_finger.BMP,95,"M2 Modified Gabor (detail_clip=0.1, frequencies=0.075/0.095/0.115/0.14, gamma=0.5, orientation_bins=12, orientation_offset=1.5708, sigma_scale=0.55, strength=0.12)",M2 Modified Gabor,"{""detail_clip"": 0.1, ""frequencies"": [0.075, 0.095, 0.115, 0.14], ""gamma"": 0.5, ""orientation_bins"": 12, ""orientation_offset"": 1.5707963267948966, ""sigma_scale"": 0.55, ""strength"": 0.12}",27.06599395535293,0.8813759167299867,0.0019651721666833826,27.073895148301823,0.8817367848791778,0.001961600146033324,0.007901192948892799,0.0003608681491911181,-3.5720206500587832e-06,0.00023725902428850532,0.19609440000203904
95__M_Right_thumb_finger.BMP,95,"M2 Modified Gabor (detail_clip=0.1, frequencies=0.075/0.095/0.115/0.14, gamma=0.5, orientation_bins=12, orientation_offset=1.5708, sigma_scale=0.55, strength=0.12)",M2 Modified Gabor,"{""detail_clip"": 0.1, ""frequencies"": [0.075, 0.095, 0.115, 0.14], ""gamma"": 0.5, ""orientation_bins"": 12, ""orientation_offset"": 1.5707963267948966, ""sigma_scale"": 0.55, ""strength"": 0.12}",27.280560331397304,0.858041308440566,0.0018704407985196255,27.289346937253498,0.8583325226981043,0.0018666603655253457,0.008786605856194285,0.0002912142575383081,-3.7804329942798566e-06,0.00026650872314348817,0.1927806999956374
344__M_Left_index_finger.BMP,344,"M2 Modified Gabor (detail_clip=0.1, frequencies=0.075/0.095/0.115/0.14, gamma=0.5, orientation_bins=12, orientation_offset=1.5708, sigma_scale=0.55, strength=0.12)",M2 Modified Gabor,"{""detail_clip"": 0.1, ""frequencies"": [0.075, 0.095, 0.115, 0.14], ""gamma"": 0.5, ""orientation_bins"": 12, ""orientation_offset"": 1.5707963267948966, ""sigma_scale"": 0.55, ""strength"": 0.12}",27.762510472264623,0.7805653719962835,0.0016739749423528873,27.77557596163271,0.7810255245537162,0.001668946456742777,0.013065489368088379,0.00046015255743270256,-5.0284856101103035e-06,0.00036908587208017707,0.2633432999937213
344__M_Left_little_finger.BMP,344,"M2 Modified Gabor (detail_clip=0.1, frequencies=0.075/0.095/0.115/0.14, gamma=0.5, orientation_bins=12, orientation_offset=1.5708, sigma_scale=0.55, strength=0.12)",M2 Modified Gabor,"{""detail_clip"": 0.1, ""frequencies"": [0.075, 0.095, 0.115, 0.14], ""gamma"": 0.5, ""orientation_bins"": 12, ""orientation_offset"": 1.5707963267948966, ""sigma_scale"": 0.55, ""strength"": 0.12}",27.452418963348357,0.827007361033082,0.0017978692465879286,27.461599737681723,0.8273684673808813,0.001794072652676504,0.00918077433336606,0.0003611063477992893,-3.7965939114245183e-06,0.00031075457809492946,0.2106867999973474
344__M_Left_middle_finger.BMP,344,"M2 Modified Gabor (detail_clip=0.1, frequencies=0.075/0.095/0.115/0.14, gamma=0.5, orientation_bins=12, orientation_offset=1.5708, sigma_scale=0.55, strength=0.12)",M2 Modified Gabor,"{""detail_clip"": 0.1, ""frequencies"": [0.075, 0.095, 0.115, 0.14], ""gamma"": 0.5, ""orientation_bins"": 12, ""orientation_offset"": 1.5707963267948966, ""sigma_scale"": 0.55, ""strength"": 0.12}",27.198867390325397,0.8704623010368348,0.0019059577136130844,27.2089804166652,0.8708469895220399,0.001901524644166229,0.010113026339801934,0.0003846884852051202,-4.433069446855469e-06,0.00033941303263418376,0.24039829999674112
344__M_Left_ring_finger.BMP,344,"M2 Modified Gabor (detail_clip=0.1, frequencies=0.075/0.095/0.115/0.14, gamma=0.5, orientation_bins=12, orientation_offset=1.5708, sigma_scale=0.55, strength=0.12)",M2 Modified Gabor,"{""detail_clip"": 0.1, ""frequencies"": [0.075, 0.095, 0.115, 0.14], ""gamma"": 0.5, ""orientation_bins"": 12, ""orientation_offset"": 1.5707963267948966, ""sigma_scale"": 0.55, ""strength"": 0.12}",27.60905736985692,0.799125665891707,0.0017341803583473727,27.617847840572082,0.7994562577495575,0.0017306737873718154,0.008790470715162257,0.00033059185785055956,-3.5065709755573247e-06,0.00030388167942874134,0.21342510000249604
344__M_Left_thumb_finger.BMP,344,"M2 Modified Gabor (detail_clip=0.1, frequencies=0.075/0.095/0.115/0.14, gamma=0.5, orientation_bins=12, orientation_offset=1.5708, sigma_scale=0.55, strength=0.12)",M2 Modified Gabor,"{""detail_clip"": 0.1, ""frequencies"": [0.075, 0.095, 0.115, 0.14], ""gamma"": 0.5, ""orientation_bins"": 12, ""orientation_offset"": 1.5707963267948966, ""sigma_scale"": 0.55, ""strength"": 0.12}",27.632042690311692,0.8132330956027806,0.0017250263404855889,27.64047405800003,0.8135436305581033,0.001721680633149648,0.008431367688338298,0.0003105349553227388,-3.3457073359409884e-06,0.00023170172062236816,0.19060909999825526
344__M_Right_index_finger.BMP,344,"M2 Modified Gabor (detail_clip=0.1, frequencies=0.075/0.095/0.115/0.14, gamma=0.5, orientation_bins=12, orientation_offset=1.5708, sigma_scale=0.55, strength=0.12)",M2 Modified Gabor,"{""detail_clip"": 0.1, ""frequencies"": [0.075, 0.095, 0.115, 0.14], ""gamma"": 0.5, ""orientation_bins"": 12, ""orientation_offset"": 1.5707963267948966, ""sigma_scale"": 0.55, ""strength"": 0.12}",28.06532231982077,0.7543945262865425,0.0015612331638131629,28.078494500199373,0.754866442220211,0.0015565051070330167,0.01317218037860357,0.0004719159336685763,-4.72805678014619e-06,0.0002668960951268673,0.1828105000022333
344__M_Right_little_finger.BMP,344,"M2 Modified Gabor (detail_clip=0.1, frequencies=0.075/0.095/0.115/0.14, gamma=0.5, orientation_bins=12, orientation_offset=1.5708, sigma_scale=0.55, strength=0.12)",M2 Modified Gabor,"{""detail_clip"": 0.1, ""frequencies"": [0.075, 0.095, 0.115, 0.14], ""gamma"": 0.5, ""orientation_bins"": 12, ""orientation_offset"": 1.5707963267948966, ""sigma_scale"": 0.55, ""strength"": 0.12}",27.731778392957537,0.7995503482174575,0.0016858625399856957,27.743017583728665,0.7999529396383762,0.0016815053042789595,0.011239190771128449,0.0004025914209186965,-4.357235706736219e-06,0.00025915587320923805,0.0010872999991988763
344__M_Right_middle_finger.BMP,344,"M2 Modified Gabor (detail_clip=0.1, frequencies=0.075/0.095/0.115/0.14, gamma=0.5, orientation_bins=12, orientation_offset=1.5708, sigma_scale=0.55, strength=0.12)",M2 Modified Gabor,"{""detail_clip"": 0.1, ""frequencies"": [0.075, 0.095, 0.115, 0.14], ""gamma"": 0.5, ""orientation_bins"": 12, ""orientation_offset"": 1.5707963267948966, ""sigma_scale"": 0.55, ""strength"": 0.12}",27.123512802150984,0.8627072790634036,0.001939316621763977,27.130380532958654,0.8630435285124779,0.0019362523002441974,0.006867730807670114,0.00033624944907428844,-3.064321519779655e-06,0.0002899605897255242,0.2095024000009289
344__M_Right_ring_finger.BMP,344,"M2 Modified Gabor (detail_clip=0.1, frequencies=0.075/0.095/0.115/0.14, gamma=0.5, orientation_bins=12, orientation_offset=1.5708, sigma_scale=0.55, strength=0.12)",M2 Modified Gabor,"{""detail_clip"": 0.1, ""frequencies"": [0.075, 0.095, 0.115, 0.14], ""gamma"": 0.5, ""orientation_bins"": 12, ""orientation_offset"": 1.5707963267948966, ""sigma_scale"": 0.55, ""strength"": 0.12}",27.835652295697912,0.7775291997701526,0.0016460187212879532,27.84663441141592,0.777947993071556,0.0016418616498805438,0.01098211571800789,0.00041879330140348614,-4.157071407409358e-06,0.0002541491121519357,0.23030390000349144
344__M_Right_thumb_finger.BMP,344,"M2 Modified Gabor (detail_clip=0.1, frequencies=0.075/0.095/0.115/0.14, gamma=0.5, orientation_bins=12, orientation_offset=1.5708, sigma_scale=0.55, strength=0.12)",M2 Modified Gabor,"{""detail_clip"": 0.1, ""frequencies"": [0.075, 0.095, 0.115, 0.14], ""gamma"": 0.5, ""orientation_bins"": 12, ""orientation_offset"": 1.5707963267948966, ""sigma_scale"": 0.55, ""strength"": 0.12}",27.33616603778286,0.8854889540035129,0.0018466449224242521,27.3436262517003,0.8857435936226845,0.0018434755198347436,0.007460213917440228,0.0002546396191716038,-3.16940258950852e-06,0.00033132469980046153,0.000807099997473415
11__M_Left_index_finger.BMP,11,"M2 Modified Gabor (detail_clip=0.1, frequencies=0.075/0.095/0.115/0.14, gamma=0.5, orientation_bins=12, orientation_offset=1.5708, sigma_scale=0.55, strength=0.12)",M2 Modified Gabor,"{""detail_clip"": 0.1, ""frequencies"": [0.075, 0.095, 0.115, 0.14], ""gamma"": 0.5, ""orientation_bins"": 12, ""orientation_offset"": 1.5707963267948966, ""sigma_scale"": 0.55, ""strength"": 0.12}",27.203616911366883,0.9008611038495302,0.0019038744639929986,27.218604300628968,0.9014279991395473,0.001897315566691279,0.014987389262085316,0.0005668952900170776,-6.558897301719513e-06,0.0003793584182858467,0.17547679999552201
11__M_Left_little_finger.BMP,11,"M2 Modified Gabor (detail_clip=0.1, frequencies=0.075/0.095/0.115/0.14, gamma=0.5, orientation_bins=12, orientation_offset=1.5708, sigma_scale=0.55, strength=0.12)",M2 Modified Gabor,"{""detail_clip"": 0.1, ""frequencies"": [0.075, 0.095, 0.115, 0.14], ""gamma"": 0.5, ""orientation_bins"": 12, ""orientation_offset"": 1.5707963267948966, ""sigma_scale"": 0.55, ""strength"": 0.12}",27.603947845869165,0.8116633612370789,0.0017362218419469892,27.621539117517273,0.8122578266915083,0.0017292034297264865,0.01759127164810792,0.000594465454429316,-7.0184122205026525e-06,0.0003213270101696253,0.3437086000049021
11__M_Left_middle_finger.BMP,11,"M2 Modified Gabor (detail_clip=0.1, frequencies=0.075/0.095/0.115/0.14, gamma=0.5, orientation_bins=12, orientation_offset=1.5708, sigma_scale=0.55, strength=0.12)",M2 Modified Gabor,"{""detail_clip"": 0.1, ""frequencies"": [0.075, 0.095, 0.115, 0.14], ""gamma"": 0.5, ""orientation_bins"": 12, ""orientation_offset"": 1.5707963267948966, ""sigma_scale"": 0.55, ""strength"": 0.12}",27.590430544347054,0.8268025367977023,0.0017416342053143082,27.605411581896693,0.827298641138196,0.0017356367683743275,0.014981037549638643,0.0004961043404936305,-5.997436939980715e-06,0.00032241432927548885,0.2378227999943192
11__M_Left_ring_finger.BMP,11,"M2 Modified Gabor (detail_clip=0.1, frequencies=0.075/0.095/0.115/0.14, gamma=0.5, orientation_bins=12, orientation_offset=1.5708, sigma_scale=0.55, strength=0.12)",M2 Modified Gabor,"{""detail_clip"": 0.1, ""frequencies"": [0.075, 0.095, 0.115, 0.14], ""gamma"": 0.5, ""orientation_bins"": 12, ""orientation_offset"": 1.5707963267948966, ""sigma_scale"": 0.55, ""strength"": 0.12}",27.392334022377923,0.8411362929831148,0.001822915752113899,27.40516076496573,0.8415739583098293,0.0018175397740691488,0.012826742587805029,0.0004376653267145203,-5.3759780447501775e-06,0.00026661064475774765,0.40845400000398513
11__M_Left_thumb_finger.BMP,11,"M2 Modified Gabor (detail_clip=0.1, frequencies=0.075/0.095/0.115/0.14, gamma=0.5, orientation_bins=12, orientation_offset=1.5708, sigma_scale=0.55, strength=0.12)",M2 Modified Gabor,"{""detail_clip"": 0.1, ""frequencies"": [0.075, 0.095, 0.115, 0.14], ""gamma"": 0.5, ""orientation_bins"": 12, ""orientation_offset"": 1.5707963267948966, ""sigma_scale"": 0.55, ""strength"": 0.12}",27.226832768569444,0.8868178059300185,0.0018937241741067202,27.231351279838126,0.8869815093585849,0.001891754919475189,0.004518511268681635,0.00016370342856641962,-1.9692546315312406e-06,0.0002204298070864752,0.23185450000164565
11__M_Right_index_finger.BMP,11,"M2 Modified Gabor (detail_clip=0.1, frequencies=0.075/0.095/0.115/0.14, gamma=0.5, orientation_bins=12, orientation_offset=1.5708, sigma_scale=0.55, strength=0.12)",M2 Modified Gabor,"{""detail_clip"": 0.1, ""frequencies"": [0.075, 0.095, 0.115, 0.14], ""gamma"": 0.5, ""orientation_bins"": 12, ""orientation_offset"": 1.5707963267948966, ""sigma_scale"": 0.55, ""strength"": 0.12}",27.136074356580547,0.9018011115424037,0.001933715437414644,27.143906988689537,0.902118416359961,0.0019302310662667637,0.007832632108989657,0.0003173048175573179,-3.4843711478802202e-06,0.00036571078817360103,0.1917048999966937
11__M_Right_little_finger.BMP,11,"M2 Modified Gabor (detail_clip=0.1, frequencies=0.075/0.095/0.115/0.14, gamma=0.5, orientation_bins=12, orientation_offset=1.5708, sigma_scale=0.55, strength=0.12)",M2 Modified Gabor,"{""detail_clip"": 0.1, ""frequencies"": [0.075, 0.095, 0.115, 0.14], ""gamma"": 0.5, ""orientation_bins"": 12, ""orientation_offset"": 1.5707963267948966, ""sigma_scale"": 0.55, ""strength"": 0.12}",27.152824278914682,0.8622665558641552,0.0019262718237624946,27.163557409094242,0.8626444689780474,0.0019215171238550857,0.01073313017955968,0.00037791311389212545,-4.754699907408982e-06,0.00034598622005432844,0.000879699997312855
11__M_Right_middle_finger.BMP,11,"M2 Modified Gabor (detail_clip=0.1, frequencies=0.075/0.095/0.115/0.14, gamma=0.5, orientation_bins=12, orientation_offset=1.5708, sigma_scale=0.55, strength=0.12)",M2 Modified Gabor,"{""detail_clip"": 0.1, ""frequencies"": [0.075, 0.095, 0.115, 0.14], ""gamma"": 0.5, ""orientation_bins"": 12, ""orientation_offset"": 1.5707963267948966, ""sigma_scale"": 0.55, ""strength"": 0.12}",27.00580270522638,0.9078310691341758,0.001992598180785455,27.014777869388517,0.9082153690208494,0.0019884845137348216,0.008975164162137617,0.0003842998866736558,-4.113667050633513e-06,0.0003299828094895929,0.18802639999921666
11__M_Right_ring_finger.BMP,11,"M2 Modified Gabor (detail_clip=0.1, frequencies=0.075/0.095/0.115/0.14, gamma=0.5, orientation_bins=12, orientation_offset=1.5708, sigma_scale=0.55, strength=0.12)",M2 Modified Gabor,"{""detail_clip"": 0.1, ""frequencies"": [0.075, 0.095, 0.115, 0.14], ""gamma"": 0.5, ""orientation_bins"": 12, ""orientation_offset"": 1.5707963267948966, ""sigma_scale"": 0.55, ""strength"": 0.12}",27.021850611583677,0.8927556960483194,0.0019852487847385036,27.03287141079972,0.8931776875079274,0.001980217338989536,0.011020799216044708,0.00042199145960797324,-5.031445748967644e-06,0.0003712041361723095,0.20258630000171252
11__M_Right_thumb_finger.BMP,11,"M2 Modified Gabor (detail_clip=0.1, frequencies=0.075/0.095/0.115/0.14, gamma=0.5, orientation_bins=12, orientation_offset=1.5708, sigma_scale=0.55, strength=0.12)",M2 Modified Gabor,"{""detail_clip"": 0.1, ""frequencies"": [0.075, 0.095, 0.115, 0.14], ""gamma"": 0.5, ""orientation_bins"": 12, ""orientation_offset"": 1.5707963267948966, ""sigma_scale"": 0.55, ""strength"": 0.12}",27.17641616657664,0.8897543843449354,0.001915836236548887,27.183397053730083,0.8899955231232047,0.0019127591784802822,0.006980887153442694,0.00024113877826936747,-3.0770580686048134e-06,0.0002609384246170521,0.29989609999756794
596__M_Left_index_finger.BMP,596,"M2 Modified Gabor (detail_clip=0.1, frequencies=0.075/0.095/0.115/0.14, gamma=0.5, orientation_bins=12, orientation_offset=1.5708, sigma_scale=0.55, strength=0.12)",M2 Modified Gabor,"{""detail_clip"": 0.1, ""frequencies"": [0.075, 0.095, 0.115, 0.14], ""gamma"": 0.5, ""orientation_bins"": 12, ""orientation_offset"": 1.5707963267948966, ""sigma_scale"": 0.55, ""strength"": 0.12}",27.260806598241672,0.8798176140753031,0.0018789678110145568,27.267250674182776,0.8800497470798493,0.001876181859751393,0.006444075941104188,0.00023213300454616448,-2.785951263163883e-06,0.00023015816987026483,0.20626379999885103
596__M_Left_little_finger.BMP,596,"M2 Modified Gabor (detail_clip=0.1, frequencies=0.075/0.095/0.115/0.14, gamma=0.5, orientation_bins=12, orientation_offset=1.5708, sigma_scale=0.55, strength=0.12)",M2 Modified Gabor,"{""detail_clip"": 0.1, ""frequencies"": [0.075, 0.095, 0.115, 0.14], ""gamma"": 0.5, ""orientation_bins"": 12, ""orientation_offset"": 1.5707963267948966, ""sigma_scale"": 0.55, ""strength"": 0.12}",27.245229741228027,0.8731450250470638,0.0018857192125455908,27.255142963477958,0.8735351496361494,0.001881419771574374,0.009913222249931408,0.0003901245890856053,-4.299440971216933e-06,0.0002430311287753284,0.2129821999988053
596__M_Left_middle_finger.BMP,596,"M2 Modified Gabor (detail_clip=0.1, frequencies=0.075/0.095/0.115/0.14, gamma=0.5, orientation_bins=12, orientation_offset=1.5708, sigma_scale=0.55, strength=0.12)",M2 Modified Gabor,"{""detail_clip"": 0.1, ""frequencies"": [0.075, 0.095, 0.115, 0.14], ""gamma"": 0.5, ""orientation_bins"": 12, ""orientation_offset"": 1.5707963267948966, ""sigma_scale"": 0.55, ""strength"": 0.12}",26.99262791235228,0.912509316891849,0.0019986521208996,27.000994329629087,0.9128310898761153,0.0019948055462503636,0.008366417276807425,0.00032177298426627754,-3.84657464923624e-06,0.00028502015629783273,0.0008251000035670586
596__M_Left_ring_finger.BMP,596,"M2 Modified Gabor (detail_clip=0.1, frequencies=0.075/0.095/0.115/0.14, gamma=0.5, orientation_bins=12, orientation_offset=1.5708, sigma_scale=0.55, strength=0.12)",M2 Modified Gabor,"{""detail_clip"": 0.1, ""frequencies"": [0.075, 0.095, 0.115, 0.14], ""gamma"": 0.5, ""orientation_bins"": 12, ""orientation_offset"": 1.5707963267948966, ""sigma_scale"": 0.55, ""strength"": 0.12}",27.129796070868846,0.8973039204165042,0.001936512893520118,27.144740634904018,0.8978508158634901,0.0019298605859915492,0.014944564035172192,0.00054689544698594,-6.652307528568803e-06,0.00034284486901015043,0.21363580000615912
596__M_Left_thumb_finger.BMP,596,"M2 Modified Gabor (detail_clip=0.1, frequencies=0.075/0.095/0.115/0.14, gamma=0.5, orientation_bins=12, orientation_offset=1.5708, sigma_scale=0.55, strength=0.12)",M2 Modified Gabor,"{""detail_clip"": 0.1, ""frequencies"": [0.075, 0.095, 0.115, 0.14], ""gamma"": 0.5, ""orientation_bins"": 12, ""orientation_offset"": 1.5707963267948966, ""sigma_scale"": 0.55, ""strength"": 0.12}",27.379324201259738,0.8905684232832194,0.0018283847060455828,27.38545714249485,0.8907420329259038,0.0018258045530391014,0.006132941235112099,0.0001736096426844247,-2.5801530064814733e-06,0.00015307539433706552,0.19370049999997718
596__M_Right_index_finger.BMP,596,"M2 Modified Gabor (detail_clip=0.1, frequencies=0.075/0.095/0.115/0.14, gamma=0.5, orientation_bins=12, orientation_offset=1.5708, sigma_scale=0.55, strength=0.12)",M2 Modified Gabor,"{""detail_clip"": 0.1, ""frequencies"": [0.075, 0.095, 0.115, 0.14], ""gamma"": 0.5, ""orientation_bins"": 12, ""orientation_offset"": 1.5707963267948966, ""sigma_scale"": 0.55, ""strength"": 0.12}",27.133718326101807,0.9018753187772035,0.001934764755031613,27.140299938646,0.9020938021546602,0.0019318348932743788,0.006581612544191984,0.00021848337745666857,-2.9298617572341874e-06,0.00024914374807849526,0.1916267999986303
596__M_Right_little_finger.BMP,596,"M2 Modified Gabor (detail_clip=0.1, frequencies=0.075/0.095/0.115/0.14, gamma=0.5, orientation_bins=12, orientation_offset=1.5708, sigma_scale=0.55, strength=0.12)",M2 Modified Gabor,"{""detail_clip"": 0.1, ""frequencies"": [0.075, 0.095, 0.115, 0.14], ""gamma"": 0.5, ""orientation_bins"": 12, ""orientation_offset"": 1.5707963267948966, ""sigma_scale"": 0.55, ""strength"": 0.12}",27.37921045502823,0.8755564471014738,0.0018284325939654745,27.39353225552029,0.8760268824512959,0.0018224128728778534,0.014321800492062664,0.0004704353498220515,-6.019721087621157e-06,0.0003135443839710206,0.0012748000008286908
596__M_Right_middle_finger.BMP,596,"M2 Modified Gabor (detail_clip=0.1, frequencies=0.075/0.095/0.115/0.14, gamma=0.5, orientation_bins=12, orientation_offset=1.5708, sigma_scale=0.55, strength=0.12)",M2 Modified Gabor,"{""detail_clip"": 0.1, ""frequencies"": [0.075, 0.095, 0.115, 0.14], ""gamma"": 0.5, ""orientation_bins"": 12, ""orientation_offset"": 1.5707963267948966, ""sigma_scale"": 0.55, ""strength"": 0.12}",26.909507831988964,0.9266714336516261,0.0020372729403576964,26.91651071341186,0.9269668034456372,0.002033990539774302,0.007002881422895513,0.0002953697940111244,-3.2824005833944313e-06,0.00027337786741554737,0.21625170000334037
596__M_Right_ring_finger.BMP,596,"M2 Modified Gabor (detail_clip=0.1, frequencies=0.075/0.095/0.115/0.14, gamma=0.5, orientation_bins=12, orientation_offset=1.5708, sigma_scale=0.55, strength=0.12)",M2 Modified Gabor,"{""detail_clip"": 0.1, ""frequencies"": [0.075, 0.095, 0.115, 0.14], ""gamma"": 0.5, ""orientation_bins"": 12, ""orientation_offset"": 1.5707963267948966, ""sigma_scale"": 0.55, ""strength"": 0.12}",27.017619156241306,0.899512990084827,0.001987184012026754,27.02389537984122,0.8997620955630541,0.001984314299408955,0.006276223599915198,0.0002491054782270963,-2.8697126177989335e-06,0.00029114403878338635,0.19923209999979008
596__M_Right_thumb_finger.BMP,596,"M2 Modified Gabor (detail_clip=0.1, frequencies=0.075/0.095/0.115/0.14, gamma=0.5, orientation_bins=12, orientation_offset=1.5708, sigma_scale=0.55, strength=0.12)",M2 Modified Gabor,"{""detail_clip"": 0.1, ""frequencies"": [0.075, 0.095, 0.115, 0.14], ""gamma"": 0.5, ""orientation_bins"": 12, ""orientation_offset"": 1.5707963267948966, ""sigma_scale"": 0.55, ""strength"": 0.12}",27.048373670607816,0.9173447010877133,0.001973161499765388,27.05272432135823,0.917486179894507,0.0019711858269285563,0.004350650750414076,0.0001414788067937156,-1.975672836831803e-06,0.00018572190310806036,0.24068619999889052
64__M_Left_index_finger.BMP,64,"M2 Modified Gabor (detail_clip=0.1, frequencies=0.075/0.095/0.115/0.14, gamma=0.5, orientation_bins=12, orientation_offset=1.5708, sigma_scale=0.55, strength=0.12)",M2 Modified Gabor,"{""detail_clip"": 0.1, ""frequencies"": [0.075, 0.095, 0.115, 0.14], ""gamma"": 0.5, ""orientation_bins"": 12, ""orientation_offset"": 1.5707963267948966, ""sigma_scale"": 0.55, ""strength"": 0.12}",27.62826064340018,0.8292306531518697,0.0017265292313591058,27.6456659045147,0.8298534002273082,0.001719623650817463,0.01740526111452212,0.0006227470754385234,-6.905580541642729e-06,0.00031835600384511054,0.2960754000014276
64__M_Left_little_finger.BMP,64,"M2 Modified Gabor (detail_clip=0.1, frequencies=0.075/0.095/0.115/0.14, gamma=0.5, orientation_bins=12, orientation_offset=1.5708, sigma_scale=0.55, strength=0.12)",M2 Modified Gabor,"{""detail_clip"": 0.1, ""frequencies"": [0.075, 0.095, 0.115, 0.14], ""gamma"": 0.5, ""orientation_bins"": 12, ""orientation_offset"": 1.5707963267948966, ""sigma_scale"": 0.55, ""strength"": 0.12}",27.893549799331836,0.7610234317880273,0.0016242206213852067,27.908388672608588,0.7615322386574149,0.0016186804920649458,0.014838873276751485,0.0005088068693875902,-5.540129320260939e-06,0.0002614170662127435,0.275679600003059
64__M_Left_middle_finger.BMP,64,"M2 Modified Gabor (detail_clip=0.1, frequencies=0.075/0.095/0.115/0.14, gamma=0.5, orientation_bins=12, orientation_offset=1.5708, sigma_scale=0.55, strength=0.12)",M2 Modified Gabor,"{""detail_clip"": 0.1, ""frequencies"": [0.075, 0.095, 0.115, 0.14], ""gamma"": 0.5, ""orientation_bins"": 12, ""orientation_offset"": 1.5707963267948966, ""sigma_scale"": 0.55, ""strength"": 0.12}",27.366287206965186,0.8809769827733636,0.0018338815417542622,27.377003813440727,0.8813704260682463,0.001829361852971498,0.010716606475540402,0.0003934432948827782,-4.519688782764252e-06,0.00025208978331647813,0.0008985000022221357
64__M_Left_ring_finger.BMP,64,"M2 Modified Gabor (detail_clip=0.1, frequencies=0.075/0.095/0.115/0.14, gamma=0.5, orientation_bins=12, orientation_offset=1.5708, sigma_scale=0.55, strength=0.12)",M2 Modified Gabor,"{""detail_clip"": 0.1, ""frequencies"": [0.075, 0.095, 0.115, 0.14], ""gamma"": 0.5, ""orientation_bins"": 12, ""orientation_offset"": 1.5707963267948966, ""sigma_scale"": 0.55, ""strength"": 0.12}",27.55558662593171,0.8294891931387186,0.001755663730828133,27.567257995577346,0.8298870611194372,0.0017509518379097261,0.011671369645636531,0.0003978679807186136,-4.711892918406874e-06,0.0002858582010958344,0.2555295999991358
64__M_Left_thumb_finger.BMP,64,"M2 Modified Gabor (detail_clip=0.1, frequencies=0.075/0.095/0.115/0.14, gamma=0.5, orientation_bins=12, orientation_offset=1.5708, sigma_scale=0.55, strength=0.12)",M2 Modified Gabor,"{""detail_clip"": 0.1, ""frequencies"": [0.075, 0.095, 0.115, 0.14], ""gamma"": 0.5, ""orientation_bins"": 12, ""orientation_offset"": 1.5707963267948966, ""sigma_scale"": 0.55, ""strength"": 0.12}",27.204435955098237,0.91235571216169,0.0019035154427577963,27.214485923617737,0.9127156741917729,0.001899115627990322,0.010049968519499686,0.0003599620300829276,-4.3998147674743915e-06,0.00031640930683352053,0.23790079999889713
64__M_Right_index_finger.BMP,64,"M2 Modified Gabor (detail_clip=0.1, frequencies=0.075/0.095/0.115/0.14, gamma=0.5, orientation_bins=12, orientation_offset=1.5708, sigma_scale=0.55, strength=0.12)",M2 Modified Gabor,"{""detail_clip"": 0.1, ""frequencies"": [0.075, 0.095, 0.115, 0.14], ""gamma"": 0.5, ""orientation_bins"": 12, ""orientation_offset"": 1.5707963267948966, ""sigma_scale"": 0.55, ""strength"": 0.12}",27.238002271579553,0.8908969863732458,0.001888860013503536,27.25066493049727,0.8913091827209294,0.0018833607137676601,0.012662658917715675,0.00041219634768363544,-5.499299735875832e-06,0.00033516300027258694,0.17868750000343425
64__M_Right_little_finger.BMP,64,"M2 Modified Gabor (detail_clip=0.1, frequencies=0.075/0.095/0.115/0.14, gamma=0.5, orientation_bins=12, orientation_offset=1.5708, sigma_scale=0.55, strength=0.12)",M2 Modified Gabor,"{""detail_clip"": 0.1, ""frequencies"": [0.075, 0.095, 0.115, 0.14], ""gamma"": 0.5, ""orientation_bins"": 12, ""orientation_offset"": 1.5707963267948966, ""sigma_scale"": 0.55, ""strength"": 0.12}",27.444163471016246,0.8477464560411573,0.0018012900617678633,27.450533415720884,0.8479724798306822,0.0017986499850592256,0.006369944704637476,0.00022602378952496505,-2.6400767086376398e-06,0.00022406397329177707,0.0009838999976636842
64__M_Right_middle_finger.BMP,64,"M2 Modified Gabor (detail_clip=0.1, frequencies=0.075/0.095/0.115/0.14, gamma=0.5, orientation_bins=12, orientation_offset=1.5708, sigma_scale=0.55, strength=0.12)",M2 Modified Gabor,"{""detail_clip"": 0.1, ""frequencies"": [0.075, 0.095, 0.115, 0.14], ""gamma"": 0.5, ""orientation_bins"": 12, ""orientation_offset"": 1.5707963267948966, ""sigma_scale"": 0.55, ""strength"": 0.12}",27.4283313174614,0.8536297265289425,0.0018078686269653874,27.435242061497465,0.8539033428447544,0.0018049941298762025,0.006910744036066063,0.0002736163158119087,-2.8744970891848506e-06,0.00021752230532001704,0.19946730000083335
64__M_Right_ring_finger.BMP,64,"M2 Modified Gabor (detail_clip=0.1, frequencies=0.075/0.095/0.115/0.14, gamma=0.5, orientation_bins=12, orientation_offset=1.5708, sigma_scale=0.55, strength=0.12)",M2 Modified Gabor,"{""detail_clip"": 0.1, ""frequencies"": [0.075, 0.095, 0.115, 0.14], ""gamma"": 0.5, ""orientation_bins"": 12, ""orientation_offset"": 1.5707963267948966, ""sigma_scale"": 0.55, ""strength"": 0.12}",27.374413374669906,0.8559058133390546,0.0018304533389655862,27.3799459389025,0.8560978498800397,0.0018281229725265456,0.005532564232595405,0.0001920365409850966,-2.33036643904061e-06,0.00018096411076840013,0.22084259999974165
64__M_Right_thumb_finger.BMP,64,"M2 Modified Gabor (detail_clip=0.1, frequencies=0.075/0.095/0.115/0.14, gamma=0.5, orientation_bins=12, orientation_offset=1.5708, sigma_scale=0.55, strength=0.12)",M2 Modified Gabor,"{""detail_clip"": 0.1, ""frequencies"": [0.075, 0.095, 0.115, 0.14], ""gamma"": 0.5, ""orientation_bins"": 12, ""orientation_offset"": 1.5707963267948966, ""sigma_scale"": 0.55, ""strength"": 0.12}",27.17219743797839,0.9198942623021007,0.0019176981805384982,27.178096514480483,0.9200812380561233,0.0019150951152988166,0.005899076502092981,0.00018697575402260025,-2.603065239681606e-06,0.0002769604907371104,0.2085667999999714
135__F_Left_index_finger.BMP,135,"M2 Modified Gabor (detail_clip=0.1, frequencies=0.075/0.095/0.115/0.14, gamma=0.5, orientation_bins=12, orientation_offset=1.5708, sigma_scale=0.55, strength=0.12)",M2 Modified Gabor,"{""detail_clip"": 0.1, ""frequencies"": [0.075, 0.095, 0.115, 0.14], ""gamma"": 0.5, ""orientation_bins"": 12, ""orientation_offset"": 1.5707963267948966, ""sigma_scale"": 0.55, ""strength"": 0.12}",27.423818629850537,0.8518224754294157,0.0018097481319487815,27.443286418224805,0.8525810229951739,0.0018016538669911686,0.01946778837426777,0.0007585475657582164,-8.094264957612864e-06,0.00033526119659654796,0.19476589999976568
135__F_Left_little_finger.BMP,135,"M2 Modified Gabor (detail_clip=0.1, frequencies=0.075/0.095/0.115/0.14, gamma=0.5, orientation_bins=12, orientation_offset=1.5708, sigma_scale=0.55, strength=0.12)",M2 Modified Gabor,"{""detail_clip"": 0.1, ""frequencies"": [0.075, 0.095, 0.115, 0.14], ""gamma"": 0.5, ""orientation_bins"": 12, ""orientation_offset"": 1.5707963267948966, ""sigma_scale"": 0.55, ""strength"": 0.12}",27.84520262745671,0.7640395160872936,0.0016424030287879527,27.859181648330356,0.7645557778337002,0.0016371249798123344,0.013979020873644998,0.000516261746406621,-5.278048975618319e-06,0.00023380984202958643,0.22241829999984475
135__F_Left_middle_finger.BMP,135,"M2 Modified Gabor (detail_clip=0.1, frequencies=0.075/0.095/0.115/0.14, gamma=0.5, orientation_bins=12, orientation_offset=1.5708, sigma_scale=0.55, strength=0.12)",M2 Modified Gabor,"{""detail_clip"": 0.1, ""frequencies"": [0.075, 0.095, 0.115, 0.14], ""gamma"": 0.5, ""orientation_bins"": 12, ""orientation_offset"": 1.5707963267948966, ""sigma_scale"": 0.55, ""strength"": 0.12}",27.277573154300654,0.8487684782577753,0.0018717277731732577,27.28775648234132,0.8491616206973195,0.0018673440911897707,0.010183328040664463,0.0003931424395441363,-4.383681983486992e-06,0.00027513725217431784,0.226175299998431
135__F_Left_ring_finger.BMP,135,"M2 Modified Gabor (detail_clip=0.1, frequencies=0.075/0.095/0.115/0.14, gamma=0.5, orientation_bins=12, orientation_offset=1.5708, sigma_scale=0.55, strength=0.12)",M2 Modified Gabor,"{""detail_clip"": 0.1, ""frequencies"": [0.075, 0.095, 0.115, 0.14], ""gamma"": 0.5, ""orientation_bins"": 12, ""orientation_offset"": 1.5707963267948966, ""sigma_scale"": 0.55, ""strength"": 0.12}",27.513315591185844,0.8218552142975032,0.0017728355051089403,27.52179529943248,0.8222065456476808,0.0017693773766392393,0.008479708246635909,0.0003513313501776194,-3.4581284697010432e-06,0.000236331790802069,0.17716089999885298
135__F_Left_thumb_finger.BMP,135,"M2 Modified Gabor (detail_clip=0.1, frequencies=0.075/0.095/0.115/0.14, gamma=0.5, orientation_bins=12, orientation_offset=1.5708, sigma_scale=0.55, strength=0.12)",M2 Modified Gabor,"{""detail_clip"": 0.1, ""frequencies"": [0.075, 0.095, 0.115, 0.14], ""gamma"": 0.5, ""orientation_bins"": 12, ""orientation_offset"": 1.5707963267948966, ""sigma_scale"": 0.55, ""strength"": 0.12}",27.40938655376724,0.8404738877059519,0.0018157721246788688,27.41849377937262,0.8407922610022426,0.0018119684107516351,0.00910722560537991,0.0003183732962906971,-3.80371392723366e-06,0.0002871401375159621,0.0008094000004348345
135__F_Right_index_finger.BMP,135,"M2 Modified Gabor (detail_clip=0.1, frequencies=0.075/0.095/0.115/0.14, gamma=0.5, orientation_bins=12, orientation_offset=1.5708, sigma_scale=0.55, strength=0.12)",M2 Modified Gabor,"{""detail_clip"": 0.1, ""frequencies"": [0.075, 0.095, 0.115, 0.14], ""gamma"": 0.5, ""orientation_bins"": 12, ""orientation_offset"": 1.5707963267948966, ""sigma_scale"": 0.55, ""strength"": 0.12}",27.76410661094929,0.810985444376856,0.0016733598285670905,27.77452138059006,0.8113326032314897,0.0016693517699753887,0.010414769640767929,0.0003471588546336557,-4.008058591701809e-06,0.00022028604871593416,0.1901709000012488
135__F_Right_little_finger.BMP,135,"M2 Modified Gabor (detail_clip=0.1, frequencies=0.075/0.095/0.115/0.14, gamma=0.5, orientation_bins=12, orientation_offset=1.5708, sigma_scale=0.55, strength=0.12)",M2 Modified Gabor,"{""detail_clip"": 0.1, ""frequencies"": [0.075, 0.095, 0.115, 0.14], ""gamma"": 0.5, ""orientation_bins"": 12, ""orientation_offset"": 1.5707963267948966, ""sigma_scale"": 0.55, ""strength"": 0.12}",27.623988349878612,0.7982188686416746,0.0017282285089849337,27.635164334437334,0.7986114210109114,0.0017237868627278305,0.011175984558722263,0.00039255236923685377,-4.441646257103164e-06,0.00022849143715575337,0.19395749999966938
135__F_Right_middle_finger.BMP,135,"M2 Modified Gabor (detail_clip=0.1, frequencies=0.075/0.095/0.115/0.14, gamma=0.5, orientation_bins=12, orientation_offset=1.5708, sigma_scale=0.55, strength=0.12)",M2 Modified Gabor,"{""detail_clip"": 0.1, ""frequencies"": [0.075, 0.095, 0.115, 0.14], ""gamma"": 0.5, ""orientation_bins"": 12, ""orientation_offset"": 1.5707963267948966, ""sigma_scale"": 0.55, ""strength"": 0.12}",27.462280945105775,0.8639801968122423,0.0017937912676214527,27.471771773433005,0.86432912301898,0.001789875496880037,0.00949082832723036,0.0003489262067377652,-3.915770741415737e-06,0.00025570718571543694,0.17677099999855272
135__F_Right_ring_finger.BMP,135,"M2 Modified Gabor (detail_clip=0.1, frequencies=0.075/0.095/0.115/0.14, gamma=0.5, orientation_bins=12, orientation_offset=1.5708, sigma_scale=0.55, strength=0.12)",M2 Modified Gabor,"{""detail_clip"": 0.1, ""frequencies"": [0.075, 0.095, 0.115, 0.14], ""gamma"": 0.5, ""orientation_bins"": 12, ""orientation_offset"": 1.5707963267948966, ""sigma_scale"": 0.55, ""strength"": 0.12}",27.609956684626994,0.804960805271864,0.0017338212903388998,27.619046510561862,0.8052738422611356,0.0017301961804581318,0.0090898259348684,0.00031303698927165335,-3.625109880768052e-06,0.00022187651484273374,0.1957165999992867
135__F_Right_thumb_finger.BMP,135,"M2 Modified Gabor (detail_clip=0.1, frequencies=0.075/0.095/0.115/0.14, gamma=0.5, orientation_bins=12, orientation_offset=1.5708, sigma_scale=0.55, strength=0.12)",M2 Modified Gabor,"{""detail_clip"": 0.1, ""frequencies"": [0.075, 0.095, 0.115, 0.14], ""gamma"": 0.5, ""orientation_bins"": 12, ""orientation_offset"": 1.5707963267948966, ""sigma_scale"": 0.55, ""strength"": 0.12}",27.4081633167771,0.8748101439685225,0.0018162836284053958,27.41416698783504,0.8749852748662234,0.0018137745392277616,0.006003671057939641,0.0001751308977008259,-2.5090891776341755e-06,0.00022249181347433478,0.19526459999906365
424__M_Left_index_finger.BMP,424,"M2 Modified Gabor (detail_clip=0.1, frequencies=0.075/0.095/0.115/0.14, gamma=0.5, orientation_bins=12, orientation_offset=1.5708, sigma_scale=0.55, strength=0.12)",M2 Modified Gabor,"{""detail_clip"": 0.1, ""frequencies"": [0.075, 0.095, 0.115, 0.14], ""gamma"": 0.5, ""orientation_bins"": 12, ""orientation_offset"": 1.5707963267948966, ""sigma_scale"": 0.55, ""strength"": 0.12}",27.317375192056165,0.8694038546025753,0.0018546522075444747,27.32648760537801,0.8697236355711818,0.0018507648361120743,0.009112413321844315,0.00031978096860652006,-3.887371432400406e-06,0.00029273293330334127,0.2086963999972795
424__M_Left_little_finger.BMP,424,"M2 Modified Gabor (detail_clip=0.1, frequencies=0.075/0.095/0.115/0.14, gamma=0.5, orientation_bins=12, orientation_offset=1.5708, sigma_scale=0.55, strength=0.12)",M2 Modified Gabor,"{""detail_clip"": 0.1, ""frequencies"": [0.075, 0.095, 0.115, 0.14], ""gamma"": 0.5, ""orientation_bins"": 12, ""orientation_offset"": 1.5707963267948966, ""sigma_scale"": 0.55, ""strength"": 0.12}",27.401363411044105,0.8357121815637946,0.0018191296768536327,27.417731894145575,0.8362801157637239,0.0018122863132626326,0.016368483101469877,0.0005679341999292875,-6.843363591000056e-06,0.0003407868789508939,0.17685269999492448
424__M_Left_middle_finger.BMP,424,"M2 Modified Gabor (detail_clip=0.1, frequencies=0.075/0.095/0.115/0.14, gamma=0.5, orientation_bins=12, orientation_offset=1.5708, sigma_scale=0.55, strength=0.12)",M2 Modified Gabor,"{""detail_clip"": 0.1, ""frequencies"": [0.075, 0.095, 0.115, 0.14], ""gamma"": 0.5, ""orientation_bins"": 12, ""orientation_offset"": 1.5707963267948966, ""sigma_scale"": 0.55, ""strength"": 0.12}",27.33433390698997,0.857370330765605,0.00184742411923931,27.34464953831475,0.8576876389546394,0.0018430412104704988,0.01031563132478297,0.0003173081890344154,-4.382908768811112e-06,0.0003511557006277144,0.2187123000039719
424__M_Left_ring_finger.BMP,424,"M2 Modified Gabor (detail_clip=0.1, frequencies=0.075/0.095/0.115/0.14, gamma=0.5, orientation_bins=12, orientation_offset=1.5708, sigma_scale=0.55, strength=0.12)",M2 Modified Gabor,"{""detail_clip"": 0.1, ""frequencies"": [0.075, 0.095, 0.115, 0.14], ""gamma"": 0.5, ""orientation_bins"": 12, ""orientation_offset"": 1.5707963267948966, ""sigma_scale"": 0.55, ""strength"": 0.12}",27.47424047270347,0.8357785314948559,0.0017888583509376465,27.484886580902987,0.83616305193609,0.0017844785908611514,0.010646108199516391,0.0003845204412340486,-4.3797600764951174e-06,0.0003093132399953902,0.35771160000149393
424__M_Left_thumb_finger.BMP,424,"M2 Modified Gabor (detail_clip=0.1, frequencies=0.075/0.095/0.115/0.14, gamma=0.5, orientation_bins=12, orientation_offset=1.5708, sigma_scale=0.55, strength=0.12)",M2 Modified Gabor,"{""detail_clip"": 0.1, ""frequencies"": [0.075, 0.095, 0.115, 0.14], ""gamma"": 0.5, ""orientation_bins"": 12, ""orientation_offset"": 1.5707963267948966, ""sigma_scale"": 0.55, ""strength"": 0.12}",27.188600361672783,0.87748993679744,0.0019104688626597399,27.198505858176482,0.8779080782211125,0.0019061163832942254,0.00990549650369843,0.000418141423672469,-4.352479365514516e-06,0.0002978713600896299,0.21627469999657478
424__M_Right_index_finger.BMP,424,"M2 Modified Gabor (detail_clip=0.1, frequencies=0.075/0.095/0.115/0.14, gamma=0.5, orientation_bins=12, orientation_offset=1.5708, sigma_scale=0.55, strength=0.12)",M2 Modified Gabor,"{""detail_clip"": 0.1, ""frequencies"": [0.075, 0.095, 0.115, 0.14], ""gamma"": 0.5, ""orientation_bins"": 12, ""orientation_offset"": 1.5707963267948966, ""sigma_scale"": 0.55, ""strength"": 0.12}",27.174379366690623,0.8955533714926243,0.001916734956282951,27.187977828861705,0.8960321565175057,0.001910742735537823,0.013598462171081849,0.00047878502488141184,-5.992220745128143e-06,0.0003689634322654456,0.19186890000128187
424__M_Right_little_finger.BMP,424,"M2 Modified Gabor (detail_clip=0.1, frequencies=0.075/0.095/0.115/0.14, gamma=0.5, orientation_bins=12, orientation_offset=1.5708, sigma_scale=0.55, strength=0.12)",M2 Modified Gabor,"{""detail_clip"": 0.1, ""frequencies"": [0.075, 0.095, 0.115, 0.14], ""gamma"": 0.5, ""orientation_bins"": 12, ""orientation_offset"": 1.5707963267948966, ""sigma_scale"": 0.55, ""strength"": 0.12}",27.337320892699953,0.8497580680266619,0.0018461539368058535,27.344897146213913,0.8500462371534705,0.001842936134635487,0.007576253513960296,0.00028816912680862394,-3.2178021703663934e-06,0.00022580641962122172,0.0009341999975731596
424__M_Right_middle_finger.BMP,424,"M2 Modified Gabor (detail_clip=0.1, frequencies=0.075/0.095/0.115/0.14, gamma=0.5, orientation_bins=12, orientation_offset=1.5708, sigma_scale=0.55, strength=0.12)",M2 Modified Gabor,"{""detail_clip"": 0.1, ""frequencies"": [0.075, 0.095, 0.115, 0.14], ""gamma"": 0.5, ""orientation_bins"": 12, ""orientation_offset"": 1.5707963267948966, ""sigma_scale"": 0.55, ""strength"": 0.12}",27.02658269471865,0.9094320907896459,0.0019830868309300355,27.040343187463147,0.9099960177780688,0.001976813422518163,0.013760492744498976,0.0005639269884228915,-6.2734084118726795e-06,0.00036089110653847456,0.1757041999953799
424__M_Right_ring_finger.BMP,424,"M2 Modified Gabor (detail_clip=0.1, frequencies=0.075/0.095/0.115/0.14, gamma=0.5, orientation_bins=12, orientation_offset=1.5708, sigma_scale=0.55, strength=0.12)",M2 Modified Gabor,"{""detail_clip"": 0.1, ""frequencies"": [0.075, 0.095, 0.115, 0.14], ""gamma"": 0.5, ""orientation_bins"": 12, ""orientation_offset"": 1.5707963267948966, ""sigma_scale"": 0.55, ""strength"": 0.12}",27.345673241984777,0.8621827862345576,0.0018426068264797268,27.35371515042997,0.8624799086497426,0.001839197995598189,0.008041908445193258,0.0002971224151849805,-3.4088308815377177e-06,0.0002668071538209915,0.002239900000859052
424__M_Right_thumb_finger.BMP,424,"M2 Modified Gabor (detail_clip=0.1, frequencies=0.075/0.095/0.115/0.14, gamma=0.5, orientation_bins=12, orientation_offset=1.5708, sigma_scale=0.55, strength=0.12)",M2 Modified Gabor,"{""detail_clip"": 0.1, ""frequencies"": [0.075, 0.095, 0.115, 0.14], ""gamma"": 0.5, ""orientation_bins"": 12, ""orientation_offset"": 1.5707963267948966, ""sigma_scale"": 0.55, ""strength"": 0.12}",27.316341867708683,0.8624623335795403,0.0018550935406428924,27.32364529814632,0.862743842023015,0.001851976494160125,0.0073034304376378145,0.0002815084434747428,-3.1170464827674684e-06,0.00021684837702196091,0.25449569999909727
578__M_Left_index_finger.BMP,578,"M2 Modified Gabor (detail_clip=0.1, frequencies=0.075/0.095/0.115/0.14, gamma=0.5, orientation_bins=12, orientation_offset=1.5708, sigma_scale=0.55, strength=0.12)",M2 Modified Gabor,"{""detail_clip"": 0.1, ""frequencies"": [0.075, 0.095, 0.115, 0.14], ""gamma"": 0.5, ""orientation_bins"": 12, ""orientation_offset"": 1.5707963267948966, ""sigma_scale"": 0.55, ""strength"": 0.12}",27.35761851769128,0.8417353274142743,0.0018375456973775935,27.36440669683028,0.841985211906433,0.0018346757907516506,0.006788179139000761,0.0002498844921587917,-2.869906625942902e-06,0.00022079618065617979,0.31587820000277134
578__M_Left_little_finger.BMP,578,"M2 Modified Gabor (detail_clip=0.1, frequencies=0.075/0.095/0.115/0.14, gamma=0.5, orientation_bins=12, orientation_offset=1.5708, sigma_scale=0.55, strength=0.12)",M2 Modified Gabor,"{""detail_clip"": 0.1, ""frequencies"": [0.075, 0.095, 0.115, 0.14], ""gamma"": 0.5, ""orientation_bins"": 12, ""orientation_offset"": 1.5707963267948966, ""sigma_scale"": 0.55, ""strength"": 0.12}",27.558573061930566,0.7953207645407915,0.0017544568596249083,27.569705764552527,0.7957791288423538,0.001749965245131004,0.011132702621960533,0.00045836430156231955,-4.491614493904242e-06,0.00023137631069403142,0.2146093000046676
578__M_Left_middle_finger.BMP,578,"M2 Modified Gabor (detail_clip=0.1, frequencies=0.075/0.095/0.115/0.14, gamma=0.5, orientation_bins=12, orientation_offset=1.5708, sigma_scale=0.55, strength=0.12)",M2 Modified Gabor,"{""detail_clip"": 0.1, ""frequencies"": [0.075, 0.095, 0.115, 0.14], ""gamma"": 0.5, ""orientation_bins"": 12, ""orientation_offset"": 1.5707963267948966, ""sigma_scale"": 0.55, ""strength"": 0.12}",27.135093966852146,0.8753023115475178,0.0019341520095630068,27.14128931460219,0.8755536027222872,0.0019313948477797,0.0061953477500438225,0.000251291174769408,-2.7571617833067365e-06,0.00023903531837277114,0.2258473999972921
578__M_Left_ring_finger.BMP,578,"M2 Modified Gabor (detail_clip=0.1, frequencies=0.075/0.095/0.115/0.14, gamma=0.5, orientation_bins=12, orientation_offset=1.5708, sigma_scale=0.55, strength=0.12)",M2 Modified Gabor,"{""detail_clip"": 0.1, ""frequencies"": [0.075, 0.095, 0.115, 0.14], ""gamma"": 0.5, ""orientation_bins"": 12, ""orientation_offset"": 1.5707963267948966, ""sigma_scale"": 0.55, ""strength"": 0.12}",27.372005875968817,0.8389899275420905,0.0018314683266980089,27.379363148116177,0.8392597331975996,0.0018283683094482673,0.007357272147359595,0.0002698056555091588,-3.100017249741587e-06,0.00020110922923777252,0.19522210000286577
578__M_Left_thumb_finger.BMP,578,"M2 Modified Gabor (detail_clip=0.1, frequencies=0.075/0.095/0.115/0.14, gamma=0.5, orientation_bins=12, orientation_offset=1.5708, sigma_scale=0.55, strength=0.12)",M2 Modified Gabor,"{""detail_clip"": 0.1, ""frequencies"": [0.075, 0.095, 0.115, 0.14], ""gamma"": 0.5, ""orientation_bins"": 12, ""orientation_offset"": 1.5707963267948966, ""sigma_scale"": 0.55, ""strength"": 0.12}",27.18213462021239,0.8910164943242669,0.0019133152717297223,27.190069157714927,0.8912833045391441,0.001909822846014138,0.007934537502535477,0.0002668102148771778,-3.492425715584434e-06,0.0003189533017575741,0.25426440000592265
578__M_Right_index_finger.BMP,578,"M2 Modified Gabor (detail_clip=0.1, frequencies=0.075/0.095/0.115/0.14, gamma=0.5, orientation_bins=12, orientation_offset=1.5708, sigma_scale=0.55, strength=0.12)",M2 Modified Gabor,"{""detail_clip"": 0.1, ""frequencies"": [0.075, 0.095, 0.115, 0.14], ""gamma"": 0.5, ""orientation_bins"": 12, ""orientation_offset"": 1.5707963267948966, ""sigma_scale"": 0.55, ""strength"": 0.12}",27.16547226735446,0.8923490277692974,0.0019206700898596212,27.174469190875953,0.8926656118988097,0.001916695313279723,0.008996923521493727,0.0003165841295122984,-3.974776579898165e-06,0.0003149305412080139,0.19474629999604076
578__M_Right_little_finger.BMP,578,"M2 Modified Gabor (detail_clip=0.1, frequencies=0.075/0.095/0.115/0.14, gamma=0.5, orientation_bins=12, orientation_offset=1.5708, sigma_scale=0.55, strength=0.12)",M2 Modified Gabor,"{""detail_clip"": 0.1, ""frequencies"": [0.075, 0.095, 0.115, 0.14], ""gamma"": 0.5, ""orientation_bins"": 12, ""orientation_offset"": 1.5707963267948966, ""sigma_scale"": 0.55, ""strength"": 0.12}",27.595665637936797,0.7815756484834254,0.0017395360610022487,27.60761856811234,0.7820385746902824,0.0017347549811414238,0.011952930175542775,0.00046292620685695063,-4.78107986082491e-06,0.0002449482853990048,0.34335449999343837
578__M_Right_middle_finger.BMP,578,"M2 Modified Gabor (detail_clip=0.1, frequencies=0.075/0.095/0.115/0.14, gamma=0.5, orientation_bins=12, orientation_offset=1.5708, sigma_scale=0.55, strength=0.12)",M2 Modified Gabor,"{""detail_clip"": 0.1, ""frequencies"": [0.075, 0.095, 0.115, 0.14], ""gamma"": 0.5, ""orientation_bins"": 12, ""orientation_offset"": 1.5707963267948966, ""sigma_scale"": 0.55, ""strength"": 0.12}",27.115185164320064,0.891818957228303,0.0019430388473181024,27.12025936221329,0.8920079958206415,0.001940769970657084,0.005074197893225829,0.0001890385923385418,-2.2688766610184496e-06,0.00018724831170402467,0.0012423000007402152
578__M_Right_ring_finger.BMP,578,"M2 Modified Gabor (detail_clip=0.1, frequencies=0.075/0.095/0.115/0.14, gamma=0.5, orientation_bins=12, orientation_offset=1.5708, sigma_scale=0.55, strength=0.12)",M2 Modified Gabor,"{""detail_clip"": 0.1, ""frequencies"": [0.075, 0.095, 0.115, 0.14], ""gamma"": 0.5, ""orientation_bins"": 12, ""orientation_offset"": 1.5707963267948966, ""sigma_scale"": 0.55, ""strength"": 0.12}",27.366850939283097,0.8158883026091457,0.0018336435117443657,27.37201225874862,0.8161021534196734,0.00183146563501047,0.005161319465521785,0.00021385081052771593,-2.1778767338956773e-06,0.00016585410048719496,0.19892190000246046
578__M_Right_thumb_finger.BMP,578,"M2 Modified Gabor (detail_clip=0.1, frequencies=0.075/0.095/0.115/0.14, gamma=0.5, orientation_bins=12, orientation_offset=1.5708, sigma_scale=0.55, strength=0.12)",M2 Modified Gabor,"{""detail_clip"": 0.1, ""frequencies"": [0.075, 0.095, 0.115, 0.14], ""gamma"": 0.5, ""orientation_bins"": 12, ""orientation_offset"": 1.5707963267948966, ""sigma_scale"": 0.55, ""strength"": 0.12}",27.310784562766415,0.8849033564694225,0.0018574688688442846,27.316009816020642,0.8850543165428638,0.0018552353823002004,0.005225253254227624,0.00015096007344128637,-2.233486544084241e-06,0.0002503874129615724,0.1848154999970575
222__M_Left_index_finger.BMP,222,"M2 Modified Gabor (detail_clip=0.1, frequencies=0.075/0.095/0.115/0.14, gamma=0.5, orientation_bins=12, orientation_offset=1.5708, sigma_scale=0.55, strength=0.12)",M2 Modified Gabor,"{""detail_clip"": 0.1, ""frequencies"": [0.075, 0.095, 0.115, 0.14], ""gamma"": 0.5, ""orientation_bins"": 12, ""orientation_offset"": 1.5707963267948966, ""sigma_scale"": 0.55, ""strength"": 0.12}",27.28776757742927,0.8967317074397803,0.001867339320620187,27.304457537226682,0.8973576627280117,0.0018601768972132174,0.016689959797410836,0.0006259552882313946,-7.162423406969652e-06,0.00041474244790151715,0.18391929999779677
222__M_Left_little_finger.BMP,222,"M2 Modified Gabor (detail_clip=0.1, frequencies=0.075/0.095/0.115/0.14, gamma=0.5, orientation_bins=12, orientation_offset=1.5708, sigma_scale=0.55, strength=0.12)",M2 Modified Gabor,"{""detail_clip"": 0.1, ""frequencies"": [0.075, 0.095, 0.115, 0.14], ""gamma"": 0.5, ""orientation_bins"": 12, ""orientation_offset"": 1.5707963267948966, ""sigma_scale"": 0.55, ""strength"": 0.12}",27.524900418118612,0.8182178665835858,0.0017681127593446322,27.540137487161243,0.8188088749480844,0.0017619202673814038,0.015237069042630225,0.0005910083644986575,-6.192491963228318e-06,0.000302002124954015,0.20014359999913722
222__M_Left_middle_finger.BMP,222,"M2 Modified Gabor (detail_clip=0.1, frequencies=0.075/0.095/0.115/0.14, gamma=0.5, orientation_bins=12, orientation_offset=1.5708, sigma_scale=0.55, strength=0.12)",M2 Modified Gabor,"{""detail_clip"": 0.1, ""frequencies"": [0.075, 0.095, 0.115, 0.14], ""gamma"": 0.5, ""orientation_bins"": 12, ""orientation_offset"": 1.5707963267948966, ""sigma_scale"": 0.55, ""strength"": 0.12}",27.08762671990932,0.9180543485129178,0.0019554077314863296,27.095001298154592,0.9183151167775094,0.001952090150541723,0.007374578245272545,0.0002607682645916487,-3.317580944606517e-06,0.0002894866047427058,0.22119860000384506
222__M_Left_ring_finger.BMP,222,"M2 Modified Gabor (detail_clip=0.1, frequencies=0.075/0.095/0.115/0.14, gamma=0.5, orientation_bins=12, orientation_offset=1.5708, sigma_scale=0.55, strength=0.12)",M2 Modified Gabor,"{""detail_clip"": 0.1, ""frequencies"": [0.075, 0.095, 0.115, 0.14], ""gamma"": 0.5, ""orientation_bins"": 12, ""orientation_offset"": 1.5707963267948966, ""sigma_scale"": 0.55, ""strength"": 0.12}",27.22483877296363,0.8947344528017044,0.0018945938477580209,27.237820363794842,0.8952815931718946,0.0018889391316022123,0.012981590831213197,0.0005471403701902133,-5.654716155808603e-06,0.00031434939592145383,0.2856480999980704
222__M_Left_thumb_finger.BMP,222,"M2 Modified Gabor (detail_clip=0.1, frequencies=0.075/0.095/0.115/0.14, gamma=0.5, orientation_bins=12, orientation_offset=1.5708, sigma_scale=0.55, strength=0.12)",M2 Modified Gabor,"{""detail_clip"": 0.1, ""frequencies"": [0.075, 0.095, 0.115, 0.14], ""gamma"": 0.5, ""orientation_bins"": 12, ""orientation_offset"": 1.5707963267948966, ""sigma_scale"": 0.55, ""strength"": 0.12}",27.233877333274187,0.9065954894123077,0.001890654909059132,27.25022155596836,0.9070341400470734,0.0018835529973057017,0.016344222694172572,0.00043865063476566934,-7.101911753430376e-06,0.0005117840482853353,0.24649759999738308
222__M_Right_index_finger.BMP,222,"M2 Modified Gabor (detail_clip=0.1, frequencies=0.075/0.095/0.115/0.14, gamma=0.5, orientation_bins=12, orientation_offset=1.5708, sigma_scale=0.55, strength=0.12)",M2 Modified Gabor,"{""detail_clip"": 0.1, ""frequencies"": [0.075, 0.095, 0.115, 0.14], ""gamma"": 0.5, ""orientation_bins"": 12, ""orientation_offset"": 1.5707963267948966, ""sigma_scale"": 0.55, ""strength"": 0.12}",27.19226671948666,0.8970285274621844,0.0019088567061743519,27.19875668000551,0.8972985677748323,0.001906006300893492,0.0064899605188486476,0.000270040312647879,-2.8504052808598582e-06,0.00033346127020195127,0.27407530000346014
222__M_Right_little_finger.BMP,222,"M2 Modified Gabor (detail_clip=0.1, frequencies=0.075/0.095/0.115/0.14, gamma=0.5, orientation_bins=12, orientation_offset=1.5708, sigma_scale=0.55, strength=0.12)",M2 Modified Gabor,"{""detail_clip"": 0.1, ""frequencies"": [0.075, 0.095, 0.115, 0.14], ""gamma"": 0.5, ""orientation_bins"": 12, ""orientation_offset"": 1.5707963267948966, ""sigma_scale"": 0.55, ""strength"": 0.12}",27.262363074117783,0.8651409731997252,0.0018782945249877611,27.278224495560778,0.8657789232348204,0.0018714470783542279,0.015861421442995294,0.0006379500350952583,-6.8474466335332555e-06,0.000350072281435132,0.23110620000079507
222__M_Right_middle_finger.BMP,222,"M2 Modified Gabor (detail_clip=0.1, frequencies=0.075/0.095/0.115/0.14, gamma=0.5, orientation_bins=12, orientation_offset=1.5708, sigma_scale=0.55, strength=0.12)",M2 Modified Gabor,"{""detail_clip"": 0.1, ""frequencies"": [0.075, 0.095, 0.115, 0.14], ""gamma"": 0.5, ""orientation_bins"": 12, ""orientation_offset"": 1.5707963267948966, ""sigma_scale"": 0.55, ""strength"": 0.12}",26.882965170091534,0.9380784341383577,0.0020497622142402095,26.89055519662036,0.938321193993926,0.0020461830385297528,0.007590026528827565,0.0002427598555683197,-3.5791757104566835e-06,0.0003190979768987745,0.20117110000137473
222__M_Right_ring_finger.BMP,222,"M2 Modified Gabor (detail_clip=0.1, frequencies=0.075/0.095/0.115/0.14, gamma=0.5, orientation_bins=12, orientation_offset=1.5708, sigma_scale=0.55, strength=0.12)",M2 Modified Gabor,"{""detail_clip"": 0.1, ""frequencies"": [0.075, 0.095, 0.115, 0.14], ""gamma"": 0.5, ""orientation_bins"": 12, ""orientation_offset"": 1.5707963267948966, ""sigma_scale"": 0.55, ""strength"": 0.12}",27.036718360620767,0.912040612370193,0.0019784640531072912,27.046001398765167,0.9123531114876866,0.001974239605595793,0.009283038144399569,0.00031249911749364756,-4.224447511498065e-06,0.0003084319760091603,0.19363090000115335
222__M_Right_thumb_finger.BMP,222,"M2 Modified Gabor (detail_clip=0.1, frequencies=0.075/0.095/0.115/0.14, gamma=0.5, orientation_bins=12, orientation_offset=1.5708, sigma_scale=0.55, strength=0.12)",M2 Modified Gabor,"{""detail_clip"": 0.1, ""frequencies"": [0.075, 0.095, 0.115, 0.14], ""gamma"": 0.5, ""orientation_bins"": 12, ""orientation_offset"": 1.5707963267948966, ""sigma_scale"": 0.55, ""strength"": 0.12}",27.073244976115962,0.9145674537937045,0.0019618938346201167,27.07920847493358,0.9148589672809243,0.001959201716025451,0.005963498817617818,0.00029151348721978554,-2.6921185946656573e-06,0.00034035250428132713,0.19526909999694908
151__M_Left_index_finger.BMP,151,"M2 Modified Gabor (detail_clip=0.1, frequencies=0.075/0.095/0.115/0.14, gamma=0.5, orientation_bins=12, orientation_offset=1.5708, sigma_scale=0.55, strength=0.12)",M2 Modified Gabor,"{""detail_clip"": 0.1, ""frequencies"": [0.075, 0.095, 0.115, 0.14], ""gamma"": 0.5, ""orientation_bins"": 12, ""orientation_offset"": 1.5707963267948966, ""sigma_scale"": 0.55, ""strength"": 0.12}",27.23395560290063,0.8930598677057028,0.00189062083551545,27.244472973058393,0.8934487127861976,0.001886047832106095,0.010517370157764105,0.00038884508049485955,-4.57300340935495e-06,0.00034821967710740864,0.17652970000199275
151__M_Left_little_finger.BMP,151,"M2 Modified Gabor (detail_clip=0.1, frequencies=0.075/0.095/0.115/0.14, gamma=0.5, orientation_bins=12, orientation_offset=1.5708, sigma_scale=0.55, strength=0.12)",M2 Modified Gabor,"{""detail_clip"": 0.1, ""frequencies"": [0.075, 0.095, 0.115, 0.14], ""gamma"": 0.5, ""orientation_bins"": 12, ""orientation_offset"": 1.5707963267948966, ""sigma_scale"": 0.55, ""strength"": 0.12}",27.472241816289575,0.8198548839435578,0.0017896817866903754,27.48020307090405,0.82018663565737,0.0017864040427832632,0.007961254614475166,0.0003317517138122783,-3.2777439071122235e-06,0.00027117764693684876,0.23405410000123084
151__M_Left_middle_finger.BMP,151,"M2 Modified Gabor (detail_clip=0.1, frequencies=0.075/0.095/0.115/0.14, gamma=0.5, orientation_bins=12, orientation_offset=1.5708, sigma_scale=0.55, strength=0.12)",M2 Modified Gabor,"{""detail_clip"": 0.1, ""frequencies"": [0.075, 0.095, 0.115, 0.14], ""gamma"": 0.5, ""orientation_bins"": 12, ""orientation_offset"": 1.5707963267948966, ""sigma_scale"": 0.55, ""strength"": 0.12}",27.536807336359356,0.8541098459053635,0.0017632718181337553,27.545572606630063,0.8543535518972873,0.001759716634180292,0.008765270270707504,0.00024370599192380382,-3.555183953463277e-06,0.00028534361626952887,0.28156460000172956
151__M_Left_ring_finger.BMP,151,"M2 Modified Gabor (detail_clip=0.1, frequencies=0.075/0.095/0.115/0.14, gamma=0.5, orientation_bins=12, orientation_offset=1.5708, sigma_scale=0.55, strength=0.12)",M2 Modified Gabor,"{""detail_clip"": 0.1, ""frequencies"": [0.075, 0.095, 0.115, 0.14], ""gamma"": 0.5, ""orientation_bins"": 12, ""orientation_offset"": 1.5707963267948966, ""sigma_scale"": 0.55, ""strength"": 0.12}",27.488396413754636,0.812058330704093,0.0017830370133939217,27.498808389474505,0.8124373990471959,0.0017787673985544164,0.010411975719868849,0.0003790683431029729,-4.269614839505368e-06,0.0003286916180513799,0.25184299999818904
151__M_Left_thumb_finger.BMP,151,"M2 Modified Gabor (detail_clip=0.1, frequencies=0.075/0.095/0.115/0.14, gamma=0.5, orientation_bins=12, orientation_offset=1.5708, sigma_scale=0.55, strength=0.12)",M2 Modified Gabor,"{""detail_clip"": 0.1, ""frequencies"": [0.075, 0.095, 0.115, 0.14], ""gamma"": 0.5, ""orientation_bins"": 12, ""orientation_offset"": 1.5707963267948966, ""sigma_scale"": 0.55, ""strength"": 0.12}",27.404487538167533,0.8881887589464188,0.0018178215440152973,27.417301137156915,0.8885891964012981,0.0018124660746327446,0.012813598989382058,0.0004004374548792766,-5.355469382552647e-06,0.00040357414400205016,0.39183809999667574
151__M_Right_index_finger.BMP,151,"M2 Modified Gabor (detail_clip=0.1, frequencies=0.075/0.095/0.115/0.14, gamma=0.5, orientation_bins=12, orientation_offset=1.5708, sigma_scale=0.55, strength=0.12)",M2 Modified Gabor,"{""detail_clip"": 0.1, ""frequencies"": [0.075, 0.095, 0.115, 0.14], ""gamma"": 0.5, ""orientation_bins"": 12, ""orientation_offset"": 1.5707963267948966, ""sigma_scale"": 0.55, ""strength"": 0.12}",27.652213195271862,0.8040211875696778,0.001717033151974343,27.662258800471204,0.8043229969625473,0.0017130660963340393,0.010045605199341168,0.0003018093928695009,-3.967055640303682e-06,0.00028108066180720925,0.39013140000315616
151__M_Right_little_finger.BMP,151,"M2 Modified Gabor (detail_clip=0.1, frequencies=0.075/0.095/0.115/0.14, gamma=0.5, orientation_bins=12, orientation_offset=1.5708, sigma_scale=0.55, strength=0.12)",M2 Modified Gabor,"{""detail_clip"": 0.1, ""frequencies"": [0.075, 0.095, 0.115, 0.14], ""gamma"": 0.5, ""orientation_bins"": 12, ""orientation_offset"": 1.5707963267948966, ""sigma_scale"": 0.55, ""strength"": 0.12}",27.35546814456648,0.8597118924495578,0.0018384557681850912,27.36649148595147,0.8600743394684791,0.0018337952835429583,0.01102334138499117,0.00036244701892129694,-4.66048464213293e-06,0.0002809586876537651,0.2463586000012583
151__M_Right_middle_finger.BMP,151,"M2 Modified Gabor (detail_clip=0.1, frequencies=0.075/0.095/0.115/0.14, gamma=0.5, orientation_bins=12, orientation_offset=1.5708, sigma_scale=0.55, strength=0.12)",M2 Modified Gabor,"{""detail_clip"": 0.1, ""frequencies"": [0.075, 0.095, 0.115, 0.14], ""gamma"": 0.5, ""orientation_bins"": 12, ""orientation_offset"": 1.5707963267948966, ""sigma_scale"": 0.55, ""strength"": 0.12}",27.413045160037356,0.8508284536483288,0.0018142431165645374,27.423388305311637,0.851173121072948,0.0018099274613317556,0.010343145274280374,0.00034466742461913835,-4.315655232781839e-06,0.00027441635029390454,0.0009168000033241697
151__M_Right_ring_finger.BMP,151,"M2 Modified Gabor (detail_clip=0.1, frequencies=0.075/0.095/0.115/0.14, gamma=0.5, orientation_bins=12, orientation_offset=1.5708, sigma_scale=0.55, strength=0.12)",M2 Modified Gabor,"{""detail_clip"": 0.1, ""frequencies"": [0.075, 0.095, 0.115, 0.14], ""gamma"": 0.5, ""orientation_bins"": 12, ""orientation_offset"": 1.5707963267948966, ""sigma_scale"": 0.55, ""strength"": 0.12}",27.175853162882543,0.902264971483171,0.0019160846147440553,27.186560047393957,0.9026550825304985,0.0019113666112693006,0.010706884511414216,0.0003901110473275571,-4.718003474754682e-06,0.0003026896738447249,0.2201913000026252
151__M_Right_thumb_finger.BMP,151,"M2 Modified Gabor (detail_clip=0.1, frequencies=0.075/0.095/0.115/0.14, gamma=0.5, orientation_bins=12, orientation_offset=1.5708, sigma_scale=0.55, strength=0.12)",M2 Modified Gabor,"{""detail_clip"": 0.1, ""frequencies"": [0.075, 0.095, 0.115, 0.14], ""gamma"": 0.5, ""orientation_bins"": 12, ""orientation_offset"": 1.5707963267948966, ""sigma_scale"": 0.55, ""strength"": 0.12}",27.373317497544335,0.874674793771565,0.0018309152847499472,27.38481984792735,0.8750444112113118,0.0018260724958172412,0.01150235038301517,0.0003696174397468388,-4.842788932705967e-06,0.0003427501069381833,0.23600769999757176
458__M_Left_index_finger.BMP,458,"M2 Modified Gabor (detail_clip=0.1, frequencies=0.075/0.095/0.115/0.14, gamma=0.5, orientation_bins=12, orientation_offset=1.5708, sigma_scale=0.55, strength=0.12)",M2 Modified Gabor,"{""detail_clip"": 0.1, ""frequencies"": [0.075, 0.095, 0.115, 0.14], ""gamma"": 0.5, ""orientation_bins"": 12, ""orientation_offset"": 1.5707963267948966, ""sigma_scale"": 0.55, ""strength"": 0.12}",27.406615265554862,0.8467918352380395,0.0018169311616773175,27.4157819839205,0.8471067508689761,0.0018131001824658682,0.00916671836563765,0.00031491563093666297,-3.8309792114493615e-06,0.0002699527540244162,0.2923298000023351
458__M_Left_little_finger.BMP,458,"M2 Modified Gabor (detail_clip=0.1, frequencies=0.075/0.095/0.115/0.14, gamma=0.5, orientation_bins=12, orientation_offset=1.5708, sigma_scale=0.55, strength=0.12)",M2 Modified Gabor,"{""detail_clip"": 0.1, ""frequencies"": [0.075, 0.095, 0.115, 0.14], ""gamma"": 0.5, ""orientation_bins"": 12, ""orientation_offset"": 1.5707963267948966, ""sigma_scale"": 0.55, ""strength"": 0.12}",27.530400531466974,0.8411853642629386,0.0017658749539836386,27.54418371824282,0.841647687542379,0.0017602794874858932,0.013783186775846445,0.00046232327944040197,-5.59546649774533e-06,0.0003482902538962662,0.25411829999939073
458__M_Left_middle_finger.BMP,458,"M2 Modified Gabor (detail_clip=0.1, frequencies=0.075/0.095/0.115/0.14, gamma=0.5, orientation_bins=12, orientation_offset=1.5708, sigma_scale=0.55, strength=0.12)",M2 Modified Gabor,"{""detail_clip"": 0.1, ""frequencies"": [0.075, 0.095, 0.115, 0.14], ""gamma"": 0.5, ""orientation_bins"": 12, ""orientation_offset"": 1.5707963267948966, ""sigma_scale"": 0.55, ""strength"": 0.12}",27.15114889397061,0.8979487909154892,0.0019270150681545894,27.157535183575995,0.8981901937244534,0.001924183479699365,0.006386289605384121,0.0002414028089642306,-2.8315884552244496e-06,0.0002842734393198043,0.197758000002068
458__M_Left_ring_finger.BMP,458,"M2 Modified Gabor (detail_clip=0.1, frequencies=0.075/0.095/0.115/0.14, gamma=0.5, orientation_bins=12, orientation_offset=1.5708, sigma_scale=0.55, strength=0.12)",M2 Modified Gabor,"{""detail_clip"": 0.1, ""frequencies"": [0.075, 0.095, 0.115, 0.14], ""gamma"": 0.5, ""orientation_bins"": 12, ""orientation_offset"": 1.5707963267948966, ""sigma_scale"": 0.55, ""strength"": 0.12}",27.569890619109543,0.813433139367938,0.0017498907606097367,27.585105042138807,0.8139953768402934,0.0017437711806302571,0.015214423029263457,0.000562237472355398,-6.1195799794795495e-06,0.00033427480957470834,0.217453100005514
458__M_Left_thumb_finger.BMP,458,"M2 Modified Gabor (detail_clip=0.1, frequencies=0.075/0.095/0.115/0.14, gamma=0.5, orientation_bins=12, orientation_offset=1.5708, sigma_scale=0.55, strength=0.12)",M2 Modified Gabor,"{""detail_clip"": 0.1, ""frequencies"": [0.075, 0.095, 0.115, 0.14], ""gamma"": 0.5, ""orientation_bins"": 12, ""orientation_offset"": 1.5707963267948966, ""sigma_scale"": 0.55, ""strength"": 0.12}",27.148467616185208,0.912780851092726,0.0019282051495889698,27.156485586633245,0.9129866034555435,0.0019246485699205291,0.008017970448037204,0.00020575236281750175,-3.5565796684406802e-06,0.00038438933552242815,0.24434720000135712
458__M_Right_index_finger.BMP,458,"M2 Modified Gabor (detail_clip=0.1, frequencies=0.075/0.095/0.115/0.14, gamma=0.5, orientation_bins=12, orientation_offset=1.5708, sigma_scale=0.55, strength=0.12)",M2 Modified Gabor,"{""detail_clip"": 0.1, ""frequencies"": [0.075, 0.095, 0.115, 0.14], ""gamma"": 0.5, ""orientation_bins"": 12, ""orientation_offset"": 1.5707963267948966, ""sigma_scale"": 0.55, ""strength"": 0.12}",27.52559520177169,0.8341944850972295,0.0017678299195586524,27.53499560758721,0.83449980393067,0.0017640075485758488,0.009400405815519264,0.0003053188334405377,-3.822370982803618e-06,0.00028686242876574397,0.268392899997707
458__M_Right_little_finger.BMP,458,"M2 Modified Gabor (detail_clip=0.1, frequencies=0.075/0.095/0.115/0.14, gamma=0.5, orientation_bins=12, orientation_offset=1.5708, sigma_scale=0.55, strength=0.12)",M2 Modified Gabor,"{""detail_clip"": 0.1, ""frequencies"": [0.075, 0.095, 0.115, 0.14], ""gamma"": 0.5, ""orientation_bins"": 12, ""orientation_offset"": 1.5707963267948966, ""sigma_scale"": 0.55, ""strength"": 0.12}",27.97211041790188,0.7539071512601971,0.0015951038314370991,27.98350758141117,0.7542894450469017,0.0015909232980877584,0.011397163509290209,0.00038229378670451286,-4.180533349340716e-06,0.00022576205083169043,0.0011510000040289015
458__M_Right_middle_finger.BMP,458,"M2 Modified Gabor (detail_clip=0.1, frequencies=0.075/0.095/0.115/0.14, gamma=0.5, orientation_bins=12, orientation_offset=1.5708, sigma_scale=0.55, strength=0.12)",M2 Modified Gabor,"{""detail_clip"": 0.1, ""frequencies"": [0.075, 0.095, 0.115, 0.14], ""gamma"": 0.5, ""orientation_bins"": 12, ""orientation_offset"": 1.5707963267948966, ""sigma_scale"": 0.55, ""strength"": 0.12}",27.58630135407322,0.8286793620156646,0.0017432909058239334,27.595530245397676,0.8290225576663613,0.0017395902923787118,0.00922889132445448,0.0003431956506967371,-3.7006134452216306e-06,0.0002799535868689418,0.2645829999964917
458__M_Right_ring_finger.BMP,458,"M2 Modified Gabor (detail_clip=0.1, frequencies=0.075/0.095/0.115/0.14, gamma=0.5, orientation_bins=12, orientation_offset=1.5708, sigma_scale=0.55, strength=0.12)",M2 Modified Gabor,"{""detail_clip"": 0.1, ""frequencies"": [0.075, 0.095, 0.115, 0.14], ""gamma"": 0.5, ""orientation_bins"": 12, ""orientation_offset"": 1.5707963267948966, ""sigma_scale"": 0.55, ""strength"": 0.12}",28.07503863890942,0.7279435409357548,0.0015577441756170914,28.085006423478877,0.7282709186769724,0.0015541729920537368,0.009967784569457905,0.0003273777412176049,-3.571183563354577e-06,0.0001944813848240301,0.0016395999991800636
458__M_Right_thumb_finger.BMP,458,"M2 Modified Gabor (detail_clip=0.1, frequencies=0.075/0.095/0.115/0.14, gamma=0.5, orientation_bins=12, orientation_offset=1.5708, sigma_scale=0.55, strength=0.12)",M2 Modified Gabor,"{""detail_clip"": 0.1, ""frequencies"": [0.075, 0.095, 0.115, 0.14], ""gamma"": 0.5, ""orientation_bins"": 12, ""orientation_offset"": 1.5707963267948966, ""sigma_scale"": 0.55, ""strength"": 0.12}",27.07077807772415,0.9212769854897856,0.001963008554647105,27.079065096477393,0.9214750011014641,0.0019592663983933156,0.008287018753243558,0.00019801561167842596,-3.742156253789576e-06,0.00039766388363204896,0.2578551000042353
358__M_Left_index_finger.BMP,358,"M2 Modified Gabor (detail_clip=0.1, frequencies=0.075/0.095/0.115/0.14, gamma=0.5, orientation_bins=12, orientation_offset=1.5708, sigma_scale=0.55, strength=0.12)",M2 Modified Gabor,"{""detail_clip"": 0.1, ""frequencies"": [0.075, 0.095, 0.115, 0.14], ""gamma"": 0.5, ""orientation_bins"": 12, ""orientation_offset"": 1.5707963267948966, ""sigma_scale"": 0.55, ""strength"": 0.12}",27.236944199266215,0.8618307483512163,0.0018893202528205673,27.24935033804037,0.8622976080196798,0.0018839308859997007,0.012406138774153419,0.0004668596684634929,-5.389366820866609e-06,0.0003002231242135167,0.19031649999669753
358__M_Left_little_finger.BMP,358,"M2 Modified Gabor (detail_clip=0.1, frequencies=0.075/0.095/0.115/0.14, gamma=0.5, orientation_bins=12, orientation_offset=1.5708, sigma_scale=0.55, strength=0.12)",M2 Modified Gabor,"{""detail_clip"": 0.1, ""frequencies"": [0.075, 0.095, 0.115, 0.14], ""gamma"": 0.5, ""orientation_bins"": 12, ""orientation_offset"": 1.5707963267948966, ""sigma_scale"": 0.55, ""strength"": 0.12}",27.36733780397643,0.8151889041575789,0.0018334379631396484,27.381471556235542,0.8157338948308229,0.0018274808906222867,0.014133752259112953,0.0005449906732439835,-5.957072517361701e-06,0.00026803486980497837,0.2094515999997384
358__M_Left_middle_finger.BMP,358,"M2 Modified Gabor (detail_clip=0.1, frequencies=0.075/0.095/0.115/0.14, gamma=0.5, orientation_bins=12, orientation_offset=1.5708, sigma_scale=0.55, strength=0.12)",M2 Modified Gabor,"{""detail_clip"": 0.1, ""frequencies"": [0.075, 0.095, 0.115, 0.14], ""gamma"": 0.5, ""orientation_bins"": 12, ""orientation_offset"": 1.5707963267948966, ""sigma_scale"": 0.55, ""strength"": 0.12}",27.165820353094215,0.8782265888885855,0.0019205161548903156,27.17787454781043,0.8786720708078146,0.0019151929977648664,0.012054194716213829,0.00044548191922910707,-5.3231571254491565e-06,0.0003225156688131392,0.24230469999747584
358__M_Left_ring_finger.BMP,358,"M2 Modified Gabor (detail_clip=0.1, frequencies=0.075/0.095/0.115/0.14, gamma=0.5, orientation_bins=12, orientation_offset=1.5708, sigma_scale=0.55, strength=0.12)",M2 Modified Gabor,"{""detail_clip"": 0.1, ""frequencies"": [0.075, 0.095, 0.115, 0.14], ""gamma"": 0.5, ""orientation_bins"": 12, ""orientation_offset"": 1.5707963267948966, ""sigma_scale"": 0.55, ""strength"": 0.12}",27.571796790413543,0.803453362364322,0.0017491228807993305,27.584616746766876,0.803949183673054,0.0017439672511082287,0.012819956353332884,0.0004958213087320473,-5.1556296911017385e-06,0.00033784235711209476,0.20175129999552155
358__M_Left_thumb_finger.BMP,358,"M2 Modified Gabor (detail_clip=0.1, frequencies=0.075/0.095/0.115/0.14, gamma=0.5, orientation_bins=12, orientation_offset=1.5708, sigma_scale=0.55, strength=0.12)",M2 Modified Gabor,"{""detail_clip"": 0.1, ""frequencies"": [0.075, 0.095, 0.115, 0.14], ""gamma"": 0.5, ""orientation_bins"": 12, ""orientation_offset"": 1.5707963267948966, ""sigma_scale"": 0.55, ""strength"": 0.12}",27.06961823144247,0.8920985052921772,0.001963532874508304,27.078860595740707,0.892409623576343,0.0019593586585697842,0.009242364298238215,0.00031111828416585663,-4.1742159385196875e-06,0.00031855751876719296,0.1895693000042229
358__M_Right_index_finger.BMP,358,"M2 Modified Gabor (detail_clip=0.1, frequencies=0.075/0.095/0.115/0.14, gamma=0.5, orientation_bins=12, orientation_offset=1.5708, sigma_scale=0.55, strength=0.12)",M2 Modified Gabor,"{""detail_clip"": 0.1, ""frequencies"": [0.075, 0.095, 0.115, 0.14], ""gamma"": 0.5, ""orientation_bins"": 12, ""orientation_offset"": 1.5707963267948966, ""sigma_scale"": 0.55, ""strength"": 0.12}",27.082100402676357,0.9081473386961818,0.0019578975355614646,27.089171192030527,0.9084355246220827,0.0019547124576789563,0.007070789354170159,0.00028818592590085235,-3.185077882508335e-06,0.0003284321282990277,0.17947989999811398
358__M_Right_little_finger.BMP,358,"M2 Modified Gabor (detail_clip=0.1, frequencies=0.075/0.095/0.115/0.14, gamma=0.5, orientation_bins=12, orientation_offset=1.5708, sigma_scale=0.55, strength=0.12)",M2 Modified Gabor,"{""detail_clip"": 0.1, ""frequencies"": [0.075, 0.095, 0.115, 0.14], ""gamma"": 0.5, ""orientation_bins"": 12, ""orientation_offset"": 1.5707963267948966, ""sigma_scale"": 0.55, ""strength"": 0.12}",27.061822213891244,0.8810446554100514,0.0019670607766737232,27.072240036857394,0.8814452816025913,0.0019623478611720245,0.01041782296615068,0.00040062619253988796,-4.712915501698788e-06,0.0003431432123761624,0.26184099999954924
358__M_Right_middle_finger.BMP,358,"M2 Modified Gabor (detail_clip=0.1, frequencies=0.075/0.095/0.115/0.14, gamma=0.5, orientation_bins=12, orientation_offset=1.5708, sigma_scale=0.55, strength=0.12)",M2 Modified Gabor,"{""detail_clip"": 0.1, ""frequencies"": [0.075, 0.095, 0.115, 0.14], ""gamma"": 0.5, ""orientation_bins"": 12, ""orientation_offset"": 1.5707963267948966, ""sigma_scale"": 0.55, ""strength"": 0.12}",26.965358684587414,0.9060125459142327,0.0020112410825814135,26.973170586677565,0.9062997173028589,0.00200762660050798,0.007811902090150369,0.00028717138862610625,-3.6144820734335635e-06,0.00029044668190181255,0.2641252000030363
358__M_Right_ring_finger.BMP,358,"M2 Modified Gabor (detail_clip=0.1, frequencies=0.075/0.095/0.115/0.14, gamma=0.5, orientation_bins=12, orientation_offset=1.5708, sigma_scale=0.55, strength=0.12)",M2 Modified Gabor,"{""detail_clip"": 0.1, ""frequencies"": [0.075, 0.095, 0.115, 0.14], ""gamma"": 0.5, ""orientation_bins"": 12, ""orientation_offset"": 1.5707963267948966, ""sigma_scale"": 0.55, ""strength"": 0.12}",27.154618445592902,0.8817748545130193,0.0019254762025709502,27.16594801055026,0.8822105771554708,0.0019204597036542026,0.011329564957357263,0.00043572264245150816,-5.0164989167475905e-06,0.00027137401048094034,0.27041570000437787
358__M_Right_thumb_finger.BMP,358,"M2 Modified Gabor (detail_clip=0.1, frequencies=0.075/0.095/0.115/0.14, gamma=0.5, orientation_bins=12, orientation_offset=1.5708, sigma_scale=0.55, strength=0.12)",M2 Modified Gabor,"{""detail_clip"": 0.1, ""frequencies"": [0.075, 0.095, 0.115, 0.14], ""gamma"": 0.5, ""orientation_bins"": 12, ""orientation_offset"": 1.5707963267948966, ""sigma_scale"": 0.55, ""strength"": 0.12}",27.07786003709809,0.9053674690062403,0.001959810121613979,27.08265716041199,0.9055690973507166,0.0019576465526975075,0.004797123313899476,0.00020162834447623457,-2.163568916471563e-06,0.00027140683960169554,0.2664786000023014
584__M_Left_index_finger.BMP,584,"M2 Modified Gabor (detail_clip=0.1, frequencies=0.075/0.095/0.115/0.14, gamma=0.5, orientation_bins=12, orientation_offset=1.5708, sigma_scale=0.55, strength=0.12)",M2 Modified Gabor,"{""detail_clip"": 0.1, ""frequencies"": [0.075, 0.095, 0.115, 0.14], ""gamma"": 0.5, ""orientation_bins"": 12, ""orientation_offset"": 1.5707963267948966, ""sigma_scale"": 0.55, ""strength"": 0.12}",26.808661477259736,0.7405033777887225,0.002085133435231476,26.81699949853694,0.7409177092147171,0.0020811340272806574,0.008338021277204177,0.00041433142599456296,-3.999407950818715e-06,0.00020334016880951822,0.33798940000269795
584__M_Left_little_finger.BMP,584,"M2 Modified Gabor (detail_clip=0.1, frequencies=0.075/0.095/0.115/0.14, gamma=0.5, orientation_bins=12, orientation_offset=1.5708, sigma_scale=0.55, strength=0.12)",M2 Modified Gabor,"{""detail_clip"": 0.1, ""frequencies"": [0.075, 0.095, 0.115, 0.14], ""gamma"": 0.5, ""orientation_bins"": 12, ""orientation_offset"": 1.5707963267948966, ""sigma_scale"": 0.55, ""strength"": 0.12}",27.008643646329304,0.7556378812021911,0.001991295147201889,27.01512789737165,0.7560092064807713,0.0019883242544626355,0.006484251042344624,0.0003713252785801924,-2.9708927392533245e-06,0.00019075648742727935,0.2432643000065582
584__M_Left_middle_finger.BMP,584,"M2 Modified Gabor (detail_clip=0.1, frequencies=0.075/0.095/0.115/0.14, gamma=0.5, orientation_bins=12, orientation_offset=1.5708, sigma_scale=0.55, strength=0.12)",M2 Modified Gabor,"{""detail_clip"": 0.1, ""frequencies"": [0.075, 0.095, 0.115, 0.14], ""gamma"": 0.5, ""orientation_bins"": 12, ""orientation_offset"": 1.5707963267948966, ""sigma_scale"": 0.55, ""strength"": 0.12}",26.72595253228611,0.7938240012609362,0.0021252241715175577,26.731428319627874,0.7941697148986459,0.00212254627834278,0.005475787341762128,0.0003457136377096326,-2.6778931747776027e-06,0.00023243881878443062,0.2185678000023472
584__M_Left_ring_finger.BMP,584,"M2 Modified Gabor (detail_clip=0.1, frequencies=0.075/0.095/0.115/0.14, gamma=0.5, orientation_bins=12, orientation_offset=1.5708, sigma_scale=0.55, strength=0.12)",M2 Modified Gabor,"{""detail_clip"": 0.1, ""frequencies"": [0.075, 0.095, 0.115, 0.14], ""gamma"": 0.5, ""orientation_bins"": 12, ""orientation_offset"": 1.5707963267948966, ""sigma_scale"": 0.55, ""strength"": 0.12}",26.756204564552583,0.7725715969515443,0.0021104717515642584,26.761322438496858,0.7728891442534923,0.0021079861646807335,0.005117873944275431,0.00031754730194799574,-2.485586883524838e-06,0.00018222894868813455,0.21460510000179056
584__M_Left_thumb_finger.BMP,584,"M2 Modified Gabor (detail_clip=0.1, frequencies=0.075/0.095/0.115/0.14, gamma=0.5, orientation_bins=12, orientation_offset=1.5708, sigma_scale=0.55, strength=0.12)",M2 Modified Gabor,"{""detail_clip"": 0.1, ""frequencies"": [0.075, 0.095, 0.115, 0.14], ""gamma"": 0.5, ""orientation_bins"": 12, ""orientation_offset"": 1.5707963267948966, ""sigma_scale"": 0.55, ""strength"": 0.12}",26.870392477172857,0.8618936983605623,0.002055704811060843,26.873864840045517,0.8621063085656167,0.002054061847473368,0.003472362872660284,0.00021261020505436434,-1.6429635874746183e-06,0.00017863669199869037,0.2092683999944711
584__M_Right_index_finger.BMP,584,"M2 Modified Gabor (detail_clip=0.1, frequencies=0.075/0.095/0.115/0.14, gamma=0.5, orientation_bins=12, orientation_offset=1.5708, sigma_scale=0.55, strength=0.12)",M2 Modified Gabor,"{""detail_clip"": 0.1, ""frequencies"": [0.075, 0.095, 0.115, 0.14], ""gamma"": 0.5, ""orientation_bins"": 12, ""orientation_offset"": 1.5707963267948966, ""sigma_scale"": 0.55, ""strength"": 0.12}",27.37650748718415,0.8741899077614546,0.0018295709305081917,27.38275093444917,0.8743863730891347,0.0018269426164811945,0.006243447265021018,0.0001964653276801398,-2.628314026997293e-06,0.0002039315877482295,0.1982008000049973
584__M_Right_little_finger.BMP,584,"M2 Modified Gabor (detail_clip=0.1, frequencies=0.075/0.095/0.115/0.14, gamma=0.5, orientation_bins=12, orientation_offset=1.5708, sigma_scale=0.55, strength=0.12)",M2 Modified Gabor,"{""detail_clip"": 0.1, ""frequencies"": [0.075, 0.095, 0.115, 0.14], ""gamma"": 0.5, ""orientation_bins"": 12, ""orientation_offset"": 1.5707963267948966, ""sigma_scale"": 0.55, ""strength"": 0.12}",27.20501659588782,0.8208142622725367,0.001903260964546846,27.214977742912758,0.8212409759250582,0.0018989005737210813,0.009961147024938555,0.00042671365252144877,-4.360390825764674e-06,0.0002201389434048906,0.21164439999847673
584__M_Right_middle_finger.BMP,584,"M2 Modified Gabor (detail_clip=0.1, frequencies=0.075/0.095/0.115/0.14, gamma=0.5, orientation_bins=12, orientation_offset=1.5708, sigma_scale=0.55, strength=0.12)",M2 Modified Gabor,"{""detail_clip"": 0.1, ""frequencies"": [0.075, 0.095, 0.115, 0.14], ""gamma"": 0.5, ""orientation_bins"": 12, ""orientation_offset"": 1.5707963267948966, ""sigma_scale"": 0.55, ""strength"": 0.12}",27.059721458104352,0.8875454616950751,0.001968012507372198,27.06757493212023,0.8878583980776668,0.001964456908665783,0.007853474015877993,0.00031293638259166645,-3.555598706414878e-06,0.0002515802625566721,0.18252360000042245
584__M_Right_ring_finger.BMP,584,"M2 Modified Gabor (detail_clip=0.1, frequencies=0.075/0.095/0.115/0.14, gamma=0.5, orientation_bins=12, orientation_offset=1.5708, sigma_scale=0.55, strength=0.12)",M2 Modified Gabor,"{""detail_clip"": 0.1, ""frequencies"": [0.075, 0.095, 0.115, 0.14], ""gamma"": 0.5, ""orientation_bins"": 12, ""orientation_offset"": 1.5707963267948966, ""sigma_scale"": 0.55, ""strength"": 0.12}",26.898528336386196,0.8464571140774191,0.00204242993149517,26.905665455464426,0.8468370599243641,0.0020390761945841343,0.007137119078230114,0.00037994584694500677,-3.3537369110358747e-06,0.000226489151827991,0.21839750000071945
584__M_Right_thumb_finger.BMP,584,"M2 Modified Gabor (detail_clip=0.1, frequencies=0.075/0.095/0.115/0.14, gamma=0.5, orientation_bins=12, orientation_offset=1.5708, sigma_scale=0.55, strength=0.12)",M2 Modified Gabor,"{""detail_clip"": 0.1, ""frequencies"": [0.075, 0.095, 0.115, 0.14], ""gamma"": 0.5, ""orientation_bins"": 12, ""orientation_offset"": 1.5707963267948966, ""sigma_scale"": 0.55, ""strength"": 0.12}",27.857015091376837,0.6937121391089857,0.0016379418931114086,27.863424166432253,0.6939359653017223,0.001635526492773233,0.006409075055415769,0.0002238261927366425,-2.415400338175557e-06,0.00017932761693373322,0.235659999998461
277__M_Left_index_finger.BMP,277,"M2 Modified Gabor (detail_clip=0.1, frequencies=0.075/0.095/0.115/0.14, gamma=0.5, orientation_bins=12, orientation_offset=1.5708, sigma_scale=0.55, strength=0.12)",M2 Modified Gabor,"{""detail_clip"": 0.1, ""frequencies"": [0.075, 0.095, 0.115, 0.14], ""gamma"": 0.5, ""orientation_bins"": 12, ""orientation_offset"": 1.5707963267948966, ""sigma_scale"": 0.55, ""strength"": 0.12}",27.55193277158026,0.8234430739197731,0.0017571414467860552,27.566130208888183,0.8239760756018459,0.0017514065884714238,0.01419743730792078,0.0005330016820728201,-5.734858314631469e-06,0.0003349781036376953,0.2400684000022011
277__M_Left_little_finger.BMP,277,"M2 Modified Gabor (detail_clip=0.1, frequencies=0.075/0.095/0.115/0.14, gamma=0.5, orientation_bins=12, orientation_offset=1.5708, sigma_scale=0.55, strength=0.12)",M2 Modified Gabor,"{""detail_clip"": 0.1, ""frequencies"": [0.075, 0.095, 0.115, 0.14], ""gamma"": 0.5, ""orientation_bins"": 12, ""orientation_offset"": 1.5707963267948966, ""sigma_scale"": 0.55, ""strength"": 0.12}",27.686402604667066,0.7780064740378558,0.00170356904297558,27.6992519247438,0.7784447987511158,0.001698536201303483,0.01284932007673234,0.00043832471325999656,-5.032841672096902e-06,0.00024043512530624866,0.1956350999971619
277__M_Left_middle_finger.BMP,277,"M2 Modified Gabor (detail_clip=0.1, frequencies=0.075/0.095/0.115/0.14, gamma=0.5, orientation_bins=12, orientation_offset=1.5708, sigma_scale=0.55, strength=0.12)",M2 Modified Gabor,"{""detail_clip"": 0.1, ""frequencies"": [0.075, 0.095, 0.115, 0.14], ""gamma"": 0.5, ""orientation_bins"": 12, ""orientation_offset"": 1.5707963267948966, ""sigma_scale"": 0.55, ""strength"": 0.12}",27.31515625699761,0.8476906587122083,0.0018556000446645002,27.32936096472095,0.8482252631835937,0.0018495407465055095,0.014204707723340704,0.0005346044713854248,-6.059298158990652e-06,0.00031858019065111876,0.20850910000444856
277__M_Left_ring_finger.BMP,277,"M2 Modified Gabor (detail_clip=0.1, frequencies=0.075/0.095/0.115/0.14, gamma=0.5, orientation_bins=12, orientation_offset=1.5708, sigma_scale=0.55, strength=0.12)",M2 Modified Gabor,"{""detail_clip"": 0.1, ""frequencies"": [0.075, 0.095, 0.115, 0.14], ""gamma"": 0.5, ""orientation_bins"": 12, ""orientation_offset"": 1.5707963267948966, ""sigma_scale"": 0.55, ""strength"": 0.12}",27.728347801250656,0.7729418433285355,0.0016871947675762633,27.736950264569337,0.7732356335244774,0.0016838560961071362,0.008602463318680975,0.0002937901959418898,-3.3386714691271274e-06,0.00023425342806149274,0.2368172999995295
277__M_Left_thumb_finger.BMP,277,"M2 Modified Gabor (detail_clip=0.1, frequencies=0.075/0.095/0.115/0.14, gamma=0.5, orientation_bins=12, orientation_offset=1.5708, sigma_scale=0.55, strength=0.12)",M2 Modified Gabor,"{""detail_clip"": 0.1, ""frequencies"": [0.075, 0.095, 0.115, 0.14], ""gamma"": 0.5, ""orientation_bins"": 12, ""orientation_offset"": 1.5707963267948966, ""sigma_scale"": 0.55, ""strength"": 0.12}",27.4740786342539,0.835673814529717,0.0017889250134139915,27.48364615295527,0.8360156272199154,0.001784988344806901,0.009567518701370403,0.00034181269019839533,-3.9366686070904395e-06,0.00032737920992076397,0.2190790000022389
277__M_Right_index_finger.BMP,277,"M2 Modified Gabor (detail_clip=0.1, frequencies=0.075/0.095/0.115/0.14, gamma=0.5, orientation_bins=12, orientation_offset=1.5708, sigma_scale=0.55, strength=0.12)",M2 Modified Gabor,"{""detail_clip"": 0.1, ""frequencies"": [0.075, 0.095, 0.115, 0.14], ""gamma"": 0.5, ""orientation_bins"": 12, ""orientation_offset"": 1.5707963267948966, ""sigma_scale"": 0.55, ""strength"": 0.12}",27.435483209579154,0.8224739772281646,0.0018048939078366122,27.448225394414145,0.8229106671416163,0.0017996061164286003,0.012742184834991122,0.0004366899134516933,-5.287791408011911e-06,0.0003158358158543706,0.2134202999950503
277__M_Right_little_finger.BMP,277,"M2 Modified Gabor (detail_clip=0.1, frequencies=0.075/0.095/0.115/0.14, gamma=0.5, orientation_bins=12, orientation_offset=1.5708, sigma_scale=0.55, strength=0.12)",M2 Modified Gabor,"{""detail_clip"": 0.1, ""frequencies"": [0.075, 0.095, 0.115, 0.14], ""gamma"": 0.5, ""orientation_bins"": 12, ""orientation_offset"": 1.5707963267948966, ""sigma_scale"": 0.55, ""strength"": 0.12}",27.60166142206608,0.8000373865206539,0.0017371361487749735,27.614371508575765,0.8004493990593553,0.0017320596684923671,0.01271008650968497,0.00041201253870137844,-5.076480282606346e-06,0.0002792134473565966,0.19605359999695793
277__M_Right_middle_finger.BMP,277,"M2 Modified Gabor (detail_clip=0.1, frequencies=0.075/0.095/0.115/0.14, gamma=0.5, orientation_bins=12, orientation_offset=1.5708, sigma_scale=0.55, strength=0.12)",M2 Modified Gabor,"{""detail_clip"": 0.1, ""frequencies"": [0.075, 0.095, 0.115, 0.14], ""gamma"": 0.5, ""orientation_bins"": 12, ""orientation_offset"": 1.5707963267948966, ""sigma_scale"": 0.55, ""strength"": 0.12}",27.245325559141563,0.8554567247328758,0.0018856776085891085,27.254167705372634,0.8558263977766037,0.0018818423134196367,0.008842146231071268,0.000369673043727925,-3.835295169471757e-06,0.0003186726535204798,0.1793720999994548
277__M_Right_ring_finger.BMP,277,"M2 Modified Gabor (detail_clip=0.1, frequencies=0.075/0.095/0.115/0.14, gamma=0.5, orientation_bins=12, orientation_offset=1.5708, sigma_scale=0.55, strength=0.12)",M2 Modified Gabor,"{""detail_clip"": 0.1, ""frequencies"": [0.075, 0.095, 0.115, 0.14], ""gamma"": 0.5, ""orientation_bins"": 12, ""orientation_offset"": 1.5707963267948966, ""sigma_scale"": 0.55, ""strength"": 0.12}",27.26965419473933,0.8603403111504913,0.0018751438097062696,27.281038067612112,0.8607501484776735,0.0018702350560572813,0.011383872872780643,0.00040983732718224974,-4.908753648988351e-06,0.0003004383179359138,0.1741053000005195
277__M_Right_thumb_finger.BMP,277,"M2 Modified Gabor (detail_clip=0.1, frequencies=0.075/0.095/0.115/0.14, gamma=0.5, orientation_bins=12, orientation_offset=1.5708, sigma_scale=0.55, strength=0.12)",M2 Modified Gabor,"{""detail_clip"": 0.1, ""frequencies"": [0.075, 0.095, 0.115, 0.14], ""gamma"": 0.5, ""orientation_bins"": 12, ""orientation_offset"": 1.5707963267948966, ""sigma_scale"": 0.55, ""strength"": 0.12}",27.713893269652402,0.7956702655243874,0.0016928195775946103,27.724747309706878,0.7960908557471037,0.0016885941059403208,0.010854040054475433,0.00042059022271634383,-4.225471654289471e-06,0.000254374259384349,0.19582910000463016
113__M_Left_index_finger.BMP,113,"M2 Modified Gabor (detail_clip=0.1, frequencies=0.075/0.095/0.115/0.14, gamma=0.5, orientation_bins=12, orientation_offset=1.5708, sigma_scale=0.55, strength=0.12)",M2 Modified Gabor,"{""detail_clip"": 0.1, ""frequencies"": [0.075, 0.095, 0.115, 0.14], ""gamma"": 0.5, ""orientation_bins"": 12, ""orientation_offset"": 1.5707963267948966, ""sigma_scale"": 0.55, ""strength"": 0.12}",27.091395953718273,0.8805550547920465,0.0019537113729576386,27.097845738513577,0.8808278899041414,0.0019508120348208304,0.006449784795304225,0.0002728351120948602,-2.8993381368082674e-06,0.0002705815131776035,0.20954229999915697
113__M_Left_little_finger.BMP,113,"M2 Modified Gabor (detail_clip=0.1, frequencies=0.075/0.095/0.115/0.14, gamma=0.5, orientation_bins=12, orientation_offset=1.5708, sigma_scale=0.55, strength=0.12)",M2 Modified Gabor,"{""detail_clip"": 0.1, ""frequencies"": [0.075, 0.095, 0.115, 0.14], ""gamma"": 0.5, ""orientation_bins"": 12, ""orientation_offset"": 1.5707963267948966, ""sigma_scale"": 0.55, ""strength"": 0.12}",27.389659096509163,0.8270766893867254,0.0018240388763275269,27.39921594611534,0.8274810398885012,0.0018200294081041504,0.009556849606177309,0.00040435050177578535,-4.009468223376434e-06,0.00027482499717734754,0.0031410000010509975
113__M_Left_middle_finger.BMP,113,"M2 Modified Gabor (detail_clip=0.1, frequencies=0.075/0.095/0.115/0.14, gamma=0.5, orientation_bins=12, orientation_offset=1.5708, sigma_scale=0.55, strength=0.12)",M2 Modified Gabor,"{""detail_clip"": 0.1, ""frequencies"": [0.075, 0.095, 0.115, 0.14], ""gamma"": 0.5, ""orientation_bins"": 12, ""orientation_offset"": 1.5707963267948966, ""sigma_scale"": 0.55, ""strength"": 0.12}",27.115692492636224,0.8776933735228181,0.0019428118812631677,27.12445677599186,0.878067123162806,0.0019388951415711469,0.008764283355635172,0.0003737496399879303,-3.916739692020818e-06,0.00034894069540314376,0.2538684999963152
113__M_Left_ring_finger.BMP,113,"M2 Modified Gabor (detail_clip=0.1, frequencies=0.075/0.095/0.115/0.14, gamma=0.5, orientation_bins=12, orientation_offset=1.5708, sigma_scale=0.55, strength=0.12)",M2 Modified Gabor,"{""detail_clip"": 0.1, ""frequencies"": [0.075, 0.095, 0.115, 0.14], ""gamma"": 0.5, ""orientation_bins"": 12, ""orientation_offset"": 1.5707963267948966, ""sigma_scale"": 0.55, ""strength"": 0.12}",27.0532031403392,0.8816855724269748,0.001970968511443341,27.06556431527798,0.882188835737288,0.001965366587408707,0.012361174938781971,0.0005032633103132511,-5.601924034634009e-06,0.0003725119458977133,0.1857730999981868
113__M_Left_thumb_finger.BMP,113,"M2 Modified Gabor (detail_clip=0.1, frequencies=0.075/0.095/0.115/0.14, gamma=0.5, orientation_bins=12, orientation_offset=1.5708, sigma_scale=0.55, strength=0.12)",M2 Modified Gabor,"{""detail_clip"": 0.1, ""frequencies"": [0.075, 0.095, 0.115, 0.14], ""gamma"": 0.5, ""orientation_bins"": 12, ""orientation_offset"": 1.5707963267948966, ""sigma_scale"": 0.55, ""strength"": 0.12}",27.279303541011437,0.8767163291655778,0.001870982157501112,27.286643104558827,0.8769871475802063,0.0018678228736821938,0.007339563547390071,0.0002708184146285042,-3.1592838189182116e-06,0.0002977820986416191,0.17397820000041975
113__M_Right_index_finger.BMP,113,"M2 Modified Gabor (detail_clip=0.1, frequencies=0.075/0.095/0.115/0.14, gamma=0.5, orientation_bins=12, orientation_offset=1.5708, sigma_scale=0.55, strength=0.12)",M2 Modified Gabor,"{""detail_clip"": 0.1, ""frequencies"": [0.075, 0.095, 0.115, 0.14], ""gamma"": 0.5, ""orientation_bins"": 12, ""orientation_offset"": 1.5707963267948966, ""sigma_scale"": 0.55, ""strength"": 0.12}",27.52628103978593,0.7962213375407458,0.0017675507658317642,27.532460931400426,0.7964729841259122,0.0017650373781335166,0.006179891614497279,0.0002516465851664096,-2.513387698247632e-06,0.0002321427600691095,0.18183110000245506
113__M_Right_little_finger.BMP,113,"M2 Modified Gabor (detail_clip=0.1, frequencies=0.075/0.095/0.115/0.14, gamma=0.5, orientation_bins=12, orientation_offset=1.5708, sigma_scale=0.55, strength=0.12)",M2 Modified Gabor,"{""detail_clip"": 0.1, ""frequencies"": [0.075, 0.095, 0.115, 0.14], ""gamma"": 0.5, ""orientation_bins"": 12, ""orientation_offset"": 1.5707963267948966, ""sigma_scale"": 0.55, ""strength"": 0.12}",27.049336324191856,0.8765692704223395,0.0019727241788767436,27.057243400908586,0.8769488166704178,0.001969135763451328,0.007907076716730188,0.00037954624807834403,-3.588415425415537e-06,0.0002768446574918926,0.18113770000491058
113__M_Right_middle_finger.BMP,113,"M2 Modified Gabor (detail_clip=0.1, frequencies=0.075/0.095/0.115/0.14, gamma=0.5, orientation_bins=12, orientation_offset=1.5708, sigma_scale=0.55, strength=0.12)",M2 Modified Gabor,"{""detail_clip"": 0.1, ""frequencies"": [0.075, 0.095, 0.115, 0.14], ""gamma"": 0.5, ""orientation_bins"": 12, ""orientation_offset"": 1.5707963267948966, ""sigma_scale"": 0.55, ""strength"": 0.12}",27.39106797572276,0.8165695768411756,0.0018234472423621466,27.3977451447424,0.8168342951737643,0.0018206458918958637,0.006677169019642548,0.00026471833258867594,-2.801350466282923e-06,0.0002530335041228682,0.19260969999595545
113__M_Right_ring_finger.BMP,113,"M2 Modified Gabor (detail_clip=0.1, frequencies=0.075/0.095/0.115/0.14, gamma=0.5, orientation_bins=12, orientation_offset=1.5708, sigma_scale=0.55, strength=0.12)",M2 Modified Gabor,"{""detail_clip"": 0.1, ""frequencies"": [0.075, 0.095, 0.115, 0.14], ""gamma"": 0.5, ""orientation_bins"": 12, ""orientation_offset"": 1.5707963267948966, ""sigma_scale"": 0.55, ""strength"": 0.12}",27.556710022814272,0.786957332709074,0.0017552096490527052,27.565479266799837,0.7872869070310593,0.0017516691176430496,0.008769243985565112,0.00032957432198532643,-3.540531409655656e-06,0.00023555461666546762,0.2556758999999147
113__M_Right_thumb_finger.BMP,113,"M2 Modified Gabor (detail_clip=0.1, frequencies=0.075/0.095/0.115/0.14, gamma=0.5, orientation_bins=12, orientation_offset=1.5708, sigma_scale=0.55, strength=0.12)",M2 Modified Gabor,"{""detail_clip"": 0.1, ""frequencies"": [0.075, 0.095, 0.115, 0.14], ""gamma"": 0.5, ""orientation_bins"": 12, ""orientation_offset"": 1.5707963267948966, ""sigma_scale"": 0.55, ""strength"": 0.12}",27.207380810346603,0.8842864897474051,0.0019022251483617964,27.214480503079134,0.8845591777216792,0.001899117998325756,0.007099692732531082,0.00027268797427415503,-3.107150036040472e-06,0.0002571845252532512,0.0010296000036760233
439__M_Left_index_finger.BMP,439,"M2 Modified Gabor (detail_clip=0.1, frequencies=0.075/0.095/0.115/0.14, gamma=0.5, orientation_bins=12, orientation_offset=1.5708, sigma_scale=0.55, strength=0.12)",M2 Modified Gabor,"{""detail_clip"": 0.1, ""frequencies"": [0.075, 0.095, 0.115, 0.14], ""gamma"": 0.5, ""orientation_bins"": 12, ""orientation_offset"": 1.5707963267948966, ""sigma_scale"": 0.55, ""strength"": 0.12}",27.243095184838253,0.8546553031085133,0.0018866462709150498,27.252504499492055,0.8550428335150481,0.0018825631355189195,0.00940931465380146,0.0003875304065347196,-4.083135396130283e-06,0.00031688532908447087,0.0011042999976780266
439__M_Left_little_finger.BMP,439,"M2 Modified Gabor (detail_clip=0.1, frequencies=0.075/0.095/0.115/0.14, gamma=0.5, orientation_bins=12, orientation_offset=1.5708, sigma_scale=0.55, strength=0.12)",M2 Modified Gabor,"{""detail_clip"": 0.1, ""frequencies"": [0.075, 0.095, 0.115, 0.14], ""gamma"": 0.5, ""orientation_bins"": 12, ""orientation_offset"": 1.5707963267948966, ""sigma_scale"": 0.55, ""strength"": 0.12}",27.67026514284158,0.7680612674964666,0.0017099109194558372,27.681958273601804,0.7685585565778613,0.0017053132742390858,0.011693130760225046,0.0004972890813946806,-4.5976452167514024e-06,0.00024150496756192297,0.24312340000324184
439__M_Left_middle_finger.BMP,439,"M2 Modified Gabor (detail_clip=0.1, frequencies=0.075/0.095/0.115/0.14, gamma=0.5, orientation_bins=12, orientation_offset=1.5708, sigma_scale=0.55, strength=0.12)",M2 Modified Gabor,"{""detail_clip"": 0.1, ""frequencies"": [0.075, 0.095, 0.115, 0.14], ""gamma"": 0.5, ""orientation_bins"": 12, ""orientation_offset"": 1.5707963267948966, ""sigma_scale"": 0.55, ""strength"": 0.12}",27.075266153872867,0.8850007860559821,0.0019609809946537662,27.08127717444906,0.8852664492267073,0.001958268700601903,0.006011020576192294,0.0002656631707251833,-2.7122940518633544e-06,0.0002308901457581669,0.26530690000072354
439__M_Left_ring_finger.BMP,439,"M2 Modified Gabor (detail_clip=0.1, frequencies=0.075/0.095/0.115/0.14, gamma=0.5, orientation_bins=12, orientation_offset=1.5708, sigma_scale=0.55, strength=0.12)",M2 Modified Gabor,"{""detail_clip"": 0.1, ""frequencies"": [0.075, 0.095, 0.115, 0.14], ""gamma"": 0.5, ""orientation_bins"": 12, ""orientation_offset"": 1.5707963267948966, ""sigma_scale"": 0.55, ""strength"": 0.12}",27.26936026487648,0.8321901105798483,0.001875270723456602,27.277811256467977,0.8325321579777598,0.0018716251584172598,0.008450991591498536,0.00034204739791154903,-3.6455650393421753e-06,0.0002388686698395759,0.24943419999908656
439__M_Left_thumb_finger.BMP,439,"M2 Modified Gabor (detail_clip=0.1, frequencies=0.075/0.095/0.115/0.14, gamma=0.5, orientation_bins=12, orientation_offset=1.5708, sigma_scale=0.55, strength=0.12)",M2 Modified Gabor,"{""detail_clip"": 0.1, ""frequencies"": [0.075, 0.095, 0.115, 0.14], ""gamma"": 0.5, ""orientation_bins"": 12, ""orientation_offset"": 1.5707963267948966, ""sigma_scale"": 0.55, ""strength"": 0.12}",27.22016145099966,0.8706247874133587,0.0018966354115943194,27.225744634068583,0.8708383496978879,0.0018941987103634978,0.005583183068921471,0.00021356228452917847,-2.4367012308216477e-06,0.0002090119814965874,0.17252169999846956
439__M_Right_index_finger.BMP,439,"M2 Modified Gabor (detail_clip=0.1, frequencies=0.075/0.095/0.115/0.14, gamma=0.5, orientation_bins=12, orientation_offset=1.5708, sigma_scale=0.55, strength=0.12)",M2 Modified Gabor,"{""detail_clip"": 0.1, ""frequencies"": [0.075, 0.095, 0.115, 0.14], ""gamma"": 0.5, ""orientation_bins"": 12, ""orientation_offset"": 1.5707963267948966, ""sigma_scale"": 0.55, ""strength"": 0.12}",27.190461892047534,0.860179078065604,0.0019096501477369801,27.20061313656291,0.8605594269925058,0.00190519172417743,0.0101512445153773,0.00038034892690175237,-4.4584235595502165e-06,0.00031236858922056854,0.0007965000040712766
439__M_Right_little_finger.BMP,439,"M2 Modified Gabor (detail_clip=0.1, frequencies=0.075/0.095/0.115/0.14, gamma=0.5, orientation_bins=12, orientation_offset=1.5708, sigma_scale=0.55, strength=0.12)",M2 Modified Gabor,"{""detail_clip"": 0.1, ""frequencies"": [0.075, 0.095, 0.115, 0.14], ""gamma"": 0.5, ""orientation_bins"": 12, ""orientation_offset"": 1.5707963267948966, ""sigma_scale"": 0.55, ""strength"": 0.12}",27.46604753235387,0.7971711269533038,0.001792236207049238,27.474872291003987,0.7975059174258113,0.0017885981239994335,0.008824758650117559,0.0003347904725075068,-3.638083049804482e-06,0.00022266294399742037,0.17687740000110352
439__M_Right_middle_finger.BMP,439,"M2 Modified Gabor (detail_clip=0.1, frequencies=0.075/0.095/0.115/0.14, gamma=0.5, orientation_bins=12, orientation_offset=1.5708, sigma_scale=0.55, strength=0.12)",M2 Modified Gabor,"{""detail_clip"": 0.1, ""frequencies"": [0.075, 0.095, 0.115, 0.14], ""gamma"": 0.5, ""orientation_bins"": 12, ""orientation_offset"": 1.5707963267948966, ""sigma_scale"": 0.55, ""strength"": 0.12}",27.195319163986305,0.8431384734453261,0.001907515535095472,27.202444813261547,0.8434412693107426,0.0019043883615672682,0.007125649275241841,0.00030279586541648307,-3.127173528203863e-06,0.00022229041496757418,0.24886590000096476
439__M_Right_ring_finger.BMP,439,"M2 Modified Gabor (detail_clip=0.1, frequencies=0.075/0.095/0.115/0.14, gamma=0.5, orientation_bins=12, orientation_offset=1.5708, sigma_scale=0.55, strength=0.12)",M2 Modified Gabor,"{""detail_clip"": 0.1, ""frequencies"": [0.075, 0.095, 0.115, 0.14], ""gamma"": 0.5, ""orientation_bins"": 12, ""orientation_offset"": 1.5707963267948966, ""sigma_scale"": 0.55, ""strength"": 0.12}",27.088819797633764,0.8616873811286986,0.001954870622892272,27.09731744068959,0.8620436441410184,0.0019510493559204024,0.008497643055825677,0.00035626301231983515,-3.821266971869731e-06,0.0002494037908036262,0.23952519999875221
439__M_Right_thumb_finger.BMP,439,"M2 Modified Gabor (detail_clip=0.1, frequencies=0.075/0.095/0.115/0.14, gamma=0.5, orientation_bins=12, orientation_offset=1.5708, sigma_scale=0.55, strength=0.12)",M2 Modified Gabor,"{""detail_clip"": 0.1, ""frequencies"": [0.075, 0.095, 0.115, 0.14], ""gamma"": 0.5, ""orientation_bins"": 12, ""orientation_offset"": 1.5707963267948966, ""sigma_scale"": 0.55, ""strength"": 0.12}",27.178713895481742,0.860588171741724,0.0019148228900337703,27.186136560934568,0.8609376322947144,0.00191155300031602,0.007422665452825328,0.00034946055299045486,-3.2698897177501837e-06,0.0003317689406685531,0.22462599999562372
184__M_Left_index_finger.BMP,184,"M2 Modified Gabor (detail_clip=0.1, frequencies=0.075/0.095/0.115/0.14, gamma=0.5, orientation_bins=12, orientation_offset=1.5708, sigma_scale=0.55, strength=0.12)",M2 Modified Gabor,"{""detail_clip"": 0.1, ""frequencies"": [0.075, 0.095, 0.115, 0.14], ""gamma"": 0.5, ""orientation_bins"": 12, ""orientation_offset"": 1.5707963267948966, ""sigma_scale"": 0.55, ""strength"": 0.12}",27.14673214910537,0.9094638912225962,0.0019289758260301864,27.15644159645505,0.909776236351341,0.0019246680650018325,0.009709447349678157,0.00031234512874478426,-4.3077610283538854e-06,0.00034741306444630027,0.254856400002609
184__M_Left_little_finger.BMP,184,"M2 Modified Gabor (detail_clip=0.1, frequencies=0.075/0.095/0.115/0.14, gamma=0.5, orientation_bins=12, orientation_offset=1.5708, sigma_scale=0.55, strength=0.12)",M2 Modified Gabor,"{""detail_clip"": 0.1, ""frequencies"": [0.075, 0.095, 0.115, 0.14], ""gamma"": 0.5, ""orientation_bins"": 12, ""orientation_offset"": 1.5707963267948966, ""sigma_scale"": 0.55, ""strength"": 0.12}",27.68577063332017,0.7966246676869393,0.0017038169588951832,27.70115779421445,0.7972035026039481,0.0016977909746838857,0.01538716089427794,0.0005788349170088303,-6.025984211297528e-06,0.00030405729194171727,0.2602527999988524
184__M_Left_middle_finger.BMP,184,"M2 Modified Gabor (detail_clip=0.1, frequencies=0.075/0.095/0.115/0.14, gamma=0.5, orientation_bins=12, orientation_offset=1.5708, sigma_scale=0.55, strength=0.12)",M2 Modified Gabor,"{""detail_clip"": 0.1, ""frequencies"": [0.075, 0.095, 0.115, 0.14], ""gamma"": 0.5, ""orientation_bins"": 12, ""orientation_offset"": 1.5707963267948966, ""sigma_scale"": 0.55, ""strength"": 0.12}",26.967420814007504,0.924128175724417,0.002010286326054125,26.973637498642688,0.9243695258687437,0.0020074107712647346,0.006216684635184322,0.00024135014432669077,-2.8755547893904825e-06,0.0002941459242720157,0.22748569999384927
184__M_Left_ring_finger.BMP,184,"M2 Modified Gabor (detail_clip=0.1, frequencies=0.075/0.095/0.115/0.14, gamma=0.5, orientation_bins=12, orientation_offset=1.5708, sigma_scale=0.55, strength=0.12)",M2 Modified Gabor,"{""detail_clip"": 0.1, ""frequencies"": [0.075, 0.095, 0.115, 0.14], ""gamma"": 0.5, ""orientation_bins"": 12, ""orientation_offset"": 1.5707963267948966, ""sigma_scale"": 0.55, ""strength"": 0.12}",27.16267520307092,0.870679429012537,0.0019219074917362917,27.174094453772376,0.8711574244493246,0.0019168607051667616,0.011419250701457884,0.0004779954367876149,-5.046786569530082e-06,0.00027889147168025374,0.20010240000556223
184__M_Left_thumb_finger.BMP,184,"M2 Modified Gabor (detail_clip=0.1, frequencies=0.075/0.095/0.115/0.14, gamma=0.5, orientation_bins=12, orientation_offset=1.5708, sigma_scale=0.55, strength=0.12)",M2 Modified Gabor,"{""detail_clip"": 0.1, ""frequencies"": [0.075, 0.095, 0.115, 0.14], ""gamma"": 0.5, ""orientation_bins"": 12, ""orientation_offset"": 1.5707963267948966, ""sigma_scale"": 0.55, ""strength"": 0.12}",27.09455659897816,0.894332712657094,0.0019522900465488075,27.102850110898395,0.8946586289702356,0.001948565410069983,0.008293511920236085,0.0003259163131416054,-3.7246364788245945e-06,0.0003604360099416226,0.25385029999597464
184__M_Right_index_finger.BMP,184,"M2 Modified Gabor (detail_clip=0.1, frequencies=0.075/0.095/0.115/0.14, gamma=0.5, orientation_bins=12, orientation_offset=1.5708, sigma_scale=0.55, strength=0.12)",M2 Modified Gabor,"{""detail_clip"": 0.1, ""frequencies"": [0.075, 0.095, 0.115, 0.14], ""gamma"": 0.5, ""orientation_bins"": 12, ""orientation_offset"": 1.5707963267948966, ""sigma_scale"": 0.55, ""strength"": 0.12}",27.168996828915667,0.8836233427411317,0.0019191119826170474,27.177738394634822,0.8839678562330604,0.0019152530408248,0.00874156571915563,0.0003445134919286552,-3.858941792247517e-06,0.0003526356304064393,0.27853440000035334
184__M_Right_little_finger.BMP,184,"M2 Modified Gabor (detail_clip=0.1, frequencies=0.075/0.095/0.115/0.14, gamma=0.5, orientation_bins=12, orientation_offset=1.5708, sigma_scale=0.55, strength=0.12)",M2 Modified Gabor,"{""detail_clip"": 0.1, ""frequencies"": [0.075, 0.095, 0.115, 0.14], ""gamma"": 0.5, ""orientation_bins"": 12, ""orientation_offset"": 1.5707963267948966, ""sigma_scale"": 0.55, ""strength"": 0.12}",27.192112369058048,0.8865373025163412,0.0019089245491009349,27.201544689338597,0.8868892788286209,0.001904783108276842,0.009432320280549078,0.0003519763122796782,-4.141440824092764e-06,0.0002990912471432239,0.0012707999994745478
184__M_Right_middle_finger.BMP,184,"M2 Modified Gabor (detail_clip=0.1, frequencies=0.075/0.095/0.115/0.14, gamma=0.5, orientation_bins=12, orientation_offset=1.5708, sigma_scale=0.55, strength=0.12)",M2 Modified Gabor,"{""detail_clip"": 0.1, ""frequencies"": [0.075, 0.095, 0.115, 0.14], ""gamma"": 0.5, ""orientation_bins"": 12, ""orientation_offset"": 1.5707963267948966, ""sigma_scale"": 0.55, ""strength"": 0.12}",26.937873520135312,0.9148618301275373,0.0020240099725046343,26.94606606711862,0.9151286695983112,0.002020195471668568,0.00819254698330596,0.00026683947077388304,-3.8145008360661835e-06,0.00034263497218489647,0.20836059999419376
184__M_Right_ring_finger.BMP,184,"M2 Modified Gabor (detail_clip=0.1, frequencies=0.075/0.095/0.115/0.14, gamma=0.5, orientation_bins=12, orientation_offset=1.5708, sigma_scale=0.55, strength=0.12)",M2 Modified Gabor,"{""detail_clip"": 0.1, ""frequencies"": [0.075, 0.095, 0.115, 0.14], ""gamma"": 0.5, ""orientation_bins"": 12, ""orientation_offset"": 1.5707963267948966, ""sigma_scale"": 0.55, ""strength"": 0.12}",26.95258106467255,0.899651739586711,0.002017167180501343,26.959380215439815,0.8999141996760964,0.002014011650304163,0.00679915076726445,0.0002624600893854634,-3.155530197179908e-06,0.00031110242707654834,0.21708599999692524
184__M_Right_thumb_finger.BMP,184,"M2 Modified Gabor (detail_clip=0.1, frequencies=0.075/0.095/0.115/0.14, gamma=0.5, orientation_bins=12, orientation_offset=1.5708, sigma_scale=0.55, strength=0.12)",M2 Modified Gabor,"{""detail_clip"": 0.1, ""frequencies"": [0.075, 0.095, 0.115, 0.14], ""gamma"": 0.5, ""orientation_bins"": 12, ""orientation_offset"": 1.5707963267948966, ""sigma_scale"": 0.55, ""strength"": 0.12}",27.1155529441821,0.9145130371519327,0.001942874309123023,27.123842023412607,0.9147924319974184,0.0019391696155061468,0.008289079230507923,0.00027939484548578086,-3.704693616876165e-06,0.00041253608651459217,0.19291599999996834
297__M_Left_index_finger.BMP,297,"M2 Modified Gabor (detail_clip=0.1, frequencies=0.075/0.095/0.115/0.14, gamma=0.5, orientation_bins=12, orientation_offset=1.5708, sigma_scale=0.55, strength=0.12)",M2 Modified Gabor,"{""detail_clip"": 0.1, ""frequencies"": [0.075, 0.095, 0.115, 0.14], ""gamma"": 0.5, ""orientation_bins"": 12, ""orientation_offset"": 1.5707963267948966, ""sigma_scale"": 0.55, ""strength"": 0.12}",27.7570804375387,0.7906426064821481,0.0016760692418019418,27.77244424834855,0.791197001614511,0.0016701503741173814,0.015363810809848388,0.0005543951323628837,-5.918867684560425e-06,0.0002689430257305503,0.18613619999814546
297__M_Left_little_finger.BMP,297,"M2 Modified Gabor (detail_clip=0.1, frequencies=0.075/0.095/0.115/0.14, gamma=0.5, orientation_bins=12, orientation_offset=1.5708, sigma_scale=0.55, strength=0.12)",M2 Modified Gabor,"{""detail_clip"": 0.1, ""frequencies"": [0.075, 0.095, 0.115, 0.14], ""gamma"": 0.5, ""orientation_bins"": 12, ""orientation_offset"": 1.5707963267948966, ""sigma_scale"": 0.55, ""strength"": 0.12}",27.604976193107987,0.8586213655061722,0.0017358107781078177,27.613492276020565,0.858780904004097,0.0017324103608166793,0.008516082912578327,0.0001595384979248271,-3.400417291138467e-06,0.00020009448053315282,0.30152539999835426
297__M_Left_middle_finger.BMP,297,"M2 Modified Gabor (detail_clip=0.1, frequencies=0.075/0.095/0.115/0.14, gamma=0.5, orientation_bins=12, orientation_offset=1.5708, sigma_scale=0.55, strength=0.12)",M2 Modified Gabor,"{""detail_clip"": 0.1, ""frequencies"": [0.075, 0.095, 0.115, 0.14], ""gamma"": 0.5, ""orientation_bins"": 12, ""orientation_offset"": 1.5707963267948966, ""sigma_scale"": 0.55, ""strength"": 0.12}",27.408921212894597,0.831367049916923,0.0018159666927172965,27.42258121692586,0.8319406324978769,0.0018102638476402504,0.013660004031262218,0.0005735825809538575,-5.702845077046109e-06,0.00029822145006619394,0.23932909999712138
297__M_Left_ring_finger.BMP,297,"M2 Modified Gabor (detail_clip=0.1, frequencies=0.075/0.095/0.115/0.14, gamma=0.5, orientation_bins=12, orientation_offset=1.5708, sigma_scale=0.55, strength=0.12)",M2 Modified Gabor,"{""detail_clip"": 0.1, ""frequencies"": [0.075, 0.095, 0.115, 0.14], ""gamma"": 0.5, ""orientation_bins"": 12, ""orientation_offset"": 1.5707963267948966, ""sigma_scale"": 0.55, ""strength"": 0.12}",27.999195089177213,0.7429669464297891,0.0015851869599302825,28.009587046155854,0.7433071305366159,0.0015813984011859375,0.010391956978640593,0.0003401841068267908,-3.7885587443450743e-06,0.00019852089462801814,0.20979250000527827
297__M_Left_thumb_finger.BMP,297,"M2 Modified Gabor (detail_clip=0.1, frequencies=0.075/0.095/0.115/0.14, gamma=0.5, orientation_bins=12, orientation_offset=1.5708, sigma_scale=0.55, strength=0.12)",M2 Modified Gabor,"{""detail_clip"": 0.1, ""frequencies"": [0.075, 0.095, 0.115, 0.14], ""gamma"": 0.5, ""orientation_bins"": 12, ""orientation_offset"": 1.5707963267948966, ""sigma_scale"": 0.55, ""strength"": 0.12}",27.351634550995698,0.8496112274484038,0.0018400793218039874,27.363395732099693,0.8500588064240218,0.001835102922224157,0.01176118110399571,0.0004475789756179793,-4.976399579830447e-06,0.00038438980118371546,0.22305729999789037
297__M_Right_index_finger.BMP,297,"M2 Modified Gabor (detail_clip=0.1, frequencies=0.075/0.095/0.115/0.14, gamma=0.5, orientation_bins=12, orientation_offset=1.5708, sigma_scale=0.55, strength=0.12)",M2 Modified Gabor,"{""detail_clip"": 0.1, ""frequencies"": [0.075, 0.095, 0.115, 0.14], ""gamma"": 0.5, ""orientation_bins"": 12, ""orientation_offset"": 1.5707963267948966, ""sigma_scale"": 0.55, ""strength"": 0.12}",27.26646688433661,0.8421334111442864,0.0018765204928810162,27.27548741600126,0.8424706107844412,0.0018726269031565147,0.009020531664649667,0.00033719964015477277,-3.8935897245014756e-06,0.000306514062685892,0.20914819999597967
297__M_Right_little_finger.BMP,297,"M2 Modified Gabor (detail_clip=0.1, frequencies=0.075/0.095/0.115/0.14, gamma=0.5, orientation_bins=12, orientation_offset=1.5708, sigma_scale=0.55, strength=0.12)",M2 Modified Gabor,"{""detail_clip"": 0.1, ""frequencies"": [0.075, 0.095, 0.115, 0.14], ""gamma"": 0.5, ""orientation_bins"": 12, ""orientation_offset"": 1.5707963267948966, ""sigma_scale"": 0.55, ""strength"": 0.12}",27.748414561772044,0.7768289119063616,0.0016794169952769212,27.764872381790234,0.7774094566735029,0.0016730647989844773,0.016457820018189295,0.0005805447671413111,-6.352196292443938e-06,0.0002814266481436789,0.184937699996226
297__M_Right_middle_finger.BMP,297,"M2 Modified Gabor (detail_clip=0.1, frequencies=0.075/0.095/0.115/0.14, gamma=0.5, orientation_bins=12, orientation_offset=1.5708, sigma_scale=0.55, strength=0.12)",M2 Modified Gabor,"{""detail_clip"": 0.1, ""frequencies"": [0.075, 0.095, 0.115, 0.14], ""gamma"": 0.5, ""orientation_bins"": 12, ""orientation_offset"": 1.5707963267948966, ""sigma_scale"": 0.55, ""strength"": 0.12}",27.62754038726817,0.7994520999450088,0.0017268155915228394,27.64478024066298,0.8000942544024289,0.0017199743722461107,0.017239853394809046,0.0006421544574201077,-6.841219276728771e-06,0.00031906907679513097,0.21364290000201436
297__M_Right_ring_finger.BMP,297,"M2 Modified Gabor (detail_clip=0.1, frequencies=0.075/0.095/0.115/0.14, gamma=0.5, orientation_bins=12, orientation_offset=1.5708, sigma_scale=0.55, strength=0.12)",M2 Modified Gabor,"{""detail_clip"": 0.1, ""frequencies"": [0.075, 0.095, 0.115, 0.14], ""gamma"": 0.5, ""orientation_bins"": 12, ""orientation_offset"": 1.5707963267948966, ""sigma_scale"": 0.55, ""strength"": 0.12}",27.67942143460698,0.7884819651403725,0.0017063096877649516,27.692652090570064,0.7889604094021916,0.0017011193746646624,0.013230655963084814,0.0004784442618190887,-5.190313100289154e-06,0.0002642043400555849,0.18781279999529943
297__M_Right_thumb_finger.BMP,297,"M2 Modified Gabor (detail_clip=0.1, frequencies=0.075/0.095/0.115/0.14, gamma=0.5, orientation_bins=12, orientation_offset=1.5708, sigma_scale=0.55, strength=0.12)",M2 Modified Gabor,"{""detail_clip"": 0.1, ""frequencies"": [0.075, 0.095, 0.115, 0.14], ""gamma"": 0.5, ""orientation_bins"": 12, ""orientation_offset"": 1.5707963267948966, ""sigma_scale"": 0.55, ""strength"": 0.12}",27.057159365148596,0.8790298646752238,0.0019691738664962227,27.06604926800244,0.8793809592317939,0.001965147138000862,0.008889902853844944,0.00035109455657011956,-4.02672849536068e-06,0.0003139204054605216,0.27449470000283327
510__M_Left_index_finger.BMP,510,"M2 Modified Gabor (detail_clip=0.1, frequencies=0.075/0.095/0.115/0.14, gamma=0.5, orientation_bins=12, orientation_offset=1.5708, sigma_scale=0.55, strength=0.12)",M2 Modified Gabor,"{""detail_clip"": 0.1, ""frequencies"": [0.075, 0.095, 0.115, 0.14], ""gamma"": 0.5, ""orientation_bins"": 12, ""orientation_offset"": 1.5707963267948966, ""sigma_scale"": 0.55, ""strength"": 0.12}",27.049783248781104,0.8853918248358965,0.001972521179848049,27.057773086671624,0.8857010077677965,0.0019688956131341017,0.00798983789051988,0.00030918293189996504,-3.6255667139471932e-06,0.00028370009385980666,0.3302116999984719
510__M_Left_little_finger.BMP,510,"M2 Modified Gabor (detail_clip=0.1, frequencies=0.075/0.095/0.115/0.14, gamma=0.5, orientation_bins=12, orientation_offset=1.5708, sigma_scale=0.55, strength=0.12)",M2 Modified Gabor,"{""detail_clip"": 0.1, ""frequencies"": [0.075, 0.095, 0.115, 0.14], ""gamma"": 0.5, ""orientation_bins"": 12, ""orientation_offset"": 1.5707963267948966, ""sigma_scale"": 0.55, ""strength"": 0.12}",27.388994176833812,0.8156364864462018,0.0018243181642848185,27.399123538821573,0.8160696130414605,0.0018200681343114764,0.010129361987761598,0.0004331265952587371,-4.250029973342081e-06,0.00028831796953454614,0.25079209999967134
510__M_Left_middle_finger.BMP,510,"M2 Modified Gabor (detail_clip=0.1, frequencies=0.075/0.095/0.115/0.14, gamma=0.5, orientation_bins=12, orientation_offset=1.5708, sigma_scale=0.55, strength=0.12)",M2 Modified Gabor,"{""detail_clip"": 0.1, ""frequencies"": [0.075, 0.095, 0.115, 0.14], ""gamma"": 0.5, ""orientation_bins"": 12, ""orientation_offset"": 1.5707963267948966, ""sigma_scale"": 0.55, ""strength"": 0.12}",26.927380314475773,0.9163373613706232,0.002028906196606752,26.93691744093256,0.9167092294844389,0.0020244555979823504,0.009537126456788059,0.00037186811381573204,-4.4505986244018116e-06,0.0003184938395861536,0.2595780999981798
510__M_Left_ring_finger.BMP,510,"M2 Modified Gabor (detail_clip=0.1, frequencies=0.075/0.095/0.115/0.14, gamma=0.5, orientation_bins=12, orientation_offset=1.5708, sigma_scale=0.55, strength=0.12)",M2 Modified Gabor,"{""detail_clip"": 0.1, ""frequencies"": [0.075, 0.095, 0.115, 0.14], ""gamma"": 0.5, ""orientation_bins"": 12, ""orientation_offset"": 1.5707963267948966, ""sigma_scale"": 0.55, ""strength"": 0.12}",27.139391128208246,0.8814989184703231,0.0019322391939270728,27.147095997488577,0.8818087885174751,0.0019288142247745421,0.00770486928033165,0.0003098700471519944,-3.4249691525307154e-06,0.0002851287426892668,0.22600650000094902
510__M_Left_thumb_finger.BMP,510,"M2 Modified Gabor (detail_clip=0.1, frequencies=0.075/0.095/0.115/0.14, gamma=0.5, orientation_bins=12, orientation_offset=1.5708, sigma_scale=0.55, strength=0.12)",M2 Modified Gabor,"{""detail_clip"": 0.1, ""frequencies"": [0.075, 0.095, 0.115, 0.14], ""gamma"": 0.5, ""orientation_bins"": 12, ""orientation_offset"": 1.5707963267948966, ""sigma_scale"": 0.55, ""strength"": 0.12}",27.04511604334945,0.9147710483712554,0.0019746421163289608,27.051497852920782,0.9150004055734873,0.001971742577867028,0.006381809571333719,0.00022935720223182798,-2.8995384619328116e-06,0.0002728471881709993,0.1910730000017793
510__M_Right_index_finger.BMP,510,"M2 Modified Gabor (detail_clip=0.1, frequencies=0.075/0.095/0.115/0.14, gamma=0.5, orientation_bins=12, orientation_offset=1.5708, sigma_scale=0.55, strength=0.12)",M2 Modified Gabor,"{""detail_clip"": 0.1, ""frequencies"": [0.075, 0.095, 0.115, 0.14], ""gamma"": 0.5, ""orientation_bins"": 12, ""orientation_offset"": 1.5707963267948966, ""sigma_scale"": 0.55, ""strength"": 0.12}",27.23055457921046,0.866017082233429,0.0018921019882603737,27.23877964272379,0.8663238145369291,0.0018885219447679611,0.008225063513332742,0.0003067323035000902,-3.580043492412569e-06,0.00025514481239952147,0.19149629999446915
510__M_Right_little_finger.BMP,510,"M2 Modified Gabor (detail_clip=0.1, frequencies=0.075/0.095/0.115/0.14, gamma=0.5, orientation_bins=12, orientation_offset=1.5708, sigma_scale=0.55, strength=0.12)",M2 Modified Gabor,"{""detail_clip"": 0.1, ""frequencies"": [0.075, 0.095, 0.115, 0.14], ""gamma"": 0.5, ""orientation_bins"": 12, ""orientation_offset"": 1.5707963267948966, ""sigma_scale"": 0.55, ""strength"": 0.12}",27.394827670703343,0.8089458301949203,0.0018218693639567604,27.40174515692157,0.8092157123333812,0.0018189697819519955,0.006917486218227964,0.00026988213846090847,-2.899582004764912e-06,0.00022172863828018308,0.1888332000016817
510__M_Right_middle_finger.BMP,510,"M2 Modified Gabor (detail_clip=0.1, frequencies=0.075/0.095/0.115/0.14, gamma=0.5, orientation_bins=12, orientation_offset=1.5708, sigma_scale=0.55, strength=0.12)",M2 Modified Gabor,"{""detail_clip"": 0.1, ""frequencies"": [0.075, 0.095, 0.115, 0.14], ""gamma"": 0.5, ""orientation_bins"": 12, ""orientation_offset"": 1.5707963267948966, ""sigma_scale"": 0.55, ""strength"": 0.12}",27.098886756793288,0.887872908428371,0.001950344474744861,27.10482773827892,0.8880986218206882,0.0019476783025386673,0.005940981485633046,0.00022571339231725052,-2.666172206193659e-06,0.0002497720124665648,0.26326269999844953
510__M_Right_ring_finger.BMP,510,"M2 Modified Gabor (detail_clip=0.1, frequencies=0.075/0.095/0.115/0.14, gamma=0.5, orientation_bins=12, orientation_offset=1.5708, sigma_scale=0.55, strength=0.12)",M2 Modified Gabor,"{""detail_clip"": 0.1, ""frequencies"": [0.075, 0.095, 0.115, 0.14], ""gamma"": 0.5, ""orientation_bins"": 12, ""orientation_offset"": 1.5707963267948966, ""sigma_scale"": 0.55, ""strength"": 0.12}",27.19464273199484,0.8686249066267312,0.001907812661832362,27.202464819529762,0.8689820725539624,0.0019043795888063473,0.007822087534922417,0.00035716592723122886,-3.4330730260146575e-06,0.0002689688408281654,0.1964397999981884
510__M_Right_thumb_finger.BMP,510,"M2 Modified Gabor (detail_clip=0.1, frequencies=0.075/0.095/0.115/0.14, gamma=0.5, orientation_bins=12, orientation_offset=1.5708, sigma_scale=0.55, strength=0.12)",M2 Modified Gabor,"{""detail_clip"": 0.1, ""frequencies"": [0.075, 0.095, 0.115, 0.14], ""gamma"": 0.5, ""orientation_bins"": 12, ""orientation_offset"": 1.5707963267948966, ""sigma_scale"": 0.55, ""strength"": 0.12}",27.147269107323716,0.8867233144706488,0.0019287373437475198,27.154214096036124,0.8870138355780244,0.0019256554822364314,0.006944988712408673,0.00029052110737559644,-3.0818615110884268e-06,0.00030084382160566747,0.21981050000613322
329__M_Left_index_finger.BMP,329,"M2 Modified Gabor (detail_clip=0.1, frequencies=0.075/0.095/0.115/0.14, gamma=0.5, orientation_bins=12, orientation_offset=1.5708, sigma_scale=0.55, strength=0.12)",M2 Modified Gabor,"{""detail_clip"": 0.1, ""frequencies"": [0.075, 0.095, 0.115, 0.14], ""gamma"": 0.5, ""orientation_bins"": 12, ""orientation_offset"": 1.5707963267948966, ""sigma_scale"": 0.55, ""strength"": 0.12}",27.33983850281261,0.8673399185726046,0.0018450840293860148,27.349776073531594,0.8677145822750926,0.0018408669159146694,0.009937570718982158,0.000374663702487954,-4.21711347134532e-06,0.00025006881332956254,0.18330280000373023
329__M_Left_little_finger.BMP,329,"M2 Modified Gabor (detail_clip=0.1, frequencies=0.075/0.095/0.115/0.14, gamma=0.5, orientation_bins=12, orientation_offset=1.5708, sigma_scale=0.55, strength=0.12)",M2 Modified Gabor,"{""detail_clip"": 0.1, ""frequencies"": [0.075, 0.095, 0.115, 0.14], ""gamma"": 0.5, ""orientation_bins"": 12, ""orientation_offset"": 1.5707963267948966, ""sigma_scale"": 0.55, ""strength"": 0.12}",27.483534424271237,0.7969700508410931,0.0017850342668649715,27.497243720389292,0.7974795777614117,0.001779408365431664,0.013709296118054937,0.0005095269203185815,-5.6259014333075435e-06,0.0002684684586711228,0.212132600005134
329__M_Left_middle_finger.BMP,329,"M2 Modified Gabor (detail_clip=0.1, frequencies=0.075/0.095/0.115/0.14, gamma=0.5, orientation_bins=12, orientation_offset=1.5708, sigma_scale=0.55, strength=0.12)",M2 Modified Gabor,"{""detail_clip"": 0.1, ""frequencies"": [0.075, 0.095, 0.115, 0.14], ""gamma"": 0.5, ""orientation_bins"": 12, ""orientation_offset"": 1.5707963267948966, ""sigma_scale"": 0.55, ""strength"": 0.12}",27.170496652176993,0.8806207271711528,0.0019184493373478708,27.179710284444166,0.8809849325790703,0.0019143836282825926,0.009213632267172756,0.0003642054079174839,-4.065709065278209e-06,0.00026108144083991647,0.22002580000116723
329__M_Left_ring_finger.BMP,329,"M2 Modified Gabor (detail_clip=0.1, frequencies=0.075/0.095/0.115/0.14, gamma=0.5, orientation_bins=12, orientation_offset=1.5708, sigma_scale=0.55, strength=0.12)",M2 Modified Gabor,"{""detail_clip"": 0.1, ""frequencies"": [0.075, 0.095, 0.115, 0.14], ""gamma"": 0.5, ""orientation_bins"": 12, ""orientation_offset"": 1.5707963267948966, ""sigma_scale"": 0.55, ""strength"": 0.12}",27.048095149200076,0.8606330455324054,0.0019732880464668353,27.05569308718418,0.8609493164606095,0.0019698388170868125,0.00759793798410513,0.00031627092820407654,-3.4492293800227752e-06,0.0002424174454063177,0.20683640000061132
329__M_Left_thumb_finger.BMP,329,"M2 Modified Gabor (detail_clip=0.1, frequencies=0.075/0.095/0.115/0.14, gamma=0.5, orientation_bins=12, orientation_offset=1.5708, sigma_scale=0.55, strength=0.12)",M2 Modified Gabor,"{""detail_clip"": 0.1, ""frequencies"": [0.075, 0.095, 0.115, 0.14], ""gamma"": 0.5, ""orientation_bins"": 12, ""orientation_offset"": 1.5707963267948966, ""sigma_scale"": 0.55, ""strength"": 0.12}",27.274119087408604,0.8811508820807934,0.001873217003364104,27.281837475204913,0.8814316753123999,0.0018698908328228458,0.0077183877963094005,0.00028079323160645764,-3.326170541258309e-06,0.00028410449158400297,0.18219569999928353
329__M_Right_index_finger.BMP,329,"M2 Modified Gabor (detail_clip=0.1, frequencies=0.075/0.095/0.115/0.14, gamma=0.5, orientation_bins=12, orientation_offset=1.5708, sigma_scale=0.55, strength=0.12)",M2 Modified Gabor,"{""detail_clip"": 0.1, ""frequencies"": [0.075, 0.095, 0.115, 0.14], ""gamma"": 0.5, ""orientation_bins"": 12, ""orientation_offset"": 1.5707963267948966, ""sigma_scale"": 0.55, ""strength"": 0.12}",27.187816851277667,0.9046109719729424,0.001910813561316814,27.20010964927438,0.9050352341455817,0.0019054126101110212,0.012292797996714455,0.00042426217263935584,-5.400951205792757e-06,0.0003994505968876183,0.17782720000104746
329__M_Right_little_finger.BMP,329,"M2 Modified Gabor (detail_clip=0.1, frequencies=0.075/0.095/0.115/0.14, gamma=0.5, orientation_bins=12, orientation_offset=1.5708, sigma_scale=0.55, strength=0.12)",M2 Modified Gabor,"{""detail_clip"": 0.1, ""frequencies"": [0.075, 0.095, 0.115, 0.14], ""gamma"": 0.5, ""orientation_bins"": 12, ""orientation_offset"": 1.5707963267948966, ""sigma_scale"": 0.55, ""strength"": 0.12}",27.743813777829764,0.7948134238148331,0.0016811970613825667,27.760917221898747,0.7953486375215649,0.0016745891685470153,0.01710344406898301,0.0005352137067318186,-6.607892835551422e-06,0.00026488667936064303,0.19788620000326773
329__M_Right_middle_finger.BMP,329,"M2 Modified Gabor (detail_clip=0.1, frequencies=0.075/0.095/0.115/0.14, gamma=0.5, orientation_bins=12, orientation_offset=1.5708, sigma_scale=0.55, strength=0.12)",M2 Modified Gabor,"{""detail_clip"": 0.1, ""frequencies"": [0.075, 0.095, 0.115, 0.14], ""gamma"": 0.5, ""orientation_bins"": 12, ""orientation_offset"": 1.5707963267948966, ""sigma_scale"": 0.55, ""strength"": 0.12}",27.191388370015403,0.9068319340829849,0.0019092428065988977,27.203685786192032,0.9072409044443965,0.001903844270659559,0.012297416176629383,0.00040897036141163134,-5.39853593933869e-06,0.0003557087038643658,0.1842938999980106
329__M_Right_ring_finger.BMP,329,"M2 Modified Gabor (detail_clip=0.1, frequencies=0.075/0.095/0.115/0.14, gamma=0.5, orientation_bins=12, orientation_offset=1.5708, sigma_scale=0.55, strength=0.12)",M2 Modified Gabor,"{""detail_clip"": 0.1, ""frequencies"": [0.075, 0.095, 0.115, 0.14], ""gamma"": 0.5, ""orientation_bins"": 12, ""orientation_offset"": 1.5707963267948966, ""sigma_scale"": 0.55, ""strength"": 0.12}",27.27178725921972,0.8700721985939145,0.0018742230472468093,27.280122258775776,0.8703886840734482,0.0018706294793031525,0.008334999556055323,0.000316485479533668,-3.5935679436568165e-06,0.00026569320471026003,0.19501709999894956
329__M_Right_thumb_finger.BMP,329,"M2 Modified Gabor (detail_clip=0.1, frequencies=0.075/0.095/0.115/0.14, gamma=0.5, orientation_bins=12, orientation_offset=1.5708, sigma_scale=0.55, strength=0.12)",M2 Modified Gabor,"{""detail_clip"": 0.1, ""frequencies"": [0.075, 0.095, 0.115, 0.14], ""gamma"": 0.5, ""orientation_bins"": 12, ""orientation_offset"": 1.5707963267948966, ""sigma_scale"": 0.55, ""strength"": 0.12}",27.0467404622004,0.909762505359292,0.0019739036666828963,27.053926000607454,0.9100158500754237,0.0019706404814261434,0.007185538407053826,0.0002533447161316982,-3.2631852567529575e-06,0.0003687058051582426,0.26391480000165757
500__M_Left_index_finger.BMP,500,"M2 Modified Gabor (detail_clip=0.1, frequencies=0.075/0.095/0.115/0.14, gamma=0.5, orientation_bins=12, orientation_offset=1.5708, sigma_scale=0.55, strength=0.12)",M2 Modified Gabor,"{""detail_clip"": 0.1, ""frequencies"": [0.075, 0.095, 0.115, 0.14], ""gamma"": 0.5, ""orientation_bins"": 12, ""orientation_offset"": 1.5707963267948966, ""sigma_scale"": 0.55, ""strength"": 0.12}",27.22097697852984,0.8126579431100488,0.0018962792907501484,27.23325269885153,0.8131993718574941,0.001890926856578299,0.01227572032168922,0.0005414287474453383,-5.352434171849432e-06,0.0002781635557767004,0.1878865000035148
500__M_Left_little_finger.BMP,500,"M2 Modified Gabor (detail_clip=0.1, frequencies=0.075/0.095/0.115/0.14, gamma=0.5, orientation_bins=12, orientation_offset=1.5708, sigma_scale=0.55, strength=0.12)",M2 Modified Gabor,"{""detail_clip"": 0.1, ""frequencies"": [0.075, 0.095, 0.115, 0.14], ""gamma"": 0.5, ""orientation_bins"": 12, ""orientation_offset"": 1.5707963267948966, ""sigma_scale"": 0.55, ""strength"": 0.12}",27.393190376862407,0.8031483195633888,0.0018225563397227824,27.4070861268668,0.8036964980282784,0.001816734180999456,0.013895750004394358,0.000548178464889526,-5.822158723326311e-06,0.0002625056076794863,0.1859459000042989
500__M_Left_middle_finger.BMP,500,"M2 Modified Gabor (detail_clip=0.1, frequencies=0.075/0.095/0.115/0.14, gamma=0.5, orientation_bins=12, orientation_offset=1.5708, sigma_scale=0.55, strength=0.12)",M2 Modified Gabor,"{""detail_clip"": 0.1, ""frequencies"": [0.075, 0.095, 0.115, 0.14], ""gamma"": 0.5, ""orientation_bins"": 12, ""orientation_offset"": 1.5707963267948966, ""sigma_scale"": 0.55, ""strength"": 0.12}",27.140279470727975,0.8293306801019311,0.0019318439978642497,27.14968269586377,0.8297778758481741,0.0019276657471173262,0.009403225135795168,0.00044719574624296765,-4.178250746923523e-06,0.00022871057444717735,0.23876349999773083
500__M_Left_ring_finger.BMP,500,"M2 Modified Gabor (detail_clip=0.1, frequencies=0.075/0.095/0.115/0.14, gamma=0.5, orientation_bins=12, orientation_offset=1.5708, sigma_scale=0.55, strength=0.12)",M2 Modified Gabor,"{""detail_clip"": 0.1, ""frequencies"": [0.075, 0.095, 0.115, 0.14], ""gamma"": 0.5, ""orientation_bins"": 12, ""orientation_offset"": 1.5707963267948966, ""sigma_scale"": 0.55, ""strength"": 0.12}",27.295580705283417,0.8248268218860626,0.0018639829240834243,27.31324197911829,0.8255018437362314,0.0018564181340564017,0.017661273834871594,0.0006750218501687666,-7.564790027022586e-06,0.0003646627883426845,0.1656832000007853
500__M_Left_thumb_finger.BMP,500,"M2 Modified Gabor (detail_clip=0.1, frequencies=0.075/0.095/0.115/0.14, gamma=0.5, orientation_bins=12, orientation_offset=1.5708, sigma_scale=0.55, strength=0.12)",M2 Modified Gabor,"{""detail_clip"": 0.1, ""frequencies"": [0.075, 0.095, 0.115, 0.14], ""gamma"": 0.5, ""orientation_bins"": 12, ""orientation_offset"": 1.5707963267948966, ""sigma_scale"": 0.55, ""strength"": 0.12}",26.95658644166975,0.8581379957226812,0.0020153076610392906,26.962075894668295,0.8584069035775066,0.0020127619349594623,0.005489452998546085,0.00026890785482536206,-2.5457260798282706e-06,0.0002183043397963047,0.2017656999960309
500__M_Right_index_finger.BMP,500,"M2 Modified Gabor (detail_clip=0.1, frequencies=0.075/0.095/0.115/0.14, gamma=0.5, orientation_bins=12, orientation_offset=1.5708, sigma_scale=0.55, strength=0.12)",M2 Modified Gabor,"{""detail_clip"": 0.1, ""frequencies"": [0.075, 0.095, 0.115, 0.14], ""gamma"": 0.5, ""orientation_bins"": 12, ""orientation_offset"": 1.5707963267948966, ""sigma_scale"": 0.55, ""strength"": 0.12}",27.331157922060033,0.8369927438261509,0.0018487756300997896,27.3425703782338,0.8374639902742506,0.0018439237671888566,0.011412456173765406,0.00047124644809970473,-4.851862910932973e-06,0.00030998169677332044,0.20005469999887282
500__M_Right_little_finger.BMP,500,"M2 Modified Gabor (detail_clip=0.1, frequencies=0.075/0.095/0.115/0.14, gamma=0.5, orientation_bins=12, orientation_offset=1.5708, sigma_scale=0.55, strength=0.12)",M2 Modified Gabor,"{""detail_clip"": 0.1, ""frequencies"": [0.075, 0.095, 0.115, 0.14], ""gamma"": 0.5, ""orientation_bins"": 12, ""orientation_offset"": 1.5707963267948966, ""sigma_scale"": 0.55, ""strength"": 0.12}",27.37286064895845,0.8175403233197629,0.0018311078948542933,27.383265648587113,0.8179489309216738,0.0018267261049869834,0.010404999628661926,0.00040860760191085976,-4.381789867309929e-06,0.00024625874357298017,0.18810490000032587
500__M_Right_middle_finger.BMP,500,"M2 Modified Gabor (detail_clip=0.1, frequencies=0.075/0.095/0.115/0.14, gamma=0.5, orientation_bins=12, orientation_offset=1.5708, sigma_scale=0.55, strength=0.12)",M2 Modified Gabor,"{""detail_clip"": 0.1, ""frequencies"": [0.075, 0.095, 0.115, 0.14], ""gamma"": 0.5, ""orientation_bins"": 12, ""orientation_offset"": 1.5707963267948966, ""sigma_scale"": 0.55, ""strength"": 0.12}",27.2916266852288,0.8575968000411391,0.001865680754078539,27.3046162016933,0.8580496665214896,0.0018601089390428498,0.012989516464500639,0.00045286648035047783,-5.571815035689117e-06,0.0003094905987381935,0.24845099999947706
500__M_Right_ring_finger.BMP,500,"M2 Modified Gabor (detail_clip=0.1, frequencies=0.075/0.095/0.115/0.14, gamma=0.5, orientation_bins=12, orientation_offset=1.5708, sigma_scale=0.55, strength=0.12)",M2 Modified Gabor,"{""detail_clip"": 0.1, ""frequencies"": [0.075, 0.095, 0.115, 0.14], ""gamma"": 0.5, ""orientation_bins"": 12, ""orientation_offset"": 1.5707963267948966, ""sigma_scale"": 0.55, ""strength"": 0.12}",27.155657376306145,0.8889747540159821,0.001925015640166392,27.16654388220882,0.8893469707807898,0.0019201962259782807,0.01088650590267548,0.00037221676480769794,-4.819414188111416e-06,0.0003044618642888963,0.194362899994303
500__M_Right_thumb_finger.BMP,500,"M2 Modified Gabor (detail_clip=0.1, frequencies=0.075/0.095/0.115/0.14, gamma=0.5, orientation_bins=12, orientation_offset=1.5708, sigma_scale=0.55, strength=0.12)",M2 Modified Gabor,"{""detail_clip"": 0.1, ""frequencies"": [0.075, 0.095, 0.115, 0.14], ""gamma"": 0.5, ""orientation_bins"": 12, ""orientation_offset"": 1.5707963267948966, ""sigma_scale"": 0.55, ""strength"": 0.12}",27.303108432332884,0.8768635264593064,0.001860754837687004,27.308803860949883,0.877090739284128,0.0018583162042840955,0.00569542861699901,0.00022721282482152105,-2.4386334029084713e-06,0.00023990398040041327,0.20293279999896185
546__M_Left_index_finger.BMP,546,"M2 Modified Gabor (detail_clip=0.1, frequencies=0.075/0.095/0.115/0.14, gamma=0.5, orientation_bins=12, orientation_offset=1.5708, sigma_scale=0.55, strength=0.12)",M2 Modified Gabor,"{""detail_clip"": 0.1, ""frequencies"": [0.075, 0.095, 0.115, 0.14], ""gamma"": 0.5, ""orientation_bins"": 12, ""orientation_offset"": 1.5707963267948966, ""sigma_scale"": 0.55, ""strength"": 0.12}",27.17939859729466,0.8178055724727511,0.0019145210258810648,27.1922465081862,0.8183677600421607,0.001908865589678011,0.012847910891540693,0.0005621875694096223,-5.6554362030537386e-06,0.0003225920954719186,0.20020060000388185
546__M_Left_little_finger.BMP,546,"M2 Modified Gabor (detail_clip=0.1, frequencies=0.075/0.095/0.115/0.14, gamma=0.5, orientation_bins=12, orientation_offset=1.5708, sigma_scale=0.55, strength=0.12)",M2 Modified Gabor,"{""detail_clip"": 0.1, ""frequencies"": [0.075, 0.095, 0.115, 0.14], ""gamma"": 0.5, ""orientation_bins"": 12, ""orientation_offset"": 1.5707963267948966, ""sigma_scale"": 0.55, ""strength"": 0.12}",27.58377739293818,0.7815911141959428,0.0017443043373741387,27.59887973467176,0.7821865901759267,0.0017382491533787323,0.015102341733577163,0.0005954759799838838,-6.055183995406404e-06,0.0002901882689911872,0.20134590000088792
546__M_Left_middle_finger.BMP,546,"M2 Modified Gabor (detail_clip=0.1, frequencies=0.075/0.095/0.115/0.14, gamma=0.5, orientation_bins=12, orientation_offset=1.5708, sigma_scale=0.55, strength=0.12)",M2 Modified Gabor,"{""detail_clip"": 0.1, ""frequencies"": [0.075, 0.095, 0.115, 0.14], ""gamma"": 0.5, ""orientation_bins"": 12, ""orientation_offset"": 1.5707963267948966, ""sigma_scale"": 0.55, ""strength"": 0.12}",27.4038782178077,0.7900903055039644,0.001818076604447424,27.41792178190208,0.79064506242764,0.0018122070759079465,0.014043564094379235,0.0005547569236755701,-5.869528539477519e-06,0.0002962674479931593,0.20752969999739435
546__M_Left_ring_finger.BMP,546,"M2 Modified Gabor (detail_clip=0.1, frequencies=0.075/0.095/0.115/0.14, gamma=0.5, orientation_bins=12, orientation_offset=1.5708, sigma_scale=0.55, strength=0.12)",M2 Modified Gabor,"{""detail_clip"": 0.1, ""frequencies"": [0.075, 0.095, 0.115, 0.14], ""gamma"": 0.5, ""orientation_bins"": 12, ""orientation_offset"": 1.5707963267948966, ""sigma_scale"": 0.55, ""strength"": 0.12}",27.1960749589077,0.811261339558661,0.0019071836024613185,27.207472251406198,0.8117889939492345,0.0019021850972768207,0.01139729249849708,0.000527654390573562,-4.998505184497732e-06,0.0002905715664383024,0.22554999999556458
546__M_Left_thumb_finger.BMP,546,"M2 Modified Gabor (detail_clip=0.1, frequencies=0.075/0.095/0.115/0.14, gamma=0.5, orientation_bins=12, orientation_offset=1.5708, sigma_scale=0.55, strength=0.12)",M2 Modified Gabor,"{""detail_clip"": 0.1, ""frequencies"": [0.075, 0.095, 0.115, 0.14], ""gamma"": 0.5, ""orientation_bins"": 12, ""orientation_offset"": 1.5707963267948966, ""sigma_scale"": 0.55, ""strength"": 0.12}",27.021483915545907,0.8652175775358677,0.001985416416064281,27.031590443561207,0.8656628480691314,0.0019808014973814983,0.010106528015299432,0.0004452705332637086,-4.614918682782632e-06,0.0003012472006957978,0.2203568999975687
546__M_Right_index_finger.BMP,546,"M2 Modified Gabor (detail_clip=0.1, frequencies=0.075/0.095/0.115/0.14, gamma=0.5, orientation_bins=12, orientation_offset=1.5708, sigma_scale=0.55, strength=0.12)",M2 Modified Gabor,"{""detail_clip"": 0.1, ""frequencies"": [0.075, 0.095, 0.115, 0.14], ""gamma"": 0.5, ""orientation_bins"": 12, ""orientation_offset"": 1.5707963267948966, ""sigma_scale"": 0.55, ""strength"": 0.12}",28.061231288264025,0.7160751357330084,0.0015627045302793903,28.070753636845637,0.7163650775054693,0.0015592818951391078,0.00952234858161205,0.0002899417724608888,-3.4226351402824855e-06,0.00021508528152480721,0.20190040000306908
546__M_Right_little_finger.BMP,546,"M2 Modified Gabor (detail_clip=0.1, frequencies=0.075/0.095/0.115/0.14, gamma=0.5, orientation_bins=12, orientation_offset=1.5708, sigma_scale=0.55, strength=0.12)",M2 Modified Gabor,"{""detail_clip"": 0.1, ""frequencies"": [0.075, 0.095, 0.115, 0.14], ""gamma"": 0.5, ""orientation_bins"": 12, ""orientation_offset"": 1.5707963267948966, ""sigma_scale"": 0.55, ""strength"": 0.12}",27.63564668951084,0.7798252788092495,0.0017235954186269598,27.650781827237093,0.7804023701430559,0.0017175991530465357,0.0151351377262543,0.0005770913338064565,-5.996265580424055e-06,0.00029581805574707687,0.21535389999917243
546__M_Right_middle_finger.BMP,546,"M2 Modified Gabor (detail_clip=0.1, frequencies=0.075/0.095/0.115/0.14, gamma=0.5, orientation_bins=12, orientation_offset=1.5708, sigma_scale=0.55, strength=0.12)",M2 Modified Gabor,"{""detail_clip"": 0.1, ""frequencies"": [0.075, 0.095, 0.115, 0.14], ""gamma"": 0.5, ""orientation_bins"": 12, ""orientation_offset"": 1.5707963267948966, ""sigma_scale"": 0.55, ""strength"": 0.12}",27.055545225753267,0.8390291150278747,0.0019699058840555576,27.06381259484443,0.8394043626783491,0.0019661594750382126,0.008267369091161214,0.00037524765047436404,-3.746409017344951e-06,0.00034506950760260224,0.2536480999988271
546__M_Right_ring_finger.BMP,546,"M2 Modified Gabor (detail_clip=0.1, frequencies=0.075/0.095/0.115/0.14, gamma=0.5, orientation_bins=12, orientation_offset=1.5708, sigma_scale=0.55, strength=0.12)",M2 Modified Gabor,"{""detail_clip"": 0.1, ""frequencies"": [0.075, 0.095, 0.115, 0.14], ""gamma"": 0.5, ""orientation_bins"": 12, ""orientation_offset"": 1.5707963267948966, ""sigma_scale"": 0.55, ""strength"": 0.12}",27.41220324434771,0.8016949292868972,0.0018145948566559466,27.424177925866744,0.8021802550961972,0.0018095984159324171,0.011974681519031805,0.0004853258092999413,-4.996440723529453e-06,0.0003323316923342645,0.1617638000025181
546__M_Right_thumb_finger.BMP,546,"M2 Modified Gabor (detail_clip=0.1, frequencies=0.075/0.095/0.115/0.14, gamma=0.5, orientation_bins=12, orientation_offset=1.5708, sigma_scale=0.55, strength=0.12)",M2 Modified Gabor,"{""detail_clip"": 0.1, ""frequencies"": [0.075, 0.095, 0.115, 0.14], ""gamma"": 0.5, ""orientation_bins"": 12, ""orientation_offset"": 1.5707963267948966, ""sigma_scale"": 0.55, ""strength"": 0.12}",27.25553281696742,0.9009375226513148,0.0018812508895890972,27.2637269445725,0.9012268478634954,0.0018777047527693434,0.00819412760507987,0.00028932521218061336,-3.546136819753765e-06,0.0002725109225139022,0.2013611999936984
339__M_Left_index_finger.BMP,339,"M2 Modified Gabor (detail_clip=0.1, frequencies=0.075/0.095/0.115/0.14, gamma=0.5, orientation_bins=12, orientation_offset=1.5708, sigma_scale=0.55, strength=0.12)",M2 Modified Gabor,"{""detail_clip"": 0.1, ""frequencies"": [0.075, 0.095, 0.115, 0.14], ""gamma"": 0.5, ""orientation_bins"": 12, ""orientation_offset"": 1.5707963267948966, ""sigma_scale"": 0.55, ""strength"": 0.12}",27.168168273784936,0.9018743955249489,0.001919478149316312,27.176298962719393,0.9021853356055022,0.0019158879402743675,0.008130688934457453,0.00031094008055332356,-3.5902090419444917e-06,0.0003610627609305084,0.12863020000077086
339__M_Left_little_finger.BMP,339,"M2 Modified Gabor (detail_clip=0.1, frequencies=0.075/0.095/0.115/0.14, gamma=0.5, orientation_bins=12, orientation_offset=1.5708, sigma_scale=0.55, strength=0.12)",M2 Modified Gabor,"{""detail_clip"": 0.1, ""frequencies"": [0.075, 0.095, 0.115, 0.14], ""gamma"": 0.5, ""orientation_bins"": 12, ""orientation_offset"": 1.5707963267948966, ""sigma_scale"": 0.55, ""strength"": 0.12}",27.38284470479606,0.8433663844787479,0.0018269031706211621,27.39386629614458,0.8437591709319353,0.001822272706113563,0.011021591348519877,0.00039278645318741034,-4.630464507599094e-06,0.00025314121739938855,0.18645770000148332
339__M_Left_middle_finger.BMP,339,"M2 Modified Gabor (detail_clip=0.1, frequencies=0.075/0.095/0.115/0.14, gamma=0.5, orientation_bins=12, orientation_offset=1.5708, sigma_scale=0.55, strength=0.12)",M2 Modified Gabor,"{""detail_clip"": 0.1, ""frequencies"": [0.075, 0.095, 0.115, 0.14], ""gamma"": 0.5, ""orientation_bins"": 12, ""orientation_offset"": 1.5707963267948966, ""sigma_scale"": 0.55, ""strength"": 0.12}",26.873471350702367,0.9168854509427845,0.0020542479626780162,26.88007447747889,0.9171524794006347,0.0020511270035966952,0.0066031267765218615,0.0002670284578502047,-3.120959081320991e-06,0.00031103932997211814,0.25211240000498947
339__M_Left_ring_finger.BMP,339,"M2 Modified Gabor (detail_clip=0.1, frequencies=0.075/0.095/0.115/0.14, gamma=0.5, orientation_bins=12, orientation_offset=1.5708, sigma_scale=0.55, strength=0.12)",M2 Modified Gabor,"{""detail_clip"": 0.1, ""frequencies"": [0.075, 0.095, 0.115, 0.14], ""gamma"": 0.5, ""orientation_bins"": 12, ""orientation_offset"": 1.5707963267948966, ""sigma_scale"": 0.55, ""strength"": 0.12}",27.249917444994132,0.8514360282585621,0.0018836848961017005,27.256309695209588,0.8516904460306763,0.001880914396210989,0.0063922502154554195,0.0002544177721142127,-2.7704998907115367e-06,0.00022675623768009245,0.2592346999954316
339__M_Left_thumb_finger.BMP,339,"M2 Modified Gabor (detail_clip=0.1, frequencies=0.075/0.095/0.115/0.14, gamma=0.5, orientation_bins=12, orientation_offset=1.5708, sigma_scale=0.55, strength=0.12)",M2 Modified Gabor,"{""detail_clip"": 0.1, ""frequencies"": [0.075, 0.095, 0.115, 0.14], ""gamma"": 0.5, ""orientation_bins"": 12, ""orientation_offset"": 1.5707963267948966, ""sigma_scale"": 0.55, ""strength"": 0.12}",27.26277479330367,0.8888812686822712,0.0018781164676396895,27.26702885319807,0.8890376912673116,0.0018762776903809525,0.004254059894400086,0.0001564225850403389,-1.8387772587370732e-06,0.0002929472830146551,0.1966919999977108
339__M_Right_index_finger.BMP,339,"M2 Modified Gabor (detail_clip=0.1, frequencies=0.075/0.095/0.115/0.14, gamma=0.5, orientation_bins=12, orientation_offset=1.5708, sigma_scale=0.55, strength=0.12)",M2 Modified Gabor,"{""detail_clip"": 0.1, ""frequencies"": [0.075, 0.095, 0.115, 0.14], ""gamma"": 0.5, ""orientation_bins"": 12, ""orientation_offset"": 1.5707963267948966, ""sigma_scale"": 0.55, ""strength"": 0.12}",27.13878511628046,0.8817343702910244,0.0019325088362432837,27.144508661859973,0.8819863132402896,0.0019299636698688729,0.005723545579513711,0.000251942949265227,-2.5451663744108406e-06,0.0003184644738212228,0.14247679999971297
339__M_Right_little_finger.BMP,339,"M2 Modified Gabor (detail_clip=0.1, frequencies=0.075/0.095/0.115/0.14, gamma=0.5, orientation_bins=12, orientation_offset=1.5708, sigma_scale=0.55, strength=0.12)",M2 Modified Gabor,"{""detail_clip"": 0.1, ""frequencies"": [0.075, 0.095, 0.115, 0.14], ""gamma"": 0.5, ""orientation_bins"": 12, ""orientation_offset"": 1.5707963267948966, ""sigma_scale"": 0.55, ""strength"": 0.12}",27.55192668038311,0.8072073154693842,0.001757143911266478,27.56475077225602,0.8076795285232067,0.001751962970887842,0.012824091872907672,0.0004722130538225011,-5.180940378635883e-06,0.00030625847284682095,0.18253240000194637
339__M_Right_middle_finger.BMP,339,"M2 Modified Gabor (detail_clip=0.1, frequencies=0.075/0.095/0.115/0.14, gamma=0.5, orientation_bins=12, orientation_offset=1.5708, sigma_scale=0.55, strength=0.12)",M2 Modified Gabor,"{""detail_clip"": 0.1, ""frequencies"": [0.075, 0.095, 0.115, 0.14], ""gamma"": 0.5, ""orientation_bins"": 12, ""orientation_offset"": 1.5707963267948966, ""sigma_scale"": 0.55, ""strength"": 0.12}",26.929466550812975,0.9228188951424956,0.002027931797549491,26.936650577233713,0.9230917275041342,0.0020245799998180962,0.007184026420738121,0.00027283236163855307,-3.351797731394792e-06,0.00035199083504267037,0.1914459999970859
339__M_Right_ring_finger.BMP,339,"M2 Modified Gabor (detail_clip=0.1, frequencies=0.075/0.095/0.115/0.14, gamma=0.5, orientation_bins=12, orientation_offset=1.5708, sigma_scale=0.55, strength=0.12)",M2 Modified Gabor,"{""detail_clip"": 0.1, ""frequencies"": [0.075, 0.095, 0.115, 0.14], ""gamma"": 0.5, ""orientation_bins"": 12, ""orientation_offset"": 1.5707963267948966, ""sigma_scale"": 0.55, ""strength"": 0.12}",27.038256510915005,0.8957082019684315,0.001977763460225771,27.04419189523019,0.8959339934446812,0.001975062350996157,0.005935384315183256,0.00022579147624968154,-2.7011092296139877e-06,0.00022424935013987124,0.24165950000315206
339__M_Right_thumb_finger.BMP,339,"M2 Modified Gabor (detail_clip=0.1, frequencies=0.075/0.095/0.115/0.14, gamma=0.5, orientation_bins=12, orientation_offset=1.5708, sigma_scale=0.55, strength=0.12)",M2 Modified Gabor,"{""detail_clip"": 0.1, ""frequencies"": [0.075, 0.095, 0.115, 0.14], ""gamma"": 0.5, ""orientation_bins"": 12, ""orientation_offset"": 1.5707963267948966, ""sigma_scale"": 0.55, ""strength"": 0.12}",27.11046778040246,0.9044235747672915,0.001945150557358994,27.121051147843744,0.9047169726926982,0.0019404161706969892,0.010583367441284963,0.00029339792540672427,-4.7343866620046596e-06,0.0004060574865434319,0.30066200000146637
82__M_Left_index_finger.BMP,82,"M2 Modified Gabor (detail_clip=0.1, frequencies=0.075/0.095/0.115/0.14, gamma=0.5, orientation_bins=12, orientation_offset=1.5708, sigma_scale=0.55, strength=0.12)",M2 Modified Gabor,"{""detail_clip"": 0.1, ""frequencies"": [0.075, 0.095, 0.115, 0.14], ""gamma"": 0.5, ""orientation_bins"": 12, ""orientation_offset"": 1.5707963267948966, ""sigma_scale"": 0.55, ""strength"": 0.12}",27.407533077197563,0.8338205388668776,0.0018165472230260648,27.42181567764834,0.8343757372725606,0.0018105829744733723,0.014282600450776783,0.0005551984056830772,-5.964248552692546e-06,0.0003548594540916383,0.19372490000387188
82__M_Left_little_finger.BMP,82,"M2 Modified Gabor (detail_clip=0.1, frequencies=0.075/0.095/0.115/0.14, gamma=0.5, orientation_bins=12, orientation_offset=1.5708, sigma_scale=0.55, strength=0.12)",M2 Modified Gabor,"{""detail_clip"": 0.1, ""frequencies"": [0.075, 0.095, 0.115, 0.14], ""gamma"": 0.5, ""orientation_bins"": 12, ""orientation_offset"": 1.5707963267948966, ""sigma_scale"": 0.55, ""strength"": 0.12}",27.69229082988279,0.7763772368124128,0.0017012608853540223,27.708729372834572,0.7769228294593692,0.001694833589984807,0.016438542951782154,0.0005455926469564165,-6.427295369215236e-06,0.0002921560371760279,0.28444409999792697
82__M_Left_middle_finger.BMP,82,"M2 Modified Gabor (detail_clip=0.1, frequencies=0.075/0.095/0.115/0.14, gamma=0.5, orientation_bins=12, orientation_offset=1.5708, sigma_scale=0.55, strength=0.12)",M2 Modified Gabor,"{""detail_clip"": 0.1, ""frequencies"": [0.075, 0.095, 0.115, 0.14], ""gamma"": 0.5, ""orientation_bins"": 12, ""orientation_offset"": 1.5707963267948966, ""sigma_scale"": 0.55, ""strength"": 0.12}",27.880716384195686,0.7725335403455496,0.001629027296628847,27.89612772554515,0.7730736070762276,0.0016232567872540003,0.01541134134946276,0.0005400667306780793,-5.7705093748467665e-06,0.0002774737076833844,0.3207540000003064
82__M_Left_ring_finger.BMP,82,"M2 Modified Gabor (detail_clip=0.1, frequencies=0.075/0.095/0.115/0.14, gamma=0.5, orientation_bins=12, orientation_offset=1.5708, sigma_scale=0.55, strength=0.12)",M2 Modified Gabor,"{""detail_clip"": 0.1, ""frequencies"": [0.075, 0.095, 0.115, 0.14], ""gamma"": 0.5, ""orientation_bins"": 12, ""orientation_offset"": 1.5707963267948966, ""sigma_scale"": 0.55, ""strength"": 0.12}",27.892192977055572,0.7594045024935603,0.0016247281394634915,27.906461951415015,0.7599193192400933,0.001619398769189889,0.01426897435944241,0.0005148167465329756,-5.329370273602458e-06,0.0002414628106635064,0.23467450000316603
82__M_Left_thumb_finger.BMP,82,"M2 Modified Gabor (detail_clip=0.1, frequencies=0.075/0.095/0.115/0.14, gamma=0.5, orientation_bins=12, orientation_offset=1.5708, sigma_scale=0.55, strength=0.12)",M2 Modified Gabor,"{""detail_clip"": 0.1, ""frequencies"": [0.075, 0.095, 0.115, 0.14], ""gamma"": 0.5, ""orientation_bins"": 12, ""orientation_offset"": 1.5707963267948966, ""sigma_scale"": 0.55, ""strength"": 0.12}",27.27279496261675,0.8799613435319364,0.0018737882174453759,27.2816538750864,0.8802615612642765,0.0018699698850442687,0.008858912469648317,0.0003002177323400135,-3.818332401107124e-06,0.0002931940834969282,0.36342100000183564
82__M_Right_index_finger.BMP,82,"M2 Modified Gabor (detail_clip=0.1, frequencies=0.075/0.095/0.115/0.14, gamma=0.5, orientation_bins=12, orientation_offset=1.5708, sigma_scale=0.55, strength=0.12)",M2 Modified Gabor,"{""detail_clip"": 0.1, ""frequencies"": [0.075, 0.095, 0.115, 0.14], ""gamma"": 0.5, ""orientation_bins"": 12, ""orientation_offset"": 1.5707963267948966, ""sigma_scale"": 0.55, ""strength"": 0.12}",27.377923386348108,0.8815812092620731,0.00182897454583705,27.393643231132167,0.8821385389634371,0.0018223663052127916,0.015719844784058523,0.0005573297013640177,-6.608240624258327e-06,0.0003806896856985986,0.38726120000501396
82__M_Right_little_finger.BMP,82,"M2 Modified Gabor (detail_clip=0.1, frequencies=0.075/0.095/0.115/0.14, gamma=0.5, orientation_bins=12, orientation_offset=1.5708, sigma_scale=0.55, strength=0.12)",M2 Modified Gabor,"{""detail_clip"": 0.1, ""frequencies"": [0.075, 0.095, 0.115, 0.14], ""gamma"": 0.5, ""orientation_bins"": 12, ""orientation_offset"": 1.5707963267948966, ""sigma_scale"": 0.55, ""strength"": 0.12}",27.508672695264686,0.8410461886511446,0.001774731797242011,27.522943033536333,0.8415610590623022,0.0017689098352533926,0.01427033827164692,0.0005148704111576086,-5.8219619886183595e-06,0.0002981441211886704,0.47424490000412334
82__M_Right_middle_finger.BMP,82,"M2 Modified Gabor (detail_clip=0.1, frequencies=0.075/0.095/0.115/0.14, gamma=0.5, orientation_bins=12, orientation_offset=1.5708, sigma_scale=0.55, strength=0.12)",M2 Modified Gabor,"{""detail_clip"": 0.1, ""frequencies"": [0.075, 0.095, 0.115, 0.14], ""gamma"": 0.5, ""orientation_bins"": 12, ""orientation_offset"": 1.5707963267948966, ""sigma_scale"": 0.55, ""strength"": 0.12}",27.57387435613134,0.8563310876093507,0.0017482863404259983,27.58452676847626,0.856733792100966,0.0017440033834617901,0.01065241234491765,0.00040270449161528,-4.282956964208164e-06,0.0002929795300588012,0.42394860000058543
82__M_Right_ring_finger.BMP,82,"M2 Modified Gabor (detail_clip=0.1, frequencies=0.075/0.095/0.115/0.14, gamma=0.5, orientation_bins=12, orientation_offset=1.5708, sigma_scale=0.55, strength=0.12)",M2 Modified Gabor,"{""detail_clip"": 0.1, ""frequencies"": [0.075, 0.095, 0.115, 0.14], ""gamma"": 0.5, ""orientation_bins"": 12, ""orientation_offset"": 1.5707963267948966, ""sigma_scale"": 0.55, ""strength"": 0.12}",27.29889436135744,0.8531962656697631,0.0018625612521925405,27.30977679602998,0.8536055109735727,0.0018578999386871019,0.010882434672538466,0.0004092453038095911,-4.661313505438611e-06,0.00030606210930272937,0.35438199999771314
82__M_Right_thumb_finger.BMP,82,"M2 Modified Gabor (detail_clip=0.1, frequencies=0.075/0.095/0.115/0.14, gamma=0.5, orientation_bins=12, orientation_offset=1.5708, sigma_scale=0.55, strength=0.12)",M2 Modified Gabor,"{""detail_clip"": 0.1, ""frequencies"": [0.075, 0.095, 0.115, 0.14], ""gamma"": 0.5, ""orientation_bins"": 12, ""orientation_offset"": 1.5707963267948966, ""sigma_scale"": 0.55, ""strength"": 0.12}",27.376577421841297,0.8896566295321285,0.001829541469073406,27.386766613210934,0.8899056225163341,0.0018252541253241505,0.01018919136963703,0.0002489929842055538,-4.287343749255577e-06,0.0004091368755325675,0.2704241999963415
233__M_Left_index_finger.BMP,233,"M2 Modified Gabor (detail_clip=0.1, frequencies=0.075/0.095/0.115/0.14, gamma=0.5, orientation_bins=12, orientation_offset=1.5708, sigma_scale=0.55, strength=0.12)",M2 Modified Gabor,"{""detail_clip"": 0.1, ""frequencies"": [0.075, 0.095, 0.115, 0.14], ""gamma"": 0.5, ""orientation_bins"": 12, ""orientation_offset"": 1.5707963267948966, ""sigma_scale"": 0.55, ""strength"": 0.12}",27.231448446651516,0.881167633240223,0.0018917125947972063,27.240626482661735,0.8815727532113791,0.0018877190203911533,0.00917803601021916,0.0004051199711561093,-3.993574406052983e-06,0.0002802778617478907,0.16877050000039162
233__M_Left_little_finger.BMP,233,"M2 Modified Gabor (detail_clip=0.1, frequencies=0.075/0.095/0.115/0.14, gamma=0.5, orientation_bins=12, orientation_offset=1.5708, sigma_scale=0.55, strength=0.12)",M2 Modified Gabor,"{""detail_clip"": 0.1, ""frequencies"": [0.075, 0.095, 0.115, 0.14], ""gamma"": 0.5, ""orientation_bins"": 12, ""orientation_offset"": 1.5707963267948966, ""sigma_scale"": 0.55, ""strength"": 0.12}",27.517264572307603,0.8166662105587423,0.0017712242223760113,27.531577953595004,0.8172737693886757,0.0017653962699308934,0.014313381287401228,0.0006075588299333523,-5.8279524451179156e-06,0.00027121734456159174,0.2456878000011784
233__M_Left_middle_finger.BMP,233,"M2 Modified Gabor (detail_clip=0.1, frequencies=0.075/0.095/0.115/0.14, gamma=0.5, orientation_bins=12, orientation_offset=1.5708, sigma_scale=0.55, strength=0.12)",M2 Modified Gabor,"{""detail_clip"": 0.1, ""frequencies"": [0.075, 0.095, 0.115, 0.14], ""gamma"": 0.5, ""orientation_bins"": 12, ""orientation_offset"": 1.5707963267948966, ""sigma_scale"": 0.55, ""strength"": 0.12}",27.06610764982347,0.8987743058198094,0.00196512072088019,27.073149019734597,0.8990539905690551,0.0019619371826985724,0.00704136991112847,0.0002796847492456678,-3.183538181617679e-06,0.00023813913867343217,0.28799160000198754
233__M_Left_ring_finger.BMP,233,"M2 Modified Gabor (detail_clip=0.1, frequencies=0.075/0.095/0.115/0.14, gamma=0.5, orientation_bins=12, orientation_offset=1.5708, sigma_scale=0.55, strength=0.12)",M2 Modified Gabor,"{""detail_clip"": 0.1, ""frequencies"": [0.075, 0.095, 0.115, 0.14], ""gamma"": 0.5, ""orientation_bins"": 12, ""orientation_offset"": 1.5707963267948966, ""sigma_scale"": 0.55, ""strength"": 0.12}",27.21594022648782,0.8684191310635209,0.0018984797859420758,27.224401418828982,0.8687529395874739,0.0018947846515123927,0.00846119234116216,0.0003338085239530386,-3.695134429683054e-06,0.00027206807862967253,0.31347939999977825
233__M_Left_thumb_finger.BMP,233,"M2 Modified Gabor (detail_clip=0.1, frequencies=0.075/0.095/0.115/0.14, gamma=0.5, orientation_bins=12, orientation_offset=1.5708, sigma_scale=0.55, strength=0.12)",M2 Modified Gabor,"{""detail_clip"": 0.1, ""frequencies"": [0.075, 0.095, 0.115, 0.14], ""gamma"": 0.5, ""orientation_bins"": 12, ""orientation_offset"": 1.5707963267948966, ""sigma_scale"": 0.55, ""strength"": 0.12}",27.225324345100958,0.8898841066287756,0.0018943820305245258,27.235885461613634,0.8901960193198323,0.001889780893793885,0.010561116512675994,0.0003119126910566816,-4.601136730640826e-06,0.0003612331347540021,0.27718219999951543
233__M_Right_index_finger.BMP,233,"M2 Modified Gabor (detail_clip=0.1, frequencies=0.075/0.095/0.115/0.14, gamma=0.5, orientation_bins=12, orientation_offset=1.5708, sigma_scale=0.55, strength=0.12)",M2 Modified Gabor,"{""detail_clip"": 0.1, ""frequencies"": [0.075, 0.095, 0.115, 0.14], ""gamma"": 0.5, ""orientation_bins"": 12, ""orientation_offset"": 1.5707963267948966, ""sigma_scale"": 0.55, ""strength"": 0.12}",27.50662691038512,0.8214849174355269,0.0017755679982309547,27.514071796438383,0.8217925236847997,0.0017725268410879484,0.007444886053264099,0.0003076062492728404,-3.0411571430063577e-06,0.0002505315060261637,0.2260496000017156
233__M_Right_little_finger.BMP,233,"M2 Modified Gabor (detail_clip=0.1, frequencies=0.075/0.095/0.115/0.14, gamma=0.5, orientation_bins=12, orientation_offset=1.5708, sigma_scale=0.55, strength=0.12)",M2 Modified Gabor,"{""detail_clip"": 0.1, ""frequencies"": [0.075, 0.095, 0.115, 0.14], ""gamma"": 0.5, ""orientation_bins"": 12, ""orientation_offset"": 1.5707963267948966, ""sigma_scale"": 0.55, ""strength"": 0.12}",27.51716208580386,0.8188212123342753,0.0017712660209084244,27.53549195391766,0.8195012364890576,0.0017638059552609214,0.018329868113799108,0.0006800241547822994,-7.4600656475029906e-06,0.00029448344139382243,0.257689100006246
233__M_Right_middle_finger.BMP,233,"M2 Modified Gabor (detail_clip=0.1, frequencies=0.075/0.095/0.115/0.14, gamma=0.5, orientation_bins=12, orientation_offset=1.5708, sigma_scale=0.55, strength=0.12)",M2 Modified Gabor,"{""detail_clip"": 0.1, ""frequencies"": [0.075, 0.095, 0.115, 0.14], ""gamma"": 0.5, ""orientation_bins"": 12, ""orientation_offset"": 1.5707963267948966, ""sigma_scale"": 0.55, ""strength"": 0.12}",27.58550540080451,0.8223692128821611,0.001743610436767703,27.60007021190765,0.822881770791471,0.0017377727341430442,0.014564811103138453,0.0005125579093098187,-5.837702624658832e-06,0.00025710894260555506,0.23105400000349618
233__M_Right_ring_finger.BMP,233,"M2 Modified Gabor (detail_clip=0.1, frequencies=0.075/0.095/0.115/0.14, gamma=0.5, orientation_bins=12, orientation_offset=1.5708, sigma_scale=0.55, strength=0.12)",M2 Modified Gabor,"{""detail_clip"": 0.1, ""frequencies"": [0.075, 0.095, 0.115, 0.14], ""gamma"": 0.5, ""orientation_bins"": 12, ""orientation_offset"": 1.5707963267948966, ""sigma_scale"": 0.55, ""strength"": 0.12}",27.32663857679203,0.8532075932916999,0.0018507005001051732,27.336606492992065,0.853614808605671,0.0018464576478523203,0.009967916200036342,0.00040721531397103217,-4.24285225285293e-06,0.00028195962659083307,0.1658231999972486
233__M_Right_thumb_finger.BMP,233,"M2 Modified Gabor (detail_clip=0.1, frequencies=0.075/0.095/0.115/0.14, gamma=0.5, orientation_bins=12, orientation_offset=1.5708, sigma_scale=0.55, strength=0.12)",M2 Modified Gabor,"{""detail_clip"": 0.1, ""frequencies"": [0.075, 0.095, 0.115, 0.14], ""gamma"": 0.5, ""orientation_bins"": 12, ""orientation_offset"": 1.5707963267948966, ""sigma_scale"": 0.55, ""strength"": 0.12}",27.358350027517254,0.8703843627896904,0.0018372362139300598,27.36395172842205,0.8705957623674869,0.0018348680020928486,0.005601700904797724,0.00021139957779647833,-2.368211837211172e-06,0.00018937034474220127,0.2535317000001669
384__F_Left_index_finger.BMP,384,"M2 Modified Gabor (detail_clip=0.1, frequencies=0.075/0.095/0.115/0.14, gamma=0.5, orientation_bins=12, orientation_offset=1.5708, sigma_scale=0.55, strength=0.12)",M2 Modified Gabor,"{""detail_clip"": 0.1, ""frequencies"": [0.075, 0.095, 0.115, 0.14], ""gamma"": 0.5, ""orientation_bins"": 12, ""orientation_offset"": 1.5707963267948966, ""sigma_scale"": 0.55, ""strength"": 0.12}",27.585880267422205,0.7939810056756735,0.0017434599413858843,27.594554416369412,0.7943026752513052,0.0017399812099479065,0.008674148947207527,0.00032166957563162235,-3.478731437977795e-06,0.0002113936934620142,0.19578570000157924
384__F_Left_little_finger.BMP,384,"M2 Modified Gabor (detail_clip=0.1, frequencies=0.075/0.095/0.115/0.14, gamma=0.5, orientation_bins=12, orientation_offset=1.5708, sigma_scale=0.55, strength=0.12)",M2 Modified Gabor,"{""detail_clip"": 0.1, ""frequencies"": [0.075, 0.095, 0.115, 0.14], ""gamma"": 0.5, ""orientation_bins"": 12, ""orientation_offset"": 1.5707963267948966, ""sigma_scale"": 0.55, ""strength"": 0.12}",27.73487095126321,0.7763853534689545,0.0016846624850512509,27.745937770175107,0.7767732798424363,0.0016803750438834839,0.011066818911896092,0.0003879263734817284,-4.2874411677669855e-06,0.00021105648193042725,0.2557537999964552
384__F_Left_middle_finger.BMP,384,"M2 Modified Gabor (detail_clip=0.1, frequencies=0.075/0.095/0.115/0.14, gamma=0.5, orientation_bins=12, orientation_offset=1.5708, sigma_scale=0.55, strength=0.12)",M2 Modified Gabor,"{""detail_clip"": 0.1, ""frequencies"": [0.075, 0.095, 0.115, 0.14], ""gamma"": 0.5, ""orientation_bins"": 12, ""orientation_offset"": 1.5707963267948966, ""sigma_scale"": 0.55, ""strength"": 0.12}",27.118571655332776,0.8717084888616204,0.0019415243176466404,27.128952375873464,0.8721554346931278,0.0019368891324582488,0.01038072054068806,0.00044694583150739486,-4.635185188391544e-06,0.00032728820224292576,0.20917950000148267
384__F_Left_ring_finger.BMP,384,"M2 Modified Gabor (detail_clip=0.1, frequencies=0.075/0.095/0.115/0.14, gamma=0.5, orientation_bins=12, orientation_offset=1.5708, sigma_scale=0.55, strength=0.12)",M2 Modified Gabor,"{""detail_clip"": 0.1, ""frequencies"": [0.075, 0.095, 0.115, 0.14], ""gamma"": 0.5, ""orientation_bins"": 12, ""orientation_offset"": 1.5707963267948966, ""sigma_scale"": 0.55, ""strength"": 0.12}",27.285154102190788,0.8293552509646416,0.0018684633767569378,27.297244841112906,0.8298087922199369,0.001863268817256045,0.01209073892211876,0.00045354125529528666,-5.194559500892914e-06,0.0003083975752815604,0.27466789999743924
384__F_Left_thumb_finger.BMP,384,"M2 Modified Gabor (detail_clip=0.1, frequencies=0.075/0.095/0.115/0.14, gamma=0.5, orientation_bins=12, orientation_offset=1.5708, sigma_scale=0.55, strength=0.12)",M2 Modified Gabor,"{""detail_clip"": 0.1, ""frequencies"": [0.075, 0.095, 0.115, 0.14], ""gamma"": 0.5, ""orientation_bins"": 12, ""orientation_offset"": 1.5707963267948966, ""sigma_scale"": 0.55, ""strength"": 0.12}",27.318048246885297,0.8491703983755707,0.0018543648021192723,27.32344313180856,0.84941278965801,0.0018520627066347499,0.005394884923262566,0.00024239128243930264,-2.3020954845224487e-06,0.000230964069487527,0.214327299996512
384__F_Right_index_finger.BMP,384,"M2 Modified Gabor (detail_clip=0.1, frequencies=0.075/0.095/0.115/0.14, gamma=0.5, orientation_bins=12, orientation_offset=1.5708, sigma_scale=0.55, strength=0.12)",M2 Modified Gabor,"{""detail_clip"": 0.1, ""frequencies"": [0.075, 0.095, 0.115, 0.14], ""gamma"": 0.5, ""orientation_bins"": 12, ""orientation_offset"": 1.5707963267948966, ""sigma_scale"": 0.55, ""strength"": 0.12}",27.486196197178927,0.8517396650123894,0.0017839405619474507,27.49702544402748,0.8521261356062293,0.0017794978007252488,0.010829246848551577,0.0003864705938398938,-4.442761222201927e-06,0.00029988811002112925,0.23413170000276295
384__F_Right_little_finger.BMP,384,"M2 Modified Gabor (detail_clip=0.1, frequencies=0.075/0.095/0.115/0.14, gamma=0.5, orientation_bins=12, orientation_offset=1.5708, sigma_scale=0.55, strength=0.12)",M2 Modified Gabor,"{""detail_clip"": 0.1, ""frequencies"": [0.075, 0.095, 0.115, 0.14], ""gamma"": 0.5, ""orientation_bins"": 12, ""orientation_offset"": 1.5707963267948966, ""sigma_scale"": 0.55, ""strength"": 0.12}",28.013672442708103,0.7328998680624962,0.001579911483427486,28.028491929159426,0.7334088224737644,0.0015745295188524268,0.014819486451322916,0.0005089544112681921,-5.381964575059198e-06,0.00024158487212844193,0.24725250000483356
384__F_Right_middle_finger.BMP,384,"M2 Modified Gabor (detail_clip=0.1, frequencies=0.075/0.095/0.115/0.14, gamma=0.5, orientation_bins=12, orientation_offset=1.5708, sigma_scale=0.55, strength=0.12)",M2 Modified Gabor,"{""detail_clip"": 0.1, ""frequencies"": [0.075, 0.095, 0.115, 0.14], ""gamma"": 0.5, ""orientation_bins"": 12, ""orientation_offset"": 1.5707963267948966, ""sigma_scale"": 0.55, ""strength"": 0.12}",27.627489404881164,0.8129671659176647,0.0017268358629518306,27.638570590421523,0.8133483602058291,0.0017224353932676238,0.011081185540358973,0.00038119428816441037,-4.400469684206782e-06,0.00022096466273069382,0.22716039999795612
384__F_Right_ring_finger.BMP,384,"M2 Modified Gabor (detail_clip=0.1, frequencies=0.075/0.095/0.115/0.14, gamma=0.5, orientation_bins=12, orientation_offset=1.5708, sigma_scale=0.55, strength=0.12)",M2 Modified Gabor,"{""detail_clip"": 0.1, ""frequencies"": [0.075, 0.095, 0.115, 0.14], ""gamma"": 0.5, ""orientation_bins"": 12, ""orientation_offset"": 1.5707963267948966, ""sigma_scale"": 0.55, ""strength"": 0.12}",27.74839173628873,0.7761508576027751,0.0016794258219157423,27.760066670571707,0.7765586855614185,0.001674917163394426,0.011674934282975613,0.00040782795864335863,-4.508658521316326e-06,0.00022758013801649213,0.2570504000032088
384__F_Right_thumb_finger.BMP,384,"M2 Modified Gabor (detail_clip=0.1, frequencies=0.075/0.095/0.115/0.14, gamma=0.5, orientation_bins=12, orientation_offset=1.5708, sigma_scale=0.55, strength=0.12)",M2 Modified Gabor,"{""detail_clip"": 0.1, ""frequencies"": [0.075, 0.095, 0.115, 0.14], ""gamma"": 0.5, ""orientation_bins"": 12, ""orientation_offset"": 1.5707963267948966, ""sigma_scale"": 0.55, ""strength"": 0.12}",27.15122576087472,0.8853496424844265,0.0019269809617181043,27.156590426249632,0.8855538716355861,0.00192460210905338,0.005364665374912647,0.00020422915115958507,-2.3788526647243458e-06,0.0002537746331654489,0.2709799000003841
218__M_Left_index_finger.BMP,218,"M2 Modified Gabor (detail_clip=0.1, frequencies=0.075/0.095/0.115/0.14, gamma=0.5, orientation_bins=12, orientation_offset=1.5708, sigma_scale=0.55, strength=0.12)",M2 Modified Gabor,"{""detail_clip"": 0.1, ""frequencies"": [0.075, 0.095, 0.115, 0.14], ""gamma"": 0.5, ""orientation_bins"": 12, ""orientation_offset"": 1.5707963267948966, ""sigma_scale"": 0.55, ""strength"": 0.12}",26.95555240343883,0.8582802163401246,0.002015787555065108,26.962279918944972,0.8586364935200811,0.0020126673809945173,0.0067275155061423675,0.0003562771799564546,-3.1201740705905263e-06,0.0002836836501955986,0.27664910000021337
218__M_Left_little_finger.BMP,218,"M2 Modified Gabor (detail_clip=0.1, frequencies=0.075/0.095/0.115/0.14, gamma=0.5, orientation_bins=12, orientation_offset=1.5708, sigma_scale=0.55, strength=0.12)",M2 Modified Gabor,"{""detail_clip"": 0.1, ""frequencies"": [0.075, 0.095, 0.115, 0.14], ""gamma"": 0.5, ""orientation_bins"": 12, ""orientation_offset"": 1.5707963267948966, ""sigma_scale"": 0.55, ""strength"": 0.12}",27.522404178182647,0.7467122343437076,0.0017691293281806295,27.535923255348433,0.7472407530539632,0.0017636307989348345,0.013519077165785376,0.0005285187102556099,-5.4985292457950235e-06,0.00022608022845815867,0.30410919999849284
218__M_Left_middle_finger.BMP,218,"M2 Modified Gabor (detail_clip=0.1, frequencies=0.075/0.095/0.115/0.14, gamma=0.5, orientation_bins=12, orientation_offset=1.5708, sigma_scale=0.55, strength=0.12)",M2 Modified Gabor,"{""detail_clip"": 0.1, ""frequencies"": [0.075, 0.095, 0.115, 0.14], ""gamma"": 0.5, ""orientation_bins"": 12, ""orientation_offset"": 1.5707963267948966, ""sigma_scale"": 0.55, ""strength"": 0.12}",26.89328640320218,0.8228105702443123,0.002044896632206302,26.89981111226027,0.8231443727865219,0.0020418267479282446,0.006524709058091105,0.0003338025422096047,-3.0698842780575372e-06,0.00021818526147399098,0.26415629999974044
218__M_Left_ring_finger.BMP,218,"M2 Modified Gabor (detail_clip=0.1, frequencies=0.075/0.095/0.115/0.14, gamma=0.5, orientation_bins=12, orientation_offset=1.5708, sigma_scale=0.55, strength=0.12)",M2 Modified Gabor,"{""detail_clip"": 0.1, ""frequencies"": [0.075, 0.095, 0.115, 0.14], ""gamma"": 0.5, ""orientation_bins"": 12, ""orientation_offset"": 1.5707963267948966, ""sigma_scale"": 0.55, ""strength"": 0.12}",27.126296343694097,0.7792105915739537,0.0019380740458066112,27.134369407296663,0.7796024022862911,0.0019344747226730894,0.008073063602566322,0.0003918107123374037,-3.5993231335218565e-06,0.00021148251835256815,0.23079289999441244
218__M_Left_thumb_finger.BMP,218,"M2 Modified Gabor (detail_clip=0.1, frequencies=0.075/0.095/0.115/0.14, gamma=0.5, orientation_bins=12, orientation_offset=1.5708, sigma_scale=0.55, strength=0.12)",M2 Modified Gabor,"{""detail_clip"": 0.1, ""frequencies"": [0.075, 0.095, 0.115, 0.14], ""gamma"": 0.5, ""orientation_bins"": 12, ""orientation_offset"": 1.5707963267948966, ""sigma_scale"": 0.55, ""strength"": 0.12}",26.789339122859307,0.8764949646649957,0.002094431146604478,26.794537000805406,0.8767817969082594,0.0020919259144001707,0.005197877946098828,0.0002868322432637571,-2.5052322043073e-06,0.00023549076286144555,0.2877767000027234
218__M_Right_index_finger.BMP,218,"M2 Modified Gabor (detail_clip=0.1, frequencies=0.075/0.095/0.115/0.14, gamma=0.5, orientation_bins=12, orientation_offset=1.5708, sigma_scale=0.55, strength=0.12)",M2 Modified Gabor,"{""detail_clip"": 0.1, ""frequencies"": [0.075, 0.095, 0.115, 0.14], ""gamma"": 0.5, ""orientation_bins"": 12, ""orientation_offset"": 1.5707963267948966, ""sigma_scale"": 0.55, ""strength"": 0.12}",27.474097601586816,0.8698191221582293,0.00178891720049819,27.489718385308272,0.8703233751492501,0.0017824943480834613,0.015620783721455922,0.0005042529910207483,-6.422852414728715e-06,0.0003374957013875246,0.2149682000017492
218__M_Right_little_finger.BMP,218,"M2 Modified Gabor (detail_clip=0.1, frequencies=0.075/0.095/0.115/0.14, gamma=0.5, orientation_bins=12, orientation_offset=1.5708, sigma_scale=0.55, strength=0.12)",M2 Modified Gabor,"{""detail_clip"": 0.1, ""frequencies"": [0.075, 0.095, 0.115, 0.14], ""gamma"": 0.5, ""orientation_bins"": 12, ""orientation_offset"": 1.5707963267948966, ""sigma_scale"": 0.55, ""strength"": 0.12}",27.443423655111545,0.7658184392821192,0.001801596935698824,27.45234565299288,0.7662368754047751,0.0017978995954759534,0.008921997881333965,0.00041843612265590746,-3.697340222870481e-06,0.00021663433290086687,0.2853114000026835
218__M_Right_middle_finger.BMP,218,"M2 Modified Gabor (detail_clip=0.1, frequencies=0.075/0.095/0.115/0.14, gamma=0.5, orientation_bins=12, orientation_offset=1.5708, sigma_scale=0.55, strength=0.12)",M2 Modified Gabor,"{""detail_clip"": 0.1, ""frequencies"": [0.075, 0.095, 0.115, 0.14], ""gamma"": 0.5, ""orientation_bins"": 12, ""orientation_offset"": 1.5707963267948966, ""sigma_scale"": 0.55, ""strength"": 0.12}",27.217295792036982,0.8971402516595721,0.0018978873049628026,27.223391757311703,0.8973690864760876,0.0018952252082368862,0.006095965274720783,0.00022883481651547743,-2.6620967259164026e-06,0.0002664065104909241,0.28541889999905834
218__M_Right_ring_finger.BMP,218,"M2 Modified Gabor (detail_clip=0.1, frequencies=0.075/0.095/0.115/0.14, gamma=0.5, orientation_bins=12, orientation_offset=1.5708, sigma_scale=0.55, strength=0.12)",M2 Modified Gabor,"{""detail_clip"": 0.1, ""frequencies"": [0.075, 0.095, 0.115, 0.14], ""gamma"": 0.5, ""orientation_bins"": 12, ""orientation_offset"": 1.5707963267948966, ""sigma_scale"": 0.55, ""strength"": 0.12}",26.95709928583952,0.8327536396930217,0.002015069693990176,26.96233868970152,0.8330110176489949,0.0020126401448243027,0.005239403862002945,0.00025737795597313706,-2.429549165873339e-06,0.0002110570203512907,0.2981848000054015
218__M_Right_thumb_finger.BMP,218,"M2 Modified Gabor (detail_clip=0.1, frequencies=0.075/0.095/0.115/0.14, gamma=0.5, orientation_bins=12, orientation_offset=1.5708, sigma_scale=0.55, strength=0.12)",M2 Modified Gabor,"{""detail_clip"": 0.1, ""frequencies"": [0.075, 0.095, 0.115, 0.14], ""gamma"": 0.5, ""orientation_bins"": 12, ""orientation_offset"": 1.5707963267948966, ""sigma_scale"": 0.55, ""strength"": 0.12}",27.637037325791376,0.799559909917891,0.0017230436016656254,27.64503818497087,0.7997799366007448,0.0017198722193423745,0.008000859179492892,0.0002200266828537023,-3.1713823232509125e-06,0.0002846635179594159,0.4413925000044401
388__F_Left_index_finger.BMP,388,"M2 Modified Gabor (detail_clip=0.1, frequencies=0.075/0.095/0.115/0.14, gamma=0.5, orientation_bins=12, orientation_offset=1.5708, sigma_scale=0.55, strength=0.12)",M2 Modified Gabor,"{""detail_clip"": 0.1, ""frequencies"": [0.075, 0.095, 0.115, 0.14], ""gamma"": 0.5, ""orientation_bins"": 12, ""orientation_offset"": 1.5707963267948966, ""sigma_scale"": 0.55, ""strength"": 0.12}",27.434830134381247,0.7567465921532214,0.001805165341190282,27.44991190968125,0.7573333252317608,0.0017989074029788564,0.015081775300004097,0.0005867330785394032,-6.257938211425614e-06,0.00025820243172347546,0.6401333999965573
388__F_Left_little_finger.BMP,388,"M2 Modified Gabor (detail_clip=0.1, frequencies=0.075/0.095/0.115/0.14, gamma=0.5, orientation_bins=12, orientation_offset=1.5708, sigma_scale=0.55, strength=0.12)",M2 Modified Gabor,"{""detail_clip"": 0.1, ""frequencies"": [0.075, 0.095, 0.115, 0.14], ""gamma"": 0.5, ""orientation_bins"": 12, ""orientation_offset"": 1.5707963267948966, ""sigma_scale"": 0.55, ""strength"": 0.12}",27.98442957887024,0.6975278495342135,0.001590585584483631,28.002183095596656,0.6981382404993176,0.0015840967043600448,0.01775351672641534,0.0006103909651040684,-6.4888801235862305e-06,0.00021280409418977797,0.6176544999980251
388__F_Left_middle_finger.BMP,388,"M2 Modified Gabor (detail_clip=0.1, frequencies=0.075/0.095/0.115/0.14, gamma=0.5, orientation_bins=12, orientation_offset=1.5708, sigma_scale=0.55, strength=0.12)",M2 Modified Gabor,"{""detail_clip"": 0.1, ""frequencies"": [0.075, 0.095, 0.115, 0.14], ""gamma"": 0.5, ""orientation_bins"": 12, ""orientation_offset"": 1.5707963267948966, ""sigma_scale"": 0.55, ""strength"": 0.12}",27.399794303652847,0.7921330856817365,0.0018197870477510971,27.413910182763242,0.7927300680952668,0.0018138817937041118,0.014115879110395468,0.0005969824135303448,-5.905254046985331e-06,0.0002463145647197962,0.6722271000035107
388__F_Left_ring_finger.BMP,388,"M2 Modified Gabor (detail_clip=0.1, frequencies=0.075/0.095/0.115/0.14, gamma=0.5, orientation_bins=12, orientation_offset=1.5708, sigma_scale=0.55, strength=0.12)",M2 Modified Gabor,"{""detail_clip"": 0.1, ""frequencies"": [0.075, 0.095, 0.115, 0.14], ""gamma"": 0.5, ""orientation_bins"": 12, ""orientation_offset"": 1.5707963267948966, ""sigma_scale"": 0.55, ""strength"": 0.12}",27.437567115393712,0.7653816156967879,0.0018040280606242424,27.449478501452308,0.7658484597790539,0.0017990869355791652,0.011911386058596207,0.0004668440822660491,-4.941125045077217e-06,0.00023338798200711608,0.7710904000050505
388__F_Left_thumb_finger.BMP,388,"M2 Modified Gabor (detail_clip=0.1, frequencies=0.075/0.095/0.115/0.14, gamma=0.5, orientation_bins=12, orientation_offset=1.5708, sigma_scale=0.55, strength=0.12)",M2 Modified Gabor,"{""detail_clip"": 0.1, ""frequencies"": [0.075, 0.095, 0.115, 0.14], ""gamma"": 0.5, ""orientation_bins"": 12, ""orientation_offset"": 1.5707963267948966, ""sigma_scale"": 0.55, ""strength"": 0.12}",27.17949176016525,0.8447717253379226,0.0019144799568901047,27.186853520955783,0.8450665300588608,0.0019112374554456336,0.007361760790534078,0.0002948047209382354,-3.242501444471104e-06,0.0002345580724067986,0.6361216000004788
388__F_Right_index_finger.BMP,388,"M2 Modified Gabor (detail_clip=0.1, frequencies=0.075/0.095/0.115/0.14, gamma=0.5, orientation_bins=12, orientation_offset=1.5708, sigma_scale=0.55, strength=0.12)",M2 Modified Gabor,"{""detail_clip"": 0.1, ""frequencies"": [0.075, 0.095, 0.115, 0.14], ""gamma"": 0.5, ""orientation_bins"": 12, ""orientation_offset"": 1.5707963267948966, ""sigma_scale"": 0.55, ""strength"": 0.12}",27.61372773170838,0.80119189695701,0.0017323164395644335,27.625199559737837,0.8016982824171781,0.0017277465881618283,0.011471828029456788,0.0005063854601681239,-4.569851402605159e-06,0.00031124966335482895,0.6986513000010746
388__F_Right_little_finger.BMP,388,"M2 Modified Gabor (detail_clip=0.1, frequencies=0.075/0.095/0.115/0.14, gamma=0.5, orientation_bins=12, orientation_offset=1.5708, sigma_scale=0.55, strength=0.12)",M2 Modified Gabor,"{""detail_clip"": 0.1, ""frequencies"": [0.075, 0.095, 0.115, 0.14], ""gamma"": 0.5, ""orientation_bins"": 12, ""orientation_offset"": 1.5707963267948966, ""sigma_scale"": 0.55, ""strength"": 0.12}",28.04488920137958,0.723980187090516,0.0015685959156988764,28.060884881482302,0.724510840489149,0.0015628291814226544,0.015995680102722787,0.0005306533986330075,-5.766734276222004e-06,0.00023218945716507733,0.6142654000068433
388__F_Right_middle_finger.BMP,388,"M2 Modified Gabor (detail_clip=0.1, frequencies=0.075/0.095/0.115/0.14, gamma=0.5, orientation_bins=12, orientation_offset=1.5708, sigma_scale=0.55, strength=0.12)",M2 Modified Gabor,"{""detail_clip"": 0.1, ""frequencies"": [0.075, 0.095, 0.115, 0.14], ""gamma"": 0.5, ""orientation_bins"": 12, ""orientation_offset"": 1.5707963267948966, ""sigma_scale"": 0.55, ""strength"": 0.12}",27.313102645720537,0.8297754257121086,0.0018564776939187433,27.3270751377177,0.8302612820259333,0.0018505144735838843,0.013972491997161995,0.0004858563138246952,-5.96322033485897e-06,0.0003031560336239636,0.8375798000051873
388__F_Right_ring_finger.BMP,388,"M2 Modified Gabor (detail_clip=0.1, frequencies=0.075/0.095/0.115/0.14, gamma=0.5, orientation_bins=12, orientation_offset=1.5708, sigma_scale=0.55, strength=0.12)",M2 Modified Gabor,"{""detail_clip"": 0.1, ""frequencies"": [0.075, 0.095, 0.115, 0.14], ""gamma"": 0.5, ""orientation_bins"": 12, ""orientation_offset"": 1.5707963267948966, ""sigma_scale"": 0.55, ""strength"": 0.12}",27.716038896253863,0.7575584495838285,0.0016919834487040936,27.727878108812977,0.7579824385211468,0.0016873772487061129,0.011839212559113577,0.0004239889373183203,-4.606199997980731e-06,0.0001948447898030281,0.6815735999989556
388__F_Right_thumb_finger.BMP,388,"M2 Modified Gabor (detail_clip=0.1, frequencies=0.075/0.095/0.115/0.14, gamma=0.5, orientation_bins=12, orientation_offset=1.5708, sigma_scale=0.55, strength=0.12)",M2 Modified Gabor,"{""detail_clip"": 0.1, ""frequencies"": [0.075, 0.095, 0.115, 0.14], ""gamma"": 0.5, ""orientation_bins"": 12, ""orientation_offset"": 1.5707963267948966, ""sigma_scale"": 0.55, ""strength"": 0.12}",27.55911536979275,0.8019520732866228,0.0017542377925203654,27.56734700569252,0.802278404828608,0.0017509159519304806,0.008231635899768719,0.0003263315419852475,-3.321840589884731e-06,0.00023380198399536312,0.8057716999974218
360__M_Left_index_finger.BMP,360,"M2 Modified Gabor (detail_clip=0.1, frequencies=0.075/0.095/0.115/0.14, gamma=0.5, orientation_bins=12, orientation_offset=1.5708, sigma_scale=0.55, strength=0.12)",M2 Modified Gabor,"{""detail_clip"": 0.1, ""frequencies"": [0.075, 0.095, 0.115, 0.14], ""gamma"": 0.5, ""orientation_bins"": 12, ""orientation_offset"": 1.5707963267948966, ""sigma_scale"": 0.55, ""strength"": 0.12}",27.165084363827205,0.8898551899549961,0.0019208416481011192,27.175815588560898,0.8902419273770451,0.0019161011924106075,0.010731224733692812,0.0003867374220489772,-4.740455690511623e-06,0.00036551576340571046,0.7231010000032256
360__M_Left_little_finger.BMP,360,"M2 Modified Gabor (detail_clip=0.1, frequencies=0.075/0.095/0.115/0.14, gamma=0.5, orientation_bins=12, orientation_offset=1.5708, sigma_scale=0.55, strength=0.12)",M2 Modified Gabor,"{""detail_clip"": 0.1, ""frequencies"": [0.075, 0.095, 0.115, 0.14], ""gamma"": 0.5, ""orientation_bins"": 12, ""orientation_offset"": 1.5707963267948966, ""sigma_scale"": 0.55, ""strength"": 0.12}",27.399325172695054,0.8119907206172347,0.0018199836343041967,27.410186670664448,0.812410354409039,0.0018154376290320103,0.010861497969393952,0.00041963379180431915,-4.546005272186354e-06,0.0003177838516421616,0.9821665999988909
360__M_Left_middle_finger.BMP,360,"M2 Modified Gabor (detail_clip=0.1, frequencies=0.075/0.095/0.115/0.14, gamma=0.5, orientation_bins=12, orientation_offset=1.5708, sigma_scale=0.55, strength=0.12)",M2 Modified Gabor,"{""detail_clip"": 0.1, ""frequencies"": [0.075, 0.095, 0.115, 0.14], ""gamma"": 0.5, ""orientation_bins"": 12, ""orientation_offset"": 1.5707963267948966, ""sigma_scale"": 0.55, ""strength"": 0.12}",27.08551766612191,0.8791890184856653,0.0019563575620263644,27.093018383445205,0.8795280159592629,0.0019529816451949043,0.007500717323296158,0.0003389974735975576,-3.3759168314600498e-06,0.00030960392905399203,0.689824499997485
360__M_Left_ring_finger.BMP,360,"M2 Modified Gabor (detail_clip=0.1, frequencies=0.075/0.095/0.115/0.14, gamma=0.5, orientation_bins=12, orientation_offset=1.5708, sigma_scale=0.55, strength=0.12)",M2 Modified Gabor,"{""detail_clip"": 0.1, ""frequencies"": [0.075, 0.095, 0.115, 0.14], ""gamma"": 0.5, ""orientation_bins"": 12, ""orientation_offset"": 1.5707963267948966, ""sigma_scale"": 0.55, ""strength"": 0.12}",27.091988943418762,0.8734895505541563,0.0019534446296117437,27.10135716356648,0.8738504288972915,0.0019492353715203805,0.00936822014771721,0.00036087834313514033,-4.209258091363195e-06,0.00036533933598548174,0.7679472000017995
360__M_Left_thumb_finger.BMP,360,"M2 Modified Gabor (detail_clip=0.1, frequencies=0.075/0.095/0.115/0.14, gamma=0.5, orientation_bins=12, orientation_offset=1.5708, sigma_scale=0.55, strength=0.12)",M2 Modified Gabor,"{""detail_clip"": 0.1, ""frequencies"": [0.075, 0.095, 0.115, 0.14], ""gamma"": 0.5, ""orientation_bins"": 12, ""orientation_offset"": 1.5707963267948966, ""sigma_scale"": 0.55, ""strength"": 0.12}",27.026290934916474,0.9165627529365719,0.001983220059529698,27.035160491600365,0.9168652043210566,0.0019791738803928514,0.008869556683890778,0.0003024513844847032,-4.046179136846587e-06,0.00030429146136157215,0.7213561999960802
360__M_Right_index_finger.BMP,360,"M2 Modified Gabor (detail_clip=0.1, frequencies=0.075/0.095/0.115/0.14, gamma=0.5, orientation_bins=12, orientation_offset=1.5708, sigma_scale=0.55, strength=0.12)",M2 Modified Gabor,"{""detail_clip"": 0.1, ""frequencies"": [0.075, 0.095, 0.115, 0.14], ""gamma"": 0.5, ""orientation_bins"": 12, ""orientation_offset"": 1.5707963267948966, ""sigma_scale"": 0.55, ""strength"": 0.12}",27.08561337748189,0.8906102343575955,0.0019563144475988514,27.094230453166197,0.890954998821795,0.0019524366648361927,0.00861707568430603,0.00034476446419950957,-3.877782762658731e-06,0.0002998698619194329,0.6437107999954605
360__M_Right_little_finger.BMP,360,"M2 Modified Gabor (detail_clip=0.1, frequencies=0.075/0.095/0.115/0.14, gamma=0.5, orientation_bins=12, orientation_offset=1.5708, sigma_scale=0.55, strength=0.12)",M2 Modified Gabor,"{""detail_clip"": 0.1, ""frequencies"": [0.075, 0.095, 0.115, 0.14], ""gamma"": 0.5, ""orientation_bins"": 12, ""orientation_offset"": 1.5707963267948966, ""sigma_scale"": 0.55, ""strength"": 0.12}",27.463896775058526,0.8475569175820946,0.001793123996300255,27.474867566834888,0.8479165197301507,0.0017886000696019995,0.010970791776362177,0.0003596021480560818,-4.523926698255442e-06,0.00027775776106864214,0.7195092999972985
360__M_Right_middle_finger.BMP,360,"M2 Modified Gabor (detail_clip=0.1, frequencies=0.075/0.095/0.115/0.14, gamma=0.5, orientation_bins=12, orientation_offset=1.5708, sigma_scale=0.55, strength=0.12)",M2 Modified Gabor,"{""detail_clip"": 0.1, ""frequencies"": [0.075, 0.095, 0.115, 0.14], ""gamma"": 0.5, ""orientation_bins"": 12, ""orientation_offset"": 1.5707963267948966, ""sigma_scale"": 0.55, ""strength"": 0.12}",27.148777613505686,0.8873132509153784,0.0019280675201412143,27.15512896839111,0.8875642958977819,0.0019252498718748086,0.006351354885424598,0.00025104498240346995,-2.8176482664056274e-06,0.0002545046154409647,0.759231500000169
360__M_Right_ring_finger.BMP,360,"M2 Modified Gabor (detail_clip=0.1, frequencies=0.075/0.095/0.115/0.14, gamma=0.5, orientation_bins=12, orientation_offset=1.5708, sigma_scale=0.55, strength=0.12)",M2 Modified Gabor,"{""detail_clip"": 0.1, ""frequencies"": [0.075, 0.095, 0.115, 0.14], ""gamma"": 0.5, ""orientation_bins"": 12, ""orientation_offset"": 1.5707963267948966, ""sigma_scale"": 0.55, ""strength"": 0.12}",27.17668080215109,0.885943676270783,0.0019157194994044895,27.184647850301328,0.8862509120554328,0.0019122083706227305,0.007967048150238298,0.0003072357846498619,-3.511128781759007e-06,0.0002742965007200837,0.7985138000003644
360__M_Right_thumb_finger.BMP,360,"M2 Modified Gabor (detail_clip=0.1, frequencies=0.075/0.095/0.115/0.14, gamma=0.5, orientation_bins=12, orientation_offset=1.5708, sigma_scale=0.55, strength=0.12)",M2 Modified Gabor,"{""detail_clip"": 0.1, ""frequencies"": [0.075, 0.095, 0.115, 0.14], ""gamma"": 0.5, ""orientation_bins"": 12, ""orientation_offset"": 1.5707963267948966, ""sigma_scale"": 0.55, ""strength"": 0.12}",27.111307542512527,0.9121589699819982,0.0019447744747953257,27.121504841878345,0.9124095422571004,0.001940213471999313,0.010197299365817258,0.00025057227510216773,-4.561002796012702e-06,0.0004279524728190154,0.6476391999967746
380__M_Left_index_finger.BMP,380,"M2 Modified Gabor (detail_clip=0.1, frequencies=0.075/0.095/0.115/0.14, gamma=0.5, orientation_bins=12, orientation_offset=1.5708, sigma_scale=0.55, strength=0.1)",M2 Modified Gabor,"{""detail_clip"": 0.1, ""frequencies"": [0.075, 0.095, 0.115, 0.14], ""gamma"": 0.5, ""orientation_bins"": 12, ""orientation_offset"": 1.5707963267948966, ""sigma_scale"": 0.55, ""strength"": 0.1}",27.39224514157606,0.8241426620333194,0.001822953059489075,27.402129639237103,0.8245065076360106,0.0018188087550943352,0.009884497661044378,0.00036384560269120403,-4.144304394739645e-06,0.00027891347417607903,0.00465740000072401
380__M_Left_little_finger.BMP,380,"M2 Modified Gabor (detail_clip=0.1, frequencies=0.075/0.095/0.115/0.14, gamma=0.5, orientation_bins=12, orientation_offset=1.5708, sigma_scale=0.55, strength=0.1)",M2 Modified Gabor,"{""detail_clip"": 0.1, ""frequencies"": [0.075, 0.095, 0.115, 0.14], ""gamma"": 0.5, ""orientation_bins"": 12, ""orientation_offset"": 1.5707963267948966, ""sigma_scale"": 0.55, ""strength"": 0.1}",27.71736251270148,0.7666588592921495,0.0016914678547986946,27.726411492503754,0.7669950888413191,0.0016879471737231344,0.009048979802273038,0.0003362295491695644,-3.5206810755602277e-06,0.0002396231866441667,0.0021668999979738146
380__M_Left_middle_finger.BMP,380,"M2 Modified Gabor (detail_clip=0.1, frequencies=0.075/0.095/0.115/0.14, gamma=0.5, orientation_bins=12, orientation_offset=1.5708, sigma_scale=0.55, strength=0.1)",M2 Modified Gabor,"{""detail_clip"": 0.1, ""frequencies"": [0.075, 0.095, 0.115, 0.14], ""gamma"": 0.5, ""orientation_bins"": 12, ""orientation_offset"": 1.5707963267948966, ""sigma_scale"": 0.55, ""strength"": 0.1}",27.121060618568507,0.8799680408276915,0.0019404119392070196,27.126697341392124,0.8801986243284344,0.0019378951056207442,0.005636722823616935,0.00023058350074289802,-2.51683358627546e-06,0.00023034778132569045,0.0021345999994082376
380__M_Left_ring_finger.BMP,380,"M2 Modified Gabor (detail_clip=0.1, frequencies=0.075/0.095/0.115/0.14, gamma=0.5, orientation_bins=12, orientation_offset=1.5708, sigma_scale=0.55, strength=0.1)",M2 Modified Gabor,"{""detail_clip"": 0.1, ""frequencies"": [0.075, 0.095, 0.115, 0.14], ""gamma"": 0.5, ""orientation_bins"": 12, ""orientation_offset"": 1.5707963267948966, ""sigma_scale"": 0.55, ""strength"": 0.1}",27.285753289932494,0.8393499275820852,0.0018682056062418646,27.29426056470451,0.8396491052669883,0.001864549611811178,0.008507274772014739,0.00029917768490317354,-3.6559944306866453e-06,0.00022629214799962938,0.003324500001326669
380__M_Left_thumb_finger.BMP,380,"M2 Modified Gabor (detail_clip=0.1, frequencies=0.075/0.095/0.115/0.14, gamma=0.5, orientation_bins=12, orientation_offset=1.5708, sigma_scale=0.55, strength=0.1)",M2 Modified Gabor,"{""detail_clip"": 0.1, ""frequencies"": [0.075, 0.095, 0.115, 0.14], ""gamma"": 0.5, ""orientation_bins"": 12, ""orientation_offset"": 1.5707963267948966, ""sigma_scale"": 0.55, ""strength"": 0.1}",26.99028703291933,0.9075991768866778,0.001999729699585501,26.995848306081225,0.9077930775470138,0.001997170623614352,0.005561273161895031,0.0001939006603359772,-2.5590759711491447e-06,0.0003071077517233789,0.0050384999995003454
380__M_Right_index_finger.BMP,380,"M2 Modified Gabor (detail_clip=0.1, frequencies=0.075/0.095/0.115/0.14, gamma=0.5, orientation_bins=12, orientation_offset=1.5708, sigma_scale=0.55, strength=0.1)",M2 Modified Gabor,"{""detail_clip"": 0.1, ""frequencies"": [0.075, 0.095, 0.115, 0.14], ""gamma"": 0.5, ""orientation_bins"": 12, ""orientation_offset"": 1.5707963267948966, ""sigma_scale"": 0.55, ""strength"": 0.1}",27.368707254437247,0.8433519870930314,0.0018328599206484284,27.376063282400285,0.843661212751627,0.0018297580721269558,0.007356027963037803,0.00030922565859559104,-3.1018485214726315e-06,0.00020746284280903637,0.0014506000006804243
380__M_Right_little_finger.BMP,380,"M2 Modified Gabor (detail_clip=0.1, frequencies=0.075/0.095/0.115/0.14, gamma=0.5, orientation_bins=12, orientation_offset=1.5708, sigma_scale=0.55, strength=0.1)",M2 Modified Gabor,"{""detail_clip"": 0.1, ""frequencies"": [0.075, 0.095, 0.115, 0.14], ""gamma"": 0.5, ""orientation_bins"": 12, ""orientation_offset"": 1.5707963267948966, ""sigma_scale"": 0.55, ""strength"": 0.1}",27.631904571796152,0.757674889871031,0.0017250812023077028,27.641384970054034,0.7580411797843873,0.0017213195566803344,0.009480398257881717,0.0003662899133562991,-3.7616456273683197e-06,0.00021460022253450006,0.0029524999990826473
380__M_Right_middle_finger.BMP,380,"M2 Modified Gabor (detail_clip=0.1, frequencies=0.075/0.095/0.115/0.14, gamma=0.5, orientation_bins=12, orientation_offset=1.5708, sigma_scale=0.55, strength=0.1)",M2 Modified Gabor,"{""detail_clip"": 0.1, ""frequencies"": [0.075, 0.095, 0.115, 0.14], ""gamma"": 0.5, ""orientation_bins"": 12, ""orientation_offset"": 1.5707963267948966, ""sigma_scale"": 0.55, ""strength"": 0.1}",27.17154990964595,0.8700292221297026,0.0019179841285608963,27.178856439793794,0.8703214796904921,0.001914760042670139,0.0073065301478436595,0.0002922575607895439,-3.224085890757202e-06,0.00025213713524863124,0.002001699998800177
380__M_Right_ring_finger.BMP,380,"M2 Modified Gabor (detail_clip=0.1, frequencies=0.075/0.095/0.115/0.14, gamma=0.5, orientation_bins=12, orientation_offset=1.5708, sigma_scale=0.55, strength=0.1)",M2 Modified Gabor,"{""detail_clip"": 0.1, ""frequencies"": [0.075, 0.095, 0.115, 0.14], ""gamma"": 0.5, ""orientation_bins"": 12, ""orientation_offset"": 1.5707963267948966, ""sigma_scale"": 0.55, ""strength"": 0.1}",27.430048920692375,0.7953303607811034,0.0018071537693830535,27.43735831347692,0.7955997321141959,0.001804114797524674,0.007309392784545565,0.00026937133309246075,-3.038971858379492e-06,0.00020716575090773404,0.4188953000048059
380__M_Right_thumb_finger.BMP,380,"M2 Modified Gabor (detail_clip=0.1, frequencies=0.075/0.095/0.115/0.14, gamma=0.5, orientation_bins=12, orientation_offset=1.5708, sigma_scale=0.55, strength=0.1)",M2 Modified Gabor,"{""detail_clip"": 0.1, ""frequencies"": [0.075, 0.095, 0.115, 0.14], ""gamma"": 0.5, ""orientation_bins"": 12, ""orientation_offset"": 1.5707963267948966, ""sigma_scale"": 0.55, ""strength"": 0.1}",27.05838210736847,0.8953427772864699,0.001968619529933384,27.064398706011016,0.8956023512450456,0.001965894145794194,0.0060165986425460005,0.0002595739585756762,-2.725384139189938e-06,0.00035046195262111723,0.0022544000021298416
600__M_Left_index_finger.BMP,600,"M2 Modified Gabor (detail_clip=0.1, frequencies=0.075/0.095/0.115/0.14, gamma=0.5, orientation_bins=12, orientation_offset=1.5708, sigma_scale=0.55, strength=0.1)",M2 Modified Gabor,"{""detail_clip"": 0.1, ""frequencies"": [0.075, 0.095, 0.115, 0.14], ""gamma"": 0.5, ""orientation_bins"": 12, ""orientation_offset"": 1.5707963267948966, ""sigma_scale"": 0.55, ""strength"": 0.1}",27.35319272178306,0.8397514104789794,0.001839419252730077,27.361434890777264,0.8400578268505335,0.001835931659000766,0.00824216899420449,0.00030641637155415236,-3.487593729311093e-06,0.00023381953360512853,0.0033643999995547347
600__M_Left_little_finger.BMP,600,"M2 Modified Gabor (detail_clip=0.1, frequencies=0.075/0.095/0.115/0.14, gamma=0.5, orientation_bins=12, orientation_offset=1.5708, sigma_scale=0.55, strength=0.1)",M2 Modified Gabor,"{""detail_clip"": 0.1, ""frequencies"": [0.075, 0.095, 0.115, 0.14], ""gamma"": 0.5, ""orientation_bins"": 12, ""orientation_offset"": 1.5707963267948966, ""sigma_scale"": 0.55, ""strength"": 0.1}",27.75017516117653,0.7569456012638808,0.001678736309374416,27.75912549595975,0.7572639041802883,0.00167528017982723,0.008950334783222047,0.0003183029164075535,-3.4561295471859012e-06,0.00017590058268979192,0.0019192999970982783
600__M_Left_middle_finger.BMP,600,"M2 Modified Gabor (detail_clip=0.1, frequencies=0.075/0.095/0.115/0.14, gamma=0.5, orientation_bins=12, orientation_offset=1.5708, sigma_scale=0.55, strength=0.1)",M2 Modified Gabor,"{""detail_clip"": 0.1, ""frequencies"": [0.075, 0.095, 0.115, 0.14], ""gamma"": 0.5, ""orientation_bins"": 12, ""orientation_offset"": 1.5707963267948966, ""sigma_scale"": 0.55, ""strength"": 0.1}",27.44947810926937,0.8171206154738665,0.0017990870980429466,27.455950742909554,0.8173726725810766,0.0017964077735613984,0.006472633640182579,0.0002520571072101019,-2.6793244815481905e-06,0.00018759406520985067,0.0026206000038655475
600__M_Left_ring_finger.BMP,600,"M2 Modified Gabor (detail_clip=0.1, frequencies=0.075/0.095/0.115/0.14, gamma=0.5, orientation_bins=12, orientation_offset=1.5708, sigma_scale=0.55, strength=0.1)",M2 Modified Gabor,"{""detail_clip"": 0.1, ""frequencies"": [0.075, 0.095, 0.115, 0.14], ""gamma"": 0.5, ""orientation_bins"": 12, ""orientation_offset"": 1.5707963267948966, ""sigma_scale"": 0.55, ""strength"": 0.1}",27.310341456038962,0.8390093911606371,0.001857658394379474,27.316249085641566,0.8392575432823598,0.0018551331730257915,0.0059076296026034925,0.00024815212172268897,-2.525221353682529e-06,0.00021285651018843055,0.00160679999680724
600__M_Left_thumb_finger.BMP,600,"M2 Modified Gabor (detail_clip=0.1, frequencies=0.075/0.095/0.115/0.14, gamma=0.5, orientation_bins=12, orientation_offset=1.5708, sigma_scale=0.55, strength=0.1)",M2 Modified Gabor,"{""detail_clip"": 0.1, ""frequencies"": [0.075, 0.095, 0.115, 0.14], ""gamma"": 0.5, ""orientation_bins"": 12, ""orientation_offset"": 1.5707963267948966, ""sigma_scale"": 0.55, ""strength"": 0.1}",27.207857503343792,0.875479294952333,0.0019020163666061496,27.215727353474986,0.8757458928636909,0.0018985728437711184,0.007869850131193346,0.0002665979113578576,-3.443522835031238e-06,0.0002986609470099211,0.002722199998970609
600__M_Right_index_finger.BMP,600,"M2 Modified Gabor (detail_clip=0.1, frequencies=0.075/0.095/0.115/0.14, gamma=0.5, orientation_bins=12, orientation_offset=1.5708, sigma_scale=0.55, strength=0.1)",M2 Modified Gabor,"{""detail_clip"": 0.1, ""frequencies"": [0.075, 0.095, 0.115, 0.14], ""gamma"": 0.5, ""orientation_bins"": 12, ""orientation_offset"": 1.5707963267948966, ""sigma_scale"": 0.55, ""strength"": 0.1}",27.305187216878938,0.8529470467790365,0.0018598643859407287,27.3130575282932,0.8532597506204247,0.001856496980355948,0.007870311414261977,0.0003127038413881511,-3.367405584780818e-06,0.00022162793902680278,0.008541600000171456
600__M_Right_little_finger.BMP,600,"M2 Modified Gabor (detail_clip=0.1, frequencies=0.075/0.095/0.115/0.14, gamma=0.5, orientation_bins=12, orientation_offset=1.5708, sigma_scale=0.55, strength=0.1)",M2 Modified Gabor,"{""detail_clip"": 0.1, ""frequencies"": [0.075, 0.095, 0.115, 0.14], ""gamma"": 0.5, ""orientation_bins"": 12, ""orientation_offset"": 1.5707963267948966, ""sigma_scale"": 0.55, ""strength"": 0.1}",27.918805267842984,0.7369490548488498,0.001614802723510412,27.92711626961225,0.7372448259797693,0.0016117154645992656,0.008311001769264692,0.0002957711309194977,-3.0872589111463535e-06,0.00017941504484042525,0.0014258999945013784
600__M_Right_middle_finger.BMP,600,"M2 Modified Gabor (detail_clip=0.1, frequencies=0.075/0.095/0.115/0.14, gamma=0.5, orientation_bins=12, orientation_offset=1.5708, sigma_scale=0.55, strength=0.1)",M2 Modified Gabor,"{""detail_clip"": 0.1, ""frequencies"": [0.075, 0.095, 0.115, 0.14], ""gamma"": 0.5, ""orientation_bins"": 12, ""orientation_offset"": 1.5707963267948966, ""sigma_scale"": 0.55, ""strength"": 0.1}",27.34016167642271,0.8407204843213558,0.001844946735382432,27.347163658408032,0.8409628462582827,0.0018419745872012307,0.007001981985322203,0.00024236193692683816,-2.9721481812012077e-06,0.00023426004918292165,0.002201800001785159
600__M_Right_ring_finger.BMP,600,"M2 Modified Gabor (detail_clip=0.1, frequencies=0.075/0.095/0.115/0.14, gamma=0.5, orientation_bins=12, orientation_offset=1.5708, sigma_scale=0.55, strength=0.1)",M2 Modified Gabor,"{""detail_clip"": 0.1, ""frequencies"": [0.075, 0.095, 0.115, 0.14], ""gamma"": 0.5, ""orientation_bins"": 12, ""orientation_offset"": 1.5707963267948966, ""sigma_scale"": 0.55, ""strength"": 0.1}",27.513543547532386,0.804082875896126,0.0017727424533858249,27.522264542722752,0.8043909301094114,0.0017691862105885421,0.008720995190365954,0.0003080542132853914,-3.5562427972827583e-06,0.00022080339840613306,0.002667799999471754
600__M_Right_thumb_finger.BMP,600,"M2 Modified Gabor (detail_clip=0.1, frequencies=0.075/0.095/0.115/0.14, gamma=0.5, orientation_bins=12, orientation_offset=1.5708, sigma_scale=0.55, strength=0.1)",M2 Modified Gabor,"{""detail_clip"": 0.1, ""frequencies"": [0.075, 0.095, 0.115, 0.14], ""gamma"": 0.5, ""orientation_bins"": 12, ""orientation_offset"": 1.5707963267948966, ""sigma_scale"": 0.55, ""strength"": 0.1}",27.40887796153935,0.8515884021518827,0.0018159847780061798,27.418621766489597,0.8519413045814037,0.0018119150126069544,0.009743804950247181,0.00035290242952101814,-4.069765399225328e-06,0.0002874463389161974,0.002082200000586454
501__M_Left_index_finger.BMP,501,"M2 Modified Gabor (detail_clip=0.1, frequencies=0.075/0.095/0.115/0.14, gamma=0.5, orientation_bins=12, orientation_offset=1.5708, sigma_scale=0.55, strength=0.1)",M2 Modified Gabor,"{""detail_clip"": 0.1, ""frequencies"": [0.075, 0.095, 0.115, 0.14], ""gamma"": 0.5, ""orientation_bins"": 12, ""orientation_offset"": 1.5707963267948966, ""sigma_scale"": 0.55, ""strength"": 0.1}",27.43685245746518,0.8191895882745981,0.0018043249488174829,27.443056249840314,0.819414382293582,0.0018017493539858702,0.006203792375135464,0.00022479401898389817,-2.5755948316126716e-06,0.0002050686744041741,0.47749010000552516
501__M_Left_little_finger.BMP,501,"M2 Modified Gabor (detail_clip=0.1, frequencies=0.075/0.095/0.115/0.14, gamma=0.5, orientation_bins=12, orientation_offset=1.5708, sigma_scale=0.55, strength=0.1)",M2 Modified Gabor,"{""detail_clip"": 0.1, ""frequencies"": [0.075, 0.095, 0.115, 0.14], ""gamma"": 0.5, ""orientation_bins"": 12, ""orientation_offset"": 1.5707963267948966, ""sigma_scale"": 0.55, ""strength"": 0.1}",27.58424679240497,0.7924946965949238,0.0017441158175301977,27.59525779139679,0.7929027807964385,0.001739699428741703,0.011010998991821452,0.0004080842015147246,-4.416388788494596e-06,0.000214414278161712,0.0042905000009341165
501__M_Left_middle_finger.BMP,501,"M2 Modified Gabor (detail_clip=0.1, frequencies=0.075/0.095/0.115/0.14, gamma=0.5, orientation_bins=12, orientation_offset=1.5708, sigma_scale=0.55, strength=0.1)",M2 Modified Gabor,"{""detail_clip"": 0.1, ""frequencies"": [0.075, 0.095, 0.115, 0.14], ""gamma"": 0.5, ""orientation_bins"": 12, ""orientation_offset"": 1.5707963267948966, ""sigma_scale"": 0.55, ""strength"": 0.1}",27.52430149906059,0.8029155948780179,0.0017683566098870935,27.531530370259677,0.8031664644497037,0.0017654156125443477,0.0072288711990857735,0.0002508695716858522,-2.9409973427458203e-06,0.00020075634529348463,0.0013082000004942529
501__M_Left_ring_finger.BMP,501,"M2 Modified Gabor (detail_clip=0.1, frequencies=0.075/0.095/0.115/0.14, gamma=0.5, orientation_bins=12, orientation_offset=1.5708, sigma_scale=0.55, strength=0.1)",M2 Modified Gabor,"{""detail_clip"": 0.1, ""frequencies"": [0.075, 0.095, 0.115, 0.14], ""gamma"": 0.5, ""orientation_bins"": 12, ""orientation_offset"": 1.5707963267948966, ""sigma_scale"": 0.55, ""strength"": 0.1}",27.358389124902512,0.8241556460552215,0.0018372196742751177,27.368944270097046,0.8245196279065609,0.001832759895281401,0.010555145194533821,0.0003639818513393456,-4.459778993716598e-06,0.00024323331308551133,0.0022468999959528446
501__M_Left_thumb_finger.BMP,501,"M2 Modified Gabor (detail_clip=0.1, frequencies=0.075/0.095/0.115/0.14, gamma=0.5, orientation_bins=12, orientation_offset=1.5708, sigma_scale=0.55, strength=0.1)",M2 Modified Gabor,"{""detail_clip"": 0.1, ""frequencies"": [0.075, 0.095, 0.115, 0.14], ""gamma"": 0.5, ""orientation_bins"": 12, ""orientation_offset"": 1.5707963267948966, ""sigma_scale"": 0.55, ""strength"": 0.1}",27.81660114041582,0.7769351523290873,0.0016532551565629702,27.824961780179454,0.777261854875803,0.0016500755226451556,0.00836063976363377,0.0003267025467157403,-3.1796339178145807e-06,0.00020085289725102484,0.0026910000015050173
501__M_Right_index_finger.BMP,501,"M2 Modified Gabor (detail_clip=0.1, frequencies=0.075/0.095/0.115/0.14, gamma=0.5, orientation_bins=12, orientation_offset=1.5708, sigma_scale=0.55, strength=0.1)",M2 Modified Gabor,"{""detail_clip"": 0.1, ""frequencies"": [0.075, 0.095, 0.115, 0.14], ""gamma"": 0.5, ""orientation_bins"": 12, ""orientation_offset"": 1.5707963267948966, ""sigma_scale"": 0.55, ""strength"": 0.1}",27.4909620744602,0.8130318595907092,0.0017819839682411266,27.503631203563103,0.8135238557915986,0.0017767931844410829,0.012669129102903298,0.0004919962008893553,-5.190783800043718e-06,0.00023697396682109684,0.0022870000029797666
501__M_Right_little_finger.BMP,501,"M2 Modified Gabor (detail_clip=0.1, frequencies=0.075/0.095/0.115/0.14, gamma=0.5, orientation_bins=12, orientation_offset=1.5708, sigma_scale=0.55, strength=0.1)",M2 Modified Gabor,"{""detail_clip"": 0.1, ""frequencies"": [0.075, 0.095, 0.115, 0.14], ""gamma"": 0.5, ""orientation_bins"": 12, ""orientation_offset"": 1.5707963267948966, ""sigma_scale"": 0.55, ""strength"": 0.1}",27.573768505254993,0.7845928464406728,0.0017483289520418919,27.586875011057323,0.7850207722644806,0.0017430606507781153,0.013106505802330304,0.0004279258238077954,-5.268301263776625e-06,0.00025718912365846336,0.004406599997309968
501__M_Right_middle_finger.BMP,501,"M2 Modified Gabor (detail_clip=0.1, frequencies=0.075/0.095/0.115/0.14, gamma=0.5, orientation_bins=12, orientation_offset=1.5708, sigma_scale=0.55, strength=0.1)",M2 Modified Gabor,"{""detail_clip"": 0.1, ""frequencies"": [0.075, 0.095, 0.115, 0.14], ""gamma"": 0.5, ""orientation_bins"": 12, ""orientation_offset"": 1.5707963267948966, ""sigma_scale"": 0.55, ""strength"": 0.1}",27.491269245747194,0.8174476757915616,0.0017818579351058632,27.50195332812732,0.8177612573236227,0.0017774797723970263,0.01068408238012708,0.0003135815320610691,-4.378162708836833e-06,0.0002571005607023835,0.003284200000052806
501__M_Right_ring_finger.BMP,501,"M2 Modified Gabor (detail_clip=0.1, frequencies=0.075/0.095/0.115/0.14, gamma=0.5, orientation_bins=12, orientation_offset=1.5708, sigma_scale=0.55, strength=0.1)",M2 Modified Gabor,"{""detail_clip"": 0.1, ""frequencies"": [0.075, 0.095, 0.115, 0.14], ""gamma"": 0.5, ""orientation_bins"": 12, ""orientation_offset"": 1.5707963267948966, ""sigma_scale"": 0.55, ""strength"": 0.1}",27.778547761307667,0.7602594677556157,0.0016678048170976419,27.788181346630335,0.7605683590030075,0.00166410936760863,0.00963358532266767,0.00030889124739175156,-3.6954494890119403e-06,0.00020353174477349967,0.0032685999976820312
501__M_Right_thumb_finger.BMP,501,"M2 Modified Gabor (detail_clip=0.1, frequencies=0.075/0.095/0.115/0.14, gamma=0.5, orientation_bins=12, orientation_offset=1.5708, sigma_scale=0.55, strength=0.1)",M2 Modified Gabor,"{""detail_clip"": 0.1, ""frequencies"": [0.075, 0.095, 0.115, 0.14], ""gamma"": 0.5, ""orientation_bins"": 12, ""orientation_offset"": 1.5707963267948966, ""sigma_scale"": 0.55, ""strength"": 0.1}",27.340959923282963,0.8611186378437876,0.001844607659556476,27.347635460518866,0.8613919028533101,0.001841774492488739,0.006675537235903306,0.0002732650095225164,-2.8331670677368605e-06,0.00021384033607318997,0.002049900002020877
443__M_Left_index_finger.BMP,443,"M2 Modified Gabor (detail_clip=0.1, frequencies=0.075/0.095/0.115/0.14, gamma=0.5, orientation_bins=12, orientation_offset=1.5708, sigma_scale=0.55, strength=0.1)",M2 Modified Gabor,"{""detail_clip"": 0.1, ""frequencies"": [0.075, 0.095, 0.115, 0.14], ""gamma"": 0.5, ""orientation_bins"": 12, ""orientation_offset"": 1.5707963267948966, ""sigma_scale"": 0.55, ""strength"": 0.1}",27.135094969734823,0.8466296955327391,0.0019341515629242856,27.141199492499062,0.8469344353513718,0.001931434793887339,0.006104522764239562,0.00030473981863266,-2.7167690369465838e-06,0.00018502160673961043,0.0035420999993220903
443__M_Left_little_finger.BMP,443,"M2 Modified Gabor (detail_clip=0.1, frequencies=0.075/0.095/0.115/0.14, gamma=0.5, orientation_bins=12, orientation_offset=1.5708, sigma_scale=0.55, strength=0.1)",M2 Modified Gabor,"{""detail_clip"": 0.1, ""frequencies"": [0.075, 0.095, 0.115, 0.14], ""gamma"": 0.5, ""orientation_bins"": 12, ""orientation_offset"": 1.5707963267948966, ""sigma_scale"": 0.55, ""strength"": 0.1}",27.13340595635713,0.8394890675188899,0.0019349039195231878,27.14141339106917,0.8398111810180545,0.0019313396692692989,0.008007434712041572,0.0003221134991646668,-3.5642502538889634e-06,0.00021528630168177187,0.003927500001736917
443__M_Left_middle_finger.BMP,443,"M2 Modified Gabor (detail_clip=0.1, frequencies=0.075/0.095/0.115/0.14, gamma=0.5, orientation_bins=12, orientation_offset=1.5708, sigma_scale=0.55, strength=0.1)",M2 Modified Gabor,"{""detail_clip"": 0.1, ""frequencies"": [0.075, 0.095, 0.115, 0.14], ""gamma"": 0.5, ""orientation_bins"": 12, ""orientation_offset"": 1.5707963267948966, ""sigma_scale"": 0.55, ""strength"": 0.1}",27.14151541310484,0.8253531774876117,0.0019312942998486661,27.147069172927285,0.8256199912783504,0.0019288261382934407,0.005553759822443993,0.0002668137907386736,-2.4681615552254055e-06,0.0001724186586216092,0.003625800003646873
443__M_Left_ring_finger.BMP,443,"M2 Modified Gabor (detail_clip=0.1, frequencies=0.075/0.095/0.115/0.14, gamma=0.5, orientation_bins=12, orientation_offset=1.5708, sigma_scale=0.55, strength=0.1)",M2 Modified Gabor,"{""detail_clip"": 0.1, ""frequencies"": [0.075, 0.095, 0.115, 0.14], ""gamma"": 0.5, ""orientation_bins"": 12, ""orientation_offset"": 1.5707963267948966, ""sigma_scale"": 0.55, ""strength"": 0.1}",27.237265248598867,0.8298590763946772,0.0018891805912286746,27.24601147183457,0.8302437442304492,0.001885379813400106,0.008746223235704065,0.00038466783577206787,-3.8007778285686824e-06,0.00021753445616923273,0.003736600003321655
443__M_Left_thumb_finger.BMP,443,"M2 Modified Gabor (detail_clip=0.1, frequencies=0.075/0.095/0.115/0.14, gamma=0.5, orientation_bins=12, orientation_offset=1.5708, sigma_scale=0.55, strength=0.1)",M2 Modified Gabor,"{""detail_clip"": 0.1, ""frequencies"": [0.075, 0.095, 0.115, 0.14], ""gamma"": 0.5, ""orientation_bins"": 12, ""orientation_offset"": 1.5707963267948966, ""sigma_scale"": 0.55, ""strength"": 0.1}",26.800304933742755,0.8761664312357903,0.00208914943902406,26.80474653840352,0.8763843079183101,0.002087013922018358,0.004441604660765819,0.00021787668251982417,-2.135517005702036e-06,0.0002417348587187007,0.5269117999996524
443__M_Right_index_finger.BMP,443,"M2 Modified Gabor (detail_clip=0.1, frequencies=0.075/0.095/0.115/0.14, gamma=0.5, orientation_bins=12, orientation_offset=1.5708, sigma_scale=0.55, strength=0.1)",M2 Modified Gabor,"{""detail_clip"": 0.1, ""frequencies"": [0.075, 0.095, 0.115, 0.14], ""gamma"": 0.5, ""orientation_bins"": 12, ""orientation_offset"": 1.5707963267948966, ""sigma_scale"": 0.55, ""strength"": 0.1}",27.35710649714296,0.896552869089663,0.0018377623514359127,27.367640574907803,0.8968711709250807,0.0018333101483979652,0.010534077764841498,0.0003183018354177003,-4.4522030379474074e-06,0.00023572340433020145,0.0017681000026641414
443__M_Right_little_finger.BMP,443,"M2 Modified Gabor (detail_clip=0.1, frequencies=0.075/0.095/0.115/0.14, gamma=0.5, orientation_bins=12, orientation_offset=1.5708, sigma_scale=0.55, strength=0.1)",M2 Modified Gabor,"{""detail_clip"": 0.1, ""frequencies"": [0.075, 0.095, 0.115, 0.14], ""gamma"": 0.5, ""orientation_bins"": 12, ""orientation_offset"": 1.5707963267948966, ""sigma_scale"": 0.55, ""strength"": 0.1}",27.00440155233622,0.8630209608132839,0.0019932411512218785,27.01245100443395,0.8633287861782909,0.001989550190332754,0.00804945209772967,0.0003078253650069529,-3.6909608891245484e-06,0.00023040153610054404,0.003452199998719152
443__M_Right_middle_finger.BMP,443,"M2 Modified Gabor (detail_clip=0.1, frequencies=0.075/0.095/0.115/0.14, gamma=0.5, orientation_bins=12, orientation_offset=1.5708, sigma_scale=0.55, strength=0.1)",M2 Modified Gabor,"{""detail_clip"": 0.1, ""frequencies"": [0.075, 0.095, 0.115, 0.14], ""gamma"": 0.5, ""orientation_bins"": 12, ""orientation_offset"": 1.5707963267948966, ""sigma_scale"": 0.55, ""strength"": 0.1}",27.064112289055643,0.8992271602718234,0.001966023800672798,27.070284543368302,0.899461577727288,0.001963231644567226,0.00617225431265922,0.00023441745546459725,-2.7921561055717706e-06,0.0001973959879251197,0.0011866000058944337
443__M_Right_ring_finger.BMP,443,"M2 Modified Gabor (detail_clip=0.1, frequencies=0.075/0.095/0.115/0.14, gamma=0.5, orientation_bins=12, orientation_offset=1.5708, sigma_scale=0.55, strength=0.1)",M2 Modified Gabor,"{""detail_clip"": 0.1, ""frequencies"": [0.075, 0.095, 0.115, 0.14], ""gamma"": 0.5, ""orientation_bins"": 12, ""orientation_offset"": 1.5707963267948966, ""sigma_scale"": 0.55, ""strength"": 0.1}",26.925258364749403,0.8801929126424491,0.0020298977562655464,26.932828008379882,0.8805035739029646,0.002026362777096328,0.007569643630478851,0.0003106612605154879,-3.534979169218279e-06,0.00029024845571257174,0.0024967999997898005
443__M_Right_thumb_finger.BMP,443,"M2 Modified Gabor (detail_clip=0.1, frequencies=0.075/0.095/0.115/0.14, gamma=0.5, orientation_bins=12, orientation_offset=1.5708, sigma_scale=0.55, strength=0.1)",M2 Modified Gabor,"{""detail_clip"": 0.1, ""frequencies"": [0.075, 0.095, 0.115, 0.14], ""gamma"": 0.5, ""orientation_bins"": 12, ""orientation_offset"": 1.5707963267948966, ""sigma_scale"": 0.55, ""strength"": 0.1}",27.180918571542815,0.9082978897159397,0.001913851085644088,27.188214226523463,0.908514238279134,0.0019106387317246313,0.007295654980648436,0.00021634856319430185,-3.2123539194567254e-06,0.00026758649619296193,0.002093799994327128
572__F_Left_index_finger.BMP,572,"M2 Modified Gabor (detail_clip=0.1, frequencies=0.075/0.095/0.115/0.14, gamma=0.5, orientation_bins=12, orientation_offset=1.5708, sigma_scale=0.55, strength=0.1)",M2 Modified Gabor,"{""detail_clip"": 0.1, ""frequencies"": [0.075, 0.095, 0.115, 0.14], ""gamma"": 0.5, ""orientation_bins"": 12, ""orientation_offset"": 1.5707963267948966, ""sigma_scale"": 0.55, ""strength"": 0.1}",27.6241298412811,0.7974931483537555,0.001728172204909599,27.636537004918257,0.7979409564747214,0.0017232421131305156,0.01240716363715677,0.00044780812096589795,-4.93009177908346e-06,0.00020782346837222576,0.00159200000052806
572__F_Left_little_finger.BMP,572,"M2 Modified Gabor (detail_clip=0.1, frequencies=0.075/0.095/0.115/0.14, gamma=0.5, orientation_bins=12, orientation_offset=1.5708, sigma_scale=0.55, strength=0.1)",M2 Modified Gabor,"{""detail_clip"": 0.1, ""frequencies"": [0.075, 0.095, 0.115, 0.14], ""gamma"": 0.5, ""orientation_bins"": 12, ""orientation_offset"": 1.5707963267948966, ""sigma_scale"": 0.55, ""strength"": 0.1}",27.812594150599153,0.7617954299381375,0.0016547812255908382,27.822583779573627,0.7621607100332379,0.0016509792769460118,0.009989628974473419,0.0003652800951003954,-3.8019486448264295e-06,0.00017857688362710178,0.00354660000448348
572__F_Left_middle_finger.BMP,572,"M2 Modified Gabor (detail_clip=0.1, frequencies=0.075/0.095/0.115/0.14, gamma=0.5, orientation_bins=12, orientation_offset=1.5708, sigma_scale=0.55, strength=0.1)",M2 Modified Gabor,"{""detail_clip"": 0.1, ""frequencies"": [0.075, 0.095, 0.115, 0.14], ""gamma"": 0.5, ""orientation_bins"": 12, ""orientation_offset"": 1.5707963267948966, ""sigma_scale"": 0.55, ""strength"": 0.1}",27.320467020532956,0.8414032366846502,0.0018533323137710088,27.334372077782888,0.8418973881664574,0.0018474078820231961,0.013905057249932185,0.0004941514818072035,-5.924431747812665e-06,0.0002860919921658933,0.0034801000001607463
572__F_Left_ring_finger.BMP,572,"M2 Modified Gabor (detail_clip=0.1, frequencies=0.075/0.095/0.115/0.14, gamma=0.5, orientation_bins=12, orientation_offset=1.5708, sigma_scale=0.55, strength=0.1)",M2 Modified Gabor,"{""detail_clip"": 0.1, ""frequencies"": [0.075, 0.095, 0.115, 0.14], ""gamma"": 0.5, ""orientation_bins"": 12, ""orientation_offset"": 1.5707963267948966, ""sigma_scale"": 0.55, ""strength"": 0.1}",27.400851017810083,0.8340889724407196,0.0018193443157140715,27.412781926811544,0.8345274840142429,0.0018143530842388473,0.011930909001460321,0.0004385115735233702,-4.991231475224168e-06,0.00025824762997217476,0.004475599998841062
572__F_Left_thumb_finger.BMP,572,"M2 Modified Gabor (detail_clip=0.1, frequencies=0.075/0.095/0.115/0.14, gamma=0.5, orientation_bins=12, orientation_offset=1.5708, sigma_scale=0.55, strength=0.1)",M2 Modified Gabor,"{""detail_clip"": 0.1, ""frequencies"": [0.075, 0.095, 0.115, 0.14], ""gamma"": 0.5, ""orientation_bins"": 12, ""orientation_offset"": 1.5707963267948966, ""sigma_scale"": 0.55, ""strength"": 0.1}",27.305828412733867,0.834587592176944,0.0018595898143411753,27.311951660219602,0.8347876663273573,0.0018569697706481614,0.006123247485735561,0.00020007415041334298,-2.6200436930138866e-06,0.00017894184566102922,0.0040129999979399145
572__F_Right_index_finger.BMP,572,"M2 Modified Gabor (detail_clip=0.1, frequencies=0.075/0.095/0.115/0.14, gamma=0.5, orientation_bins=12, orientation_offset=1.5708, sigma_scale=0.55, strength=0.1)",M2 Modified Gabor,"{""detail_clip"": 0.1, ""frequencies"": [0.075, 0.095, 0.115, 0.14], ""gamma"": 0.5, ""orientation_bins"": 12, ""orientation_offset"": 1.5707963267948966, ""sigma_scale"": 0.55, ""strength"": 0.1}",27.46236185610437,0.8347724638455808,0.0017937578488015497,27.472903563143053,0.8351766400481463,0.0017894091085615517,0.010541707038683512,0.00040417620256549824,-4.348740239997926e-06,0.00023440553923137486,0.0032147999954759143
572__F_Right_little_finger.BMP,572,"M2 Modified Gabor (detail_clip=0.1, frequencies=0.075/0.095/0.115/0.14, gamma=0.5, orientation_bins=12, orientation_offset=1.5708, sigma_scale=0.55, strength=0.1)",M2 Modified Gabor,"{""detail_clip"": 0.1, ""frequencies"": [0.075, 0.095, 0.115, 0.14], ""gamma"": 0.5, ""orientation_bins"": 12, ""orientation_offset"": 1.5707963267948966, ""sigma_scale"": 0.55, ""strength"": 0.1}",27.974544939353972,0.7329479814072252,0.001594209915804351,27.990499376703504,0.7334742257888317,0.0015883640988830455,0.015954437349531503,0.0005262443816065332,-5.845816921305541e-06,0.00023222347954288125,0.0020551000052364543
572__F_Right_middle_finger.BMP,572,"M2 Modified Gabor (detail_clip=0.1, frequencies=0.075/0.095/0.115/0.14, gamma=0.5, orientation_bins=12, orientation_offset=1.5708, sigma_scale=0.55, strength=0.1)",M2 Modified Gabor,"{""detail_clip"": 0.1, ""frequencies"": [0.075, 0.095, 0.115, 0.14], ""gamma"": 0.5, ""orientation_bins"": 12, ""orientation_offset"": 1.5707963267948966, ""sigma_scale"": 0.55, ""strength"": 0.1}",27.286906419383943,0.8481148620772362,0.0018677096301195127,27.297949297473142,0.8485440090347528,0.0018629666063890479,0.011042878089199348,0.0004291469575166129,-4.743023730464837e-06,0.0002210239617852494,0.0020659000001614913
572__F_Right_ring_finger.BMP,572,"M2 Modified Gabor (detail_clip=0.1, frequencies=0.075/0.095/0.115/0.14, gamma=0.5, orientation_bins=12, orientation_offset=1.5708, sigma_scale=0.55, strength=0.1)",M2 Modified Gabor,"{""detail_clip"": 0.1, ""frequencies"": [0.075, 0.095, 0.115, 0.14], ""gamma"": 0.5, ""orientation_bins"": 12, ""orientation_offset"": 1.5707963267948966, ""sigma_scale"": 0.55, ""strength"": 0.1}",27.675962306992894,0.7896063315761983,0.0017076692938429667,27.688222115280432,0.7900665650892258,0.0017028554689237966,0.012259808287538476,0.00046023351302748594,-4.813824919170078e-06,0.0002497259993106127,0.0030108999999356456
572__F_Right_thumb_finger.BMP,572,"M2 Modified Gabor (detail_clip=0.1, frequencies=0.075/0.095/0.115/0.14, gamma=0.5, orientation_bins=12, orientation_offset=1.5708, sigma_scale=0.55, strength=0.1)",M2 Modified Gabor,"{""detail_clip"": 0.1, ""frequencies"": [0.075, 0.095, 0.115, 0.14], ""gamma"": 0.5, ""orientation_bins"": 12, ""orientation_offset"": 1.5707963267948966, ""sigma_scale"": 0.55, ""strength"": 0.1}",27.222879613560988,0.8812139176847636,0.0018954487167133127,27.228474563405904,0.881402284016788,0.0018930084111635367,0.005594949844915931,0.00018836633202434783,-2.4403055497760565e-06,0.00020168855553492904,0.003839799996057991
29__F_Left_index_finger.BMP,29,"M2 Modified Gabor (detail_clip=0.1, frequencies=0.075/0.095/0.115/0.14, gamma=0.5, orientation_bins=12, orientation_offset=1.5708, sigma_scale=0.55, strength=0.1)",M2 Modified Gabor,"{""detail_clip"": 0.1, ""frequencies"": [0.075, 0.095, 0.115, 0.14], ""gamma"": 0.5, ""orientation_bins"": 12, ""orientation_offset"": 1.5707963267948966, ""sigma_scale"": 0.55, ""strength"": 0.1}",27.623691427691885,0.7954367920094132,0.0017283466700372958,27.630086839942575,0.7956959408605992,0.0017258033831094107,0.006395412250689958,0.0002591488511860529,-2.5432869278851303e-06,0.00016021518968045712,0.0016376999992644414
29__F_Left_little_finger.BMP,29,"M2 Modified Gabor (detail_clip=0.1, frequencies=0.075/0.095/0.115/0.14, gamma=0.5, orientation_bins=12, orientation_offset=1.5708, sigma_scale=0.55, strength=0.1)",M2 Modified Gabor,"{""detail_clip"": 0.1, ""frequencies"": [0.075, 0.095, 0.115, 0.14], ""gamma"": 0.5, ""orientation_bins"": 12, ""orientation_offset"": 1.5707963267948966, ""sigma_scale"": 0.55, ""strength"": 0.1}",27.41274074675311,0.8241425118806959,0.0018143702881231619,27.41853892943668,0.8243276936960816,0.0018119495732881242,0.005798182683570019,0.00018518181538573764,-2.4207148350376736e-06,0.00017326822853647172,0.0025979999991250224
29__F_Left_middle_finger.BMP,29,"M2 Modified Gabor (detail_clip=0.1, frequencies=0.075/0.095/0.115/0.14, gamma=0.5, orientation_bins=12, orientation_offset=1.5708, sigma_scale=0.55, strength=0.1)",M2 Modified Gabor,"{""detail_clip"": 0.1, ""frequencies"": [0.075, 0.095, 0.115, 0.14], ""gamma"": 0.5, ""orientation_bins"": 12, ""orientation_offset"": 1.5707963267948966, ""sigma_scale"": 0.55, ""strength"": 0.1}",27.14871397879486,0.8713243151237965,0.0019280957712296085,27.154811242474167,0.8715560017315149,0.0019253907265673485,0.006097263679308185,0.00023168660771843985,-2.705044662259983e-06,0.00023783270444255322,0.00233019999723183
29__F_Left_ring_finger.BMP,29,"M2 Modified Gabor (detail_clip=0.1, frequencies=0.075/0.095/0.115/0.14, gamma=0.5, orientation_bins=12, orientation_offset=1.5708, sigma_scale=0.55, strength=0.1)",M2 Modified Gabor,"{""detail_clip"": 0.1, ""frequencies"": [0.075, 0.095, 0.115, 0.14], ""gamma"": 0.5, ""orientation_bins"": 12, ""orientation_offset"": 1.5707963267948966, ""sigma_scale"": 0.55, ""strength"": 0.1}",27.068069623154493,0.8852838855306506,0.0019642331563697636,27.076658435772476,0.8856245460528135,0.001960352434801303,0.008588812617983166,0.00034066052216286113,-3.8807215684607405e-06,0.0002466720761731267,0.004322100001445506
29__F_Left_thumb_finger.BMP,29,"M2 Modified Gabor (detail_clip=0.1, frequencies=0.075/0.095/0.115/0.14, gamma=0.5, orientation_bins=12, orientation_offset=1.5708, sigma_scale=0.55, strength=0.1)",M2 Modified Gabor,"{""detail_clip"": 0.1, ""frequencies"": [0.075, 0.095, 0.115, 0.14], ""gamma"": 0.5, ""orientation_bins"": 12, ""orientation_offset"": 1.5707963267948966, ""sigma_scale"": 0.55, ""strength"": 0.1}",27.00724258759245,0.8884813020378352,0.0019919376539917696,27.00922058381256,0.8885858181835711,0.001991030631636447,0.0019779962201091905,0.00010451614573592227,-9.070223553225322e-07,0.00014977432147134095,0.005018300005758647
29__F_Right_index_finger.BMP,29,"M2 Modified Gabor (detail_clip=0.1, frequencies=0.075/0.095/0.115/0.14, gamma=0.5, orientation_bins=12, orientation_offset=1.5708, sigma_scale=0.55, strength=0.1)",M2 Modified Gabor,"{""detail_clip"": 0.1, ""frequencies"": [0.075, 0.095, 0.115, 0.14], ""gamma"": 0.5, ""orientation_bins"": 12, ""orientation_offset"": 1.5707963267948966, ""sigma_scale"": 0.55, ""strength"": 0.1}",27.13446795737326,0.8550214416386783,0.001934430826082868,27.140458558971687,0.8552338515551984,0.0019317643368439291,0.005990601598426792,0.00021240991652005103,-2.6664892389387674e-06,0.00021638631005771458,0.3991502999997465
29__F_Right_little_finger.BMP,29,"M2 Modified Gabor (detail_clip=0.1, frequencies=0.075/0.095/0.115/0.14, gamma=0.5, orientation_bins=12, orientation_offset=1.5708, sigma_scale=0.55, strength=0.1)",M2 Modified Gabor,"{""detail_clip"": 0.1, ""frequencies"": [0.075, 0.095, 0.115, 0.14], ""gamma"": 0.5, ""orientation_bins"": 12, ""orientation_offset"": 1.5707963267948966, ""sigma_scale"": 0.55, ""strength"": 0.1}",27.241294751244425,0.8476442870678902,0.0018874285708654986,27.247114002295426,0.8478758199341297,0.0018849012383943813,0.0058192510510011175,0.00023153286623955882,-2.5273324711172582e-06,0.0001761121820891276,0.00428029999602586
29__F_Right_middle_finger.BMP,29,"M2 Modified Gabor (detail_clip=0.1, frequencies=0.075/0.095/0.115/0.14, gamma=0.5, orientation_bins=12, orientation_offset=1.5708, sigma_scale=0.55, strength=0.1)",M2 Modified Gabor,"{""detail_clip"": 0.1, ""frequencies"": [0.075, 0.095, 0.115, 0.14], ""gamma"": 0.5, ""orientation_bins"": 12, ""orientation_offset"": 1.5707963267948966, ""sigma_scale"": 0.55, ""strength"": 0.1}",27.250855791884682,0.83831398543185,0.0018832779466694744,27.257017792611933,0.8385713733172119,0.001880607746672103,0.006162000727250927,0.0002573878853618927,-2.670199997371501e-06,0.00016667404270265251,0.0029313999984879047
29__F_Right_ring_finger.BMP,29,"M2 Modified Gabor (detail_clip=0.1, frequencies=0.075/0.095/0.115/0.14, gamma=0.5, orientation_bins=12, orientation_offset=1.5708, sigma_scale=0.55, strength=0.1)",M2 Modified Gabor,"{""detail_clip"": 0.1, ""frequencies"": [0.075, 0.095, 0.115, 0.14], ""gamma"": 0.5, ""orientation_bins"": 12, ""orientation_offset"": 1.5707963267948966, ""sigma_scale"": 0.55, ""strength"": 0.1}",26.977191599302174,0.8919698833798766,0.002005768654746689,26.982625630782916,0.892215069947958,0.0020032605422873454,0.005434031480742618,0.00024518656808136807,-2.508112459343511e-06,0.00019476734451018274,0.0023319999963860027
29__F_Right_thumb_finger.BMP,29,"M2 Modified Gabor (detail_clip=0.1, frequencies=0.075/0.095/0.115/0.14, gamma=0.5, orientation_bins=12, orientation_offset=1.5708, sigma_scale=0.55, strength=0.1)",M2 Modified Gabor,"{""detail_clip"": 0.1, ""frequencies"": [0.075, 0.095, 0.115, 0.14], ""gamma"": 0.5, ""orientation_bins"": 12, ""orientation_offset"": 1.5707963267948966, ""sigma_scale"": 0.55, ""strength"": 0.1}",26.97520674425169,0.9095325257153511,0.0020066855602344016,26.97827982014188,0.9096619283843934,0.0020052661280282468,0.0030730758901889033,0.00012940266904226672,-1.4194322061548796e-06,0.0001651490165386349,0.005225599998084363
236__M_Left_index_finger.BMP,236,"M2 Modified Gabor (detail_clip=0.1, frequencies=0.075/0.095/0.115/0.14, gamma=0.5, orientation_bins=12, orientation_offset=1.5708, sigma_scale=0.55, strength=0.1)",M2 Modified Gabor,"{""detail_clip"": 0.1, ""frequencies"": [0.075, 0.095, 0.115, 0.14], ""gamma"": 0.5, ""orientation_bins"": 12, ""orientation_offset"": 1.5707963267948966, ""sigma_scale"": 0.55, ""strength"": 0.1}",27.230110186596267,0.8644258776392341,0.0018922956078444896,27.238680553269937,0.8647664651586413,0.0018885650341349091,0.008570366673669838,0.00034058751940724274,-3.7305737095804595e-06,0.00025566836120560765,0.002243400005681906
236__M_Left_little_finger.BMP,236,"M2 Modified Gabor (detail_clip=0.1, frequencies=0.075/0.095/0.115/0.14, gamma=0.5, orientation_bins=12, orientation_offset=1.5708, sigma_scale=0.55, strength=0.1)",M2 Modified Gabor,"{""detail_clip"": 0.1, ""frequencies"": [0.075, 0.095, 0.115, 0.14], ""gamma"": 0.5, ""orientation_bins"": 12, ""orientation_offset"": 1.5707963267948966, ""sigma_scale"": 0.55, ""strength"": 0.1}",27.487337971316265,0.8122688657089174,0.001783471619891689,27.49846406530738,0.8127203124049008,0.0017789084311736825,0.011126093991116193,0.00045144669598340403,-4.563188718006463e-06,0.0001996711071114987,0.002700500001083128
236__M_Left_middle_finger.BMP,236,"M2 Modified Gabor (detail_clip=0.1, frequencies=0.075/0.095/0.115/0.14, gamma=0.5, orientation_bins=12, orientation_offset=1.5708, sigma_scale=0.55, strength=0.1)",M2 Modified Gabor,"{""detail_clip"": 0.1, ""frequencies"": [0.075, 0.095, 0.115, 0.14], ""gamma"": 0.5, ""orientation_bins"": 12, ""orientation_offset"": 1.5707963267948966, ""sigma_scale"": 0.55, ""strength"": 0.1}",27.268425888389103,0.8386161139320135,0.0018756742278643796,27.275158537785188,0.8388871571991444,0.0018727687169580657,0.006732649396084867,0.0002710432671308993,-2.905510906313878e-06,0.00017215368279721588,0.0017337000026600435
236__M_Left_ring_finger.BMP,236,"M2 Modified Gabor (detail_clip=0.1, frequencies=0.075/0.095/0.115/0.14, gamma=0.5, orientation_bins=12, orientation_offset=1.5708, sigma_scale=0.55, strength=0.1)",M2 Modified Gabor,"{""detail_clip"": 0.1, ""frequencies"": [0.075, 0.095, 0.115, 0.14], ""gamma"": 0.5, ""orientation_bins"": 12, ""orientation_offset"": 1.5707963267948966, ""sigma_scale"": 0.55, ""strength"": 0.1}",27.080380833903757,0.8716979291836321,0.00195867290946392,27.0906496246578,0.8721136576611995,0.0019540471444050283,0.010268790754043522,0.00041572847756743414,-4.6257650588915275e-06,0.0002555685641709715,0.0028626999992411584
236__M_Left_thumb_finger.BMP,236,"M2 Modified Gabor (detail_clip=0.1, frequencies=0.075/0.095/0.115/0.14, gamma=0.5, orientation_bins=12, orientation_offset=1.5708, sigma_scale=0.55, strength=0.1)",M2 Modified Gabor,"{""detail_clip"": 0.1, ""frequencies"": [0.075, 0.095, 0.115, 0.14], ""gamma"": 0.5, ""orientation_bins"": 12, ""orientation_offset"": 1.5707963267948966, ""sigma_scale"": 0.55, ""strength"": 0.1}",27.252487499118946,0.8528684914248585,0.0018825705047901583,27.260481597408397,0.8531689223076702,0.0018791084273427985,0.007994098289451301,0.0003004308828116198,-3.4620774473598064e-06,0.0002981066645588726,0.0020550999979604967
236__M_Right_index_finger.BMP,236,"M2 Modified Gabor (detail_clip=0.1, frequencies=0.075/0.095/0.115/0.14, gamma=0.5, orientation_bins=12, orientation_offset=1.5708, sigma_scale=0.55, strength=0.1)",M2 Modified Gabor,"{""detail_clip"": 0.1, ""frequencies"": [0.075, 0.095, 0.115, 0.14], ""gamma"": 0.5, ""orientation_bins"": 12, ""orientation_offset"": 1.5707963267948966, ""sigma_scale"": 0.55, ""strength"": 0.1}",27.53921246464294,0.857044079580307,0.0017622955863351969,27.54902761889218,0.8573225238659382,0.0017583172554070778,0.009815154249238844,0.0002784442856311742,-3.978330928119077e-06,0.0002456562942825258,0.0027025000017601997
236__M_Right_little_finger.BMP,236,"M2 Modified Gabor (detail_clip=0.1, frequencies=0.075/0.095/0.115/0.14, gamma=0.5, orientation_bins=12, orientation_offset=1.5708, sigma_scale=0.55, strength=0.1)",M2 Modified Gabor,"{""detail_clip"": 0.1, ""frequencies"": [0.075, 0.095, 0.115, 0.14], ""gamma"": 0.5, ""orientation_bins"": 12, ""orientation_offset"": 1.5707963267948966, ""sigma_scale"": 0.55, ""strength"": 0.1}",27.254971723082324,0.8556590841823817,0.0018814939565873446,27.261974429217975,0.855930863542676,0.0018784626188231217,0.007002706135651238,0.0002717793602943219,-3.031337764222968e-06,0.00020513041818048805,0.0018514999974286184
236__M_Right_middle_finger.BMP,236,"M2 Modified Gabor (detail_clip=0.1, frequencies=0.075/0.095/0.115/0.14, gamma=0.5, orientation_bins=12, orientation_offset=1.5708, sigma_scale=0.55, strength=0.1)",M2 Modified Gabor,"{""detail_clip"": 0.1, ""frequencies"": [0.075, 0.095, 0.115, 0.14], ""gamma"": 0.5, ""orientation_bins"": 12, ""orientation_offset"": 1.5707963267948966, ""sigma_scale"": 0.55, ""strength"": 0.1}",27.369746618381576,0.870484657946229,0.0018324213287117393,27.37536225820811,0.8706329680236577,0.0018300534496319555,0.0056156398265336804,0.00014831007742877045,-2.3678790797838738e-06,0.0001694958336884156,0.004057500002090819
236__M_Right_ring_finger.BMP,236,"M2 Modified Gabor (detail_clip=0.1, frequencies=0.075/0.095/0.115/0.14, gamma=0.5, orientation_bins=12, orientation_offset=1.5708, sigma_scale=0.55, strength=0.1)",M2 Modified Gabor,"{""detail_clip"": 0.1, ""frequencies"": [0.075, 0.095, 0.115, 0.14], ""gamma"": 0.5, ""orientation_bins"": 12, ""orientation_offset"": 1.5707963267948966, ""sigma_scale"": 0.55, ""strength"": 0.1}",27.35531229242566,0.8474338980606199,0.001838521744710349,27.360684118939574,0.8476517784841359,0.0018362490668864194,0.005371826513915323,0.00021788042351600367,-2.2726778239295746e-06,0.0001873791916295886,0.0032780000037746504
236__M_Right_thumb_finger.BMP,236,"M2 Modified Gabor (detail_clip=0.1, frequencies=0.075/0.095/0.115/0.14, gamma=0.5, orientation_bins=12, orientation_offset=1.5708, sigma_scale=0.55, strength=0.1)",M2 Modified Gabor,"{""detail_clip"": 0.1, ""frequencies"": [0.075, 0.095, 0.115, 0.14], ""gamma"": 0.5, ""orientation_bins"": 12, ""orientation_offset"": 1.5707963267948966, ""sigma_scale"": 0.55, ""strength"": 0.1}",27.43324241478733,0.8936245013394952,0.0018058254049184786,27.440716496080736,0.8938959578604698,0.0018027203047557693,0.0074740812934059875,0.00027145652097460005,-3.1051001627092813e-06,0.0003016956616193056,0.003620000003138557
71__M_Left_index_finger.BMP,71,"M2 Modified Gabor (detail_clip=0.1, frequencies=0.075/0.095/0.115/0.14, gamma=0.5, orientation_bins=12, orientation_offset=1.5708, sigma_scale=0.55, strength=0.1)",M2 Modified Gabor,"{""detail_clip"": 0.1, ""frequencies"": [0.075, 0.095, 0.115, 0.14], ""gamma"": 0.5, ""orientation_bins"": 12, ""orientation_offset"": 1.5707963267948966, ""sigma_scale"": 0.55, ""strength"": 0.1}",27.400723074409225,0.852191063885957,0.0018193979144903785,27.413464966928665,0.8526537287082672,0.0018140677528460155,0.012741892519439801,0.0004626648223101659,-5.330161644363047e-06,0.00026233610697090626,0.002011500000662636
71__M_Left_little_finger.BMP,71,"M2 Modified Gabor (detail_clip=0.1, frequencies=0.075/0.095/0.115/0.14, gamma=0.5, orientation_bins=12, orientation_offset=1.5708, sigma_scale=0.55, strength=0.1)",M2 Modified Gabor,"{""detail_clip"": 0.1, ""frequencies"": [0.075, 0.095, 0.115, 0.14], ""gamma"": 0.5, ""orientation_bins"": 12, ""orientation_offset"": 1.5707963267948966, ""sigma_scale"": 0.55, ""strength"": 0.1}",27.71066654139068,0.7914544510637522,0.0016940777788120003,27.718809696555336,0.7917544162054062,0.0016909043069597393,0.00814315516465669,0.00029996514165397947,-3.1734718522610176e-06,0.00017427012789994478,0.4701917999991565
71__M_Left_middle_finger.BMP,71,"M2 Modified Gabor (detail_clip=0.1, frequencies=0.075/0.095/0.115/0.14, gamma=0.5, orientation_bins=12, orientation_offset=1.5708, sigma_scale=0.55, strength=0.1)",M2 Modified Gabor,"{""detail_clip"": 0.1, ""frequencies"": [0.075, 0.095, 0.115, 0.14], ""gamma"": 0.5, ""orientation_bins"": 12, ""orientation_offset"": 1.5707963267948966, ""sigma_scale"": 0.55, ""strength"": 0.1}",27.324002819836846,0.8594442137144804,0.0018518240412643122,27.33313091622323,0.8597570863363743,0.0018479359244969404,0.009128096386383788,0.0003128726218938338,-3.888116767371882e-06,0.00023499689996242523,0.0015866000030655414
71__M_Left_ring_finger.BMP,71,"M2 Modified Gabor (detail_clip=0.1, frequencies=0.075/0.095/0.115/0.14, gamma=0.5, orientation_bins=12, orientation_offset=1.5708, sigma_scale=0.55, strength=0.1)",M2 Modified Gabor,"{""detail_clip"": 0.1, ""frequencies"": [0.075, 0.095, 0.115, 0.14], ""gamma"": 0.5, ""orientation_bins"": 12, ""orientation_offset"": 1.5707963267948966, ""sigma_scale"": 0.55, ""strength"": 0.1}",27.206743096008278,0.8708310496015549,0.0019025044899998523,27.21466591553769,0.8710982447398304,0.001899036921398591,0.007922819529412095,0.0002671951382755555,-3.4675686012611805e-06,0.00021100978483445942,0.002078199999232311
71__M_Left_thumb_finger.BMP,71,"M2 Modified Gabor (detail_clip=0.1, frequencies=0.075/0.095/0.115/0.14, gamma=0.5, orientation_bins=12, orientation_offset=1.5708, sigma_scale=0.55, strength=0.1)",M2 Modified Gabor,"{""detail_clip"": 0.1, ""frequencies"": [0.075, 0.095, 0.115, 0.14], ""gamma"": 0.5, ""orientation_bins"": 12, ""orientation_offset"": 1.5707963267948966, ""sigma_scale"": 0.55, ""strength"": 0.1}",27.216405175825415,0.8884816764104366,0.0018982765483447198,27.22560018065314,0.8887717784577608,0.0018942617155443783,0.009195004827724063,0.0002901020473241589,-4.014832800341593e-06,0.00026865521795116365,0.0036078999983146787
71__M_Right_index_finger.BMP,71,"M2 Modified Gabor (detail_clip=0.1, frequencies=0.075/0.095/0.115/0.14, gamma=0.5, orientation_bins=12, orientation_offset=1.5708, sigma_scale=0.55, strength=0.1)",M2 Modified Gabor,"{""detail_clip"": 0.1, ""frequencies"": [0.075, 0.095, 0.115, 0.14], ""gamma"": 0.5, ""orientation_bins"": 12, ""orientation_offset"": 1.5707963267948966, ""sigma_scale"": 0.55, ""strength"": 0.1}",27.699973363822046,0.8149432333825231,0.0016982540681729117,27.70749035206981,0.8151944016774296,0.0016953171866403549,0.007516988247765255,0.00025116829490656745,-2.9368815325568447e-06,0.00020739946921821684,0.0012166999949840829
71__M_Right_little_finger.BMP,71,"M2 Modified Gabor (detail_clip=0.1, frequencies=0.075/0.095/0.115/0.14, gamma=0.5, orientation_bins=12, orientation_offset=1.5708, sigma_scale=0.55, strength=0.1)",M2 Modified Gabor,"{""detail_clip"": 0.1, ""frequencies"": [0.075, 0.095, 0.115, 0.14], ""gamma"": 0.5, ""orientation_bins"": 12, ""orientation_offset"": 1.5707963267948966, ""sigma_scale"": 0.55, ""strength"": 0.1}",27.569618878214843,0.8136471458607912,0.0017500002558434424,27.58478208187547,0.814182160204947,0.001743900859860256,0.015163203660627289,0.0005350143441558153,-6.099395983186423e-06,0.00029458507196977735,0.002907899994170293
71__M_Right_middle_finger.BMP,71,"M2 Modified Gabor (detail_clip=0.1, frequencies=0.075/0.095/0.115/0.14, gamma=0.5, orientation_bins=12, orientation_offset=1.5708, sigma_scale=0.55, strength=0.1)",M2 Modified Gabor,"{""detail_clip"": 0.1, ""frequencies"": [0.075, 0.095, 0.115, 0.14], ""gamma"": 0.5, ""orientation_bins"": 12, ""orientation_offset"": 1.5707963267948966, ""sigma_scale"": 0.55, ""strength"": 0.1}",27.378813624145167,0.8729499959701598,0.0018285996722272328,27.387625097565547,0.8732313935176432,0.0018248933569255284,0.008811473420379912,0.000281397547483464,-3.706315301704472e-06,0.00026273884577676654,0.002338800004508812
71__M_Right_ring_finger.BMP,71,"M2 Modified Gabor (detail_clip=0.1, frequencies=0.075/0.095/0.115/0.14, gamma=0.5, orientation_bins=12, orientation_offset=1.5708, sigma_scale=0.55, strength=0.1)",M2 Modified Gabor,"{""detail_clip"": 0.1, ""frequencies"": [0.075, 0.095, 0.115, 0.14], ""gamma"": 0.5, ""orientation_bins"": 12, ""orientation_offset"": 1.5707963267948966, ""sigma_scale"": 0.55, ""strength"": 0.1}",27.672722631596756,0.8099496431675554,0.0017089436269009956,27.683753643959502,0.8103226584180594,0.0017046084446195502,0.011031012362746395,0.0003730152505040385,-4.3351822814454224e-06,0.00021686527179554105,0.002719199997955002
71__M_Right_thumb_finger.BMP,71,"M2 Modified Gabor (detail_clip=0.1, frequencies=0.075/0.095/0.115/0.14, gamma=0.5, orientation_bins=12, orientation_offset=1.5708, sigma_scale=0.55, strength=0.1)",M2 Modified Gabor,"{""detail_clip"": 0.1, ""frequencies"": [0.075, 0.095, 0.115, 0.14], ""gamma"": 0.5, ""orientation_bins"": 12, ""orientation_offset"": 1.5707963267948966, ""sigma_scale"": 0.55, ""strength"": 0.1}",27.40409092316142,0.8698846017852724,0.0018179875622943683,27.411997885820554,0.8700923999916017,0.0018146806627974276,0.00790696265913482,0.00020779820632932378,-3.3068994969407024e-06,0.00022714301303494722,0.0029537999944295734
470__F_Left_index_finger.BMP,470,"M2 Modified Gabor (detail_clip=0.1, frequencies=0.075/0.095/0.115/0.14, gamma=0.5, orientation_bins=12, orientation_offset=1.5708, sigma_scale=0.55, strength=0.1)",M2 Modified Gabor,"{""detail_clip"": 0.1, ""frequencies"": [0.075, 0.095, 0.115, 0.14], ""gamma"": 0.5, ""orientation_bins"": 12, ""orientation_offset"": 1.5707963267948966, ""sigma_scale"": 0.55, ""strength"": 0.1}",28.133949643174056,0.7459431124183834,0.0015367564184578272,28.15125585073869,0.746447918191731,0.0015306447806405232,0.017306207564633524,0.0005048057733475497,-6.111637817304014e-06,0.0002493639476597309,0.0023599000051035546
470__F_Left_little_finger.BMP,470,"M2 Modified Gabor (detail_clip=0.1, frequencies=0.075/0.095/0.115/0.14, gamma=0.5, orientation_bins=12, orientation_offset=1.5708, sigma_scale=0.55, strength=0.1)",M2 Modified Gabor,"{""detail_clip"": 0.1, ""frequencies"": [0.075, 0.095, 0.115, 0.14], ""gamma"": 0.5, ""orientation_bins"": 12, ""orientation_offset"": 1.5707963267948966, ""sigma_scale"": 0.55, ""strength"": 0.1}",28.327626771703812,0.7130688598952889,0.0014697292005971575,28.343448181566778,0.7135377281531989,0.0014643846971376035,0.015821409862965652,0.00046886825791003783,-5.344503459554003e-06,0.0002055641234619543,0.003819500001554843
470__F_Left_middle_finger.BMP,470,"M2 Modified Gabor (detail_clip=0.1, frequencies=0.075/0.095/0.115/0.14, gamma=0.5, orientation_bins=12, orientation_offset=1.5708, sigma_scale=0.55, strength=0.1)",M2 Modified Gabor,"{""detail_clip"": 0.1, ""frequencies"": [0.075, 0.095, 0.115, 0.14], ""gamma"": 0.5, ""orientation_bins"": 12, ""orientation_offset"": 1.5707963267948966, ""sigma_scale"": 0.55, ""strength"": 0.1}",28.16470653625059,0.7449561038237215,0.001525911501017648,28.18335329651836,0.7456004523177147,0.0015193739300247617,0.01864676026776735,0.0006443484939931965,-6.537570992886255e-06,0.0002685617655515671,0.5266191999980947
470__F_Left_ring_finger.BMP,470,"M2 Modified Gabor (detail_clip=0.1, frequencies=0.075/0.095/0.115/0.14, gamma=0.5, orientation_bins=12, orientation_offset=1.5708, sigma_scale=0.55, strength=0.1)",M2 Modified Gabor,"{""detail_clip"": 0.1, ""frequencies"": [0.075, 0.095, 0.115, 0.14], ""gamma"": 0.5, ""orientation_bins"": 12, ""orientation_offset"": 1.5707963267948966, ""sigma_scale"": 0.55, ""strength"": 0.1}",28.377701313850427,0.7209687273773551,0.0014528804121575277,28.398887581689607,0.7215302807632089,0.0014458100585767076,0.021186267839180317,0.0005615533858538413,-7.0703535808200844e-06,0.00025015295250341296,0.0037204999971436337
470__F_Left_thumb_finger.BMP,470,"M2 Modified Gabor (detail_clip=0.1, frequencies=0.075/0.095/0.115/0.14, gamma=0.5, orientation_bins=12, orientation_offset=1.5708, sigma_scale=0.55, strength=0.1)",M2 Modified Gabor,"{""detail_clip"": 0.1, ""frequencies"": [0.075, 0.095, 0.115, 0.14], ""gamma"": 0.5, ""orientation_bins"": 12, ""orientation_offset"": 1.5707963267948966, ""sigma_scale"": 0.55, ""strength"": 0.1}",27.507522688430683,0.8424409932396412,0.0017752018064236539,27.520741396348917,0.8428480855929553,0.0017698068038203563,0.01321870791823443,0.0004070923533141535,-5.395002603297621e-06,0.00033372442703694105,0.004590800002915785
470__F_Right_index_finger.BMP,470,"M2 Modified Gabor (detail_clip=0.1, frequencies=0.075/0.095/0.115/0.14, gamma=0.5, orientation_bins=12, orientation_offset=1.5708, sigma_scale=0.55, strength=0.1)",M2 Modified Gabor,"{""detail_clip"": 0.1, ""frequencies"": [0.075, 0.095, 0.115, 0.14], ""gamma"": 0.5, ""orientation_bins"": 12, ""orientation_offset"": 1.5707963267948966, ""sigma_scale"": 0.55, ""strength"": 0.1}",28.214565289387025,0.7059878581789732,0.0015084935968839085,28.22962701009043,0.7064598493432402,0.0015032710676296018,0.015061720703403836,0.00047199116426699383,-5.222529254306652e-06,0.00023524745483882725,0.545854000003601
470__F_Right_little_finger.BMP,470,"M2 Modified Gabor (detail_clip=0.1, frequencies=0.075/0.095/0.115/0.14, gamma=0.5, orientation_bins=12, orientation_offset=1.5708, sigma_scale=0.55, strength=0.1)",M2 Modified Gabor,"{""detail_clip"": 0.1, ""frequencies"": [0.075, 0.095, 0.115, 0.14], ""gamma"": 0.5, ""orientation_bins"": 12, ""orientation_offset"": 1.5707963267948966, ""sigma_scale"": 0.55, ""strength"": 0.1}",28.225990208025095,0.7106608752552271,0.0015045304409989717,28.246668445715915,0.7112338790270686,0.0014973838868387412,0.02067823769082011,0.0005730037718414405,-7.146554160230483e-06,0.0002542567963246256,0.004090000002179295
470__F_Right_middle_finger.BMP,470,"M2 Modified Gabor (detail_clip=0.1, frequencies=0.075/0.095/0.115/0.14, gamma=0.5, orientation_bins=12, orientation_offset=1.5708, sigma_scale=0.55, strength=0.1)",M2 Modified Gabor,"{""detail_clip"": 0.1, ""frequencies"": [0.075, 0.095, 0.115, 0.14], ""gamma"": 0.5, ""orientation_bins"": 12, ""orientation_offset"": 1.5707963267948966, ""sigma_scale"": 0.55, ""strength"": 0.1}",27.99238090038815,0.7877955089430213,0.0015876761100837291,28.013221799460556,0.7883896538819075,0.0015800754305674092,0.02084089907240738,0.0005941449388862097,-7.6006795163199165e-06,0.0003121137269772589,0.0021718999996664934
470__F_Right_ring_finger.BMP,470,"M2 Modified Gabor (detail_clip=0.1, frequencies=0.075/0.095/0.115/0.14, gamma=0.5, orientation_bins=12, orientation_offset=1.5708, sigma_scale=0.55, strength=0.1)",M2 Modified Gabor,"{""detail_clip"": 0.1, ""frequencies"": [0.075, 0.095, 0.115, 0.14], ""gamma"": 0.5, ""orientation_bins"": 12, ""orientation_offset"": 1.5707963267948966, ""sigma_scale"": 0.55, ""strength"": 0.1}",28.175147109810183,0.749459243629396,0.0015222475684804621,28.19376442850304,0.7500397897188067,0.0015157359705356716,0.018617318692857765,0.0005805460894107162,-6.51159794479053e-06,0.000280489883152768,0.002336300000024494
470__F_Right_thumb_finger.BMP,470,"M2 Modified Gabor (detail_clip=0.1, frequencies=0.075/0.095/0.115/0.14, gamma=0.5, orientation_bins=12, orientation_offset=1.5708, sigma_scale=0.55, strength=0.1)",M2 Modified Gabor,"{""detail_clip"": 0.1, ""frequencies"": [0.075, 0.095, 0.115, 0.14], ""gamma"": 0.5, ""orientation_bins"": 12, ""orientation_offset"": 1.5707963267948966, ""sigma_scale"": 0.55, ""strength"": 0.1}",27.378970878121308,0.9028311878447532,0.001828533461539503,27.388111427968408,0.9030469735347628,0.0018246890136818675,0.009140549847099777,0.00021578569000957337,-3.844447857635552e-06,0.0003103280905634165,0.00232279999909224
503__M_Left_index_finger.BMP,503,"M2 Modified Gabor (detail_clip=0.1, frequencies=0.075/0.095/0.115/0.14, gamma=0.5, orientation_bins=12, orientation_offset=1.5708, sigma_scale=0.55, strength=0.1)",M2 Modified Gabor,"{""detail_clip"": 0.1, ""frequencies"": [0.075, 0.095, 0.115, 0.14], ""gamma"": 0.5, ""orientation_bins"": 12, ""orientation_offset"": 1.5707963267948966, ""sigma_scale"": 0.55, ""strength"": 0.1}",27.558826483469133,0.8253404413299561,0.0017543544857281078,27.570949629274082,0.8257537778612971,0.0017494641085899823,0.012123145804949331,0.0004133365313410131,-4.8903771381254325e-06,0.00025991760776378214,0.0018444000015733764
503__M_Left_little_finger.BMP,503,"M2 Modified Gabor (detail_clip=0.1, frequencies=0.075/0.095/0.115/0.14, gamma=0.5, orientation_bins=12, orientation_offset=1.5708, sigma_scale=0.55, strength=0.1)",M2 Modified Gabor,"{""detail_clip"": 0.1, ""frequencies"": [0.075, 0.095, 0.115, 0.14], ""gamma"": 0.5, ""orientation_bins"": 12, ""orientation_offset"": 1.5707963267948966, ""sigma_scale"": 0.55, ""strength"": 0.1}",27.795892542403124,0.7767085953725874,0.0016611572491486452,27.809227351173675,0.7771844014890193,0.0016560645659986946,0.013334808770551376,0.0004758061164319427,-5.092683149950615e-06,0.00024991732789203525,0.0034181000009994023
503__M_Left_middle_finger.BMP,503,"M2 Modified Gabor (detail_clip=0.1, frequencies=0.075/0.095/0.115/0.14, gamma=0.5, orientation_bins=12, orientation_offset=1.5708, sigma_scale=0.55, strength=0.1)",M2 Modified Gabor,"{""detail_clip"": 0.1, ""frequencies"": [0.075, 0.095, 0.115, 0.14], ""gamma"": 0.5, ""orientation_bins"": 12, ""orientation_offset"": 1.5707963267948966, ""sigma_scale"": 0.55, ""strength"": 0.1}",27.554136114835103,0.8208168461535275,0.0017562502073207595,27.56542731994533,0.8212541967277527,0.0017516900698422574,0.011291205110225633,0.00043735057422522594,-4.560137478502131e-06,0.0002468096208758652,0.0036669999972218648
503__M_Left_ring_finger.BMP,503,"M2 Modified Gabor (detail_clip=0.1, frequencies=0.075/0.095/0.115/0.14, gamma=0.5, orientation_bins=12, orientation_offset=1.5708, sigma_scale=0.55, strength=0.1)",M2 Modified Gabor,"{""detail_clip"": 0.1, ""frequencies"": [0.075, 0.095, 0.115, 0.14], ""gamma"": 0.5, ""orientation_bins"": 12, ""orientation_offset"": 1.5707963267948966, ""sigma_scale"": 0.55, ""strength"": 0.1}",27.62301142125986,0.8177495028933287,0.0017286173110234886,27.633351295682623,0.8181227133694291,0.0017245066381249836,0.010339874422761852,0.00037321047610039404,-4.110672898505023e-06,0.0002280005719512701,0.003069300000788644
503__M_Left_thumb_finger.BMP,503,"M2 Modified Gabor (detail_clip=0.1, frequencies=0.075/0.095/0.115/0.14, gamma=0.5, orientation_bins=12, orientation_offset=1.5708, sigma_scale=0.55, strength=0.1)",M2 Modified Gabor,"{""detail_clip"": 0.1, ""frequencies"": [0.075, 0.095, 0.115, 0.14], ""gamma"": 0.5, ""orientation_bins"": 12, ""orientation_offset"": 1.5707963267948966, ""sigma_scale"": 0.55, ""strength"": 0.1}",27.846020264971038,0.7823283968015909,0.0016420938459679472,27.856998808863082,0.7826798716779947,0.0016379480340739383,0.010978543892044001,0.00035147487640374564,-4.145811894008941e-06,0.0002495146472938359,0.005062199998064898
503__M_Right_index_finger.BMP,503,"M2 Modified Gabor (detail_clip=0.1, frequencies=0.075/0.095/0.115/0.14, gamma=0.5, orientation_bins=12, orientation_offset=1.5708, sigma_scale=0.55, strength=0.1)",M2 Modified Gabor,"{""detail_clip"": 0.1, ""frequencies"": [0.075, 0.095, 0.115, 0.14], ""gamma"": 0.5, ""orientation_bins"": 12, ""orientation_offset"": 1.5707963267948966, ""sigma_scale"": 0.55, ""strength"": 0.1}",27.79343889482849,0.8155751483942568,0.0016620960236962943,27.807860849967796,0.8160149498566389,0.001656585726267857,0.014421955139304998,0.0004398014623820945,-5.510297428437368e-06,0.00026386085664853454,0.004590700002154335
503__M_Right_little_finger.BMP,503,"M2 Modified Gabor (detail_clip=0.1, frequencies=0.075/0.095/0.115/0.14, gamma=0.5, orientation_bins=12, orientation_offset=1.5708, sigma_scale=0.55, strength=0.1)",M2 Modified Gabor,"{""detail_clip"": 0.1, ""frequencies"": [0.075, 0.095, 0.115, 0.14], ""gamma"": 0.5, ""orientation_bins"": 12, ""orientation_offset"": 1.5707963267948966, ""sigma_scale"": 0.55, ""strength"": 0.1}",27.991153400585176,0.7409707042609454,0.0015881249178941682,28.001446504154707,0.7413313141989708,0.0015843654001600114,0.010293103569530615,0.00036060993802544683,-3.759517734156859e-06,0.0002022587286774069,0.002293199999257922
503__M_Right_middle_finger.BMP,503,"M2 Modified Gabor (detail_clip=0.1, frequencies=0.075/0.095/0.115/0.14, gamma=0.5, orientation_bins=12, orientation_offset=1.5708, sigma_scale=0.55, strength=0.1)",M2 Modified Gabor,"{""detail_clip"": 0.1, ""frequencies"": [0.075, 0.095, 0.115, 0.14], ""gamma"": 0.5, ""orientation_bins"": 12, ""orientation_offset"": 1.5707963267948966, ""sigma_scale"": 0.55, ""strength"": 0.1}",27.683429520839404,0.7966362979086637,0.0017047356678858785,27.690870677407343,0.7969209249646664,0.0017018172923608508,0.007441156567939089,0.0002846270560026287,-2.918375525027715e-06,0.00020281909382902086,0.0023615000027348287
503__M_Right_ring_finger.BMP,503,"M2 Modified Gabor (detail_clip=0.1, frequencies=0.075/0.095/0.115/0.14, gamma=0.5, orientation_bins=12, orientation_offset=1.5708, sigma_scale=0.55, strength=0.1)",M2 Modified Gabor,"{""detail_clip"": 0.1, ""frequencies"": [0.075, 0.095, 0.115, 0.14], ""gamma"": 0.5, ""orientation_bins"": 12, ""orientation_offset"": 1.5707963267948966, ""sigma_scale"": 0.55, ""strength"": 0.1}",27.555357865597834,0.8240069340211749,0.0017557562111187638,27.565055908742238,0.8243388913211822,0.001751839881816371,0.009698043144403812,0.00033195730000734613,-3.916329302392722e-06,0.0002531021018512547,0.0013032999995630234
503__M_Right_thumb_finger.BMP,503,"M2 Modified Gabor (detail_clip=0.1, frequencies=0.075/0.095/0.115/0.14, gamma=0.5, orientation_bins=12, orientation_offset=1.5708, sigma_scale=0.55, strength=0.1)",M2 Modified Gabor,"{""detail_clip"": 0.1, ""frequencies"": [0.075, 0.095, 0.115, 0.14], ""gamma"": 0.5, ""orientation_bins"": 12, ""orientation_offset"": 1.5707963267948966, ""sigma_scale"": 0.55, ""strength"": 0.1}",27.817514338954645,0.7458579296948016,0.0016529075602801694,27.823589782431828,0.7460613329870402,0.0016505968872103306,0.006075443477183029,0.0002034032922386686,-2.310673069838738e-06,0.00015424637240357697,0.4677120999986073
506__M_Left_index_finger.BMP,506,"M2 Modified Gabor (detail_clip=0.1, frequencies=0.075/0.095/0.115/0.14, gamma=0.5, orientation_bins=12, orientation_offset=1.5708, sigma_scale=0.55, strength=0.1)",M2 Modified Gabor,"{""detail_clip"": 0.1, ""frequencies"": [0.075, 0.095, 0.115, 0.14], ""gamma"": 0.5, ""orientation_bins"": 12, ""orientation_offset"": 1.5707963267948966, ""sigma_scale"": 0.55, ""strength"": 0.1}",27.643579359755208,0.8132179812993109,0.001720450033361916,27.65657616125712,0.813575088401556,0.001715309069384523,0.012996801501913069,0.00035710710224512443,-5.140963977392967e-06,0.00028381706215441227,0.0026415000029373914
506__M_Left_little_finger.BMP,506,"M2 Modified Gabor (detail_clip=0.1, frequencies=0.075/0.095/0.115/0.14, gamma=0.5, orientation_bins=12, orientation_offset=1.5708, sigma_scale=0.55, strength=0.1)",M2 Modified Gabor,"{""detail_clip"": 0.1, ""frequencies"": [0.075, 0.095, 0.115, 0.14], ""gamma"": 0.5, ""orientation_bins"": 12, ""orientation_offset"": 1.5707963267948966, ""sigma_scale"": 0.55, ""strength"": 0.1}",27.710191280563457,0.80468445682019,0.0016942631767149123,27.727856852036403,0.805275146948278,0.001687385507684858,0.01766557147294634,0.0005906901280879895,-6.877669030054415e-06,0.0003186349058523774,0.004641199993784539
506__M_Left_middle_finger.BMP,506,"M2 Modified Gabor (detail_clip=0.1, frequencies=0.075/0.095/0.115/0.14, gamma=0.5, orientation_bins=12, orientation_offset=1.5708, sigma_scale=0.55, strength=0.1)",M2 Modified Gabor,"{""detail_clip"": 0.1, ""frequencies"": [0.075, 0.095, 0.115, 0.14], ""gamma"": 0.5, ""orientation_bins"": 12, ""orientation_offset"": 1.5707963267948966, ""sigma_scale"": 0.55, ""strength"": 0.1}",27.570809542457887,0.8419147579144239,0.0017495205405318789,27.586008949447777,0.842363718013525,0.0017434082832040844,0.015199406989889752,0.00044896009910111445,-6.112257327794447e-06,0.00031228861189447343,0.005809500005852897
506__M_Left_ring_finger.BMP,506,"M2 Modified Gabor (detail_clip=0.1, frequencies=0.075/0.095/0.115/0.14, gamma=0.5, orientation_bins=12, orientation_offset=1.5708, sigma_scale=0.55, strength=0.1)",M2 Modified Gabor,"{""detail_clip"": 0.1, ""frequencies"": [0.075, 0.095, 0.115, 0.14], ""gamma"": 0.5, ""orientation_bins"": 12, ""orientation_offset"": 1.5707963267948966, ""sigma_scale"": 0.55, ""strength"": 0.1}",27.694589395511755,0.8118410489529371,0.0017003607069476518,27.708939132434132,0.8123261991924048,0.0016947517333081074,0.014349736922376621,0.0004851502394677132,-5.6089736395444675e-06,0.0002531095815356821,0.006293799997365568
506__M_Left_thumb_finger.BMP,506,"M2 Modified Gabor (detail_clip=0.1, frequencies=0.075/0.095/0.115/0.14, gamma=0.5, orientation_bins=12, orientation_offset=1.5708, sigma_scale=0.55, strength=0.1)",M2 Modified Gabor,"{""detail_clip"": 0.1, ""frequencies"": [0.075, 0.095, 0.115, 0.14], ""gamma"": 0.5, ""orientation_bins"": 12, ""orientation_offset"": 1.5707963267948966, ""sigma_scale"": 0.55, ""strength"": 0.1}",27.534055045008536,0.8642787358059884,0.0017643896255386013,27.54517880149168,0.8646281100493669,0.0017598762072122747,0.01112375648314412,0.00034937424337855294,-4.51341832632653e-06,0.00026329566026106477,0.002311700001882855
506__M_Right_index_finger.BMP,506,"M2 Modified Gabor (detail_clip=0.1, frequencies=0.075/0.095/0.115/0.14, gamma=0.5, orientation_bins=12, orientation_offset=1.5708, sigma_scale=0.55, strength=0.1)",M2 Modified Gabor,"{""detail_clip"": 0.1, ""frequencies"": [0.075, 0.095, 0.115, 0.14], ""gamma"": 0.5, ""orientation_bins"": 12, ""orientation_offset"": 1.5707963267948966, ""sigma_scale"": 0.55, ""strength"": 0.1}",27.299857493641092,0.8645324024113417,0.001862148238892479,27.30899084822205,0.864861455514133,0.0018582361954394132,0.009133354580956876,0.00032905310279129907,-3.912043453065811e-06,0.00028945872327312827,0.0022793999960413203
506__M_Right_little_finger.BMP,506,"M2 Modified Gabor (detail_clip=0.1, frequencies=0.075/0.095/0.115/0.14, gamma=0.5, orientation_bins=12, orientation_offset=1.5708, sigma_scale=0.55, strength=0.1)",M2 Modified Gabor,"{""detail_clip"": 0.1, ""frequencies"": [0.075, 0.095, 0.115, 0.14], ""gamma"": 0.5, ""orientation_bins"": 12, ""orientation_offset"": 1.5707963267948966, ""sigma_scale"": 0.55, ""strength"": 0.1}",27.85389854846535,0.7702839099378586,0.0016391177192953534,27.86890830186651,0.7707787326107621,0.0016334625043094289,0.01500975340116284,0.0004948226729035721,-5.655214985924488e-06,0.0002934153308160603,0.001979900000151247
506__M_Right_middle_finger.BMP,506,"M2 Modified Gabor (detail_clip=0.1, frequencies=0.075/0.095/0.115/0.14, gamma=0.5, orientation_bins=12, orientation_offset=1.5708, sigma_scale=0.55, strength=0.1)",M2 Modified Gabor,"{""detail_clip"": 0.1, ""frequencies"": [0.075, 0.095, 0.115, 0.14], ""gamma"": 0.5, ""orientation_bins"": 12, ""orientation_offset"": 1.5707963267948966, ""sigma_scale"": 0.55, ""strength"": 0.1}",27.119787705399837,0.8907959406009912,0.0019409807555337767,27.127622891914058,0.8910613324462175,0.0019374821533981567,0.007835186514220993,0.0002653918452263371,-3.49860213562001e-06,0.00030143201001919806,0.002165500001865439
506__M_Right_ring_finger.BMP,506,"M2 Modified Gabor (detail_clip=0.1, frequencies=0.075/0.095/0.115/0.14, gamma=0.5, orientation_bins=12, orientation_offset=1.5708, sigma_scale=0.55, strength=0.1)",M2 Modified Gabor,"{""detail_clip"": 0.1, ""frequencies"": [0.075, 0.095, 0.115, 0.14], ""gamma"": 0.5, ""orientation_bins"": 12, ""orientation_offset"": 1.5707963267948966, ""sigma_scale"": 0.55, ""strength"": 0.1}",27.36860944686921,0.8716563114051818,0.0018329011989969962,27.37665187082304,0.8719236085937023,0.0018295101064064504,0.008042423953828148,0.0002672971885204767,-3.3910925905458484e-06,0.0002956554526463151,0.0015063000028021634
506__M_Right_thumb_finger.BMP,506,"M2 Modified Gabor (detail_clip=0.1, frequencies=0.075/0.095/0.115/0.14, gamma=0.5, orientation_bins=12, orientation_offset=1.5708, sigma_scale=0.55, strength=0.1)",M2 Modified Gabor,"{""detail_clip"": 0.1, ""frequencies"": [0.075, 0.095, 0.115, 0.14], ""gamma"": 0.5, ""orientation_bins"": 12, ""orientation_offset"": 1.5707963267948966, ""sigma_scale"": 0.55, ""strength"": 0.1}",27.373150894179908,0.8726340962157846,0.0018309855233806663,27.385064658358303,0.8730355399092435,0.0018259695635872172,0.01191376417839507,0.00040144369345895825,-5.015959793449069e-06,0.00033036243985407054,0.6928456999958144
196__M_Left_index_finger.BMP,196,"M2 Modified Gabor (detail_clip=0.1, frequencies=0.075/0.095/0.115/0.14, gamma=0.5, orientation_bins=12, orientation_offset=1.5708, sigma_scale=0.55, strength=0.1)",M2 Modified Gabor,"{""detail_clip"": 0.1, ""frequencies"": [0.075, 0.095, 0.115, 0.14], ""gamma"": 0.5, ""orientation_bins"": 12, ""orientation_offset"": 1.5707963267948966, ""sigma_scale"": 0.55, ""strength"": 0.1}",27.225188033807047,0.8788863218829036,0.0018944414901145012,27.233467297756246,0.8792152569822669,0.0018908334220946294,0.008279263949198423,0.00032893509936327003,-3.6080680198718497e-06,0.00022187625290825963,0.0023423999955412
196__M_Left_little_finger.BMP,196,"M2 Modified Gabor (detail_clip=0.1, frequencies=0.075/0.095/0.115/0.14, gamma=0.5, orientation_bins=12, orientation_offset=1.5708, sigma_scale=0.55, strength=0.1)",M2 Modified Gabor,"{""detail_clip"": 0.1, ""frequencies"": [0.075, 0.095, 0.115, 0.14], ""gamma"": 0.5, ""orientation_bins"": 12, ""orientation_offset"": 1.5707963267948966, ""sigma_scale"": 0.55, ""strength"": 0.1}",27.35312935031732,0.80335026320225,0.0018394460933991352,27.36351069632571,0.803795109891653,0.001835054344956064,0.01038134600839058,0.0004448466894030334,-4.391748443071265e-06,0.0002040039107669145,0.46021859999746084
196__M_Left_middle_finger.BMP,196,"M2 Modified Gabor (detail_clip=0.1, frequencies=0.075/0.095/0.115/0.14, gamma=0.5, orientation_bins=12, orientation_offset=1.5708, sigma_scale=0.55, strength=0.1)",M2 Modified Gabor,"{""detail_clip"": 0.1, ""frequencies"": [0.075, 0.095, 0.115, 0.14], ""gamma"": 0.5, ""orientation_bins"": 12, ""orientation_offset"": 1.5707963267948966, ""sigma_scale"": 0.55, ""strength"": 0.1}",26.807005035396653,0.8383593658879399,0.00208592887731423,26.810655221389577,0.8385576687363386,0.002084176419053762,0.0036501859929245484,0.0001983028483987237,-1.752458260468031e-06,0.00015234372403938323,0.0027373999982955866
196__M_Left_ring_finger.BMP,196,"M2 Modified Gabor (detail_clip=0.1, frequencies=0.075/0.095/0.115/0.14, gamma=0.5, orientation_bins=12, orientation_offset=1.5708, sigma_scale=0.55, strength=0.1)",M2 Modified Gabor,"{""detail_clip"": 0.1, ""frequencies"": [0.075, 0.095, 0.115, 0.14], ""gamma"": 0.5, ""orientation_bins"": 12, ""orientation_offset"": 1.5707963267948966, ""sigma_scale"": 0.55, ""strength"": 0.1}",26.939914390359956,0.8466373486337065,0.0020230590575295833,26.94379235651351,0.8468288899161219,0.0020212534041708255,0.0038779661535528476,0.00019154128241538615,-1.8056533587578437e-06,0.0001693021913524717,0.00207829999999376
196__M_Left_thumb_finger.BMP,196,"M2 Modified Gabor (detail_clip=0.1, frequencies=0.075/0.095/0.115/0.14, gamma=0.5, orientation_bins=12, orientation_offset=1.5708, sigma_scale=0.55, strength=0.1)",M2 Modified Gabor,"{""detail_clip"": 0.1, ""frequencies"": [0.075, 0.095, 0.115, 0.14], ""gamma"": 0.5, ""orientation_bins"": 12, ""orientation_offset"": 1.5707963267948966, ""sigma_scale"": 0.55, ""strength"": 0.1}",27.17645207629467,0.8700256631715297,0.0019158203954876966,27.18221599241746,0.8702964769144654,0.0019132794229610671,0.005763916122791812,0.0002708137429356938,-2.540972526629418e-06,0.0002239261521026492,0.0018492999952286482
196__M_Right_index_finger.BMP,196,"M2 Modified Gabor (detail_clip=0.1, frequencies=0.075/0.095/0.115/0.14, gamma=0.5, orientation_bins=12, orientation_offset=1.5708, sigma_scale=0.55, strength=0.1)",M2 Modified Gabor,"{""detail_clip"": 0.1, ""frequencies"": [0.075, 0.095, 0.115, 0.14], ""gamma"": 0.5, ""orientation_bins"": 12, ""orientation_offset"": 1.5707963267948966, ""sigma_scale"": 0.55, ""strength"": 0.1}",27.224484755205218,0.8981884044620096,0.0018947482930095384,27.23198165399343,0.8984487986493707,0.0018914803530422231,0.007496898788211581,0.0002603941873610127,-3.267939967315295e-06,0.0002103667357005179,0.0026397000037832186
196__M_Right_little_finger.BMP,196,"M2 Modified Gabor (detail_clip=0.1, frequencies=0.075/0.095/0.115/0.14, gamma=0.5, orientation_bins=12, orientation_offset=1.5708, sigma_scale=0.55, strength=0.1)",M2 Modified Gabor,"{""detail_clip"": 0.1, ""frequencies"": [0.075, 0.095, 0.115, 0.14], ""gamma"": 0.5, ""orientation_bins"": 12, ""orientation_offset"": 1.5707963267948966, ""sigma_scale"": 0.55, ""strength"": 0.1}",27.235133280733237,0.8482631195524931,0.0018901082247221315,27.242320169286355,0.8485546186643839,0.0018869829803911044,0.007186888553118109,0.0002914991118907473,-3.1252443310270713e-06,0.00022054211876820773,0.004801199997018557
196__M_Right_middle_finger.BMP,196,"M2 Modified Gabor (detail_clip=0.1, frequencies=0.075/0.095/0.115/0.14, gamma=0.5, orientation_bins=12, orientation_offset=1.5708, sigma_scale=0.55, strength=0.1)",M2 Modified Gabor,"{""detail_clip"": 0.1, ""frequencies"": [0.075, 0.095, 0.115, 0.14], ""gamma"": 0.5, ""orientation_bins"": 12, ""orientation_offset"": 1.5707963267948966, ""sigma_scale"": 0.55, ""strength"": 0.1}",27.164009700572716,0.8754404190505147,0.0019213170198695128,27.167783939228215,0.8755912672471404,0.0019196480235510022,0.0037742386554988627,0.00015084819662569693,-1.6689963185105745e-06,0.00015395268565043807,0.001622499999939464
196__M_Right_ring_finger.BMP,196,"M2 Modified Gabor (detail_clip=0.1, frequencies=0.075/0.095/0.115/0.14, gamma=0.5, orientation_bins=12, orientation_offset=1.5708, sigma_scale=0.55, strength=0.1)",M2 Modified Gabor,"{""detail_clip"": 0.1, ""frequencies"": [0.075, 0.095, 0.115, 0.14], ""gamma"": 0.5, ""orientation_bins"": 12, ""orientation_offset"": 1.5707963267948966, ""sigma_scale"": 0.55, ""strength"": 0.1}",27.057676189333762,0.8875853133841157,0.0019689395425137503,27.064024405453182,0.8878323330812454,0.001966063585429348,0.006348216119420158,0.0002470196971297023,-2.8759570844024557e-06,0.0001948709541466087,0.4613549999994575
196__M_Right_thumb_finger.BMP,196,"M2 Modified Gabor (detail_clip=0.1, frequencies=0.075/0.095/0.115/0.14, gamma=0.5, orientation_bins=12, orientation_offset=1.5708, sigma_scale=0.55, strength=0.1)",M2 Modified Gabor,"{""detail_clip"": 0.1, ""frequencies"": [0.075, 0.095, 0.115, 0.14], ""gamma"": 0.5, ""orientation_bins"": 12, ""orientation_offset"": 1.5707963267948966, ""sigma_scale"": 0.55, ""strength"": 0.1}",27.64260682140499,0.8075118985310793,0.0017208353458780567,27.64722151280347,0.8077044751996398,0.0017190078056062835,0.00461469139847992,0.00019257666856054012,-1.8275402717731013e-06,0.00014969469339121133,0.004346099995018449
265__M_Left_index_finger.BMP,265,"M2 Modified Gabor (detail_clip=0.1, frequencies=0.075/0.095/0.115/0.14, gamma=0.5, orientation_bins=12, orientation_offset=1.5708, sigma_scale=0.55, strength=0.1)",M2 Modified Gabor,"{""detail_clip"": 0.1, ""frequencies"": [0.075, 0.095, 0.115, 0.14], ""gamma"": 0.5, ""orientation_bins"": 12, ""orientation_offset"": 1.5707963267948966, ""sigma_scale"": 0.55, ""strength"": 0.1}",27.37477247790581,0.8335138076359629,0.0018303019913041506,27.384674343743292,0.8338962532898188,0.0018261336768017162,0.009901865837480983,0.00038244565385581186,-4.168314502434435e-06,0.0002363845705986023,0.0018624000003910623
265__M_Left_little_finger.BMP,265,"M2 Modified Gabor (detail_clip=0.1, frequencies=0.075/0.095/0.115/0.14, gamma=0.5, orientation_bins=12, orientation_offset=1.5708, sigma_scale=0.55, strength=0.1)",M2 Modified Gabor,"{""detail_clip"": 0.1, ""frequencies"": [0.075, 0.095, 0.115, 0.14], ""gamma"": 0.5, ""orientation_bins"": 12, ""orientation_offset"": 1.5707963267948966, ""sigma_scale"": 0.55, ""strength"": 0.1}",27.521793017059277,0.8208397956510186,0.0017693783065107287,27.532841568856583,0.8212158610923886,0.0017648826881881447,0.01104855179730535,0.0003760654413700326,-4.4956183225840825e-06,0.00025801072479225695,0.004430900000443216
265__M_Left_middle_finger.BMP,265,"M2 Modified Gabor (detail_clip=0.1, frequencies=0.075/0.095/0.115/0.14, gamma=0.5, orientation_bins=12, orientation_offset=1.5708, sigma_scale=0.55, strength=0.1)",M2 Modified Gabor,"{""detail_clip"": 0.1, ""frequencies"": [0.075, 0.095, 0.115, 0.14], ""gamma"": 0.5, ""orientation_bins"": 12, ""orientation_offset"": 1.5707963267948966, ""sigma_scale"": 0.55, ""strength"": 0.1}",27.421710121866024,0.8523282516956031,0.0018106269814393515,27.435205083647517,0.852867710178107,0.001805009498500262,0.013494961781493231,0.0005394584825039184,-5.617482939089622e-06,0.00028617397765628994,0.7820228999989922
265__M_Left_ring_finger.BMP,265,"M2 Modified Gabor (detail_clip=0.1, frequencies=0.075/0.095/0.115/0.14, gamma=0.5, orientation_bins=12, orientation_offset=1.5708, sigma_scale=0.55, strength=0.1)",M2 Modified Gabor,"{""detail_clip"": 0.1, ""frequencies"": [0.075, 0.095, 0.115, 0.14], ""gamma"": 0.5, ""orientation_bins"": 12, ""orientation_offset"": 1.5707963267948966, ""sigma_scale"": 0.55, ""strength"": 0.1}",27.322529482400647,0.8486792822626233,0.0018524523763336202,27.331473988538512,0.8489630834013223,0.0018486410866587232,0.00894450613786546,0.00028380113869896917,-3.8112896748969654e-06,0.0002802436938509345,0.004239000001689419
265__M_Left_thumb_finger.BMP,265,"M2 Modified Gabor (detail_clip=0.1, frequencies=0.075/0.095/0.115/0.14, gamma=0.5, orientation_bins=12, orientation_offset=1.5708, sigma_scale=0.55, strength=0.1)",M2 Modified Gabor,"{""detail_clip"": 0.1, ""frequencies"": [0.075, 0.095, 0.115, 0.14], ""gamma"": 0.5, ""orientation_bins"": 12, ""orientation_offset"": 1.5707963267948966, ""sigma_scale"": 0.55, ""strength"": 0.1}",27.243867806531142,0.8530412479772568,0.0018863106612669986,27.25183446544998,0.8533405404937864,0.0018828536017229196,0.007966658918839187,0.0002992925165296034,-3.4570595440789817e-06,0.000262090761680156,0.5650081999992835
265__M_Right_index_finger.BMP,265,"M2 Modified Gabor (detail_clip=0.1, frequencies=0.075/0.095/0.115/0.14, gamma=0.5, orientation_bins=12, orientation_offset=1.5708, sigma_scale=0.55, strength=0.1)",M2 Modified Gabor,"{""detail_clip"": 0.1, ""frequencies"": [0.075, 0.095, 0.115, 0.14], ""gamma"": 0.5, ""orientation_bins"": 12, ""orientation_offset"": 1.5707963267948966, ""sigma_scale"": 0.55, ""strength"": 0.1}",27.994514576044143,0.7635853212453126,0.0015868962811916459,28.00976639874522,0.7641688892766834,0.0015813330947974345,0.015251822701078055,0.0005835680313707181,-5.563186394211359e-06,0.00029274338157847524,0.0024087999991024844
265__M_Right_little_finger.BMP,265,"M2 Modified Gabor (detail_clip=0.1, frequencies=0.075/0.095/0.115/0.14, gamma=0.5, orientation_bins=12, orientation_offset=1.5708, sigma_scale=0.55, strength=0.1)",M2 Modified Gabor,"{""detail_clip"": 0.1, ""frequencies"": [0.075, 0.095, 0.115, 0.14], ""gamma"": 0.5, ""orientation_bins"": 12, ""orientation_offset"": 1.5707963267948966, ""sigma_scale"": 0.55, ""strength"": 0.1}",27.22406780249401,0.7860550264142155,0.0018949302106704036,27.232874491328452,0.7864461369124651,0.0018910915360604488,0.008806688834443577,0.00039111049824958055,-3.8386746099548525e-06,0.00021044156164862216,0.0018548000007285737
265__M_Right_middle_finger.BMP,265,"M2 Modified Gabor (detail_clip=0.1, frequencies=0.075/0.095/0.115/0.14, gamma=0.5, orientation_bins=12, orientation_offset=1.5708, sigma_scale=0.55, strength=0.1)",M2 Modified Gabor,"{""detail_clip"": 0.1, ""frequencies"": [0.075, 0.095, 0.115, 0.14], ""gamma"": 0.5, ""orientation_bins"": 12, ""orientation_offset"": 1.5707963267948966, ""sigma_scale"": 0.55, ""strength"": 0.1}",27.44169408769286,0.8604290589330197,0.0018023145602693164,27.44948524087367,0.8606756942377091,0.001799084143741823,0.00779115318081125,0.0002466353046893799,-3.2304165274933856e-06,0.00021853439102414995,0.003312799999548588
265__M_Right_ring_finger.BMP,265,"M2 Modified Gabor (detail_clip=0.1, frequencies=0.075/0.095/0.115/0.14, gamma=0.5, orientation_bins=12, orientation_offset=1.5708, sigma_scale=0.55, strength=0.1)",M2 Modified Gabor,"{""detail_clip"": 0.1, ""frequencies"": [0.075, 0.095, 0.115, 0.14], ""gamma"": 0.5, ""orientation_bins"": 12, ""orientation_offset"": 1.5707963267948966, ""sigma_scale"": 0.55, ""strength"": 0.1}",27.173464398425633,0.8322634105684161,0.0019171388150660998,27.18062644939741,0.8325681876968741,0.0019139798225062074,0.007162050971775358,0.0003047771284580003,-3.1589925598924165e-06,0.00021781169925816357,0.0015120000025490299
265__M_Right_thumb_finger.BMP,265,"M2 Modified Gabor (detail_clip=0.1, frequencies=0.075/0.095/0.115/0.14, gamma=0.5, orientation_bins=12, orientation_offset=1.5708, sigma_scale=0.55, strength=0.1)",M2 Modified Gabor,"{""detail_clip"": 0.1, ""frequencies"": [0.075, 0.095, 0.115, 0.14], ""gamma"": 0.5, ""orientation_bins"": 12, ""orientation_offset"": 1.5707963267948966, ""sigma_scale"": 0.55, ""strength"": 0.1}",27.140057381383137,0.9020136943075061,0.001931942790954203,27.147555974635452,0.9022097314129471,0.0019286099478337238,0.0074985932523148335,0.00019603710544102704,-3.3328431204792362e-06,0.0003120979235973209,0.0032301999963237904
160__M_Left_index_finger.BMP,160,"M2 Modified Gabor (detail_clip=0.1, frequencies=0.075/0.095/0.115/0.14, gamma=0.5, orientation_bins=12, orientation_offset=1.5708, sigma_scale=0.55, strength=0.1)",M2 Modified Gabor,"{""detail_clip"": 0.1, ""frequencies"": [0.075, 0.095, 0.115, 0.14], ""gamma"": 0.5, ""orientation_bins"": 12, ""orientation_offset"": 1.5707963267948966, ""sigma_scale"": 0.55, ""strength"": 0.1}",27.303570949514576,0.7907936160339714,0.0018605566806086,27.310452893609902,0.7910823129271268,0.0018576107285002523,0.006881944095326276,0.0002886968931554712,-2.945952108347749e-06,0.000170059414813295,0.002207300000009127
160__M_Left_little_finger.BMP,160,"M2 Modified Gabor (detail_clip=0.1, frequencies=0.075/0.095/0.115/0.14, gamma=0.5, orientation_bins=12, orientation_offset=1.5708, sigma_scale=0.55, strength=0.1)",M2 Modified Gabor,"{""detail_clip"": 0.1, ""frequencies"": [0.075, 0.095, 0.115, 0.14], ""gamma"": 0.5, ""orientation_bins"": 12, ""orientation_offset"": 1.5707963267948966, ""sigma_scale"": 0.55, ""strength"": 0.1}",27.531663336668917,0.7885290796279312,0.0017653615622648393,27.539038513826696,0.7888375116875768,0.0017623661741293884,0.007375177157779689,0.0003084320596455914,-2.995388135450857e-06,0.00016859598690643907,0.002546800002164673
160__M_Left_middle_finger.BMP,160,"M2 Modified Gabor (detail_clip=0.1, frequencies=0.075/0.095/0.115/0.14, gamma=0.5, orientation_bins=12, orientation_offset=1.5708, sigma_scale=0.55, strength=0.1)",M2 Modified Gabor,"{""detail_clip"": 0.1, ""frequencies"": [0.075, 0.095, 0.115, 0.14], ""gamma"": 0.5, ""orientation_bins"": 12, ""orientation_offset"": 1.5707963267948966, ""sigma_scale"": 0.55, ""strength"": 0.1}",27.146254995156678,0.8256858516879678,0.0019291877718492464,27.154288540021092,0.8259935581516623,0.0019256224741635419,0.00803354486441421,0.0003077064636944904,-3.5652976857045073e-06,0.0001920862268889323,0.39733479999995325
160__M_Left_ring_finger.BMP,160,"M2 Modified Gabor (detail_clip=0.1, frequencies=0.075/0.095/0.115/0.14, gamma=0.5, orientation_bins=12, orientation_offset=1.5708, sigma_scale=0.55, strength=0.1)",M2 Modified Gabor,"{""detail_clip"": 0.1, ""frequencies"": [0.075, 0.095, 0.115, 0.14], ""gamma"": 0.5, ""orientation_bins"": 12, ""orientation_offset"": 1.5707963267948966, ""sigma_scale"": 0.55, ""strength"": 0.1}",27.23062336848946,0.8173601523184181,0.001892072018894839,27.241507832323695,0.8178229525801242,0.0018873359688482646,0.010884463834234026,0.0004628002617060867,-4.7360500465745e-06,0.00022616707428824157,0.0012786000006599352
160__M_Left_thumb_finger.BMP,160,"M2 Modified Gabor (detail_clip=0.1, frequencies=0.075/0.095/0.115/0.14, gamma=0.5, orientation_bins=12, orientation_offset=1.5708, sigma_scale=0.55, strength=0.1)",M2 Modified Gabor,"{""detail_clip"": 0.1, ""frequencies"": [0.075, 0.095, 0.115, 0.14], ""gamma"": 0.5, ""orientation_bins"": 12, ""orientation_offset"": 1.5707963267948966, ""sigma_scale"": 0.55, ""strength"": 0.1}",27.108709341869236,0.8690183506274819,0.0019459382994065641,27.11449981158474,0.8692810911317468,0.0019433454991693057,0.0057904697155031215,0.00026274050426489115,-2.5928002372584483e-06,0.00022297230316326022,0.0020545000006677583
160__M_Right_index_finger.BMP,160,"M2 Modified Gabor (detail_clip=0.1, frequencies=0.075/0.095/0.115/0.14, gamma=0.5, orientation_bins=12, orientation_offset=1.5708, sigma_scale=0.55, strength=0.1)",M2 Modified Gabor,"{""detail_clip"": 0.1, ""frequencies"": [0.075, 0.095, 0.115, 0.14], ""gamma"": 0.5, ""orientation_bins"": 12, ""orientation_offset"": 1.5707963267948966, ""sigma_scale"": 0.55, ""strength"": 0.1}",26.99832164341442,0.8972657453120947,0.0019960335448471166,27.008002983866575,0.8976501644858718,0.0019915889207147235,0.009681340452154075,0.000384419173777073,-4.4446241323930526e-06,0.00027188629610463977,0.005135599996719975
160__M_Right_little_finger.BMP,160,"M2 Modified Gabor (detail_clip=0.1, frequencies=0.075/0.095/0.115/0.14, gamma=0.5, orientation_bins=12, orientation_offset=1.5708, sigma_scale=0.55, strength=0.1)",M2 Modified Gabor,"{""detail_clip"": 0.1, ""frequencies"": [0.075, 0.095, 0.115, 0.14], ""gamma"": 0.5, ""orientation_bins"": 12, ""orientation_offset"": 1.5707963267948966, ""sigma_scale"": 0.55, ""strength"": 0.1}",27.48913865843233,0.8360082027926445,0.001782732303870606,27.501067516499383,0.8364555733382106,0.001777842354216637,0.011928858067051351,0.0004473705455660948,-4.889949653968852e-06,0.00024366901197936386,0.00293470000178786
160__M_Right_middle_finger.BMP,160,"M2 Modified Gabor (detail_clip=0.1, frequencies=0.075/0.095/0.115/0.14, gamma=0.5, orientation_bins=12, orientation_offset=1.5708, sigma_scale=0.55, strength=0.1)",M2 Modified Gabor,"{""detail_clip"": 0.1, ""frequencies"": [0.075, 0.095, 0.115, 0.14], ""gamma"": 0.5, ""orientation_bins"": 12, ""orientation_offset"": 1.5707963267948966, ""sigma_scale"": 0.55, ""strength"": 0.1}",27.011266096070855,0.8938943397240638,0.001990093083780042,27.0190744447749,0.8941610409033298,0.001986518232987421,0.007808348704045898,0.00026670117926597126,-3.574850792620928e-06,0.00022935544257052243,0.0020373000006657094
160__M_Right_ring_finger.BMP,160,"M2 Modified Gabor (detail_clip=0.1, frequencies=0.075/0.095/0.115/0.14, gamma=0.5, orientation_bins=12, orientation_offset=1.5708, sigma_scale=0.55, strength=0.1)",M2 Modified Gabor,"{""detail_clip"": 0.1, ""frequencies"": [0.075, 0.095, 0.115, 0.14], ""gamma"": 0.5, ""orientation_bins"": 12, ""orientation_offset"": 1.5707963267948966, ""sigma_scale"": 0.55, ""strength"": 0.1}",27.07201037653663,0.8671734888896943,0.0019624516353101543,27.079705554386855,0.867455822075665,0.0019589774849502117,0.007695177850226997,0.0002823331859707068,-3.474150359942651e-06,0.00021810014732182026,0.0022635999994236045
160__M_Right_thumb_finger.BMP,160,"M2 Modified Gabor (detail_clip=0.1, frequencies=0.075/0.095/0.115/0.14, gamma=0.5, orientation_bins=12, orientation_offset=1.5708, sigma_scale=0.55, strength=0.1)",M2 Modified Gabor,"{""detail_clip"": 0.1, ""frequencies"": [0.075, 0.095, 0.115, 0.14], ""gamma"": 0.5, ""orientation_bins"": 12, ""orientation_offset"": 1.5707963267948966, ""sigma_scale"": 0.55, ""strength"": 0.1}",27.289347613496005,0.8825245719928742,0.0018666600748665795,27.295829076605322,0.8827701345095038,0.0018638763266744865,0.006481463109317076,0.00024556251662966044,-2.783748192093042e-06,0.00020822914666496217,0.004144900005485397
62__M_Left_index_finger.BMP,62,"M2 Modified Gabor (detail_clip=0.1, frequencies=0.075/0.095/0.115/0.14, gamma=0.5, orientation_bins=12, orientation_offset=1.5708, sigma_scale=0.55, strength=0.1)",M2 Modified Gabor,"{""detail_clip"": 0.1, ""frequencies"": [0.075, 0.095, 0.115, 0.14], ""gamma"": 0.5, ""orientation_bins"": 12, ""orientation_offset"": 1.5707963267948966, ""sigma_scale"": 0.55, ""strength"": 0.1}",27.274088464853573,0.8563027203037142,0.001873230211658336,27.279506832239413,0.8565063172550201,0.001870894579745879,0.005418367385839673,0.0002035969513058955,-2.3356319124570504e-06,0.00017578821280039847,0.005691200000001118
62__M_Left_little_finger.BMP,62,"M2 Modified Gabor (detail_clip=0.1, frequencies=0.075/0.095/0.115/0.14, gamma=0.5, orientation_bins=12, orientation_offset=1.5708, sigma_scale=0.55, strength=0.1)",M2 Modified Gabor,"{""detail_clip"": 0.1, ""frequencies"": [0.075, 0.095, 0.115, 0.14], ""gamma"": 0.5, ""orientation_bins"": 12, ""orientation_offset"": 1.5707963267948966, ""sigma_scale"": 0.55, ""strength"": 0.1}",27.55815447129063,0.7999236232132911,0.0017546259694440607,27.56530122991022,0.8001945040338635,0.0017517409279300161,0.007146758619587246,0.0002708808205723612,-2.885041514044586e-06,0.00019648054149001837,0.0038146999941091053
62__M_Left_middle_finger.BMP,62,"M2 Modified Gabor (detail_clip=0.1, frequencies=0.075/0.095/0.115/0.14, gamma=0.5, orientation_bins=12, orientation_offset=1.5708, sigma_scale=0.55, strength=0.1)",M2 Modified Gabor,"{""detail_clip"": 0.1, ""frequencies"": [0.075, 0.095, 0.115, 0.14], ""gamma"": 0.5, ""orientation_bins"": 12, ""orientation_offset"": 1.5707963267948966, ""sigma_scale"": 0.55, ""strength"": 0.1}",27.09364508069681,0.8829929620497823,0.0019526998456379572,27.098542806956303,0.8831724797400832,0.0019504989430276574,0.00489772625949314,0.00017951769030088993,-2.2009026102998153e-06,0.0002039693936239928,0.003965299998526461
62__M_Left_ring_finger.BMP,62,"M2 Modified Gabor (detail_clip=0.1, frequencies=0.075/0.095/0.115/0.14, gamma=0.5, orientation_bins=12, orientation_offset=1.5708, sigma_scale=0.55, strength=0.1)",M2 Modified Gabor,"{""detail_clip"": 0.1, ""frequencies"": [0.075, 0.095, 0.115, 0.14], ""gamma"": 0.5, ""orientation_bins"": 12, ""orientation_offset"": 1.5707963267948966, ""sigma_scale"": 0.55, ""strength"": 0.1}",27.34469167000693,0.8460635849570334,0.0018430233308815236,27.35184072381568,0.8463614201554656,0.0018399919697068053,0.007149053808749528,0.00029783519843218365,-3.0313611747182986e-06,0.0002300576597917825,0.004495400004088879
62__M_Left_thumb_finger.BMP,62,"M2 Modified Gabor (detail_clip=0.1, frequencies=0.075/0.095/0.115/0.14, gamma=0.5, orientation_bins=12, orientation_offset=1.5708, sigma_scale=0.55, strength=0.1)",M2 Modified Gabor,"{""detail_clip"": 0.1, ""frequencies"": [0.075, 0.095, 0.115, 0.14], ""gamma"": 0.5, ""orientation_bins"": 12, ""orientation_offset"": 1.5707963267948966, ""sigma_scale"": 0.55, ""strength"": 0.1}",27.055077921169186,0.8918692719667852,0.0019701178590208713,27.057644419060246,0.8919725159688294,0.001968953946099155,0.0025664978910597824,0.00010324400204420048,-1.1639129217162932e-06,0.00016801623860374093,0.005359199996746611
62__M_Right_index_finger.BMP,62,"M2 Modified Gabor (detail_clip=0.1, frequencies=0.075/0.095/0.115/0.14, gamma=0.5, orientation_bins=12, orientation_offset=1.5708, sigma_scale=0.55, strength=0.1)",M2 Modified Gabor,"{""detail_clip"": 0.1, ""frequencies"": [0.075, 0.095, 0.115, 0.14], ""gamma"": 0.5, ""orientation_bins"": 12, ""orientation_offset"": 1.5707963267948966, ""sigma_scale"": 0.55, ""strength"": 0.1}",27.219071292957725,0.8454904471601248,0.0018971115612948335,27.225935735567504,0.8457494639058709,0.0018941153622520548,0.006864442609778365,0.0002590167457461323,-2.9961990427786883e-06,0.00020557745301630348,0.5177519999997457
62__M_Right_little_finger.BMP,62,"M2 Modified Gabor (detail_clip=0.1, frequencies=0.075/0.095/0.115/0.14, gamma=0.5, orientation_bins=12, orientation_offset=1.5708, sigma_scale=0.55, strength=0.1)",M2 Modified Gabor,"{""detail_clip"": 0.1, ""frequencies"": [0.075, 0.095, 0.115, 0.14], ""gamma"": 0.5, ""orientation_bins"": 12, ""orientation_offset"": 1.5707963267948966, ""sigma_scale"": 0.55, ""strength"": 0.1}",27.345322944919694,0.8500274815535546,0.001842755455076693,27.350749440250336,0.8502521171297431,0.0018404543760643006,0.0054264953306422115,0.00022463557618856989,-2.301079012392458e-06,0.00019361634622327983,0.0034996999966097064
62__M_Right_middle_finger.BMP,62,"M2 Modified Gabor (detail_clip=0.1, frequencies=0.075/0.095/0.115/0.14, gamma=0.5, orientation_bins=12, orientation_offset=1.5708, sigma_scale=0.55, strength=0.1)",M2 Modified Gabor,"{""detail_clip"": 0.1, ""frequencies"": [0.075, 0.095, 0.115, 0.14], ""gamma"": 0.5, ""orientation_bins"": 12, ""orientation_offset"": 1.5707963267948966, ""sigma_scale"": 0.55, ""strength"": 0.1}",27.108900613178943,0.8883837219081521,0.001945852598577628,27.114087464111144,0.8886128306767941,0.0019435300218108367,0.005186850932201281,0.0002291087686420168,-2.3225767667913594e-06,0.00019914572476409376,0.5576778000031481
62__M_Right_ring_finger.BMP,62,"M2 Modified Gabor (detail_clip=0.1, frequencies=0.075/0.095/0.115/0.14, gamma=0.5, orientation_bins=12, orientation_offset=1.5708, sigma_scale=0.55, strength=0.1)",M2 Modified Gabor,"{""detail_clip"": 0.1, ""frequencies"": [0.075, 0.095, 0.115, 0.14], ""gamma"": 0.5, ""orientation_bins"": 12, ""orientation_offset"": 1.5707963267948966, ""sigma_scale"": 0.55, ""strength"": 0.1}",27.062684935819536,0.8746964724934995,0.0019666700606983125,27.069244595736606,0.8749600398986638,0.0019637018100075623,0.006559659917069638,0.0002635674051643111,-2.968250690750171e-06,0.00023490071180276573,0.00411290000192821
62__M_Right_thumb_finger.BMP,62,"M2 Modified Gabor (detail_clip=0.1, frequencies=0.075/0.095/0.115/0.14, gamma=0.5, orientation_bins=12, orientation_offset=1.5708, sigma_scale=0.55, strength=0.1)",M2 Modified Gabor,"{""detail_clip"": 0.1, ""frequencies"": [0.075, 0.095, 0.115, 0.14], ""gamma"": 0.5, ""orientation_bins"": 12, ""orientation_offset"": 1.5707963267948966, ""sigma_scale"": 0.55, ""strength"": 0.1}",26.926085992200093,0.9124182408870757,0.0020295109590327716,26.93096586770245,0.9125826619191766,0.0020272318145326523,0.004879875502357578,0.0001644210321009032,-2.2791445001193317e-06,0.0002039822720689699,0.005149399999936577
298__M_Left_index_finger.BMP,298,"M2 Modified Gabor (detail_clip=0.1, frequencies=0.075/0.095/0.115/0.14, gamma=0.5, orientation_bins=12, orientation_offset=1.5708, sigma_scale=0.55, strength=0.1)",M2 Modified Gabor,"{""detail_clip"": 0.1, ""frequencies"": [0.075, 0.095, 0.115, 0.14], ""gamma"": 0.5, ""orientation_bins"": 12, ""orientation_offset"": 1.5707963267948966, ""sigma_scale"": 0.55, ""strength"": 0.1}",27.21506173666514,0.8980616415718198,0.001898863848814617,27.221356548414505,0.8982770142948031,0.0018961135647073584,0.006294811749363305,0.00021537272298333132,-2.7502841072587006e-06,0.00026023428654298186,0.004397900003823452
298__M_Left_little_finger.BMP,298,"M2 Modified Gabor (detail_clip=0.1, frequencies=0.075/0.095/0.115/0.14, gamma=0.5, orientation_bins=12, orientation_offset=1.5708, sigma_scale=0.55, strength=0.1)",M2 Modified Gabor,"{""detail_clip"": 0.1, ""frequencies"": [0.075, 0.095, 0.115, 0.14], ""gamma"": 0.5, ""orientation_bins"": 12, ""orientation_offset"": 1.5707963267948966, ""sigma_scale"": 0.55, ""strength"": 0.1}",27.668090636120375,0.8152994267068505,0.0017107672839618286,27.67743838220525,0.8155673162603975,0.0017070889917411617,0.009347746084873876,0.00026788955354695165,-3.6782922206669497e-06,0.00026231256197206676,0.001828599997679703
298__M_Left_middle_finger.BMP,298,"M2 Modified Gabor (detail_clip=0.1, frequencies=0.075/0.095/0.115/0.14, gamma=0.5, orientation_bins=12, orientation_offset=1.5708, sigma_scale=0.55, strength=0.1)",M2 Modified Gabor,"{""detail_clip"": 0.1, ""frequencies"": [0.075, 0.095, 0.115, 0.14], ""gamma"": 0.5, ""orientation_bins"": 12, ""orientation_offset"": 1.5707963267948966, ""sigma_scale"": 0.55, ""strength"": 0.1}",26.89100259050226,0.8927949140241146,0.002045972259286786,26.896447480953483,0.8930239208133817,0.0020434087649642027,0.005444890451222761,0.00022900678926707219,-2.5634943225834317e-06,0.00025190235464833677,0.0019009000025107525
298__M_Left_ring_finger.BMP,298,"M2 Modified Gabor (detail_clip=0.1, frequencies=0.075/0.095/0.115/0.14, gamma=0.5, orientation_bins=12, orientation_offset=1.5708, sigma_scale=0.55, strength=0.1)",M2 Modified Gabor,"{""detail_clip"": 0.1, ""frequencies"": [0.075, 0.095, 0.115, 0.14], ""gamma"": 0.5, ""orientation_bins"": 12, ""orientation_offset"": 1.5707963267948966, ""sigma_scale"": 0.55, ""strength"": 0.1}",26.974147312555235,0.8789561929982305,0.0020071751371694177,26.980642951028724,0.8792395759598016,0.002004175297378491,0.006495638473488441,0.0002833829615711547,-2.9998397909265263e-06,0.0002743744698818773,0.0028292999995755963
298__M_Left_thumb_finger.BMP,298,"M2 Modified Gabor (detail_clip=0.1, frequencies=0.075/0.095/0.115/0.14, gamma=0.5, orientation_bins=12, orientation_offset=1.5708, sigma_scale=0.55, strength=0.1)",M2 Modified Gabor,"{""detail_clip"": 0.1, ""frequencies"": [0.075, 0.095, 0.115, 0.14], ""gamma"": 0.5, ""orientation_bins"": 12, ""orientation_offset"": 1.5707963267948966, ""sigma_scale"": 0.55, ""strength"": 0.1}",27.617141552360607,0.8357814332177043,0.0017309552677832224,27.63178389273459,0.836164207547307,0.0017251291384620228,0.01464234037398171,0.00038277432960276414,-5.8261293211995906e-06,0.00039688326069153845,0.002033500000834465
298__M_Right_index_finger.BMP,298,"M2 Modified Gabor (detail_clip=0.1, frequencies=0.075/0.095/0.115/0.14, gamma=0.5, orientation_bins=12, orientation_offset=1.5708, sigma_scale=0.55, strength=0.1)",M2 Modified Gabor,"{""detail_clip"": 0.1, ""frequencies"": [0.075, 0.095, 0.115, 0.14], ""gamma"": 0.5, ""orientation_bins"": 12, ""orientation_offset"": 1.5707963267948966, ""sigma_scale"": 0.55, ""strength"": 0.1}",27.472722246295017,0.8526852923721671,0.001789483817498891,27.481698119858212,0.8528852197876573,0.0017857891830606373,0.008975873563194625,0.00019992741549024196,-3.6946344382537185e-06,0.00026143918512389064,0.0019200000024284236
298__M_Right_little_finger.BMP,298,"M2 Modified Gabor (detail_clip=0.1, frequencies=0.075/0.095/0.115/0.14, gamma=0.5, orientation_bins=12, orientation_offset=1.5708, sigma_scale=0.55, strength=0.1)",M2 Modified Gabor,"{""detail_clip"": 0.1, ""frequencies"": [0.075, 0.095, 0.115, 0.14], ""gamma"": 0.5, ""orientation_bins"": 12, ""orientation_offset"": 1.5707963267948966, ""sigma_scale"": 0.55, ""strength"": 0.1}",27.499072655778257,0.8438631699736119,0.0017786591646247179,27.50572625484837,0.844082536231339,0.0017759362601011712,0.006653599070112648,0.00021936625772711604,-2.722904523546699e-06,0.00026061004609800875,0.0037061999973957427
298__M_Right_middle_finger.BMP,298,"M2 Modified Gabor (detail_clip=0.1, frequencies=0.075/0.095/0.115/0.14, gamma=0.5, orientation_bins=12, orientation_offset=1.5708, sigma_scale=0.55, strength=0.1)",M2 Modified Gabor,"{""detail_clip"": 0.1, ""frequencies"": [0.075, 0.095, 0.115, 0.14], ""gamma"": 0.5, ""orientation_bins"": 12, ""orientation_offset"": 1.5707963267948966, ""sigma_scale"": 0.55, ""strength"": 0.1}",27.220693528847182,0.9116894049499035,0.00189640305868329,27.22887600100004,0.9119333157373667,0.0018928334401120046,0.008182472152856946,0.0002439107874632196,-3.569618571285481e-06,0.00030203917413018644,0.002219499998318497
298__M_Right_ring_finger.BMP,298,"M2 Modified Gabor (detail_clip=0.1, frequencies=0.075/0.095/0.115/0.14, gamma=0.5, orientation_bins=12, orientation_offset=1.5708, sigma_scale=0.55, strength=0.1)",M2 Modified Gabor,"{""detail_clip"": 0.1, ""frequencies"": [0.075, 0.095, 0.115, 0.14], ""gamma"": 0.5, ""orientation_bins"": 12, ""orientation_offset"": 1.5707963267948966, ""sigma_scale"": 0.55, ""strength"": 0.1}",27.422696694736175,0.8674880841903388,0.0018102157138198314,27.429947765998975,0.8677063358449042,0.001807195861608949,0.007251071262800224,0.000218251654565349,-3.0198522108823133e-06,0.00026265584165230393,0.3972202000004472
298__M_Right_thumb_finger.BMP,298,"M2 Modified Gabor (detail_clip=0.1, frequencies=0.075/0.095/0.115/0.14, gamma=0.5, orientation_bins=12, orientation_offset=1.5708, sigma_scale=0.55, strength=0.1)",M2 Modified Gabor,"{""detail_clip"": 0.1, ""frequencies"": [0.075, 0.095, 0.115, 0.14], ""gamma"": 0.5, ""orientation_bins"": 12, ""orientation_offset"": 1.5707963267948966, ""sigma_scale"": 0.55, ""strength"": 0.1}",27.224693413952195,0.9114079438939094,0.0018946572611581649,27.231441996074302,0.9116196523084641,0.0018917154045605664,0.006748582122106939,0.0002117084145546455,-2.94185659759842e-06,0.00044822393101640046,0.00435480000305688
249__M_Left_index_finger.BMP,249,"M2 Modified Gabor (detail_clip=0.1, frequencies=0.075/0.095/0.115/0.14, gamma=0.5, orientation_bins=12, orientation_offset=1.5708, sigma_scale=0.55, strength=0.1)",M2 Modified Gabor,"{""detail_clip"": 0.1, ""frequencies"": [0.075, 0.095, 0.115, 0.14], ""gamma"": 0.5, ""orientation_bins"": 12, ""orientation_offset"": 1.5707963267948966, ""sigma_scale"": 0.55, ""strength"": 0.1}",27.124570472016103,0.7470878210087121,0.0019388443829746948,27.133703681935387,0.7474787224027515,0.0019347712789608848,0.009133209919284013,0.00039090139403941127,-4.073104013809989e-06,0.0002285298687638715,0.0039076999964891
249__M_Left_little_finger.BMP,249,"M2 Modified Gabor (detail_clip=0.1, frequencies=0.075/0.095/0.115/0.14, gamma=0.5, orientation_bins=12, orientation_offset=1.5708, sigma_scale=0.55, strength=0.1)",M2 Modified Gabor,"{""detail_clip"": 0.1, ""frequencies"": [0.075, 0.095, 0.115, 0.14], ""gamma"": 0.5, ""orientation_bins"": 12, ""orientation_offset"": 1.5707963267948966, ""sigma_scale"": 0.55, ""strength"": 0.1}",27.850348680485556,0.7587672882475555,0.0016404580610319855,27.862270316854556,0.7591955751737952,0.0016359610832058864,0.011921636368999344,0.0004282869262397515,-4.496977826099055e-06,0.00021025887690484524,0.002366600005188957
249__M_Left_middle_finger.BMP,249,"M2 Modified Gabor (detail_clip=0.1, frequencies=0.075/0.095/0.115/0.14, gamma=0.5, orientation_bins=12, orientation_offset=1.5708, sigma_scale=0.55, strength=0.1)",M2 Modified Gabor,"{""detail_clip"": 0.1, ""frequencies"": [0.075, 0.095, 0.115, 0.14], ""gamma"": 0.5, ""orientation_bins"": 12, ""orientation_offset"": 1.5707963267948966, ""sigma_scale"": 0.55, ""strength"": 0.1}",27.086136842742746,0.7350637589780092,0.0019560786626691674,27.090496926210733,0.735307481504023,0.0019541158501386897,0.004360083467986442,0.00024372252601378985,-1.9628125304776804e-06,0.00016256819071713835,0.005338099996151868
249__M_Left_ring_finger.BMP,249,"M2 Modified Gabor (detail_clip=0.1, frequencies=0.075/0.095/0.115/0.14, gamma=0.5, orientation_bins=12, orientation_offset=1.5708, sigma_scale=0.55, strength=0.1)",M2 Modified Gabor,"{""detail_clip"": 0.1, ""frequencies"": [0.075, 0.095, 0.115, 0.14], ""gamma"": 0.5, ""orientation_bins"": 12, ""orientation_offset"": 1.5707963267948966, ""sigma_scale"": 0.55, ""strength"": 0.1}",27.286670865582614,0.700930704194814,0.0018678109342006519,27.294299900682365,0.7013039573720395,0.0018645327238346675,0.007629035099750325,0.0003732531772255854,-3.2782103659844027e-06,0.00019884956418536603,0.5521990999986883
249__M_Left_thumb_finger.BMP,249,"M2 Modified Gabor (detail_clip=0.1, frequencies=0.075/0.095/0.115/0.14, gamma=0.5, orientation_bins=12, orientation_offset=1.5708, sigma_scale=0.55, strength=0.1)",M2 Modified Gabor,"{""detail_clip"": 0.1, ""frequencies"": [0.075, 0.095, 0.115, 0.14], ""gamma"": 0.5, ""orientation_bins"": 12, ""orientation_offset"": 1.5707963267948966, ""sigma_scale"": 0.55, ""strength"": 0.1}",26.984771156079184,0.8261111951120794,0.0020022711250024757,26.989677446825823,0.8264114175720811,0.002000010406115708,0.004906290746639286,0.00030022246000172004,-2.260718886767845e-06,0.00023717034491710365,0.004343900000094436
249__M_Right_index_finger.BMP,249,"M2 Modified Gabor (detail_clip=0.1, frequencies=0.075/0.095/0.115/0.14, gamma=0.5, orientation_bins=12, orientation_offset=1.5708, sigma_scale=0.55, strength=0.1)",M2 Modified Gabor,"{""detail_clip"": 0.1, ""frequencies"": [0.075, 0.095, 0.115, 0.14], ""gamma"": 0.5, ""orientation_bins"": 12, ""orientation_offset"": 1.5707963267948966, ""sigma_scale"": 0.55, ""strength"": 0.1}",27.925095882335967,0.77181945014894,0.001612465427378501,27.93829145524188,0.7722331002799273,0.0016075735592693974,0.013195572905914332,0.0004136501309872642,-4.8918681091036226e-06,0.0002792832674458623,0.005497799997101538
249__M_Right_little_finger.BMP,249,"M2 Modified Gabor (detail_clip=0.1, frequencies=0.075/0.095/0.115/0.14, gamma=0.5, orientation_bins=12, orientation_offset=1.5708, sigma_scale=0.55, strength=0.1)",M2 Modified Gabor,"{""detail_clip"": 0.1, ""frequencies"": [0.075, 0.095, 0.115, 0.14], ""gamma"": 0.5, ""orientation_bins"": 12, ""orientation_offset"": 1.5707963267948966, ""sigma_scale"": 0.55, ""strength"": 0.1}",27.657119233589647,0.6353878059021234,0.001715094588497569,27.672536830924876,0.6360662160161138,0.0017090167408086248,0.015417597335229516,0.0006784101139903909,-6.077847688944161e-06,0.00025144522078335285,0.0036008000024594367
249__M_Right_middle_finger.BMP,249,"M2 Modified Gabor (detail_clip=0.1, frequencies=0.075/0.095/0.115/0.14, gamma=0.5, orientation_bins=12, orientation_offset=1.5708, sigma_scale=0.55, strength=0.1)",M2 Modified Gabor,"{""detail_clip"": 0.1, ""frequencies"": [0.075, 0.095, 0.115, 0.14], ""gamma"": 0.5, ""orientation_bins"": 12, ""orientation_offset"": 1.5707963267948966, ""sigma_scale"": 0.55, ""strength"": 0.1}",27.168536038644476,0.7934208035671115,0.0019193156128915168,27.17458202975997,0.7937343492005468,0.0019166455141320204,0.006045991115495752,0.00031354563343521935,-2.6700987594964302e-06,0.00021987351647112519,0.003708899996127002
249__M_Right_ring_finger.BMP,249,"M2 Modified Gabor (detail_clip=0.1, frequencies=0.075/0.095/0.115/0.14, gamma=0.5, orientation_bins=12, orientation_offset=1.5708, sigma_scale=0.55, strength=0.1)",M2 Modified Gabor,"{""detail_clip"": 0.1, ""frequencies"": [0.075, 0.095, 0.115, 0.14], ""gamma"": 0.5, ""orientation_bins"": 12, ""orientation_offset"": 1.5707963267948966, ""sigma_scale"": 0.55, ""strength"": 0.1}",27.08777009207556,0.788884221210897,0.0019553431793387643,27.096451600811346,0.7892901241422892,0.0019514383695536255,0.008681508735786991,0.00040590293139219913,-3.904809785138788e-06,0.0002359386853640899,0.002639300000737421
249__M_Right_thumb_finger.BMP,249,"M2 Modified Gabor (detail_clip=0.1, frequencies=0.075/0.095/0.115/0.14, gamma=0.5, orientation_bins=12, orientation_offset=1.5708, sigma_scale=0.55, strength=0.1)",M2 Modified Gabor,"{""detail_clip"": 0.1, ""frequencies"": [0.075, 0.095, 0.115, 0.14], ""gamma"": 0.5, ""orientation_bins"": 12, ""orientation_offset"": 1.5707963267948966, ""sigma_scale"": 0.55, ""strength"": 0.1}",28.10834497793756,0.6780079972983599,0.001545843421819905,28.120684394621364,0.6783887061889767,0.0015414575190859665,0.012339416683804671,0.0003807088906168099,-4.385902733938579e-06,0.0002654676209203899,0.004622699998435564
393__M_Left_index_finger.BMP,393,"M2 Modified Gabor (detail_clip=0.1, frequencies=0.075/0.095/0.115/0.14, gamma=0.5, orientation_bins=12, orientation_offset=1.5708, sigma_scale=0.55, strength=0.1)",M2 Modified Gabor,"{""detail_clip"": 0.1, ""frequencies"": [0.075, 0.095, 0.115, 0.14], ""gamma"": 0.5, ""orientation_bins"": 12, ""orientation_offset"": 1.5707963267948966, ""sigma_scale"": 0.55, ""strength"": 0.1}",27.308206704505906,0.8914485091529191,0.0018585717409852326,27.31434787663542,0.891642782081008,0.00185594547162997,0.006141172129513706,0.00019427292808893437,-2.626269355262634e-06,0.00023240824521053582,0.0030607000007876195
393__M_Left_little_finger.BMP,393,"M2 Modified Gabor (detail_clip=0.1, frequencies=0.075/0.095/0.115/0.14, gamma=0.5, orientation_bins=12, orientation_offset=1.5708, sigma_scale=0.55, strength=0.1)",M2 Modified Gabor,"{""detail_clip"": 0.1, ""frequencies"": [0.075, 0.095, 0.115, 0.14], ""gamma"": 0.5, ""orientation_bins"": 12, ""orientation_offset"": 1.5707963267948966, ""sigma_scale"": 0.55, ""strength"": 0.1}",27.318831886242837,0.8610343153392672,0.0018540302314057613,27.327119899848928,0.86134896811378,0.00185049540068559,0.008288013606090772,0.0003146527745128136,-3.534830720171387e-06,0.00023777299793437123,0.4814011999987997
393__M_Left_middle_finger.BMP,393,"M2 Modified Gabor (detail_clip=0.1, frequencies=0.075/0.095/0.115/0.14, gamma=0.5, orientation_bins=12, orientation_offset=1.5708, sigma_scale=0.55, strength=0.1)",M2 Modified Gabor,"{""detail_clip"": 0.1, ""frequencies"": [0.075, 0.095, 0.115, 0.14], ""gamma"": 0.5, ""orientation_bins"": 12, ""orientation_offset"": 1.5707963267948966, ""sigma_scale"": 0.55, ""strength"": 0.1}",27.599379652066386,0.8259976084778606,0.0017380490746276103,27.607728119508657,0.8262965330147743,0.0017347112222539768,0.008348467442271357,0.0002989245369137139,-3.337852373633439e-06,0.00024095983826555312,0.003424599999561906
393__M_Left_ring_finger.BMP,393,"M2 Modified Gabor (detail_clip=0.1, frequencies=0.075/0.095/0.115/0.14, gamma=0.5, orientation_bins=12, orientation_offset=1.5708, sigma_scale=0.55, strength=0.1)",M2 Modified Gabor,"{""detail_clip"": 0.1, ""frequencies"": [0.075, 0.095, 0.115, 0.14], ""gamma"": 0.5, ""orientation_bins"": 12, ""orientation_offset"": 1.5707963267948966, ""sigma_scale"": 0.55, ""strength"": 0.1}",27.3096594584879,0.8725850996860862,0.001857950136045422,27.31558421673938,0.8727864580338597,0.0018554172002988964,0.005924758251481421,0.0002013583477734615,-2.5329357465255897e-06,0.00021575501887127757,0.003090300000621937
393__M_Left_thumb_finger.BMP,393,"M2 Modified Gabor (detail_clip=0.1, frequencies=0.075/0.095/0.115/0.14, gamma=0.5, orientation_bins=12, orientation_offset=1.5708, sigma_scale=0.55, strength=0.1)",M2 Modified Gabor,"{""detail_clip"": 0.1, ""frequencies"": [0.075, 0.095, 0.115, 0.14], ""gamma"": 0.5, ""orientation_bins"": 12, ""orientation_offset"": 1.5707963267948966, ""sigma_scale"": 0.55, ""strength"": 0.1}",27.203729999603823,0.8870638376303315,0.0019038248886444147,27.21140778326509,0.8873029191913605,0.0019004621375179297,0.007677783661268478,0.0002390815610290309,-3.3627511264850383e-06,0.00029587169410660863,0.0033991000018431805
393__M_Right_index_finger.BMP,393,"M2 Modified Gabor (detail_clip=0.1, frequencies=0.075/0.095/0.115/0.14, gamma=0.5, orientation_bins=12, orientation_offset=1.5708, sigma_scale=0.55, strength=0.1)",M2 Modified Gabor,"{""detail_clip"": 0.1, ""frequencies"": [0.075, 0.095, 0.115, 0.14], ""gamma"": 0.5, ""orientation_bins"": 12, ""orientation_offset"": 1.5707963267948966, ""sigma_scale"": 0.55, ""strength"": 0.1}",27.18564958969017,0.8956395128723978,0.0019117673533812795,27.193680735879244,0.895919513350904,0.0019082353040092725,0.008031146189075855,0.0002800004785061816,-3.532049372007018e-06,0.0002762737567536533,0.0017475000058766454
393__M_Right_little_finger.BMP,393,"M2 Modified Gabor (detail_clip=0.1, frequencies=0.075/0.095/0.115/0.14, gamma=0.5, orientation_bins=12, orientation_offset=1.5708, sigma_scale=0.55, strength=0.1)",M2 Modified Gabor,"{""detail_clip"": 0.1, ""frequencies"": [0.075, 0.095, 0.115, 0.14], ""gamma"": 0.5, ""orientation_bins"": 12, ""orientation_offset"": 1.5707963267948966, ""sigma_scale"": 0.55, ""strength"": 0.1}",27.38883507911954,0.8566403560225367,0.0018243849968554713,27.396153021187164,0.8568840595280528,0.0018213134630316809,0.007317942067622596,0.00024370350551605746,-3.0715338237904e-06,0.0002529526245780289,0.0028697999950964004
393__M_Right_middle_finger.BMP,393,"M2 Modified Gabor (detail_clip=0.1, frequencies=0.075/0.095/0.115/0.14, gamma=0.5, orientation_bins=12, orientation_offset=1.5708, sigma_scale=0.55, strength=0.1)",M2 Modified Gabor,"{""detail_clip"": 0.1, ""frequencies"": [0.075, 0.095, 0.115, 0.14], ""gamma"": 0.5, ""orientation_bins"": 12, ""orientation_offset"": 1.5707963267948966, ""sigma_scale"": 0.55, ""strength"": 0.1}",27.34189386160175,0.8759159202563465,0.0018442110244102443,27.34715164852448,0.8760769116359353,0.0018419796809640587,0.0052577869227299345,0.00016099137958880405,-2.2313434461856615e-06,0.00018558699230197817,0.002525699994293973
393__M_Right_ring_finger.BMP,393,"M2 Modified Gabor (detail_clip=0.1, frequencies=0.075/0.095/0.115/0.14, gamma=0.5, orientation_bins=12, orientation_offset=1.5708, sigma_scale=0.55, strength=0.1)",M2 Modified Gabor,"{""detail_clip"": 0.1, ""frequencies"": [0.075, 0.095, 0.115, 0.14], ""gamma"": 0.5, ""orientation_bins"": 12, ""orientation_offset"": 1.5707963267948966, ""sigma_scale"": 0.55, ""strength"": 0.1}",27.53648716712822,0.8377262864155174,0.0017634018143036256,27.54278217270043,0.83793776614362,0.0017608476526607055,0.006295005572209078,0.00021147972810264815,-2.554161642920067e-06,0.00018547287618275732,0.4408100000000559
393__M_Right_thumb_finger.BMP,393,"M2 Modified Gabor (detail_clip=0.1, frequencies=0.075/0.095/0.115/0.14, gamma=0.5, orientation_bins=12, orientation_offset=1.5708, sigma_scale=0.55, strength=0.1)",M2 Modified Gabor,"{""detail_clip"": 0.1, ""frequencies"": [0.075, 0.095, 0.115, 0.14], ""gamma"": 0.5, ""orientation_bins"": 12, ""orientation_offset"": 1.5707963267948966, ""sigma_scale"": 0.55, ""strength"": 0.1}",27.279869519902554,0.8713236901729107,0.0018707383442700316,27.287733152270818,0.8715731823870838,0.0018673541224906815,0.00786363236826304,0.0002494922141731415,-3.384221779350032e-06,0.00025784113677218556,0.0018818000025930814
245__M_Left_index_finger.BMP,245,"M2 Modified Gabor (detail_clip=0.1, frequencies=0.075/0.095/0.115/0.14, gamma=0.5, orientation_bins=12, orientation_offset=1.5708, sigma_scale=0.55, strength=0.1)",M2 Modified Gabor,"{""detail_clip"": 0.1, ""frequencies"": [0.075, 0.095, 0.115, 0.14], ""gamma"": 0.5, ""orientation_bins"": 12, ""orientation_offset"": 1.5707963267948966, ""sigma_scale"": 0.55, ""strength"": 0.1}",27.369483519165946,0.8475481766363681,0.0018325323416851827,27.38022065233368,0.8479342589498162,0.0018280073380729693,0.010737133167733504,0.0003860823134481661,-4.525003612213408e-06,0.00026454892940819263,0.0024301000012201257
245__M_Left_little_finger.BMP,245,"M2 Modified Gabor (detail_clip=0.1, frequencies=0.075/0.095/0.115/0.14, gamma=0.5, orientation_bins=12, orientation_offset=1.5708, sigma_scale=0.55, strength=0.1)",M2 Modified Gabor,"{""detail_clip"": 0.1, ""frequencies"": [0.075, 0.095, 0.115, 0.14], ""gamma"": 0.5, ""orientation_bins"": 12, ""orientation_offset"": 1.5707963267948966, ""sigma_scale"": 0.55, ""strength"": 0.1}",27.90731007442499,0.7520611994141341,0.0016190825516656838,27.921701861333243,0.7525686965982914,0.001613726065215689,0.014391786908252158,0.0005074971841573239,-5.356486449994849e-06,0.00022926341625861824,0.0020614000022760592
245__M_Left_middle_finger.BMP,245,"M2 Modified Gabor (detail_clip=0.1, frequencies=0.075/0.095/0.115/0.14, gamma=0.5, orientation_bins=12, orientation_offset=1.5708, sigma_scale=0.55, strength=0.1)",M2 Modified Gabor,"{""detail_clip"": 0.1, ""frequencies"": [0.075, 0.095, 0.115, 0.14], ""gamma"": 0.5, ""orientation_bins"": 12, ""orientation_offset"": 1.5707963267948966, ""sigma_scale"": 0.55, ""strength"": 0.1}",27.144213089173356,0.8857407036245465,0.0019300950240497081,27.152109232045596,0.8860086725811959,0.0019265890021033583,0.00789614287224083,0.00026796895664937814,-3.506021946349811e-06,0.0002522908034734428,0.0021687999978894368
245__M_Left_ring_finger.BMP,245,"M2 Modified Gabor (detail_clip=0.1, frequencies=0.075/0.095/0.115/0.14, gamma=0.5, orientation_bins=12, orientation_offset=1.5708, sigma_scale=0.55, strength=0.1)",M2 Modified Gabor,"{""detail_clip"": 0.1, ""frequencies"": [0.075, 0.095, 0.115, 0.14], ""gamma"": 0.5, ""orientation_bins"": 12, ""orientation_offset"": 1.5707963267948966, ""sigma_scale"": 0.55, ""strength"": 0.1}",27.034777154693998,0.8768079179877639,0.0019793485830217304,27.042495182168963,0.8771578052034378,0.0019758341242798617,0.0077180274749650835,0.00034988721567386083,-3.514458741868745e-06,0.0002206036151619628,0.002566799994383473
245__M_Left_thumb_finger.BMP,245,"M2 Modified Gabor (detail_clip=0.1, frequencies=0.075/0.095/0.115/0.14, gamma=0.5, orientation_bins=12, orientation_offset=1.5708, sigma_scale=0.55, strength=0.1)",M2 Modified Gabor,"{""detail_clip"": 0.1, ""frequencies"": [0.075, 0.095, 0.115, 0.14], ""gamma"": 0.5, ""orientation_bins"": 12, ""orientation_offset"": 1.5707963267948966, ""sigma_scale"": 0.55, ""strength"": 0.1}",27.29682163769929,0.864652694988966,0.0018634503945447873,27.30499579895589,0.8649474005967379,0.0018599463623964673,0.008174161256601309,0.0002947056077718946,-3.5040321483199074e-06,0.0003108780365437269,0.0022943000003579073
245__M_Right_index_finger.BMP,245,"M2 Modified Gabor (detail_clip=0.1, frequencies=0.075/0.095/0.115/0.14, gamma=0.5, orientation_bins=12, orientation_offset=1.5708, sigma_scale=0.55, strength=0.1)",M2 Modified Gabor,"{""detail_clip"": 0.1, ""frequencies"": [0.075, 0.095, 0.115, 0.14], ""gamma"": 0.5, ""orientation_bins"": 12, ""orientation_offset"": 1.5707963267948966, ""sigma_scale"": 0.55, ""strength"": 0.1}",27.86161374413362,0.7314716830980778,0.0016362084288809222,27.867857751695382,0.7316579494643808,0.001633857683606983,0.0062440075617615776,0.00018626636630303395,-2.350745273939272e-06,0.00021012668730691075,0.002436000002489891
245__M_Right_little_finger.BMP,245,"M2 Modified Gabor (detail_clip=0.1, frequencies=0.075/0.095/0.115/0.14, gamma=0.5, orientation_bins=12, orientation_offset=1.5708, sigma_scale=0.55, strength=0.1)",M2 Modified Gabor,"{""detail_clip"": 0.1, ""frequencies"": [0.075, 0.095, 0.115, 0.14], ""gamma"": 0.5, ""orientation_bins"": 12, ""orientation_offset"": 1.5707963267948966, ""sigma_scale"": 0.55, ""strength"": 0.1}",27.759733272900732,0.7882265864093005,0.0016750457477857116,27.769420578110555,0.7885009568164945,0.0016713135807806764,0.009687305209823194,0.0002743704071939135,-3.7321670050352324e-06,0.00022918633476365358,0.0031937000021571293
245__M_Right_middle_finger.BMP,245,"M2 Modified Gabor (detail_clip=0.1, frequencies=0.075/0.095/0.115/0.14, gamma=0.5, orientation_bins=12, orientation_offset=1.5708, sigma_scale=0.55, strength=0.1)",M2 Modified Gabor,"{""detail_clip"": 0.1, ""frequencies"": [0.075, 0.095, 0.115, 0.14], ""gamma"": 0.5, ""orientation_bins"": 12, ""orientation_offset"": 1.5707963267948966, ""sigma_scale"": 0.55, ""strength"": 0.1}",27.610087418904833,0.8386277327285409,0.0017337690984571036,27.61951999402322,0.8389200294638872,0.0017300075585310764,0.009432575118388797,0.0002922967353463646,-3.7615399260271937e-06,0.00020653697720263153,0.0030764000039198436
245__M_Right_ring_finger.BMP,245,"M2 Modified Gabor (detail_clip=0.1, frequencies=0.075/0.095/0.115/0.14, gamma=0.5, orientation_bins=12, orientation_offset=1.5708, sigma_scale=0.55, strength=0.1)",M2 Modified Gabor,"{""detail_clip"": 0.1, ""frequencies"": [0.075, 0.095, 0.115, 0.14], ""gamma"": 0.5, ""orientation_bins"": 12, ""orientation_offset"": 1.5707963267948966, ""sigma_scale"": 0.55, ""strength"": 0.1}",27.62839155773911,0.8352236195013225,0.0017264771874037441,27.63915601706092,0.835588275683105,0.0017222032255460053,0.010764459321809028,0.0003646561817824967,-4.273961857738807e-06,0.0002943324507214129,0.0012908999997307546
245__M_Right_thumb_finger.BMP,245,"M2 Modified Gabor (detail_clip=0.1, frequencies=0.075/0.095/0.115/0.14, gamma=0.5, orientation_bins=12, orientation_offset=1.5708, sigma_scale=0.55, strength=0.1)",M2 Modified Gabor,"{""detail_clip"": 0.1, ""frequencies"": [0.075, 0.095, 0.115, 0.14], ""gamma"": 0.5, ""orientation_bins"": 12, ""orientation_offset"": 1.5707963267948966, ""sigma_scale"": 0.55, ""strength"": 0.1}",27.02799729760429,0.9315969390202463,0.0019824409964453883,27.035236156889052,0.9317713276876509,0.0019791393983847397,0.007238859284761645,0.00017438866740460135,-3.3015980606485723e-06,0.000354598683770746,0.0032519999949727207
353__M_Left_index_finger.BMP,353,"M2 Modified Gabor (detail_clip=0.1, frequencies=0.075/0.095/0.115/0.14, gamma=0.5, orientation_bins=12, orientation_offset=1.5708, sigma_scale=0.55, strength=0.1)",M2 Modified Gabor,"{""detail_clip"": 0.1, ""frequencies"": [0.075, 0.095, 0.115, 0.14], ""gamma"": 0.5, ""orientation_bins"": 12, ""orientation_offset"": 1.5707963267948966, ""sigma_scale"": 0.55, ""strength"": 0.1}",27.210708483175573,0.7456378089148998,0.0019007681741822528,27.21588962781609,0.7458683931845427,0.0018985019048312342,0.005181144640516777,0.00023058426964284173,-2.2662693510186026e-06,0.0001540214871056378,0.722425200001453
353__M_Left_little_finger.BMP,353,"M2 Modified Gabor (detail_clip=0.1, frequencies=0.075/0.095/0.115/0.14, gamma=0.5, orientation_bins=12, orientation_offset=1.5708, sigma_scale=0.55, strength=0.1)",M2 Modified Gabor,"{""detail_clip"": 0.1, ""frequencies"": [0.075, 0.095, 0.115, 0.14], ""gamma"": 0.5, ""orientation_bins"": 12, ""orientation_offset"": 1.5707963267948966, ""sigma_scale"": 0.55, ""strength"": 0.1}",27.310469338294897,0.8111156491096616,0.0018576036946173202,27.324703889683867,0.8117148570715785,0.001851525130439996,0.014234551388970118,0.0005992079619169255,-6.078564177324289e-06,0.0002312812430318445,0.006353299999318551
353__M_Left_middle_finger.BMP,353,"M2 Modified Gabor (detail_clip=0.1, frequencies=0.075/0.095/0.115/0.14, gamma=0.5, orientation_bins=12, orientation_offset=1.5708, sigma_scale=0.55, strength=0.1)",M2 Modified Gabor,"{""detail_clip"": 0.1, ""frequencies"": [0.075, 0.095, 0.115, 0.14], ""gamma"": 0.5, ""orientation_bins"": 12, ""orientation_offset"": 1.5707963267948966, ""sigma_scale"": 0.55, ""strength"": 0.1}",27.07881538087769,0.8079627258788943,0.001959379057768534,27.08742670088414,0.8083619360165596,0.001955497791980168,0.008611320006451706,0.0003992101376653068,-3.881265788365992e-06,0.00021302211098372936,0.638509399999748
353__M_Left_ring_finger.BMP,353,"M2 Modified Gabor (detail_clip=0.1, frequencies=0.075/0.095/0.115/0.14, gamma=0.5, orientation_bins=12, orientation_offset=1.5708, sigma_scale=0.55, strength=0.1)",M2 Modified Gabor,"{""detail_clip"": 0.1, ""frequencies"": [0.075, 0.095, 0.115, 0.14], ""gamma"": 0.5, ""orientation_bins"": 12, ""orientation_offset"": 1.5707963267948966, ""sigma_scale"": 0.55, ""strength"": 0.1}",26.889426053059687,0.8387388352847099,0.0020467151048752454,26.893632328254753,0.8389809371681809,0.002044733758204211,0.004206275195066667,0.00024210188347095762,-1.981346671034185e-06,0.0002314057492185384,0.001196400000480935
353__M_Left_thumb_finger.BMP,353,"M2 Modified Gabor (detail_clip=0.1, frequencies=0.075/0.095/0.115/0.14, gamma=0.5, orientation_bins=12, orientation_offset=1.5708, sigma_scale=0.55, strength=0.1)",M2 Modified Gabor,"{""detail_clip"": 0.1, ""frequencies"": [0.075, 0.095, 0.115, 0.14], ""gamma"": 0.5, ""orientation_bins"": 12, ""orientation_offset"": 1.5707963267948966, ""sigma_scale"": 0.55, ""strength"": 0.1}",27.050436755067842,0.817199472497642,0.0019722243862978625,27.056749965409992,0.8175025891865492,0.001969359504882008,0.006313210342149489,0.0003031166889071457,-2.8648814158543576e-06,0.00023310034885071218,0.001197199999296572
353__M_Right_index_finger.BMP,353,"M2 Modified Gabor (detail_clip=0.1, frequencies=0.075/0.095/0.115/0.14, gamma=0.5, orientation_bins=12, orientation_offset=1.5708, sigma_scale=0.55, strength=0.1)",M2 Modified Gabor,"{""detail_clip"": 0.1, ""frequencies"": [0.075, 0.095, 0.115, 0.14], ""gamma"": 0.5, ""orientation_bins"": 12, ""orientation_offset"": 1.5707963267948966, ""sigma_scale"": 0.55, ""strength"": 0.1}",27.759630496506418,0.7777755392009615,0.001675085388445793,27.76669016732167,0.7780265918906927,0.0016723646665347835,0.0070596708152521614,0.0002510526897311349,-2.7207219110095965e-06,0.0001834822614910081,0.001847699997597374
353__M_Right_little_finger.BMP,353,"M2 Modified Gabor (detail_clip=0.1, frequencies=0.075/0.095/0.115/0.14, gamma=0.5, orientation_bins=12, orientation_offset=1.5708, sigma_scale=0.55, strength=0.1)",M2 Modified Gabor,"{""detail_clip"": 0.1, ""frequencies"": [0.075, 0.095, 0.115, 0.14], ""gamma"": 0.5, ""orientation_bins"": 12, ""orientation_offset"": 1.5707963267948966, ""sigma_scale"": 0.55, ""strength"": 0.1}",27.173805315813695,0.7856670542563796,0.001916988327244512,27.181060351169137,0.7859999791998863,0.0019137886071475966,0.007255035355441919,0.0003329249435066739,-3.1997200969154267e-06,0.00019458908354863524,0.002228500001365319
353__M_Right_middle_finger.BMP,353,"M2 Modified Gabor (detail_clip=0.1, frequencies=0.075/0.095/0.115/0.14, gamma=0.5, orientation_bins=12, orientation_offset=1.5708, sigma_scale=0.55, strength=0.1)",M2 Modified Gabor,"{""detail_clip"": 0.1, ""frequencies"": [0.075, 0.095, 0.115, 0.14], ""gamma"": 0.5, ""orientation_bins"": 12, ""orientation_offset"": 1.5707963267948966, ""sigma_scale"": 0.55, ""strength"": 0.1}",26.857230134638407,0.8565264380849004,0.002061944571451783,26.863007461374593,0.8568361213991343,0.002059203434269732,0.005777326736186694,0.0003096833142339772,-2.74113718205099e-06,0.00024298293283209205,0.0020156000027782284
353__M_Right_ring_finger.BMP,353,"M2 Modified Gabor (detail_clip=0.1, frequencies=0.075/0.095/0.115/0.14, gamma=0.5, orientation_bins=12, orientation_offset=1.5708, sigma_scale=0.55, strength=0.1)",M2 Modified Gabor,"{""detail_clip"": 0.1, ""frequencies"": [0.075, 0.095, 0.115, 0.14], ""gamma"": 0.5, ""orientation_bins"": 12, ""orientation_offset"": 1.5707963267948966, ""sigma_scale"": 0.55, ""strength"": 0.1}",26.911811584863287,0.8226192198185026,0.0020361925377766475,26.91787527140198,0.8229285695159435,0.0020333515581220096,0.006063686538691826,0.00030934969744089713,-2.840979654637841e-06,0.00022132365847937763,0.004007299998193048
353__M_Right_thumb_finger.BMP,353,"M2 Modified Gabor (detail_clip=0.1, frequencies=0.075/0.095/0.115/0.14, gamma=0.5, orientation_bins=12, orientation_offset=1.5708, sigma_scale=0.55, strength=0.1)",M2 Modified Gabor,"{""detail_clip"": 0.1, ""frequencies"": [0.075, 0.095, 0.115, 0.14], ""gamma"": 0.5, ""orientation_bins"": 12, ""orientation_offset"": 1.5707963267948966, ""sigma_scale"": 0.55, ""strength"": 0.1}",27.32793629146971,0.8724088980541229,0.0018501475751853827,27.333366071892257,0.8725743401795923,0.0018478358677699517,0.005429780422545605,0.00016544212546942827,-2.311707415430988e-06,0.0002450214815326035,0.0034634999974514358
382__M_Left_index_finger.BMP,382,"M2 Modified Gabor (detail_clip=0.1, frequencies=0.075/0.095/0.115/0.14, gamma=0.5, orientation_bins=12, orientation_offset=1.5708, sigma_scale=0.55, strength=0.1)",M2 Modified Gabor,"{""detail_clip"": 0.1, ""frequencies"": [0.075, 0.095, 0.115, 0.14], ""gamma"": 0.5, ""orientation_bins"": 12, ""orientation_offset"": 1.5707963267948966, ""sigma_scale"": 0.55, ""strength"": 0.1}",27.724036629139857,0.7947871396856904,0.0016888704505084351,27.7321814449125,0.7950658431147337,0.0016857060888468046,0.008144815772642033,0.00027870342904334766,-3.1643616616304927e-06,0.00017886783462017775,0.005569000000832602
382__M_Left_little_finger.BMP,382,"M2 Modified Gabor (detail_clip=0.1, frequencies=0.075/0.095/0.115/0.14, gamma=0.5, orientation_bins=12, orientation_offset=1.5708, sigma_scale=0.55, strength=0.1)",M2 Modified Gabor,"{""detail_clip"": 0.1, ""frequencies"": [0.075, 0.095, 0.115, 0.14], ""gamma"": 0.5, ""orientation_bins"": 12, ""orientation_offset"": 1.5707963267948966, ""sigma_scale"": 0.55, ""strength"": 0.1}",27.09271034075746,0.893729249388218,0.0019531201740218458,27.099794642469668,0.8940003501659036,0.001949936800961435,0.007084301712207974,0.0002711007776856622,-3.1833730604108237e-06,0.00027450223569758236,0.004329800001869444
382__M_Left_middle_finger.BMP,382,"M2 Modified Gabor (detail_clip=0.1, frequencies=0.075/0.095/0.115/0.14, gamma=0.5, orientation_bins=12, orientation_offset=1.5708, sigma_scale=0.55, strength=0.1)",M2 Modified Gabor,"{""detail_clip"": 0.1, ""frequencies"": [0.075, 0.095, 0.115, 0.14], ""gamma"": 0.5, ""orientation_bins"": 12, ""orientation_offset"": 1.5707963267948966, ""sigma_scale"": 0.55, ""strength"": 0.1}",27.57607971360535,0.8350109269056917,0.0017473987819297552,27.58155656702698,0.8351864187337756,0.0017451965400292202,0.005476853421630068,0.00017549182808396235,-2.2022419005349528e-06,0.00018478409037925303,0.0023663999963901006
382__M_Left_ring_finger.BMP,382,"M2 Modified Gabor (detail_clip=0.1, frequencies=0.075/0.095/0.115/0.14, gamma=0.5, orientation_bins=12, orientation_offset=1.5708, sigma_scale=0.55, strength=0.1)",M2 Modified Gabor,"{""detail_clip"": 0.1, ""frequencies"": [0.075, 0.095, 0.115, 0.14], ""gamma"": 0.5, ""orientation_bins"": 12, ""orientation_offset"": 1.5707963267948966, ""sigma_scale"": 0.55, ""strength"": 0.1}",27.060884356324884,0.8998926139307618,0.0019674856086986654,27.06931136728937,0.900173265024364,0.0019636716188776906,0.008427010964485504,0.0002806510936022022,-3.81398982097483e-06,0.0002779910573735833,0.005212399999436457
382__M_Left_thumb_finger.BMP,382,"M2 Modified Gabor (detail_clip=0.1, frequencies=0.075/0.095/0.115/0.14, gamma=0.5, orientation_bins=12, orientation_offset=1.5708, sigma_scale=0.55, strength=0.1)",M2 Modified Gabor,"{""detail_clip"": 0.1, ""frequencies"": [0.075, 0.095, 0.115, 0.14], ""gamma"": 0.5, ""orientation_bins"": 12, ""orientation_offset"": 1.5707963267948966, ""sigma_scale"": 0.55, ""strength"": 0.1}",27.255791680260188,0.8907386924384832,0.0018811387600763264,27.26485996535052,0.890976399104774,0.0018772149466363657,0.00906828509033275,0.000237706666290749,-3.9238134399606495e-06,0.00031196163035929203,0.00218019999738317
382__M_Right_index_finger.BMP,382,"M2 Modified Gabor (detail_clip=0.1, frequencies=0.075/0.095/0.115/0.14, gamma=0.5, orientation_bins=12, orientation_offset=1.5708, sigma_scale=0.55, strength=0.1)",M2 Modified Gabor,"{""detail_clip"": 0.1, ""frequencies"": [0.075, 0.095, 0.115, 0.14], ""gamma"": 0.5, ""orientation_bins"": 12, ""orientation_offset"": 1.5707963267948966, ""sigma_scale"": 0.55, ""strength"": 0.1}",27.455173245065584,0.8698757472695112,0.0017967294051407137,27.469945360036583,0.8703427259256243,0.0017906283823560323,0.014772114970998729,0.00046697865611311506,-6.1010227846813696e-06,0.00037115361192263663,0.0015725999983260408
382__M_Right_little_finger.BMP,382,"M2 Modified Gabor (detail_clip=0.1, frequencies=0.075/0.095/0.115/0.14, gamma=0.5, orientation_bins=12, orientation_offset=1.5708, sigma_scale=0.55, strength=0.1)",M2 Modified Gabor,"{""detail_clip"": 0.1, ""frequencies"": [0.075, 0.095, 0.115, 0.14], ""gamma"": 0.5, ""orientation_bins"": 12, ""orientation_offset"": 1.5707963267948966, ""sigma_scale"": 0.55, ""strength"": 0.1}",27.739852403413927,0.8104227801680863,0.001682731248342592,27.750014615860813,0.8107372284337878,0.0016787983682408337,0.010162212446886087,0.00031444826570148354,-3.9328801017582925e-06,0.00023147973115555942,0.001530800000182353
382__M_Right_middle_finger.BMP,382,"M2 Modified Gabor (detail_clip=0.1, frequencies=0.075/0.095/0.115/0.14, gamma=0.5, orientation_bins=12, orientation_offset=1.5708, sigma_scale=0.55, strength=0.1)",M2 Modified Gabor,"{""detail_clip"": 0.1, ""frequencies"": [0.075, 0.095, 0.115, 0.14], ""gamma"": 0.5, ""orientation_bins"": 12, ""orientation_offset"": 1.5707963267948966, ""sigma_scale"": 0.55, ""strength"": 0.1}",27.363344701743767,0.8778663659537435,0.0018351244851289054,27.37493031765977,0.8782552486561239,0.0018302354721153747,0.011585615916004599,0.0003888827023804664,-4.889013013530683e-06,0.0003078856971114874,0.0029417000041576102
382__M_Right_ring_finger.BMP,382,"M2 Modified Gabor (detail_clip=0.1, frequencies=0.075/0.095/0.115/0.14, gamma=0.5, orientation_bins=12, orientation_offset=1.5708, sigma_scale=0.55, strength=0.1)",M2 Modified Gabor,"{""detail_clip"": 0.1, ""frequencies"": [0.075, 0.095, 0.115, 0.14], ""gamma"": 0.5, ""orientation_bins"": 12, ""orientation_offset"": 1.5707963267948966, ""sigma_scale"": 0.55, ""strength"": 0.1}",27.682723706584703,0.8205907543003559,0.0017050127435947287,27.693584403648327,0.8209173094550372,0.0017007542294266182,0.010860697063623803,0.00032655515468127394,-4.2585141681104714e-06,0.0002410444722045213,0.0023600999993504956
382__M_Right_thumb_finger.BMP,382,"M2 Modified Gabor (detail_clip=0.1, frequencies=0.075/0.095/0.115/0.14, gamma=0.5, orientation_bins=12, orientation_offset=1.5708, sigma_scale=0.55, strength=0.1)",M2 Modified Gabor,"{""detail_clip"": 0.1, ""frequencies"": [0.075, 0.095, 0.115, 0.14], ""gamma"": 0.5, ""orientation_bins"": 12, ""orientation_offset"": 1.5707963267948966, ""sigma_scale"": 0.55, ""strength"": 0.1}",27.614139616680177,0.8601692046675384,0.001732152154429862,27.620035927871648,0.8604401838809251,0.0017298020490256686,0.005896311191470716,0.0002709792133867017,-2.3501054041933245e-06,0.00023724688799120486,0.0025524000011500902
95__M_Left_index_finger.BMP,95,"M2 Modified Gabor (detail_clip=0.1, frequencies=0.075/0.095/0.115/0.14, gamma=0.5, orientation_bins=12, orientation_offset=1.5708, sigma_scale=0.55, strength=0.1)",M2 Modified Gabor,"{""detail_clip"": 0.1, ""frequencies"": [0.075, 0.095, 0.115, 0.14], ""gamma"": 0.5, ""orientation_bins"": 12, ""orientation_offset"": 1.5707963267948966, ""sigma_scale"": 0.55, ""strength"": 0.1}",27.39134677204572,0.8359918886170089,0.0018233301895119857,27.40352959329914,0.8364015367854237,0.0018182225541496756,0.01218282125342185,0.0004096481684148223,-5.107635362310145e-06,0.0002394074690528214,0.0018914999964181334
95__M_Left_little_finger.BMP,95,"M2 Modified Gabor (detail_clip=0.1, frequencies=0.075/0.095/0.115/0.14, gamma=0.5, orientation_bins=12, orientation_offset=1.5708, sigma_scale=0.55, strength=0.1)",M2 Modified Gabor,"{""detail_clip"": 0.1, ""frequencies"": [0.075, 0.095, 0.115, 0.14], ""gamma"": 0.5, ""orientation_bins"": 12, ""orientation_offset"": 1.5707963267948966, ""sigma_scale"": 0.55, ""strength"": 0.1}",27.54402322678643,0.7636391966834069,0.0017603445389775525,27.550879356287787,0.7639461857157945,0.0017575677069053095,0.006856129501358055,0.0003069890323876834,-2.776832072243045e-06,0.00017205589392688125,0.0026217000049655326
95__M_Left_middle_finger.BMP,95,"M2 Modified Gabor (detail_clip=0.1, frequencies=0.075/0.095/0.115/0.14, gamma=0.5, orientation_bins=12, orientation_offset=1.5708, sigma_scale=0.55, strength=0.1)",M2 Modified Gabor,"{""detail_clip"": 0.1, ""frequencies"": [0.075, 0.095, 0.115, 0.14], ""gamma"": 0.5, ""orientation_bins"": 12, ""orientation_offset"": 1.5707963267948966, ""sigma_scale"": 0.55, ""strength"": 0.1}",27.293829348976956,0.8689211923083067,0.001864734754166977,27.29943593570789,0.8691488726639152,0.0018623290013695365,0.005606586730934282,0.00022768035560849498,-2.4057527974405152e-06,0.0002092545764753595,0.0015242000008584
95__M_Left_ring_finger.BMP,95,"M2 Modified Gabor (detail_clip=0.1, frequencies=0.075/0.095/0.115/0.14, gamma=0.5, orientation_bins=12, orientation_offset=1.5708, sigma_scale=0.55, strength=0.1)",M2 Modified Gabor,"{""detail_clip"": 0.1, ""frequencies"": [0.075, 0.095, 0.115, 0.14], ""gamma"": 0.5, ""orientation_bins"": 12, ""orientation_offset"": 1.5707963267948966, ""sigma_scale"": 0.55, ""strength"": 0.1}",27.092209087232433,0.8861374237051011,0.001953345612039718,27.100077148744262,0.8864349649116993,0.0019498099627242949,0.007868061511828728,0.0002975412065981953,-3.5356493154230836e-06,0.00023264047922566533,0.005568499997025356
95__M_Left_thumb_finger.BMP,95,"M2 Modified Gabor (detail_clip=0.1, frequencies=0.075/0.095/0.115/0.14, gamma=0.5, orientation_bins=12, orientation_offset=1.5708, sigma_scale=0.55, strength=0.1)",M2 Modified Gabor,"{""detail_clip"": 0.1, ""frequencies"": [0.075, 0.095, 0.115, 0.14], ""gamma"": 0.5, ""orientation_bins"": 12, ""orientation_offset"": 1.5707963267948966, ""sigma_scale"": 0.55, ""strength"": 0.1}",27.28356618176967,0.8596593739498853,0.001869146672021306,27.291572042947724,0.859908731821835,0.00186570422794195,0.008005861178052243,0.00024935787194968473,-3.442444079355955e-06,0.00022295108647085726,0.0021388000022852793
95__M_Right_index_finger.BMP,95,"M2 Modified Gabor (detail_clip=0.1, frequencies=0.075/0.095/0.115/0.14, gamma=0.5, orientation_bins=12, orientation_offset=1.5708, sigma_scale=0.55, strength=0.1)",M2 Modified Gabor,"{""detail_clip"": 0.1, ""frequencies"": [0.075, 0.095, 0.115, 0.14], ""gamma"": 0.5, ""orientation_bins"": 12, ""orientation_offset"": 1.5707963267948966, ""sigma_scale"": 0.55, ""strength"": 0.1}",27.733939330068015,0.7975209111049771,0.0016850239070106336,27.7429103010043,0.7978217121903897,0.0016815468426142968,0.008970970936285738,0.0003008010854125276,-3.4770643963367813e-06,0.00018197526514995843,0.003228100002161227
95__M_Right_little_finger.BMP,95,"M2 Modified Gabor (detail_clip=0.1, frequencies=0.075/0.095/0.115/0.14, gamma=0.5, orientation_bins=12, orientation_offset=1.5708, sigma_scale=0.55, strength=0.1)",M2 Modified Gabor,"{""detail_clip"": 0.1, ""frequencies"": [0.075, 0.095, 0.115, 0.14], ""gamma"": 0.5, ""orientation_bins"": 12, ""orientation_offset"": 1.5707963267948966, ""sigma_scale"": 0.55, ""strength"": 0.1}",27.35006041895754,0.8177310701611936,0.0018407463928654848,27.35609864981425,0.8179426822023391,0.001838188882023898,0.0060382308567099585,0.00021161204114550358,-2.5575108415867333e-06,0.00017709439271129668,0.0021885999958612956
95__M_Right_middle_finger.BMP,95,"M2 Modified Gabor (detail_clip=0.1, frequencies=0.075/0.095/0.115/0.14, gamma=0.5, orientation_bins=12, orientation_offset=1.5708, sigma_scale=0.55, strength=0.1)",M2 Modified Gabor,"{""detail_clip"": 0.1, ""frequencies"": [0.075, 0.095, 0.115, 0.14], ""gamma"": 0.5, ""orientation_bins"": 12, ""orientation_offset"": 1.5707963267948966, ""sigma_scale"": 0.55, ""strength"": 0.1}",27.256887464854394,0.8745515389959216,0.001880664182818134,27.261027551582295,0.8747204786736369,0.0018788722183530778,0.0041400867279008935,0.00016893967771525187,-1.791964465056332e-06,0.00018511604866944253,0.0019277999963378534
95__M_Right_ring_finger.BMP,95,"M2 Modified Gabor (detail_clip=0.1, frequencies=0.075/0.095/0.115/0.14, gamma=0.5, orientation_bins=12, orientation_offset=1.5708, sigma_scale=0.55, strength=0.1)",M2 Modified Gabor,"{""detail_clip"": 0.1, ""frequencies"": [0.075, 0.095, 0.115, 0.14], ""gamma"": 0.5, ""orientation_bins"": 12, ""orientation_offset"": 1.5707963267948966, ""sigma_scale"": 0.55, ""strength"": 0.1}",27.06599395535293,0.8813759167299867,0.0019651721666833826,27.072697551027325,0.8816784448373616,0.0019621411455213,0.0067035956743950464,0.00030252810737485536,-3.0310211620826304e-06,0.00019804570183623582,0.005501700004970189
95__M_Right_thumb_finger.BMP,95,"M2 Modified Gabor (detail_clip=0.1, frequencies=0.075/0.095/0.115/0.14, gamma=0.5, orientation_bins=12, orientation_offset=1.5708, sigma_scale=0.55, strength=0.1)",M2 Modified Gabor,"{""detail_clip"": 0.1, ""frequencies"": [0.075, 0.095, 0.115, 0.14], ""gamma"": 0.5, ""orientation_bins"": 12, ""orientation_offset"": 1.5707963267948966, ""sigma_scale"": 0.55, ""strength"": 0.1}",27.280560331397304,0.858041308440566,0.0018704407985196255,27.2879632513543,0.8582844200662374,0.0018672551884476283,0.0074029199569949355,0.00024311162567136613,-3.1856100719972105e-06,0.00022215567878447473,0.004056600002513733
344__M_Left_index_finger.BMP,344,"M2 Modified Gabor (detail_clip=0.1, frequencies=0.075/0.095/0.115/0.14, gamma=0.5, orientation_bins=12, orientation_offset=1.5708, sigma_scale=0.55, strength=0.1)",M2 Modified Gabor,"{""detail_clip"": 0.1, ""frequencies"": [0.075, 0.095, 0.115, 0.14], ""gamma"": 0.5, ""orientation_bins"": 12, ""orientation_offset"": 1.5707963267948966, ""sigma_scale"": 0.55, ""strength"": 0.1}",27.762510472264623,0.7805653719962835,0.0016739749423528873,27.77361769980672,0.7809498669897318,0.0016696991651507266,0.01110722754209803,0.0003844949934482811,-4.275777202160684e-06,0.0003077726869378239,0.00467219999700319
344__M_Left_little_finger.BMP,344,"M2 Modified Gabor (detail_clip=0.1, frequencies=0.075/0.095/0.115/0.14, gamma=0.5, orientation_bins=12, orientation_offset=1.5708, sigma_scale=0.55, strength=0.1)",M2 Modified Gabor,"{""detail_clip"": 0.1, ""frequencies"": [0.075, 0.095, 0.115, 0.14], ""gamma"": 0.5, ""orientation_bins"": 12, ""orientation_offset"": 1.5707963267948966, ""sigma_scale"": 0.55, ""strength"": 0.1}",27.452418963348357,0.827007361033082,0.0017978692465879286,27.460192858466748,0.8273086471133828,0.0017946539293220388,0.007773895118390328,0.00030128608030077775,-3.215317265889764e-06,0.0002591544180177152,0.004863800000748597
344__M_Left_middle_finger.BMP,344,"M2 Modified Gabor (detail_clip=0.1, frequencies=0.075/0.095/0.115/0.14, gamma=0.5, orientation_bins=12, orientation_offset=1.5708, sigma_scale=0.55, strength=0.1)",M2 Modified Gabor,"{""detail_clip"": 0.1, ""frequencies"": [0.075, 0.095, 0.115, 0.14], ""gamma"": 0.5, ""orientation_bins"": 12, ""orientation_offset"": 1.5707963267948966, ""sigma_scale"": 0.55, ""strength"": 0.1}",27.198867390325397,0.8704623010368348,0.0019059577136130844,27.20747441432543,0.8707840010679364,0.0019021841499307526,0.008607024000031771,0.0003217000311016571,-3.773563682331815e-06,0.00028337366529740393,0.006637299993599299
344__M_Left_ring_finger.BMP,344,"M2 Modified Gabor (detail_clip=0.1, frequencies=0.075/0.095/0.115/0.14, gamma=0.5, orientation_bins=12, orientation_offset=1.5708, sigma_scale=0.55, strength=0.1)",M2 Modified Gabor,"{""detail_clip"": 0.1, ""frequencies"": [0.075, 0.095, 0.115, 0.14], ""gamma"": 0.5, ""orientation_bins"": 12, ""orientation_offset"": 1.5707963267948966, ""sigma_scale"": 0.55, ""strength"": 0.1}",27.60905736985692,0.799125665891707,0.0017341803583473727,27.61651602842631,0.799401678878367,0.0017312045990489384,0.007458658569390764,0.0002760129866600236,-2.9757592984343533e-06,0.0002533994847908616,0.005293200003507081
344__M_Left_thumb_finger.BMP,344,"M2 Modified Gabor (detail_clip=0.1, frequencies=0.075/0.095/0.115/0.14, gamma=0.5, orientation_bins=12, orientation_offset=1.5708, sigma_scale=0.55, strength=0.1)",M2 Modified Gabor,"{""detail_clip"": 0.1, ""frequencies"": [0.075, 0.095, 0.115, 0.14], ""gamma"": 0.5, ""orientation_bins"": 12, ""orientation_offset"": 1.5707963267948966, ""sigma_scale"": 0.55, ""strength"": 0.1}",27.632042690311692,0.8132330956027806,0.0017250263404855889,27.639150371410892,0.8134926112134456,0.0017222054643409744,0.007107681099199681,0.000259515610665062,-2.8208761446144905e-06,0.00019321536819916219,0.001283900004636962
344__M_Right_index_finger.BMP,344,"M2 Modified Gabor (detail_clip=0.1, frequencies=0.075/0.095/0.115/0.14, gamma=0.5, orientation_bins=12, orientation_offset=1.5708, sigma_scale=0.55, strength=0.1)",M2 Modified Gabor,"{""detail_clip"": 0.1, ""frequencies"": [0.075, 0.095, 0.115, 0.14], ""gamma"": 0.5, ""orientation_bins"": 12, ""orientation_offset"": 1.5707963267948966, ""sigma_scale"": 0.55, ""strength"": 0.1}",28.06532231982077,0.7543945262865425,0.0015612331638131629,28.07644866865988,0.754788738349557,0.0015572385028082985,0.011126348839109568,0.0003942120630144874,-3.994661004864345e-06,0.00022262426500674337,0.003277900003013201
344__M_Right_little_finger.BMP,344,"M2 Modified Gabor (detail_clip=0.1, frequencies=0.075/0.095/0.115/0.14, gamma=0.5, orientation_bins=12, orientation_offset=1.5708, sigma_scale=0.55, strength=0.1)",M2 Modified Gabor,"{""detail_clip"": 0.1, ""frequencies"": [0.075, 0.095, 0.115, 0.14], ""gamma"": 0.5, ""orientation_bins"": 12, ""orientation_offset"": 1.5707963267948966, ""sigma_scale"": 0.55, ""strength"": 0.1}",27.731778392957537,0.7995503482174575,0.0016858625399856957,27.74125699720889,0.7998862012315094,0.0016821871079494314,0.009478604251352607,0.00033585301405192336,-3.6754320362642617e-06,0.0002161862066714093,0.6389445999957388
344__M_Right_middle_finger.BMP,344,"M2 Modified Gabor (detail_clip=0.1, frequencies=0.075/0.095/0.115/0.14, gamma=0.5, orientation_bins=12, orientation_offset=1.5708, sigma_scale=0.55, strength=0.1)",M2 Modified Gabor,"{""detail_clip"": 0.1, ""frequencies"": [0.075, 0.095, 0.115, 0.14], ""gamma"": 0.5, ""orientation_bins"": 12, ""orientation_offset"": 1.5707963267948966, ""sigma_scale"": 0.55, ""strength"": 0.1}",27.123512802150984,0.8627072790634036,0.001939316621763977,27.12932206219673,0.8629878042464256,0.0019367242648449792,0.005809260045747777,0.0002805251830220179,-2.592356918997875e-06,0.00024174130521714687,0.004432100002304651
344__M_Right_ring_finger.BMP,344,"M2 Modified Gabor (detail_clip=0.1, frequencies=0.075/0.095/0.115/0.14, gamma=0.5, orientation_bins=12, orientation_offset=1.5708, sigma_scale=0.55, strength=0.1)",M2 Modified Gabor,"{""detail_clip"": 0.1, ""frequencies"": [0.075, 0.095, 0.115, 0.14], ""gamma"": 0.5, ""orientation_bins"": 12, ""orientation_offset"": 1.5707963267948966, ""sigma_scale"": 0.55, ""strength"": 0.1}",27.835652295697912,0.7775291997701526,0.0016460187212879532,27.844916353235803,0.7778786971864105,0.0016425112947604159,0.009264057537890835,0.00034949741625789343,-3.5074265275372805e-06,0.00021197048772592098,0.0039816000062273815
344__M_Right_thumb_finger.BMP,344,"M2 Modified Gabor (detail_clip=0.1, frequencies=0.075/0.095/0.115/0.14, gamma=0.5, orientation_bins=12, orientation_offset=1.5708, sigma_scale=0.55, strength=0.1)",M2 Modified Gabor,"{""detail_clip"": 0.1, ""frequencies"": [0.075, 0.095, 0.115, 0.14], ""gamma"": 0.5, ""orientation_bins"": 12, ""orientation_offset"": 1.5707963267948966, ""sigma_scale"": 0.55, ""strength"": 0.1}",27.33616603778286,0.8854889540035129,0.0018466449224242521,27.342493720866283,0.885701723026812,0.0018439563145951172,0.006327683083423352,0.00021276902329914194,-2.688607829134937e-06,0.00027618961757980287,0.5088338999994448
11__M_Left_index_finger.BMP,11,"M2 Modified Gabor (detail_clip=0.1, frequencies=0.075/0.095/0.115/0.14, gamma=0.5, orientation_bins=12, orientation_offset=1.5708, sigma_scale=0.55, strength=0.1)",M2 Modified Gabor,"{""detail_clip"": 0.1, ""frequencies"": [0.075, 0.095, 0.115, 0.14], ""gamma"": 0.5, ""orientation_bins"": 12, ""orientation_offset"": 1.5707963267948966, ""sigma_scale"": 0.55, ""strength"": 0.1}",27.203616911366883,0.9008611038495302,0.0019038744639929986,27.21632180229834,0.9013345434446335,0.0018983129907903322,0.012704890931455992,0.0004734395951032644,-5.5614732026663515e-06,0.0003165283123962581,0.004754000001412351
11__M_Left_little_finger.BMP,11,"M2 Modified Gabor (detail_clip=0.1, frequencies=0.075/0.095/0.115/0.14, gamma=0.5, orientation_bins=12, orientation_offset=1.5708, sigma_scale=0.55, strength=0.1)",M2 Modified Gabor,"{""detail_clip"": 0.1, ""frequencies"": [0.075, 0.095, 0.115, 0.14], ""gamma"": 0.5, ""orientation_bins"": 12, ""orientation_offset"": 1.5707963267948966, ""sigma_scale"": 0.55, ""strength"": 0.1}",27.603947845869165,0.8116633612370789,0.0017362218419469892,27.618862636767012,0.8121592044195532,0.0017302694359300798,0.014914790897847752,0.0004958431824743093,-5.95240601690937e-06,0.000268433679593727,0.0043304999999236315
11__M_Left_middle_finger.BMP,11,"M2 Modified Gabor (detail_clip=0.1, frequencies=0.075/0.095/0.115/0.14, gamma=0.5, orientation_bins=12, orientation_offset=1.5708, sigma_scale=0.55, strength=0.1)",M2 Modified Gabor,"{""detail_clip"": 0.1, ""frequencies"": [0.075, 0.095, 0.115, 0.14], ""gamma"": 0.5, ""orientation_bins"": 12, ""orientation_offset"": 1.5707963267948966, ""sigma_scale"": 0.55, ""strength"": 0.1}",27.590430544347054,0.8268025367977023,0.0017416342053143082,27.603094495579246,0.827216906383425,0.0017365630277194682,0.01266395123219155,0.0004143695857227181,-5.071177594840031e-06,0.00026890801382251084,0.0029672000018763356
11__M_Left_ring_finger.BMP,11,"M2 Modified Gabor (detail_clip=0.1, frequencies=0.075/0.095/0.115/0.14, gamma=0.5, orientation_bins=12, orientation_offset=1.5708, sigma_scale=0.55, strength=0.1)",M2 Modified Gabor,"{""detail_clip"": 0.1, ""frequencies"": [0.075, 0.095, 0.115, 0.14], ""gamma"": 0.5, ""orientation_bins"": 12, ""orientation_offset"": 1.5707963267948966, ""sigma_scale"": 0.55, ""strength"": 0.1}",27.392334022377923,0.8411362929831148,0.001822915752113899,27.40311514442856,0.8415014854301214,0.0018183960760968442,0.010781122050637748,0.0003651924470066126,-4.5196760170547554e-06,0.00022239965619519353,0.001977100000658538
11__M_Left_thumb_finger.BMP,11,"M2 Modified Gabor (detail_clip=0.1, frequencies=0.075/0.095/0.115/0.14, gamma=0.5, orientation_bins=12, orientation_offset=1.5708, sigma_scale=0.55, strength=0.1)",M2 Modified Gabor,"{""detail_clip"": 0.1, ""frequencies"": [0.075, 0.095, 0.115, 0.14], ""gamma"": 0.5, ""orientation_bins"": 12, ""orientation_offset"": 1.5707963267948966, ""sigma_scale"": 0.55, ""strength"": 0.1}",27.226832768569444,0.8868178059300185,0.0018937241741067202,27.230646241092252,0.8869545651063919,0.0018920620541129731,0.003813472522807615,0.0001367591763734577,-1.6621199937470743e-06,0.00018373577040620148,0.0028775999962817878
11__M_Right_index_finger.BMP,11,"M2 Modified Gabor (detail_clip=0.1, frequencies=0.075/0.095/0.115/0.14, gamma=0.5, orientation_bins=12, orientation_offset=1.5708, sigma_scale=0.55, strength=0.1)",M2 Modified Gabor,"{""detail_clip"": 0.1, ""frequencies"": [0.075, 0.095, 0.115, 0.14], ""gamma"": 0.5, ""orientation_bins"": 12, ""orientation_offset"": 1.5707963267948966, ""sigma_scale"": 0.55, ""strength"": 0.1}",27.136074356580547,0.9018011115424037,0.001933715437414644,27.1427147135285,0.9020659817328454,0.0019307610482442014,0.006640356947951176,0.00026487019044163507,-2.9543891704425073e-06,0.00030488581978715956,0.0012385000009089708
11__M_Right_little_finger.BMP,11,"M2 Modified Gabor (detail_clip=0.1, frequencies=0.075/0.095/0.115/0.14, gamma=0.5, orientation_bins=12, orientation_offset=1.5708, sigma_scale=0.55, strength=0.1)",M2 Modified Gabor,"{""detail_clip"": 0.1, ""frequencies"": [0.075, 0.095, 0.115, 0.14], ""gamma"": 0.5, ""orientation_bins"": 12, ""orientation_offset"": 1.5707963267948966, ""sigma_scale"": 0.55, ""strength"": 0.1}",27.152824278914682,0.8622665558641552,0.0019262718237624946,27.161893381746935,0.8625822870895267,0.001922253506613116,0.00906910283225315,0.0003157312253714295,-4.0183171493787546e-06,0.0002884891291614622,0.4377096999960486
11__M_Right_middle_finger.BMP,11,"M2 Modified Gabor (detail_clip=0.1, frequencies=0.075/0.095/0.115/0.14, gamma=0.5, orientation_bins=12, orientation_offset=1.5708, sigma_scale=0.55, strength=0.1)",M2 Modified Gabor,"{""detail_clip"": 0.1, ""frequencies"": [0.075, 0.095, 0.115, 0.14], ""gamma"": 0.5, ""orientation_bins"": 12, ""orientation_offset"": 1.5707963267948966, ""sigma_scale"": 0.55, ""strength"": 0.1}",27.00580270522638,0.9078310691341758,0.001992598180785455,27.013400158058623,0.9081519478150308,0.001989115420259913,0.007597452832243334,0.00032087868085506344,-3.4827605255422465e-06,0.00027513454551808536,0.0013706000027013943
11__M_Right_ring_finger.BMP,11,"M2 Modified Gabor (detail_clip=0.1, frequencies=0.075/0.095/0.115/0.14, gamma=0.5, orientation_bins=12, orientation_offset=1.5708, sigma_scale=0.55, strength=0.1)",M2 Modified Gabor,"{""detail_clip"": 0.1, ""frequencies"": [0.075, 0.095, 0.115, 0.14], ""gamma"": 0.5, ""orientation_bins"": 12, ""orientation_offset"": 1.5707963267948966, ""sigma_scale"": 0.55, ""strength"": 0.1}",27.021850611583677,0.8927556960483194,0.0019852487847385036,27.03118473031698,0.8931083646441698,0.0019809865503752164,0.009334118733303143,0.00035266859585036947,-4.262234363287126e-06,0.0003095287538599223,0.002957199998490978
11__M_Right_thumb_finger.BMP,11,"M2 Modified Gabor (detail_clip=0.1, frequencies=0.075/0.095/0.115/0.14, gamma=0.5, orientation_bins=12, orientation_offset=1.5708, sigma_scale=0.55, strength=0.1)",M2 Modified Gabor,"{""detail_clip"": 0.1, ""frequencies"": [0.075, 0.095, 0.115, 0.14], ""gamma"": 0.5, ""orientation_bins"": 12, ""orientation_offset"": 1.5707963267948966, ""sigma_scale"": 0.55, ""strength"": 0.1}",27.17641616657664,0.8897543843449354,0.001915836236548887,27.18229390619844,0.8899556284204125,0.0019132450984409679,0.0058777396217983835,0.00020124407547716938,-2.5911381079191196e-06,0.00021750091400463134,0.003030299994861707
596__M_Left_index_finger.BMP,596,"M2 Modified Gabor (detail_clip=0.1, frequencies=0.075/0.095/0.115/0.14, gamma=0.5, orientation_bins=12, orientation_offset=1.5708, sigma_scale=0.55, strength=0.1)",M2 Modified Gabor,"{""detail_clip"": 0.1, ""frequencies"": [0.075, 0.095, 0.115, 0.14], ""gamma"": 0.5, ""orientation_bins"": 12, ""orientation_offset"": 1.5707963267948966, ""sigma_scale"": 0.55, ""strength"": 0.1}",27.260806598241672,0.8798176140753031,0.0018789678110145568,27.266228760965458,0.8800115049865842,0.0018766233851936832,0.005422162723785817,0.0001938909112810805,-2.3444258208736145e-06,0.0001918453344842419,0.003896900001564063
596__M_Left_little_finger.BMP,596,"M2 Modified Gabor (detail_clip=0.1, frequencies=0.075/0.095/0.115/0.14, gamma=0.5, orientation_bins=12, orientation_offset=1.5708, sigma_scale=0.55, strength=0.1)",M2 Modified Gabor,"{""detail_clip"": 0.1, ""frequencies"": [0.075, 0.095, 0.115, 0.14], ""gamma"": 0.5, ""orientation_bins"": 12, ""orientation_offset"": 1.5707963267948966, ""sigma_scale"": 0.55, ""strength"": 0.1}",27.245229741228027,0.8731450250470638,0.0018857192125455908,27.253586664764114,0.8734708810753822,0.0018820941010882109,0.008356923536087635,0.0003258560283183609,-3.6251114573799398e-06,0.0002027131267823279,0.004235000000335276
596__M_Left_middle_finger.BMP,596,"M2 Modified Gabor (detail_clip=0.1, frequencies=0.075/0.095/0.115/0.14, gamma=0.5, orientation_bins=12, orientation_offset=1.5708, sigma_scale=0.55, strength=0.1)",M2 Modified Gabor,"{""detail_clip"": 0.1, ""frequencies"": [0.075, 0.095, 0.115, 0.14], ""gamma"": 0.5, ""orientation_bins"": 12, ""orientation_offset"": 1.5707963267948966, ""sigma_scale"": 0.55, ""strength"": 0.1}",26.99262791235228,0.912509316891849,0.0019986521208996,26.99968051200868,0.9127776759546101,0.00199540910149823,0.007052599656400815,0.0002683590627611254,-3.2430194013698295e-06,0.0002376438060309738,0.4946949999939534
596__M_Left_ring_finger.BMP,596,"M2 Modified Gabor (detail_clip=0.1, frequencies=0.075/0.095/0.115/0.14, gamma=0.5, orientation_bins=12, orientation_offset=1.5708, sigma_scale=0.55, strength=0.1)",M2 Modified Gabor,"{""detail_clip"": 0.1, ""frequencies"": [0.075, 0.095, 0.115, 0.14], ""gamma"": 0.5, ""orientation_bins"": 12, ""orientation_offset"": 1.5707963267948966, ""sigma_scale"": 0.55, ""strength"": 0.1}",27.129796070868846,0.8973039204165042,0.001936512893520118,27.14239484758145,0.8977598310316801,0.0019309032576161004,0.01259877671260412,0.000455910615175914,-5.6096359040175466e-06,0.0002860559616237879,0.004172400003881194
596__M_Left_thumb_finger.BMP,596,"M2 Modified Gabor (detail_clip=0.1, frequencies=0.075/0.095/0.115/0.14, gamma=0.5, orientation_bins=12, orientation_offset=1.5708, sigma_scale=0.55, strength=0.1)",M2 Modified Gabor,"{""detail_clip"": 0.1, ""frequencies"": [0.075, 0.095, 0.115, 0.14], ""gamma"": 0.5, ""orientation_bins"": 12, ""orientation_offset"": 1.5707963267948966, ""sigma_scale"": 0.55, ""strength"": 0.1}",27.379324201259738,0.8905684232832194,0.0018283847060455828,27.384464011567204,0.8907133015002012,0.0018262221200095465,0.005139810307465353,0.00014487821698183634,-2.162586036036319e-06,0.00012760426034219563,0.00555970000277739
596__M_Right_index_finger.BMP,596,"M2 Modified Gabor (detail_clip=0.1, frequencies=0.075/0.095/0.115/0.14, gamma=0.5, orientation_bins=12, orientation_offset=1.5708, sigma_scale=0.55, strength=0.1)",M2 Modified Gabor,"{""detail_clip"": 0.1, ""frequencies"": [0.075, 0.095, 0.115, 0.14], ""gamma"": 0.5, ""orientation_bins"": 12, ""orientation_offset"": 1.5707963267948966, ""sigma_scale"": 0.55, ""strength"": 0.1}",27.133718326101807,0.9018753187772035,0.001934764755031613,27.139258960222374,0.902057804245472,0.001932297998277377,0.005540634120567489,0.00018248546826848955,-2.4667567542361116e-06,0.00020767642126884311,0.002547100004449021
596__M_Right_little_finger.BMP,596,"M2 Modified Gabor (detail_clip=0.1, frequencies=0.075/0.095/0.115/0.14, gamma=0.5, orientation_bins=12, orientation_offset=1.5708, sigma_scale=0.55, strength=0.1)",M2 Modified Gabor,"{""detail_clip"": 0.1, ""frequencies"": [0.075, 0.095, 0.115, 0.14], ""gamma"": 0.5, ""orientation_bins"": 12, ""orientation_offset"": 1.5707963267948966, ""sigma_scale"": 0.55, ""strength"": 0.1}",27.37921045502823,0.8755564471014738,0.0018284325939654745,27.391292035106957,0.8759490027003288,0.0018233531702649154,0.012081580078728393,0.00039255559885498226,-5.079423700559077e-06,0.00026161401183344424,0.5998258999970858
596__M_Right_middle_finger.BMP,596,"M2 Modified Gabor (detail_clip=0.1, frequencies=0.075/0.095/0.115/0.14, gamma=0.5, orientation_bins=12, orientation_offset=1.5708, sigma_scale=0.55, strength=0.1)",M2 Modified Gabor,"{""detail_clip"": 0.1, ""frequencies"": [0.075, 0.095, 0.115, 0.14], ""gamma"": 0.5, ""orientation_bins"": 12, ""orientation_offset"": 1.5707963267948966, ""sigma_scale"": 0.55, ""strength"": 0.1}",26.909507831988964,0.9266714336516261,0.0020372729403576964,26.91541322348817,0.9269179729754925,0.0020345046071399524,0.005905391499204882,0.00024653932386642374,-2.768333217743977e-06,0.000227936398005113,0.004674200004956219
596__M_Right_ring_finger.BMP,596,"M2 Modified Gabor (detail_clip=0.1, frequencies=0.075/0.095/0.115/0.14, gamma=0.5, orientation_bins=12, orientation_offset=1.5708, sigma_scale=0.55, strength=0.1)",M2 Modified Gabor,"{""detail_clip"": 0.1, ""frequencies"": [0.075, 0.095, 0.115, 0.14], ""gamma"": 0.5, ""orientation_bins"": 12, ""orientation_offset"": 1.5707963267948966, ""sigma_scale"": 0.55, ""strength"": 0.1}",27.017619156241306,0.899512990084827,0.001987184012026754,27.02294805165205,0.8997210161708593,0.0019847471858456135,0.005328895410745105,0.0002080260860323202,-2.4368261811406194e-06,0.00024271957227028906,0.0043370999992475845
596__M_Right_thumb_finger.BMP,596,"M2 Modified Gabor (detail_clip=0.1, frequencies=0.075/0.095/0.115/0.14, gamma=0.5, orientation_bins=12, orientation_offset=1.5708, sigma_scale=0.55, strength=0.1)",M2 Modified Gabor,"{""detail_clip"": 0.1, ""frequencies"": [0.075, 0.095, 0.115, 0.14], ""gamma"": 0.5, ""orientation_bins"": 12, ""orientation_offset"": 1.5707963267948966, ""sigma_scale"": 0.55, ""strength"": 0.1}",27.048373670607816,0.9173447010877133,0.001973161499765388,27.05202972216795,0.9174628429650664,0.001971501118426381,0.003656051560135154,0.00011814187735315063,-1.6603813390069291e-06,0.00015478581190109253,0.005398799999966286
64__M_Left_index_finger.BMP,64,"M2 Modified Gabor (detail_clip=0.1, frequencies=0.075/0.095/0.115/0.14, gamma=0.5, orientation_bins=12, orientation_offset=1.5708, sigma_scale=0.55, strength=0.1)",M2 Modified Gabor,"{""detail_clip"": 0.1, ""frequencies"": [0.075, 0.095, 0.115, 0.14], ""gamma"": 0.5, ""orientation_bins"": 12, ""orientation_offset"": 1.5707963267948966, ""sigma_scale"": 0.55, ""strength"": 0.1}",27.62826064340018,0.8292306531518697,0.0017265292313591058,27.6429827739244,0.8297503006473184,0.0017206863860341236,0.014722130524219779,0.0005196474954486385,-5.842845324982148e-06,0.00026577734388411045,0.00371879999875091
64__M_Left_little_finger.BMP,64,"M2 Modified Gabor (detail_clip=0.1, frequencies=0.075/0.095/0.115/0.14, gamma=0.5, orientation_bins=12, orientation_offset=1.5708, sigma_scale=0.55, strength=0.1)",M2 Modified Gabor,"{""detail_clip"": 0.1, ""frequencies"": [0.075, 0.095, 0.115, 0.14], ""gamma"": 0.5, ""orientation_bins"": 12, ""orientation_offset"": 1.5707963267948966, ""sigma_scale"": 0.55, ""strength"": 0.1}",27.893549799331836,0.7610234317880273,0.0016242206213852067,27.90604685977742,0.7614480189034343,0.0016195535561005904,0.01249706044558252,0.00042458711540693805,-4.667065284616337e-06,0.00021802372066304088,0.0018106999996234663
64__M_Left_middle_finger.BMP,64,"M2 Modified Gabor (detail_clip=0.1, frequencies=0.075/0.095/0.115/0.14, gamma=0.5, orientation_bins=12, orientation_offset=1.5708, sigma_scale=0.55, strength=0.1)",M2 Modified Gabor,"{""detail_clip"": 0.1, ""frequencies"": [0.075, 0.095, 0.115, 0.14], ""gamma"": 0.5, ""orientation_bins"": 12, ""orientation_offset"": 1.5707963267948966, ""sigma_scale"": 0.55, ""strength"": 0.1}",27.366287206965186,0.8809769827733636,0.0018338815417542622,27.37530488170597,0.8813055307877063,0.001830077627410782,0.009017674740782411,0.0003285480143427888,-3.8039143434801925e-06,0.00021021076827310026,0.6213268000065
64__M_Left_ring_finger.BMP,64,"M2 Modified Gabor (detail_clip=0.1, frequencies=0.075/0.095/0.115/0.14, gamma=0.5, orientation_bins=12, orientation_offset=1.5708, sigma_scale=0.55, strength=0.1)",M2 Modified Gabor,"{""detail_clip"": 0.1, ""frequencies"": [0.075, 0.095, 0.115, 0.14], ""gamma"": 0.5, ""orientation_bins"": 12, ""orientation_offset"": 1.5707963267948966, ""sigma_scale"": 0.55, ""strength"": 0.1}",27.55558662593171,0.8294891931387186,0.001755663730828133,27.56542100699187,0.8298217674242258,0.0017516926161205062,0.009834381060159103,0.00033257428550714785,-3.9711147076268265e-06,0.0002383386017754674,0.002238199995190371
64__M_Left_thumb_finger.BMP,64,"M2 Modified Gabor (detail_clip=0.1, frequencies=0.075/0.095/0.115/0.14, gamma=0.5, orientation_bins=12, orientation_offset=1.5708, sigma_scale=0.55, strength=0.1)",M2 Modified Gabor,"{""detail_clip"": 0.1, ""frequencies"": [0.075, 0.095, 0.115, 0.14], ""gamma"": 0.5, ""orientation_bins"": 12, ""orientation_offset"": 1.5707963267948966, ""sigma_scale"": 0.55, ""strength"": 0.1}",27.204435955098237,0.91235571216169,0.0019035154427577963,27.212921440389554,0.9126563468981981,0.0018997998802409584,0.008485485291316763,0.0003006347365080986,-3.7155625168378524e-06,0.00026389549020677805,0.003603999997721985
64__M_Right_index_finger.BMP,64,"M2 Modified Gabor (detail_clip=0.1, frequencies=0.075/0.095/0.115/0.14, gamma=0.5, orientation_bins=12, orientation_offset=1.5708, sigma_scale=0.55, strength=0.1)",M2 Modified Gabor,"{""detail_clip"": 0.1, ""frequencies"": [0.075, 0.095, 0.115, 0.14], ""gamma"": 0.5, ""orientation_bins"": 12, ""orientation_offset"": 1.5707963267948966, ""sigma_scale"": 0.55, ""strength"": 0.1}",27.238002271579553,0.8908969863732458,0.001888860013503536,27.24868990914825,0.8912413476023971,0.001884217395970941,0.010687637568697284,0.0003443612291513798,-4.6426175325949524e-06,0.00027953030075877905,0.00196239999786485
64__M_Right_little_finger.BMP,64,"M2 Modified Gabor (detail_clip=0.1, frequencies=0.075/0.095/0.115/0.14, gamma=0.5, orientation_bins=12, orientation_offset=1.5708, sigma_scale=0.55, strength=0.1)",M2 Modified Gabor,"{""detail_clip"": 0.1, ""frequencies"": [0.075, 0.095, 0.115, 0.14], ""gamma"": 0.5, ""orientation_bins"": 12, ""orientation_offset"": 1.5707963267948966, ""sigma_scale"": 0.55, ""strength"": 0.1}",27.444163471016246,0.8477464560411573,0.0018012900617678633,27.449531852412573,0.8479351215694547,0.0017990648348088219,0.005368381396326782,0.0001886655282974381,-2.2252269590414177e-06,0.00018678928609006107,0.3759781000044313
64__M_Right_middle_finger.BMP,64,"M2 Modified Gabor (detail_clip=0.1, frequencies=0.075/0.095/0.115/0.14, gamma=0.5, orientation_bins=12, orientation_offset=1.5708, sigma_scale=0.55, strength=0.1)",M2 Modified Gabor,"{""detail_clip"": 0.1, ""frequencies"": [0.075, 0.095, 0.115, 0.14], ""gamma"": 0.5, ""orientation_bins"": 12, ""orientation_offset"": 1.5707963267948966, ""sigma_scale"": 0.55, ""strength"": 0.1}",27.4283313174614,0.8536297265289425,0.0018078686269653874,27.434179998804535,0.8538582619757951,0.001805435593313468,0.005848681343135098,0.00022853544685252913,-2.4330336519193946e-06,0.0001815947616705671,0.002572500001406297
64__M_Right_ring_finger.BMP,64,"M2 Modified Gabor (detail_clip=0.1, frequencies=0.075/0.095/0.115/0.14, gamma=0.5, orientation_bins=12, orientation_offset=1.5708, sigma_scale=0.55, strength=0.1)",M2 Modified Gabor,"{""detail_clip"": 0.1, ""frequencies"": [0.075, 0.095, 0.115, 0.14], ""gamma"": 0.5, ""orientation_bins"": 12, ""orientation_offset"": 1.5707963267948966, ""sigma_scale"": 0.55, ""strength"": 0.1}",27.374413374669906,0.8559058133390546,0.0018304533389655862,27.379063804393535,0.8560660573437214,0.0018284943367089005,0.004650429723628946,0.00016024400466685407,-1.959002256685669e-06,0.00015085318591445684,0.0030692000000271946
64__M_Right_thumb_finger.BMP,64,"M2 Modified Gabor (detail_clip=0.1, frequencies=0.075/0.095/0.115/0.14, gamma=0.5, orientation_bins=12, orientation_offset=1.5708, sigma_scale=0.55, strength=0.1)",M2 Modified Gabor,"{""detail_clip"": 0.1, ""frequencies"": [0.075, 0.095, 0.115, 0.14], ""gamma"": 0.5, ""orientation_bins"": 12, ""orientation_offset"": 1.5707963267948966, ""sigma_scale"": 0.55, ""strength"": 0.1}",27.17219743797839,0.9198942623021007,0.0019176981805384982,27.177190142242203,0.9200505481722355,0.001915494837206562,0.0049927042638131525,0.0001562858701348313,-2.2033433319363326e-06,0.0002308766561327502,0.0021209000042290427
135__F_Left_index_finger.BMP,135,"M2 Modified Gabor (detail_clip=0.1, frequencies=0.075/0.095/0.115/0.14, gamma=0.5, orientation_bins=12, orientation_offset=1.5708, sigma_scale=0.55, strength=0.1)",M2 Modified Gabor,"{""detail_clip"": 0.1, ""frequencies"": [0.075, 0.095, 0.115, 0.14], ""gamma"": 0.5, ""orientation_bins"": 12, ""orientation_offset"": 1.5707963267948966, ""sigma_scale"": 0.55, ""strength"": 0.1}",27.423818629850537,0.8518224754294157,0.0018097481319487815,27.440223705513638,0.8524560176334978,0.0018029248696307984,0.016405075663101343,0.0006335422040820715,-6.823262317983076e-06,0.0002798158093355596,0.002962499995192047
135__F_Left_little_finger.BMP,135,"M2 Modified Gabor (detail_clip=0.1, frequencies=0.075/0.095/0.115/0.14, gamma=0.5, orientation_bins=12, orientation_offset=1.5708, sigma_scale=0.55, strength=0.1)",M2 Modified Gabor,"{""detail_clip"": 0.1, ""frequencies"": [0.075, 0.095, 0.115, 0.14], ""gamma"": 0.5, ""orientation_bins"": 12, ""orientation_offset"": 1.5707963267948966, ""sigma_scale"": 0.55, ""strength"": 0.1}",27.84520262745671,0.7640395160872936,0.0016424030287879527,27.856987808224744,0.7644709605553747,0.0016379521829861406,0.011785180768033143,0.00043144446808107695,-4.450845801812079e-06,0.00019519682973623276,0.003161600005114451
135__F_Left_middle_finger.BMP,135,"M2 Modified Gabor (detail_clip=0.1, frequencies=0.075/0.095/0.115/0.14, gamma=0.5, orientation_bins=12, orientation_offset=1.5708, sigma_scale=0.55, strength=0.1)",M2 Modified Gabor,"{""detail_clip"": 0.1, ""frequencies"": [0.075, 0.095, 0.115, 0.14], ""gamma"": 0.5, ""orientation_bins"": 12, ""orientation_offset"": 1.5707963267948966, ""sigma_scale"": 0.55, ""strength"": 0.1}",27.277573154300654,0.8487684782577753,0.0018717277731732577,27.28617791205357,0.8490964786414504,0.0018680229553722926,0.00860475775291647,0.00032800038367508666,-3.7048178009651753e-06,0.00022945174714550376,0.004487999998673331
135__F_Left_ring_finger.BMP,135,"M2 Modified Gabor (detail_clip=0.1, frequencies=0.075/0.095/0.115/0.14, gamma=0.5, orientation_bins=12, orientation_offset=1.5708, sigma_scale=0.55, strength=0.1)",M2 Modified Gabor,"{""detail_clip"": 0.1, ""frequencies"": [0.075, 0.095, 0.115, 0.14], ""gamma"": 0.5, ""orientation_bins"": 12, ""orientation_offset"": 1.5707963267948966, ""sigma_scale"": 0.55, ""strength"": 0.1}",27.513315591185844,0.8218552142975032,0.0017728355051089403,27.520478534530255,0.8221481475217939,0.0017699139266905823,0.0071629433444115875,0.00029293322429069235,-2.9215784183580455e-06,0.00019710962078534067,0.0029683999964618124
135__F_Left_thumb_finger.BMP,135,"M2 Modified Gabor (detail_clip=0.1, frequencies=0.075/0.095/0.115/0.14, gamma=0.5, orientation_bins=12, orientation_offset=1.5708, sigma_scale=0.55, strength=0.1)",M2 Modified Gabor,"{""detail_clip"": 0.1, ""frequencies"": [0.075, 0.095, 0.115, 0.14], ""gamma"": 0.5, ""orientation_bins"": 12, ""orientation_offset"": 1.5707963267948966, ""sigma_scale"": 0.55, ""strength"": 0.1}",27.40938655376724,0.8404738877059519,0.0018157721246788688,27.417084700877513,0.8407397267671227,0.0018125564034776223,0.007698147110271947,0.0002658390611708361,-3.215721201246498e-06,0.0002393755567027256,0.7996757000000798
135__F_Right_index_finger.BMP,135,"M2 Modified Gabor (detail_clip=0.1, frequencies=0.075/0.095/0.115/0.14, gamma=0.5, orientation_bins=12, orientation_offset=1.5708, sigma_scale=0.55, strength=0.1)",M2 Modified Gabor,"{""detail_clip"": 0.1, ""frequencies"": [0.075, 0.095, 0.115, 0.14], ""gamma"": 0.5, ""orientation_bins"": 12, ""orientation_offset"": 1.5707963267948966, ""sigma_scale"": 0.55, ""strength"": 0.1}",27.76410661094929,0.810985444376856,0.0016733598285670905,27.772860400603957,0.8112752719174922,0.0016699903436369226,0.008753789654665667,0.0002898275406361117,-3.369484930167881e-06,0.00018368748715147376,0.006063599998014979
135__F_Right_little_finger.BMP,135,"M2 Modified Gabor (detail_clip=0.1, frequencies=0.075/0.095/0.115/0.14, gamma=0.5, orientation_bins=12, orientation_offset=1.5708, sigma_scale=0.55, strength=0.1)",M2 Modified Gabor,"{""detail_clip"": 0.1, ""frequencies"": [0.075, 0.095, 0.115, 0.14], ""gamma"": 0.5, ""orientation_bins"": 12, ""orientation_offset"": 1.5707963267948966, ""sigma_scale"": 0.55, ""strength"": 0.1}",27.623988349878612,0.7982188686416746,0.0017282285089849337,27.63340007373648,0.7985470747640133,0.0017244872693305841,0.009411723857869703,0.0003282061223387478,-3.7412396543495645e-06,0.00019054114818572998,0.007584799997857772
135__F_Right_middle_finger.BMP,135,"M2 Modified Gabor (detail_clip=0.1, frequencies=0.075/0.095/0.115/0.14, gamma=0.5, orientation_bins=12, orientation_offset=1.5708, sigma_scale=0.55, strength=0.1)",M2 Modified Gabor,"{""detail_clip"": 0.1, ""frequencies"": [0.075, 0.095, 0.115, 0.14], ""gamma"": 0.5, ""orientation_bins"": 12, ""orientation_offset"": 1.5707963267948966, ""sigma_scale"": 0.55, ""strength"": 0.1}",27.462280945105775,0.8639801968122423,0.0017937912676214527,27.47027107893259,0.8642713385203481,0.001790494091073669,0.007990133826815793,0.0002911417081058465,-3.2971765477837495e-06,0.00021321643725968897,0.0012915999977849424
135__F_Right_ring_finger.BMP,135,"M2 Modified Gabor (detail_clip=0.1, frequencies=0.075/0.095/0.115/0.14, gamma=0.5, orientation_bins=12, orientation_offset=1.5708, sigma_scale=0.55, strength=0.1)",M2 Modified Gabor,"{""detail_clip"": 0.1, ""frequencies"": [0.075, 0.095, 0.115, 0.14], ""gamma"": 0.5, ""orientation_bins"": 12, ""orientation_offset"": 1.5707963267948966, ""sigma_scale"": 0.55, ""strength"": 0.1}",27.609956684626994,0.804960805271864,0.0017338212903388998,27.617603935274296,0.8052224345320463,0.0017307709869395515,0.007647250647302428,0.0002616292601823611,-3.050303399348281e-06,0.0001850165572250262,0.004036799997265916
135__F_Right_thumb_finger.BMP,135,"M2 Modified Gabor (detail_clip=0.1, frequencies=0.075/0.095/0.115/0.14, gamma=0.5, orientation_bins=12, orientation_offset=1.5708, sigma_scale=0.55, strength=0.1)",M2 Modified Gabor,"{""detail_clip"": 0.1, ""frequencies"": [0.075, 0.095, 0.115, 0.14], ""gamma"": 0.5, ""orientation_bins"": 12, ""orientation_offset"": 1.5707963267948966, ""sigma_scale"": 0.55, ""strength"": 0.1}",27.4081633167771,0.8748101439685225,0.0018162836284053958,27.413235907076164,0.874956449284792,0.0018141634347087938,0.005072590299064927,0.0001463053162694683,-2.12019369660193e-06,0.00018548437219578773,0.0018767000001389533
424__M_Left_index_finger.BMP,424,"M2 Modified Gabor (detail_clip=0.1, frequencies=0.075/0.095/0.115/0.14, gamma=0.5, orientation_bins=12, orientation_offset=1.5708, sigma_scale=0.55, strength=0.1)",M2 Modified Gabor,"{""detail_clip"": 0.1, ""frequencies"": [0.075, 0.095, 0.115, 0.14], ""gamma"": 0.5, ""orientation_bins"": 12, ""orientation_offset"": 1.5707963267948966, ""sigma_scale"": 0.55, ""strength"": 0.1}",27.317375192056165,0.8694038546025753,0.0018546522075444747,27.325096875217568,0.8696710745165944,0.0018513575967267642,0.007721683161403092,0.00026721991401912337,-3.2946108177104704e-06,0.00024406512966379523,0.0012662000008276664
424__M_Left_little_finger.BMP,424,"M2 Modified Gabor (detail_clip=0.1, frequencies=0.075/0.095/0.115/0.14, gamma=0.5, orientation_bins=12, orientation_offset=1.5708, sigma_scale=0.55, strength=0.1)",M2 Modified Gabor,"{""detail_clip"": 0.1, ""frequencies"": [0.075, 0.095, 0.115, 0.14], ""gamma"": 0.5, ""orientation_bins"": 12, ""orientation_offset"": 1.5707963267948966, ""sigma_scale"": 0.55, ""strength"": 0.1}",27.401363411044105,0.8357121815637946,0.0018191296768536327,27.41519429577885,0.8361863625264168,0.0018133455481379825,0.013830884734744586,0.0004741809626221949,-5.784128715650115e-06,0.00028430804377421737,0.00475150000420399
424__M_Left_middle_finger.BMP,424,"M2 Modified Gabor (detail_clip=0.1, frequencies=0.075/0.095/0.115/0.14, gamma=0.5, orientation_bins=12, orientation_offset=1.5708, sigma_scale=0.55, strength=0.1)",M2 Modified Gabor,"{""detail_clip"": 0.1, ""frequencies"": [0.075, 0.095, 0.115, 0.14], ""gamma"": 0.5, ""orientation_bins"": 12, ""orientation_offset"": 1.5707963267948966, ""sigma_scale"": 0.55, ""strength"": 0.1}",27.33433390698997,0.857370330765605,0.00184742411923931,27.343082843898415,0.8576354428346753,0.0018437061977955767,0.00874893690844658,0.0002651120690703168,-3.7179214437332506e-06,0.00029277493013069034,0.0035685999973793514
424__M_Left_ring_finger.BMP,424,"M2 Modified Gabor (detail_clip=0.1, frequencies=0.075/0.095/0.115/0.14, gamma=0.5, orientation_bins=12, orientation_offset=1.5708, sigma_scale=0.55, strength=0.1)",M2 Modified Gabor,"{""detail_clip"": 0.1, ""frequencies"": [0.075, 0.095, 0.115, 0.14], ""gamma"": 0.5, ""orientation_bins"": 12, ""orientation_offset"": 1.5707963267948966, ""sigma_scale"": 0.55, ""strength"": 0.1}",27.47424047270347,0.8357785314948559,0.0017888583509376465,27.483254952521285,0.8360996078462005,0.0017851491388522133,0.009014479817814447,0.0003210763513445958,-3.7092120854331605e-06,0.0002578884596005082,0.0023929000017233193
424__M_Left_thumb_finger.BMP,424,"M2 Modified Gabor (detail_clip=0.1, frequencies=0.075/0.095/0.115/0.14, gamma=0.5, orientation_bins=12, orientation_offset=1.5708, sigma_scale=0.55, strength=0.1)",M2 Modified Gabor,"{""detail_clip"": 0.1, ""frequencies"": [0.075, 0.095, 0.115, 0.14], ""gamma"": 0.5, ""orientation_bins"": 12, ""orientation_offset"": 1.5707963267948966, ""sigma_scale"": 0.55, ""strength"": 0.1}",27.188600361672783,0.87748993679744,0.0019104688626597399,27.196966515764597,0.8778387896873653,0.001906792119684438,0.008366154091813627,0.0003488528899252552,-3.6767429753019245e-06,0.00024839132674969733,0.0038944000043557025
424__M_Right_index_finger.BMP,424,"M2 Modified Gabor (detail_clip=0.1, frequencies=0.075/0.095/0.115/0.14, gamma=0.5, orientation_bins=12, orientation_offset=1.5708, sigma_scale=0.55, strength=0.1)",M2 Modified Gabor,"{""detail_clip"": 0.1, ""frequencies"": [0.075, 0.095, 0.115, 0.14], ""gamma"": 0.5, ""orientation_bins"": 12, ""orientation_offset"": 1.5707963267948966, ""sigma_scale"": 0.55, ""strength"": 0.1}",27.174379366690623,0.8955533714926243,0.001916734956282951,27.18588862024129,0.8959533554579615,0.0019116621348607141,0.011509253550666898,0.0003999839653372472,-5.072821422236933e-06,0.0003078359004575759,0.005070200000773184
424__M_Right_little_finger.BMP,424,"M2 Modified Gabor (detail_clip=0.1, frequencies=0.075/0.095/0.115/0.14, gamma=0.5, orientation_bins=12, orientation_offset=1.5708, sigma_scale=0.55, strength=0.1)",M2 Modified Gabor,"{""detail_clip"": 0.1, ""frequencies"": [0.075, 0.095, 0.115, 0.14], ""gamma"": 0.5, ""orientation_bins"": 12, ""orientation_offset"": 1.5707963267948966, ""sigma_scale"": 0.55, ""strength"": 0.1}",27.337320892699953,0.8497580680266619,0.0018461539368058535,27.343697517609336,0.8499986060847043,0.0018434452694202747,0.0063766249093824,0.00024053805804247208,-2.708667385578796e-06,0.00018823283608071506,0.5857116000042879
424__M_Right_middle_finger.BMP,424,"M2 Modified Gabor (detail_clip=0.1, frequencies=0.075/0.095/0.115/0.14, gamma=0.5, orientation_bins=12, orientation_offset=1.5708, sigma_scale=0.55, strength=0.1)",M2 Modified Gabor,"{""detail_clip"": 0.1, ""frequencies"": [0.075, 0.095, 0.115, 0.14], ""gamma"": 0.5, ""orientation_bins"": 12, ""orientation_offset"": 1.5707963267948966, ""sigma_scale"": 0.55, ""strength"": 0.1}",27.02658269471865,0.9094320907896459,0.0019830868309300355,27.03822062939291,0.9099038209778666,0.001977779800625988,0.011637934674261885,0.0004717301882206648,-5.307030304047434e-06,0.00030122531461529434,0.0027995000054943375
424__M_Right_ring_finger.BMP,424,"M2 Modified Gabor (detail_clip=0.1, frequencies=0.075/0.095/0.115/0.14, gamma=0.5, orientation_bins=12, orientation_offset=1.5708, sigma_scale=0.55, strength=0.1)",M2 Modified Gabor,"{""detail_clip"": 0.1, ""frequencies"": [0.075, 0.095, 0.115, 0.14], ""gamma"": 0.5, ""orientation_bins"": 12, ""orientation_offset"": 1.5707963267948966, ""sigma_scale"": 0.55, ""strength"": 0.1}",27.345673241984777,0.8621827862345576,0.0018426068264797268,27.35246472988527,0.8624308230226636,0.001839727613671197,0.0067914879004931095,0.0002480367881060319,-2.879212808529815e-06,0.0002224596100859344,0.3865111000050092
424__M_Right_thumb_finger.BMP,424,"M2 Modified Gabor (detail_clip=0.1, frequencies=0.075/0.095/0.115/0.14, gamma=0.5, orientation_bins=12, orientation_offset=1.5708, sigma_scale=0.55, strength=0.1)",M2 Modified Gabor,"{""detail_clip"": 0.1, ""frequencies"": [0.075, 0.095, 0.115, 0.14], ""gamma"": 0.5, ""orientation_bins"": 12, ""orientation_offset"": 1.5707963267948966, ""sigma_scale"": 0.55, ""strength"": 0.1}",27.316341867708683,0.8624623335795403,0.0018550935406428924,27.32248453257291,0.862697416160971,0.0018524715494637385,0.006142664864228209,0.00023508258143067895,-2.621991179153904e-06,0.0001808019878808409,0.004167400002188515
578__M_Left_index_finger.BMP,578,"M2 Modified Gabor (detail_clip=0.1, frequencies=0.075/0.095/0.115/0.14, gamma=0.5, orientation_bins=12, orientation_offset=1.5708, sigma_scale=0.55, strength=0.1)",M2 Modified Gabor,"{""detail_clip"": 0.1, ""frequencies"": [0.075, 0.095, 0.115, 0.14], ""gamma"": 0.5, ""orientation_bins"": 12, ""orientation_offset"": 1.5707963267948966, ""sigma_scale"": 0.55, ""strength"": 0.1}",27.35761851769128,0.8417353274142743,0.0018375456973775935,27.363331780943774,0.8419438126115799,0.001835129944860191,0.005713263252495437,0.0002084851973056523,-2.4157525174025272e-06,0.0001840360346250236,0.005106799995701294
578__M_Left_little_finger.BMP,578,"M2 Modified Gabor (detail_clip=0.1, frequencies=0.075/0.095/0.115/0.14, gamma=0.5, orientation_bins=12, orientation_offset=1.5708, sigma_scale=0.55, strength=0.1)",M2 Modified Gabor,"{""detail_clip"": 0.1, ""frequencies"": [0.075, 0.095, 0.115, 0.14], ""gamma"": 0.5, ""orientation_bins"": 12, ""orientation_offset"": 1.5707963267948966, ""sigma_scale"": 0.55, ""strength"": 0.1}",27.558573061930566,0.7953207645407915,0.0017544568596249083,27.56794616701782,0.7957028807905316,0.0017506744087374111,0.009373105087252753,0.0003821162497401609,-3.782450887497178e-06,0.00019297836115583777,0.004161800003203098
578__M_Left_middle_finger.BMP,578,"M2 Modified Gabor (detail_clip=0.1, frequencies=0.075/0.095/0.115/0.14, gamma=0.5, orientation_bins=12, orientation_offset=1.5708, sigma_scale=0.55, strength=0.1)",M2 Modified Gabor,"{""detail_clip"": 0.1, ""frequencies"": [0.075, 0.095, 0.115, 0.14], ""gamma"": 0.5, ""orientation_bins"": 12, ""orientation_offset"": 1.5707963267948966, ""sigma_scale"": 0.55, ""strength"": 0.1}",27.135093966852146,0.8753023115475178,0.0019341520095630068,27.14032086016743,0.875512090151608,0.0019318255869558666,0.005226893315285253,0.0002097786040902161,-2.326422607140232e-06,0.00019924674415960908,0.007375000001047738
578__M_Left_ring_finger.BMP,578,"M2 Modified Gabor (detail_clip=0.1, frequencies=0.075/0.095/0.115/0.14, gamma=0.5, orientation_bins=12, orientation_offset=1.5708, sigma_scale=0.55, strength=0.1)",M2 Modified Gabor,"{""detail_clip"": 0.1, ""frequencies"": [0.075, 0.095, 0.115, 0.14], ""gamma"": 0.5, ""orientation_bins"": 12, ""orientation_offset"": 1.5707963267948966, ""sigma_scale"": 0.55, ""strength"": 0.1}",27.372005875968817,0.8389899275420905,0.0018314683266980089,27.378192411477748,0.8392152265970408,0.0018288612529228346,0.0061865355089310015,0.0002252990549503897,-2.6070737751742942e-06,0.0001676721149124205,0.004481600000872277
578__M_Left_thumb_finger.BMP,578,"M2 Modified Gabor (detail_clip=0.1, frequencies=0.075/0.095/0.115/0.14, gamma=0.5, orientation_bins=12, orientation_offset=1.5708, sigma_scale=0.55, strength=0.1)",M2 Modified Gabor,"{""detail_clip"": 0.1, ""frequencies"": [0.075, 0.095, 0.115, 0.14], ""gamma"": 0.5, ""orientation_bins"": 12, ""orientation_offset"": 1.5707963267948966, ""sigma_scale"": 0.55, ""strength"": 0.1}",27.18213462021239,0.8910164943242669,0.0019133152717297223,27.188854099550067,0.891239352155447,0.0019103572461936734,0.006719479337675693,0.00022285783118014546,-2.9580255360489235e-06,0.0002659240271896124,0.005209499999182299
578__M_Right_index_finger.BMP,578,"M2 Modified Gabor (detail_clip=0.1, frequencies=0.075/0.095/0.115/0.14, gamma=0.5, orientation_bins=12, orientation_offset=1.5708, sigma_scale=0.55, strength=0.1)",M2 Modified Gabor,"{""detail_clip"": 0.1, ""frequencies"": [0.075, 0.095, 0.115, 0.14], ""gamma"": 0.5, ""orientation_bins"": 12, ""orientation_offset"": 1.5707963267948966, ""sigma_scale"": 0.55, ""strength"": 0.1}",27.16547226735446,0.8923490277692974,0.0019206700898596212,27.173084812407193,0.892613858679682,0.0019173063859018436,0.007612545052733566,0.00026483091038465023,-3.3637039577776376e-06,0.0002625989727675915,0.0030430999977397732
578__M_Right_little_finger.BMP,578,"M2 Modified Gabor (detail_clip=0.1, frequencies=0.075/0.095/0.115/0.14, gamma=0.5, orientation_bins=12, orientation_offset=1.5708, sigma_scale=0.55, strength=0.1)",M2 Modified Gabor,"{""detail_clip"": 0.1, ""frequencies"": [0.075, 0.095, 0.115, 0.14], ""gamma"": 0.5, ""orientation_bins"": 12, ""orientation_offset"": 1.5707963267948966, ""sigma_scale"": 0.55, ""strength"": 0.1}",27.595665637936797,0.7815756484834254,0.0017395360610022487,27.605760142337186,0.7819627798450589,0.0017354974734799494,0.010094504400388615,0.00038713136163348594,-4.0385875222993025e-06,0.00020443399262148887,0.0033508999986224808
578__M_Right_middle_finger.BMP,578,"M2 Modified Gabor (detail_clip=0.1, frequencies=0.075/0.095/0.115/0.14, gamma=0.5, orientation_bins=12, orientation_offset=1.5708, sigma_scale=0.55, strength=0.1)",M2 Modified Gabor,"{""detail_clip"": 0.1, ""frequencies"": [0.075, 0.095, 0.115, 0.14], ""gamma"": 0.5, ""orientation_bins"": 12, ""orientation_offset"": 1.5707963267948966, ""sigma_scale"": 0.55, ""strength"": 0.1}",27.115185164320064,0.891818957228303,0.0019430388473181024,27.119451369680192,0.8919767255991399,0.0019411310789815017,0.004266205360128339,0.0001577683708369193,-1.9077683366007167e-06,0.00015609283582307398,0.3274553000010201
578__M_Right_ring_finger.BMP,578,"M2 Modified Gabor (detail_clip=0.1, frequencies=0.075/0.095/0.115/0.14, gamma=0.5, orientation_bins=12, orientation_offset=1.5708, sigma_scale=0.55, strength=0.1)",M2 Modified Gabor,"{""detail_clip"": 0.1, ""frequencies"": [0.075, 0.095, 0.115, 0.14], ""gamma"": 0.5, ""orientation_bins"": 12, ""orientation_offset"": 1.5707963267948966, ""sigma_scale"": 0.55, ""strength"": 0.1}",27.366850939283097,0.8158883026091457,0.0018336435117443657,27.371189860291558,0.8160669970791936,0.0018318124819527769,0.004338921008461227,0.00017869447004792427,-1.831029791588782e-06,0.00013826067151967436,0.002205700002377853
578__M_Right_thumb_finger.BMP,578,"M2 Modified Gabor (detail_clip=0.1, frequencies=0.075/0.095/0.115/0.14, gamma=0.5, orientation_bins=12, orientation_offset=1.5708, sigma_scale=0.55, strength=0.1)",M2 Modified Gabor,"{""detail_clip"": 0.1, ""frequencies"": [0.075, 0.095, 0.115, 0.14], ""gamma"": 0.5, ""orientation_bins"": 12, ""orientation_offset"": 1.5707963267948966, ""sigma_scale"": 0.55, ""strength"": 0.1}",27.310784562766415,0.8849033564694225,0.0018574688688442846,27.31521023731366,0.8850295280973017,0.0018555769807623444,0.004425674547245961,0.00012617162787920133,-1.8918880819401938e-06,0.00020871129527222365,0.002631600000313483
222__M_Left_index_finger.BMP,222,"M2 Modified Gabor (detail_clip=0.1, frequencies=0.075/0.095/0.115/0.14, gamma=0.5, orientation_bins=12, orientation_offset=1.5708, sigma_scale=0.55, strength=0.1)",M2 Modified Gabor,"{""detail_clip"": 0.1, ""frequencies"": [0.075, 0.095, 0.115, 0.14], ""gamma"": 0.5, ""orientation_bins"": 12, ""orientation_offset"": 1.5707963267948966, ""sigma_scale"": 0.55, ""strength"": 0.1}",27.28776757742927,0.8967317074397803,0.001867339320620187,27.3019371386702,0.8972554169824123,0.0018612567515659674,0.014169561240930051,0.0005237095426320337,-6.08256905421968e-06,0.0003460029838606715,0.0013180000023567118
222__M_Left_little_finger.BMP,222,"M2 Modified Gabor (detail_clip=0.1, frequencies=0.075/0.095/0.115/0.14, gamma=0.5, orientation_bins=12, orientation_offset=1.5708, sigma_scale=0.55, strength=0.1)",M2 Modified Gabor,"{""detail_clip"": 0.1, ""frequencies"": [0.075, 0.095, 0.115, 0.14], ""gamma"": 0.5, ""orientation_bins"": 12, ""orientation_offset"": 1.5707963267948966, ""sigma_scale"": 0.55, ""strength"": 0.1}",27.524900418118612,0.8182178665835858,0.0017681127593446322,27.53773788551483,0.8187113269892335,0.001762894047888812,0.01283746739621705,0.0004934604056477943,-5.218711455820231e-06,0.0002519147237762809,0.0019851000033668242
222__M_Left_middle_finger.BMP,222,"M2 Modified Gabor (detail_clip=0.1, frequencies=0.075/0.095/0.115/0.14, gamma=0.5, orientation_bins=12, orientation_offset=1.5708, sigma_scale=0.55, strength=0.1)",M2 Modified Gabor,"{""detail_clip"": 0.1, ""frequencies"": [0.075, 0.095, 0.115, 0.14], ""gamma"": 0.5, ""orientation_bins"": 12, ""orientation_offset"": 1.5707963267948966, ""sigma_scale"": 0.55, ""strength"": 0.1}",27.08762671990932,0.9180543485129178,0.0019554077314863296,27.093865364841776,0.9182723683196903,0.0019526008027247021,0.006238644932455628,0.00021801980677249588,-2.806928761627447e-06,0.00024140601453837007,0.0027791000029537827
222__M_Left_ring_finger.BMP,222,"M2 Modified Gabor (detail_clip=0.1, frequencies=0.075/0.095/0.115/0.14, gamma=0.5, orientation_bins=12, orientation_offset=1.5708, sigma_scale=0.55, strength=0.1)",M2 Modified Gabor,"{""detail_clip"": 0.1, ""frequencies"": [0.075, 0.095, 0.115, 0.14], ""gamma"": 0.5, ""orientation_bins"": 12, ""orientation_offset"": 1.5707963267948966, ""sigma_scale"": 0.55, ""strength"": 0.1}",27.22483877296363,0.8947344528017044,0.0018945938477580209,27.235825161537143,0.8951913844953775,0.0018898071328386583,0.01098638857351375,0.0004569316936731127,-4.7867149193625384e-06,0.00026236966368742287,0.002016300000832416
222__M_Left_thumb_finger.BMP,222,"M2 Modified Gabor (detail_clip=0.1, frequencies=0.075/0.095/0.115/0.14, gamma=0.5, orientation_bins=12, orientation_offset=1.5708, sigma_scale=0.55, strength=0.1)",M2 Modified Gabor,"{""detail_clip"": 0.1, ""frequencies"": [0.075, 0.095, 0.115, 0.14], ""gamma"": 0.5, ""orientation_bins"": 12, ""orientation_offset"": 1.5707963267948966, ""sigma_scale"": 0.55, ""strength"": 0.1}",27.233877333274187,0.9065954894123077,0.001890654909059132,27.24775015603867,0.9069620164685249,0.0018846251586347542,0.013872822764483317,0.00036652705621720294,-6.029750424377863e-06,0.0004268688790034503,0.0022974999956204556
222__M_Right_index_finger.BMP,222,"M2 Modified Gabor (detail_clip=0.1, frequencies=0.075/0.095/0.115/0.14, gamma=0.5, orientation_bins=12, orientation_offset=1.5708, sigma_scale=0.55, strength=0.1)",M2 Modified Gabor,"{""detail_clip"": 0.1, ""frequencies"": [0.075, 0.095, 0.115, 0.14], ""gamma"": 0.5, ""orientation_bins"": 12, ""orientation_offset"": 1.5707963267948966, ""sigma_scale"": 0.55, ""strength"": 0.1}",27.19226671948666,0.8970285274621844,0.0019088567061743519,27.197783692301982,0.8972541620590687,0.0019064333679018513,0.005516972815321708,0.00022563459688429433,-2.4233382725006008e-06,0.00027797603979706764,0.002516799999284558
222__M_Right_little_finger.BMP,222,"M2 Modified Gabor (detail_clip=0.1, frequencies=0.075/0.095/0.115/0.14, gamma=0.5, orientation_bins=12, orientation_offset=1.5708, sigma_scale=0.55, strength=0.1)",M2 Modified Gabor,"{""detail_clip"": 0.1, ""frequencies"": [0.075, 0.095, 0.115, 0.14], ""gamma"": 0.5, ""orientation_bins"": 12, ""orientation_offset"": 1.5707963267948966, ""sigma_scale"": 0.55, ""strength"": 0.1}",27.262363074117783,0.8651409731997252,0.0018782945249877611,27.275779973824577,0.8656747380536198,0.0018725007599009144,0.013416899706793828,0.0005337648538946693,-5.793765086846772e-06,0.00029211395303718746,0.0025789999999688007
222__M_Right_middle_finger.BMP,222,"M2 Modified Gabor (detail_clip=0.1, frequencies=0.075/0.095/0.115/0.14, gamma=0.5, orientation_bins=12, orientation_offset=1.5708, sigma_scale=0.55, strength=0.1)",M2 Modified Gabor,"{""detail_clip"": 0.1, ""frequencies"": [0.075, 0.095, 0.115, 0.14], ""gamma"": 0.5, ""orientation_bins"": 12, ""orientation_offset"": 1.5707963267948966, ""sigma_scale"": 0.55, ""strength"": 0.1}",26.882965170091534,0.9380784341383577,0.0020497622142402095,26.889402053598957,0.9382812542177439,0.0020467264152180084,0.006436883507422664,0.00020282007938621227,-3.0357990222010245e-06,0.00026604323647916317,0.002635800003190525
222__M_Right_ring_finger.BMP,222,"M2 Modified Gabor (detail_clip=0.1, frequencies=0.075/0.095/0.115/0.14, gamma=0.5, orientation_bins=12, orientation_offset=1.5708, sigma_scale=0.55, strength=0.1)",M2 Modified Gabor,"{""detail_clip"": 0.1, ""frequencies"": [0.075, 0.095, 0.115, 0.14], ""gamma"": 0.5, ""orientation_bins"": 12, ""orientation_offset"": 1.5707963267948966, ""sigma_scale"": 0.55, ""strength"": 0.1}",27.036718360620767,0.912040612370193,0.0019784640531072912,27.04453968045614,0.9123014822703004,0.001974904193333138,0.007821319835372265,0.00026086990010742994,-3.559859774153115e-06,0.00025715239462442696,0.0028347000043140724
222__M_Right_thumb_finger.BMP,222,"M2 Modified Gabor (detail_clip=0.1, frequencies=0.075/0.095/0.115/0.14, gamma=0.5, orientation_bins=12, orientation_offset=1.5708, sigma_scale=0.55, strength=0.1)",M2 Modified Gabor,"{""detail_clip"": 0.1, ""frequencies"": [0.075, 0.095, 0.115, 0.14], ""gamma"": 0.5, ""orientation_bins"": 12, ""orientation_offset"": 1.5707963267948966, ""sigma_scale"": 0.55, ""strength"": 0.1}",27.073244976115962,0.9145674537937045,0.0019618938346201167,27.078324242700837,0.9148108298630715,0.001959600654015886,0.0050792665848753416,0.00024337606936697398,-2.2931806042307892e-06,0.0002837592037394643,0.002018099999986589
151__M_Left_index_finger.BMP,151,"M2 Modified Gabor (detail_clip=0.1, frequencies=0.075/0.095/0.115/0.14, gamma=0.5, orientation_bins=12, orientation_offset=1.5708, sigma_scale=0.55, strength=0.1)",M2 Modified Gabor,"{""detail_clip"": 0.1, ""frequencies"": [0.075, 0.095, 0.115, 0.14], ""gamma"": 0.5, ""orientation_bins"": 12, ""orientation_offset"": 1.5707963267948966, ""sigma_scale"": 0.55, ""strength"": 0.1}",27.23395560290063,0.8930598677057028,0.00189062083551545,27.242871933587068,0.893384767655015,0.0018867432574032892,0.008916330686439267,0.00032489994931217403,-3.877578112160794e-06,0.00029033637838438153,0.002217900000687223
151__M_Left_little_finger.BMP,151,"M2 Modified Gabor (detail_clip=0.1, frequencies=0.075/0.095/0.115/0.14, gamma=0.5, orientation_bins=12, orientation_offset=1.5708, sigma_scale=0.55, strength=0.1)",M2 Modified Gabor,"{""detail_clip"": 0.1, ""frequencies"": [0.075, 0.095, 0.115, 0.14], ""gamma"": 0.5, ""orientation_bins"": 12, ""orientation_offset"": 1.5707963267948966, ""sigma_scale"": 0.55, ""strength"": 0.1}",27.472241816289575,0.8198548839435578,0.0017896817866903754,27.478987394410748,0.8201317501527071,0.0017869041627411966,0.006745578121172713,0.00027686620914935123,-2.7776239491788136e-06,0.0002261268673464656,0.001386200005072169
151__M_Left_middle_finger.BMP,151,"M2 Modified Gabor (detail_clip=0.1, frequencies=0.075/0.095/0.115/0.14, gamma=0.5, orientation_bins=12, orientation_offset=1.5708, sigma_scale=0.55, strength=0.1)",M2 Modified Gabor,"{""detail_clip"": 0.1, ""frequencies"": [0.075, 0.095, 0.115, 0.14], ""gamma"": 0.5, ""orientation_bins"": 12, ""orientation_offset"": 1.5707963267948966, ""sigma_scale"": 0.55, ""strength"": 0.1}",27.536807336359356,0.8541098459053635,0.0017632718181337553,27.54420776571957,0.854313634816438,0.001760269740605695,0.007400429360213678,0.00020378891107442065,-3.0020775280603564e-06,0.00023788429098203778,0.0016568999999435619
151__M_Left_ring_finger.BMP,151,"M2 Modified Gabor (detail_clip=0.1, frequencies=0.075/0.095/0.115/0.14, gamma=0.5, orientation_bins=12, orientation_offset=1.5708, sigma_scale=0.55, strength=0.1)",M2 Modified Gabor,"{""detail_clip"": 0.1, ""frequencies"": [0.075, 0.095, 0.115, 0.14], ""gamma"": 0.5, ""orientation_bins"": 12, ""orientation_offset"": 1.5707963267948966, ""sigma_scale"": 0.55, ""strength"": 0.1}",27.488396413754636,0.812058330704093,0.0017830370133939217,27.4972515676694,0.8123754915010333,0.0017794051502162192,0.008855153914765879,0.00031716079694033006,-3.6318631777025254e-06,0.0002741960051935166,0.002460099996824283
151__M_Left_thumb_finger.BMP,151,"M2 Modified Gabor (detail_clip=0.1, frequencies=0.075/0.095/0.115/0.14, gamma=0.5, orientation_bins=12, orientation_offset=1.5708, sigma_scale=0.55, strength=0.1)",M2 Modified Gabor,"{""detail_clip"": 0.1, ""frequencies"": [0.075, 0.095, 0.115, 0.14], ""gamma"": 0.5, ""orientation_bins"": 12, ""orientation_offset"": 1.5707963267948966, ""sigma_scale"": 0.55, ""strength"": 0.1}",27.404487538167533,0.8881887589464188,0.0018178215440152973,27.41536514150901,0.8885235873171091,0.001813274214915116,0.010877603341477027,0.000334828370690321,-4.547329100181279e-06,0.00033654761500656605,0.0020154000012553297
151__M_Right_index_finger.BMP,151,"M2 Modified Gabor (detail_clip=0.1, frequencies=0.075/0.095/0.115/0.14, gamma=0.5, orientation_bins=12, orientation_offset=1.5708, sigma_scale=0.55, strength=0.1)",M2 Modified Gabor,"{""detail_clip"": 0.1, ""frequencies"": [0.075, 0.095, 0.115, 0.14], ""gamma"": 0.5, ""orientation_bins"": 12, ""orientation_offset"": 1.5707963267948966, ""sigma_scale"": 0.55, ""strength"": 0.1}",27.652213195271862,0.8040211875696778,0.001717033151974343,27.660693513000933,0.8042732401138544,0.0017136836321972918,0.008480317729070208,0.0002520525441765953,-3.349519777051191e-06,0.00023433468595612794,0.0037423999965540133
151__M_Right_little_finger.BMP,151,"M2 Modified Gabor (detail_clip=0.1, frequencies=0.075/0.095/0.115/0.14, gamma=0.5, orientation_bins=12, orientation_offset=1.5708, sigma_scale=0.55, strength=0.1)",M2 Modified Gabor,"{""detail_clip"": 0.1, ""frequencies"": [0.075, 0.095, 0.115, 0.14], ""gamma"": 0.5, ""orientation_bins"": 12, ""orientation_offset"": 1.5707963267948966, ""sigma_scale"": 0.55, ""strength"": 0.1}",27.35546814456648,0.8597118924495578,0.0018384557681850912,27.364742809764408,0.8600143844631314,0.0018345338054336158,0.0092746651979283,0.00030249201357357425,-3.921962751475376e-06,0.00023428467102348804,0.002389299996139016
151__M_Right_middle_finger.BMP,151,"M2 Modified Gabor (detail_clip=0.1, frequencies=0.075/0.095/0.115/0.14, gamma=0.5, orientation_bins=12, orientation_offset=1.5708, sigma_scale=0.55, strength=0.1)",M2 Modified Gabor,"{""detail_clip"": 0.1, ""frequencies"": [0.075, 0.095, 0.115, 0.14], ""gamma"": 0.5, ""orientation_bins"": 12, ""orientation_offset"": 1.5707963267948966, ""sigma_scale"": 0.55, ""strength"": 0.1}",27.413045160037356,0.8508284536483288,0.0018142431165645374,27.42175345145291,0.851116285132885,0.0018106089168930545,0.00870829141555518,0.0002878314845561336,-3.634199671482879e-06,0.0002287876995978877,0.4612390000038431
151__M_Right_ring_finger.BMP,151,"M2 Modified Gabor (detail_clip=0.1, frequencies=0.075/0.095/0.115/0.14, gamma=0.5, orientation_bins=12, orientation_offset=1.5708, sigma_scale=0.55, strength=0.1)",M2 Modified Gabor,"{""detail_clip"": 0.1, ""frequencies"": [0.075, 0.095, 0.115, 0.14], ""gamma"": 0.5, ""orientation_bins"": 12, ""orientation_offset"": 1.5707963267948966, ""sigma_scale"": 0.55, ""strength"": 0.1}",27.175853162882543,0.902264971483171,0.0019160846147440553,27.184869687574956,0.9025907486254573,0.0019121106976668488,0.009016524692412986,0.00032577714228632093,-3.97391707720649e-06,0.0002524237206671387,0.002085200001602061
151__M_Right_thumb_finger.BMP,151,"M2 Modified Gabor (detail_clip=0.1, frequencies=0.075/0.095/0.115/0.14, gamma=0.5, orientation_bins=12, orientation_offset=1.5708, sigma_scale=0.55, strength=0.1)",M2 Modified Gabor,"{""detail_clip"": 0.1, ""frequencies"": [0.075, 0.095, 0.115, 0.14], ""gamma"": 0.5, ""orientation_bins"": 12, ""orientation_offset"": 1.5707963267948966, ""sigma_scale"": 0.55, ""strength"": 0.1}",27.373317497544335,0.874674793771565,0.0018309152847499472,27.383039026012167,0.874983540012002,0.0018268214292869928,0.00972152846783203,0.0003087462404369745,-4.093855462954316e-06,0.0002857724321074784,0.0050648000033106655
458__M_Left_index_finger.BMP,458,"M2 Modified Gabor (detail_clip=0.1, frequencies=0.075/0.095/0.115/0.14, gamma=0.5, orientation_bins=12, orientation_offset=1.5708, sigma_scale=0.55, strength=0.1)",M2 Modified Gabor,"{""detail_clip"": 0.1, ""frequencies"": [0.075, 0.095, 0.115, 0.14], ""gamma"": 0.5, ""orientation_bins"": 12, ""orientation_offset"": 1.5707963267948966, ""sigma_scale"": 0.55, ""strength"": 0.1}",27.406615265554862,0.8467918352380395,0.0018169311616773175,27.414345610247747,0.8470547650082111,0.0018136999414294164,0.007730344692884472,0.000262929770171616,-3.231220247901104e-06,0.00022508946130983531,0.0037637000059476122
458__M_Left_little_finger.BMP,458,"M2 Modified Gabor (detail_clip=0.1, frequencies=0.075/0.095/0.115/0.14, gamma=0.5, orientation_bins=12, orientation_offset=1.5708, sigma_scale=0.55, strength=0.1)",M2 Modified Gabor,"{""detail_clip"": 0.1, ""frequencies"": [0.075, 0.095, 0.115, 0.14], ""gamma"": 0.5, ""orientation_bins"": 12, ""orientation_offset"": 1.5707963267948966, ""sigma_scale"": 0.55, ""strength"": 0.1}",27.530400531466974,0.8411853642629386,0.0017658749539836386,27.54207875292213,0.8415713614054918,0.0017611328774173479,0.01167822145515629,0.0003859971425532738,-4.742076566290705e-06,0.0002904956345446408,0.001994399994146079
458__M_Left_middle_finger.BMP,458,"M2 Modified Gabor (detail_clip=0.1, frequencies=0.075/0.095/0.115/0.14, gamma=0.5, orientation_bins=12, orientation_offset=1.5708, sigma_scale=0.55, strength=0.1)",M2 Modified Gabor,"{""detail_clip"": 0.1, ""frequencies"": [0.075, 0.095, 0.115, 0.14], ""gamma"": 0.5, ""orientation_bins"": 12, ""orientation_offset"": 1.5707963267948966, ""sigma_scale"": 0.55, ""strength"": 0.1}",27.15114889397061,0.8979487909154892,0.0019270150681545894,27.15656247468278,0.8981503912734389,0.001924614495998155,0.005413580712168908,0.0002016003579496939,-2.4005721564344853e-06,0.0002370825968682766,0.005428999997093342
458__M_Left_ring_finger.BMP,458,"M2 Modified Gabor (detail_clip=0.1, frequencies=0.075/0.095/0.115/0.14, gamma=0.5, orientation_bins=12, orientation_offset=1.5708, sigma_scale=0.55, strength=0.1)",M2 Modified Gabor,"{""detail_clip"": 0.1, ""frequencies"": [0.075, 0.095, 0.115, 0.14], ""gamma"": 0.5, ""orientation_bins"": 12, ""orientation_offset"": 1.5707963267948966, ""sigma_scale"": 0.55, ""strength"": 0.1}",27.569890619109543,0.813433139367938,0.0017498907606097367,27.582821569101892,0.8139041890451312,0.0017446882775842387,0.012930949992348673,0.00047104967719313606,-5.2024830254980125e-06,0.0002791251754388213,0.002749000006588176
458__M_Left_thumb_finger.BMP,458,"M2 Modified Gabor (detail_clip=0.1, frequencies=0.075/0.095/0.115/0.14, gamma=0.5, orientation_bins=12, orientation_offset=1.5708, sigma_scale=0.55, strength=0.1)",M2 Modified Gabor,"{""detail_clip"": 0.1, ""frequencies"": [0.075, 0.095, 0.115, 0.14], ""gamma"": 0.5, ""orientation_bins"": 12, ""orientation_offset"": 1.5707963267948966, ""sigma_scale"": 0.55, ""strength"": 0.1}",27.148467616185208,0.912780851092726,0.0019282051495889698,27.155302102986916,0.9129531464556754,0.001925173121944012,0.00683448680170784,0.00017229536294938175,-3.0320276449577552e-06,0.0003204536915291101,0.0018846999955712818
458__M_Right_index_finger.BMP,458,"M2 Modified Gabor (detail_clip=0.1, frequencies=0.075/0.095/0.115/0.14, gamma=0.5, orientation_bins=12, orientation_offset=1.5708, sigma_scale=0.55, strength=0.1)",M2 Modified Gabor,"{""detail_clip"": 0.1, ""frequencies"": [0.075, 0.095, 0.115, 0.14], ""gamma"": 0.5, ""orientation_bins"": 12, ""orientation_offset"": 1.5707963267948966, ""sigma_scale"": 0.55, ""strength"": 0.1}",27.52559520177169,0.8341944850972295,0.0017678299195586524,27.533540152283532,0.8344497049047351,0.001764598821205532,0.007944950511841853,0.00025521980750564666,-3.2310983531203766e-06,0.00023915301426313818,0.002246199997898657
458__M_Right_little_finger.BMP,458,"M2 Modified Gabor (detail_clip=0.1, frequencies=0.075/0.095/0.115/0.14, gamma=0.5, orientation_bins=12, orientation_offset=1.5708, sigma_scale=0.55, strength=0.1)",M2 Modified Gabor,"{""detail_clip"": 0.1, ""frequencies"": [0.075, 0.095, 0.115, 0.14], ""gamma"": 0.5, ""orientation_bins"": 12, ""orientation_offset"": 1.5707963267948966, ""sigma_scale"": 0.55, ""strength"": 0.1}",27.97211041790188,0.7539071512601971,0.0015951038314370991,27.98170439695223,0.7542263918578028,0.0015915839843074512,0.009593979050350754,0.00031924059760568557,-3.5198471296479013e-06,0.0001883118093246594,0.5477365000042482
458__M_Right_middle_finger.BMP,458,"M2 Modified Gabor (detail_clip=0.1, frequencies=0.075/0.095/0.115/0.14, gamma=0.5, orientation_bins=12, orientation_offset=1.5708, sigma_scale=0.55, strength=0.1)",M2 Modified Gabor,"{""detail_clip"": 0.1, ""frequencies"": [0.075, 0.095, 0.115, 0.14], ""gamma"": 0.5, ""orientation_bins"": 12, ""orientation_offset"": 1.5707963267948966, ""sigma_scale"": 0.55, ""strength"": 0.1}",27.58630135407322,0.8286793620156646,0.0017432909058239334,27.594108801036292,0.8289659683259726,0.0017401597528764624,0.007807446963070674,0.00028660631030796857,-3.1311529474710616e-06,0.00023345813679043204,0.004595000005792826
458__M_Right_ring_finger.BMP,458,"M2 Modified Gabor (detail_clip=0.1, frequencies=0.075/0.095/0.115/0.14, gamma=0.5, orientation_bins=12, orientation_offset=1.5708, sigma_scale=0.55, strength=0.1)",M2 Modified Gabor,"{""detail_clip"": 0.1, ""frequencies"": [0.075, 0.095, 0.115, 0.14], ""gamma"": 0.5, ""orientation_bins"": 12, ""orientation_offset"": 1.5707963267948966, ""sigma_scale"": 0.55, ""strength"": 0.1}",28.07503863890942,0.7279435409357548,0.0015577441756170914,28.083427512350315,0.7282169818852544,0.00155473812637078,0.00838887344089656,0.00027344094949965925,-3.006049246311515e-06,0.00016220823454204947,0.5661025000008522
458__M_Right_thumb_finger.BMP,458,"M2 Modified Gabor (detail_clip=0.1, frequencies=0.075/0.095/0.115/0.14, gamma=0.5, orientation_bins=12, orientation_offset=1.5708, sigma_scale=0.55, strength=0.1)",M2 Modified Gabor,"{""detail_clip"": 0.1, ""frequencies"": [0.075, 0.095, 0.115, 0.14], ""gamma"": 0.5, ""orientation_bins"": 12, ""orientation_offset"": 1.5707963267948966, ""sigma_scale"": 0.55, ""strength"": 0.1}",27.07077807772415,0.9212769854897856,0.001963008554647105,27.077825114713065,0.9214427919925153,0.001959825880856076,0.0070470369889150675,0.00016580650272968178,-3.1826737910290587e-06,0.0003314859641250223,0.002093399998557288
358__M_Left_index_finger.BMP,358,"M2 Modified Gabor (detail_clip=0.1, frequencies=0.075/0.095/0.115/0.14, gamma=0.5, orientation_bins=12, orientation_offset=1.5708, sigma_scale=0.55, strength=0.1)",M2 Modified Gabor,"{""detail_clip"": 0.1, ""frequencies"": [0.075, 0.095, 0.115, 0.14], ""gamma"": 0.5, ""orientation_bins"": 12, ""orientation_offset"": 1.5707963267948966, ""sigma_scale"": 0.55, ""strength"": 0.1}",27.236944199266215,0.8618307483512163,0.0018893202528205673,27.247477470247006,0.8622209735348224,0.0018847434946161865,0.010533270980790377,0.0003902251836060966,-4.576758204380849e-06,0.0002506484161131084,0.005353799999284092
358__M_Left_little_finger.BMP,358,"M2 Modified Gabor (detail_clip=0.1, frequencies=0.075/0.095/0.115/0.14, gamma=0.5, orientation_bins=12, orientation_offset=1.5708, sigma_scale=0.55, strength=0.1)",M2 Modified Gabor,"{""detail_clip"": 0.1, ""frequencies"": [0.075, 0.095, 0.115, 0.14], ""gamma"": 0.5, ""orientation_bins"": 12, ""orientation_offset"": 1.5707963267948966, ""sigma_scale"": 0.55, ""strength"": 0.1}",27.36733780397643,0.8151889041575789,0.0018334379631396484,27.379260012417596,0.8156435645099283,0.0018284117298208035,0.01192220844116676,0.000454660352349312,-5.026233318844919e-06,0.00022378822905011475,0.004290600001695566
358__M_Left_middle_finger.BMP,358,"M2 Modified Gabor (detail_clip=0.1, frequencies=0.075/0.095/0.115/0.14, gamma=0.5, orientation_bins=12, orientation_offset=1.5708, sigma_scale=0.55, strength=0.1)",M2 Modified Gabor,"{""detail_clip"": 0.1, ""frequencies"": [0.075, 0.095, 0.115, 0.14], ""gamma"": 0.5, ""orientation_bins"": 12, ""orientation_offset"": 1.5707963267948966, ""sigma_scale"": 0.55, ""strength"": 0.1}",27.165820353094215,0.8782265888885855,0.0019205161548903156,27.176061317576274,0.8785985223435759,0.0019159927801790807,0.010240964482058246,0.0003719334549904252,-4.5233747112348975e-06,0.0002690668625291437,0.00476850000268314
358__M_Left_ring_finger.BMP,358,"M2 Modified Gabor (detail_clip=0.1, frequencies=0.075/0.095/0.115/0.14, gamma=0.5, orientation_bins=12, orientation_offset=1.5708, sigma_scale=0.55, strength=0.1)",M2 Modified Gabor,"{""detail_clip"": 0.1, ""frequencies"": [0.075, 0.095, 0.115, 0.14], ""gamma"": 0.5, ""orientation_bins"": 12, ""orientation_offset"": 1.5707963267948966, ""sigma_scale"": 0.55, ""strength"": 0.1}",27.571796790413543,0.803453362364322,0.0017491228807993305,27.58266307535003,0.8038675617189109,0.0017447519503335609,0.010866284936486892,0.0004141993545889733,-4.3709304657696055e-06,0.0002817391650751233,0.004094700001587626
358__M_Left_thumb_finger.BMP,358,"M2 Modified Gabor (detail_clip=0.1, frequencies=0.075/0.095/0.115/0.14, gamma=0.5, orientation_bins=12, orientation_offset=1.5708, sigma_scale=0.55, strength=0.1)",M2 Modified Gabor,"{""detail_clip"": 0.1, ""frequencies"": [0.075, 0.095, 0.115, 0.14], ""gamma"": 0.5, ""orientation_bins"": 12, ""orientation_offset"": 1.5707963267948966, ""sigma_scale"": 0.55, ""strength"": 0.1}",27.06961823144247,0.8920985052921772,0.001963532874508304,27.077437233374297,0.892358462958783,0.0019600009265603336,0.007819001931828495,0.00025995766660580344,-3.531947947970314e-06,0.0002656209690030664,0.0035483999963616952
358__M_Right_index_finger.BMP,358,"M2 Modified Gabor (detail_clip=0.1, frequencies=0.075/0.095/0.115/0.14, gamma=0.5, orientation_bins=12, orientation_offset=1.5708, sigma_scale=0.55, strength=0.1)",M2 Modified Gabor,"{""detail_clip"": 0.1, ""frequencies"": [0.075, 0.095, 0.115, 0.14], ""gamma"": 0.5, ""orientation_bins"": 12, ""orientation_offset"": 1.5707963267948966, ""sigma_scale"": 0.55, ""strength"": 0.1}",27.082100402676357,0.9081473386961818,0.0019578975355614646,27.088105212646067,0.9083882244496941,0.0019551923023491207,0.006004809969709868,0.0002408857535123321,-2.7052332123439493e-06,0.00027377012884244323,0.01197830000455724
358__M_Right_little_finger.BMP,358,"M2 Modified Gabor (detail_clip=0.1, frequencies=0.075/0.095/0.115/0.14, gamma=0.5, orientation_bins=12, orientation_offset=1.5708, sigma_scale=0.55, strength=0.1)",M2 Modified Gabor,"{""detail_clip"": 0.1, ""frequencies"": [0.075, 0.095, 0.115, 0.14], ""gamma"": 0.5, ""orientation_bins"": 12, ""orientation_offset"": 1.5707963267948966, ""sigma_scale"": 0.55, ""strength"": 0.1}",27.061822213891244,0.8810446554100514,0.0019670607766737232,27.0706355126551,0.8813792526915669,0.001963072995033811,0.008813298763858057,0.00033459728151552515,-3.987781639912084e-06,0.0002861741522792727,0.001625200005946681
358__M_Right_middle_finger.BMP,358,"M2 Modified Gabor (detail_clip=0.1, frequencies=0.075/0.095/0.115/0.14, gamma=0.5, orientation_bins=12, orientation_offset=1.5708, sigma_scale=0.55, strength=0.1)",M2 Modified Gabor,"{""detail_clip"": 0.1, ""frequencies"": [0.075, 0.095, 0.115, 0.14], ""gamma"": 0.5, ""orientation_bins"": 12, ""orientation_offset"": 1.5707963267948966, ""sigma_scale"": 0.55, ""strength"": 0.1}",26.965358684587414,0.9060125459142327,0.0020112410825814135,26.971951549672927,0.90625233134377,0.0020081902076299683,0.006592865085512045,0.000239785429537287,-3.0508749514451643e-06,0.00024214238510467112,0.0018868000042857602
358__M_Right_ring_finger.BMP,358,"M2 Modified Gabor (detail_clip=0.1, frequencies=0.075/0.095/0.115/0.14, gamma=0.5, orientation_bins=12, orientation_offset=1.5708, sigma_scale=0.55, strength=0.1)",M2 Modified Gabor,"{""detail_clip"": 0.1, ""frequencies"": [0.075, 0.095, 0.115, 0.14], ""gamma"": 0.5, ""orientation_bins"": 12, ""orientation_offset"": 1.5707963267948966, ""sigma_scale"": 0.55, ""strength"": 0.1}",27.154618445592902,0.8817748545130193,0.0019254762025709502,27.164153565448608,0.8821387715002894,0.0019212533751611436,0.009535119855705432,0.0003639169872701187,-4.222827409806592e-06,0.0002263146743644029,0.003953800005547237
358__M_Right_thumb_finger.BMP,358,"M2 Modified Gabor (detail_clip=0.1, frequencies=0.075/0.095/0.115/0.14, gamma=0.5, orientation_bins=12, orientation_offset=1.5708, sigma_scale=0.55, strength=0.1)",M2 Modified Gabor,"{""detail_clip"": 0.1, ""frequencies"": [0.075, 0.095, 0.115, 0.14], ""gamma"": 0.5, ""orientation_bins"": 12, ""orientation_offset"": 1.5707963267948966, ""sigma_scale"": 0.55, ""strength"": 0.1}",27.07786003709809,0.9053674690062403,0.001959810121613979,27.08191680210043,0.9055358779890538,0.001957980308594199,0.004056765002339091,0.00016840898281345051,-1.8298130197800383e-06,0.00022622566029895097,0.002043799999228213
584__M_Left_index_finger.BMP,584,"M2 Modified Gabor (detail_clip=0.1, frequencies=0.075/0.095/0.115/0.14, gamma=0.5, orientation_bins=12, orientation_offset=1.5708, sigma_scale=0.55, strength=0.1)",M2 Modified Gabor,"{""detail_clip"": 0.1, ""frequencies"": [0.075, 0.095, 0.115, 0.14], ""gamma"": 0.5, ""orientation_bins"": 12, ""orientation_offset"": 1.5707963267948966, ""sigma_scale"": 0.55, ""strength"": 0.1}",26.808661477259736,0.7405033777887225,0.002085133435231476,26.815693614449874,0.7408491663601696,0.0020817598994849647,0.007032137190137178,0.00034578857144706987,-3.3735357465114815e-06,0.00016961806977633387,0.0026273000039509498
584__M_Left_little_finger.BMP,584,"M2 Modified Gabor (detail_clip=0.1, frequencies=0.075/0.095/0.115/0.14, gamma=0.5, orientation_bins=12, orientation_offset=1.5708, sigma_scale=0.55, strength=0.1)",M2 Modified Gabor,"{""detail_clip"": 0.1, ""frequencies"": [0.075, 0.095, 0.115, 0.14], ""gamma"": 0.5, ""orientation_bins"": 12, ""orientation_offset"": 1.5707963267948966, ""sigma_scale"": 0.55, ""strength"": 0.1}",27.008643646329304,0.7556378812021911,0.001991295147201889,27.01412291320706,0.7559479189261497,0.001988784418174765,0.005479266877756572,0.000310037723958545,-2.510729027123664e-06,0.00015913048991933465,0.00287910000042757
584__M_Left_middle_finger.BMP,584,"M2 Modified Gabor (detail_clip=0.1, frequencies=0.075/0.095/0.115/0.14, gamma=0.5, orientation_bins=12, orientation_offset=1.5708, sigma_scale=0.55, strength=0.1)",M2 Modified Gabor,"{""detail_clip"": 0.1, ""frequencies"": [0.075, 0.095, 0.115, 0.14], ""gamma"": 0.5, ""orientation_bins"": 12, ""orientation_offset"": 1.5707963267948966, ""sigma_scale"": 0.55, ""strength"": 0.1}",26.72595253228611,0.7938240012609362,0.0021252241715175577,26.730590027710868,0.7941126718524695,0.002122956019934895,0.004637495424756111,0.0002886705915332577,-2.268151582662803e-06,0.00019382472964935005,0.001629400001547765
584__M_Left_ring_finger.BMP,584,"M2 Modified Gabor (detail_clip=0.1, frequencies=0.075/0.095/0.115/0.14, gamma=0.5, orientation_bins=12, orientation_offset=1.5708, sigma_scale=0.55, strength=0.1)",M2 Modified Gabor,"{""detail_clip"": 0.1, ""frequencies"": [0.075, 0.095, 0.115, 0.14], ""gamma"": 0.5, ""orientation_bins"": 12, ""orientation_offset"": 1.5707963267948966, ""sigma_scale"": 0.55, ""strength"": 0.1}",26.756204564552583,0.7725715969515443,0.0021104717515642584,26.760534374114812,0.7728367267847062,0.0021083687114582424,0.004329809562229059,0.0002651298331618479,-2.1030401060159916e-06,0.00015194251318462193,0.0017220999943674542
584__M_Left_thumb_finger.BMP,584,"M2 Modified Gabor (detail_clip=0.1, frequencies=0.075/0.095/0.115/0.14, gamma=0.5, orientation_bins=12, orientation_offset=1.5708, sigma_scale=0.55, strength=0.1)",M2 Modified Gabor,"{""detail_clip"": 0.1, ""frequencies"": [0.075, 0.095, 0.115, 0.14], ""gamma"": 0.5, ""orientation_bins"": 12, ""orientation_offset"": 1.5707963267948966, ""sigma_scale"": 0.55, ""strength"": 0.1}",26.870392477172857,0.8618936983605623,0.002055704811060843,26.873320655541924,0.8620712140655518,0.002054319243942243,0.00292817836906778,0.00017751570498947267,-1.3855671185999258e-06,0.00014889673911966383,0.002165800004149787
584__M_Right_index_finger.BMP,584,"M2 Modified Gabor (detail_clip=0.1, frequencies=0.075/0.095/0.115/0.14, gamma=0.5, orientation_bins=12, orientation_offset=1.5708, sigma_scale=0.55, strength=0.1)",M2 Modified Gabor,"{""detail_clip"": 0.1, ""frequencies"": [0.075, 0.095, 0.115, 0.14], ""gamma"": 0.5, ""orientation_bins"": 12, ""orientation_offset"": 1.5707963267948966, ""sigma_scale"": 0.55, ""strength"": 0.1}",27.37650748718415,0.8741899077614546,0.0018295709305081917,27.38176671902433,0.8743539421258569,0.0018273566923998688,0.0052592318401814,0.00016403436440237673,-2.2142381083229377e-06,0.00017001111700665206,0.0022581000011996366
584__M_Right_little_finger.BMP,584,"M2 Modified Gabor (detail_clip=0.1, frequencies=0.075/0.095/0.115/0.14, gamma=0.5, orientation_bins=12, orientation_offset=1.5708, sigma_scale=0.55, strength=0.1)",M2 Modified Gabor,"{""detail_clip"": 0.1, ""frequencies"": [0.075, 0.095, 0.115, 0.14], ""gamma"": 0.5, ""orientation_bins"": 12, ""orientation_offset"": 1.5707963267948966, ""sigma_scale"": 0.55, ""strength"": 0.1}",27.20501659588782,0.8208142622725367,0.001903260964546846,27.21344055645122,0.8211710326792002,0.0018995728090407584,0.008423960563401778,0.0003567704066634869,-3.6881555060875627e-06,0.00018373147759120911,0.0022965000025578775
584__M_Right_middle_finger.BMP,584,"M2 Modified Gabor (detail_clip=0.1, frequencies=0.075/0.095/0.115/0.14, gamma=0.5, orientation_bins=12, orientation_offset=1.5708, sigma_scale=0.55, strength=0.1)",M2 Modified Gabor,"{""detail_clip"": 0.1, ""frequencies"": [0.075, 0.095, 0.115, 0.14], ""gamma"": 0.5, ""orientation_bins"": 12, ""orientation_offset"": 1.5707963267948966, ""sigma_scale"": 0.55, ""strength"": 0.1}",27.059721458104352,0.8875454616950751,0.001968012507372198,27.066345597593823,0.8878065906330347,0.0019650130558501113,0.006624139489471048,0.00026112893795959824,-2.999451522086704e-06,0.0002097761898767203,0.0024623999997857027
584__M_Right_ring_finger.BMP,584,"M2 Modified Gabor (detail_clip=0.1, frequencies=0.075/0.095/0.115/0.14, gamma=0.5, orientation_bins=12, orientation_offset=1.5708, sigma_scale=0.55, strength=0.1)",M2 Modified Gabor,"{""detail_clip"": 0.1, ""frequencies"": [0.075, 0.095, 0.115, 0.14], ""gamma"": 0.5, ""orientation_bins"": 12, ""orientation_offset"": 1.5707963267948966, ""sigma_scale"": 0.55, ""strength"": 0.1}",26.898528336386196,0.8464571140774191,0.00204242993149517,26.904552896332202,0.8467742836729885,0.002039598624304222,0.006024559946006036,0.0003171695955693776,-2.8313071909480403e-06,0.00018888167687691748,0.004699800003436394
584__M_Right_thumb_finger.BMP,584,"M2 Modified Gabor (detail_clip=0.1, frequencies=0.075/0.095/0.115/0.14, gamma=0.5, orientation_bins=12, orientation_offset=1.5708, sigma_scale=0.55, strength=0.1)",M2 Modified Gabor,"{""detail_clip"": 0.1, ""frequencies"": [0.075, 0.095, 0.115, 0.14], ""gamma"": 0.5, ""orientation_bins"": 12, ""orientation_offset"": 1.5707963267948966, ""sigma_scale"": 0.55, ""strength"": 0.1}",27.857015091376837,0.6937121391089857,0.0016379418931114086,27.86244039760072,0.6938991657259762,0.0016358970160705677,0.005425306223884263,0.0001870266169905488,-2.0448770408408676e-06,0.00014955151709727943,0.003956900000048336
277__M_Left_index_finger.BMP,277,"M2 Modified Gabor (detail_clip=0.1, frequencies=0.075/0.095/0.115/0.14, gamma=0.5, orientation_bins=12, orientation_offset=1.5708, sigma_scale=0.55, strength=0.1)",M2 Modified Gabor,"{""detail_clip"": 0.1, ""frequencies"": [0.075, 0.095, 0.115, 0.14], ""gamma"": 0.5, ""orientation_bins"": 12, ""orientation_offset"": 1.5707963267948966, ""sigma_scale"": 0.55, ""strength"": 0.1}",27.55193277158026,0.8234430739197731,0.0017571414467860552,27.5639433517575,0.8238885658496916,0.0017522887181348626,0.01201058017723966,0.0004454919299184956,-4.8527286511926195e-06,0.000279406551271677,0.008111399998597335
277__M_Left_little_finger.BMP,277,"M2 Modified Gabor (detail_clip=0.1, frequencies=0.075/0.095/0.115/0.14, gamma=0.5, orientation_bins=12, orientation_offset=1.5708, sigma_scale=0.55, strength=0.1)",M2 Modified Gabor,"{""detail_clip"": 0.1, ""frequencies"": [0.075, 0.095, 0.115, 0.14], ""gamma"": 0.5, ""orientation_bins"": 12, ""orientation_offset"": 1.5707963267948966, ""sigma_scale"": 0.55, ""strength"": 0.1}",27.686402604667066,0.7780064740378558,0.00170356904297558,27.697217411976997,0.7783717874193787,0.0016993320905654174,0.010814807309930785,0.0003653133815229026,-4.236952410162581e-06,0.0002005488786380738,0.006434599999920465
277__M_Left_middle_finger.BMP,277,"M2 Modified Gabor (detail_clip=0.1, frequencies=0.075/0.095/0.115/0.14, gamma=0.5, orientation_bins=12, orientation_offset=1.5708, sigma_scale=0.55, strength=0.1)",M2 Modified Gabor,"{""detail_clip"": 0.1, ""frequencies"": [0.075, 0.095, 0.115, 0.14], ""gamma"": 0.5, ""orientation_bins"": 12, ""orientation_offset"": 1.5707963267948966, ""sigma_scale"": 0.55, ""strength"": 0.1}",27.31515625699761,0.8476906587122083,0.0018556000446645002,27.327158428562065,0.8481369026198089,0.001850478983969935,0.012002171564454045,0.0004462439076006186,-5.121060694565117e-06,0.00026582973077893257,0.0080662000036682
277__M_Left_ring_finger.BMP,277,"M2 Modified Gabor (detail_clip=0.1, frequencies=0.075/0.095/0.115/0.14, gamma=0.5, orientation_bins=12, orientation_offset=1.5708, sigma_scale=0.55, strength=0.1)",M2 Modified Gabor,"{""detail_clip"": 0.1, ""frequencies"": [0.075, 0.095, 0.115, 0.14], ""gamma"": 0.5, ""orientation_bins"": 12, ""orientation_offset"": 1.5707963267948966, ""sigma_scale"": 0.55, ""strength"": 0.1}",27.728347801250656,0.7729418433285355,0.0016871947675762633,27.735605885423624,0.7731872901726365,0.0016843774224251926,0.007258084172967472,0.0002454468441009938,-2.817345151070712e-06,0.00019535902538336813,0.0055291999960900284
277__M_Left_thumb_finger.BMP,277,"M2 Modified Gabor (detail_clip=0.1, frequencies=0.075/0.095/0.115/0.14, gamma=0.5, orientation_bins=12, orientation_offset=1.5708, sigma_scale=0.55, strength=0.1)",M2 Modified Gabor,"{""detail_clip"": 0.1, ""frequencies"": [0.075, 0.095, 0.115, 0.14], ""gamma"": 0.5, ""orientation_bins"": 12, ""orientation_offset"": 1.5707963267948966, ""sigma_scale"": 0.55, ""strength"": 0.1}",27.4740786342539,0.835673814529717,0.0017889250134139915,27.482195082215306,0.8359593682791591,0.0017855848472322787,0.008116447961405981,0.0002855537494420579,-3.3401661817128187e-06,0.00027294375468045473,0.006755300004442688
277__M_Right_index_finger.BMP,277,"M2 Modified Gabor (detail_clip=0.1, frequencies=0.075/0.095/0.115/0.14, gamma=0.5, orientation_bins=12, orientation_offset=1.5708, sigma_scale=0.55, strength=0.1)",M2 Modified Gabor,"{""detail_clip"": 0.1, ""frequencies"": [0.075, 0.095, 0.115, 0.14], ""gamma"": 0.5, ""orientation_bins"": 12, ""orientation_offset"": 1.5707963267948966, ""sigma_scale"": 0.55, ""strength"": 0.1}",27.435483209579154,0.8224739772281646,0.0018048939078366122,27.446244285738572,0.8228385566914975,0.0018004272248536742,0.010761076159418792,0.0003645794633329036,-4.466682982938062e-06,0.00026343564968556166,0.0027133000039611943
277__M_Right_little_finger.BMP,277,"M2 Modified Gabor (detail_clip=0.1, frequencies=0.075/0.095/0.115/0.14, gamma=0.5, orientation_bins=12, orientation_offset=1.5708, sigma_scale=0.55, strength=0.1)",M2 Modified Gabor,"{""detail_clip"": 0.1, ""frequencies"": [0.075, 0.095, 0.115, 0.14], ""gamma"": 0.5, ""orientation_bins"": 12, ""orientation_offset"": 1.5707963267948966, ""sigma_scale"": 0.55, ""strength"": 0.1}",27.60166142206608,0.8000373865206539,0.0017371361487749735,27.61235929213587,0.8003810805605054,0.0017328623695689112,0.010697870069790838,0.00034369403985146096,-4.273779206062254e-06,0.00023286670329980552,0.002889200004574377
277__M_Right_middle_finger.BMP,277,"M2 Modified Gabor (detail_clip=0.1, frequencies=0.075/0.095/0.115/0.14, gamma=0.5, orientation_bins=12, orientation_offset=1.5708, sigma_scale=0.55, strength=0.1)",M2 Modified Gabor,"{""detail_clip"": 0.1, ""frequencies"": [0.075, 0.095, 0.115, 0.14], ""gamma"": 0.5, ""orientation_bins"": 12, ""orientation_offset"": 1.5707963267948966, ""sigma_scale"": 0.55, ""strength"": 0.1}",27.245325559141563,0.8554567247328758,0.0018856776085891085,27.252830545135854,0.8557650969596505,0.0018824218078034734,0.007504985994291502,0.0003083722267747113,-3.255800785635036e-06,0.00026566762244328856,0.0019339000064064749
277__M_Right_ring_finger.BMP,277,"M2 Modified Gabor (detail_clip=0.1, frequencies=0.075/0.095/0.115/0.14, gamma=0.5, orientation_bins=12, orientation_offset=1.5708, sigma_scale=0.55, strength=0.1)",M2 Modified Gabor,"{""detail_clip"": 0.1, ""frequencies"": [0.075, 0.095, 0.115, 0.14], ""gamma"": 0.5, ""orientation_bins"": 12, ""orientation_offset"": 1.5707963267948966, ""sigma_scale"": 0.55, ""strength"": 0.1}",27.26965419473933,0.8603403111504913,0.0018751438097062696,27.279242776022024,0.8606822629227042,0.0018710083358227574,0.009588581282692132,0.00034195177221296724,-4.135473883512238e-06,0.0002504985313862562,0.002083900006255135
277__M_Right_thumb_finger.BMP,277,"M2 Modified Gabor (detail_clip=0.1, frequencies=0.075/0.095/0.115/0.14, gamma=0.5, orientation_bins=12, orientation_offset=1.5708, sigma_scale=0.55, strength=0.1)",M2 Modified Gabor,"{""detail_clip"": 0.1, ""frequencies"": [0.075, 0.095, 0.115, 0.14], ""gamma"": 0.5, ""orientation_bins"": 12, ""orientation_offset"": 1.5707963267948966, ""sigma_scale"": 0.55, ""strength"": 0.1}",27.713893269652402,0.7956702655243874,0.0016928195775946103,27.72307979476672,0.7960214740753174,0.0016892425821826377,0.009186525114316169,0.0003512085509300711,-3.57699541197261e-06,0.00021226033277343959,0.001670800003921613
113__M_Left_index_finger.BMP,113,"M2 Modified Gabor (detail_clip=0.1, frequencies=0.075/0.095/0.115/0.14, gamma=0.5, orientation_bins=12, orientation_offset=1.5708, sigma_scale=0.55, strength=0.1)",M2 Modified Gabor,"{""detail_clip"": 0.1, ""frequencies"": [0.075, 0.095, 0.115, 0.14], ""gamma"": 0.5, ""orientation_bins"": 12, ""orientation_offset"": 1.5707963267948966, ""sigma_scale"": 0.55, ""strength"": 0.1}",27.091395953718273,0.8805550547920465,0.0019537113729576386,27.096843849875945,0.8807828958269954,0.0019512621261656034,0.005447896157672716,0.00022784103494888353,-2.4492467920352295e-06,0.00022555080067832023,0.0034992000000784174
113__M_Left_little_finger.BMP,113,"M2 Modified Gabor (detail_clip=0.1, frequencies=0.075/0.095/0.115/0.14, gamma=0.5, orientation_bins=12, orientation_offset=1.5708, sigma_scale=0.55, strength=0.1)",M2 Modified Gabor,"{""detail_clip"": 0.1, ""frequencies"": [0.075, 0.095, 0.115, 0.14], ""gamma"": 0.5, ""orientation_bins"": 12, ""orientation_offset"": 1.5707963267948966, ""sigma_scale"": 0.55, ""strength"": 0.1}",27.389659096509163,0.8270766893867254,0.0018240388763275269,27.397726973785275,0.8274142158598303,0.0018206535095260734,0.008067877276111801,0.000337526473104921,-3.3853668014534235e-06,0.00022919550247024745,0.49592850000044564
113__M_Left_middle_finger.BMP,113,"M2 Modified Gabor (detail_clip=0.1, frequencies=0.075/0.095/0.115/0.14, gamma=0.5, orientation_bins=12, orientation_offset=1.5708, sigma_scale=0.55, strength=0.1)",M2 Modified Gabor,"{""detail_clip"": 0.1, ""frequencies"": [0.075, 0.095, 0.115, 0.14], ""gamma"": 0.5, ""orientation_bins"": 12, ""orientation_offset"": 1.5707963267948966, ""sigma_scale"": 0.55, ""strength"": 0.1}",27.115692492636224,0.8776933735228181,0.0019428118812631677,27.123132876090242,0.8780057226558924,0.001939486282946475,0.007440383454017763,0.0003123491330743189,-3.3255983166926174e-06,0.0002909119939431548,0.0035682000016095117
113__M_Left_ring_finger.BMP,113,"M2 Modified Gabor (detail_clip=0.1, frequencies=0.075/0.095/0.115/0.14, gamma=0.5, orientation_bins=12, orientation_offset=1.5708, sigma_scale=0.55, strength=0.1)",M2 Modified Gabor,"{""detail_clip"": 0.1, ""frequencies"": [0.075, 0.095, 0.115, 0.14], ""gamma"": 0.5, ""orientation_bins"": 12, ""orientation_offset"": 1.5707963267948966, ""sigma_scale"": 0.55, ""strength"": 0.1}",27.0532031403392,0.8816855724269748,0.001970968511443341,27.06367339908061,0.8821062023777365,0.0019662224934432907,0.010470258741410277,0.0004206299507617528,-4.746018000050152e-06,0.0003108257078565657,0.003245999992941506
113__M_Left_thumb_finger.BMP,113,"M2 Modified Gabor (detail_clip=0.1, frequencies=0.075/0.095/0.115/0.14, gamma=0.5, orientation_bins=12, orientation_offset=1.5708, sigma_scale=0.55, strength=0.1)",M2 Modified Gabor,"{""detail_clip"": 0.1, ""frequencies"": [0.075, 0.095, 0.115, 0.14], ""gamma"": 0.5, ""orientation_bins"": 12, ""orientation_offset"": 1.5707963267948966, ""sigma_scale"": 0.55, ""strength"": 0.1}",27.279303541011437,0.8767163291655778,0.001870982157501112,27.28555571628549,0.8769428932409883,0.001868290598477873,0.0062521752740529735,0.00022656407541044032,-2.691559023238919e-06,0.0002482484851498157,0.00198419999651378
113__M_Right_index_finger.BMP,113,"M2 Modified Gabor (detail_clip=0.1, frequencies=0.075/0.095/0.115/0.14, gamma=0.5, orientation_bins=12, orientation_offset=1.5708, sigma_scale=0.55, strength=0.1)",M2 Modified Gabor,"{""detail_clip"": 0.1, ""frequencies"": [0.075, 0.095, 0.115, 0.14], ""gamma"": 0.5, ""orientation_bins"": 12, ""orientation_offset"": 1.5707963267948966, ""sigma_scale"": 0.55, ""strength"": 0.1}",27.52628103978593,0.7962213375407458,0.0017675507658317642,27.531511988015783,0.7964314831855297,0.0017654230849784677,0.005230948229854704,0.00021014564478394337,-2.1276808532964733e-06,0.000193519881577231,0.0013470999983837828
113__M_Right_little_finger.BMP,113,"M2 Modified Gabor (detail_clip=0.1, frequencies=0.075/0.095/0.115/0.14, gamma=0.5, orientation_bins=12, orientation_offset=1.5708, sigma_scale=0.55, strength=0.1)",M2 Modified Gabor,"{""detail_clip"": 0.1, ""frequencies"": [0.075, 0.095, 0.115, 0.14], ""gamma"": 0.5, ""orientation_bins"": 12, ""orientation_offset"": 1.5707963267948966, ""sigma_scale"": 0.55, ""strength"": 0.1}",27.049336324191856,0.8765692704223395,0.0019727241788767436,27.05600603084637,0.8768859394293428,0.001969696879671174,0.006669706654513163,0.000316669007003334,-3.027299205569673e-06,0.0002308180701220408,0.004742400000395719
113__M_Right_middle_finger.BMP,113,"M2 Modified Gabor (detail_clip=0.1, frequencies=0.075/0.095/0.115/0.14, gamma=0.5, orientation_bins=12, orientation_offset=1.5708, sigma_scale=0.55, strength=0.1)",M2 Modified Gabor,"{""detail_clip"": 0.1, ""frequencies"": [0.075, 0.095, 0.115, 0.14], ""gamma"": 0.5, ""orientation_bins"": 12, ""orientation_offset"": 1.5707963267948966, ""sigma_scale"": 0.55, ""strength"": 0.1}",27.39106797572276,0.8165695768411756,0.0018234472423621466,27.396723833650075,0.8167906677101254,0.0018210740954715593,0.005655857927315822,0.00022109086894983587,-2.3731468905873257e-06,0.00021102369646541774,0.01286699999764096
113__M_Right_ring_finger.BMP,113,"M2 Modified Gabor (detail_clip=0.1, frequencies=0.075/0.095/0.115/0.14, gamma=0.5, orientation_bins=12, orientation_offset=1.5708, sigma_scale=0.55, strength=0.1)",M2 Modified Gabor,"{""detail_clip"": 0.1, ""frequencies"": [0.075, 0.095, 0.115, 0.14], ""gamma"": 0.5, ""orientation_bins"": 12, ""orientation_offset"": 1.5707963267948966, ""sigma_scale"": 0.55, ""strength"": 0.1}",27.556710022814272,0.786957332709074,0.0017552096490527052,27.564128028715345,0.7872327957166433,0.0017522142063731742,0.007418005901072888,0.00027546300756930986,-2.995442679531047e-06,0.0001964698894880712,0.0034512999991420656
113__M_Right_thumb_finger.BMP,113,"M2 Modified Gabor (detail_clip=0.1, frequencies=0.075/0.095/0.115/0.14, gamma=0.5, orientation_bins=12, orientation_offset=1.5708, sigma_scale=0.55, strength=0.1)",M2 Modified Gabor,"{""detail_clip"": 0.1, ""frequencies"": [0.075, 0.095, 0.115, 0.14], ""gamma"": 0.5, ""orientation_bins"": 12, ""orientation_offset"": 1.5707963267948966, ""sigma_scale"": 0.55, ""strength"": 0.1}",27.207380810346603,0.8842864897474051,0.0019022251483617964,27.21336765365478,0.8845143764831424,0.0018996046964669016,0.005986843308178891,0.00022788673573725937,-2.6204518948948208e-06,0.0002144142345059663,0.7628576000061003
439__M_Left_index_finger.BMP,439,"M2 Modified Gabor (detail_clip=0.1, frequencies=0.075/0.095/0.115/0.14, gamma=0.5, orientation_bins=12, orientation_offset=1.5708, sigma_scale=0.55, strength=0.1)",M2 Modified Gabor,"{""detail_clip"": 0.1, ""frequencies"": [0.075, 0.095, 0.115, 0.14], ""gamma"": 0.5, ""orientation_bins"": 12, ""orientation_offset"": 1.5707963267948966, ""sigma_scale"": 0.55, ""strength"": 0.1}",27.243095184838253,0.8546553031085133,0.0018866462709150498,27.25107189518323,0.8549791503944397,0.0018831842377996107,0.007976710344976823,0.0003238472859263819,-3.4620331154390765e-06,0.00026426365366205573,0.6903722000060952
439__M_Left_little_finger.BMP,439,"M2 Modified Gabor (detail_clip=0.1, frequencies=0.075/0.095/0.115/0.14, gamma=0.5, orientation_bins=12, orientation_offset=1.5708, sigma_scale=0.55, strength=0.1)",M2 Modified Gabor,"{""detail_clip"": 0.1, ""frequencies"": [0.075, 0.095, 0.115, 0.14], ""gamma"": 0.5, ""orientation_bins"": 12, ""orientation_offset"": 1.5707963267948966, ""sigma_scale"": 0.55, ""strength"": 0.1}",27.67026514284158,0.7680612674964666,0.0017099109194558372,27.68014532253092,0.7684769123616815,0.001706025301457005,0.009880179689339741,0.000415644865214837,-3.885617998832143e-06,0.00020148938347119838,0.003609100000176113
439__M_Left_middle_finger.BMP,439,"M2 Modified Gabor (detail_clip=0.1, frequencies=0.075/0.095/0.115/0.14, gamma=0.5, orientation_bins=12, orientation_offset=1.5708, sigma_scale=0.55, strength=0.1)",M2 Modified Gabor,"{""detail_clip"": 0.1, ""frequencies"": [0.075, 0.095, 0.115, 0.14], ""gamma"": 0.5, ""orientation_bins"": 12, ""orientation_offset"": 1.5707963267948966, ""sigma_scale"": 0.55, ""strength"": 0.1}",27.075266153872867,0.8850007860559821,0.0019609809946537662,27.080340116971577,0.8852226077241302,0.0019586912729313817,0.005073963098709555,0.00022182166814810333,-2.2897217223844836e-06,0.000192511040950194,0.004453199995623436
439__M_Left_ring_finger.BMP,439,"M2 Modified Gabor (detail_clip=0.1, frequencies=0.075/0.095/0.115/0.14, gamma=0.5, orientation_bins=12, orientation_offset=1.5708, sigma_scale=0.55, strength=0.1)",M2 Modified Gabor,"{""detail_clip"": 0.1, ""frequencies"": [0.075, 0.095, 0.115, 0.14], ""gamma"": 0.5, ""orientation_bins"": 12, ""orientation_offset"": 1.5707963267948966, ""sigma_scale"": 0.55, ""strength"": 0.1}",27.26936026487648,0.8321901105798483,0.001875270723456602,27.276483566223696,0.8324757440026105,0.0018721974241134116,0.007123301347217392,0.0002856334227622215,-3.0732993431903475e-06,0.0001991561148315668,0.0040357999969273806
439__M_Left_thumb_finger.BMP,439,"M2 Modified Gabor (detail_clip=0.1, frequencies=0.075/0.095/0.115/0.14, gamma=0.5, orientation_bins=12, orientation_offset=1.5708, sigma_scale=0.55, strength=0.1)",M2 Modified Gabor,"{""detail_clip"": 0.1, ""frequencies"": [0.075, 0.095, 0.115, 0.14], ""gamma"": 0.5, ""orientation_bins"": 12, ""orientation_offset"": 1.5707963267948966, ""sigma_scale"": 0.55, ""strength"": 0.1}",27.22016145099966,0.8706247874133587,0.0018966354115943194,27.22485841631088,0.8708029814662933,0.00189458527843876,0.004696965311218548,0.00017819405293462154,-2.0501331555594637e-06,0.00017423660028725863,0.0032037999990279786
439__M_Right_index_finger.BMP,439,"M2 Modified Gabor (detail_clip=0.1, frequencies=0.075/0.095/0.115/0.14, gamma=0.5, orientation_bins=12, orientation_offset=1.5708, sigma_scale=0.55, strength=0.1)",M2 Modified Gabor,"{""detail_clip"": 0.1, ""frequencies"": [0.075, 0.095, 0.115, 0.14], ""gamma"": 0.5, ""orientation_bins"": 12, ""orientation_offset"": 1.5707963267948966, ""sigma_scale"": 0.55, ""strength"": 0.1}",27.190461892047534,0.860179078065604,0.0019096501477369801,27.199021633986934,0.8604966003260612,0.0019058900229818952,0.008559741939400567,0.00031752226045722587,-3.7601247550849565e-06,0.0002604142064228654,0.4465404000002309
439__M_Right_little_finger.BMP,439,"M2 Modified Gabor (detail_clip=0.1, frequencies=0.075/0.095/0.115/0.14, gamma=0.5, orientation_bins=12, orientation_offset=1.5708, sigma_scale=0.55, strength=0.1)",M2 Modified Gabor,"{""detail_clip"": 0.1, ""frequencies"": [0.075, 0.095, 0.115, 0.14], ""gamma"": 0.5, ""orientation_bins"": 12, ""orientation_offset"": 1.5707963267948966, ""sigma_scale"": 0.55, ""strength"": 0.1}",27.46604753235387,0.7971711269533038,0.001792236207049238,27.47347390685271,0.7974504435258508,0.00178917412716988,0.007426374498841426,0.0002793165725469837,-3.062079879357976e-06,0.0001856778544606641,0.004537900000286754
439__M_Right_middle_finger.BMP,439,"M2 Modified Gabor (detail_clip=0.1, frequencies=0.075/0.095/0.115/0.14, gamma=0.5, orientation_bins=12, orientation_offset=1.5708, sigma_scale=0.55, strength=0.1)",M2 Modified Gabor,"{""detail_clip"": 0.1, ""frequencies"": [0.075, 0.095, 0.115, 0.14], ""gamma"": 0.5, ""orientation_bins"": 12, ""orientation_offset"": 1.5707963267948966, ""sigma_scale"": 0.55, ""strength"": 0.1}",27.195319163986305,0.8431384734453261,0.001907515535095472,27.201323351118198,0.8433914477461875,0.0019048801880383037,0.006004187131892991,0.00025297430086135275,-2.635347057168341e-06,0.00018531913519836962,0.00519489999715006
439__M_Right_ring_finger.BMP,439,"M2 Modified Gabor (detail_clip=0.1, frequencies=0.075/0.095/0.115/0.14, gamma=0.5, orientation_bins=12, orientation_offset=1.5708, sigma_scale=0.55, strength=0.1)",M2 Modified Gabor,"{""detail_clip"": 0.1, ""frequencies"": [0.075, 0.095, 0.115, 0.14], ""gamma"": 0.5, ""orientation_bins"": 12, ""orientation_offset"": 1.5707963267948966, ""sigma_scale"": 0.55, ""strength"": 0.1}",27.088819797633764,0.8616873811286986,0.001954870622892272,27.095978840051753,0.8619845603299737,0.0019516508092092032,0.007159042417988815,0.00029717920127514397,-3.2198136830688916e-06,0.00020794305601157248,0.0030957000053604133
439__M_Right_thumb_finger.BMP,439,"M2 Modified Gabor (detail_clip=0.1, frequencies=0.075/0.095/0.115/0.14, gamma=0.5, orientation_bins=12, orientation_offset=1.5708, sigma_scale=0.55, strength=0.1)",M2 Modified Gabor,"{""detail_clip"": 0.1, ""frequencies"": [0.075, 0.095, 0.115, 0.14], ""gamma"": 0.5, ""orientation_bins"": 12, ""orientation_offset"": 1.5707963267948966, ""sigma_scale"": 0.55, ""strength"": 0.1}",27.178713895481742,0.860588171741724,0.0019148228900337703,27.185016147977542,0.8608801837992668,0.001912046215203417,0.006302252495800076,0.000292012057542812,-2.77667483035318e-06,0.00027660629712045193,0.004201499999908265
184__M_Left_index_finger.BMP,184,"M2 Modified Gabor (detail_clip=0.1, frequencies=0.075/0.095/0.115/0.14, gamma=0.5, orientation_bins=12, orientation_offset=1.5708, sigma_scale=0.55, strength=0.1)",M2 Modified Gabor,"{""detail_clip"": 0.1, ""frequencies"": [0.075, 0.095, 0.115, 0.14], ""gamma"": 0.5, ""orientation_bins"": 12, ""orientation_offset"": 1.5707963267948966, ""sigma_scale"": 0.55, ""strength"": 0.1}",27.14673214910537,0.9094638912225962,0.0019289758260301864,27.154940445686403,0.9097246438962817,0.0019253334467775611,0.008208296581031505,0.000260752673685527,-3.6423792526252795e-06,0.0002896204241551459,0.004345800000010058
184__M_Left_little_finger.BMP,184,"M2 Modified Gabor (detail_clip=0.1, frequencies=0.075/0.095/0.115/0.14, gamma=0.5, orientation_bins=12, orientation_offset=1.5708, sigma_scale=0.55, strength=0.1)",M2 Modified Gabor,"{""detail_clip"": 0.1, ""frequencies"": [0.075, 0.095, 0.115, 0.14], ""gamma"": 0.5, ""orientation_bins"": 12, ""orientation_offset"": 1.5707963267948966, ""sigma_scale"": 0.55, ""strength"": 0.1}",27.68577063332017,0.7966246676869393,0.0017038169588951832,27.69874383496453,0.7971082292048335,0.0016987349280670261,0.012973201644360444,0.0004835615178941932,-5.082030828157088e-06,0.0002536295505706221,0.0022742000001017004
184__M_Left_middle_finger.BMP,184,"M2 Modified Gabor (detail_clip=0.1, frequencies=0.075/0.095/0.115/0.14, gamma=0.5, orientation_bins=12, orientation_offset=1.5708, sigma_scale=0.55, strength=0.1)",M2 Modified Gabor,"{""detail_clip"": 0.1, ""frequencies"": [0.075, 0.095, 0.115, 0.14], ""gamma"": 0.5, ""orientation_bins"": 12, ""orientation_offset"": 1.5707963267948966, ""sigma_scale"": 0.55, ""strength"": 0.1}",26.967420814007504,0.924128175724417,0.002010286326054125,26.97270887650437,0.9243301361776293,0.002007840048050748,0.00528806249686653,0.00020196045321230205,-2.4462780033769616e-06,0.000245212868321687,0.0036048999972990714
184__M_Left_ring_finger.BMP,184,"M2 Modified Gabor (detail_clip=0.1, frequencies=0.075/0.095/0.115/0.14, gamma=0.5, orientation_bins=12, orientation_offset=1.5708, sigma_scale=0.55, strength=0.1)",M2 Modified Gabor,"{""detail_clip"": 0.1, ""frequencies"": [0.075, 0.095, 0.115, 0.14], ""gamma"": 0.5, ""orientation_bins"": 12, ""orientation_offset"": 1.5707963267948966, ""sigma_scale"": 0.55, ""strength"": 0.1}",27.16267520307092,0.870679429012537,0.0019219074917362917,27.172323471153316,0.8710787421323061,0.001917642529340209,0.009648268082397493,0.00039931311976904027,-4.2649623960826655e-06,0.0002327157708350569,0.002921200000855606
184__M_Left_thumb_finger.BMP,184,"M2 Modified Gabor (detail_clip=0.1, frequencies=0.075/0.095/0.115/0.14, gamma=0.5, orientation_bins=12, orientation_offset=1.5708, sigma_scale=0.55, strength=0.1)",M2 Modified Gabor,"{""detail_clip"": 0.1, ""frequencies"": [0.075, 0.095, 0.115, 0.14], ""gamma"": 0.5, ""orientation_bins"": 12, ""orientation_offset"": 1.5707963267948966, ""sigma_scale"": 0.55, ""strength"": 0.1}",27.09455659897816,0.894332712657094,0.0019522900465488075,27.101604734631835,0.8946048839894534,0.0019491242578536714,0.007048135653676013,0.00027217133235935,-3.1657886951361788e-06,0.0003005403559654951,0.0020612000007531606
184__M_Right_index_finger.BMP,184,"M2 Modified Gabor (detail_clip=0.1, frequencies=0.075/0.095/0.115/0.14, gamma=0.5, orientation_bins=12, orientation_offset=1.5708, sigma_scale=0.55, strength=0.1)",M2 Modified Gabor,"{""detail_clip"": 0.1, ""frequencies"": [0.075, 0.095, 0.115, 0.14], ""gamma"": 0.5, ""orientation_bins"": 12, ""orientation_offset"": 1.5707963267948966, ""sigma_scale"": 0.55, ""strength"": 0.1}",27.168996828915667,0.8836233427411317,0.0019191119826170474,27.176409556403843,0.8839110894955396,0.0019158391525468414,0.007412727488176785,0.00028774675440790265,-3.272830070206057e-06,0.0002939669939223677,0.003519800004141871
184__M_Right_little_finger.BMP,184,"M2 Modified Gabor (detail_clip=0.1, frequencies=0.075/0.095/0.115/0.14, gamma=0.5, orientation_bins=12, orientation_offset=1.5708, sigma_scale=0.55, strength=0.1)",M2 Modified Gabor,"{""detail_clip"": 0.1, ""frequencies"": [0.075, 0.095, 0.115, 0.14], ""gamma"": 0.5, ""orientation_bins"": 12, ""orientation_offset"": 1.5707963267948966, ""sigma_scale"": 0.55, ""strength"": 0.1}",27.192112369058048,0.8865373025163412,0.0019089245491009349,27.200065630433947,0.8868312063743472,0.0019054319229234568,0.007953261375899245,0.00029390385800598384,-3.4926261774780466e-06,0.00024942547315731645,0.5223561000020709
184__M_Right_middle_finger.BMP,184,"M2 Modified Gabor (detail_clip=0.1, frequencies=0.075/0.095/0.115/0.14, gamma=0.5, orientation_bins=12, orientation_offset=1.5708, sigma_scale=0.55, strength=0.1)",M2 Modified Gabor,"{""detail_clip"": 0.1, ""frequencies"": [0.075, 0.095, 0.115, 0.14], ""gamma"": 0.5, ""orientation_bins"": 12, ""orientation_offset"": 1.5707963267948966, ""sigma_scale"": 0.55, ""strength"": 0.1}",26.937873520135312,0.9148618301275373,0.0020240099725046343,26.94482030394498,0.9150848331650495,0.002020775042953507,0.0069467838096670675,0.00022300303751221495,-3.23492955112744e-06,0.00028566253604367375,0.0043986000018776394
184__M_Right_ring_finger.BMP,184,"M2 Modified Gabor (detail_clip=0.1, frequencies=0.075/0.095/0.115/0.14, gamma=0.5, orientation_bins=12, orientation_offset=1.5708, sigma_scale=0.55, strength=0.1)",M2 Modified Gabor,"{""detail_clip"": 0.1, ""frequencies"": [0.075, 0.095, 0.115, 0.14], ""gamma"": 0.5, ""orientation_bins"": 12, ""orientation_offset"": 1.5707963267948966, ""sigma_scale"": 0.55, ""strength"": 0.1}",26.95258106467255,0.899651739586711,0.002017167180501343,26.95833444118581,0.8998708539519906,0.002014496679523802,0.005753376513258246,0.0002191143652796601,-2.6705009775408912e-06,0.0002593377430457622,0.003187099995557219
184__M_Right_thumb_finger.BMP,184,"M2 Modified Gabor (detail_clip=0.1, frequencies=0.075/0.095/0.115/0.14, gamma=0.5, orientation_bins=12, orientation_offset=1.5708, sigma_scale=0.55, strength=0.1)",M2 Modified Gabor,"{""detail_clip"": 0.1, ""frequencies"": [0.075, 0.095, 0.115, 0.14], ""gamma"": 0.5, ""orientation_bins"": 12, ""orientation_offset"": 1.5707963267948966, ""sigma_scale"": 0.55, ""strength"": 0.1}",27.1155529441821,0.9145130371519327,0.001942874309123023,27.12262004121078,0.9147466278710366,0.0019397153199210396,0.007067097028681246,0.00023359071910389329,-3.1589892019834136e-06,0.000343883759342134,0.008249300000898074
297__M_Left_index_finger.BMP,297,"M2 Modified Gabor (detail_clip=0.1, frequencies=0.075/0.095/0.115/0.14, gamma=0.5, orientation_bins=12, orientation_offset=1.5708, sigma_scale=0.55, strength=0.1)",M2 Modified Gabor,"{""detail_clip"": 0.1, ""frequencies"": [0.075, 0.095, 0.115, 0.14], ""gamma"": 0.5, ""orientation_bins"": 12, ""orientation_offset"": 1.5707963267948966, ""sigma_scale"": 0.55, ""strength"": 0.1}",27.7570804375387,0.7906426064821481,0.0016760692418019418,27.77002425595097,0.7911053407245576,0.0016710812810632218,0.01294381841226766,0.00046273424240950156,-4.98796073872005e-06,0.0002243483322672546,0.005372799998440314
297__M_Left_little_finger.BMP,297,"M2 Modified Gabor (detail_clip=0.1, frequencies=0.075/0.095/0.115/0.14, gamma=0.5, orientation_bins=12, orientation_offset=1.5708, sigma_scale=0.55, strength=0.1)",M2 Modified Gabor,"{""detail_clip"": 0.1, ""frequencies"": [0.075, 0.095, 0.115, 0.14], ""gamma"": 0.5, ""orientation_bins"": 12, ""orientation_offset"": 1.5707963267948966, ""sigma_scale"": 0.55, ""strength"": 0.1}",27.604976193107987,0.8586213655061722,0.0017358107781078177,27.61212908056947,0.8587545729961396,0.0017329542278702267,0.007152887461483459,0.00013320748996736853,-2.856550237591033e-06,0.0001668124459683895,0.0018966999996337108
297__M_Left_middle_finger.BMP,297,"M2 Modified Gabor (detail_clip=0.1, frequencies=0.075/0.095/0.115/0.14, gamma=0.5, orientation_bins=12, orientation_offset=1.5708, sigma_scale=0.55, strength=0.1)",M2 Modified Gabor,"{""detail_clip"": 0.1, ""frequencies"": [0.075, 0.095, 0.115, 0.14], ""gamma"": 0.5, ""orientation_bins"": 12, ""orientation_offset"": 1.5707963267948966, ""sigma_scale"": 0.55, ""strength"": 0.1}",27.408921212894597,0.831367049916923,0.0018159666927172965,27.420428863905492,0.8318458574738204,0.0018111612324073086,0.011507651010894904,0.0004788075568974426,-4.805460309987913e-06,0.00024885396123863757,0.004160399999818765
297__M_Left_ring_finger.BMP,297,"M2 Modified Gabor (detail_clip=0.1, frequencies=0.075/0.095/0.115/0.14, gamma=0.5, orientation_bins=12, orientation_offset=1.5708, sigma_scale=0.55, strength=0.1)",M2 Modified Gabor,"{""detail_clip"": 0.1, ""frequencies"": [0.075, 0.095, 0.115, 0.14], ""gamma"": 0.5, ""orientation_bins"": 12, ""orientation_offset"": 1.5707963267948966, ""sigma_scale"": 0.55, ""strength"": 0.1}",27.999195089177213,0.7429669464297891,0.0015851869599302825,28.007931168321885,0.7432511420260072,0.0015820014716697065,0.008736079144672004,0.000284195596218062,-3.1854882605760176e-06,0.00016551697626709938,0.004675299998780247
297__M_Left_thumb_finger.BMP,297,"M2 Modified Gabor (detail_clip=0.1, frequencies=0.075/0.095/0.115/0.14, gamma=0.5, orientation_bins=12, orientation_offset=1.5708, sigma_scale=0.55, strength=0.1)",M2 Modified Gabor,"{""detail_clip"": 0.1, ""frequencies"": [0.075, 0.095, 0.115, 0.14], ""gamma"": 0.5, ""orientation_bins"": 12, ""orientation_offset"": 1.5707963267948966, ""sigma_scale"": 0.55, ""strength"": 0.1}",27.351634550995698,0.8496112274484038,0.0018400793218039874,27.361649850302094,0.849985125271678,0.001835840789499365,0.010015299306395775,0.0003738978232742385,-4.238532304622414e-06,0.0003206328838132322,0.007845899999665562
297__M_Right_index_finger.BMP,297,"M2 Modified Gabor (detail_clip=0.1, frequencies=0.075/0.095/0.115/0.14, gamma=0.5, orientation_bins=12, orientation_offset=1.5708, sigma_scale=0.55, strength=0.1)",M2 Modified Gabor,"{""detail_clip"": 0.1, ""frequencies"": [0.075, 0.095, 0.115, 0.14], ""gamma"": 0.5, ""orientation_bins"": 12, ""orientation_offset"": 1.5707963267948966, ""sigma_scale"": 0.55, ""strength"": 0.1}",27.26646688433661,0.8421334111442864,0.0018765204928810162,27.274119717591176,0.8424155516923666,0.001873216731551157,0.007652833254567781,0.00028214054808017863,-3.303761329859255e-06,0.00025559301138855517,0.006994199997279793
297__M_Right_little_finger.BMP,297,"M2 Modified Gabor (detail_clip=0.1, frequencies=0.075/0.095/0.115/0.14, gamma=0.5, orientation_bins=12, orientation_offset=1.5708, sigma_scale=0.55, strength=0.1)",M2 Modified Gabor,"{""detail_clip"": 0.1, ""frequencies"": [0.075, 0.095, 0.115, 0.14], ""gamma"": 0.5, ""orientation_bins"": 12, ""orientation_offset"": 1.5707963267948966, ""sigma_scale"": 0.55, ""strength"": 0.1}",27.748414561772044,0.7768289119063616,0.0016794169952769212,27.76229187289385,0.7773134398236274,0.0016740592029396335,0.013877311121806457,0.0004845279172658312,-5.357792337287682e-06,0.00023484356643166393,0.006440199998905882
297__M_Right_middle_finger.BMP,297,"M2 Modified Gabor (detail_clip=0.1, frequencies=0.075/0.095/0.115/0.14, gamma=0.5, orientation_bins=12, orientation_offset=1.5708, sigma_scale=0.55, strength=0.1)",M2 Modified Gabor,"{""detail_clip"": 0.1, ""frequencies"": [0.075, 0.095, 0.115, 0.14], ""gamma"": 0.5, ""orientation_bins"": 12, ""orientation_offset"": 1.5707963267948966, ""sigma_scale"": 0.55, ""strength"": 0.1}",27.62754038726817,0.7994520999450088,0.0017268155915228394,27.64210355892913,0.7999880534477234,0.0017210347686367677,0.014563171660959995,0.0005359535027146256,-5.7808228860717174e-06,0.00026630275533534586,0.005055800000263844
297__M_Right_ring_finger.BMP,297,"M2 Modified Gabor (detail_clip=0.1, frequencies=0.075/0.095/0.115/0.14, gamma=0.5, orientation_bins=12, orientation_offset=1.5708, sigma_scale=0.55, strength=0.1)",M2 Modified Gabor,"{""detail_clip"": 0.1, ""frequencies"": [0.075, 0.095, 0.115, 0.14], ""gamma"": 0.5, ""orientation_bins"": 12, ""orientation_offset"": 1.5707963267948966, ""sigma_scale"": 0.55, ""strength"": 0.1}",27.67942143460698,0.7884819651403725,0.0017063096877649516,27.690554129314556,0.7888813589205146,0.0017019413387564881,0.011132694707576718,0.0003993937801420877,-4.368349008463442e-06,0.00022035540314391255,0.002959299999929499
297__M_Right_thumb_finger.BMP,297,"M2 Modified Gabor (detail_clip=0.1, frequencies=0.075/0.095/0.115/0.14, gamma=0.5, orientation_bins=12, orientation_offset=1.5708, sigma_scale=0.55, strength=0.1)",M2 Modified Gabor,"{""detail_clip"": 0.1, ""frequencies"": [0.075, 0.095, 0.115, 0.14], ""gamma"": 0.5, ""orientation_bins"": 12, ""orientation_offset"": 1.5707963267948966, ""sigma_scale"": 0.55, ""strength"": 0.1}",27.057159365148596,0.8790298646752238,0.0019691738664962227,27.064682283114216,0.8793232271052599,0.0019657657848801183,0.007522917965619769,0.00029336243003608153,-3.408081616104383e-06,0.00026175123639404774,0.0036891999989165924
510__M_Left_index_finger.BMP,510,"M2 Modified Gabor (detail_clip=0.1, frequencies=0.075/0.095/0.115/0.14, gamma=0.5, orientation_bins=12, orientation_offset=1.5708, sigma_scale=0.55, strength=0.1)",M2 Modified Gabor,"{""detail_clip"": 0.1, ""frequencies"": [0.075, 0.095, 0.115, 0.14], ""gamma"": 0.5, ""orientation_bins"": 12, ""orientation_offset"": 1.5707963267948966, ""sigma_scale"": 0.55, ""strength"": 0.1}",27.049783248781104,0.8853918248358965,0.001972521179848049,27.05652312949992,0.8856498326047063,0.001969462368984756,0.006739880718814817,0.00025800776880979814,-3.0588108632929704e-06,0.00023649894865229726,0.0020077000008313917
510__M_Left_little_finger.BMP,510,"M2 Modified Gabor (detail_clip=0.1, frequencies=0.075/0.095/0.115/0.14, gamma=0.5, orientation_bins=12, orientation_offset=1.5708, sigma_scale=0.55, strength=0.1)",M2 Modified Gabor,"{""detail_clip"": 0.1, ""frequencies"": [0.075, 0.095, 0.115, 0.14], ""gamma"": 0.5, ""orientation_bins"": 12, ""orientation_offset"": 1.5707963267948966, ""sigma_scale"": 0.55, ""strength"": 0.1}",27.388994176833812,0.8156364864462018,0.0018243181642848185,27.39757871879423,0.8159982888538242,0.0018207156621870455,0.008584541960416914,0.00036180240762240246,-3.602502097772983e-06,0.00024041578581091017,0.0026800999985425733
510__M_Left_middle_finger.BMP,510,"M2 Modified Gabor (detail_clip=0.1, frequencies=0.075/0.095/0.115/0.14, gamma=0.5, orientation_bins=12, orientation_offset=1.5708, sigma_scale=0.55, strength=0.1)",M2 Modified Gabor,"{""detail_clip"": 0.1, ""frequencies"": [0.075, 0.095, 0.115, 0.14], ""gamma"": 0.5, ""orientation_bins"": 12, ""orientation_offset"": 1.5707963267948966, ""sigma_scale"": 0.55, ""strength"": 0.1}",26.927380314475773,0.9163373613706232,0.002028906196606752,26.93543280355348,0.9166478817149997,0.0020251477772217003,0.008052489077705616,0.0003105203443765081,-3.758419385051833e-06,0.00026554634678177536,0.002756400004727766
510__M_Left_ring_finger.BMP,510,"M2 Modified Gabor (detail_clip=0.1, frequencies=0.075/0.095/0.115/0.14, gamma=0.5, orientation_bins=12, orientation_offset=1.5708, sigma_scale=0.55, strength=0.1)",M2 Modified Gabor,"{""detail_clip"": 0.1, ""frequencies"": [0.075, 0.095, 0.115, 0.14], ""gamma"": 0.5, ""orientation_bins"": 12, ""orientation_offset"": 1.5707963267948966, ""sigma_scale"": 0.55, ""strength"": 0.1}",27.139391128208246,0.8814989184703231,0.0019322391939270728,27.145906499343113,0.8817576056690812,0.00192934258404821,0.0065153711348671095,0.00025868719875810076,-2.8966098788627513e-06,0.00023772948770783842,0.008193599998776335
510__M_Left_thumb_finger.BMP,510,"M2 Modified Gabor (detail_clip=0.1, frequencies=0.075/0.095/0.115/0.14, gamma=0.5, orientation_bins=12, orientation_offset=1.5708, sigma_scale=0.55, strength=0.1)",M2 Modified Gabor,"{""detail_clip"": 0.1, ""frequencies"": [0.075, 0.095, 0.115, 0.14], ""gamma"": 0.5, ""orientation_bins"": 12, ""orientation_offset"": 1.5707963267948966, ""sigma_scale"": 0.55, ""strength"": 0.1}",27.04511604334945,0.9147710483712554,0.0019746421163289608,27.050499740932707,0.9149624826138913,0.001972195783273173,0.005383697583258851,0.0001914342426359017,-2.446333055787942e-06,0.00022740865824744105,0.007334600006288383
510__M_Right_index_finger.BMP,510,"M2 Modified Gabor (detail_clip=0.1, frequencies=0.075/0.095/0.115/0.14, gamma=0.5, orientation_bins=12, orientation_offset=1.5708, sigma_scale=0.55, strength=0.1)",M2 Modified Gabor,"{""detail_clip"": 0.1, ""frequencies"": [0.075, 0.095, 0.115, 0.14], ""gamma"": 0.5, ""orientation_bins"": 12, ""orientation_offset"": 1.5707963267948966, ""sigma_scale"": 0.55, ""strength"": 0.1}",27.23055457921046,0.866017082233429,0.0018921019882603737,27.23747909290427,0.8662732054255009,0.0018890875712659146,0.006924513693810752,0.0002561231920719109,-3.014416994459113e-06,0.0002127002808265388,0.006630900003074203
510__M_Right_little_finger.BMP,510,"M2 Modified Gabor (detail_clip=0.1, frequencies=0.075/0.095/0.115/0.14, gamma=0.5, orientation_bins=12, orientation_offset=1.5708, sigma_scale=0.55, strength=0.1)",M2 Modified Gabor,"{""detail_clip"": 0.1, ""frequencies"": [0.075, 0.095, 0.115, 0.14], ""gamma"": 0.5, ""orientation_bins"": 12, ""orientation_offset"": 1.5707963267948966, ""sigma_scale"": 0.55, ""strength"": 0.1}",27.394827670703343,0.8089458301949203,0.0018218693639567604,27.400657930289363,0.8091712343756855,0.0018194252056418167,0.0058302595860197926,0.00022540418076522073,-2.4441583149437205e-06,0.00018484672182239592,0.0063775000016903505
510__M_Right_middle_finger.BMP,510,"M2 Modified Gabor (detail_clip=0.1, frequencies=0.075/0.095/0.115/0.14, gamma=0.5, orientation_bins=12, orientation_offset=1.5708, sigma_scale=0.55, strength=0.1)",M2 Modified Gabor,"{""detail_clip"": 0.1, ""frequencies"": [0.075, 0.095, 0.115, 0.14], ""gamma"": 0.5, ""orientation_bins"": 12, ""orientation_offset"": 1.5707963267948966, ""sigma_scale"": 0.55, ""strength"": 0.1}",27.098886756793288,0.887872908428371,0.001950344474744861,27.103893054160153,0.8880613990148902,0.0019480975249711338,0.005006297366865198,0.0001884905865192632,-2.2469497737271325e-06,0.00020817707991227508,0.005077300003904384
510__M_Right_ring_finger.BMP,510,"M2 Modified Gabor (detail_clip=0.1, frequencies=0.075/0.095/0.115/0.14, gamma=0.5, orientation_bins=12, orientation_offset=1.5708, sigma_scale=0.55, strength=0.1)",M2 Modified Gabor,"{""detail_clip"": 0.1, ""frequencies"": [0.075, 0.095, 0.115, 0.14], ""gamma"": 0.5, ""orientation_bins"": 12, ""orientation_offset"": 1.5707963267948966, ""sigma_scale"": 0.55, ""strength"": 0.1}",27.19464273199484,0.8686249066267312,0.001907812661832362,27.20125913870276,0.8689229911907017,0.0019049083527669275,0.006616406707919964,0.0002980845639705132,-2.9043090654344572e-06,0.0002242842165287584,0.002383999999437947
510__M_Right_thumb_finger.BMP,510,"M2 Modified Gabor (detail_clip=0.1, frequencies=0.075/0.095/0.115/0.14, gamma=0.5, orientation_bins=12, orientation_offset=1.5708, sigma_scale=0.55, strength=0.1)",M2 Modified Gabor,"{""detail_clip"": 0.1, ""frequencies"": [0.075, 0.095, 0.115, 0.14], ""gamma"": 0.5, ""orientation_bins"": 12, ""orientation_offset"": 1.5707963267948966, ""sigma_scale"": 0.55, ""strength"": 0.1}",27.147269107323716,0.8867233144706488,0.0019287373437475198,27.153145211196144,0.8869659301262498,0.0019261294825641496,0.0058761038724277626,0.0002426156556010195,-2.6078611833702317e-06,0.0002508098550606519,0.0047635000009904616
329__M_Left_index_finger.BMP,329,"M2 Modified Gabor (detail_clip=0.1, frequencies=0.075/0.095/0.115/0.14, gamma=0.5, orientation_bins=12, orientation_offset=1.5708, sigma_scale=0.55, strength=0.1)",M2 Modified Gabor,"{""detail_clip"": 0.1, ""frequencies"": [0.075, 0.095, 0.115, 0.14], ""gamma"": 0.5, ""orientation_bins"": 12, ""orientation_offset"": 1.5707963267948966, ""sigma_scale"": 0.55, ""strength"": 0.1}",27.33983850281261,0.8673399185726046,0.0018450840293860148,27.34819654280144,0.8676523348699212,0.0018415365617001896,0.00835803998882767,0.0003124162973165978,-3.547467685825192e-06,0.0002085281303152442,0.0049846999972942285
329__M_Left_little_finger.BMP,329,"M2 Modified Gabor (detail_clip=0.1, frequencies=0.075/0.095/0.115/0.14, gamma=0.5, orientation_bins=12, orientation_offset=1.5708, sigma_scale=0.55, strength=0.1)",M2 Modified Gabor,"{""detail_clip"": 0.1, ""frequencies"": [0.075, 0.095, 0.115, 0.14], ""gamma"": 0.5, ""orientation_bins"": 12, ""orientation_offset"": 1.5707963267948966, ""sigma_scale"": 0.55, ""strength"": 0.1}",27.483534424271237,0.7969700508410931,0.0017850342668649715,27.495083988393652,0.7973954634831548,0.0017802934793498724,0.011549564122415035,0.000425412642061751,-4.740787515099178e-06,0.00022402056492865086,0.005376500004786067
329__M_Left_middle_finger.BMP,329,"M2 Modified Gabor (detail_clip=0.1, frequencies=0.075/0.095/0.115/0.14, gamma=0.5, orientation_bins=12, orientation_offset=1.5708, sigma_scale=0.55, strength=0.1)",M2 Modified Gabor,"{""detail_clip"": 0.1, ""frequencies"": [0.075, 0.095, 0.115, 0.14], ""gamma"": 0.5, ""orientation_bins"": 12, ""orientation_offset"": 1.5707963267948966, ""sigma_scale"": 0.55, ""strength"": 0.1}",27.170496652176993,0.8806207271711528,0.0019184493373478708,27.178259026131695,0.8809244843158424,0.001915023454372999,0.007762373954701474,0.0003037571446895537,-3.4258829748718637e-06,0.00021774972265120596,0.007162699999753386
329__M_Left_ring_finger.BMP,329,"M2 Modified Gabor (detail_clip=0.1, frequencies=0.075/0.095/0.115/0.14, gamma=0.5, orientation_bins=12, orientation_offset=1.5708, sigma_scale=0.55, strength=0.1)",M2 Modified Gabor,"{""detail_clip"": 0.1, ""frequencies"": [0.075, 0.095, 0.115, 0.14], ""gamma"": 0.5, ""orientation_bins"": 12, ""orientation_offset"": 1.5707963267948966, ""sigma_scale"": 0.55, ""strength"": 0.1}",27.048095149200076,0.8606330455324054,0.0019732880464668353,27.054520837137865,0.8608973041726351,0.0019703705888249995,0.006425687937788638,0.0002642586402297198,-2.9174576418357356e-06,0.00020211189985275269,0.004236100001435261
329__M_Left_thumb_finger.BMP,329,"M2 Modified Gabor (detail_clip=0.1, frequencies=0.075/0.095/0.115/0.14, gamma=0.5, orientation_bins=12, orientation_offset=1.5708, sigma_scale=0.55, strength=0.1)",M2 Modified Gabor,"{""detail_clip"": 0.1, ""frequencies"": [0.075, 0.095, 0.115, 0.14], ""gamma"": 0.5, ""orientation_bins"": 12, ""orientation_offset"": 1.5707963267948966, ""sigma_scale"": 0.55, ""strength"": 0.1}",27.274119087408604,0.8811508820807934,0.001873217003364104,27.2806236279477,0.8813854805185198,0.0018704135378491702,0.0065045405390975475,0.00023459843772644096,-2.803465514933899e-06,0.00023685189080424607,0.0048577999987173826
329__M_Right_index_finger.BMP,329,"M2 Modified Gabor (detail_clip=0.1, frequencies=0.075/0.095/0.115/0.14, gamma=0.5, orientation_bins=12, orientation_offset=1.5708, sigma_scale=0.55, strength=0.1)",M2 Modified Gabor,"{""detail_clip"": 0.1, ""frequencies"": [0.075, 0.095, 0.115, 0.14], ""gamma"": 0.5, ""orientation_bins"": 12, ""orientation_offset"": 1.5707963267948966, ""sigma_scale"": 0.55, ""strength"": 0.1}",27.187816851277667,0.9046109719729424,0.001910813561316814,27.19823995957187,0.9049660082959533,0.001906233089636013,0.010423108294201455,0.0003550363230109266,-4.580471680800877e-06,0.000333150674123317,0.005909700004849583
329__M_Right_little_finger.BMP,329,"M2 Modified Gabor (detail_clip=0.1, frequencies=0.075/0.095/0.115/0.14, gamma=0.5, orientation_bins=12, orientation_offset=1.5708, sigma_scale=0.55, strength=0.1)",M2 Modified Gabor,"{""detail_clip"": 0.1, ""frequencies"": [0.075, 0.095, 0.115, 0.14], ""gamma"": 0.5, ""orientation_bins"": 12, ""orientation_offset"": 1.5707963267948966, ""sigma_scale"": 0.55, ""strength"": 0.1}",27.743813777829764,0.7948134238148331,0.0016811970613825667,27.7582182631132,0.7952601835624575,0.0016756301792008323,0.01440448528343552,0.0004467597476244256,-5.5668821817343814e-06,0.00022100888600107282,0.005822999999509193
329__M_Right_middle_finger.BMP,329,"M2 Modified Gabor (detail_clip=0.1, frequencies=0.075/0.095/0.115/0.14, gamma=0.5, orientation_bins=12, orientation_offset=1.5708, sigma_scale=0.55, strength=0.1)",M2 Modified Gabor,"{""detail_clip"": 0.1, ""frequencies"": [0.075, 0.095, 0.115, 0.14], ""gamma"": 0.5, ""orientation_bins"": 12, ""orientation_offset"": 1.5707963267948966, ""sigma_scale"": 0.55, ""strength"": 0.1}",27.191388370015403,0.9068319340829849,0.0019092428065988977,27.201792541128007,0.9071733820186257,0.0019046744054380359,0.010404171112604388,0.0003414479356408373,-4.568401160861841e-06,0.00029666227055713534,0.0021572000041487627
329__M_Right_ring_finger.BMP,329,"M2 Modified Gabor (detail_clip=0.1, frequencies=0.075/0.095/0.115/0.14, gamma=0.5, orientation_bins=12, orientation_offset=1.5708, sigma_scale=0.55, strength=0.1)",M2 Modified Gabor,"{""detail_clip"": 0.1, ""frequencies"": [0.075, 0.095, 0.115, 0.14], ""gamma"": 0.5, ""orientation_bins"": 12, ""orientation_offset"": 1.5707963267948966, ""sigma_scale"": 0.55, ""strength"": 0.1}",27.27178725921972,0.8700721985939145,0.0018742230472468093,27.2788240518155,0.8703365017654896,0.0018711887374355132,0.007036792595780383,0.00026430317157510874,-3.0343098112960414e-06,0.00022153423924464732,0.0030287999979918823
329__M_Right_thumb_finger.BMP,329,"M2 Modified Gabor (detail_clip=0.1, frequencies=0.075/0.095/0.115/0.14, gamma=0.5, orientation_bins=12, orientation_offset=1.5708, sigma_scale=0.55, strength=0.1)",M2 Modified Gabor,"{""detail_clip"": 0.1, ""frequencies"": [0.075, 0.095, 0.115, 0.14], ""gamma"": 0.5, ""orientation_bins"": 12, ""orientation_offset"": 1.5707963267948966, ""sigma_scale"": 0.55, ""strength"": 0.1}",27.0467404622004,0.909762505359292,0.0019739036666828963,27.05283747761132,0.9099740476216078,0.001971134467976093,0.0060970154109192265,0.0002115422623157892,-2.769198706803304e-06,0.00030738383065909147,0.002319400002306793
500__M_Left_index_finger.BMP,500,"M2 Modified Gabor (detail_clip=0.1, frequencies=0.075/0.095/0.115/0.14, gamma=0.5, orientation_bins=12, orientation_offset=1.5708, sigma_scale=0.55, strength=0.1)",M2 Modified Gabor,"{""detail_clip"": 0.1, ""frequencies"": [0.075, 0.095, 0.115, 0.14], ""gamma"": 0.5, ""orientation_bins"": 12, ""orientation_offset"": 1.5707963267948966, ""sigma_scale"": 0.55, ""strength"": 0.1}",27.22097697852984,0.8126579431100488,0.0018962792907501484,27.23131999802837,0.8131097901903391,0.0018917685456512248,0.010343019498527894,0.00045184708029033516,-4.510745098923637e-06,0.00023205917386803776,0.0042322000008425675
500__M_Left_little_finger.BMP,500,"M2 Modified Gabor (detail_clip=0.1, frequencies=0.075/0.095/0.115/0.14, gamma=0.5, orientation_bins=12, orientation_offset=1.5708, sigma_scale=0.55, strength=0.1)",M2 Modified Gabor,"{""detail_clip"": 0.1, ""frequencies"": [0.075, 0.095, 0.115, 0.14], ""gamma"": 0.5, ""orientation_bins"": 12, ""orientation_offset"": 1.5707963267948966, ""sigma_scale"": 0.55, ""strength"": 0.1}",27.393190376862407,0.8031483195633888,0.0018225563397227824,27.404928813855534,0.8036067994137406,0.0018176368491286342,0.011738436993127266,0.0004584798503517451,-4.9194905941481355e-06,0.0002191752864746377,0.0020399999993969686
500__M_Left_middle_finger.BMP,500,"M2 Modified Gabor (detail_clip=0.1, frequencies=0.075/0.095/0.115/0.14, gamma=0.5, orientation_bins=12, orientation_offset=1.5708, sigma_scale=0.55, strength=0.1)",M2 Modified Gabor,"{""detail_clip"": 0.1, ""frequencies"": [0.075, 0.095, 0.115, 0.14], ""gamma"": 0.5, ""orientation_bins"": 12, ""orientation_offset"": 1.5707963267948966, ""sigma_scale"": 0.55, ""strength"": 0.1}",27.140279470727975,0.8293306801019311,0.0019318439978642497,27.148201380574562,0.8297038608108163,0.0019283233580010793,0.007921909846587027,0.00037318070888514576,-3.52063986317039e-06,0.00019080628408119082,0.00212199999805307
500__M_Left_ring_finger.BMP,500,"M2 Modified Gabor (detail_clip=0.1, frequencies=0.075/0.095/0.115/0.14, gamma=0.5, orientation_bins=12, orientation_offset=1.5708, sigma_scale=0.55, strength=0.1)",M2 Modified Gabor,"{""detail_clip"": 0.1, ""frequencies"": [0.075, 0.095, 0.115, 0.14], ""gamma"": 0.5, ""orientation_bins"": 12, ""orientation_offset"": 1.5707963267948966, ""sigma_scale"": 0.55, ""strength"": 0.1}",27.295580705283417,0.8248268218860626,0.0018639829240834243,27.310525665504947,0.8253908409689665,0.0018575796019890893,0.014944960221530579,0.0005640190829039327,-6.403322094335022e-06,0.00030434090876951814,0.003957399996579625
500__M_Left_thumb_finger.BMP,500,"M2 Modified Gabor (detail_clip=0.1, frequencies=0.075/0.095/0.115/0.14, gamma=0.5, orientation_bins=12, orientation_offset=1.5708, sigma_scale=0.55, strength=0.1)",M2 Modified Gabor,"{""detail_clip"": 0.1, ""frequencies"": [0.075, 0.095, 0.115, 0.14], ""gamma"": 0.5, ""orientation_bins"": 12, ""orientation_offset"": 1.5707963267948966, ""sigma_scale"": 0.55, ""strength"": 0.1}",26.95658644166975,0.8581379957226812,0.0020153076610392906,26.961218378973925,0.8583624760792256,0.002013159394616104,0.0046319373041754375,0.00022448035654432097,-2.1482664231864575e-06,0.00018198826001025736,0.0018654000014066696
500__M_Right_index_finger.BMP,500,"M2 Modified Gabor (detail_clip=0.1, frequencies=0.075/0.095/0.115/0.14, gamma=0.5, orientation_bins=12, orientation_offset=1.5708, sigma_scale=0.55, strength=0.1)",M2 Modified Gabor,"{""detail_clip"": 0.1, ""frequencies"": [0.075, 0.095, 0.115, 0.14], ""gamma"": 0.5, ""orientation_bins"": 12, ""orientation_offset"": 1.5707963267948966, ""sigma_scale"": 0.55, ""strength"": 0.1}",27.331157922060033,0.8369927438261509,0.0018487756300997896,27.340869343789297,0.837386496792078,0.0018446461323847522,0.009711421729264202,0.00039375296592714104,-4.129497715037438e-06,0.00025877298321574926,0.002310399999259971
500__M_Right_little_finger.BMP,500,"M2 Modified Gabor (detail_clip=0.1, frequencies=0.075/0.095/0.115/0.14, gamma=0.5, orientation_bins=12, orientation_offset=1.5708, sigma_scale=0.55, strength=0.1)",M2 Modified Gabor,"{""detail_clip"": 0.1, ""frequencies"": [0.075, 0.095, 0.115, 0.14], ""gamma"": 0.5, ""orientation_bins"": 12, ""orientation_offset"": 1.5707963267948966, ""sigma_scale"": 0.55, ""strength"": 0.1}",27.37286064895845,0.8175403233197629,0.0018311078948542933,27.38161727871762,0.8178809702851176,0.0018274195726468805,0.008756629759169243,0.0003406469653547406,-3.6883222074128325e-06,0.0002053579082712531,0.003937900000892114
500__M_Right_middle_finger.BMP,500,"M2 Modified Gabor (detail_clip=0.1, frequencies=0.075/0.095/0.115/0.14, gamma=0.5, orientation_bins=12, orientation_offset=1.5708, sigma_scale=0.55, strength=0.1)",M2 Modified Gabor,"{""detail_clip"": 0.1, ""frequencies"": [0.075, 0.095, 0.115, 0.14], ""gamma"": 0.5, ""orientation_bins"": 12, ""orientation_offset"": 1.5707963267948966, ""sigma_scale"": 0.55, ""strength"": 0.1}",27.2916266852288,0.8575968000411391,0.001865680754078539,27.302630679020886,0.8579749849640727,0.0018609595445673254,0.011003993792087385,0.000378184922933511,-4.721209511213565e-06,0.00025823700707405806,0.0023437000054400414
500__M_Right_ring_finger.BMP,500,"M2 Modified Gabor (detail_clip=0.1, frequencies=0.075/0.095/0.115/0.14, gamma=0.5, orientation_bins=12, orientation_offset=1.5708, sigma_scale=0.55, strength=0.1)",M2 Modified Gabor,"{""detail_clip"": 0.1, ""frequencies"": [0.075, 0.095, 0.115, 0.14], ""gamma"": 0.5, ""orientation_bins"": 12, ""orientation_offset"": 1.5707963267948966, ""sigma_scale"": 0.55, ""strength"": 0.1}",27.155657376306145,0.8889747540159821,0.001925015640166392,27.164856732881567,0.8892856199969054,0.0019209423296612151,0.009199356575422257,0.00031086598092322504,-4.073310505176963e-06,0.0002539462875574827,0.003684799994516652
500__M_Right_thumb_finger.BMP,500,"M2 Modified Gabor (detail_clip=0.1, frequencies=0.075/0.095/0.115/0.14, gamma=0.5, orientation_bins=12, orientation_offset=1.5708, sigma_scale=0.55, strength=0.1)",M2 Modified Gabor,"{""detail_clip"": 0.1, ""frequencies"": [0.075, 0.095, 0.115, 0.14], ""gamma"": 0.5, ""orientation_bins"": 12, ""orientation_offset"": 1.5707963267948966, ""sigma_scale"": 0.55, ""strength"": 0.1}",27.303108432332884,0.8768635264593064,0.001860754837687004,27.307921536310026,0.8770532767784297,0.0018586937832799151,0.004813103977141964,0.0001897503191232719,-2.0610544070888935e-06,0.0001999654487008229,0.0025271000049542636
546__M_Left_index_finger.BMP,546,"M2 Modified Gabor (detail_clip=0.1, frequencies=0.075/0.095/0.115/0.14, gamma=0.5, orientation_bins=12, orientation_offset=1.5708, sigma_scale=0.55, strength=0.1)",M2 Modified Gabor,"{""detail_clip"": 0.1, ""frequencies"": [0.075, 0.095, 0.115, 0.14], ""gamma"": 0.5, ""orientation_bins"": 12, ""orientation_offset"": 1.5707963267948966, ""sigma_scale"": 0.55, ""strength"": 0.1}",27.17939859729466,0.8178055724727511,0.0019145210258810648,27.190251444932887,0.8182750435013473,0.0019097426863524788,0.010852847638226137,0.00046947102859618006,-4.778339528586006e-06,0.0002690980618353933,0.002378199998929631
546__M_Left_little_finger.BMP,546,"M2 Modified Gabor (detail_clip=0.1, frequencies=0.075/0.095/0.115/0.14, gamma=0.5, orientation_bins=12, orientation_offset=1.5708, sigma_scale=0.55, strength=0.1)",M2 Modified Gabor,"{""detail_clip"": 0.1, ""frequencies"": [0.075, 0.095, 0.115, 0.14], ""gamma"": 0.5, ""orientation_bins"": 12, ""orientation_offset"": 1.5707963267948966, ""sigma_scale"": 0.55, ""strength"": 0.1}",27.58377739293818,0.7815911141959428,0.0017443043373741387,27.596562163163423,0.7820882601397038,0.0017391770011781767,0.012784770225241715,0.0004971459437609349,-5.127336195962081e-06,0.0002422407123958692,0.0030995000051916577
546__M_Left_middle_finger.BMP,546,"M2 Modified Gabor (detail_clip=0.1, frequencies=0.075/0.095/0.115/0.14, gamma=0.5, orientation_bins=12, orientation_offset=1.5708, sigma_scale=0.55, strength=0.1)",M2 Modified Gabor,"{""detail_clip"": 0.1, ""frequencies"": [0.075, 0.095, 0.115, 0.14], ""gamma"": 0.5, ""orientation_bins"": 12, ""orientation_offset"": 1.5707963267948966, ""sigma_scale"": 0.55, ""strength"": 0.1}",27.4038782178077,0.7900903055039644,0.001818076604447424,27.415723486118857,0.7905533814166188,0.0018131246043946662,0.011845268311155621,0.000463075912654376,-4.952000052757836e-06,0.0002471717889420688,0.001422099994670134
546__M_Left_ring_finger.BMP,546,"M2 Modified Gabor (detail_clip=0.1, frequencies=0.075/0.095/0.115/0.14, gamma=0.5, orientation_bins=12, orientation_offset=1.5708, sigma_scale=0.55, strength=0.1)",M2 Modified Gabor,"{""detail_clip"": 0.1, ""frequencies"": [0.075, 0.095, 0.115, 0.14], ""gamma"": 0.5, ""orientation_bins"": 12, ""orientation_offset"": 1.5707963267948966, ""sigma_scale"": 0.55, ""strength"": 0.1}",27.1960749589077,0.811261339558661,0.0019071836024613185,27.205702037097453,0.8117019514172077,0.0019029605991017352,0.009627078189751614,0.00044061185854671336,-4.2230033595832585e-06,0.00024240111815743148,0.005581699995673262
546__M_Left_thumb_finger.BMP,546,"M2 Modified Gabor (detail_clip=0.1, frequencies=0.075/0.095/0.115/0.14, gamma=0.5, orientation_bins=12, orientation_offset=1.5708, sigma_scale=0.55, strength=0.1)",M2 Modified Gabor,"{""detail_clip"": 0.1, ""frequencies"": [0.075, 0.095, 0.115, 0.14], ""gamma"": 0.5, ""orientation_bins"": 12, ""orientation_offset"": 1.5707963267948966, ""sigma_scale"": 0.55, ""strength"": 0.1}",27.021483915545907,0.8652175775358677,0.001985416416064281,27.0300414937686,0.8655896145361662,0.001981508093805146,0.008557578222692541,0.0003720370002985307,-3.908322259135125e-06,0.0002512545615900308,0.003582299999834504
546__M_Right_index_finger.BMP,546,"M2 Modified Gabor (detail_clip=0.1, frequencies=0.075/0.095/0.115/0.14, gamma=0.5, orientation_bins=12, orientation_offset=1.5708, sigma_scale=0.55, strength=0.1)",M2 Modified Gabor,"{""detail_clip"": 0.1, ""frequencies"": [0.075, 0.095, 0.115, 0.14], ""gamma"": 0.5, ""orientation_bins"": 12, ""orientation_offset"": 1.5707963267948966, ""sigma_scale"": 0.55, ""strength"": 0.1}",28.061231288264025,0.7160751357330084,0.0015627045302793903,28.069243557837993,0.7163172727541923,0.0015598241650426991,0.008012269573967501,0.0002421370211839191,-2.880365236691178e-06,0.0001793406845536083,0.0020105000003241003
546__M_Right_little_finger.BMP,546,"M2 Modified Gabor (detail_clip=0.1, frequencies=0.075/0.095/0.115/0.14, gamma=0.5, orientation_bins=12, orientation_offset=1.5708, sigma_scale=0.55, strength=0.1)",M2 Modified Gabor,"{""detail_clip"": 0.1, ""frequencies"": [0.075, 0.095, 0.115, 0.14], ""gamma"": 0.5, ""orientation_bins"": 12, ""orientation_offset"": 1.5707963267948966, ""sigma_scale"": 0.55, ""strength"": 0.1}",27.63564668951084,0.7798252788092495,0.0017235954186269598,27.64840381078285,0.7803069629666806,0.0017185398966359155,0.012757121272009897,0.00048168415743110593,-5.055521991044259e-06,0.00024681934155523777,0.002529799996409565
546__M_Right_middle_finger.BMP,546,"M2 Modified Gabor (detail_clip=0.1, frequencies=0.075/0.095/0.115/0.14, gamma=0.5, orientation_bins=12, orientation_offset=1.5708, sigma_scale=0.55, strength=0.1)",M2 Modified Gabor,"{""detail_clip"": 0.1, ""frequencies"": [0.075, 0.095, 0.115, 0.14], ""gamma"": 0.5, ""orientation_bins"": 12, ""orientation_offset"": 1.5707963267948966, ""sigma_scale"": 0.55, ""strength"": 0.1}",27.055545225753267,0.8390291150278747,0.0019699058840555576,27.062614673233295,0.8393424270887375,0.0019667018788420655,0.007069447480027691,0.0003133120608628248,-3.2040052134921053e-06,0.00028773752273991704,0.004618200000550132
546__M_Right_ring_finger.BMP,546,"M2 Modified Gabor (detail_clip=0.1, frequencies=0.075/0.095/0.115/0.14, gamma=0.5, orientation_bins=12, orientation_offset=1.5708, sigma_scale=0.55, strength=0.1)",M2 Modified Gabor,"{""detail_clip"": 0.1, ""frequencies"": [0.075, 0.095, 0.115, 0.14], ""gamma"": 0.5, ""orientation_bins"": 12, ""orientation_offset"": 1.5707963267948966, ""sigma_scale"": 0.55, ""strength"": 0.1}",27.41220324434771,0.8016949292868972,0.0018145948566559466,27.42233508277563,0.802100454488337,0.0018103664463143758,0.010131838427916762,0.00040552520143977144,-4.228410341570836e-06,0.00027719751233235,0.006095099997764919
546__M_Right_thumb_finger.BMP,546,"M2 Modified Gabor (detail_clip=0.1, frequencies=0.075/0.095/0.115/0.14, gamma=0.5, orientation_bins=12, orientation_offset=1.5708, sigma_scale=0.55, strength=0.1)",M2 Modified Gabor,"{""detail_clip"": 0.1, ""frequencies"": [0.075, 0.095, 0.115, 0.14], ""gamma"": 0.5, ""orientation_bins"": 12, ""orientation_offset"": 1.5707963267948966, ""sigma_scale"": 0.55, ""strength"": 0.1}",27.25553281696742,0.9009375226513148,0.0018812508895890972,27.262440549079955,0.9011790566676855,0.0018782610178847813,0.006907732112534148,0.0002415340163707258,-2.9898717043158347e-06,0.00022717028332408518,0.0025633000041125342
339__M_Left_index_finger.BMP,339,"M2 Modified Gabor (detail_clip=0.1, frequencies=0.075/0.095/0.115/0.14, gamma=0.5, orientation_bins=12, orientation_offset=1.5708, sigma_scale=0.55, strength=0.1)",M2 Modified Gabor,"{""detail_clip"": 0.1, ""frequencies"": [0.075, 0.095, 0.115, 0.14], ""gamma"": 0.5, ""orientation_bins"": 12, ""orientation_offset"": 1.5707963267948966, ""sigma_scale"": 0.55, ""strength"": 0.1}",27.168168273784936,0.9018743955249489,0.001919478149316312,27.17508669301125,0.9021342722787559,0.0019164228070979944,0.006918419226312977,0.00025987675380700903,-3.0553422183175576e-06,0.0003010147775057703,0.004681400001572911
339__M_Left_little_finger.BMP,339,"M2 Modified Gabor (detail_clip=0.1, frequencies=0.075/0.095/0.115/0.14, gamma=0.5, orientation_bins=12, orientation_offset=1.5708, sigma_scale=0.55, strength=0.1)",M2 Modified Gabor,"{""detail_clip"": 0.1, ""frequencies"": [0.075, 0.095, 0.115, 0.14], ""gamma"": 0.5, ""orientation_bins"": 12, ""orientation_offset"": 1.5707963267948966, ""sigma_scale"": 0.55, ""strength"": 0.1}",27.38284470479606,0.8433663844787479,0.0018269031706211621,27.392105838591092,0.8436941297991872,0.0018230115329180394,0.00926113379503235,0.00032774532043933213,-3.891637703122737e-06,0.00021108906366862357,0.0035343999988981523
339__M_Left_middle_finger.BMP,339,"M2 Modified Gabor (detail_clip=0.1, frequencies=0.075/0.095/0.115/0.14, gamma=0.5, orientation_bins=12, orientation_offset=1.5708, sigma_scale=0.55, strength=0.1)",M2 Modified Gabor,"{""detail_clip"": 0.1, ""frequencies"": [0.075, 0.095, 0.115, 0.14], ""gamma"": 0.5, ""orientation_bins"": 12, ""orientation_offset"": 1.5707963267948966, ""sigma_scale"": 0.55, ""strength"": 0.1}",26.873471350702367,0.9168854509427845,0.0020542479626780162,26.879066044168898,0.9171083644937277,0.002051603331305822,0.005594693466530742,0.00022291355094317122,-2.644631372194107e-06,0.00025933660799637437,0.004095600001164712
339__M_Left_ring_finger.BMP,339,"M2 Modified Gabor (detail_clip=0.1, frequencies=0.075/0.095/0.115/0.14, gamma=0.5, orientation_bins=12, orientation_offset=1.5708, sigma_scale=0.55, strength=0.1)",M2 Modified Gabor,"{""detail_clip"": 0.1, ""frequencies"": [0.075, 0.095, 0.115, 0.14], ""gamma"": 0.5, ""orientation_bins"": 12, ""orientation_offset"": 1.5707963267948966, ""sigma_scale"": 0.55, ""strength"": 0.1}",27.249917444994132,0.8514360282585621,0.0018836848961017005,27.2552978202299,0.8516483772905469,0.0018813526868259583,0.005380375235766621,0.00021234903198474875,-2.332209275742207e-06,0.0001890243438538164,0.0019179000009899028
339__M_Left_thumb_finger.BMP,339,"M2 Modified Gabor (detail_clip=0.1, frequencies=0.075/0.095/0.115/0.14, gamma=0.5, orientation_bins=12, orientation_offset=1.5708, sigma_scale=0.55, strength=0.1)",M2 Modified Gabor,"{""detail_clip"": 0.1, ""frequencies"": [0.075, 0.095, 0.115, 0.14], ""gamma"": 0.5, ""orientation_bins"": 12, ""orientation_offset"": 1.5707963267948966, ""sigma_scale"": 0.55, ""strength"": 0.1}",27.26277479330367,0.8888812686822712,0.0018781164676396895,27.266410080512852,0.889012059815377,0.0018765450371110032,0.0036352872091818256,0.00013079113310576762,-1.5714305286863937e-06,0.0002441570395603776,0.004252199993061367
339__M_Right_index_finger.BMP,339,"M2 Modified Gabor (detail_clip=0.1, frequencies=0.075/0.095/0.115/0.14, gamma=0.5, orientation_bins=12, orientation_offset=1.5708, sigma_scale=0.55, strength=0.1)",M2 Modified Gabor,"{""detail_clip"": 0.1, ""frequencies"": [0.075, 0.095, 0.115, 0.14], ""gamma"": 0.5, ""orientation_bins"": 12, ""orientation_offset"": 1.5707963267948966, ""sigma_scale"": 0.55, ""strength"": 0.1}",27.13878511628046,0.8817343702910244,0.0019325088362432837,27.143652491613423,0.8819446659677028,0.0019303441813480393,0.004867375332963775,0.00021029567667840698,-2.1646548952443997e-06,0.0002654698328115046,0.002092599999741651
339__M_Right_little_finger.BMP,339,"M2 Modified Gabor (detail_clip=0.1, frequencies=0.075/0.095/0.115/0.14, gamma=0.5, orientation_bins=12, orientation_offset=1.5708, sigma_scale=0.55, strength=0.1)",M2 Modified Gabor,"{""detail_clip"": 0.1, ""frequencies"": [0.075, 0.095, 0.115, 0.14], ""gamma"": 0.5, ""orientation_bins"": 12, ""orientation_offset"": 1.5707963267948966, ""sigma_scale"": 0.55, ""strength"": 0.1}",27.55192668038311,0.8072073154693842,0.001757143911266478,27.562771554707144,0.8076014665389657,0.0017527615778814701,0.01084487432403236,0.00039415106958151647,-4.382333385007792e-06,0.00025546076358295977,0.002396000003500376
339__M_Right_middle_finger.BMP,339,"M2 Modified Gabor (detail_clip=0.1, frequencies=0.075/0.095/0.115/0.14, gamma=0.5, orientation_bins=12, orientation_offset=1.5708, sigma_scale=0.55, strength=0.1)",M2 Modified Gabor,"{""detail_clip"": 0.1, ""frequencies"": [0.075, 0.095, 0.115, 0.14], ""gamma"": 0.5, ""orientation_bins"": 12, ""orientation_offset"": 1.5707963267948966, ""sigma_scale"": 0.55, ""strength"": 0.1}",26.929466550812975,0.9228188951424956,0.002027931797549491,26.935592555874635,0.9230466894114018,0.0020250732848849603,0.006126005061659612,0.0002277942689061785,-2.858512664530733e-06,0.0002934515359811485,0.0038127000007079914
339__M_Right_ring_finger.BMP,339,"M2 Modified Gabor (detail_clip=0.1, frequencies=0.075/0.095/0.115/0.14, gamma=0.5, orientation_bins=12, orientation_offset=1.5708, sigma_scale=0.55, strength=0.1)",M2 Modified Gabor,"{""detail_clip"": 0.1, ""frequencies"": [0.075, 0.095, 0.115, 0.14], ""gamma"": 0.5, ""orientation_bins"": 12, ""orientation_offset"": 1.5707963267948966, ""sigma_scale"": 0.55, ""strength"": 0.1}",27.038256510915005,0.8957082019684315,0.001977763460225771,27.043249905238703,0.895896526417315,0.0019754907908751955,0.004993394323697942,0.00018832444888350341,-2.2726693505756117e-06,0.00018694072787184268,0.008437600001343526
339__M_Right_thumb_finger.BMP,339,"M2 Modified Gabor (detail_clip=0.1, frequencies=0.075/0.095/0.115/0.14, gamma=0.5, orientation_bins=12, orientation_offset=1.5708, sigma_scale=0.55, strength=0.1)",M2 Modified Gabor,"{""detail_clip"": 0.1, ""frequencies"": [0.075, 0.095, 0.115, 0.14], ""gamma"": 0.5, ""orientation_bins"": 12, ""orientation_offset"": 1.5707963267948966, ""sigma_scale"": 0.55, ""strength"": 0.1}",27.11046778040246,0.9044235747672915,0.001945150557358994,27.11945187431747,0.9046687592750787,0.0019411308534278526,0.00898409391501076,0.00024518450778721057,-4.019703931141313e-06,0.00033855115179903805,0.0031275999936042354
82__M_Left_index_finger.BMP,82,"M2 Modified Gabor (detail_clip=0.1, frequencies=0.075/0.095/0.115/0.14, gamma=0.5, orientation_bins=12, orientation_offset=1.5708, sigma_scale=0.55, strength=0.1)",M2 Modified Gabor,"{""detail_clip"": 0.1, ""frequencies"": [0.075, 0.095, 0.115, 0.14], ""gamma"": 0.5, ""orientation_bins"": 12, ""orientation_offset"": 1.5707963267948966, ""sigma_scale"": 0.55, ""strength"": 0.1}",27.407533077197563,0.8338205388668776,0.0018165472230260648,27.419599288091323,0.8342839496750235,0.0018115072278382252,0.012066210893760143,0.0004634108081459365,-5.039995187839557e-06,0.0002959429984912276,0.002077999997709412
82__M_Left_little_finger.BMP,82,"M2 Modified Gabor (detail_clip=0.1, frequencies=0.075/0.095/0.115/0.14, gamma=0.5, orientation_bins=12, orientation_offset=1.5708, sigma_scale=0.55, strength=0.1)",M2 Modified Gabor,"{""detail_clip"": 0.1, ""frequencies"": [0.075, 0.095, 0.115, 0.14], ""gamma"": 0.5, ""orientation_bins"": 12, ""orientation_offset"": 1.5707963267948966, ""sigma_scale"": 0.55, ""strength"": 0.1}",27.69229082988279,0.7763772368124128,0.0017012608853540223,27.706138725456,0.7768321559525132,0.0016958448913511387,0.013847895573210423,0.00045491914010042933,-5.415994002883626e-06,0.00024376064538955688,0.001913200001581572
82__M_Left_middle_finger.BMP,82,"M2 Modified Gabor (detail_clip=0.1, frequencies=0.075/0.095/0.115/0.14, gamma=0.5, orientation_bins=12, orientation_offset=1.5708, sigma_scale=0.55, strength=0.1)",M2 Modified Gabor,"{""detail_clip"": 0.1, ""frequencies"": [0.075, 0.095, 0.115, 0.14], ""gamma"": 0.5, ""orientation_bins"": 12, ""orientation_offset"": 1.5707963267948966, ""sigma_scale"": 0.55, ""strength"": 0.1}",27.880716384195686,0.7725335403455496,0.001629027296628847,27.89371890108982,0.7729851851826907,0.0016241573801452798,0.01300251689413301,0.0004516448371411075,-4.869916483567216e-06,0.00023154541850090027,0.0024307000057888217
82__M_Left_ring_finger.BMP,82,"M2 Modified Gabor (detail_clip=0.1, frequencies=0.075/0.095/0.115/0.14, gamma=0.5, orientation_bins=12, orientation_offset=1.5708, sigma_scale=0.55, strength=0.1)",M2 Modified Gabor,"{""detail_clip"": 0.1, ""frequencies"": [0.075, 0.095, 0.115, 0.14], ""gamma"": 0.5, ""orientation_bins"": 12, ""orientation_offset"": 1.5707963267948966, ""sigma_scale"": 0.55, ""strength"": 0.1}",27.892192977055572,0.7594045024935603,0.0016247281394634915,27.904209810325924,0.7598345979151726,0.0016202387661214128,0.012016833270351412,0.00043009542161231984,-4.489373342078705e-06,0.00020146730821579695,0.002899399994930718
82__M_Left_thumb_finger.BMP,82,"M2 Modified Gabor (detail_clip=0.1, frequencies=0.075/0.095/0.115/0.14, gamma=0.5, orientation_bins=12, orientation_offset=1.5708, sigma_scale=0.55, strength=0.1)",M2 Modified Gabor,"{""detail_clip"": 0.1, ""frequencies"": [0.075, 0.095, 0.115, 0.14], ""gamma"": 0.5, ""orientation_bins"": 12, ""orientation_offset"": 1.5707963267948966, ""sigma_scale"": 0.55, ""strength"": 0.1}",27.27279496261675,0.8799613435319364,0.0018737882174453759,27.280271395064155,0.8802120533264876,0.001870565243177874,0.007476432447404591,0.0002507097945511072,-3.222974267501951e-06,0.0002444111160002649,0.0028183999966131523
82__M_Right_index_finger.BMP,82,"M2 Modified Gabor (detail_clip=0.1, frequencies=0.075/0.095/0.115/0.14, gamma=0.5, orientation_bins=12, orientation_offset=1.5708, sigma_scale=0.55, strength=0.1)",M2 Modified Gabor,"{""detail_clip"": 0.1, ""frequencies"": [0.075, 0.095, 0.115, 0.14], ""gamma"": 0.5, ""orientation_bins"": 12, ""orientation_offset"": 1.5707963267948966, ""sigma_scale"": 0.55, ""strength"": 0.1}",27.377923386348108,0.8815812092620731,0.00182897454583705,27.391221483542143,0.8820466004831791,0.001823382791056712,0.013298097194034852,0.00046539122110600406,-5.591754780337943e-06,0.0003174960147589445,0.00478339999972377
82__M_Right_little_finger.BMP,82,"M2 Modified Gabor (detail_clip=0.1, frequencies=0.075/0.095/0.115/0.14, gamma=0.5, orientation_bins=12, orientation_offset=1.5708, sigma_scale=0.55, strength=0.1)",M2 Modified Gabor,"{""detail_clip"": 0.1, ""frequencies"": [0.075, 0.095, 0.115, 0.14], ""gamma"": 0.5, ""orientation_bins"": 12, ""orientation_offset"": 1.5707963267948966, ""sigma_scale"": 0.55, ""strength"": 0.1}",27.508672695264686,0.8410461886511446,0.001774731797242011,27.52072483821057,0.8414760181236863,0.0017698135514911165,0.012052142945883304,0.00042982947254177617,-4.918245750894484e-06,0.0002488163881935179,0.002610900002764538
82__M_Right_middle_finger.BMP,82,"M2 Modified Gabor (detail_clip=0.1, frequencies=0.075/0.095/0.115/0.14, gamma=0.5, orientation_bins=12, orientation_offset=1.5708, sigma_scale=0.55, strength=0.1)",M2 Modified Gabor,"{""detail_clip"": 0.1, ""frequencies"": [0.075, 0.095, 0.115, 0.14], ""gamma"": 0.5, ""orientation_bins"": 12, ""orientation_offset"": 1.5707963267948966, ""sigma_scale"": 0.55, ""strength"": 0.1}",27.57387435613134,0.8563310876093507,0.0017482863404259983,27.582879151822254,0.8566675808853507,0.0017446651450703868,0.00900479569091317,0.0003364932759999384,-3.6211953556115548e-06,0.00024431117344647646,0.0033038999972632155
82__M_Right_ring_finger.BMP,82,"M2 Modified Gabor (detail_clip=0.1, frequencies=0.075/0.095/0.115/0.14, gamma=0.5, orientation_bins=12, orientation_offset=1.5708, sigma_scale=0.55, strength=0.1)",M2 Modified Gabor,"{""detail_clip"": 0.1, ""frequencies"": [0.075, 0.095, 0.115, 0.14], ""gamma"": 0.5, ""orientation_bins"": 12, ""orientation_offset"": 1.5707963267948966, ""sigma_scale"": 0.55, ""strength"": 0.1}",27.29889436135744,0.8531962656697631,0.0018625612521925405,27.308117202104825,0.8535390323520898,0.0018586100441077536,0.009222840747383998,0.0003427666823266895,-3.951208084786899e-06,0.00025532906875014305,0.006281699999817647
82__M_Right_thumb_finger.BMP,82,"M2 Modified Gabor (detail_clip=0.1, frequencies=0.075/0.095/0.115/0.14, gamma=0.5, orientation_bins=12, orientation_offset=1.5708, sigma_scale=0.55, strength=0.1)",M2 Modified Gabor,"{""detail_clip"": 0.1, ""frequencies"": [0.075, 0.095, 0.115, 0.14], ""gamma"": 0.5, ""orientation_bins"": 12, ""orientation_offset"": 1.5707963267948966, ""sigma_scale"": 0.55, ""strength"": 0.1}",27.376577421841297,0.8896566295321285,0.001829541469073406,27.385256241870174,0.8898648694352805,0.0018258890150285347,0.008678820028876544,0.00020823990315199659,-3.652454044871401e-06,0.00034106799284927547,0.002734900001087226
233__M_Left_index_finger.BMP,233,"M2 Modified Gabor (detail_clip=0.1, frequencies=0.075/0.095/0.115/0.14, gamma=0.5, orientation_bins=12, orientation_offset=1.5708, sigma_scale=0.55, strength=0.1)",M2 Modified Gabor,"{""detail_clip"": 0.1, ""frequencies"": [0.075, 0.095, 0.115, 0.14], ""gamma"": 0.5, ""orientation_bins"": 12, ""orientation_offset"": 1.5707963267948966, ""sigma_scale"": 0.55, ""strength"": 0.1}",27.231448446651516,0.881167633240223,0.0018917125947972063,27.23919598573406,0.8815055614414811,0.0018883409074173197,0.007747539082544108,0.00033792820125810863,-3.371687379886577e-06,0.00023368853726424277,0.002227400000265334
233__M_Left_little_finger.BMP,233,"M2 Modified Gabor (detail_clip=0.1, frequencies=0.075/0.095/0.115/0.14, gamma=0.5, orientation_bins=12, orientation_offset=1.5708, sigma_scale=0.55, strength=0.1)",M2 Modified Gabor,"{""detail_clip"": 0.1, ""frequencies"": [0.075, 0.095, 0.115, 0.14], ""gamma"": 0.5, ""orientation_bins"": 12, ""orientation_offset"": 1.5707963267948966, ""sigma_scale"": 0.55, ""strength"": 0.1}",27.517264572307603,0.8166662105587423,0.0017712242223760113,27.52936297118699,0.8171740743056833,0.0017662968844175814,0.012098398879388128,0.0005078637469410063,-4.927337958429961e-06,0.0002264192735310644,0.002300300002389122
233__M_Left_middle_finger.BMP,233,"M2 Modified Gabor (detail_clip=0.1, frequencies=0.075/0.095/0.115/0.14, gamma=0.5, orientation_bins=12, orientation_offset=1.5708, sigma_scale=0.55, strength=0.1)",M2 Modified Gabor,"{""detail_clip"": 0.1, ""frequencies"": [0.075, 0.095, 0.115, 0.14], ""gamma"": 0.5, ""orientation_bins"": 12, ""orientation_offset"": 1.5707963267948966, ""sigma_scale"": 0.55, ""strength"": 0.1}",27.06610764982347,0.8987743058198094,0.00196512072088019,27.07204131610545,0.8990078107957243,0.00196243765466023,0.005933666281983108,0.00023350497591489994,-2.683066219959923e-06,0.00019856521976180375,0.002692499998374842
233__M_Left_ring_finger.BMP,233,"M2 Modified Gabor (detail_clip=0.1, frequencies=0.075/0.095/0.115/0.14, gamma=0.5, orientation_bins=12, orientation_offset=1.5708, sigma_scale=0.55, strength=0.1)",M2 Modified Gabor,"{""detail_clip"": 0.1, ""frequencies"": [0.075, 0.095, 0.115, 0.14], ""gamma"": 0.5, ""orientation_bins"": 12, ""orientation_offset"": 1.5707963267948966, ""sigma_scale"": 0.55, ""strength"": 0.1}",27.21594022648782,0.8684191310635209,0.0018984797859420758,27.223095329657298,0.8686973759946227,0.0018953545712289631,0.007155103169477428,0.00027824493110184534,-3.1252147131126135e-06,0.00022689618344884366,0.0033251999993808568
233__M_Left_thumb_finger.BMP,233,"M2 Modified Gabor (detail_clip=0.1, frequencies=0.075/0.095/0.115/0.14, gamma=0.5, orientation_bins=12, orientation_offset=1.5708, sigma_scale=0.55, strength=0.1)",M2 Modified Gabor,"{""detail_clip"": 0.1, ""frequencies"": [0.075, 0.095, 0.115, 0.14], ""gamma"": 0.5, ""orientation_bins"": 12, ""orientation_offset"": 1.5707963267948966, ""sigma_scale"": 0.55, ""strength"": 0.1}",27.225324345100958,0.8898841066287756,0.0018943820305245258,27.23425887362447,0.8901441644205451,0.0018904888168151794,0.008934528523511176,0.00026005779176951904,-3.893213709346482e-06,0.00030119766597636044,0.003301300006569363
233__M_Right_index_finger.BMP,233,"M2 Modified Gabor (detail_clip=0.1, frequencies=0.075/0.095/0.115/0.14, gamma=0.5, orientation_bins=12, orientation_offset=1.5708, sigma_scale=0.55, strength=0.1)",M2 Modified Gabor,"{""detail_clip"": 0.1, ""frequencies"": [0.075, 0.095, 0.115, 0.14], ""gamma"": 0.5, ""orientation_bins"": 12, ""orientation_offset"": 1.5707963267948966, ""sigma_scale"": 0.55, ""strength"": 0.1}",27.50662691038512,0.8214849174355269,0.0017755679982309547,27.51291968193362,0.8217416927810312,0.001772997126773884,0.006292771548501719,0.0002567753455042787,-2.5708714570707013e-06,0.00020890367159154266,0.0022263000064413063
233__M_Right_little_finger.BMP,233,"M2 Modified Gabor (detail_clip=0.1, frequencies=0.075/0.095/0.115/0.14, gamma=0.5, orientation_bins=12, orientation_offset=1.5708, sigma_scale=0.55, strength=0.1)",M2 Modified Gabor,"{""detail_clip"": 0.1, ""frequencies"": [0.075, 0.095, 0.115, 0.14], ""gamma"": 0.5, ""orientation_bins"": 12, ""orientation_offset"": 1.5707963267948966, ""sigma_scale"": 0.55, ""strength"": 0.1}",27.51716208580386,0.8188212123342753,0.0017712660209084244,27.53265635665429,0.8193894467534423,0.0017649579561902291,0.015494270850428649,0.0005682344191669797,-6.308064718195221e-06,0.00024586732615716755,0.003203899999789428
233__M_Right_middle_finger.BMP,233,"M2 Modified Gabor (detail_clip=0.1, frequencies=0.075/0.095/0.115/0.14, gamma=0.5, orientation_bins=12, orientation_offset=1.5708, sigma_scale=0.55, strength=0.1)",M2 Modified Gabor,"{""detail_clip"": 0.1, ""frequencies"": [0.075, 0.095, 0.115, 0.14], ""gamma"": 0.5, ""orientation_bins"": 12, ""orientation_offset"": 1.5707963267948966, ""sigma_scale"": 0.55, ""strength"": 0.1}",27.58550540080451,0.8223692128821611,0.001743610436767703,27.597779083616278,0.8227976051556468,0.001738689741113904,0.012273682811766662,0.0004283922734856782,-4.920695653798943e-06,0.00021457354887388647,0.004658999998355284
233__M_Right_ring_finger.BMP,233,"M2 Modified Gabor (detail_clip=0.1, frequencies=0.075/0.095/0.115/0.14, gamma=0.5, orientation_bins=12, orientation_offset=1.5708, sigma_scale=0.55, strength=0.1)",M2 Modified Gabor,"{""detail_clip"": 0.1, ""frequencies"": [0.075, 0.095, 0.115, 0.14], ""gamma"": 0.5, ""orientation_bins"": 12, ""orientation_offset"": 1.5707963267948966, ""sigma_scale"": 0.55, ""strength"": 0.1}",27.32663857679203,0.8532075932916999,0.0018507005001051732,27.335050510373755,0.8535476253875494,0.0018471193119681318,0.008411933581726316,0.0003400320958494296,-3.581188137041433e-06,0.00023515208158642054,0.0011950999978580512
233__M_Right_thumb_finger.BMP,233,"M2 Modified Gabor (detail_clip=0.1, frequencies=0.075/0.095/0.115/0.14, gamma=0.5, orientation_bins=12, orientation_offset=1.5708, sigma_scale=0.55, strength=0.1)",M2 Modified Gabor,"{""detail_clip"": 0.1, ""frequencies"": [0.075, 0.095, 0.115, 0.14], ""gamma"": 0.5, ""orientation_bins"": 12, ""orientation_offset"": 1.5707963267948966, ""sigma_scale"": 0.55, ""strength"": 0.1}",27.358350027517254,0.8703843627896904,0.0018372362139300598,27.363061870795754,0.870560641747117,0.0018352440000941107,0.004711843278499828,0.00017627895742655664,-1.9922138359490874e-06,0.00015785705181770027,0.003093200000876095
384__F_Left_index_finger.BMP,384,"M2 Modified Gabor (detail_clip=0.1, frequencies=0.075/0.095/0.115/0.14, gamma=0.5, orientation_bins=12, orientation_offset=1.5708, sigma_scale=0.55, strength=0.1)",M2 Modified Gabor,"{""detail_clip"": 0.1, ""frequencies"": [0.075, 0.095, 0.115, 0.14], ""gamma"": 0.5, ""orientation_bins"": 12, ""orientation_offset"": 1.5707963267948966, ""sigma_scale"": 0.55, ""strength"": 0.1}",27.585880267422205,0.7939810056756735,0.0017434599413858843,27.593172751086644,0.7942495085014105,0.0017405348559616364,0.007292483664439686,0.0002685028257369826,-2.9250854242479467e-06,0.00017622127779759467,0.002885599998990074
384__F_Left_little_finger.BMP,384,"M2 Modified Gabor (detail_clip=0.1, frequencies=0.075/0.095/0.115/0.14, gamma=0.5, orientation_bins=12, orientation_offset=1.5708, sigma_scale=0.55, strength=0.1)",M2 Modified Gabor,"{""detail_clip"": 0.1, ""frequencies"": [0.075, 0.095, 0.115, 0.14], ""gamma"": 0.5, ""orientation_bins"": 12, ""orientation_offset"": 1.5707963267948966, ""sigma_scale"": 0.55, ""strength"": 0.1}",27.73487095126321,0.7763853534689545,0.0016846624850512509,27.744194440512217,0.7767092922171355,0.001681049709536367,0.009323489249005945,0.0003239387481809297,-3.612775514883924e-06,0.00017602498701307923,0.002385700005106628
384__F_Left_middle_finger.BMP,384,"M2 Modified Gabor (detail_clip=0.1, frequencies=0.075/0.095/0.115/0.14, gamma=0.5, orientation_bins=12, orientation_offset=1.5708, sigma_scale=0.55, strength=0.1)",M2 Modified Gabor,"{""detail_clip"": 0.1, ""frequencies"": [0.075, 0.095, 0.115, 0.14], ""gamma"": 0.5, ""orientation_bins"": 12, ""orientation_offset"": 1.5707963267948966, ""sigma_scale"": 0.55, ""strength"": 0.1}",27.118571655332776,0.8717084888616204,0.0019415243176466404,27.127356539351446,0.8720817333128751,0.001937600982714016,0.00878488401867017,0.00037324445125463956,-3.9233349326242475e-06,0.00027294561732560396,0.0036012999989907257
384__F_Left_ring_finger.BMP,384,"M2 Modified Gabor (detail_clip=0.1, frequencies=0.075/0.095/0.115/0.14, gamma=0.5, orientation_bins=12, orientation_offset=1.5708, sigma_scale=0.55, strength=0.1)",M2 Modified Gabor,"{""detail_clip"": 0.1, ""frequencies"": [0.075, 0.095, 0.115, 0.14], ""gamma"": 0.5, ""orientation_bins"": 12, ""orientation_offset"": 1.5707963267948966, ""sigma_scale"": 0.55, ""strength"": 0.1}",27.285154102190788,0.8293552509646416,0.0018684633767569378,27.295360856161448,0.8297341309013366,0.0018640772852597277,0.010206753970660287,0.0003788799366950535,-4.3860914972100856e-06,0.00025727294269017875,0.002497099994798191
384__F_Left_thumb_finger.BMP,384,"M2 Modified Gabor (detail_clip=0.1, frequencies=0.075/0.095/0.115/0.14, gamma=0.5, orientation_bins=12, orientation_offset=1.5708, sigma_scale=0.55, strength=0.1)",M2 Modified Gabor,"{""detail_clip"": 0.1, ""frequencies"": [0.075, 0.095, 0.115, 0.14], ""gamma"": 0.5, ""orientation_bins"": 12, ""orientation_offset"": 1.5707963267948966, ""sigma_scale"": 0.55, ""strength"": 0.1}",27.318048246885297,0.8491703983755707,0.0018543648021192723,27.32260055627636,0.8493724562129378,0.0018524220605230083,0.004552309391062437,0.0002020578373670423,-1.9427415962640013e-06,0.00019252682977821678,0.0018889999992097728
384__F_Right_index_finger.BMP,384,"M2 Modified Gabor (detail_clip=0.1, frequencies=0.075/0.095/0.115/0.14, gamma=0.5, orientation_bins=12, orientation_offset=1.5708, sigma_scale=0.55, strength=0.1)",M2 Modified Gabor,"{""detail_clip"": 0.1, ""frequencies"": [0.075, 0.095, 0.115, 0.14], ""gamma"": 0.5, ""orientation_bins"": 12, ""orientation_offset"": 1.5707963267948966, ""sigma_scale"": 0.55, ""strength"": 0.1}",27.486196197178927,0.8517396650123894,0.0017839405619474507,27.49533095300976,0.8520625137803256,0.0017801922445856316,0.00913475583083212,0.0003228487679362013,-3.7483173618191486e-06,0.00025007707881741226,0.0012036999978590757
384__F_Right_little_finger.BMP,384,"M2 Modified Gabor (detail_clip=0.1, frequencies=0.075/0.095/0.115/0.14, gamma=0.5, orientation_bins=12, orientation_offset=1.5708, sigma_scale=0.55, strength=0.1)",M2 Modified Gabor,"{""detail_clip"": 0.1, ""frequencies"": [0.075, 0.095, 0.115, 0.14], ""gamma"": 0.5, ""orientation_bins"": 12, ""orientation_offset"": 1.5707963267948966, ""sigma_scale"": 0.55, ""strength"": 0.1}",28.013672442708103,0.7328998680624962,0.001579911483427486,28.026185656581593,0.733325479008317,0.0015753658773035683,0.012513213873489804,0.00042561094582083125,-4.545606123917663e-06,0.00020167998445685953,0.0021137000003363937
384__F_Right_middle_finger.BMP,384,"M2 Modified Gabor (detail_clip=0.1, frequencies=0.075/0.095/0.115/0.14, gamma=0.5, orientation_bins=12, orientation_offset=1.5708, sigma_scale=0.55, strength=0.1)",M2 Modified Gabor,"{""detail_clip"": 0.1, ""frequencies"": [0.075, 0.095, 0.115, 0.14], ""gamma"": 0.5, ""orientation_bins"": 12, ""orientation_offset"": 1.5707963267948966, ""sigma_scale"": 0.55, ""strength"": 0.1}",27.627489404881164,0.8129671659176647,0.0017268358629518306,27.636798661108088,0.8132855717523396,0.0017231382933949246,0.009309256226924134,0.00031840583467490635,-3.697569556905967e-06,0.00018429241026751697,0.002742799995758105
384__F_Right_ring_finger.BMP,384,"M2 Modified Gabor (detail_clip=0.1, frequencies=0.075/0.095/0.115/0.14, gamma=0.5, orientation_bins=12, orientation_offset=1.5708, sigma_scale=0.55, strength=0.1)",M2 Modified Gabor,"{""detail_clip"": 0.1, ""frequencies"": [0.075, 0.095, 0.115, 0.14], ""gamma"": 0.5, ""orientation_bins"": 12, ""orientation_offset"": 1.5707963267948966, ""sigma_scale"": 0.55, ""strength"": 0.1}",27.74839173628873,0.7761508576027751,0.0016794258219157423,27.75822068745871,0.7764913529877663,0.001675629243820453,0.00982895116997895,0.0003404953849911463,-3.7965780952892245e-06,0.00018985039787366986,0.0032704000041121617
384__F_Right_thumb_finger.BMP,384,"M2 Modified Gabor (detail_clip=0.1, frequencies=0.075/0.095/0.115/0.14, gamma=0.5, orientation_bins=12, orientation_offset=1.5708, sigma_scale=0.55, strength=0.1)",M2 Modified Gabor,"{""detail_clip"": 0.1, ""frequencies"": [0.075, 0.095, 0.115, 0.14], ""gamma"": 0.5, ""orientation_bins"": 12, ""orientation_offset"": 1.5707963267948966, ""sigma_scale"": 0.55, ""strength"": 0.1}",27.15122576087472,0.8853496424844265,0.0019269809617181043,27.155753412640266,0.8855201336402297,0.0019249730724136636,0.004527651765545926,0.00017049115580325402,-2.007889304440685e-06,0.00021152177941985428,0.002434900001389906
218__M_Left_index_finger.BMP,218,"M2 Modified Gabor (detail_clip=0.1, frequencies=0.075/0.095/0.115/0.14, gamma=0.5, orientation_bins=12, orientation_offset=1.5708, sigma_scale=0.55, strength=0.1)",M2 Modified Gabor,"{""detail_clip"": 0.1, ""frequencies"": [0.075, 0.095, 0.115, 0.14], ""gamma"": 0.5, ""orientation_bins"": 12, ""orientation_offset"": 1.5707963267948966, ""sigma_scale"": 0.55, ""strength"": 0.1}",26.95555240343883,0.8582802163401246,0.002015787555065108,26.961248703755768,0.8585777991881967,0.0020131453377010716,0.005696300316937908,0.00029758284807201996,-2.642217364036241e-06,0.00023651111405342817,0.0018930000005639158
218__M_Left_little_finger.BMP,218,"M2 Modified Gabor (detail_clip=0.1, frequencies=0.075/0.095/0.115/0.14, gamma=0.5, orientation_bins=12, orientation_offset=1.5708, sigma_scale=0.55, strength=0.1)",M2 Modified Gabor,"{""detail_clip"": 0.1, ""frequencies"": [0.075, 0.095, 0.115, 0.14], ""gamma"": 0.5, ""orientation_bins"": 12, ""orientation_offset"": 1.5707963267948966, ""sigma_scale"": 0.55, ""strength"": 0.1}",27.522404178182647,0.7467122343437076,0.0017691293281806295,27.5338390917002,0.7471538036042452,0.0017644773621473134,0.011434913517554435,0.000441569260537622,-4.6519660333161055e-06,0.00018878839910030365,0.0026273999974364415
218__M_Left_middle_finger.BMP,218,"M2 Modified Gabor (detail_clip=0.1, frequencies=0.075/0.095/0.115/0.14, gamma=0.5, orientation_bins=12, orientation_offset=1.5708, sigma_scale=0.55, strength=0.1)",M2 Modified Gabor,"{""detail_clip"": 0.1, ""frequencies"": [0.075, 0.095, 0.115, 0.14], ""gamma"": 0.5, ""orientation_bins"": 12, ""orientation_offset"": 1.5707963267948966, ""sigma_scale"": 0.55, ""strength"": 0.1}",26.89328640320218,0.8228105702443123,0.002044896632206302,26.898794803585307,0.8230895346817374,0.002042304619314164,0.005508400383128276,0.0002789644374251443,-2.5920128921379237e-06,0.00018190273840446025,0.0022687999953632243
218__M_Left_ring_finger.BMP,218,"M2 Modified Gabor (detail_clip=0.1, frequencies=0.075/0.095/0.115/0.14, gamma=0.5, orientation_bins=12, orientation_offset=1.5708, sigma_scale=0.55, strength=0.1)",M2 Modified Gabor,"{""detail_clip"": 0.1, ""frequencies"": [0.075, 0.095, 0.115, 0.14], ""gamma"": 0.5, ""orientation_bins"": 12, ""orientation_offset"": 1.5707963267948966, ""sigma_scale"": 0.55, ""strength"": 0.1}",27.126296343694097,0.7792105915739537,0.0019380740458066112,27.13311106691858,0.7795380396868586,0.0019350353055126934,0.006814723224483288,0.0003274481129049711,-3.038740293917876e-06,0.00017643276078160852,0.0015591999981552362
218__M_Left_thumb_finger.BMP,218,"M2 Modified Gabor (detail_clip=0.1, frequencies=0.075/0.095/0.115/0.14, gamma=0.5, orientation_bins=12, orientation_offset=1.5708, sigma_scale=0.55, strength=0.1)",M2 Modified Gabor,"{""detail_clip"": 0.1, ""frequencies"": [0.075, 0.095, 0.115, 0.14], ""gamma"": 0.5, ""orientation_bins"": 12, ""orientation_offset"": 1.5707963267948966, ""sigma_scale"": 0.55, ""strength"": 0.1}",26.789339122859307,0.8764949646649957,0.002094431146604478,26.79372532888232,0.8767343215563297,0.002092316920107101,0.004386206023013983,0.00023935689133403049,-2.1142264973769524e-06,0.00019631360191851854,0.00273909999668831
218__M_Right_index_finger.BMP,218,"M2 Modified Gabor (detail_clip=0.1, frequencies=0.075/0.095/0.115/0.14, gamma=0.5, orientation_bins=12, orientation_offset=1.5708, sigma_scale=0.55, strength=0.1)",M2 Modified Gabor,"{""detail_clip"": 0.1, ""frequencies"": [0.075, 0.095, 0.115, 0.14], ""gamma"": 0.5, ""orientation_bins"": 12, ""orientation_offset"": 1.5707963267948966, ""sigma_scale"": 0.55, ""strength"": 0.1}",27.474097601586816,0.8698191221582293,0.00178891720049819,27.487270336697563,0.8702405292409658,0.0017834993949077857,0.013172735110746459,0.0004214070827365246,-5.417805590404246e-06,0.0002814904728438705,0.0038566000002902
218__M_Right_little_finger.BMP,218,"M2 Modified Gabor (detail_clip=0.1, frequencies=0.075/0.095/0.115/0.14, gamma=0.5, orientation_bins=12, orientation_offset=1.5708, sigma_scale=0.55, strength=0.1)",M2 Modified Gabor,"{""detail_clip"": 0.1, ""frequencies"": [0.075, 0.095, 0.115, 0.14], ""gamma"": 0.5, ""orientation_bins"": 12, ""orientation_offset"": 1.5707963267948966, ""sigma_scale"": 0.55, ""strength"": 0.1}",27.443423655111545,0.7658184392821192,0.001801596935698824,27.450940104295796,0.7661677932040691,0.0017984815610563687,0.007516449184251428,0.000349353921949902,-3.1153746424552285e-06,0.00018068714416585863,0.001853999994636979
218__M_Right_middle_finger.BMP,218,"M2 Modified Gabor (detail_clip=0.1, frequencies=0.075/0.095/0.115/0.14, gamma=0.5, orientation_bins=12, orientation_offset=1.5708, sigma_scale=0.55, strength=0.1)",M2 Modified Gabor,"{""detail_clip"": 0.1, ""frequencies"": [0.075, 0.095, 0.115, 0.14], ""gamma"": 0.5, ""orientation_bins"": 12, ""orientation_offset"": 1.5707963267948966, ""sigma_scale"": 0.55, ""strength"": 0.1}",27.217295792036982,0.8971402516595721,0.0018978873049628026,27.222465137089813,0.8973313698501587,0.0018956296207813545,0.005169345052831176,0.00019111819058659218,-2.257684181448125e-06,0.00022208309383131564,0.002598700004455168
218__M_Right_ring_finger.BMP,218,"M2 Modified Gabor (detail_clip=0.1, frequencies=0.075/0.095/0.115/0.14, gamma=0.5, orientation_bins=12, orientation_offset=1.5708, sigma_scale=0.55, strength=0.1)",M2 Modified Gabor,"{""detail_clip"": 0.1, ""frequencies"": [0.075, 0.095, 0.115, 0.14], ""gamma"": 0.5, ""orientation_bins"": 12, ""orientation_offset"": 1.5707963267948966, ""sigma_scale"": 0.55, ""strength"": 0.1}",26.95709928583952,0.8327536396930217,0.002015069693990176,26.961516590239324,0.8329685392791033,0.0020130211644003443,0.004417304399805033,0.0002148995860815628,-2.0485295898317775e-06,0.00017596113320905715,0.0021593999990727752
218__M_Right_thumb_finger.BMP,218,"M2 Modified Gabor (detail_clip=0.1, frequencies=0.075/0.095/0.115/0.14, gamma=0.5, orientation_bins=12, orientation_offset=1.5708, sigma_scale=0.55, strength=0.1)",M2 Modified Gabor,"{""detail_clip"": 0.1, ""frequencies"": [0.075, 0.095, 0.115, 0.14], ""gamma"": 0.5, ""orientation_bins"": 12, ""orientation_offset"": 1.5707963267948966, ""sigma_scale"": 0.55, ""strength"": 0.1}",27.637037325791376,0.799559909917891,0.0017230436016656254,27.643855648047875,0.7997443613125682,0.0017203405857169566,0.006818322256499698,0.0001844513946771542,-2.703015948668768e-06,0.00023729962413199246,0.0026280000020051375
388__F_Left_index_finger.BMP,388,"M2 Modified Gabor (detail_clip=0.1, frequencies=0.075/0.095/0.115/0.14, gamma=0.5, orientation_bins=12, orientation_offset=1.5708, sigma_scale=0.55, strength=0.1)",M2 Modified Gabor,"{""detail_clip"": 0.1, ""frequencies"": [0.075, 0.095, 0.115, 0.14], ""gamma"": 0.5, ""orientation_bins"": 12, ""orientation_offset"": 1.5707963267948966, ""sigma_scale"": 0.55, ""strength"": 0.1}",27.434830134381247,0.7567465921532214,0.001805165341190282,27.447562701607062,0.7572369950352311,0.0017998807404618318,0.012732567225814506,0.0004904028820097439,-5.284600728450205e-06,0.00021552975522354245,0.0014966999951866455
388__F_Left_little_finger.BMP,388,"M2 Modified Gabor (detail_clip=0.1, frequencies=0.075/0.095/0.115/0.14, gamma=0.5, orientation_bins=12, orientation_offset=1.5708, sigma_scale=0.55, strength=0.1)",M2 Modified Gabor,"{""detail_clip"": 0.1, ""frequencies"": [0.075, 0.095, 0.115, 0.14], ""gamma"": 0.5, ""orientation_bins"": 12, ""orientation_offset"": 1.5707963267948966, ""sigma_scale"": 0.55, ""strength"": 0.1}",27.98442957887024,0.6975278495342135,0.001590585584483631,27.999343257795424,0.6980372854723632,0.0015851328788943338,0.014913678925182694,0.0005094359381496716,-5.45270558929725e-06,0.00017755868611857295,0.0031068000025697984
388__F_Left_middle_finger.BMP,388,"M2 Modified Gabor (detail_clip=0.1, frequencies=0.075/0.095/0.115/0.14, gamma=0.5, orientation_bins=12, orientation_offset=1.5708, sigma_scale=0.55, strength=0.1)",M2 Modified Gabor,"{""detail_clip"": 0.1, ""frequencies"": [0.075, 0.095, 0.115, 0.14], ""gamma"": 0.5, ""orientation_bins"": 12, ""orientation_offset"": 1.5707963267948966, ""sigma_scale"": 0.55, ""strength"": 0.1}",27.399794303652847,0.7921330856817365,0.0018197870477510971,27.411678883015178,0.7926313597091437,0.0018148139616320923,0.011884579362330783,0.0004982740274072084,-4.973086119004853e-06,0.00020553120702970773,0.0028803000022890046
388__F_Left_ring_finger.BMP,388,"M2 Modified Gabor (detail_clip=0.1, frequencies=0.075/0.095/0.115/0.14, gamma=0.5, orientation_bins=12, orientation_offset=1.5708, sigma_scale=0.55, strength=0.1)",M2 Modified Gabor,"{""detail_clip"": 0.1, ""frequencies"": [0.075, 0.095, 0.115, 0.14], ""gamma"": 0.5, ""orientation_bins"": 12, ""orientation_offset"": 1.5707963267948966, ""sigma_scale"": 0.55, ""strength"": 0.1}",27.437567115393712,0.7653816156967879,0.0018040280606242424,27.447597345241267,0.7657712810211181,0.0017998663828856056,0.01003022984755475,0.00038966532433026835,-4.161677738636835e-06,0.00019465603691060096,0.0026595000017550774
388__F_Left_thumb_finger.BMP,388,"M2 Modified Gabor (detail_clip=0.1, frequencies=0.075/0.095/0.115/0.14, gamma=0.5, orientation_bins=12, orientation_offset=1.5708, sigma_scale=0.55, strength=0.1)",M2 Modified Gabor,"{""detail_clip"": 0.1, ""frequencies"": [0.075, 0.095, 0.115, 0.14], ""gamma"": 0.5, ""orientation_bins"": 12, ""orientation_offset"": 1.5707963267948966, ""sigma_scale"": 0.55, ""strength"": 0.1}",27.17949176016525,0.8447717253379226,0.0019144799568901047,27.18569625482765,0.8450178746540546,0.0019117468114654142,0.006204494662402027,0.0002461493161320938,-2.7331454246905078e-06,0.0001955129555426538,0.0020328000027802773
388__F_Right_index_finger.BMP,388,"M2 Modified Gabor (detail_clip=0.1, frequencies=0.075/0.095/0.115/0.14, gamma=0.5, orientation_bins=12, orientation_offset=1.5708, sigma_scale=0.55, strength=0.1)",M2 Modified Gabor,"{""detail_clip"": 0.1, ""frequencies"": [0.075, 0.095, 0.115, 0.14], ""gamma"": 0.5, ""orientation_bins"": 12, ""orientation_offset"": 1.5707963267948966, ""sigma_scale"": 0.55, ""strength"": 0.1}",27.61372773170838,0.80119189695701,0.0017323164395644335,27.623473170665047,0.801615319011271,0.0017284335312110438,0.00974543895666713,0.00042342205426104673,-3.882908353389659e-06,0.0002596527920104563,0.0028531999996630475
388__F_Right_little_finger.BMP,388,"M2 Modified Gabor (detail_clip=0.1, frequencies=0.075/0.095/0.115/0.14, gamma=0.5, orientation_bins=12, orientation_offset=1.5708, sigma_scale=0.55, strength=0.1)",M2 Modified Gabor,"{""detail_clip"": 0.1, ""frequencies"": [0.075, 0.095, 0.115, 0.14], ""gamma"": 0.5, ""orientation_bins"": 12, ""orientation_offset"": 1.5707963267948966, ""sigma_scale"": 0.55, ""strength"": 0.1}",28.04488920137958,0.723980187090516,0.0015685959156988764,28.058352431497497,0.7244232166416645,0.001563740761250328,0.01346323011791739,0.0004430295511484994,-4.855154448548359e-06,0.00019378558499738574,0.002712200002861209
388__F_Right_middle_finger.BMP,388,"M2 Modified Gabor (detail_clip=0.1, frequencies=0.075/0.095/0.115/0.14, gamma=0.5, orientation_bins=12, orientation_offset=1.5708, sigma_scale=0.55, strength=0.1)",M2 Modified Gabor,"{""detail_clip"": 0.1, ""frequencies"": [0.075, 0.095, 0.115, 0.14], ""gamma"": 0.5, ""orientation_bins"": 12, ""orientation_offset"": 1.5707963267948966, ""sigma_scale"": 0.55, ""strength"": 0.1}",27.313102645720537,0.8297754257121086,0.0018564776939187433,27.32489464152974,0.8301812299079299,0.0018514438091027739,0.011791995809200984,0.0004058041958212577,-5.0338848159693986e-06,0.00025311100762337446,0.0019289999981992878
388__F_Right_ring_finger.BMP,388,"M2 Modified Gabor (detail_clip=0.1, frequencies=0.075/0.095/0.115/0.14, gamma=0.5, orientation_bins=12, orientation_offset=1.5708, sigma_scale=0.55, strength=0.1)",M2 Modified Gabor,"{""detail_clip"": 0.1, ""frequencies"": [0.075, 0.095, 0.115, 0.14], ""gamma"": 0.5, ""orientation_bins"": 12, ""orientation_offset"": 1.5707963267948966, ""sigma_scale"": 0.55, ""strength"": 0.1}",27.716038896253863,0.7575584495838285,0.0016919834487040936,27.725989696546428,0.7579121530963778,0.0016881111186726613,0.009950800292564566,0.0003537035125493748,-3.872330031432338e-06,0.00016253546345978975,0.0013811999961035326
388__F_Right_thumb_finger.BMP,388,"M2 Modified Gabor (detail_clip=0.1, frequencies=0.075/0.095/0.115/0.14, gamma=0.5, orientation_bins=12, orientation_offset=1.5708, sigma_scale=0.55, strength=0.1)",M2 Modified Gabor,"{""detail_clip"": 0.1, ""frequencies"": [0.075, 0.095, 0.115, 0.14], ""gamma"": 0.5, ""orientation_bins"": 12, ""orientation_offset"": 1.5707963267948966, ""sigma_scale"": 0.55, ""strength"": 0.1}",27.55911536979275,0.8019520732866228,0.0017542377925203654,27.566054564880027,0.802224805328548,0.0017514370941705691,0.006939195087277028,0.0002727320419252388,-2.800698349796245e-06,0.00019490729027893394,0.0031582000010530464
360__M_Left_index_finger.BMP,360,"M2 Modified Gabor (detail_clip=0.1, frequencies=0.075/0.095/0.115/0.14, gamma=0.5, orientation_bins=12, orientation_offset=1.5708, sigma_scale=0.55, strength=0.1)",M2 Modified Gabor,"{""detail_clip"": 0.1, ""frequencies"": [0.075, 0.095, 0.115, 0.14], ""gamma"": 0.5, ""orientation_bins"": 12, ""orientation_offset"": 1.5707963267948966, ""sigma_scale"": 0.55, ""strength"": 0.1}",27.165084363827205,0.8898551899549961,0.0019208416481011192,27.174173235864593,0.890178244951725,0.0019168259331552764,0.009088872037388285,0.0003230549967289109,-4.0157149458427705e-06,0.0003048487124033272,0.0025862999973469414
360__M_Left_little_finger.BMP,360,"M2 Modified Gabor (detail_clip=0.1, frequencies=0.075/0.095/0.115/0.14, gamma=0.5, orientation_bins=12, orientation_offset=1.5708, sigma_scale=0.55, strength=0.1)",M2 Modified Gabor,"{""detail_clip"": 0.1, ""frequencies"": [0.075, 0.095, 0.115, 0.14], ""gamma"": 0.5, ""orientation_bins"": 12, ""orientation_offset"": 1.5707963267948966, ""sigma_scale"": 0.55, ""strength"": 0.1}",27.399325172695054,0.8119907206172347,0.0018199836343041967,27.408508130085888,0.8123411702125668,0.0018161394281145124,0.00918295739083419,0.00035044959533214737,-3.844206189684276e-06,0.00026504433481022716,0.0016467000023112632
360__M_Left_middle_finger.BMP,360,"M2 Modified Gabor (detail_clip=0.1, frequencies=0.075/0.095/0.115/0.14, gamma=0.5, orientation_bins=12, orientation_offset=1.5708, sigma_scale=0.55, strength=0.1)",M2 Modified Gabor,"{""detail_clip"": 0.1, ""frequencies"": [0.075, 0.095, 0.115, 0.14], ""gamma"": 0.5, ""orientation_bins"": 12, ""orientation_offset"": 1.5707963267948966, ""sigma_scale"": 0.55, ""strength"": 0.1}",27.08551766612191,0.8791890184856653,0.0019563575620263644,27.09187518720544,0.8794721712125539,0.001953495797513612,0.006357521083529605,0.0002831527268886136,-2.8617645127524197e-06,0.00025816133711487055,0.0020021000018459745
360__M_Left_ring_finger.BMP,360,"M2 Modified Gabor (detail_clip=0.1, frequencies=0.075/0.095/0.115/0.14, gamma=0.5, orientation_bins=12, orientation_offset=1.5708, sigma_scale=0.55, strength=0.1)",M2 Modified Gabor,"{""detail_clip"": 0.1, ""frequencies"": [0.075, 0.095, 0.115, 0.14], ""gamma"": 0.5, ""orientation_bins"": 12, ""orientation_offset"": 1.5707963267948966, ""sigma_scale"": 0.55, ""strength"": 0.1}",27.091988943418762,0.8734895505541563,0.0019534446296117437,27.099954987304482,0.8737910787040293,0.001949864809136652,0.007966043885719643,0.00030152814987294274,-3.5798204750918123e-06,0.0003045983030460775,0.00247799999488052
360__M_Left_thumb_finger.BMP,360,"M2 Modified Gabor (detail_clip=0.1, frequencies=0.075/0.095/0.115/0.14, gamma=0.5, orientation_bins=12, orientation_offset=1.5708, sigma_scale=0.55, strength=0.1)",M2 Modified Gabor,"{""detail_clip"": 0.1, ""frequencies"": [0.075, 0.095, 0.115, 0.14], ""gamma"": 0.5, ""orientation_bins"": 12, ""orientation_offset"": 1.5707963267948966, ""sigma_scale"": 0.55, ""strength"": 0.1}",27.026290934916474,0.9165627529365719,0.001983220059529698,27.03378419651134,0.9168153873502016,0.00197980118722319,0.007493261594866851,0.0002526344136297709,-3.4188723065081e-06,0.000253703590715304,0.0020048000005772337
360__M_Right_index_finger.BMP,360,"M2 Modified Gabor (detail_clip=0.1, frequencies=0.075/0.095/0.115/0.14, gamma=0.5, orientation_bins=12, orientation_offset=1.5708, sigma_scale=0.55, strength=0.1)",M2 Modified Gabor,"{""detail_clip"": 0.1, ""frequencies"": [0.075, 0.095, 0.115, 0.14], ""gamma"": 0.5, ""orientation_bins"": 12, ""orientation_offset"": 1.5707963267948966, ""sigma_scale"": 0.55, ""strength"": 0.1}",27.08561337748189,0.8906102343575955,0.0019563144475988514,27.092891344997938,0.890898141495049,0.0019530387740314087,0.0072779675160461466,0.0002879071374535247,-3.275673567442773e-06,0.00025008252123370767,0.003227399996831082
360__M_Right_little_finger.BMP,360,"M2 Modified Gabor (detail_clip=0.1, frequencies=0.075/0.095/0.115/0.14, gamma=0.5, orientation_bins=12, orientation_offset=1.5708, sigma_scale=0.55, strength=0.1)",M2 Modified Gabor,"{""detail_clip"": 0.1, ""frequencies"": [0.075, 0.095, 0.115, 0.14], ""gamma"": 0.5, ""orientation_bins"": 12, ""orientation_offset"": 1.5707963267948966, ""sigma_scale"": 0.55, ""strength"": 0.1}",27.463896775058526,0.8475569175820946,0.001793123996300255,27.47313680866114,0.8478573226264119,0.0017893130077671958,0.009240033602612385,0.00030040504431727566,-3.8109885330591536e-06,0.00023164764570537955,0.004689399997005239
360__M_Right_middle_finger.BMP,360,"M2 Modified Gabor (detail_clip=0.1, frequencies=0.075/0.095/0.115/0.14, gamma=0.5, orientation_bins=12, orientation_offset=1.5708, sigma_scale=0.55, strength=0.1)",M2 Modified Gabor,"{""detail_clip"": 0.1, ""frequencies"": [0.075, 0.095, 0.115, 0.14], ""gamma"": 0.5, ""orientation_bins"": 12, ""orientation_offset"": 1.5707963267948966, ""sigma_scale"": 0.55, ""strength"": 0.1}",27.148777613505686,0.8873132509153784,0.0019280675201412143,27.154150094122205,0.887522826051116,0.0019256838608020573,0.005372480616518516,0.00020957513573760522,-2.3836593391569558e-06,0.0002121565630659461,0.0029577999957837164
360__M_Right_ring_finger.BMP,360,"M2 Modified Gabor (detail_clip=0.1, frequencies=0.075/0.095/0.115/0.14, gamma=0.5, orientation_bins=12, orientation_offset=1.5708, sigma_scale=0.55, strength=0.1)",M2 Modified Gabor,"{""detail_clip"": 0.1, ""frequencies"": [0.075, 0.095, 0.115, 0.14], ""gamma"": 0.5, ""orientation_bins"": 12, ""orientation_offset"": 1.5707963267948966, ""sigma_scale"": 0.55, ""strength"": 0.1}",27.17668080215109,0.885943676270783,0.0019157194994044895,27.183411407061083,0.8862000728104115,0.0019127528568664023,0.006730604909993332,0.0002563965396285006,-2.9666425380872694e-06,0.00022866133076604456,0.005399800000304822
360__M_Right_thumb_finger.BMP,360,"M2 Modified Gabor (detail_clip=0.1, frequencies=0.075/0.095/0.115/0.14, gamma=0.5, orientation_bins=12, orientation_offset=1.5708, sigma_scale=0.55, strength=0.1)",M2 Modified Gabor,"{""detail_clip"": 0.1, ""frequencies"": [0.075, 0.095, 0.115, 0.14], ""gamma"": 0.5, ""orientation_bins"": 12, ""orientation_offset"": 1.5707963267948966, ""sigma_scale"": 0.55, ""strength"": 0.1}",27.111307542512527,0.9121589699819982,0.0019447744747953257,27.11999708095531,0.9123686904880405,0.00194088718213031,0.008689538442784084,0.00020972050604228798,-3.887292665015647e-06,0.0003568472166080028,0.005997000000206754
380__M_Left_index_finger.BMP,380,"M2 Modified Gabor (detail_clip=0.1, frequencies=0.07/0.085/0.105/0.125/0.15, gamma=0.5, orientation_bins=12, orientation_offset=1.5708, sigma_scale=0.55, strength=0.08)",M2 Modified Gabor,"{""detail_clip"": 0.1, ""frequencies"": [0.07, 0.085, 0.105, 0.125, 0.15], ""gamma"": 0.5, ""orientation_bins"": 12, ""orientation_offset"": 1.5707963267948966, ""sigma_scale"": 0.55, ""strength"": 0.08}",27.39224514157606,0.8241426620333194,0.001822953059489075,27.40059778234327,0.8244554896008969,0.0018194504040847086,0.008352640767210318,0.000312827567577445,-3.502655404366258e-06,0.0002193379041273147,0.7710502999980235
380__M_Left_little_finger.BMP,380,"M2 Modified Gabor (detail_clip=0.1, frequencies=0.07/0.085/0.105/0.125/0.15, gamma=0.5, orientation_bins=12, orientation_offset=1.5708, sigma_scale=0.55, strength=0.08)",M2 Modified Gabor,"{""detail_clip"": 0.1, ""frequencies"": [0.07, 0.085, 0.105, 0.125, 0.15], ""gamma"": 0.5, ""orientation_bins"": 12, ""orientation_offset"": 1.5707963267948966, ""sigma_scale"": 0.55, ""strength"": 0.08}",27.71736251270148,0.7666588592921495,0.0016914678547986946,27.725150610393005,0.7669542386933565,0.0016884373046061195,0.0077880976915238875,0.0002953794012070521,-3.0305501925750964e-06,0.00018705280672293156,0.9895918000038364
380__M_Left_middle_finger.BMP,380,"M2 Modified Gabor (detail_clip=0.1, frequencies=0.07/0.085/0.105/0.125/0.15, gamma=0.5, orientation_bins=12, orientation_offset=1.5708, sigma_scale=0.55, strength=0.08)",M2 Modified Gabor,"{""detail_clip"": 0.1, ""frequencies"": [0.07, 0.085, 0.105, 0.125, 0.15], ""gamma"": 0.5, ""orientation_bins"": 12, ""orientation_offset"": 1.5707963267948966, ""sigma_scale"": 0.55, ""strength"": 0.08}",27.121060618568507,0.8799680408276915,0.0019404119392070196,27.125756893015325,0.8801704974291921,0.0019383147949613654,0.004696274446818194,0.00020245660150053357,-2.097144245654216e-06,0.00017913228657562286,0.8945613999967463
380__M_Left_ring_finger.BMP,380,"M2 Modified Gabor (detail_clip=0.1, frequencies=0.07/0.085/0.105/0.125/0.15, gamma=0.5, orientation_bins=12, orientation_offset=1.5708, sigma_scale=0.55, strength=0.08)",M2 Modified Gabor,"{""detail_clip"": 0.1, ""frequencies"": [0.07, 0.085, 0.105, 0.125, 0.15], ""gamma"": 0.5, ""orientation_bins"": 12, ""orientation_offset"": 1.5707963267948966, ""sigma_scale"": 0.55, ""strength"": 0.08}",27.285753289932494,0.8393499275820852,0.0018682056062418646,27.29296900844617,0.8396108206868768,0.001865104196071653,0.007215718513677416,0.0002608931047916041,-3.101410170211526e-06,0.00017919170204550028,0.707646199996816
380__M_Left_thumb_finger.BMP,380,"M2 Modified Gabor (detail_clip=0.1, frequencies=0.07/0.085/0.105/0.125/0.15, gamma=0.5, orientation_bins=12, orientation_offset=1.5708, sigma_scale=0.55, strength=0.08)",M2 Modified Gabor,"{""detail_clip"": 0.1, ""frequencies"": [0.07, 0.085, 0.105, 0.125, 0.15], ""gamma"": 0.5, ""orientation_bins"": 12, ""orientation_offset"": 1.5707963267948966, ""sigma_scale"": 0.55, ""strength"": 0.08}",26.99028703291933,0.9075991768866778,0.001999729699585501,26.99490177885986,0.9077636769061088,0.001997605946293926,0.004614745940529019,0.00016450001943102421,-2.123753291575093e-06,0.00023100667749531567,0.8834924999973737
380__M_Right_index_finger.BMP,380,"M2 Modified Gabor (detail_clip=0.1, frequencies=0.07/0.085/0.105/0.125/0.15, gamma=0.5, orientation_bins=12, orientation_offset=1.5708, sigma_scale=0.55, strength=0.08)",M2 Modified Gabor,"{""detail_clip"": 0.1, ""frequencies"": [0.07, 0.085, 0.105, 0.125, 0.15], ""gamma"": 0.5, ""orientation_bins"": 12, ""orientation_offset"": 1.5707963267948966, ""sigma_scale"": 0.55, ""strength"": 0.08}",27.368707254437247,0.8433519870930314,0.0018328599206484284,27.374917654253927,0.8436174693563581,0.001830240808827981,0.006210399816680479,0.00026548226332667735,-2.6191118204473614e-06,0.00016285176388919353,0.8476234999980079
380__M_Right_little_finger.BMP,380,"M2 Modified Gabor (detail_clip=0.1, frequencies=0.07/0.085/0.105/0.125/0.15, gamma=0.5, orientation_bins=12, orientation_offset=1.5708, sigma_scale=0.55, strength=0.08)",M2 Modified Gabor,"{""detail_clip"": 0.1, ""frequencies"": [0.07, 0.085, 0.105, 0.125, 0.15], ""gamma"": 0.5, ""orientation_bins"": 12, ""orientation_offset"": 1.5707963267948966, ""sigma_scale"": 0.55, ""strength"": 0.08}",27.631904571796152,0.757674889871031,0.0017250812023077028,27.639973160755886,0.7579949857798218,0.0017218792161052797,0.008068588959734058,0.0003200959087907851,-3.201986202423096e-06,0.00017019608640111983,0.91886489999888
380__M_Right_middle_finger.BMP,380,"M2 Modified Gabor (detail_clip=0.1, frequencies=0.07/0.085/0.105/0.125/0.15, gamma=0.5, orientation_bins=12, orientation_offset=1.5708, sigma_scale=0.55, strength=0.08)",M2 Modified Gabor,"{""detail_clip"": 0.1, ""frequencies"": [0.07, 0.085, 0.105, 0.125, 0.15], ""gamma"": 0.5, ""orientation_bins"": 12, ""orientation_offset"": 1.5707963267948966, ""sigma_scale"": 0.55, ""strength"": 0.08}",27.17154990964595,0.8700292221297026,0.0019179841285608963,27.177445995621422,0.8702763246383667,0.0019153819940985752,0.005896085975471976,0.0002471025086641099,-2.602134462321038e-06,0.0001902483927551657,0.5999934999999823
380__M_Right_ring_finger.BMP,380,"M2 Modified Gabor (detail_clip=0.1, frequencies=0.07/0.085/0.105/0.125/0.15, gamma=0.5, orientation_bins=12, orientation_offset=1.5708, sigma_scale=0.55, strength=0.08)",M2 Modified Gabor,"{""detail_clip"": 0.1, ""frequencies"": [0.07, 0.085, 0.105, 0.125, 0.15], ""gamma"": 0.5, ""orientation_bins"": 12, ""orientation_offset"": 1.5707963267948966, ""sigma_scale"": 0.55, ""strength"": 0.08}",27.430048920692375,0.7953303607811034,0.0018071537693830535,27.436111019311763,0.7955585716994107,0.0018046330138784734,0.006062098619388223,0.00022821091830727003,-2.520755504580117e-06,0.0001615910150576383,0.0026398999980301596
380__M_Right_thumb_finger.BMP,380,"M2 Modified Gabor (detail_clip=0.1, frequencies=0.07/0.085/0.105/0.125/0.15, gamma=0.5, orientation_bins=12, orientation_offset=1.5708, sigma_scale=0.55, strength=0.08)",M2 Modified Gabor,"{""detail_clip"": 0.1, ""frequencies"": [0.07, 0.085, 0.105, 0.125, 0.15], ""gamma"": 0.5, ""orientation_bins"": 12, ""orientation_offset"": 1.5707963267948966, ""sigma_scale"": 0.55, ""strength"": 0.08}",27.05838210736847,0.8953427772864699,0.001968619529933384,27.06350683150015,0.8955664546352625,0.0019662979066059445,0.0051247241316794145,0.0002236773487925836,-2.3216233274395842e-06,0.0002659158199094236,0.752670500005479
600__M_Left_index_finger.BMP,600,"M2 Modified Gabor (detail_clip=0.1, frequencies=0.07/0.085/0.105/0.125/0.15, gamma=0.5, orientation_bins=12, orientation_offset=1.5708, sigma_scale=0.55, strength=0.08)",M2 Modified Gabor,"{""detail_clip"": 0.1, ""frequencies"": [0.07, 0.085, 0.105, 0.125, 0.15], ""gamma"": 0.5, ""orientation_bins"": 12, ""orientation_offset"": 1.5707963267948966, ""sigma_scale"": 0.55, ""strength"": 0.08}",27.35319272178306,0.8397514104789794,0.001839419252730077,27.360326787262146,0.8400207481000423,0.0018364001572135835,0.007134065479085905,0.00026933762106295944,-3.0190955164935245e-06,0.00018486386397853494,0.929019099996367
600__M_Left_little_finger.BMP,600,"M2 Modified Gabor (detail_clip=0.1, frequencies=0.07/0.085/0.105/0.125/0.15, gamma=0.5, orientation_bins=12, orientation_offset=1.5708, sigma_scale=0.55, strength=0.08)",M2 Modified Gabor,"{""detail_clip"": 0.1, ""frequencies"": [0.07, 0.085, 0.105, 0.125, 0.15], ""gamma"": 0.5, ""orientation_bins"": 12, ""orientation_offset"": 1.5707963267948966, ""sigma_scale"": 0.55, ""strength"": 0.08}",27.75017516117653,0.7569456012638808,0.001678736309374416,27.75812486992679,0.7572357553483844,0.0016756662133046191,0.007949708750260243,0.00029015408450361324,-3.0700960697968484e-06,0.0001413542777299881,0.84092370000144
600__M_Left_middle_finger.BMP,600,"M2 Modified Gabor (detail_clip=0.1, frequencies=0.07/0.085/0.105/0.125/0.15, gamma=0.5, orientation_bins=12, orientation_offset=1.5708, sigma_scale=0.55, strength=0.08)",M2 Modified Gabor,"{""detail_clip"": 0.1, ""frequencies"": [0.07, 0.085, 0.105, 0.125, 0.15], ""gamma"": 0.5, ""orientation_bins"": 12, ""orientation_offset"": 1.5707963267948966, ""sigma_scale"": 0.55, ""strength"": 0.08}",27.44947810926937,0.8171206154738665,0.0017990870980429466,27.45504894144464,0.8173431359933019,0.0017967808318054461,0.005570832175269658,0.00022252051943538742,-2.306266237500458e-06,0.00014663497859146446,0.8774262000006274
600__M_Left_ring_finger.BMP,600,"M2 Modified Gabor (detail_clip=0.1, frequencies=0.07/0.085/0.105/0.125/0.15, gamma=0.5, orientation_bins=12, orientation_offset=1.5708, sigma_scale=0.55, strength=0.08)",M2 Modified Gabor,"{""detail_clip"": 0.1, ""frequencies"": [0.07, 0.085, 0.105, 0.125, 0.15], ""gamma"": 0.5, ""orientation_bins"": 12, ""orientation_offset"": 1.5707963267948966, ""sigma_scale"": 0.55, ""strength"": 0.08}",27.310341456038962,0.8390093911606371,0.001857658394379474,27.315384869226833,0.8392264598088265,0.0018555023686139492,0.0050434131878702715,0.000217068648189378,-2.156025765524816e-06,0.00016579659131821245,0.8179412000026787
600__M_Left_thumb_finger.BMP,600,"M2 Modified Gabor (detail_clip=0.1, frequencies=0.07/0.085/0.105/0.125/0.15, gamma=0.5, orientation_bins=12, orientation_offset=1.5708, sigma_scale=0.55, strength=0.08)",M2 Modified Gabor,"{""detail_clip"": 0.1, ""frequencies"": [0.07, 0.085, 0.105, 0.125, 0.15], ""gamma"": 0.5, ""orientation_bins"": 12, ""orientation_offset"": 1.5707963267948966, ""sigma_scale"": 0.55, ""strength"": 0.08}",27.207857503343792,0.875479294952333,0.0019020163666061496,27.214167662002335,0.8756983908521533,0.001899254804926675,0.00631015865854323,0.00021909589982027633,-2.7615616794746285e-06,0.00022963303490541875,0.861979599998449
600__M_Right_index_finger.BMP,600,"M2 Modified Gabor (detail_clip=0.1, frequencies=0.07/0.085/0.105/0.125/0.15, gamma=0.5, orientation_bins=12, orientation_offset=1.5708, sigma_scale=0.55, strength=0.08)",M2 Modified Gabor,"{""detail_clip"": 0.1, ""frequencies"": [0.07, 0.085, 0.105, 0.125, 0.15], ""gamma"": 0.5, ""orientation_bins"": 12, ""orientation_offset"": 1.5707963267948966, ""sigma_scale"": 0.55, ""strength"": 0.08}",27.305187216878938,0.8529470467790365,0.0018598643859407287,27.31206767637261,0.853222159597218,0.001856920164765411,0.00688045949367222,0.0002751128181814888,-2.944221175317811e-06,0.00017726700752973557,0.9585170999998809
600__M_Right_little_finger.BMP,600,"M2 Modified Gabor (detail_clip=0.1, frequencies=0.07/0.085/0.105/0.125/0.15, gamma=0.5, orientation_bins=12, orientation_offset=1.5708, sigma_scale=0.55, strength=0.08)",M2 Modified Gabor,"{""detail_clip"": 0.1, ""frequencies"": [0.07, 0.085, 0.105, 0.125, 0.15], ""gamma"": 0.5, ""orientation_bins"": 12, ""orientation_offset"": 1.5707963267948966, ""sigma_scale"": 0.55, ""strength"": 0.08}",27.918805267842984,0.7369490548488498,0.001614802723510412,27.926244153481832,0.7372142138611675,0.0016120391491620287,0.007438885638848092,0.0002651590123177172,-2.763574348383334e-06,0.00014405361434910446,0.8388182999988203
600__M_Right_middle_finger.BMP,600,"M2 Modified Gabor (detail_clip=0.1, frequencies=0.07/0.085/0.105/0.125/0.15, gamma=0.5, orientation_bins=12, orientation_offset=1.5708, sigma_scale=0.55, strength=0.08)",M2 Modified Gabor,"{""detail_clip"": 0.1, ""frequencies"": [0.07, 0.085, 0.105, 0.125, 0.15], ""gamma"": 0.5, ""orientation_bins"": 12, ""orientation_offset"": 1.5707963267948966, ""sigma_scale"": 0.55, ""strength"": 0.08}",27.34016167642271,0.8407204843213558,0.001844946735382432,27.346301349080964,0.8409333397560715,0.001842340355045458,0.006139672658253659,0.00021285543471571966,-2.606380336973987e-06,0.00018678967899177223,0.9537181999985478
600__M_Right_ring_finger.BMP,600,"M2 Modified Gabor (detail_clip=0.1, frequencies=0.07/0.085/0.105/0.125/0.15, gamma=0.5, orientation_bins=12, orientation_offset=1.5708, sigma_scale=0.55, strength=0.08)",M2 Modified Gabor,"{""detail_clip"": 0.1, ""frequencies"": [0.07, 0.085, 0.105, 0.125, 0.15], ""gamma"": 0.5, ""orientation_bins"": 12, ""orientation_offset"": 1.5707963267948966, ""sigma_scale"": 0.55, ""strength"": 0.08}",27.513543547532386,0.804082875896126,0.0017727424533858249,27.521180783556023,0.8043569681127667,0.0017696277568453405,0.007637236023636973,0.0002740922166406534,-3.1146965404843865e-06,0.0001755769771989435,0.9043696000007913
600__M_Right_thumb_finger.BMP,600,"M2 Modified Gabor (detail_clip=0.1, frequencies=0.07/0.085/0.105/0.125/0.15, gamma=0.5, orientation_bins=12, orientation_offset=1.5708, sigma_scale=0.55, strength=0.08)",M2 Modified Gabor,"{""detail_clip"": 0.1, ""frequencies"": [0.07, 0.085, 0.105, 0.125, 0.15], ""gamma"": 0.5, ""orientation_bins"": 12, ""orientation_offset"": 1.5707963267948966, ""sigma_scale"": 0.55, ""strength"": 0.08}",27.40887796153935,0.8515884021518827,0.0018159847780061798,27.417095815041424,0.8518987229249477,0.0018125517649146144,0.00821785350207449,0.0003103207730650315,-3.433013091565327e-06,0.00021798009402118623,0.8628250000037951
501__M_Left_index_finger.BMP,501,"M2 Modified Gabor (detail_clip=0.1, frequencies=0.07/0.085/0.105/0.125/0.15, gamma=0.5, orientation_bins=12, orientation_offset=1.5708, sigma_scale=0.55, strength=0.08)",M2 Modified Gabor,"{""detail_clip"": 0.1, ""frequencies"": [0.07, 0.085, 0.105, 0.125, 0.15], ""gamma"": 0.5, ""orientation_bins"": 12, ""orientation_offset"": 1.5707963267948966, ""sigma_scale"": 0.55, ""strength"": 0.08}",27.43685245746518,0.8191895882745981,0.0018043249488174829,27.44213243991931,0.8193808567085266,0.0018021326540367927,0.005279982454130305,0.00019126843392847093,-2.192294780690128e-06,0.0001614430220797658,0.0019345000036992133
501__M_Left_little_finger.BMP,501,"M2 Modified Gabor (detail_clip=0.1, frequencies=0.07/0.085/0.105/0.125/0.15, gamma=0.5, orientation_bins=12, orientation_offset=1.5708, sigma_scale=0.55, strength=0.08)",M2 Modified Gabor,"{""detail_clip"": 0.1, ""frequencies"": [0.07, 0.085, 0.105, 0.125, 0.15], ""gamma"": 0.5, ""orientation_bins"": 12, ""orientation_offset"": 1.5707963267948966, ""sigma_scale"": 0.55, ""strength"": 0.08}",27.58424679240497,0.7924946965949238,0.0017441158175301977,27.593969703560738,0.7928561885427237,0.0017402154882622605,0.00972291115576951,0.0003614919477998857,-3.900329267937175e-06,0.00017274077981710434,0.8953848000019207
501__M_Left_middle_finger.BMP,501,"M2 Modified Gabor (detail_clip=0.1, frequencies=0.07/0.085/0.105/0.125/0.15, gamma=0.5, orientation_bins=12, orientation_offset=1.5708, sigma_scale=0.55, strength=0.08)",M2 Modified Gabor,"{""detail_clip"": 0.1, ""frequencies"": [0.07, 0.085, 0.105, 0.125, 0.15], ""gamma"": 0.5, ""orientation_bins"": 12, ""orientation_offset"": 1.5707963267948966, ""sigma_scale"": 0.55, ""strength"": 0.08}",27.52430149906059,0.8029155948780179,0.0017683566098870935,27.53030817148116,0.8031313833976984,0.00176591250866756,0.006006672420568293,0.00021578851968051538,-2.4441012195335066e-06,0.00015778141096234322,0.9059526000055484
501__M_Left_ring_finger.BMP,501,"M2 Modified Gabor (detail_clip=0.1, frequencies=0.07/0.085/0.105/0.125/0.15, gamma=0.5, orientation_bins=12, orientation_offset=1.5708, sigma_scale=0.55, strength=0.08)",M2 Modified Gabor,"{""detail_clip"": 0.1, ""frequencies"": [0.07, 0.085, 0.105, 0.125, 0.15], ""gamma"": 0.5, ""orientation_bins"": 12, ""orientation_offset"": 1.5707963267948966, ""sigma_scale"": 0.55, ""strength"": 0.08}",27.358389124902512,0.8241556460552215,0.0018372196742751177,27.36750510310155,0.8244699360759258,0.0018333673367163198,0.009115978199037755,0.0003142900207042665,-3.852337558797906e-06,0.00018562488548923284,0.909706800004642
501__M_Left_thumb_finger.BMP,501,"M2 Modified Gabor (detail_clip=0.1, frequencies=0.07/0.085/0.105/0.125/0.15, gamma=0.5, orientation_bins=12, orientation_offset=1.5708, sigma_scale=0.55, strength=0.08)",M2 Modified Gabor,"{""detail_clip"": 0.1, ""frequencies"": [0.07, 0.085, 0.105, 0.125, 0.15], ""gamma"": 0.5, ""orientation_bins"": 12, ""orientation_offset"": 1.5707963267948966, ""sigma_scale"": 0.55, ""strength"": 0.08}",27.81660114041582,0.7769351523290873,0.0016532551565629702,27.823714758926727,0.7772167643842697,0.0016505493888298668,0.007113618510906861,0.00028161205518240084,-2.705767733103418e-06,0.00015653918671887368,1.3666907999941031
501__M_Right_index_finger.BMP,501,"M2 Modified Gabor (detail_clip=0.1, frequencies=0.07/0.085/0.105/0.125/0.15, gamma=0.5, orientation_bins=12, orientation_offset=1.5708, sigma_scale=0.55, strength=0.08)",M2 Modified Gabor,"{""detail_clip"": 0.1, ""frequencies"": [0.07, 0.085, 0.105, 0.125, 0.15], ""gamma"": 0.5, ""orientation_bins"": 12, ""orientation_offset"": 1.5707963267948966, ""sigma_scale"": 0.55, ""strength"": 0.08}",27.4909620744602,0.8130318595907092,0.0017819839682411266,27.501922043645717,0.8134620491937995,0.0017774925765508555,0.010959969185517338,0.00043018960309026966,-4.49139169027106e-06,0.0001884485682239756,0.9949581999971997
501__M_Right_little_finger.BMP,501,"M2 Modified Gabor (detail_clip=0.1, frequencies=0.07/0.085/0.105/0.125/0.15, gamma=0.5, orientation_bins=12, orientation_offset=1.5708, sigma_scale=0.55, strength=0.08)",M2 Modified Gabor,"{""detail_clip"": 0.1, ""frequencies"": [0.07, 0.085, 0.105, 0.125, 0.15], ""gamma"": 0.5, ""orientation_bins"": 12, ""orientation_offset"": 1.5707963267948966, ""sigma_scale"": 0.55, ""strength"": 0.08}",27.573768505254993,0.7845928464406728,0.0017483289520418919,27.58508786095711,0.7849685967555642,0.0017437780792002372,0.011319355702116951,0.00037575031489134325,-4.5508728416547226e-06,0.00020567011961247772,0.7037273000023561
501__M_Right_middle_finger.BMP,501,"M2 Modified Gabor (detail_clip=0.1, frequencies=0.07/0.085/0.105/0.125/0.15, gamma=0.5, orientation_bins=12, orientation_offset=1.5708, sigma_scale=0.55, strength=0.08)",M2 Modified Gabor,"{""detail_clip"": 0.1, ""frequencies"": [0.07, 0.085, 0.105, 0.125, 0.15], ""gamma"": 0.5, ""orientation_bins"": 12, ""orientation_offset"": 1.5707963267948966, ""sigma_scale"": 0.55, ""strength"": 0.08}",27.491269245747194,0.8174476757915616,0.0017818579351058632,27.500276844929957,0.8177173787641525,0.0017781660556288933,0.009007599182762505,0.0002697029725908795,-3.691879476969877e-06,0.00019988519488833845,1.0844082000039634
501__M_Right_ring_finger.BMP,501,"M2 Modified Gabor (detail_clip=0.1, frequencies=0.07/0.085/0.105/0.125/0.15, gamma=0.5, orientation_bins=12, orientation_offset=1.5708, sigma_scale=0.55, strength=0.08)",M2 Modified Gabor,"{""detail_clip"": 0.1, ""frequencies"": [0.07, 0.085, 0.105, 0.125, 0.15], ""gamma"": 0.5, ""orientation_bins"": 12, ""orientation_offset"": 1.5707963267948966, ""sigma_scale"": 0.55, ""strength"": 0.08}",27.778547761307667,0.7602594677556157,0.0016678048170976419,27.786731035231117,0.7605320368982553,0.001664665183976773,0.008183273923449974,0.0002725691426396226,-3.1396331208689756e-06,0.0001587265869602561,0.7689030999972601
501__M_Right_thumb_finger.BMP,501,"M2 Modified Gabor (detail_clip=0.1, frequencies=0.07/0.085/0.105/0.125/0.15, gamma=0.5, orientation_bins=12, orientation_offset=1.5708, sigma_scale=0.55, strength=0.08)",M2 Modified Gabor,"{""detail_clip"": 0.1, ""frequencies"": [0.07, 0.085, 0.105, 0.125, 0.15], ""gamma"": 0.5, ""orientation_bins"": 12, ""orientation_offset"": 1.5707963267948966, ""sigma_scale"": 0.55, ""strength"": 0.08}",27.340959923282963,0.8611186378437876,0.001844607659556476,27.346704865798,0.861362139979124,0.0018421691853375177,0.005744942515036655,0.0002435021353364153,-2.438474218958162e-06,0.0001680719287833199,0.7042565000010654
443__M_Left_index_finger.BMP,443,"M2 Modified Gabor (detail_clip=0.1, frequencies=0.07/0.085/0.105/0.125/0.15, gamma=0.5, orientation_bins=12, orientation_offset=1.5708, sigma_scale=0.55, strength=0.08)",M2 Modified Gabor,"{""detail_clip"": 0.1, ""frequencies"": [0.07, 0.085, 0.105, 0.125, 0.15], ""gamma"": 0.5, ""orientation_bins"": 12, ""orientation_offset"": 1.5707963267948966, ""sigma_scale"": 0.55, ""strength"": 0.08}",27.135094969734823,0.8466296955327391,0.0019341515629242856,27.140345871493196,0.846891999602139,0.001931814461467986,0.005250901758373061,0.0002623040693998657,-2.337101456299567e-06,0.00014548844774253666,0.9836649999997462
443__M_Left_little_finger.BMP,443,"M2 Modified Gabor (detail_clip=0.1, frequencies=0.07/0.085/0.105/0.125/0.15, gamma=0.5, orientation_bins=12, orientation_offset=1.5708, sigma_scale=0.55, strength=0.08)",M2 Modified Gabor,"{""detail_clip"": 0.1, ""frequencies"": [0.07, 0.085, 0.105, 0.125, 0.15], ""gamma"": 0.5, ""orientation_bins"": 12, ""orientation_offset"": 1.5707963267948966, ""sigma_scale"": 0.55, ""strength"": 0.08}",27.13340595635713,0.8394890675188899,0.0019349039195231878,27.1402631129345,0.8397662892584205,0.001931851274209214,0.006857156577368073,0.0002772217395305976,-3.052645313973831e-06,0.00016825956117827445,0.783777700002247
443__M_Left_middle_finger.BMP,443,"M2 Modified Gabor (detail_clip=0.1, frequencies=0.07/0.085/0.105/0.125/0.15, gamma=0.5, orientation_bins=12, orientation_offset=1.5708, sigma_scale=0.55, strength=0.08)",M2 Modified Gabor,"{""detail_clip"": 0.1, ""frequencies"": [0.07, 0.085, 0.105, 0.125, 0.15], ""gamma"": 0.5, ""orientation_bins"": 12, ""orientation_offset"": 1.5707963267948966, ""sigma_scale"": 0.55, ""strength"": 0.08}",27.14151541310484,0.8253531774876117,0.0019312942998486661,27.146384630444025,0.825585533861041,0.0019291301871713243,0.0048692173391842175,0.00023235637342933213,-2.164112677341878e-06,0.0001357171859126538,1.2074223999952665
443__M_Left_ring_finger.BMP,443,"M2 Modified Gabor (detail_clip=0.1, frequencies=0.07/0.085/0.105/0.125/0.15, gamma=0.5, orientation_bins=12, orientation_offset=1.5708, sigma_scale=0.55, strength=0.08)",M2 Modified Gabor,"{""detail_clip"": 0.1, ""frequencies"": [0.07, 0.085, 0.105, 0.125, 0.15], ""gamma"": 0.5, ""orientation_bins"": 12, ""orientation_offset"": 1.5707963267948966, ""sigma_scale"": 0.55, ""strength"": 0.08}",27.237265248598867,0.8298590763946772,0.0018891805912286746,27.24499915638515,0.8302009825620055,0.001885819335809829,0.007733907786281691,0.0003419061673283208,-3.361255418845698e-06,0.00016831881657708436,0.8790118000033544
443__M_Left_thumb_finger.BMP,443,"M2 Modified Gabor (detail_clip=0.1, frequencies=0.07/0.085/0.105/0.125/0.15, gamma=0.5, orientation_bins=12, orientation_offset=1.5708, sigma_scale=0.55, strength=0.08)",M2 Modified Gabor,"{""detail_clip"": 0.1, ""frequencies"": [0.07, 0.085, 0.105, 0.125, 0.15], ""gamma"": 0.5, ""orientation_bins"": 12, ""orientation_offset"": 1.5707963267948966, ""sigma_scale"": 0.55, ""strength"": 0.08}",26.800304933742755,0.8761664312357903,0.00208914943902406,26.804058003699055,0.8763456443995238,0.0020873448254698497,0.0037530699562999814,0.00017921316373348262,-1.8046135542102576e-06,0.00017544516595080495,0.002984900005685631
443__M_Right_index_finger.BMP,443,"M2 Modified Gabor (detail_clip=0.1, frequencies=0.07/0.085/0.105/0.125/0.15, gamma=0.5, orientation_bins=12, orientation_offset=1.5708, sigma_scale=0.55, strength=0.08)",M2 Modified Gabor,"{""detail_clip"": 0.1, ""frequencies"": [0.07, 0.085, 0.105, 0.125, 0.15], ""gamma"": 0.5, ""orientation_bins"": 12, ""orientation_offset"": 1.5707963267948966, ""sigma_scale"": 0.55, ""strength"": 0.08}",27.35710649714296,0.896552869089663,0.0018377623514359127,27.365775230504433,0.8968251634502411,0.0018340977451749246,0.008668733361471226,0.00027229436057807366,-3.6646062609880375e-06,0.00018581812037155032,0.9010433000003104
443__M_Right_little_finger.BMP,443,"M2 Modified Gabor (detail_clip=0.1, frequencies=0.07/0.085/0.105/0.125/0.15, gamma=0.5, orientation_bins=12, orientation_offset=1.5708, sigma_scale=0.55, strength=0.08)",M2 Modified Gabor,"{""detail_clip"": 0.1, ""frequencies"": [0.07, 0.085, 0.105, 0.125, 0.15], ""gamma"": 0.5, ""orientation_bins"": 12, ""orientation_offset"": 1.5707963267948966, ""sigma_scale"": 0.55, ""strength"": 0.08}",27.00440155233622,0.8630209608132839,0.0019932411512218785,27.011346027878798,0.8632892341983914,0.0019900564564958056,0.006944475542578488,0.000268273385107487,-3.1846947260729362e-06,0.00018193204596173018,0.8639921000067261
443__M_Right_middle_finger.BMP,443,"M2 Modified Gabor (detail_clip=0.1, frequencies=0.07/0.085/0.105/0.125/0.15, gamma=0.5, orientation_bins=12, orientation_offset=1.5708, sigma_scale=0.55, strength=0.08)",M2 Modified Gabor,"{""detail_clip"": 0.1, ""frequencies"": [0.07, 0.085, 0.105, 0.125, 0.15], ""gamma"": 0.5, ""orientation_bins"": 12, ""orientation_offset"": 1.5707963267948966, ""sigma_scale"": 0.55, ""strength"": 0.08}",27.064112289055643,0.8992271602718234,0.001966023800672798,27.06875788588901,0.8994269564577639,0.0019639218926025956,0.0046455968333667386,0.00019979618594057058,-2.101908070202378e-06,0.0001556502829771489,1.163687399995979
443__M_Right_ring_finger.BMP,443,"M2 Modified Gabor (detail_clip=0.1, frequencies=0.07/0.085/0.105/0.125/0.15, gamma=0.5, orientation_bins=12, orientation_offset=1.5708, sigma_scale=0.55, strength=0.08)",M2 Modified Gabor,"{""detail_clip"": 0.1, ""frequencies"": [0.07, 0.085, 0.105, 0.125, 0.15], ""gamma"": 0.5, ""orientation_bins"": 12, ""orientation_offset"": 1.5707963267948966, ""sigma_scale"": 0.55, ""strength"": 0.08}",26.925258364749403,0.8801929126424491,0.0020298977562655464,26.931727449951644,0.8804570958584547,0.002026876348721528,0.006469085202240876,0.0002641832160055202,-3.021407544018251e-06,0.000229967525228858,0.9677162000007229
443__M_Right_thumb_finger.BMP,443,"M2 Modified Gabor (detail_clip=0.1, frequencies=0.07/0.085/0.105/0.125/0.15, gamma=0.5, orientation_bins=12, orientation_offset=1.5708, sigma_scale=0.55, strength=0.08)",M2 Modified Gabor,"{""detail_clip"": 0.1, ""frequencies"": [0.07, 0.085, 0.105, 0.125, 0.15], ""gamma"": 0.5, ""orientation_bins"": 12, ""orientation_offset"": 1.5707963267948966, ""sigma_scale"": 0.55, ""strength"": 0.08}",27.180918571542815,0.9082978897159397,0.001913851085644088,27.186428757017378,0.9084757650728523,0.0019114243941437729,0.005510185474562945,0.0001778753569126046,-2.426691500315159e-06,0.00020487408619374037,0.8113554000010481
572__F_Left_index_finger.BMP,572,"M2 Modified Gabor (detail_clip=0.1, frequencies=0.07/0.085/0.105/0.125/0.15, gamma=0.5, orientation_bins=12, orientation_offset=1.5708, sigma_scale=0.55, strength=0.08)",M2 Modified Gabor,"{""detail_clip"": 0.1, ""frequencies"": [0.07, 0.085, 0.105, 0.125, 0.15], ""gamma"": 0.5, ""orientation_bins"": 12, ""orientation_offset"": 1.5707963267948966, ""sigma_scale"": 0.55, ""strength"": 0.08}",27.6241298412811,0.7974931483537555,0.001728172204909599,27.634906917142466,0.7978939042406082,0.0017238890389516715,0.010777075861366114,0.0004007558868527328,-4.28316595792763e-06,0.00016620990936644375,0.7954048999963561
572__F_Left_little_finger.BMP,572,"M2 Modified Gabor (detail_clip=0.1, frequencies=0.07/0.085/0.105/0.125/0.15, gamma=0.5, orientation_bins=12, orientation_offset=1.5708, sigma_scale=0.55, strength=0.08)",M2 Modified Gabor,"{""detail_clip"": 0.1, ""frequencies"": [0.07, 0.085, 0.105, 0.125, 0.15], ""gamma"": 0.5, ""orientation_bins"": 12, ""orientation_offset"": 1.5707963267948966, ""sigma_scale"": 0.55, ""strength"": 0.08}",27.812594150599153,0.7617954299381375,0.0016547812255908382,27.821267842049654,0.7621168968928457,0.0016514796090613528,0.008673691450500343,0.00032146695470813835,-3.301616529485492e-06,0.0001432488061254844,0.7086224000013317
572__F_Left_middle_finger.BMP,572,"M2 Modified Gabor (detail_clip=0.1, frequencies=0.07/0.085/0.105/0.125/0.15, gamma=0.5, orientation_bins=12, orientation_offset=1.5708, sigma_scale=0.55, strength=0.08)",M2 Modified Gabor,"{""detail_clip"": 0.1, ""frequencies"": [0.07, 0.085, 0.105, 0.125, 0.15], ""gamma"": 0.5, ""orientation_bins"": 12, ""orientation_offset"": 1.5707963267948966, ""sigma_scale"": 0.55, ""strength"": 0.08}",27.320467020532956,0.8414032366846502,0.0018533323137710088,27.332394548943803,0.8418338975458741,0.0018482492775267814,0.011927528410847543,0.00043066086122389713,-5.083036244227365e-06,0.00022652529878541827,0.8151376000023447
572__F_Left_ring_finger.BMP,572,"M2 Modified Gabor (detail_clip=0.1, frequencies=0.07/0.085/0.105/0.125/0.15, gamma=0.5, orientation_bins=12, orientation_offset=1.5708, sigma_scale=0.55, strength=0.08)",M2 Modified Gabor,"{""detail_clip"": 0.1, ""frequencies"": [0.07, 0.085, 0.105, 0.125, 0.15], ""gamma"": 0.5, ""orientation_bins"": 12, ""orientation_offset"": 1.5707963267948966, ""sigma_scale"": 0.55, ""strength"": 0.08}",27.400851017810083,0.8340889724407196,0.0018193443157140715,27.411308148735237,0.8344856774886549,0.0018149688893351651,0.01045713092515399,0.0003967050479353196,-4.375426378906396e-06,0.00020304463396314532,0.7692027999946731
572__F_Left_thumb_finger.BMP,572,"M2 Modified Gabor (detail_clip=0.1, frequencies=0.07/0.085/0.105/0.125/0.15, gamma=0.5, orientation_bins=12, orientation_offset=1.5708, sigma_scale=0.55, strength=0.08)",M2 Modified Gabor,"{""detail_clip"": 0.1, ""frequencies"": [0.07, 0.085, 0.105, 0.125, 0.15], ""gamma"": 0.5, ""orientation_bins"": 12, ""orientation_offset"": 1.5707963267948966, ""sigma_scale"": 0.55, ""strength"": 0.08}",27.305828412733867,0.834587592176944,0.0018595898143411753,27.311082682991564,0.8347634276731908,0.0018573413677925958,0.005254270257697868,0.00017583549624677897,-2.248446548579414e-06,0.00014259637100622058,0.4363161000001128
572__F_Right_index_finger.BMP,572,"M2 Modified Gabor (detail_clip=0.1, frequencies=0.07/0.085/0.105/0.125/0.15, gamma=0.5, orientation_bins=12, orientation_offset=1.5708, sigma_scale=0.55, strength=0.08)",M2 Modified Gabor,"{""detail_clip"": 0.1, ""frequencies"": [0.07, 0.085, 0.105, 0.125, 0.15], ""gamma"": 0.5, ""orientation_bins"": 12, ""orientation_offset"": 1.5707963267948966, ""sigma_scale"": 0.55, ""strength"": 0.08}",27.46236185610437,0.8347724638455808,0.0017937578488015497,27.47154903527116,0.8351337651037872,0.0017899672972179076,0.009187179166790571,0.00036130125820643677,-3.7905515836420857e-06,0.0001872162683866918,0.3893965999959619
572__F_Right_little_finger.BMP,572,"M2 Modified Gabor (detail_clip=0.1, frequencies=0.07/0.085/0.105/0.125/0.15, gamma=0.5, orientation_bins=12, orientation_offset=1.5708, sigma_scale=0.55, strength=0.08)",M2 Modified Gabor,"{""detail_clip"": 0.1, ""frequencies"": [0.07, 0.085, 0.105, 0.125, 0.15], ""gamma"": 0.5, ""orientation_bins"": 12, ""orientation_offset"": 1.5707963267948966, ""sigma_scale"": 0.55, ""strength"": 0.08}",27.974544939353972,0.7329479814072252,0.001594209915804351,27.98868459950881,0.7334134914513231,0.0015890279639343616,0.014139660154839362,0.0004655100440978943,-5.181951869989449e-06,0.00018473085947334766,0.3302841999975499
572__F_Right_middle_finger.BMP,572,"M2 Modified Gabor (detail_clip=0.1, frequencies=0.07/0.085/0.105/0.125/0.15, gamma=0.5, orientation_bins=12, orientation_offset=1.5708, sigma_scale=0.55, strength=0.08)",M2 Modified Gabor,"{""detail_clip"": 0.1, ""frequencies"": [0.07, 0.085, 0.105, 0.125, 0.15], ""gamma"": 0.5, ""orientation_bins"": 12, ""orientation_offset"": 1.5707963267948966, ""sigma_scale"": 0.55, ""strength"": 0.08}",27.286906419383943,0.8481148620772362,0.0018677096301195127,27.296459316097717,0.848492903613329,0.0018636058642834464,0.009552896713774572,0.0003780415360927769,-4.103765836066314e-06,0.00017337962344754487,0.2530652999994345
572__F_Right_ring_finger.BMP,572,"M2 Modified Gabor (detail_clip=0.1, frequencies=0.07/0.085/0.105/0.125/0.15, gamma=0.5, orientation_bins=12, orientation_offset=1.5708, sigma_scale=0.55, strength=0.08)",M2 Modified Gabor,"{""detail_clip"": 0.1, ""frequencies"": [0.07, 0.085, 0.105, 0.125, 0.15], ""gamma"": 0.5, ""orientation_bins"": 12, ""orientation_offset"": 1.5707963267948966, ""sigma_scale"": 0.55, ""strength"": 0.08}",27.675962306992894,0.7896063315761983,0.0017076692938429667,27.686565091736227,0.7900122433293462,0.0017035053067840644,0.01060278474333387,0.00040591175314785843,-4.163987058902231e-06,0.00019763296586461365,0.259540899998683
572__F_Right_thumb_finger.BMP,572,"M2 Modified Gabor (detail_clip=0.1, frequencies=0.07/0.085/0.105/0.125/0.15, gamma=0.5, orientation_bins=12, orientation_offset=1.5708, sigma_scale=0.55, strength=0.08)",M2 Modified Gabor,"{""detail_clip"": 0.1, ""frequencies"": [0.07, 0.085, 0.105, 0.125, 0.15], ""gamma"": 0.5, ""orientation_bins"": 12, ""orientation_offset"": 1.5707963267948966, ""sigma_scale"": 0.55, ""strength"": 0.08}",27.222879613560988,0.8812139176847636,0.0018954487167133127,27.22761353733917,0.8813781188463271,0.0018933837535265933,0.004733923778182714,0.00016420116156345976,-2.064963186719374e-06,0.00015686594997532666,0.21872710000025108
29__F_Left_index_finger.BMP,29,"M2 Modified Gabor (detail_clip=0.1, frequencies=0.07/0.085/0.105/0.125/0.15, gamma=0.5, orientation_bins=12, orientation_offset=1.5708, sigma_scale=0.55, strength=0.08)",M2 Modified Gabor,"{""detail_clip"": 0.1, ""frequencies"": [0.07, 0.085, 0.105, 0.125, 0.15], ""gamma"": 0.5, ""orientation_bins"": 12, ""orientation_offset"": 1.5707963267948966, ""sigma_scale"": 0.55, ""strength"": 0.08}",27.623691427691885,0.7954367920094132,0.0017283466700372958,27.62918256426437,0.7956649737299085,0.0017261627624184026,0.005491136572484123,0.00022818172049532404,-2.1839076188932393e-06,0.00012545709614641964,0.21426439999777358
29__F_Left_little_finger.BMP,29,"M2 Modified Gabor (detail_clip=0.1, frequencies=0.07/0.085/0.105/0.125/0.15, gamma=0.5, orientation_bins=12, orientation_offset=1.5708, sigma_scale=0.55, strength=0.08)",M2 Modified Gabor,"{""detail_clip"": 0.1, ""frequencies"": [0.07, 0.085, 0.105, 0.125, 0.15], ""gamma"": 0.5, ""orientation_bins"": 12, ""orientation_offset"": 1.5707963267948966, ""sigma_scale"": 0.55, ""strength"": 0.08}",27.41274074675311,0.8241425118806959,0.0018143702881231619,27.417592474516077,0.8243044398670196,0.0018123444932194508,0.004851727762968494,0.00016192798632375105,-2.0257949037111138e-06,0.00013528681301977485,0.20672519999789074
29__F_Left_middle_finger.BMP,29,"M2 Modified Gabor (detail_clip=0.1, frequencies=0.07/0.085/0.105/0.125/0.15, gamma=0.5, orientation_bins=12, orientation_offset=1.5708, sigma_scale=0.55, strength=0.08)",M2 Modified Gabor,"{""detail_clip"": 0.1, ""frequencies"": [0.07, 0.085, 0.105, 0.125, 0.15], ""gamma"": 0.5, ""orientation_bins"": 12, ""orientation_offset"": 1.5707963267948966, ""sigma_scale"": 0.55, ""strength"": 0.08}",27.14871397879486,0.8713243151237965,0.0019280957712296085,27.153844053653557,0.8715228617451787,0.0019258195654865747,0.005130074858698208,0.0001985466213821896,-2.2762057430337785e-06,0.00019079291087109596,0.23889790000248468
29__F_Left_ring_finger.BMP,29,"M2 Modified Gabor (detail_clip=0.1, frequencies=0.07/0.085/0.105/0.125/0.15, gamma=0.5, orientation_bins=12, orientation_offset=1.5708, sigma_scale=0.55, strength=0.08)",M2 Modified Gabor,"{""detail_clip"": 0.1, ""frequencies"": [0.07, 0.085, 0.105, 0.125, 0.15], ""gamma"": 0.5, ""orientation_bins"": 12, ""orientation_offset"": 1.5707963267948966, ""sigma_scale"": 0.55, ""strength"": 0.08}",27.068069623154493,0.8852838855306506,0.0019642331563697636,27.075335622280154,0.8855862065676451,0.001960949627656811,0.007265999125660727,0.00030232103699445734,-3.2835287129525173e-06,0.00019550234719645232,0.3318141999989166
29__F_Left_thumb_finger.BMP,29,"M2 Modified Gabor (detail_clip=0.1, frequencies=0.07/0.085/0.105/0.125/0.15, gamma=0.5, orientation_bins=12, orientation_offset=1.5708, sigma_scale=0.55, strength=0.08)",M2 Modified Gabor,"{""detail_clip"": 0.1, ""frequencies"": [0.07, 0.085, 0.105, 0.125, 0.15], ""gamma"": 0.5, ""orientation_bins"": 12, ""orientation_offset"": 1.5707963267948966, ""sigma_scale"": 0.55, ""strength"": 0.08}",27.00724258759245,0.8884813020378352,0.0019919376539917696,27.008959299194064,0.8885737765091956,0.0019911504216292204,0.001716711601613241,9.247447136040421e-05,-7.872323625492637e-07,0.00011751445708796382,0.2722139999968931
29__F_Right_index_finger.BMP,29,"M2 Modified Gabor (detail_clip=0.1, frequencies=0.07/0.085/0.105/0.125/0.15, gamma=0.5, orientation_bins=12, orientation_offset=1.5708, sigma_scale=0.55, strength=0.08)",M2 Modified Gabor,"{""detail_clip"": 0.1, ""frequencies"": [0.07, 0.085, 0.105, 0.125, 0.15], ""gamma"": 0.5, ""orientation_bins"": 12, ""orientation_offset"": 1.5707963267948966, ""sigma_scale"": 0.55, ""strength"": 0.08}",27.13446795737326,0.8550214416386783,0.001934430826082868,27.13939306686324,0.8552072654795945,0.0019322383313915155,0.004925109489978041,0.0001858238409161439,-2.192494691352371e-06,0.00015977337898220867,0.1637166000000434
29__F_Right_little_finger.BMP,29,"M2 Modified Gabor (detail_clip=0.1, frequencies=0.07/0.085/0.105/0.125/0.15, gamma=0.5, orientation_bins=12, orientation_offset=1.5708, sigma_scale=0.55, strength=0.08)",M2 Modified Gabor,"{""detail_clip"": 0.1, ""frequencies"": [0.07, 0.085, 0.105, 0.125, 0.15], ""gamma"": 0.5, ""orientation_bins"": 12, ""orientation_offset"": 1.5707963267948966, ""sigma_scale"": 0.55, ""strength"": 0.08}",27.241294751244425,0.8476442870678902,0.0018874285708654986,27.246306183151678,0.8478460415024459,0.001885251876265574,0.005011431907252728,0.00020175443455572317,-2.1766945999244537e-06,0.0001418780884705484,0.28609249999863096
29__F_Right_middle_finger.BMP,29,"M2 Modified Gabor (detail_clip=0.1, frequencies=0.07/0.085/0.105/0.125/0.15, gamma=0.5, orientation_bins=12, orientation_offset=1.5708, sigma_scale=0.55, strength=0.08)",M2 Modified Gabor,"{""detail_clip"": 0.1, ""frequencies"": [0.07, 0.085, 0.105, 0.125, 0.15], ""gamma"": 0.5, ""orientation_bins"": 12, ""orientation_offset"": 1.5707963267948966, ""sigma_scale"": 0.55, ""strength"": 0.08}",27.250855791884682,0.83831398543185,0.0018832779466694744,27.25618431148944,0.8385413623879552,0.0018809687002508773,0.005328519604759663,0.00022737695610519637,-2.309246418597151e-06,0.00013012593262828887,0.2934120999998413
29__F_Right_ring_finger.BMP,29,"M2 Modified Gabor (detail_clip=0.1, frequencies=0.07/0.085/0.105/0.125/0.15, gamma=0.5, orientation_bins=12, orientation_offset=1.5708, sigma_scale=0.55, strength=0.08)",M2 Modified Gabor,"{""detail_clip"": 0.1, ""frequencies"": [0.07, 0.085, 0.105, 0.125, 0.15], ""gamma"": 0.5, ""orientation_bins"": 12, ""orientation_offset"": 1.5707963267948966, ""sigma_scale"": 0.55, ""strength"": 0.08}",26.977191599302174,0.8919698833798766,0.002005768654746689,26.981932454368046,0.8921854037383199,0.002003580307755851,0.004740855065872296,0.00021552035844329964,-2.1883469908377286e-06,0.00015499582514166832,0.24841230000311043
29__F_Right_thumb_finger.BMP,29,"M2 Modified Gabor (detail_clip=0.1, frequencies=0.07/0.085/0.105/0.125/0.15, gamma=0.5, orientation_bins=12, orientation_offset=1.5708, sigma_scale=0.55, strength=0.08)",M2 Modified Gabor,"{""detail_clip"": 0.1, ""frequencies"": [0.07, 0.085, 0.105, 0.125, 0.15], ""gamma"": 0.5, ""orientation_bins"": 12, ""orientation_offset"": 1.5707963267948966, ""sigma_scale"": 0.55, ""strength"": 0.08}",26.97520674425169,0.9095325257153511,0.0020066855602344016,26.977797304548105,0.9096446122744679,0.0020054889321321416,0.002590560296415134,0.00011208655911676413,-1.1966281022600563e-06,0.00012757304648403078,0.2723836000004667
236__M_Left_index_finger.BMP,236,"M2 Modified Gabor (detail_clip=0.1, frequencies=0.07/0.085/0.105/0.125/0.15, gamma=0.5, orientation_bins=12, orientation_offset=1.5708, sigma_scale=0.55, strength=0.08)",M2 Modified Gabor,"{""detail_clip"": 0.1, ""frequencies"": [0.07, 0.085, 0.105, 0.125, 0.15], ""gamma"": 0.5, ""orientation_bins"": 12, ""orientation_offset"": 1.5707963267948966, ""sigma_scale"": 0.55, ""strength"": 0.08}",27.230110186596267,0.8644258776392341,0.0018922956078444896,27.237483018072417,0.864729437295854,0.0018890858639029787,0.00737283147615031,0.0003035596566199894,-3.209743941510936e-06,0.0001920543727464974,0.4198051999992458
236__M_Left_little_finger.BMP,236,"M2 Modified Gabor (detail_clip=0.1, frequencies=0.07/0.085/0.105/0.125/0.15, gamma=0.5, orientation_bins=12, orientation_offset=1.5708, sigma_scale=0.55, strength=0.08)",M2 Modified Gabor,"{""detail_clip"": 0.1, ""frequencies"": [0.07, 0.085, 0.105, 0.125, 0.15], ""gamma"": 0.5, ""orientation_bins"": 12, ""orientation_offset"": 1.5707963267948966, ""sigma_scale"": 0.55, ""strength"": 0.08}",27.487337971316265,0.8122688657089174,0.001783471619891689,27.49709784295962,0.8126678552667499,0.0017794681359074747,0.00975987164335379,0.00039898955783246315,-4.003483984214287e-06,0.00015488732606172562,0.31767889999900945
236__M_Left_middle_finger.BMP,236,"M2 Modified Gabor (detail_clip=0.1, frequencies=0.07/0.085/0.105/0.125/0.15, gamma=0.5, orientation_bins=12, orientation_offset=1.5708, sigma_scale=0.55, strength=0.08)",M2 Modified Gabor,"{""detail_clip"": 0.1, ""frequencies"": [0.07, 0.085, 0.105, 0.125, 0.15], ""gamma"": 0.5, ""orientation_bins"": 12, ""orientation_offset"": 1.5707963267948966, ""sigma_scale"": 0.55, ""strength"": 0.08}",27.268425888389103,0.8386161139320135,0.0018756742278643796,27.274171189490474,0.8388505900737048,0.0018731945306124792,0.0057453011013706146,0.0002344761416912533,-2.4796972519004236e-06,0.0001294545509153977,0.31327349999628495
236__M_Left_ring_finger.BMP,236,"M2 Modified Gabor (detail_clip=0.1, frequencies=0.07/0.085/0.105/0.125/0.15, gamma=0.5, orientation_bins=12, orientation_offset=1.5708, sigma_scale=0.55, strength=0.08)",M2 Modified Gabor,"{""detail_clip"": 0.1, ""frequencies"": [0.07, 0.085, 0.105, 0.125, 0.15], ""gamma"": 0.5, ""orientation_bins"": 12, ""orientation_offset"": 1.5707963267948966, ""sigma_scale"": 0.55, ""strength"": 0.08}",27.080380833903757,0.8716979291836321,0.00195867290946392,27.089333873868704,0.8720626153460145,0.001954639237715739,0.008953039964946896,0.00036468616238238827,-4.033671748181027e-06,0.00019302783766761422,0.34102469999925233
236__M_Left_thumb_finger.BMP,236,"M2 Modified Gabor (detail_clip=0.1, frequencies=0.07/0.085/0.105/0.125/0.15, gamma=0.5, orientation_bins=12, orientation_offset=1.5708, sigma_scale=0.55, strength=0.08)",M2 Modified Gabor,"{""detail_clip"": 0.1, ""frequencies"": [0.07, 0.085, 0.105, 0.125, 0.15], ""gamma"": 0.5, ""orientation_bins"": 12, ""orientation_offset"": 1.5707963267948966, ""sigma_scale"": 0.55, ""strength"": 0.08}",27.252487499118946,0.8528684914248585,0.0018825705047901583,27.259362956453987,0.8531300834222436,0.0018795925040406597,0.006875457335041801,0.0002615919973850689,-2.9780007494986053e-06,0.00022624719713348895,0.27511609999783104
236__M_Right_index_finger.BMP,236,"M2 Modified Gabor (detail_clip=0.1, frequencies=0.07/0.085/0.105/0.125/0.15, gamma=0.5, orientation_bins=12, orientation_offset=1.5708, sigma_scale=0.55, strength=0.08)",M2 Modified Gabor,"{""detail_clip"": 0.1, ""frequencies"": [0.07, 0.085, 0.105, 0.125, 0.15], ""gamma"": 0.5, ""orientation_bins"": 12, ""orientation_offset"": 1.5707963267948966, ""sigma_scale"": 0.55, ""strength"": 0.08}",27.53921246464294,0.857044079580307,0.0017622955863351969,27.54733233664989,0.857287574222207,0.001759003754087186,0.008119872006950857,0.00024349464189998837,-3.2918322480108425e-06,0.0001850367261795327,0.23723600000084843
236__M_Right_little_finger.BMP,236,"M2 Modified Gabor (detail_clip=0.1, frequencies=0.07/0.085/0.105/0.125/0.15, gamma=0.5, orientation_bins=12, orientation_offset=1.5708, sigma_scale=0.55, strength=0.08)",M2 Modified Gabor,"{""detail_clip"": 0.1, ""frequencies"": [0.07, 0.085, 0.105, 0.125, 0.15], ""gamma"": 0.5, ""orientation_bins"": 12, ""orientation_offset"": 1.5707963267948966, ""sigma_scale"": 0.55, ""strength"": 0.08}",27.254971723082324,0.8556590841823817,0.0018814939565873446,27.260934277728786,0.855896249732256,0.0018789125715100476,0.005962554646462337,0.0002371655498742964,-2.58138507729707e-06,0.00015583756612613797,0.2901207000031718
236__M_Right_middle_finger.BMP,236,"M2 Modified Gabor (detail_clip=0.1, frequencies=0.07/0.085/0.105/0.125/0.15, gamma=0.5, orientation_bins=12, orientation_offset=1.5708, sigma_scale=0.55, strength=0.08)",M2 Modified Gabor,"{""detail_clip"": 0.1, ""frequencies"": [0.07, 0.085, 0.105, 0.125, 0.15], ""gamma"": 0.5, ""orientation_bins"": 12, ""orientation_offset"": 1.5707963267948966, ""sigma_scale"": 0.55, ""strength"": 0.08}",27.369746618381576,0.870484657946229,0.0018324213287117393,27.373820954804305,0.8706060843983292,0.0018307030476150754,0.004074336422728919,0.00012142645210022618,-1.718281096663903e-06,0.0001222774008056149,0.21190180000121472
236__M_Right_ring_finger.BMP,236,"M2 Modified Gabor (detail_clip=0.1, frequencies=0.07/0.085/0.105/0.125/0.15, gamma=0.5, orientation_bins=12, orientation_offset=1.5708, sigma_scale=0.55, strength=0.08)",M2 Modified Gabor,"{""detail_clip"": 0.1, ""frequencies"": [0.07, 0.085, 0.105, 0.125, 0.15], ""gamma"": 0.5, ""orientation_bins"": 12, ""orientation_offset"": 1.5707963267948966, ""sigma_scale"": 0.55, ""strength"": 0.08}",27.35531229242566,0.8474338980606199,0.001838521744710349,27.359892891915685,0.8476213010011018,0.0018365836376216112,0.004580599490026316,0.00018740294048191775,-1.9381070887377738e-06,0.00014027506404090673,0.19878699999389937
236__M_Right_thumb_finger.BMP,236,"M2 Modified Gabor (detail_clip=0.1, frequencies=0.07/0.085/0.105/0.125/0.15, gamma=0.5, orientation_bins=12, orientation_offset=1.5708, sigma_scale=0.55, strength=0.08)",M2 Modified Gabor,"{""detail_clip"": 0.1, ""frequencies"": [0.07, 0.085, 0.105, 0.125, 0.15], ""gamma"": 0.5, ""orientation_bins"": 12, ""orientation_offset"": 1.5707963267948966, ""sigma_scale"": 0.55, ""strength"": 0.08}",27.43324241478733,0.8936245013394952,0.0018058254049184786,27.439400244468843,0.8938489682503938,0.0018032667526659129,0.006157829681512794,0.00022446691089861304,-2.5586522525657043e-06,0.00022311498469207436,0.2055571000018972
71__M_Left_index_finger.BMP,71,"M2 Modified Gabor (detail_clip=0.1, frequencies=0.07/0.085/0.105/0.125/0.15, gamma=0.5, orientation_bins=12, orientation_offset=1.5708, sigma_scale=0.55, strength=0.08)",M2 Modified Gabor,"{""detail_clip"": 0.1, ""frequencies"": [0.07, 0.085, 0.105, 0.125, 0.15], ""gamma"": 0.5, ""orientation_bins"": 12, ""orientation_offset"": 1.5707963267948966, ""sigma_scale"": 0.55, ""strength"": 0.08}",27.400723074409225,0.852191063885957,0.0018193979144903785,27.411498216399394,0.8525997904251814,0.0018148894595097567,0.010775141990169601,0.00040872653922441327,-4.508454980621827e-06,0.00020371345453895628,0.32509959999879356
71__M_Left_little_finger.BMP,71,"M2 Modified Gabor (detail_clip=0.1, frequencies=0.07/0.085/0.105/0.125/0.15, gamma=0.5, orientation_bins=12, orientation_offset=1.5708, sigma_scale=0.55, strength=0.08)",M2 Modified Gabor,"{""detail_clip"": 0.1, ""frequencies"": [0.07, 0.085, 0.105, 0.125, 0.15], ""gamma"": 0.5, ""orientation_bins"": 12, ""orientation_offset"": 1.5707963267948966, ""sigma_scale"": 0.55, ""strength"": 0.08}",27.71066654139068,0.7914544510637522,0.0016940777788120003,27.717420819900887,0.7917095993497968,0.001691445145762418,0.006754278510207712,0.00025514828604455975,-2.6326330495823978e-06,0.00013231295451987535,0.19012820000352804
71__M_Left_middle_finger.BMP,71,"M2 Modified Gabor (detail_clip=0.1, frequencies=0.07/0.085/0.105/0.125/0.15, gamma=0.5, orientation_bins=12, orientation_offset=1.5708, sigma_scale=0.55, strength=0.08)",M2 Modified Gabor,"{""detail_clip"": 0.1, ""frequencies"": [0.07, 0.085, 0.105, 0.125, 0.15], ""gamma"": 0.5, ""orientation_bins"": 12, ""orientation_offset"": 1.5707963267948966, ""sigma_scale"": 0.55, ""strength"": 0.08}",27.324002819836846,0.8594442137144804,0.0018518240412643122,27.33164017469706,0.8597234300860762,0.0018485703483243385,0.007637354860214884,0.0002792163715957807,-3.2536929399737836e-06,0.00018485687905922532,0.2438040999986697
71__M_Left_ring_finger.BMP,71,"M2 Modified Gabor (detail_clip=0.1, frequencies=0.07/0.085/0.105/0.125/0.15, gamma=0.5, orientation_bins=12, orientation_offset=1.5708, sigma_scale=0.55, strength=0.08)",M2 Modified Gabor,"{""detail_clip"": 0.1, ""frequencies"": [0.07, 0.085, 0.105, 0.125, 0.15], ""gamma"": 0.5, ""orientation_bins"": 12, ""orientation_offset"": 1.5707963267948966, ""sigma_scale"": 0.55, ""strength"": 0.08}",27.206743096008278,0.8708310496015549,0.0019025044899998523,27.213149123525866,0.8710631814186574,0.001899700283982006,0.006406027517588342,0.00023213181710246555,-2.80420601784636e-06,0.00016424115165136755,0.20935710000048857
71__M_Left_thumb_finger.BMP,71,"M2 Modified Gabor (detail_clip=0.1, frequencies=0.07/0.085/0.105/0.125/0.15, gamma=0.5, orientation_bins=12, orientation_offset=1.5708, sigma_scale=0.55, strength=0.08)",M2 Modified Gabor,"{""detail_clip"": 0.1, ""frequencies"": [0.07, 0.085, 0.105, 0.125, 0.15], ""gamma"": 0.5, ""orientation_bins"": 12, ""orientation_offset"": 1.5707963267948966, ""sigma_scale"": 0.55, ""strength"": 0.08}",27.216405175825415,0.8884816764104366,0.0018982765483447198,27.223808976238473,0.8887285162906646,0.0018950431460924596,0.007403800413058548,0.0002468398802280003,-3.233402252260202e-06,0.00020801922073587775,0.21797800000058487
71__M_Right_index_finger.BMP,71,"M2 Modified Gabor (detail_clip=0.1, frequencies=0.07/0.085/0.105/0.125/0.15, gamma=0.5, orientation_bins=12, orientation_offset=1.5708, sigma_scale=0.55, strength=0.08)",M2 Modified Gabor,"{""detail_clip"": 0.1, ""frequencies"": [0.07, 0.085, 0.105, 0.125, 0.15], ""gamma"": 0.5, ""orientation_bins"": 12, ""orientation_offset"": 1.5707963267948966, ""sigma_scale"": 0.55, ""strength"": 0.08}",27.699973363822046,0.8149432333825231,0.0016982540681729117,27.706091077218126,0.8151619320451021,0.0016958634972665757,0.006117713396079694,0.00021869866257906434,-2.3905709063359957e-06,0.0001555248600197956,0.26559419999830425
71__M_Right_little_finger.BMP,71,"M2 Modified Gabor (detail_clip=0.1, frequencies=0.07/0.085/0.105/0.125/0.15, gamma=0.5, orientation_bins=12, orientation_offset=1.5708, sigma_scale=0.55, strength=0.08)",M2 Modified Gabor,"{""detail_clip"": 0.1, ""frequencies"": [0.07, 0.085, 0.105, 0.125, 0.15], ""gamma"": 0.5, ""orientation_bins"": 12, ""orientation_offset"": 1.5707963267948966, ""sigma_scale"": 0.55, ""strength"": 0.08}",27.569618878214843,0.8136471458607912,0.0017500002558434424,27.582372032658242,0.8141170286836624,0.0017448688789017802,0.012753154443398529,0.00046988282287119265,-5.131376941662144e-06,0.00022510896087624133,0.24364109999442007
71__M_Right_middle_finger.BMP,71,"M2 Modified Gabor (detail_clip=0.1, frequencies=0.07/0.085/0.105/0.125/0.15, gamma=0.5, orientation_bins=12, orientation_offset=1.5708, sigma_scale=0.55, strength=0.08)",M2 Modified Gabor,"{""detail_clip"": 0.1, ""frequencies"": [0.07, 0.085, 0.105, 0.125, 0.15], ""gamma"": 0.5, ""orientation_bins"": 12, ""orientation_offset"": 1.5707963267948966, ""sigma_scale"": 0.55, ""strength"": 0.08}",27.378813624145167,0.8729499959701598,0.0018285996722272328,27.38610780682051,0.8731987892442346,0.0018255310296696784,0.0072941826753449845,0.0002487932740747878,-3.0686425575544244e-06,0.00019718054682016373,0.20422630000393838
71__M_Right_ring_finger.BMP,71,"M2 Modified Gabor (detail_clip=0.1, frequencies=0.07/0.085/0.105/0.125/0.15, gamma=0.5, orientation_bins=12, orientation_offset=1.5708, sigma_scale=0.55, strength=0.08)",M2 Modified Gabor,"{""detail_clip"": 0.1, ""frequencies"": [0.07, 0.085, 0.105, 0.125, 0.15], ""gamma"": 0.5, ""orientation_bins"": 12, ""orientation_offset"": 1.5707963267948966, ""sigma_scale"": 0.55, ""strength"": 0.08}",27.672722631596756,0.8099496431675554,0.0017089436269009956,27.682525937979822,0.8102884003512263,0.001705090388069485,0.009803306383066257,0.00033875718367093466,-3.8532388315106175e-06,0.00016959221102297306,0.1913570999968215
71__M_Right_thumb_finger.BMP,71,"M2 Modified Gabor (detail_clip=0.1, frequencies=0.07/0.085/0.105/0.125/0.15, gamma=0.5, orientation_bins=12, orientation_offset=1.5708, sigma_scale=0.55, strength=0.08)",M2 Modified Gabor,"{""detail_clip"": 0.1, ""frequencies"": [0.07, 0.085, 0.105, 0.125, 0.15], ""gamma"": 0.5, ""orientation_bins"": 12, ""orientation_offset"": 1.5707963267948966, ""sigma_scale"": 0.55, ""strength"": 0.08}",27.40409092316142,0.8698846017852724,0.0018179875622943683,27.410303757808173,0.8700579358272255,0.0018153886849283948,0.0062128346467531514,0.0001733340419530771,-2.598877365973416e-06,0.00016936515748966485,0.2358142000011867
470__F_Left_index_finger.BMP,470,"M2 Modified Gabor (detail_clip=0.1, frequencies=0.07/0.085/0.105/0.125/0.15, gamma=0.5, orientation_bins=12, orientation_offset=1.5708, sigma_scale=0.55, strength=0.08)",M2 Modified Gabor,"{""detail_clip"": 0.1, ""frequencies"": [0.07, 0.085, 0.105, 0.125, 0.15], ""gamma"": 0.5, ""orientation_bins"": 12, ""orientation_offset"": 1.5707963267948966, ""sigma_scale"": 0.55, ""strength"": 0.08}",28.133949643174056,0.7459431124183834,0.0015367564184578272,28.148497179529336,0.7463855988906026,0.001531617366580362,0.0145475363552805,0.0004424864722192279,-5.139051877465139e-06,0.00019487296231091022,0.4099454000024707
470__F_Left_little_finger.BMP,470,"M2 Modified Gabor (detail_clip=0.1, frequencies=0.07/0.085/0.105/0.125/0.15, gamma=0.5, orientation_bins=12, orientation_offset=1.5708, sigma_scale=0.55, strength=0.08)",M2 Modified Gabor,"{""detail_clip"": 0.1, ""frequencies"": [0.07, 0.085, 0.105, 0.125, 0.15], ""gamma"": 0.5, ""orientation_bins"": 12, ""orientation_offset"": 1.5707963267948966, ""sigma_scale"": 0.55, ""strength"": 0.08}",28.327626771703812,0.7130688598952889,0.0014697292005971575,28.34116191903776,0.7134771962371766,0.0014651557981745834,0.013535147333946895,0.0004083363418877495,-4.573402422574117e-06,0.00016098236665129662,0.20187660000374308
470__F_Left_middle_finger.BMP,470,"M2 Modified Gabor (detail_clip=0.1, frequencies=0.07/0.085/0.105/0.125/0.15, gamma=0.5, orientation_bins=12, orientation_offset=1.5708, sigma_scale=0.55, strength=0.08)",M2 Modified Gabor,"{""detail_clip"": 0.1, ""frequencies"": [0.07, 0.085, 0.105, 0.125, 0.15], ""gamma"": 0.5, ""orientation_bins"": 12, ""orientation_offset"": 1.5707963267948966, ""sigma_scale"": 0.55, ""strength"": 0.08}",28.16470653625059,0.7449561038237215,0.001525911501017648,28.180546123920735,0.7455192545789481,0.0015203563333890788,0.015839587670143374,0.0005631507552266157,-5.555167628569198e-06,0.0002074104850180447,0.1538310999967507
470__F_Left_ring_finger.BMP,470,"M2 Modified Gabor (detail_clip=0.1, frequencies=0.07/0.085/0.105/0.125/0.15, gamma=0.5, orientation_bins=12, orientation_offset=1.5708, sigma_scale=0.55, strength=0.08)",M2 Modified Gabor,"{""detail_clip"": 0.1, ""frequencies"": [0.07, 0.085, 0.105, 0.125, 0.15], ""gamma"": 0.5, ""orientation_bins"": 12, ""orientation_offset"": 1.5707963267948966, ""sigma_scale"": 0.55, ""strength"": 0.08}",28.377701313850427,0.7209687273773551,0.0014528804121575277,28.395182871108602,0.7214551597360372,0.0014470439202237293,0.017481557258175684,0.00048643235868217616,-5.836491933798333e-06,0.0001931666920427233,0.2168182999957935
470__F_Left_thumb_finger.BMP,470,"M2 Modified Gabor (detail_clip=0.1, frequencies=0.07/0.085/0.105/0.125/0.15, gamma=0.5, orientation_bins=12, orientation_offset=1.5708, sigma_scale=0.55, strength=0.08)",M2 Modified Gabor,"{""detail_clip"": 0.1, ""frequencies"": [0.07, 0.085, 0.105, 0.125, 0.15], ""gamma"": 0.5, ""orientation_bins"": 12, ""orientation_offset"": 1.5707963267948966, ""sigma_scale"": 0.55, ""strength"": 0.08}",27.507522688430683,0.8424409932396412,0.0017752018064236539,27.51848152366716,0.8427980556122064,0.001770727971135346,0.010958835236476006,0.0003570623725652755,-4.473835288307986e-06,0.0002578053972683847,0.2310113999992609
470__F_Right_index_finger.BMP,470,"M2 Modified Gabor (detail_clip=0.1, frequencies=0.07/0.085/0.105/0.125/0.15, gamma=0.5, orientation_bins=12, orientation_offset=1.5708, sigma_scale=0.55, strength=0.08)",M2 Modified Gabor,"{""detail_clip"": 0.1, ""frequencies"": [0.07, 0.085, 0.105, 0.125, 0.15], ""gamma"": 0.5, ""orientation_bins"": 12, ""orientation_offset"": 1.5707963267948966, ""sigma_scale"": 0.55, ""strength"": 0.08}",28.214565289387025,0.7059878581789732,0.0015084935968839085,28.22756384741686,0.7064059939782024,0.0015039853823859898,0.012998558029835294,0.0004181357992291135,-4.508214497918632e-06,0.0001873324508778751,0.20407529999647522
470__F_Right_little_finger.BMP,470,"M2 Modified Gabor (detail_clip=0.1, frequencies=0.07/0.085/0.105/0.125/0.15, gamma=0.5, orientation_bins=12, orientation_offset=1.5708, sigma_scale=0.55, strength=0.08)",M2 Modified Gabor,"{""detail_clip"": 0.1, ""frequencies"": [0.07, 0.085, 0.105, 0.125, 0.15], ""gamma"": 0.5, ""orientation_bins"": 12, ""orientation_offset"": 1.5707963267948966, ""sigma_scale"": 0.55, ""strength"": 0.08}",28.225990208025095,0.7106608752552271,0.0015045304409989717,28.244077011043224,0.711173921867311,0.0014982776422566987,0.018086803018128705,0.0005130466120838451,-6.252798742273054e-06,0.00019887708185706288,0.26658470000256784
470__F_Right_middle_finger.BMP,470,"M2 Modified Gabor (detail_clip=0.1, frequencies=0.07/0.085/0.105/0.125/0.15, gamma=0.5, orientation_bins=12, orientation_offset=1.5708, sigma_scale=0.55, strength=0.08)",M2 Modified Gabor,"{""detail_clip"": 0.1, ""frequencies"": [0.07, 0.085, 0.105, 0.125, 0.15], ""gamma"": 0.5, ""orientation_bins"": 12, ""orientation_offset"": 1.5707963267948966, ""sigma_scale"": 0.55, ""strength"": 0.08}",27.99238090038815,0.7877955089430213,0.0015876761100837291,28.010046097807656,0.7883092171326279,0.001581231255340548,0.01766519741950745,0.0005137081896066098,-6.444854743181162e-06,0.00023898764629848301,0.3906312000035541
470__F_Right_ring_finger.BMP,470,"M2 Modified Gabor (detail_clip=0.1, frequencies=0.07/0.085/0.105/0.125/0.15, gamma=0.5, orientation_bins=12, orientation_offset=1.5708, sigma_scale=0.55, strength=0.08)",M2 Modified Gabor,"{""detail_clip"": 0.1, ""frequencies"": [0.07, 0.085, 0.105, 0.125, 0.15], ""gamma"": 0.5, ""orientation_bins"": 12, ""orientation_offset"": 1.5707963267948966, ""sigma_scale"": 0.55, ""strength"": 0.08}",28.175147109810183,0.749459243629396,0.0015222475684804621,28.19059651827876,0.7499461533116698,0.0015168420097284253,0.015449408468576564,0.00048690968227382836,-5.4055587520368195e-06,0.0002194799017161131,0.3213624999989406
470__F_Right_thumb_finger.BMP,470,"M2 Modified Gabor (detail_clip=0.1, frequencies=0.07/0.085/0.105/0.125/0.15, gamma=0.5, orientation_bins=12, orientation_offset=1.5708, sigma_scale=0.55, strength=0.08)",M2 Modified Gabor,"{""detail_clip"": 0.1, ""frequencies"": [0.07, 0.085, 0.105, 0.125, 0.15], ""gamma"": 0.5, ""orientation_bins"": 12, ""orientation_offset"": 1.5707963267948966, ""sigma_scale"": 0.55, ""strength"": 0.08}",27.378970878121308,0.9028311878447532,0.001828533461539503,27.38607285563763,0.9030035631986857,0.0018255457212506855,0.007101977516320801,0.0001723753539324413,-2.987740288817528e-06,0.00023221451556310058,0.24638830000185408
503__M_Left_index_finger.BMP,503,"M2 Modified Gabor (detail_clip=0.1, frequencies=0.07/0.085/0.105/0.125/0.15, gamma=0.5, orientation_bins=12, orientation_offset=1.5708, sigma_scale=0.55, strength=0.08)",M2 Modified Gabor,"{""detail_clip"": 0.1, ""frequencies"": [0.07, 0.085, 0.105, 0.125, 0.15], ""gamma"": 0.5, ""orientation_bins"": 12, ""orientation_offset"": 1.5707963267948966, ""sigma_scale"": 0.55, ""strength"": 0.08}",27.558826483469133,0.8253404413299561,0.0017543544857281078,27.569252770248998,0.8257010370447636,0.0017501477861635896,0.010426286779864569,0.00036059571480751007,-4.206699564518164e-06,0.0002015861973632127,0.2222572999962722
503__M_Left_little_finger.BMP,503,"M2 Modified Gabor (detail_clip=0.1, frequencies=0.07/0.085/0.105/0.125/0.15, gamma=0.5, orientation_bins=12, orientation_offset=1.5708, sigma_scale=0.55, strength=0.08)",M2 Modified Gabor,"{""detail_clip"": 0.1, ""frequencies"": [0.07, 0.085, 0.105, 0.125, 0.15], ""gamma"": 0.5, ""orientation_bins"": 12, ""orientation_offset"": 1.5707963267948966, ""sigma_scale"": 0.55, ""strength"": 0.08}",27.795892542403124,0.7767085953725874,0.0016611572491486452,27.807422080642766,0.7771270403360725,0.0016567531001926736,0.011529538239642534,0.0004184449634850873,-4.404148955971642e-06,0.00019393967522773892,0.20694430000003194
503__M_Left_middle_finger.BMP,503,"M2 Modified Gabor (detail_clip=0.1, frequencies=0.07/0.085/0.105/0.125/0.15, gamma=0.5, orientation_bins=12, orientation_offset=1.5708, sigma_scale=0.55, strength=0.08)",M2 Modified Gabor,"{""detail_clip"": 0.1, ""frequencies"": [0.07, 0.085, 0.105, 0.125, 0.15], ""gamma"": 0.5, ""orientation_bins"": 12, ""orientation_offset"": 1.5707963267948966, ""sigma_scale"": 0.55, ""strength"": 0.08}",27.554136114835103,0.8208168461535275,0.0017562502073207595,27.563882538771143,0.8212004006044865,0.001752313255093179,0.00974642393603986,0.00038355445095905605,-3.936952227580597e-06,0.00019111065194010735,0.22165220000169938
503__M_Left_ring_finger.BMP,503,"M2 Modified Gabor (detail_clip=0.1, frequencies=0.07/0.085/0.105/0.125/0.15, gamma=0.5, orientation_bins=12, orientation_offset=1.5708, sigma_scale=0.55, strength=0.08)",M2 Modified Gabor,"{""detail_clip"": 0.1, ""frequencies"": [0.07, 0.085, 0.105, 0.125, 0.15], ""gamma"": 0.5, ""orientation_bins"": 12, ""orientation_offset"": 1.5707963267948966, ""sigma_scale"": 0.55, ""strength"": 0.08}",27.62301142125986,0.8177495028933287,0.0017286173110234886,27.631810128702206,0.8180754007607103,0.001725118716893848,0.008798707442345233,0.0003258978673815749,-3.498594129640667e-06,0.00017577281687408686,0.27170879999903264
503__M_Left_thumb_finger.BMP,503,"M2 Modified Gabor (detail_clip=0.1, frequencies=0.07/0.085/0.105/0.125/0.15, gamma=0.5, orientation_bins=12, orientation_offset=1.5708, sigma_scale=0.55, strength=0.08)",M2 Modified Gabor,"{""detail_clip"": 0.1, ""frequencies"": [0.07, 0.085, 0.105, 0.125, 0.15], ""gamma"": 0.5, ""orientation_bins"": 12, ""orientation_offset"": 1.5707963267948966, ""sigma_scale"": 0.55, ""strength"": 0.08}",27.846020264971038,0.7823283968015909,0.0016420938459679472,27.85523812505491,0.7826309014379979,0.001638612213189172,0.009217860083872154,0.0003025046364069084,-3.4816327787751816e-06,0.000193315208889544,0.2172945999991498
503__M_Right_index_finger.BMP,503,"M2 Modified Gabor (detail_clip=0.1, frequencies=0.07/0.085/0.105/0.125/0.15, gamma=0.5, orientation_bins=12, orientation_offset=1.5708, sigma_scale=0.55, strength=0.08)",M2 Modified Gabor,"{""detail_clip"": 0.1, ""frequencies"": [0.07, 0.085, 0.105, 0.125, 0.15], ""gamma"": 0.5, ""orientation_bins"": 12, ""orientation_offset"": 1.5707963267948966, ""sigma_scale"": 0.55, ""strength"": 0.08}",27.79343889482849,0.8155751483942568,0.0016620960236962943,27.805635124701755,0.8159521082266569,0.0016574349310879927,0.012196229873264741,0.0003769598324000478,-4.661092608301658e-06,0.0002053796488326043,0.20647489999828395
503__M_Right_little_finger.BMP,503,"M2 Modified Gabor (detail_clip=0.1, frequencies=0.07/0.085/0.105/0.125/0.15, gamma=0.5, orientation_bins=12, orientation_offset=1.5708, sigma_scale=0.55, strength=0.08)",M2 Modified Gabor,"{""detail_clip"": 0.1, ""frequencies"": [0.07, 0.085, 0.105, 0.125, 0.15], ""gamma"": 0.5, ""orientation_bins"": 12, ""orientation_offset"": 1.5707963267948966, ""sigma_scale"": 0.55, ""strength"": 0.08}",27.991153400585176,0.7409707042609454,0.0015881249178941682,27.99960114476019,0.7412686811714172,0.001585038755439581,0.00844774417501526,0.00029797691047184216,-3.0861624545871266e-06,0.00016006859368644655,0.21976050000375835
503__M_Right_middle_finger.BMP,503,"M2 Modified Gabor (detail_clip=0.1, frequencies=0.07/0.085/0.105/0.125/0.15, gamma=0.5, orientation_bins=12, orientation_offset=1.5708, sigma_scale=0.55, strength=0.08)",M2 Modified Gabor,"{""detail_clip"": 0.1, ""frequencies"": [0.07, 0.085, 0.105, 0.125, 0.15], ""gamma"": 0.5, ""orientation_bins"": 12, ""orientation_offset"": 1.5707963267948966, ""sigma_scale"": 0.55, ""strength"": 0.08}",27.683429520839404,0.7966362979086637,0.0017047356678858785,27.689955926032205,0.7968860580448508,0.0017021757826784327,0.006526405192801121,0.0002497601361870494,-2.559885207445824e-06,0.00015699371579103172,0.20869940000557108
503__M_Right_ring_finger.BMP,503,"M2 Modified Gabor (detail_clip=0.1, frequencies=0.07/0.085/0.105/0.125/0.15, gamma=0.5, orientation_bins=12, orientation_offset=1.5708, sigma_scale=0.55, strength=0.08)",M2 Modified Gabor,"{""detail_clip"": 0.1, ""frequencies"": [0.07, 0.085, 0.105, 0.125, 0.15], ""gamma"": 0.5, ""orientation_bins"": 12, ""orientation_offset"": 1.5707963267948966, ""sigma_scale"": 0.55, ""strength"": 0.08}",27.555357865597834,0.8240069340211749,0.0017557562111187638,27.563570531535618,0.8242920043178201,0.001752439149866675,0.00821266593778347,0.0002850702966452623,-3.3170612520887644e-06,0.00019671753398142755,0.19884019999881275
503__M_Right_thumb_finger.BMP,503,"M2 Modified Gabor (detail_clip=0.1, frequencies=0.07/0.085/0.105/0.125/0.15, gamma=0.5, orientation_bins=12, orientation_offset=1.5708, sigma_scale=0.55, strength=0.08)",M2 Modified Gabor,"{""detail_clip"": 0.1, ""frequencies"": [0.07, 0.085, 0.105, 0.125, 0.15], ""gamma"": 0.5, ""orientation_bins"": 12, ""orientation_offset"": 1.5707963267948966, ""sigma_scale"": 0.55, ""strength"": 0.08}",27.817514338954645,0.7458579296948016,0.0016529075602801694,27.822567994608526,0.7460296245264113,0.0016509852776434007,0.005053655653881606,0.00017169483160972554,-1.9222826367687115e-06,0.00012325872376095504,0.14047980000032112
506__M_Left_index_finger.BMP,506,"M2 Modified Gabor (detail_clip=0.1, frequencies=0.07/0.085/0.105/0.125/0.15, gamma=0.5, orientation_bins=12, orientation_offset=1.5708, sigma_scale=0.55, strength=0.08)",M2 Modified Gabor,"{""detail_clip"": 0.1, ""frequencies"": [0.07, 0.085, 0.105, 0.125, 0.15], ""gamma"": 0.5, ""orientation_bins"": 12, ""orientation_offset"": 1.5707963267948966, ""sigma_scale"": 0.55, ""strength"": 0.08}",27.643579359755208,0.8132179812993109,0.001720450033361916,27.65451807857847,0.8135307746241093,0.0017161221316360515,0.010938718823261695,0.0003127933247983883,-4.327901725864483e-06,0.00022471390548162162,0.2928073000002769
506__M_Left_little_finger.BMP,506,"M2 Modified Gabor (detail_clip=0.1, frequencies=0.07/0.085/0.105/0.125/0.15, gamma=0.5, orientation_bins=12, orientation_offset=1.5708, sigma_scale=0.55, strength=0.08)",M2 Modified Gabor,"{""detail_clip"": 0.1, ""frequencies"": [0.07, 0.085, 0.105, 0.125, 0.15], ""gamma"": 0.5, ""orientation_bins"": 12, ""orientation_offset"": 1.5707963267948966, ""sigma_scale"": 0.55, ""strength"": 0.08}",27.710191280563457,0.80468445682019,0.0016942631767149123,27.72543572988006,0.8052085740200281,0.001688326460329674,0.015244449316604403,0.0005241171998381366,-5.936716385238246e-06,0.0002508802863303572,0.21040769999672193
506__M_Left_middle_finger.BMP,506,"M2 Modified Gabor (detail_clip=0.1, frequencies=0.07/0.085/0.105/0.125/0.15, gamma=0.5, orientation_bins=12, orientation_offset=1.5708, sigma_scale=0.55, strength=0.08)",M2 Modified Gabor,"{""detail_clip"": 0.1, ""frequencies"": [0.07, 0.085, 0.105, 0.125, 0.15], ""gamma"": 0.5, ""orientation_bins"": 12, ""orientation_offset"": 1.5707963267948966, ""sigma_scale"": 0.55, ""strength"": 0.08}",27.570809542457887,0.8419147579144239,0.0017495205405318789,27.58343586151181,0.8423036187406778,0.001744441515763054,0.012626319053921975,0.0003888608262538895,-5.079024768824859e-06,0.0002431074681226164,0.29499159999977564
506__M_Left_ring_finger.BMP,506,"M2 Modified Gabor (detail_clip=0.1, frequencies=0.07/0.085/0.105/0.125/0.15, gamma=0.5, orientation_bins=12, orientation_offset=1.5708, sigma_scale=0.55, strength=0.08)",M2 Modified Gabor,"{""detail_clip"": 0.1, ""frequencies"": [0.07, 0.085, 0.105, 0.125, 0.15], ""gamma"": 0.5, ""orientation_bins"": 12, ""orientation_offset"": 1.5707963267948966, ""sigma_scale"": 0.55, ""strength"": 0.08}",27.694589395511755,0.8118410489529371,0.0017003607069476518,27.70695375697837,0.8122754411199092,0.0016955266654894322,0.012364361466612905,0.000434392166972164,-4.834041458219671e-06,0.0001964606490219012,0.33998260000225855
506__M_Left_thumb_finger.BMP,506,"M2 Modified Gabor (detail_clip=0.1, frequencies=0.07/0.085/0.105/0.125/0.15, gamma=0.5, orientation_bins=12, orientation_offset=1.5708, sigma_scale=0.55, strength=0.08)",M2 Modified Gabor,"{""detail_clip"": 0.1, ""frequencies"": [0.07, 0.085, 0.105, 0.125, 0.15], ""gamma"": 0.5, ""orientation_bins"": 12, ""orientation_offset"": 1.5707963267948966, ""sigma_scale"": 0.55, ""strength"": 0.08}",27.534055045008536,0.8642787358059884,0.0017643896255386013,27.54340048290704,0.8645843905732036,0.0017605969765361767,0.00934543789850295,0.00030565476721522433,-3.7926490024245765e-06,0.0002047309826593846,0.38043560000369325
506__M_Right_index_finger.BMP,506,"M2 Modified Gabor (detail_clip=0.1, frequencies=0.07/0.085/0.105/0.125/0.15, gamma=0.5, orientation_bins=12, orientation_offset=1.5708, sigma_scale=0.55, strength=0.08)",M2 Modified Gabor,"{""detail_clip"": 0.1, ""frequencies"": [0.07, 0.085, 0.105, 0.125, 0.15], ""gamma"": 0.5, ""orientation_bins"": 12, ""orientation_offset"": 1.5707963267948966, ""sigma_scale"": 0.55, ""strength"": 0.08}",27.299857493641092,0.8645324024113417,0.001862148238892479,27.307571226215416,0.8648168178530335,0.0018588437150619578,0.007713732574323728,0.0002844154416918876,-3.304523830521258e-06,0.00022040988551452756,0.2986097000029986
506__M_Right_little_finger.BMP,506,"M2 Modified Gabor (detail_clip=0.1, frequencies=0.07/0.085/0.105/0.125/0.15, gamma=0.5, orientation_bins=12, orientation_offset=1.5708, sigma_scale=0.55, strength=0.08)",M2 Modified Gabor,"{""detail_clip"": 0.1, ""frequencies"": [0.07, 0.085, 0.105, 0.125, 0.15], ""gamma"": 0.5, ""orientation_bins"": 12, ""orientation_offset"": 1.5707963267948966, ""sigma_scale"": 0.55, ""strength"": 0.08}",27.85389854846535,0.7702839099378586,0.0016391177192953534,27.867209423598986,0.7707323126051426,0.0016341016090897706,0.013310875133637268,0.00044840266728407574,-5.016110205582772e-06,0.00023013452300801873,0.26271290000295267
506__M_Right_middle_finger.BMP,506,"M2 Modified Gabor (detail_clip=0.1, frequencies=0.07/0.085/0.105/0.125/0.15, gamma=0.5, orientation_bins=12, orientation_offset=1.5708, sigma_scale=0.55, strength=0.08)",M2 Modified Gabor,"{""detail_clip"": 0.1, ""frequencies"": [0.07, 0.085, 0.105, 0.125, 0.15], ""gamma"": 0.5, ""orientation_bins"": 12, ""orientation_offset"": 1.5707963267948966, ""sigma_scale"": 0.55, ""strength"": 0.08}",27.119787705399837,0.8907959406009912,0.0019409807555337767,27.126287293779473,0.8910223741964698,0.0019380780844079862,0.0064995883796363785,0.00022643359547858122,-2.902671125790514e-06,0.00022831634851172566,0.25118769999971846
506__M_Right_ring_finger.BMP,506,"M2 Modified Gabor (detail_clip=0.1, frequencies=0.07/0.085/0.105/0.125/0.15, gamma=0.5, orientation_bins=12, orientation_offset=1.5708, sigma_scale=0.55, strength=0.08)",M2 Modified Gabor,"{""detail_clip"": 0.1, ""frequencies"": [0.07, 0.085, 0.105, 0.125, 0.15], ""gamma"": 0.5, ""orientation_bins"": 12, ""orientation_offset"": 1.5707963267948966, ""sigma_scale"": 0.55, ""strength"": 0.08}",27.36860944686921,0.8716563114051818,0.0018329011989969962,27.375122014397313,0.8718793985322714,0.001830154687661406,0.006512567528101698,0.00022308712708951628,-2.7465113355902744e-06,0.00022198312217369676,0.3120903000017279
506__M_Right_thumb_finger.BMP,506,"M2 Modified Gabor (detail_clip=0.1, frequencies=0.07/0.085/0.105/0.125/0.15, gamma=0.5, orientation_bins=12, orientation_offset=1.5708, sigma_scale=0.55, strength=0.08)",M2 Modified Gabor,"{""detail_clip"": 0.1, ""frequencies"": [0.07, 0.085, 0.105, 0.125, 0.15], ""gamma"": 0.5, ""orientation_bins"": 12, ""orientation_offset"": 1.5707963267948966, ""sigma_scale"": 0.55, ""strength"": 0.08}",27.373150894179908,0.8726340962157846,0.0018309855233806663,27.382628125538567,0.8729621411315799,0.0018269942791235053,0.009477231358658855,0.00032804491579530026,-3.991244257161002e-06,0.00025381636805832386,0.2298201000012341
196__M_Left_index_finger.BMP,196,"M2 Modified Gabor (detail_clip=0.1, frequencies=0.07/0.085/0.105/0.125/0.15, gamma=0.5, orientation_bins=12, orientation_offset=1.5708, sigma_scale=0.55, strength=0.08)",M2 Modified Gabor,"{""detail_clip"": 0.1, ""frequencies"": [0.07, 0.085, 0.105, 0.125, 0.15], ""gamma"": 0.5, ""orientation_bins"": 12, ""orientation_offset"": 1.5707963267948966, ""sigma_scale"": 0.55, ""strength"": 0.08}",27.225188033807047,0.8788863218829036,0.0018944414901145012,27.232156879403306,0.8791639486660957,0.001891404038755997,0.006968845596258433,0.00027762678319209755,-3.0374513585041795e-06,0.00017294965800829232,0.2279534000044805
196__M_Left_little_finger.BMP,196,"M2 Modified Gabor (detail_clip=0.1, frequencies=0.07/0.085/0.105/0.125/0.15, gamma=0.5, orientation_bins=12, orientation_offset=1.5708, sigma_scale=0.55, strength=0.08)",M2 Modified Gabor,"{""detail_clip"": 0.1, ""frequencies"": [0.07, 0.085, 0.105, 0.125, 0.15], ""gamma"": 0.5, ""orientation_bins"": 12, ""orientation_offset"": 1.5707963267948966, ""sigma_scale"": 0.55, ""strength"": 0.08}",27.35312935031732,0.80335026320225,0.0018394460933991352,27.362236071938995,0.803743576320231,0.0018355929998068678,0.009106721621673586,0.0003933131179809646,-3.853093592267459e-06,0.0001622415438760072,0.15216520000103628
196__M_Left_middle_finger.BMP,196,"M2 Modified Gabor (detail_clip=0.1, frequencies=0.07/0.085/0.105/0.125/0.15, gamma=0.5, orientation_bins=12, orientation_offset=1.5708, sigma_scale=0.55, strength=0.08)",M2 Modified Gabor,"{""detail_clip"": 0.1, ""frequencies"": [0.07, 0.085, 0.105, 0.125, 0.15], ""gamma"": 0.5, ""orientation_bins"": 12, ""orientation_offset"": 1.5707963267948966, ""sigma_scale"": 0.55, ""strength"": 0.08}",26.807005035396653,0.8383593658879399,0.00208592887731423,26.81014067803205,0.8385301293598711,0.002084423362707751,0.0031356426353958966,0.00017076347193123453,-1.5055146064786931e-06,0.00011977428948739544,0.28246840000065276
196__M_Left_ring_finger.BMP,196,"M2 Modified Gabor (detail_clip=0.1, frequencies=0.07/0.085/0.105/0.125/0.15, gamma=0.5, orientation_bins=12, orientation_offset=1.5708, sigma_scale=0.55, strength=0.08)",M2 Modified Gabor,"{""detail_clip"": 0.1, ""frequencies"": [0.07, 0.085, 0.105, 0.125, 0.15], ""gamma"": 0.5, ""orientation_bins"": 12, ""orientation_offset"": 1.5707963267948966, ""sigma_scale"": 0.55, ""strength"": 0.08}",26.939914390359956,0.8466373486337065,0.0020230590575295833,26.9432283403546,0.846802220838964,0.0020215159204262255,0.0033139499946450712,0.00016487220525740476,-1.543137103357864e-06,0.0001331046805717051,0.2387860000017099
196__M_Left_thumb_finger.BMP,196,"M2 Modified Gabor (detail_clip=0.1, frequencies=0.07/0.085/0.105/0.125/0.15, gamma=0.5, orientation_bins=12, orientation_offset=1.5708, sigma_scale=0.55, strength=0.08)",M2 Modified Gabor,"{""detail_clip"": 0.1, ""frequencies"": [0.07, 0.085, 0.105, 0.125, 0.15], ""gamma"": 0.5, ""orientation_bins"": 12, ""orientation_offset"": 1.5707963267948966, ""sigma_scale"": 0.55, ""strength"": 0.08}",27.17645207629467,0.8700256631715297,0.0019158203954876966,27.18148350642545,0.8702621336710453,0.0019136021460501847,0.005031430130781445,0.0002364704995155842,-2.21824943751189e-06,0.00017381069483235478,0.22528029999375576
196__M_Right_index_finger.BMP,196,"M2 Modified Gabor (detail_clip=0.1, frequencies=0.07/0.085/0.105/0.125/0.15, gamma=0.5, orientation_bins=12, orientation_offset=1.5708, sigma_scale=0.55, strength=0.08)",M2 Modified Gabor,"{""detail_clip"": 0.1, ""frequencies"": [0.07, 0.085, 0.105, 0.125, 0.15], ""gamma"": 0.5, ""orientation_bins"": 12, ""orientation_offset"": 1.5707963267948966, ""sigma_scale"": 0.55, ""strength"": 0.08}",27.224484755205218,0.8981884044620096,0.0018947482930095384,27.23065073170681,0.8984059013344944,0.0018920600977176305,0.0061659765015917856,0.00021749687248473482,-2.6881952919079015e-06,0.00016405282076448202,0.32010250000166707
196__M_Right_little_finger.BMP,196,"M2 Modified Gabor (detail_clip=0.1, frequencies=0.07/0.085/0.105/0.125/0.15, gamma=0.5, orientation_bins=12, orientation_offset=1.5708, sigma_scale=0.55, strength=0.08)",M2 Modified Gabor,"{""detail_clip"": 0.1, ""frequencies"": [0.07, 0.085, 0.105, 0.125, 0.15], ""gamma"": 0.5, ""orientation_bins"": 12, ""orientation_offset"": 1.5707963267948966, ""sigma_scale"": 0.55, ""strength"": 0.08}",27.235133280733237,0.8482631195524931,0.0018901082247221315,27.241119696052177,0.8485155925586819,0.001887504650770757,0.005986415318940175,0.00025247300618880253,-2.603573951374385e-06,0.0001698013802524656,0.260570699996606
196__M_Right_middle_finger.BMP,196,"M2 Modified Gabor (detail_clip=0.1, frequencies=0.07/0.085/0.105/0.125/0.15, gamma=0.5, orientation_bins=12, orientation_offset=1.5708, sigma_scale=0.55, strength=0.08)",M2 Modified Gabor,"{""detail_clip"": 0.1, ""frequencies"": [0.07, 0.085, 0.105, 0.125, 0.15], ""gamma"": 0.5, ""orientation_bins"": 12, ""orientation_offset"": 1.5707963267948966, ""sigma_scale"": 0.55, ""strength"": 0.08}",27.164009700572716,0.8754404190505147,0.0019213170198695128,27.167234310787613,0.8755741099691987,0.001919890983100569,0.003224610214896728,0.00013369091868398186,-1.4260367689436938e-06,0.00012043903552694246,0.24463680000189925
196__M_Right_ring_finger.BMP,196,"M2 Modified Gabor (detail_clip=0.1, frequencies=0.07/0.085/0.105/0.125/0.15, gamma=0.5, orientation_bins=12, orientation_offset=1.5708, sigma_scale=0.55, strength=0.08)",M2 Modified Gabor,"{""detail_clip"": 0.1, ""frequencies"": [0.07, 0.085, 0.105, 0.125, 0.15], ""gamma"": 0.5, ""orientation_bins"": 12, ""orientation_offset"": 1.5707963267948966, ""sigma_scale"": 0.55, ""strength"": 0.08}",27.057676189333762,0.8875853133841157,0.0019689395425137503,27.063088047579214,0.8877997942780852,0.001966487523026342,0.005411858245452095,0.0002144808939694709,-2.4520194874082246e-06,0.00015512890240643173,0.15713959999993676
196__M_Right_thumb_finger.BMP,196,"M2 Modified Gabor (detail_clip=0.1, frequencies=0.07/0.085/0.105/0.125/0.15, gamma=0.5, orientation_bins=12, orientation_offset=1.5708, sigma_scale=0.55, strength=0.08)",M2 Modified Gabor,"{""detail_clip"": 0.1, ""frequencies"": [0.07, 0.085, 0.105, 0.125, 0.15], ""gamma"": 0.5, ""orientation_bins"": 12, ""orientation_offset"": 1.5707963267948966, ""sigma_scale"": 0.55, ""strength"": 0.08}",27.64260682140499,0.8075118985310793,0.0017208353458780567,27.64666516755346,0.8076806790440678,0.0017192280301604433,0.004058346148472225,0.00016878051298852004,-1.6073157176133349e-06,0.00011615797120612115,0.2452707999982522
265__M_Left_index_finger.BMP,265,"M2 Modified Gabor (detail_clip=0.1, frequencies=0.07/0.085/0.105/0.125/0.15, gamma=0.5, orientation_bins=12, orientation_offset=1.5708, sigma_scale=0.55, strength=0.08)",M2 Modified Gabor,"{""detail_clip"": 0.1, ""frequencies"": [0.07, 0.085, 0.105, 0.125, 0.15], ""gamma"": 0.5, ""orientation_bins"": 12, ""orientation_offset"": 1.5707963267948966, ""sigma_scale"": 0.55, ""strength"": 0.08}",27.37477247790581,0.8335138076359629,0.0018303019913041506,27.38325951410793,0.833847466268301,0.0018267286852687139,0.008487036202119214,0.0003336586323380297,-3.5733060354367803e-06,0.000181617186171934,0.22455659999832278
265__M_Left_little_finger.BMP,265,"M2 Modified Gabor (detail_clip=0.1, frequencies=0.07/0.085/0.105/0.125/0.15, gamma=0.5, orientation_bins=12, orientation_offset=1.5708, sigma_scale=0.55, strength=0.08)",M2 Modified Gabor,"{""detail_clip"": 0.1, ""frequencies"": [0.07, 0.085, 0.105, 0.125, 0.15], ""gamma"": 0.5, ""orientation_bins"": 12, ""orientation_offset"": 1.5707963267948966, ""sigma_scale"": 0.55, ""strength"": 0.08}",27.521793017059277,0.8208397956510186,0.0017693783065107287,27.530923111377867,0.8211596630446315,0.0017656624817334544,0.009130094318589244,0.00031986739361289374,-3.7158247772743104e-06,0.0001979558146558702,0.2399409000063315
265__M_Left_middle_finger.BMP,265,"M2 Modified Gabor (detail_clip=0.1, frequencies=0.07/0.085/0.105/0.125/0.15, gamma=0.5, orientation_bins=12, orientation_offset=1.5708, sigma_scale=0.55, strength=0.08)",M2 Modified Gabor,"{""detail_clip"": 0.1, ""frequencies"": [0.07, 0.085, 0.105, 0.125, 0.15], ""gamma"": 0.5, ""orientation_bins"": 12, ""orientation_offset"": 1.5707963267948966, ""sigma_scale"": 0.55, ""strength"": 0.08}",27.421710121866024,0.8523282516956031,0.0018106269814393515,27.433549444642587,0.8528099333687424,0.0018056977443706775,0.011839322776562966,0.00048168167313933363,-4.929237068674024e-06,0.00022167331189848483,0.18287259999488015
265__M_Left_ring_finger.BMP,265,"M2 Modified Gabor (detail_clip=0.1, frequencies=0.07/0.085/0.105/0.125/0.15, gamma=0.5, orientation_bins=12, orientation_offset=1.5708, sigma_scale=0.55, strength=0.08)",M2 Modified Gabor,"{""detail_clip"": 0.1, ""frequencies"": [0.07, 0.085, 0.105, 0.125, 0.15], ""gamma"": 0.5, ""orientation_bins"": 12, ""orientation_offset"": 1.5707963267948966, ""sigma_scale"": 0.55, ""strength"": 0.08}",27.322529482400647,0.8486792822626233,0.0018524523763336202,27.32969504398248,0.8489132492908835,0.0018493984768089057,0.007165561581832236,0.00023396702826017357,-3.0538995247145206e-06,0.00021141710749361664,0.20436939999490278
265__M_Left_thumb_finger.BMP,265,"M2 Modified Gabor (detail_clip=0.1, frequencies=0.07/0.085/0.105/0.125/0.15, gamma=0.5, orientation_bins=12, orientation_offset=1.5708, sigma_scale=0.55, strength=0.08)",M2 Modified Gabor,"{""detail_clip"": 0.1, ""frequencies"": [0.07, 0.085, 0.105, 0.125, 0.15], ""gamma"": 0.5, ""orientation_bins"": 12, ""orientation_offset"": 1.5707963267948966, ""sigma_scale"": 0.55, ""strength"": 0.08}",27.243867806531142,0.8530412479772568,0.0018863106612669986,27.25038154370969,0.8532966821674108,0.0018834836112435298,0.0065137371785475295,0.000255434190154058,-2.827050023468825e-06,0.0001966989366337657,0.14685269999608863
265__M_Right_index_finger.BMP,265,"M2 Modified Gabor (detail_clip=0.1, frequencies=0.07/0.085/0.105/0.125/0.15, gamma=0.5, orientation_bins=12, orientation_offset=1.5708, sigma_scale=0.55, strength=0.08)",M2 Modified Gabor,"{""detail_clip"": 0.1, ""frequencies"": [0.07, 0.085, 0.105, 0.125, 0.15], ""gamma"": 0.5, ""orientation_bins"": 12, ""orientation_offset"": 1.5707963267948966, ""sigma_scale"": 0.55, ""strength"": 0.08}",27.994514576044143,0.7635853212453126,0.0015868962811916459,28.006771363123253,0.7640518363117575,0.0015824240095161303,0.012256787079110154,0.0004665150664449058,-4.472271675515574e-06,0.00022647828154731542,0.20974580000620335
265__M_Right_little_finger.BMP,265,"M2 Modified Gabor (detail_clip=0.1, frequencies=0.07/0.085/0.105/0.125/0.15, gamma=0.5, orientation_bins=12, orientation_offset=1.5708, sigma_scale=0.55, strength=0.08)",M2 Modified Gabor,"{""detail_clip"": 0.1, ""frequencies"": [0.07, 0.085, 0.105, 0.125, 0.15], ""gamma"": 0.5, ""orientation_bins"": 12, ""orientation_offset"": 1.5707963267948966, ""sigma_scale"": 0.55, ""strength"": 0.08}",27.22406780249401,0.7860550264142155,0.0018949302106704036,27.23180374737934,0.7863935588942766,0.0018915578381984391,0.007735944885332913,0.0003385324800611045,-3.37237247196448e-06,0.00016322979354299605,0.19806610000523506
265__M_Right_middle_finger.BMP,265,"M2 Modified Gabor (detail_clip=0.1, frequencies=0.07/0.085/0.105/0.125/0.15, gamma=0.5, orientation_bins=12, orientation_offset=1.5708, sigma_scale=0.55, strength=0.08)",M2 Modified Gabor,"{""detail_clip"": 0.1, ""frequencies"": [0.07, 0.085, 0.105, 0.125, 0.15], ""gamma"": 0.5, ""orientation_bins"": 12, ""orientation_offset"": 1.5707963267948966, ""sigma_scale"": 0.55, ""strength"": 0.08}",27.44169408769286,0.8604290589330197,0.0018023145602693164,27.448042109268886,0.86063853712219,0.001799682066743981,0.006348021576027207,0.00020947818917027572,-2.632493525335424e-06,0.00016859252355061471,0.2361587999985204
265__M_Right_ring_finger.BMP,265,"M2 Modified Gabor (detail_clip=0.1, frequencies=0.07/0.085/0.105/0.125/0.15, gamma=0.5, orientation_bins=12, orientation_offset=1.5708, sigma_scale=0.55, strength=0.08)",M2 Modified Gabor,"{""detail_clip"": 0.1, ""frequencies"": [0.07, 0.085, 0.105, 0.125, 0.15], ""gamma"": 0.5, ""orientation_bins"": 12, ""orientation_offset"": 1.5707963267948966, ""sigma_scale"": 0.55, ""strength"": 0.08}",27.173464398425633,0.8322634105684161,0.0019171388150660998,27.1795339104739,0.8325279746584893,0.0019144613760577749,0.006069512048267001,0.0002645640900731383,-2.677439008324893e-06,0.0001662224967731163,0.29201610000018263
265__M_Right_thumb_finger.BMP,265,"M2 Modified Gabor (detail_clip=0.1, frequencies=0.07/0.085/0.105/0.125/0.15, gamma=0.5, orientation_bins=12, orientation_offset=1.5708, sigma_scale=0.55, strength=0.08)",M2 Modified Gabor,"{""detail_clip"": 0.1, ""frequencies"": [0.07, 0.085, 0.105, 0.125, 0.15], ""gamma"": 0.5, ""orientation_bins"": 12, ""orientation_offset"": 1.5707963267948966, ""sigma_scale"": 0.55, ""strength"": 0.08}",27.140057381383137,0.9020136943075061,0.001931942790954203,27.146133194830323,0.9021831115077138,0.0019292418777624096,0.006075813447186107,0.0001694172002076888,-2.7009131917934623e-06,0.00023276885622180998,0.32664240000303835
160__M_Left_index_finger.BMP,160,"M2 Modified Gabor (detail_clip=0.1, frequencies=0.07/0.085/0.105/0.125/0.15, gamma=0.5, orientation_bins=12, orientation_offset=1.5708, sigma_scale=0.55, strength=0.08)",M2 Modified Gabor,"{""detail_clip"": 0.1, ""frequencies"": [0.07, 0.085, 0.105, 0.125, 0.15], ""gamma"": 0.5, ""orientation_bins"": 12, ""orientation_offset"": 1.5707963267948966, ""sigma_scale"": 0.55, ""strength"": 0.08}",27.303570949514576,0.7907936160339714,0.0018605566806086,27.309567737448226,0.7910449849205017,0.0018579893755303284,0.005996787933650438,0.0002513688865303232,-2.56730507827165e-06,0.0001359456218779087,0.2270496000055573
160__M_Left_little_finger.BMP,160,"M2 Modified Gabor (detail_clip=0.1, frequencies=0.07/0.085/0.105/0.125/0.15, gamma=0.5, orientation_bins=12, orientation_offset=1.5708, sigma_scale=0.55, strength=0.08)",M2 Modified Gabor,"{""detail_clip"": 0.1, ""frequencies"": [0.07, 0.085, 0.105, 0.125, 0.15], ""gamma"": 0.5, ""orientation_bins"": 12, ""orientation_offset"": 1.5707963267948966, ""sigma_scale"": 0.55, ""strength"": 0.08}",27.531663336668917,0.7885290796279312,0.0017653615622648393,27.538114600812882,0.7888055253514648,0.0017627411377363353,0.006451264143965574,0.00027644572353358043,-2.6204245285039833e-06,0.00013399965246208012,0.20728049999888754
160__M_Left_middle_finger.BMP,160,"M2 Modified Gabor (detail_clip=0.1, frequencies=0.07/0.085/0.105/0.125/0.15, gamma=0.5, orientation_bins=12, orientation_offset=1.5708, sigma_scale=0.55, strength=0.08)",M2 Modified Gabor,"{""detail_clip"": 0.1, ""frequencies"": [0.07, 0.085, 0.105, 0.125, 0.15], ""gamma"": 0.5, ""orientation_bins"": 12, ""orientation_offset"": 1.5707963267948966, ""sigma_scale"": 0.55, ""strength"": 0.08}",27.146254995156678,0.8256858516879678,0.0019291877718492464,27.153114619445248,0.8259543935833573,0.0019261430502891183,0.006859624288569677,0.0002685418953894958,-3.0447215601280605e-06,0.00015259554493241012,0.17480549999891082
160__M_Left_ring_finger.BMP,160,"M2 Modified Gabor (detail_clip=0.1, frequencies=0.07/0.085/0.105/0.125/0.15, gamma=0.5, orientation_bins=12, orientation_offset=1.5708, sigma_scale=0.55, strength=0.08)",M2 Modified Gabor,"{""detail_clip"": 0.1, ""frequencies"": [0.07, 0.085, 0.105, 0.125, 0.15], ""gamma"": 0.5, ""orientation_bins"": 12, ""orientation_offset"": 1.5707963267948966, ""sigma_scale"": 0.55, ""strength"": 0.08}",27.23062336848946,0.8173601523184181,0.001892072018894839,27.240241276229256,0.817779064622581,0.0018878864629420426,0.009617907739794873,0.0004189123041629106,-4.185555952796469e-06,0.00018335680942982435,0.22583299999678275
160__M_Left_thumb_finger.BMP,160,"M2 Modified Gabor (detail_clip=0.1, frequencies=0.07/0.085/0.105/0.125/0.15, gamma=0.5, orientation_bins=12, orientation_offset=1.5708, sigma_scale=0.55, strength=0.08)",M2 Modified Gabor,"{""detail_clip"": 0.1, ""frequencies"": [0.07, 0.085, 0.105, 0.125, 0.15], ""gamma"": 0.5, ""orientation_bins"": 12, ""orientation_offset"": 1.5707963267948966, ""sigma_scale"": 0.55, ""strength"": 0.08}",27.108709341869236,0.8690183506274819,0.0019459382994065641,27.113597396460012,0.869246924567461,0.001943749346479541,0.004888054590775681,0.00022857393997910425,-2.1889529270230704e-06,0.00017450466111768037,0.25317960000393214
160__M_Right_index_finger.BMP,160,"M2 Modified Gabor (detail_clip=0.1, frequencies=0.07/0.085/0.105/0.125/0.15, gamma=0.5, orientation_bins=12, orientation_offset=1.5708, sigma_scale=0.55, strength=0.08)",M2 Modified Gabor,"{""detail_clip"": 0.1, ""frequencies"": [0.07, 0.085, 0.105, 0.125, 0.15], ""gamma"": 0.5, ""orientation_bins"": 12, ""orientation_offset"": 1.5707963267948966, ""sigma_scale"": 0.55, ""strength"": 0.08}",26.99832164341442,0.8972657453120947,0.0019960335448471166,27.006619295270124,0.8976038022991418,0.001992223554134548,0.008297651855702526,0.0003380569870471417,-3.8099907125684236e-06,0.0002111417707055807,0.2565297999972245
160__M_Right_little_finger.BMP,160,"M2 Modified Gabor (detail_clip=0.1, frequencies=0.07/0.085/0.105/0.125/0.15, gamma=0.5, orientation_bins=12, orientation_offset=1.5708, sigma_scale=0.55, strength=0.08)",M2 Modified Gabor,"{""detail_clip"": 0.1, ""frequencies"": [0.07, 0.085, 0.105, 0.125, 0.15], ""gamma"": 0.5, ""orientation_bins"": 12, ""orientation_offset"": 1.5707963267948966, ""sigma_scale"": 0.55, ""strength"": 0.08}",27.48913865843233,0.8360082027926445,0.001782732303870606,27.49963939546617,0.8364132404370904,0.001778427070731746,0.010500737033837027,0.00040503764444588253,-4.3052331388600176e-06,0.00019680210971273482,0.24301810000179103
160__M_Right_middle_finger.BMP,160,"M2 Modified Gabor (detail_clip=0.1, frequencies=0.07/0.085/0.105/0.125/0.15, gamma=0.5, orientation_bins=12, orientation_offset=1.5708, sigma_scale=0.55, strength=0.08)",M2 Modified Gabor,"{""detail_clip"": 0.1, ""frequencies"": [0.07, 0.085, 0.105, 0.125, 0.15], ""gamma"": 0.5, ""orientation_bins"": 12, ""orientation_offset"": 1.5707963267948966, ""sigma_scale"": 0.55, ""strength"": 0.08}",27.011266096070855,0.8938943397240638,0.001990093083780042,27.017721434425617,0.8941189065734148,0.001987137213555238,0.006455338354761864,0.00022456684935090454,-2.9558702248039075e-06,0.00017757038585841656,0.32832809999672463
160__M_Right_ring_finger.BMP,160,"M2 Modified Gabor (detail_clip=0.1, frequencies=0.07/0.085/0.105/0.125/0.15, gamma=0.5, orientation_bins=12, orientation_offset=1.5708, sigma_scale=0.55, strength=0.08)",M2 Modified Gabor,"{""detail_clip"": 0.1, ""frequencies"": [0.07, 0.085, 0.105, 0.125, 0.15], ""gamma"": 0.5, ""orientation_bins"": 12, ""orientation_offset"": 1.5707963267948966, ""sigma_scale"": 0.55, ""strength"": 0.08}",27.07201037653663,0.8671734888896943,0.0019624516353101543,27.07860838356747,0.8674199235059619,0.0019594724496667564,0.0065980070308420125,0.0002464346162676101,-2.9791856433979656e-06,0.00017188984202221036,0.2980615999986185
160__M_Right_thumb_finger.BMP,160,"M2 Modified Gabor (detail_clip=0.1, frequencies=0.07/0.085/0.105/0.125/0.15, gamma=0.5, orientation_bins=12, orientation_offset=1.5708, sigma_scale=0.55, strength=0.08)",M2 Modified Gabor,"{""detail_clip"": 0.1, ""frequencies"": [0.07, 0.085, 0.105, 0.125, 0.15], ""gamma"": 0.5, ""orientation_bins"": 12, ""orientation_offset"": 1.5707963267948966, ""sigma_scale"": 0.55, ""strength"": 0.08}",27.289347613496005,0.8825245719928742,0.0018666600748665795,27.294722805898097,0.8827402448894381,0.0018643511690933996,0.0053751924020915,0.0002156728965639898,-2.308905773179895e-06,0.0001562866527820006,0.20654150000336813
62__M_Left_index_finger.BMP,62,"M2 Modified Gabor (detail_clip=0.1, frequencies=0.07/0.085/0.105/0.125/0.15, gamma=0.5, orientation_bins=12, orientation_offset=1.5708, sigma_scale=0.55, strength=0.08)",M2 Modified Gabor,"{""detail_clip"": 0.1, ""frequencies"": [0.07, 0.085, 0.105, 0.125, 0.15], ""gamma"": 0.5, ""orientation_bins"": 12, ""orientation_offset"": 1.5707963267948966, ""sigma_scale"": 0.55, ""strength"": 0.08}",27.274088464853573,0.8563027203037142,0.001873230211658336,27.278593467299167,0.8564778139817119,0.0018712880890557483,0.004505002445593931,0.00017509367799761755,-1.942122602587807e-06,0.00013842868793290108,0.2092495999968378
62__M_Left_little_finger.BMP,62,"M2 Modified Gabor (detail_clip=0.1, frequencies=0.07/0.085/0.105/0.125/0.15, gamma=0.5, orientation_bins=12, orientation_offset=1.5708, sigma_scale=0.55, strength=0.08)",M2 Modified Gabor,"{""detail_clip"": 0.1, ""frequencies"": [0.07, 0.085, 0.105, 0.125, 0.15], ""gamma"": 0.5, ""orientation_bins"": 12, ""orientation_offset"": 1.5707963267948966, ""sigma_scale"": 0.55, ""strength"": 0.08}",27.55815447129063,0.7999236232132911,0.0017546259694440607,27.564235448843757,0.8001597254614234,0.0017521708669444877,0.006080977553125422,0.0002361022481323083,-2.455102499573014e-06,0.0001526952546555549,0.1977342999962275
62__M_Left_middle_finger.BMP,62,"M2 Modified Gabor (detail_clip=0.1, frequencies=0.07/0.085/0.105/0.125/0.15, gamma=0.5, orientation_bins=12, orientation_offset=1.5708, sigma_scale=0.55, strength=0.08)",M2 Modified Gabor,"{""detail_clip"": 0.1, ""frequencies"": [0.07, 0.085, 0.105, 0.125, 0.15], ""gamma"": 0.5, ""orientation_bins"": 12, ""orientation_offset"": 1.5707963267948966, ""sigma_scale"": 0.55, ""strength"": 0.08}",27.09364508069681,0.8829929620497823,0.0019526998456379572,27.097689086610146,0.8831453908793926,0.0019508824027262089,0.00404400591333598,0.00015242882961030713,-1.8174429117483876e-06,0.00015923344471957535,0.19713860000047134
62__M_Left_ring_finger.BMP,62,"M2 Modified Gabor (detail_clip=0.1, frequencies=0.07/0.085/0.105/0.125/0.15, gamma=0.5, orientation_bins=12, orientation_offset=1.5708, sigma_scale=0.55, strength=0.08)",M2 Modified Gabor,"{""detail_clip"": 0.1, ""frequencies"": [0.07, 0.085, 0.105, 0.125, 0.15], ""gamma"": 0.5, ""orientation_bins"": 12, ""orientation_offset"": 1.5707963267948966, ""sigma_scale"": 0.55, ""strength"": 0.08}",27.34469167000693,0.8460635849570334,0.0018430233308815236,27.350713933068448,0.8463207291836441,0.001840469423369333,0.006022263061517208,0.0002571442266107171,-2.553907512190586e-06,0.0001794646232156083,0.20969250000052853
62__M_Left_thumb_finger.BMP,62,"M2 Modified Gabor (detail_clip=0.1, frequencies=0.07/0.085/0.105/0.125/0.15, gamma=0.5, orientation_bins=12, orientation_offset=1.5708, sigma_scale=0.55, strength=0.08)",M2 Modified Gabor,"{""detail_clip"": 0.1, ""frequencies"": [0.07, 0.085, 0.105, 0.125, 0.15], ""gamma"": 0.5, ""orientation_bins"": 12, ""orientation_offset"": 1.5707963267948966, ""sigma_scale"": 0.55, ""strength"": 0.08}",27.055077921169186,0.8918692719667852,0.0019701178590208713,27.05699859204958,0.8919503921594024,0.0019692467654296108,0.0019206708803949368,8.112019261719006e-05,-8.710935912605543e-07,0.00012708039139397442,0.22766050000063842
62__M_Right_index_finger.BMP,62,"M2 Modified Gabor (detail_clip=0.1, frequencies=0.07/0.085/0.105/0.125/0.15, gamma=0.5, orientation_bins=12, orientation_offset=1.5708, sigma_scale=0.55, strength=0.08)",M2 Modified Gabor,"{""detail_clip"": 0.1, ""frequencies"": [0.07, 0.085, 0.105, 0.125, 0.15], ""gamma"": 0.5, ""orientation_bins"": 12, ""orientation_offset"": 1.5707963267948966, ""sigma_scale"": 0.55, ""strength"": 0.08}",27.219071292957725,0.8454904471601248,0.0018971115612948335,27.22496406868522,0.845719220061779,0.0018945391887446373,0.005892775727495803,0.00022877290165423947,-2.5723725501961524e-06,0.00016128193237818778,0.18558379999740282
62__M_Right_little_finger.BMP,62,"M2 Modified Gabor (detail_clip=0.1, frequencies=0.07/0.085/0.105/0.125/0.15, gamma=0.5, orientation_bins=12, orientation_offset=1.5708, sigma_scale=0.55, strength=0.08)",M2 Modified Gabor,"{""detail_clip"": 0.1, ""frequencies"": [0.07, 0.085, 0.105, 0.125, 0.15], ""gamma"": 0.5, ""orientation_bins"": 12, ""orientation_offset"": 1.5707963267948966, ""sigma_scale"": 0.55, ""strength"": 0.08}",27.345322944919694,0.8500274815535546,0.001842755455076693,27.34982443947493,0.8502202662085294,0.001840846414901446,0.004501494555235297,0.00019278465497485353,-1.909040175247052e-06,0.0001546579151181504,0.24533420000079786
62__M_Right_middle_finger.BMP,62,"M2 Modified Gabor (detail_clip=0.1, frequencies=0.07/0.085/0.105/0.125/0.15, gamma=0.5, orientation_bins=12, orientation_offset=1.5708, sigma_scale=0.55, strength=0.08)",M2 Modified Gabor,"{""detail_clip"": 0.1, ""frequencies"": [0.07, 0.085, 0.105, 0.125, 0.15], ""gamma"": 0.5, ""orientation_bins"": 12, ""orientation_offset"": 1.5707963267948966, ""sigma_scale"": 0.55, ""strength"": 0.08}",27.108900613178943,0.8883837219081521,0.001945852598577628,27.113105837301422,0.8885767164891958,0.0019439693635204568,0.004205224122479478,0.00019299458104371503,-1.8832350571712595e-06,0.00015297421487048268,0.17088969999895198
62__M_Right_ring_finger.BMP,62,"M2 Modified Gabor (detail_clip=0.1, frequencies=0.07/0.085/0.105/0.125/0.15, gamma=0.5, orientation_bins=12, orientation_offset=1.5708, sigma_scale=0.55, strength=0.08)",M2 Modified Gabor,"{""detail_clip"": 0.1, ""frequencies"": [0.07, 0.085, 0.105, 0.125, 0.15], ""gamma"": 0.5, ""orientation_bins"": 12, ""orientation_offset"": 1.5707963267948966, ""sigma_scale"": 0.55, ""strength"": 0.08}",27.062684935819536,0.8746964724934995,0.0019666700606983125,27.068291777611986,0.8749229381301403,0.0019641326826108333,0.005606841792449302,0.00022646563664086017,-2.537378087479232e-06,0.00018239894416183233,0.28902609999931883
62__M_Right_thumb_finger.BMP,62,"M2 Modified Gabor (detail_clip=0.1, frequencies=0.07/0.085/0.105/0.125/0.15, gamma=0.5, orientation_bins=12, orientation_offset=1.5708, sigma_scale=0.55, strength=0.08)",M2 Modified Gabor,"{""detail_clip"": 0.1, ""frequencies"": [0.07, 0.085, 0.105, 0.125, 0.15], ""gamma"": 0.5, ""orientation_bins"": 12, ""orientation_offset"": 1.5707963267948966, ""sigma_scale"": 0.55, ""strength"": 0.08}",26.926085992200093,0.9124182408870757,0.0020295109590327716,26.92989138881275,0.9125515537647902,0.0020277334297629616,0.003805396612655443,0.00013331287771456424,-1.777529269809952e-06,0.00015407483442686498,0.28333220000058645
298__M_Left_index_finger.BMP,298,"M2 Modified Gabor (detail_clip=0.1, frequencies=0.07/0.085/0.105/0.125/0.15, gamma=0.5, orientation_bins=12, orientation_offset=1.5708, sigma_scale=0.55, strength=0.08)",M2 Modified Gabor,"{""detail_clip"": 0.1, ""frequencies"": [0.07, 0.085, 0.105, 0.125, 0.15], ""gamma"": 0.5, ""orientation_bins"": 12, ""orientation_offset"": 1.5707963267948966, ""sigma_scale"": 0.55, ""strength"": 0.08}",27.21506173666514,0.8980616415718198,0.001898863848814617,27.219787845386286,0.8982383557065129,0.0018967985783268932,0.0047261087211438735,0.00017671413469311226,-2.0652704877238953e-06,0.00019859822350554168,0.211642700000084
298__M_Left_little_finger.BMP,298,"M2 Modified Gabor (detail_clip=0.1, frequencies=0.07/0.085/0.105/0.125/0.15, gamma=0.5, orientation_bins=12, orientation_offset=1.5708, sigma_scale=0.55, strength=0.08)",M2 Modified Gabor,"{""detail_clip"": 0.1, ""frequencies"": [0.07, 0.085, 0.105, 0.125, 0.15], ""gamma"": 0.5, ""orientation_bins"": 12, ""orientation_offset"": 1.5707963267948966, ""sigma_scale"": 0.55, ""strength"": 0.08}",27.668090636120375,0.8152994267068505,0.0017107672839618286,27.675712819347464,0.8155364177473188,0.0017077673965466922,0.007622183227088186,0.00023699104046825958,-2.9998874151364405e-06,0.00020052002219017595,0.3335393000015756
298__M_Left_middle_finger.BMP,298,"M2 Modified Gabor (detail_clip=0.1, frequencies=0.07/0.085/0.105/0.125/0.15, gamma=0.5, orientation_bins=12, orientation_offset=1.5708, sigma_scale=0.55, strength=0.08)",M2 Modified Gabor,"{""detail_clip"": 0.1, ""frequencies"": [0.07, 0.085, 0.105, 0.125, 0.15], ""gamma"": 0.5, ""orientation_bins"": 12, ""orientation_offset"": 1.5707963267948966, ""sigma_scale"": 0.55, ""strength"": 0.08}",26.89100259050226,0.8927949140241146,0.002045972259286786,26.895475967038646,0.8929904741857052,0.002043865925299441,0.004473376536385132,0.0001955601615906133,-2.1063339873451416e-06,0.00018512699170969427,0.26630999999906635
298__M_Left_ring_finger.BMP,298,"M2 Modified Gabor (detail_clip=0.1, frequencies=0.07/0.085/0.105/0.125/0.15, gamma=0.5, orientation_bins=12, orientation_offset=1.5708, sigma_scale=0.55, strength=0.08)",M2 Modified Gabor,"{""detail_clip"": 0.1, ""frequencies"": [0.07, 0.085, 0.105, 0.125, 0.15], ""gamma"": 0.5, ""orientation_bins"": 12, ""orientation_offset"": 1.5707963267948966, ""sigma_scale"": 0.55, ""strength"": 0.08}",26.974147312555235,0.8789561929982305,0.0020071751371694177,26.97944033668977,0.8791936092917323,0.0020047303547866425,0.005293024134534363,0.00023741629350182425,-2.4447823827752034e-06,0.00020837743068113923,0.24376109999866458
298__M_Left_thumb_finger.BMP,298,"M2 Modified Gabor (detail_clip=0.1, frequencies=0.07/0.085/0.105/0.125/0.15, gamma=0.5, orientation_bins=12, orientation_offset=1.5708, sigma_scale=0.55, strength=0.08)",M2 Modified Gabor,"{""detail_clip"": 0.1, ""frequencies"": [0.07, 0.085, 0.105, 0.125, 0.15], ""gamma"": 0.5, ""orientation_bins"": 12, ""orientation_offset"": 1.5707963267948966, ""sigma_scale"": 0.55, ""strength"": 0.08}",27.617141552360607,0.8357814332177043,0.0017309552677832224,27.628906555181707,0.8361051629497409,0.0017262724694859198,0.011765002821100268,0.00032372973203664834,-4.682798297302605e-06,0.0003107384836766869,0.22383129999798257
298__M_Right_index_finger.BMP,298,"M2 Modified Gabor (detail_clip=0.1, frequencies=0.07/0.085/0.105/0.125/0.15, gamma=0.5, orientation_bins=12, orientation_offset=1.5708, sigma_scale=0.55, strength=0.08)",M2 Modified Gabor,"{""detail_clip"": 0.1, ""frequencies"": [0.07, 0.085, 0.105, 0.125, 0.15], ""gamma"": 0.5, ""orientation_bins"": 12, ""orientation_offset"": 1.5707963267948966, ""sigma_scale"": 0.55, ""strength"": 0.08}",27.472722246295017,0.8526852923721671,0.001789483817498891,27.479898137870933,0.8528545913202763,0.0017865294767342086,0.007175891575915472,0.00016929894810924218,-2.9543407646824213e-06,0.0002010341122513637,0.3011620000033872
298__M_Right_little_finger.BMP,298,"M2 Modified Gabor (detail_clip=0.1, frequencies=0.07/0.085/0.105/0.125/0.15, gamma=0.5, orientation_bins=12, orientation_offset=1.5708, sigma_scale=0.55, strength=0.08)",M2 Modified Gabor,"{""detail_clip"": 0.1, ""frequencies"": [0.07, 0.085, 0.105, 0.125, 0.15], ""gamma"": 0.5, ""orientation_bins"": 12, ""orientation_offset"": 1.5707963267948966, ""sigma_scale"": 0.55, ""strength"": 0.08}",27.499072655778257,0.8438631699736119,0.0017786591646247179,27.504636287110497,0.8440518800919056,0.0017763820304796112,0.005563631332240249,0.000188710118293689,-2.277134145106663e-06,0.00020171763026155531,0.21697019999555778
298__M_Right_middle_finger.BMP,298,"M2 Modified Gabor (detail_clip=0.1, frequencies=0.07/0.085/0.105/0.125/0.15, gamma=0.5, orientation_bins=12, orientation_offset=1.5708, sigma_scale=0.55, strength=0.08)",M2 Modified Gabor,"{""detail_clip"": 0.1, ""frequencies"": [0.07, 0.085, 0.105, 0.125, 0.15], ""gamma"": 0.5, ""orientation_bins"": 12, ""orientation_offset"": 1.5707963267948966, ""sigma_scale"": 0.55, ""strength"": 0.08}",27.220693528847182,0.9116894049499035,0.00189640305868329,27.227157523419304,0.9118934911394119,0.0018935825713136665,0.0064639945721225445,0.00020408618950840118,-2.8204873696235574e-06,0.00023413344752043486,0.21109319999959553
298__M_Right_ring_finger.BMP,298,"M2 Modified Gabor (detail_clip=0.1, frequencies=0.07/0.085/0.105/0.125/0.15, gamma=0.5, orientation_bins=12, orientation_offset=1.5708, sigma_scale=0.55, strength=0.08)",M2 Modified Gabor,"{""detail_clip"": 0.1, ""frequencies"": [0.07, 0.085, 0.105, 0.125, 0.15], ""gamma"": 0.5, ""orientation_bins"": 12, ""orientation_offset"": 1.5707963267948966, ""sigma_scale"": 0.55, ""strength"": 0.08}",27.422696694736175,0.8674880841903388,0.0018102157138198314,27.428418619751447,0.8676762920737267,0.001807832285383474,0.005721925015272689,0.00018820788338780314,-2.383428436357471e-06,0.000199844129383564,0.21578230000159238
298__M_Right_thumb_finger.BMP,298,"M2 Modified Gabor (detail_clip=0.1, frequencies=0.07/0.085/0.105/0.125/0.15, gamma=0.5, orientation_bins=12, orientation_offset=1.5708, sigma_scale=0.55, strength=0.08)",M2 Modified Gabor,"{""detail_clip"": 0.1, ""frequencies"": [0.07, 0.085, 0.105, 0.125, 0.15], ""gamma"": 0.5, ""orientation_bins"": 12, ""orientation_offset"": 1.5707963267948966, ""sigma_scale"": 0.55, ""strength"": 0.08}",27.224693413952195,0.9114079438939094,0.0018946572611581649,27.230146555409306,0.9115885942907334,0.0018922797613947014,0.005453141457110178,0.00018065039682391149,-2.3774997634634903e-06,0.00033559021539986134,0.22690200000215555
249__M_Left_index_finger.BMP,249,"M2 Modified Gabor (detail_clip=0.1, frequencies=0.07/0.085/0.105/0.125/0.15, gamma=0.5, orientation_bins=12, orientation_offset=1.5708, sigma_scale=0.55, strength=0.08)",M2 Modified Gabor,"{""detail_clip"": 0.1, ""frequencies"": [0.07, 0.085, 0.105, 0.125, 0.15], ""gamma"": 0.5, ""orientation_bins"": 12, ""orientation_offset"": 1.5707963267948966, ""sigma_scale"": 0.55, ""strength"": 0.08}",27.124570472016103,0.7470878210087121,0.0019388443829746948,27.132523785717662,0.7474249958739877,0.001935296991245583,0.007953313701559495,0.00033717486527562457,-3.547391729111834e-06,0.0001788114896044135,0.21730699999898206
249__M_Left_little_finger.BMP,249,"M2 Modified Gabor (detail_clip=0.1, frequencies=0.07/0.085/0.105/0.125/0.15, gamma=0.5, orientation_bins=12, orientation_offset=1.5708, sigma_scale=0.55, strength=0.08)",M2 Modified Gabor,"{""detail_clip"": 0.1, ""frequencies"": [0.07, 0.085, 0.105, 0.125, 0.15], ""gamma"": 0.5, ""orientation_bins"": 12, ""orientation_offset"": 1.5707963267948966, ""sigma_scale"": 0.55, ""strength"": 0.08}",27.850348680485556,0.7587672882475555,0.0016404580610319855,27.860496377767078,0.759144614774853,0.0016366294518392233,0.010147697281521317,0.0003773265272974946,-3.828609192762199e-06,0.00016388361109420657,0.20777479999378556
249__M_Left_middle_finger.BMP,249,"M2 Modified Gabor (detail_clip=0.1, frequencies=0.07/0.085/0.105/0.125/0.15, gamma=0.5, orientation_bins=12, orientation_offset=1.5708, sigma_scale=0.55, strength=0.08)",M2 Modified Gabor,"{""detail_clip"": 0.1, ""frequencies"": [0.07, 0.085, 0.105, 0.125, 0.15], ""gamma"": 0.5, ""orientation_bins"": 12, ""orientation_offset"": 1.5707963267948966, ""sigma_scale"": 0.55, ""strength"": 0.08}",27.086136842742746,0.7350637589780092,0.0019560786626691674,27.089952718753967,0.7352699684792757,0.001954360732607472,0.003815876011220354,0.00020620950126648552,-1.7179300616952317e-06,0.00012479524593800306,0.21014950000244426
249__M_Left_ring_finger.BMP,249,"M2 Modified Gabor (detail_clip=0.1, frequencies=0.07/0.085/0.105/0.125/0.15, gamma=0.5, orientation_bins=12, orientation_offset=1.5708, sigma_scale=0.55, strength=0.08)",M2 Modified Gabor,"{""detail_clip"": 0.1, ""frequencies"": [0.07, 0.085, 0.105, 0.125, 0.15], ""gamma"": 0.5, ""orientation_bins"": 12, ""orientation_offset"": 1.5707963267948966, ""sigma_scale"": 0.55, ""strength"": 0.08}",27.286670865582614,0.700930704194814,0.0018678109342006519,27.293331137240543,0.7012481084444225,0.0018649486841312596,0.006660271657928263,0.00031740424960857716,-2.862250069392237e-06,0.00015577241720166057,0.19321990000025835
249__M_Left_thumb_finger.BMP,249,"M2 Modified Gabor (detail_clip=0.1, frequencies=0.07/0.085/0.105/0.125/0.15, gamma=0.5, orientation_bins=12, orientation_offset=1.5708, sigma_scale=0.55, strength=0.08)",M2 Modified Gabor,"{""detail_clip"": 0.1, ""frequencies"": [0.07, 0.085, 0.105, 0.125, 0.15], ""gamma"": 0.5, ""orientation_bins"": 12, ""orientation_offset"": 1.5707963267948966, ""sigma_scale"": 0.55, ""strength"": 0.08}",26.984771156079184,0.8261111951120794,0.0020022711250024757,26.989205710914966,0.8263661826029718,0.0020002276614603234,0.004434554835782478,0.0002549874908923666,-2.043463542152329e-06,0.00017045249114744365,0.3183793999996851
249__M_Right_index_finger.BMP,249,"M2 Modified Gabor (detail_clip=0.1, frequencies=0.07/0.085/0.105/0.125/0.15, gamma=0.5, orientation_bins=12, orientation_offset=1.5708, sigma_scale=0.55, strength=0.08)",M2 Modified Gabor,"{""detail_clip"": 0.1, ""frequencies"": [0.07, 0.085, 0.105, 0.125, 0.15], ""gamma"": 0.5, ""orientation_bins"": 12, ""orientation_offset"": 1.5707963267948966, ""sigma_scale"": 0.55, ""strength"": 0.08}",27.925095882335967,0.77181945014894,0.001612465427378501,27.935757580819946,0.7721701925985217,0.0016085117655386095,0.01066169848397891,0.00035074244958166467,-3.953661839891601e-06,0.0002145262697013095,0.24314050000248244
249__M_Right_little_finger.BMP,249,"M2 Modified Gabor (detail_clip=0.1, frequencies=0.07/0.085/0.105/0.125/0.15, gamma=0.5, orientation_bins=12, orientation_offset=1.5708, sigma_scale=0.55, strength=0.08)",M2 Modified Gabor,"{""detail_clip"": 0.1, ""frequencies"": [0.07, 0.085, 0.105, 0.125, 0.15], ""gamma"": 0.5, ""orientation_bins"": 12, ""orientation_offset"": 1.5707963267948966, ""sigma_scale"": 0.55, ""strength"": 0.08}",27.657119233589647,0.6353878059021234,0.001715094588497569,27.670742304064643,0.6359883117442131,0.0017097230611248014,0.013623070474995558,0.0006005058420897047,-5.371527372767526e-06,0.0002018110390054062,0.22301860000152374
249__M_Right_middle_finger.BMP,249,"M2 Modified Gabor (detail_clip=0.1, frequencies=0.07/0.085/0.105/0.125/0.15, gamma=0.5, orientation_bins=12, orientation_offset=1.5708, sigma_scale=0.55, strength=0.08)",M2 Modified Gabor,"{""detail_clip"": 0.1, ""frequencies"": [0.07, 0.085, 0.105, 0.125, 0.15], ""gamma"": 0.5, ""orientation_bins"": 12, ""orientation_offset"": 1.5707963267948966, ""sigma_scale"": 0.55, ""strength"": 0.08}",27.168536038644476,0.7934208035671115,0.0019193156128915168,27.173970467779288,0.7936938497635126,0.0019169154300782206,0.005434429134812291,0.0002730461964011166,-2.4001828132962436e-06,0.00016915026935748756,0.20931710000149906
249__M_Right_ring_finger.BMP,249,"M2 Modified Gabor (detail_clip=0.1, frequencies=0.07/0.085/0.105/0.125/0.15, gamma=0.5, orientation_bins=12, orientation_offset=1.5708, sigma_scale=0.55, strength=0.08)",M2 Modified Gabor,"{""detail_clip"": 0.1, ""frequencies"": [0.07, 0.085, 0.105, 0.125, 0.15], ""gamma"": 0.5, ""orientation_bins"": 12, ""orientation_offset"": 1.5707963267948966, ""sigma_scale"": 0.55, ""strength"": 0.08}",27.08777009207556,0.788884221210897,0.0019553431793387643,27.09534801678705,0.7892394389662742,0.001951934311810362,0.00757792471149088,0.0003552177553772795,-3.408867528402297e-06,0.00018610685947351158,0.2270284999976866
249__M_Right_thumb_finger.BMP,249,"M2 Modified Gabor (detail_clip=0.1, frequencies=0.07/0.085/0.105/0.125/0.15, gamma=0.5, orientation_bins=12, orientation_offset=1.5708, sigma_scale=0.55, strength=0.08)",M2 Modified Gabor,"{""detail_clip"": 0.1, ""frequencies"": [0.07, 0.085, 0.105, 0.125, 0.15], ""gamma"": 0.5, ""orientation_bins"": 12, ""orientation_offset"": 1.5707963267948966, ""sigma_scale"": 0.55, ""strength"": 0.08}",28.10834497793756,0.6780079972983599,0.001545843421819905,28.117373424271385,0.678295099063158,0.0015426331421559039,0.009028446333825713,0.00028710176479807004,-3.210279664001177e-06,0.00019460139446891844,0.2223283999992418
393__M_Left_index_finger.BMP,393,"M2 Modified Gabor (detail_clip=0.1, frequencies=0.07/0.085/0.105/0.125/0.15, gamma=0.5, orientation_bins=12, orientation_offset=1.5708, sigma_scale=0.55, strength=0.08)",M2 Modified Gabor,"{""detail_clip"": 0.1, ""frequencies"": [0.07, 0.085, 0.105, 0.125, 0.15], ""gamma"": 0.5, ""orientation_bins"": 12, ""orientation_offset"": 1.5707963267948966, ""sigma_scale"": 0.55, ""strength"": 0.08}",27.308206704505906,0.8914485091529191,0.0018585717409852326,27.313025267433055,0.8916097491676808,0.0018565107710934298,0.004818562927148662,0.0001612400147616988,-2.060969891802848e-06,0.00017712946282699704,0.2239356999998563
393__M_Left_little_finger.BMP,393,"M2 Modified Gabor (detail_clip=0.1, frequencies=0.07/0.085/0.105/0.125/0.15, gamma=0.5, orientation_bins=12, orientation_offset=1.5708, sigma_scale=0.55, strength=0.08)",M2 Modified Gabor,"{""detail_clip"": 0.1, ""frequencies"": [0.07, 0.085, 0.105, 0.125, 0.15], ""gamma"": 0.5, ""orientation_bins"": 12, ""orientation_offset"": 1.5707963267948966, ""sigma_scale"": 0.55, ""strength"": 0.08}",27.318831886242837,0.8610343153392672,0.0018540302314057613,27.326079124015223,0.8613131768403053,0.0018509389204093638,0.007247237772386228,0.0002788615010380635,-3.0913109963974592e-06,0.00018059293506667018,0.1746119000017643
393__M_Left_middle_finger.BMP,393,"M2 Modified Gabor (detail_clip=0.1, frequencies=0.07/0.085/0.105/0.125/0.15, gamma=0.5, orientation_bins=12, orientation_offset=1.5708, sigma_scale=0.55, strength=0.08)",M2 Modified Gabor,"{""detail_clip"": 0.1, ""frequencies"": [0.07, 0.085, 0.105, 0.125, 0.15], ""gamma"": 0.5, ""orientation_bins"": 12, ""orientation_offset"": 1.5707963267948966, ""sigma_scale"": 0.55, ""strength"": 0.08}",27.599379652066386,0.8259976084778606,0.0017380490746276103,27.606436955636283,0.8262579603348971,0.001735227031119369,0.007057303569897755,0.0002603518570364338,-2.8220435082412614e-06,0.00018517077842261642,0.2690684000044712
393__M_Left_ring_finger.BMP,393,"M2 Modified Gabor (detail_clip=0.1, frequencies=0.07/0.085/0.105/0.125/0.15, gamma=0.5, orientation_bins=12, orientation_offset=1.5708, sigma_scale=0.55, strength=0.08)",M2 Modified Gabor,"{""detail_clip"": 0.1, ""frequencies"": [0.07, 0.085, 0.105, 0.125, 0.15], ""gamma"": 0.5, ""orientation_bins"": 12, ""orientation_offset"": 1.5707963267948966, ""sigma_scale"": 0.55, ""strength"": 0.08}",27.3096594584879,0.8725850996860862,0.001857950136045422,27.31436952500026,0.8727610247092247,0.0018559362202841161,0.00471006651235939,0.00017592502313845682,-2.013915761305907e-06,0.00016322896408382803,0.26492419999704
393__M_Left_thumb_finger.BMP,393,"M2 Modified Gabor (detail_clip=0.1, frequencies=0.07/0.085/0.105/0.125/0.15, gamma=0.5, orientation_bins=12, orientation_offset=1.5708, sigma_scale=0.55, strength=0.08)",M2 Modified Gabor,"{""detail_clip"": 0.1, ""frequencies"": [0.07, 0.085, 0.105, 0.125, 0.15], ""gamma"": 0.5, ""orientation_bins"": 12, ""orientation_offset"": 1.5707963267948966, ""sigma_scale"": 0.55, ""strength"": 0.08}",27.203729999603823,0.8870638376303315,0.0019038248886444147,27.210227636042845,0.8872775543895364,0.0019009786372583392,0.006497636439021903,0.00021371675920489608,-2.8462513860755094e-06,0.00022835828713141382,0.2144384999992326
393__M_Right_index_finger.BMP,393,"M2 Modified Gabor (detail_clip=0.1, frequencies=0.07/0.085/0.105/0.125/0.15, gamma=0.5, orientation_bins=12, orientation_offset=1.5708, sigma_scale=0.55, strength=0.08)",M2 Modified Gabor,"{""detail_clip"": 0.1, ""frequencies"": [0.07, 0.085, 0.105, 0.125, 0.15], ""gamma"": 0.5, ""orientation_bins"": 12, ""orientation_offset"": 1.5707963267948966, ""sigma_scale"": 0.55, ""strength"": 0.08}",27.18564958969017,0.8956395128723978,0.0019117673533812795,27.192593467817836,0.8958841883651614,0.0019087130957195434,0.006943878127668057,0.0002446754927635242,-3.0542576617360786e-06,0.00021194107830524445,0.21525100000144448
393__M_Right_little_finger.BMP,393,"M2 Modified Gabor (detail_clip=0.1, frequencies=0.07/0.085/0.105/0.125/0.15, gamma=0.5, orientation_bins=12, orientation_offset=1.5708, sigma_scale=0.55, strength=0.08)",M2 Modified Gabor,"{""detail_clip"": 0.1, ""frequencies"": [0.07, 0.085, 0.105, 0.125, 0.15], ""gamma"": 0.5, ""orientation_bins"": 12, ""orientation_offset"": 1.5707963267948966, ""sigma_scale"": 0.55, ""strength"": 0.08}",27.38883507911954,0.8566403560225367,0.0018243849968554713,27.394898500432884,0.8568488735842705,0.0018218396510620734,0.006063421313342587,0.00020851756173378977,-2.5453457933978865e-06,0.00019103761587757617,0.21729359999881126
393__M_Right_middle_finger.BMP,393,"M2 Modified Gabor (detail_clip=0.1, frequencies=0.07/0.085/0.105/0.125/0.15, gamma=0.5, orientation_bins=12, orientation_offset=1.5708, sigma_scale=0.55, strength=0.08)",M2 Modified Gabor,"{""detail_clip"": 0.1, ""frequencies"": [0.07, 0.085, 0.105, 0.125, 0.15], ""gamma"": 0.5, ""orientation_bins"": 12, ""orientation_offset"": 1.5707963267948966, ""sigma_scale"": 0.55, ""strength"": 0.08}",27.34189386160175,0.8759159202563465,0.0018442110244102443,27.345730763857357,0.8760456604179144,0.001842582421497028,0.0038369022556068444,0.00012974016156797052,-1.62860291321636e-06,0.00013945891987532377,0.2419378999984474
393__M_Right_ring_finger.BMP,393,"M2 Modified Gabor (detail_clip=0.1, frequencies=0.07/0.085/0.105/0.125/0.15, gamma=0.5, orientation_bins=12, orientation_offset=1.5708, sigma_scale=0.55, strength=0.08)",M2 Modified Gabor,"{""detail_clip"": 0.1, ""frequencies"": [0.07, 0.085, 0.105, 0.125, 0.15], ""gamma"": 0.5, ""orientation_bins"": 12, ""orientation_offset"": 1.5707963267948966, ""sigma_scale"": 0.55, ""strength"": 0.08}",27.53648716712822,0.8377262864155174,0.0017634018143036256,27.541428801907845,0.8379039194650054,0.0017613964625661923,0.004941634779623172,0.00017763304948803516,-2.0053517374332523e-06,0.000138202725793235,0.2707245999990846
393__M_Right_thumb_finger.BMP,393,"M2 Modified Gabor (detail_clip=0.1, frequencies=0.07/0.085/0.105/0.125/0.15, gamma=0.5, orientation_bins=12, orientation_offset=1.5708, sigma_scale=0.55, strength=0.08)",M2 Modified Gabor,"{""detail_clip"": 0.1, ""frequencies"": [0.07, 0.085, 0.105, 0.125, 0.15], ""gamma"": 0.5, ""orientation_bins"": 12, ""orientation_offset"": 1.5707963267948966, ""sigma_scale"": 0.55, ""strength"": 0.08}",27.279869519902554,0.8713236901729107,0.0018707383442700316,27.286395267321026,0.8715351839375198,0.0018679294670859278,0.0065257474184718944,0.0002114937646091608,-2.8088771841037596e-06,0.00019857726874761283,0.22839640000165673
245__M_Left_index_finger.BMP,245,"M2 Modified Gabor (detail_clip=0.1, frequencies=0.07/0.085/0.105/0.125/0.15, gamma=0.5, orientation_bins=12, orientation_offset=1.5708, sigma_scale=0.55, strength=0.08)",M2 Modified Gabor,"{""detail_clip"": 0.1, ""frequencies"": [0.07, 0.085, 0.105, 0.125, 0.15], ""gamma"": 0.5, ""orientation_bins"": 12, ""orientation_offset"": 1.5707963267948966, ""sigma_scale"": 0.55, ""strength"": 0.08}",27.369483519165946,0.8475481766363681,0.0018325323416851827,27.378539679919463,0.8478873705994486,0.0018287150202552424,0.009056160753516451,0.00033919396308057514,-3.817321429940316e-06,0.0002008372248383239,0.25873480000154814
245__M_Left_little_finger.BMP,245,"M2 Modified Gabor (detail_clip=0.1, frequencies=0.07/0.085/0.105/0.125/0.15, gamma=0.5, orientation_bins=12, orientation_offset=1.5708, sigma_scale=0.55, strength=0.08)",M2 Modified Gabor,"{""detail_clip"": 0.1, ""frequencies"": [0.07, 0.085, 0.105, 0.125, 0.15], ""gamma"": 0.5, ""orientation_bins"": 12, ""orientation_offset"": 1.5707963267948966, ""sigma_scale"": 0.55, ""strength"": 0.08}",27.90731007442499,0.7520611994141341,0.0016190825516656838,27.919898881508605,0.7525140593336821,0.0016143961450089442,0.012588807083613318,0.00045285991954802096,-4.686406656739589e-06,0.00017926118744071573,0.261084400000982
245__M_Left_middle_finger.BMP,245,"M2 Modified Gabor (detail_clip=0.1, frequencies=0.07/0.085/0.105/0.125/0.15, gamma=0.5, orientation_bins=12, orientation_offset=1.5708, sigma_scale=0.55, strength=0.08)",M2 Modified Gabor,"{""detail_clip"": 0.1, ""frequencies"": [0.07, 0.085, 0.105, 0.125, 0.15], ""gamma"": 0.5, ""orientation_bins"": 12, ""orientation_offset"": 1.5707963267948966, ""sigma_scale"": 0.55, ""strength"": 0.08}",27.144213089173356,0.8857407036245465,0.0019300950240497081,27.15063366362441,0.885962186806202,0.001927243695406088,0.006420574451055927,0.00022148318165549075,-2.8513286436200255e-06,0.00018816253577824682,0.22460989999672165
245__M_Left_ring_finger.BMP,245,"M2 Modified Gabor (detail_clip=0.1, frequencies=0.07/0.085/0.105/0.125/0.15, gamma=0.5, orientation_bins=12, orientation_offset=1.5708, sigma_scale=0.55, strength=0.08)",M2 Modified Gabor,"{""detail_clip"": 0.1, ""frequencies"": [0.07, 0.085, 0.105, 0.125, 0.15], ""gamma"": 0.5, ""orientation_bins"": 12, ""orientation_offset"": 1.5707963267948966, ""sigma_scale"": 0.55, ""strength"": 0.08}",27.034777154693998,0.8768079179877639,0.0019793485830217304,27.041215779109994,0.8771087755805552,0.0019764162777987735,0.00643862441599552,0.00030085759279130375,-2.932305222956913e-06,0.00017085977015085518,0.35652049999771407
245__M_Left_thumb_finger.BMP,245,"M2 Modified Gabor (detail_clip=0.1, frequencies=0.07/0.085/0.105/0.125/0.15, gamma=0.5, orientation_bins=12, orientation_offset=1.5708, sigma_scale=0.55, strength=0.08)",M2 Modified Gabor,"{""detail_clip"": 0.1, ""frequencies"": [0.07, 0.085, 0.105, 0.125, 0.15], ""gamma"": 0.5, ""orientation_bins"": 12, ""orientation_offset"": 1.5707963267948966, ""sigma_scale"": 0.55, ""strength"": 0.08}",27.29682163769929,0.864652694988966,0.0018634503945447873,27.303742049434927,0.8649069861251711,0.0018604833813054005,0.00692041173563851,0.00025429113620512034,-2.9670132393867874e-06,0.00022973559680394828,0.307403400001931
245__M_Right_index_finger.BMP,245,"M2 Modified Gabor (detail_clip=0.1, frequencies=0.07/0.085/0.105/0.125/0.15, gamma=0.5, orientation_bins=12, orientation_offset=1.5708, sigma_scale=0.55, strength=0.08)",M2 Modified Gabor,"{""detail_clip"": 0.1, ""frequencies"": [0.07, 0.085, 0.105, 0.125, 0.15], ""gamma"": 0.5, ""orientation_bins"": 12, ""orientation_offset"": 1.5707963267948966, ""sigma_scale"": 0.55, ""strength"": 0.08}",27.86161374413362,0.7314716830980778,0.0016362084288809222,27.866566019406026,0.7316255256118774,0.001634343718017204,0.00495227527240516,0.0001538425137996846,-1.8647108637182257e-06,0.00015849925694055855,0.2611834999988787
245__M_Right_little_finger.BMP,245,"M2 Modified Gabor (detail_clip=0.1, frequencies=0.07/0.085/0.105/0.125/0.15, gamma=0.5, orientation_bins=12, orientation_offset=1.5708, sigma_scale=0.55, strength=0.08)",M2 Modified Gabor,"{""detail_clip"": 0.1, ""frequencies"": [0.07, 0.085, 0.105, 0.125, 0.15], ""gamma"": 0.5, ""orientation_bins"": 12, ""orientation_offset"": 1.5707963267948966, ""sigma_scale"": 0.55, ""strength"": 0.08}",27.759733272900732,0.7882265864093005,0.0016750457477857116,27.767637223945272,0.7884689706481397,0.0016720000173341804,0.007903951044539781,0.00024238423883915505,-3.0457304515312065e-06,0.00017349990957882255,0.21966570000222418
245__M_Right_middle_finger.BMP,245,"M2 Modified Gabor (detail_clip=0.1, frequencies=0.07/0.085/0.105/0.125/0.15, gamma=0.5, orientation_bins=12, orientation_offset=1.5708, sigma_scale=0.55, strength=0.08)",M2 Modified Gabor,"{""detail_clip"": 0.1, ""frequencies"": [0.07, 0.085, 0.105, 0.125, 0.15], ""gamma"": 0.5, ""orientation_bins"": 12, ""orientation_offset"": 1.5707963267948966, ""sigma_scale"": 0.55, ""strength"": 0.08}",27.610087418904833,0.8386277327285409,0.0017337690984571036,27.617818811098743,0.8388819375462532,0.0017306853557242975,0.007731392193910835,0.0002542048177123224,-3.0837427328061096e-06,0.00015913110109977424,0.27281390000280226
245__M_Right_ring_finger.BMP,245,"M2 Modified Gabor (detail_clip=0.1, frequencies=0.07/0.085/0.105/0.125/0.15, gamma=0.5, orientation_bins=12, orientation_offset=1.5708, sigma_scale=0.55, strength=0.08)",M2 Modified Gabor,"{""detail_clip"": 0.1, ""frequencies"": [0.07, 0.085, 0.105, 0.125, 0.15], ""gamma"": 0.5, ""orientation_bins"": 12, ""orientation_offset"": 1.5707963267948966, ""sigma_scale"": 0.55, ""strength"": 0.08}",27.62839155773911,0.8352236195013225,0.0017264771874037441,27.63734406147065,0.8355329667363763,0.0017229219099776606,0.008952503731538997,0.0003093472350538251,-3.555277426083546e-06,0.0002251924597658217,0.24169919999985723
245__M_Right_thumb_finger.BMP,245,"M2 Modified Gabor (detail_clip=0.1, frequencies=0.07/0.085/0.105/0.125/0.15, gamma=0.5, orientation_bins=12, orientation_offset=1.5708, sigma_scale=0.55, strength=0.08)",M2 Modified Gabor,"{""detail_clip"": 0.1, ""frequencies"": [0.07, 0.085, 0.105, 0.125, 0.15], ""gamma"": 0.5, ""orientation_bins"": 12, ""orientation_offset"": 1.5707963267948966, ""sigma_scale"": 0.55, ""strength"": 0.08}",27.02799729760429,0.9315969390202463,0.0019824409964453883,27.03346165006096,0.9317348433578014,0.001979948230666263,0.005464352456669985,0.000137904337555117,-2.4927657791252132e-06,0.00025781881413422525,0.3034358000004431
353__M_Left_index_finger.BMP,353,"M2 Modified Gabor (detail_clip=0.1, frequencies=0.07/0.085/0.105/0.125/0.15, gamma=0.5, orientation_bins=12, orientation_offset=1.5708, sigma_scale=0.55, strength=0.08)",M2 Modified Gabor,"{""detail_clip"": 0.1, ""frequencies"": [0.07, 0.085, 0.105, 0.125, 0.15], ""gamma"": 0.5, ""orientation_bins"": 12, ""orientation_offset"": 1.5707963267948966, ""sigma_scale"": 0.55, ""strength"": 0.08}",27.210708483175573,0.7456378089148998,0.0019007681741822528,27.21497349978297,0.7458265190326572,0.0018989024289796344,0.004265016607398309,0.00018871011775734026,-1.865745202618346e-06,0.0001202746934723109,0.16910869999992428
353__M_Left_little_finger.BMP,353,"M2 Modified Gabor (detail_clip=0.1, frequencies=0.07/0.085/0.105/0.125/0.15, gamma=0.5, orientation_bins=12, orientation_offset=1.5708, sigma_scale=0.55, strength=0.08)",M2 Modified Gabor,"{""detail_clip"": 0.1, ""frequencies"": [0.07, 0.085, 0.105, 0.125, 0.15], ""gamma"": 0.5, ""orientation_bins"": 12, ""orientation_offset"": 1.5707963267948966, ""sigma_scale"": 0.55, ""strength"": 0.08}",27.310469338294897,0.8111156491096616,0.0018576036946173202,27.322802005699295,0.8116435206409395,0.0018523361370963948,0.012332667404397313,0.0005278715312778681,-5.267557520925465e-06,0.00018368707969784737,0.33094960000016727
353__M_Left_middle_finger.BMP,353,"M2 Modified Gabor (detail_clip=0.1, frequencies=0.07/0.085/0.105/0.125/0.15, gamma=0.5, orientation_bins=12, orientation_offset=1.5708, sigma_scale=0.55, strength=0.08)",M2 Modified Gabor,"{""detail_clip"": 0.1, ""frequencies"": [0.07, 0.085, 0.105, 0.125, 0.15], ""gamma"": 0.5, ""orientation_bins"": 12, ""orientation_offset"": 1.5707963267948966, ""sigma_scale"": 0.55, ""strength"": 0.08}",27.07881538087769,0.8079627258788943,0.001959379057768534,27.086521883035886,0.8083184856513143,0.0019559052467621016,0.007706502158196571,0.00035575977241997236,-3.4738110064325145e-06,0.00017103439313359559,0.1935488000017358
353__M_Left_ring_finger.BMP,353,"M2 Modified Gabor (detail_clip=0.1, frequencies=0.07/0.085/0.105/0.125/0.15, gamma=0.5, orientation_bins=12, orientation_offset=1.5708, sigma_scale=0.55, strength=0.08)",M2 Modified Gabor,"{""detail_clip"": 0.1, ""frequencies"": [0.07, 0.085, 0.105, 0.125, 0.15], ""gamma"": 0.5, ""orientation_bins"": 12, ""orientation_offset"": 1.5707963267948966, ""sigma_scale"": 0.55, ""strength"": 0.08}",26.889426053059687,0.8387388352847099,0.0020467151048752454,26.89314658047637,0.8389461303706766,0.0020449624694747403,0.0037205274166822733,0.00020729508596661894,-1.7526354005050447e-06,0.00017614841635804623,0.230713700002525
353__M_Left_thumb_finger.BMP,353,"M2 Modified Gabor (detail_clip=0.1, frequencies=0.07/0.085/0.105/0.125/0.15, gamma=0.5, orientation_bins=12, orientation_offset=1.5708, sigma_scale=0.55, strength=0.08)",M2 Modified Gabor,"{""detail_clip"": 0.1, ""frequencies"": [0.07, 0.085, 0.105, 0.125, 0.15], ""gamma"": 0.5, ""orientation_bins"": 12, ""orientation_offset"": 1.5707963267948966, ""sigma_scale"": 0.55, ""strength"": 0.08}",27.050436755067842,0.817199472497642,0.0019722243862978625,27.05585775908748,0.8174566449306607,0.001969764127913664,0.005421004019638076,0.0002571724330187042,-2.4602583841982877e-06,0.0001775592827470973,0.21088469999813242
353__M_Right_index_finger.BMP,353,"M2 Modified Gabor (detail_clip=0.1, frequencies=0.07/0.085/0.105/0.125/0.15, gamma=0.5, orientation_bins=12, orientation_offset=1.5708, sigma_scale=0.55, strength=0.08)",M2 Modified Gabor,"{""detail_clip"": 0.1, ""frequencies"": [0.07, 0.085, 0.105, 0.125, 0.15], ""gamma"": 0.5, ""orientation_bins"": 12, ""orientation_offset"": 1.5707963267948966, ""sigma_scale"": 0.55, ""strength"": 0.08}",27.759630496506418,0.7777755392009615,0.001675085388445793,27.765355186975142,0.7779820931247473,0.0016728788147052896,0.0057246904687247024,0.0002065539237857683,-2.206573740503497e-06,0.00014254391135182232,0.21348769999895012
353__M_Right_little_finger.BMP,353,"M2 Modified Gabor (detail_clip=0.1, frequencies=0.07/0.085/0.105/0.125/0.15, gamma=0.5, orientation_bins=12, orientation_offset=1.5708, sigma_scale=0.55, strength=0.08)",M2 Modified Gabor,"{""detail_clip"": 0.1, ""frequencies"": [0.07, 0.085, 0.105, 0.125, 0.15], ""gamma"": 0.5, ""orientation_bins"": 12, ""orientation_offset"": 1.5707963267948966, ""sigma_scale"": 0.55, ""strength"": 0.08}",27.173805315813695,0.7856670542563796,0.001916988327244512,27.180192334170442,0.7859572047271133,0.0019141711510513083,0.006387018356747376,0.0002901504707336633,-2.8171761932037007e-06,0.00015340973914135247,0.2079580999998143
353__M_Right_middle_finger.BMP,353,"M2 Modified Gabor (detail_clip=0.1, frequencies=0.07/0.085/0.105/0.125/0.15, gamma=0.5, orientation_bins=12, orientation_offset=1.5708, sigma_scale=0.55, strength=0.08)",M2 Modified Gabor,"{""detail_clip"": 0.1, ""frequencies"": [0.07, 0.085, 0.105, 0.125, 0.15], ""gamma"": 0.5, ""orientation_bins"": 12, ""orientation_offset"": 1.5707963267948966, ""sigma_scale"": 0.55, ""strength"": 0.08}",26.857230134638407,0.8565264380849004,0.002061944571451783,26.862314692658842,0.8567950476849675,0.0020595319361418406,0.005084558020435281,0.00026860960006713785,-2.412635309942488e-06,0.0001943656534422189,0.2603071999983513
353__M_Right_ring_finger.BMP,353,"M2 Modified Gabor (detail_clip=0.1, frequencies=0.07/0.085/0.105/0.125/0.15, gamma=0.5, orientation_bins=12, orientation_offset=1.5708, sigma_scale=0.55, strength=0.08)",M2 Modified Gabor,"{""detail_clip"": 0.1, ""frequencies"": [0.07, 0.085, 0.105, 0.125, 0.15], ""gamma"": 0.5, ""orientation_bins"": 12, ""orientation_offset"": 1.5707963267948966, ""sigma_scale"": 0.55, ""strength"": 0.08}",26.911811584863287,0.8226192198185026,0.0020361925377766475,26.917034371910795,0.8228794033332765,0.0020337453024375,0.005222787047507893,0.0002601835147738596,-2.4472353391475146e-06,0.00017015798948705196,0.22990820000268286
353__M_Right_thumb_finger.BMP,353,"M2 Modified Gabor (detail_clip=0.1, frequencies=0.07/0.085/0.105/0.125/0.15, gamma=0.5, orientation_bins=12, orientation_offset=1.5708, sigma_scale=0.55, strength=0.08)",M2 Modified Gabor,"{""detail_clip"": 0.1, ""frequencies"": [0.07, 0.085, 0.105, 0.125, 0.15], ""gamma"": 0.5, ""orientation_bins"": 12, ""orientation_offset"": 1.5707963267948966, ""sigma_scale"": 0.55, ""strength"": 0.08}",27.32793629146971,0.8724088980541229,0.0018501475751853827,27.331992699363127,0.8725370837774574,0.0018484203026239811,0.004056407893415326,0.00012818572333450629,-1.7272725614015955e-06,0.0001809590612538159,0.20770220000122208
382__M_Left_index_finger.BMP,382,"M2 Modified Gabor (detail_clip=0.1, frequencies=0.07/0.085/0.105/0.125/0.15, gamma=0.5, orientation_bins=12, orientation_offset=1.5708, sigma_scale=0.55, strength=0.08)",M2 Modified Gabor,"{""detail_clip"": 0.1, ""frequencies"": [0.07, 0.085, 0.105, 0.125, 0.15], ""gamma"": 0.5, ""orientation_bins"": 12, ""orientation_offset"": 1.5707963267948966, ""sigma_scale"": 0.55, ""strength"": 0.08}",27.724036629139857,0.7947871396856904,0.0016888704505084351,27.73107251190392,0.795033864560783,0.0016861365741239831,0.007035882764064638,0.00024672487509258545,-2.733876384451977e-06,0.0001363721239613369,0.22221130000252742
382__M_Left_little_finger.BMP,382,"M2 Modified Gabor (detail_clip=0.1, frequencies=0.07/0.085/0.105/0.125/0.15, gamma=0.5, orientation_bins=12, orientation_offset=1.5708, sigma_scale=0.55, strength=0.08)",M2 Modified Gabor,"{""detail_clip"": 0.1, ""frequencies"": [0.07, 0.085, 0.105, 0.125, 0.15], ""gamma"": 0.5, ""orientation_bins"": 12, ""orientation_offset"": 1.5707963267948966, ""sigma_scale"": 0.55, ""strength"": 0.08}",27.09271034075746,0.893729249388218,0.0019531201740218458,27.098653384583336,0.8939621110875606,0.001950449281148937,0.005943043825876515,0.00023286169934266798,-2.670892872908828e-06,0.00020658932044170797,0.2306620999952429
382__M_Left_middle_finger.BMP,382,"M2 Modified Gabor (detail_clip=0.1, frequencies=0.07/0.085/0.105/0.125/0.15, gamma=0.5, orientation_bins=12, orientation_offset=1.5708, sigma_scale=0.55, strength=0.08)",M2 Modified Gabor,"{""detail_clip"": 0.1, ""frequencies"": [0.07, 0.085, 0.105, 0.125, 0.15], ""gamma"": 0.5, ""orientation_bins"": 12, ""orientation_offset"": 1.5707963267948966, ""sigma_scale"": 0.55, ""strength"": 0.08}",27.57607971360535,0.8350109269056917,0.0017473987819297552,27.580274251782768,0.8351584316488504,0.001745711909815781,0.004194538177419105,0.00014750474315872175,-1.6868721139742283e-06,0.00013412910629995167,0.2781237000017427
382__M_Left_ring_finger.BMP,382,"M2 Modified Gabor (detail_clip=0.1, frequencies=0.07/0.085/0.105/0.125/0.15, gamma=0.5, orientation_bins=12, orientation_offset=1.5708, sigma_scale=0.55, strength=0.08)",M2 Modified Gabor,"{""detail_clip"": 0.1, ""frequencies"": [0.07, 0.085, 0.105, 0.125, 0.15], ""gamma"": 0.5, ""orientation_bins"": 12, ""orientation_offset"": 1.5707963267948966, ""sigma_scale"": 0.55, ""strength"": 0.08}",27.060884356324884,0.8998926139307618,0.0019674856086986654,27.067862260323125,0.9001323904189468,0.0019643269449601793,0.00697790399824072,0.00023977648818496178,-3.158663738486115e-06,0.00020717841107398272,0.25430709999636747
382__M_Left_thumb_finger.BMP,382,"M2 Modified Gabor (detail_clip=0.1, frequencies=0.07/0.085/0.105/0.125/0.15, gamma=0.5, orientation_bins=12, orientation_offset=1.5708, sigma_scale=0.55, strength=0.08)",M2 Modified Gabor,"{""detail_clip"": 0.1, ""frequencies"": [0.07, 0.085, 0.105, 0.125, 0.15], ""gamma"": 0.5, ""orientation_bins"": 12, ""orientation_offset"": 1.5707963267948966, ""sigma_scale"": 0.55, ""strength"": 0.08}",27.255791680260188,0.8907386924384832,0.0018811387600763264,27.262501308665644,0.8909353943882883,0.0018782347404238146,0.006709628405456414,0.00019670194980503375,-2.9040196525117936e-06,0.00021941940940450877,0.24355999999534106
382__M_Right_index_finger.BMP,382,"M2 Modified Gabor (detail_clip=0.1, frequencies=0.07/0.085/0.105/0.125/0.15, gamma=0.5, orientation_bins=12, orientation_offset=1.5708, sigma_scale=0.55, strength=0.08)",M2 Modified Gabor,"{""detail_clip"": 0.1, ""frequencies"": [0.07, 0.085, 0.105, 0.125, 0.15], ""gamma"": 0.5, ""orientation_bins"": 12, ""orientation_offset"": 1.5707963267948966, ""sigma_scale"": 0.55, ""strength"": 0.08}",27.455173245065584,0.8698757472695112,0.0017967294051407137,27.467360833391346,0.8702836195767522,0.0017916943190172253,0.012187588325762277,0.0004078723072409307,-5.035086123488354e-06,0.0002830526209436357,0.28848889999790117
382__M_Right_little_finger.BMP,382,"M2 Modified Gabor (detail_clip=0.1, frequencies=0.07/0.085/0.105/0.125/0.15, gamma=0.5, orientation_bins=12, orientation_offset=1.5708, sigma_scale=0.55, strength=0.08)",M2 Modified Gabor,"{""detail_clip"": 0.1, ""frequencies"": [0.07, 0.085, 0.105, 0.125, 0.15], ""gamma"": 0.5, ""orientation_bins"": 12, ""orientation_offset"": 1.5707963267948966, ""sigma_scale"": 0.55, ""strength"": 0.08}",27.739852403413927,0.8104227801680863,0.001682731248342592,27.748445165094036,0.8107030320402085,0.0016794051610123568,0.008592761680109362,0.0002802518721222169,-3.3260873302351675e-06,0.0001731826487230137,0.2732813000038732
382__M_Right_middle_finger.BMP,382,"M2 Modified Gabor (detail_clip=0.1, frequencies=0.07/0.085/0.105/0.125/0.15, gamma=0.5, orientation_bins=12, orientation_offset=1.5708, sigma_scale=0.55, strength=0.08)",M2 Modified Gabor,"{""detail_clip"": 0.1, ""frequencies"": [0.07, 0.085, 0.105, 0.125, 0.15], ""gamma"": 0.5, ""orientation_bins"": 12, ""orientation_offset"": 1.5707963267948966, ""sigma_scale"": 0.55, ""strength"": 0.08}",27.363344701743767,0.8778663659537435,0.0018351244851289054,27.372723563616436,0.8782013004020452,0.0018311656948089867,0.00937886187266912,0.00033493444830179353,-3.958790319918753e-06,0.00023735698778182268,0.29439080000156537
382__M_Right_ring_finger.BMP,382,"M2 Modified Gabor (detail_clip=0.1, frequencies=0.07/0.085/0.105/0.125/0.15, gamma=0.5, orientation_bins=12, orientation_offset=1.5708, sigma_scale=0.55, strength=0.08)",M2 Modified Gabor,"{""detail_clip"": 0.1, ""frequencies"": [0.07, 0.085, 0.105, 0.125, 0.15], ""gamma"": 0.5, ""orientation_bins"": 12, ""orientation_offset"": 1.5707963267948966, ""sigma_scale"": 0.55, ""strength"": 0.08}",27.682723706584703,0.8205907543003559,0.0017050127435947287,27.69175101128377,0.8208741132326722,0.0017014723615261058,0.009027304699067429,0.00028335893231634657,-3.5403820686228434e-06,0.00018287741113454103,0.23060099999565864
382__M_Right_thumb_finger.BMP,382,"M2 Modified Gabor (detail_clip=0.1, frequencies=0.07/0.085/0.105/0.125/0.15, gamma=0.5, orientation_bins=12, orientation_offset=1.5708, sigma_scale=0.55, strength=0.08)",M2 Modified Gabor,"{""detail_clip"": 0.1, ""frequencies"": [0.07, 0.085, 0.105, 0.125, 0.15], ""gamma"": 0.5, ""orientation_bins"": 12, ""orientation_offset"": 1.5707963267948966, ""sigma_scale"": 0.55, ""strength"": 0.08}",27.614139616680177,0.8601692046675384,0.001732152154429862,27.619810710342875,0.8604198621861041,0.0017298917558630038,0.005671093662698468,0.00025065751856567786,-2.2603985668581423e-06,0.00018111857934854925,0.3803479999987758
95__M_Left_index_finger.BMP,95,"M2 Modified Gabor (detail_clip=0.1, frequencies=0.07/0.085/0.105/0.125/0.15, gamma=0.5, orientation_bins=12, orientation_offset=1.5708, sigma_scale=0.55, strength=0.08)",M2 Modified Gabor,"{""detail_clip"": 0.1, ""frequencies"": [0.07, 0.085, 0.105, 0.125, 0.15], ""gamma"": 0.5, ""orientation_bins"": 12, ""orientation_offset"": 1.5707963267948966, ""sigma_scale"": 0.55, ""strength"": 0.08}",27.39134677204572,0.8359918886170089,0.0018233301895119857,27.401893633521478,0.8363503931894303,0.001818907596075081,0.010546861475759783,0.0003585045724213698,-4.422593436904671e-06,0.0001883283257484436,0.2094403000010061
95__M_Left_little_finger.BMP,95,"M2 Modified Gabor (detail_clip=0.1, frequencies=0.07/0.085/0.105/0.125/0.15, gamma=0.5, orientation_bins=12, orientation_offset=1.5708, sigma_scale=0.55, strength=0.08)",M2 Modified Gabor,"{""detail_clip"": 0.1, ""frequencies"": [0.07, 0.085, 0.105, 0.125, 0.15], ""gamma"": 0.5, ""orientation_bins"": 12, ""orientation_offset"": 1.5707963267948966, ""sigma_scale"": 0.55, ""strength"": 0.08}",27.54402322678643,0.7636391966834069,0.0017603445389775525,27.55001028904937,0.763907436676681,0.001757919449194418,0.005987062262942544,0.00026823999327418857,-2.4250897831346128e-06,0.00013690063497051597,0.22147129999939352
95__M_Left_middle_finger.BMP,95,"M2 Modified Gabor (detail_clip=0.1, frequencies=0.07/0.085/0.105/0.125/0.15, gamma=0.5, orientation_bins=12, orientation_offset=1.5708, sigma_scale=0.55, strength=0.08)",M2 Modified Gabor,"{""detail_clip"": 0.1, ""frequencies"": [0.07, 0.085, 0.105, 0.125, 0.15], ""gamma"": 0.5, ""orientation_bins"": 12, ""orientation_offset"": 1.5707963267948966, ""sigma_scale"": 0.55, ""strength"": 0.08}",27.293829348976956,0.8689211923083067,0.001864734754166977,27.29841598091854,0.8691172602753043,0.001862766426787493,0.00458663194158504,0.0001960679669976706,-1.9683273794839605e-06,0.00016022688942030072,0.2576019999978598
95__M_Left_ring_finger.BMP,95,"M2 Modified Gabor (detail_clip=0.1, frequencies=0.07/0.085/0.105/0.125/0.15, gamma=0.5, orientation_bins=12, orientation_offset=1.5708, sigma_scale=0.55, strength=0.08)",M2 Modified Gabor,"{""detail_clip"": 0.1, ""frequencies"": [0.07, 0.085, 0.105, 0.125, 0.15], ""gamma"": 0.5, ""orientation_bins"": 12, ""orientation_offset"": 1.5707963267948966, ""sigma_scale"": 0.55, ""strength"": 0.08}",27.092209087232433,0.8861374237051011,0.001953345612039718,27.09874481266001,0.8863932784448862,0.0019504082205421816,0.006535725427575301,0.00025585473978517737,-2.9373914975363777e-06,0.00018013460794463754,0.23529319999943255
95__M_Left_thumb_finger.BMP,95,"M2 Modified Gabor (detail_clip=0.1, frequencies=0.07/0.085/0.105/0.125/0.15, gamma=0.5, orientation_bins=12, orientation_offset=1.5708, sigma_scale=0.55, strength=0.08)",M2 Modified Gabor,"{""detail_clip"": 0.1, ""frequencies"": [0.07, 0.085, 0.105, 0.125, 0.15], ""gamma"": 0.5, ""orientation_bins"": 12, ""orientation_offset"": 1.5707963267948966, ""sigma_scale"": 0.55, ""strength"": 0.08}",27.28356618176967,0.8596593739498853,0.001869146672021306,27.290211508870016,0.8598711396480203,0.001866288797152298,0.006645327100343934,0.00021176569813496915,-2.8578748690079574e-06,0.00017030356684699655,0.2934614999976475
95__M_Right_index_finger.BMP,95,"M2 Modified Gabor (detail_clip=0.1, frequencies=0.07/0.085/0.105/0.125/0.15, gamma=0.5, orientation_bins=12, orientation_offset=1.5708, sigma_scale=0.55, strength=0.08)",M2 Modified Gabor,"{""detail_clip"": 0.1, ""frequencies"": [0.07, 0.085, 0.105, 0.125, 0.15], ""gamma"": 0.5, ""orientation_bins"": 12, ""orientation_offset"": 1.5707963267948966, ""sigma_scale"": 0.55, ""strength"": 0.08}",27.733939330068015,0.7975209111049771,0.0016850239070106336,27.741521662548074,0.7977866842131615,0.0016820845961574911,0.0075823324800587955,0.00026577310818431954,-2.9393108531424687e-06,0.00014226208440959454,0.25436140000238083
95__M_Right_little_finger.BMP,95,"M2 Modified Gabor (detail_clip=0.1, frequencies=0.07/0.085/0.105/0.125/0.15, gamma=0.5, orientation_bins=12, orientation_offset=1.5708, sigma_scale=0.55, strength=0.08)",M2 Modified Gabor,"{""detail_clip"": 0.1, ""frequencies"": [0.07, 0.085, 0.105, 0.125, 0.15], ""gamma"": 0.5, ""orientation_bins"": 12, ""orientation_offset"": 1.5707963267948966, ""sigma_scale"": 0.55, ""strength"": 0.08}",27.35006041895754,0.8177310701611936,0.0018407463928654848,27.35507909595878,0.8179082392579913,0.0018386204676515395,0.005018677001238814,0.00017716909679765802,-2.125925213945345e-06,0.0001390174584230408,0.2660528000051272
95__M_Right_middle_finger.BMP,95,"M2 Modified Gabor (detail_clip=0.1, frequencies=0.07/0.085/0.105/0.125/0.15, gamma=0.5, orientation_bins=12, orientation_offset=1.5708, sigma_scale=0.55, strength=0.08)",M2 Modified Gabor,"{""detail_clip"": 0.1, ""frequencies"": [0.07, 0.085, 0.105, 0.125, 0.15], ""gamma"": 0.5, ""orientation_bins"": 12, ""orientation_offset"": 1.5707963267948966, ""sigma_scale"": 0.55, ""strength"": 0.08}",27.256887464854394,0.8745515389959216,0.001880664182818134,27.2604630943812,0.8746977515024543,0.0018791164332627088,0.0035756295268072336,0.00014621250653268358,-1.5477495554252867e-06,0.00013983636745251715,0.2590922000017599
95__M_Right_ring_finger.BMP,95,"M2 Modified Gabor (detail_clip=0.1, frequencies=0.07/0.085/0.105/0.125/0.15, gamma=0.5, orientation_bins=12, orientation_offset=1.5708, sigma_scale=0.55, strength=0.08)",M2 Modified Gabor,"{""detail_clip"": 0.1, ""frequencies"": [0.07, 0.085, 0.105, 0.125, 0.15], ""gamma"": 0.5, ""orientation_bins"": 12, ""orientation_offset"": 1.5707963267948966, ""sigma_scale"": 0.55, ""strength"": 0.08}",27.06599395535293,0.8813759167299867,0.0019651721666833826,27.07174969603504,0.8816408536186219,0.001962569432853423,0.005755740682111821,0.00026493688863515885,-2.6027338299594582e-06,0.0001536811178084463,0.23250340000231517
95__M_Right_thumb_finger.BMP,95,"M2 Modified Gabor (detail_clip=0.1, frequencies=0.07/0.085/0.105/0.125/0.15, gamma=0.5, orientation_bins=12, orientation_offset=1.5708, sigma_scale=0.55, strength=0.08)",M2 Modified Gabor,"{""detail_clip"": 0.1, ""frequencies"": [0.07, 0.085, 0.105, 0.125, 0.15], ""gamma"": 0.5, ""orientation_bins"": 12, ""orientation_offset"": 1.5707963267948966, ""sigma_scale"": 0.55, ""strength"": 0.08}",27.280560331397304,0.858041308440566,0.0018704407985196255,27.28653090776632,0.8582435677646697,0.0018678711281388148,0.005970576369016101,0.00020225932410367076,-2.569670380810768e-06,0.00016760519065428525,0.2679636000029859
344__M_Left_index_finger.BMP,344,"M2 Modified Gabor (detail_clip=0.1, frequencies=0.07/0.085/0.105/0.125/0.15, gamma=0.5, orientation_bins=12, orientation_offset=1.5708, sigma_scale=0.55, strength=0.08)",M2 Modified Gabor,"{""detail_clip"": 0.1, ""frequencies"": [0.07, 0.085, 0.105, 0.125, 0.15], ""gamma"": 0.5, ""orientation_bins"": 12, ""orientation_offset"": 1.5707963267948966, ""sigma_scale"": 0.55, ""strength"": 0.08}",27.762510472264623,0.7805653719962835,0.0016739749423528873,27.771779627275638,0.7808940239748955,0.001670405984565984,0.009269155011015329,0.00032865197861198236,-3.5689577869031913e-06,0.00023159939155448228,0.27981529999669874
344__M_Left_little_finger.BMP,344,"M2 Modified Gabor (detail_clip=0.1, frequencies=0.07/0.085/0.105/0.125/0.15, gamma=0.5, orientation_bins=12, orientation_offset=1.5708, sigma_scale=0.55, strength=0.08)",M2 Modified Gabor,"{""detail_clip"": 0.1, ""frequencies"": [0.07, 0.085, 0.105, 0.125, 0.15], ""gamma"": 0.5, ""orientation_bins"": 12, ""orientation_offset"": 1.5707963267948966, ""sigma_scale"": 0.55, ""strength"": 0.08}",27.452418963348357,0.827007361033082,0.0017978692465879286,27.459016331580305,0.8272636222802401,0.0017951401764921544,0.0065973682319473426,0.00025626124715805165,-2.729070095774163e-06,0.00020051022875122726,0.2866050000011455
344__M_Left_middle_finger.BMP,344,"M2 Modified Gabor (detail_clip=0.1, frequencies=0.07/0.085/0.105/0.125/0.15, gamma=0.5, orientation_bins=12, orientation_offset=1.5708, sigma_scale=0.55, strength=0.08)",M2 Modified Gabor,"{""detail_clip"": 0.1, ""frequencies"": [0.07, 0.085, 0.105, 0.125, 0.15], ""gamma"": 0.5, ""orientation_bins"": 12, ""orientation_offset"": 1.5707963267948966, ""sigma_scale"": 0.55, ""strength"": 0.08}",27.198867390325397,0.8704623010368348,0.0019059577136130844,27.206329225850624,0.870737917299211,0.0019026858018481986,0.007461835525226945,0.0002756162623762659,-3.2719117648858168e-06,0.00021249933342915028,0.2828878000000259
344__M_Left_ring_finger.BMP,344,"M2 Modified Gabor (detail_clip=0.1, frequencies=0.07/0.085/0.105/0.125/0.15, gamma=0.5, orientation_bins=12, orientation_offset=1.5708, sigma_scale=0.55, strength=0.08)",M2 Modified Gabor,"{""detail_clip"": 0.1, ""frequencies"": [0.07, 0.085, 0.105, 0.125, 0.15], ""gamma"": 0.5, ""orientation_bins"": 12, ""orientation_offset"": 1.5707963267948966, ""sigma_scale"": 0.55, ""strength"": 0.08}",27.60905736985692,0.799125665891707,0.0017341803583473727,27.61534039920435,0.7993573422391415,0.0017316732972009626,0.006283029347429192,0.00023167634743448406,-2.5070611464101007e-06,0.0001953261817106977,0.2992454999985057
344__M_Left_thumb_finger.BMP,344,"M2 Modified Gabor (detail_clip=0.1, frequencies=0.07/0.085/0.105/0.125/0.15, gamma=0.5, orientation_bins=12, orientation_offset=1.5708, sigma_scale=0.55, strength=0.08)",M2 Modified Gabor,"{""detail_clip"": 0.1, ""frequencies"": [0.07, 0.085, 0.105, 0.125, 0.15], ""gamma"": 0.5, ""orientation_bins"": 12, ""orientation_offset"": 1.5707963267948966, ""sigma_scale"": 0.55, ""strength"": 0.08}",27.632042690311692,0.8132330956027806,0.0017250263404855889,27.63793504955009,0.8134552018612027,0.0017226874706568682,0.00589235923839837,0.00022210625842211673,-2.338869828720719e-06,0.00015278639330063015,0.21472069999435917
344__M_Right_index_finger.BMP,344,"M2 Modified Gabor (detail_clip=0.1, frequencies=0.07/0.085/0.105/0.125/0.15, gamma=0.5, orientation_bins=12, orientation_offset=1.5708, sigma_scale=0.55, strength=0.08)",M2 Modified Gabor,"{""detail_clip"": 0.1, ""frequencies"": [0.07, 0.085, 0.105, 0.125, 0.15], ""gamma"": 0.5, ""orientation_bins"": 12, ""orientation_offset"": 1.5707963267948966, ""sigma_scale"": 0.55, ""strength"": 0.08}",28.06532231982077,0.7543945262865425,0.0015612331638131629,28.074704399232786,0.7547338105089665,0.0015578640666051515,0.009382079412016964,0.0003392842224240189,-3.369097208011417e-06,0.00017023221880663186,0.21394750000035856
344__M_Right_little_finger.BMP,344,"M2 Modified Gabor (detail_clip=0.1, frequencies=0.07/0.085/0.105/0.125/0.15, gamma=0.5, orientation_bins=12, orientation_offset=1.5708, sigma_scale=0.55, strength=0.08)",M2 Modified Gabor,"{""detail_clip"": 0.1, ""frequencies"": [0.07, 0.085, 0.105, 0.125, 0.15], ""gamma"": 0.5, ""orientation_bins"": 12, ""orientation_offset"": 1.5707963267948966, ""sigma_scale"": 0.55, ""strength"": 0.08}",27.731778392957537,0.7995503482174575,0.0016858625399856957,27.73979291884769,0.7998447298282385,0.0016827542965801526,0.008014525890153834,0.00029438161078099156,-3.108243405543047e-06,0.0001714278623694554,0.21867999999813037
344__M_Right_middle_finger.BMP,344,"M2 Modified Gabor (detail_clip=0.1, frequencies=0.07/0.085/0.105/0.125/0.15, gamma=0.5, orientation_bins=12, orientation_offset=1.5708, sigma_scale=0.55, strength=0.08)",M2 Modified Gabor,"{""detail_clip"": 0.1, ""frequencies"": [0.07, 0.085, 0.105, 0.125, 0.15], ""gamma"": 0.5, ""orientation_bins"": 12, ""orientation_offset"": 1.5707963267948966, ""sigma_scale"": 0.55, ""strength"": 0.08}",27.123512802150984,0.8627072790634036,0.001939316621763977,27.128492920060978,0.8629517193586826,0.0019370940537921484,0.004980117909994419,0.0002444402952790359,-2.2225679718287147e-06,0.00017489626770839095,0.29899859999568434
344__M_Right_ring_finger.BMP,344,"M2 Modified Gabor (detail_clip=0.1, frequencies=0.07/0.085/0.105/0.125/0.15, gamma=0.5, orientation_bins=12, orientation_offset=1.5708, sigma_scale=0.55, strength=0.08)",M2 Modified Gabor,"{""detail_clip"": 0.1, ""frequencies"": [0.07, 0.085, 0.105, 0.125, 0.15], ""gamma"": 0.5, ""orientation_bins"": 12, ""orientation_offset"": 1.5707963267948966, ""sigma_scale"": 0.55, ""strength"": 0.08}",27.835652295697912,0.7775291997701526,0.0016460187212879532,27.84364489105265,0.7778372641575336,0.0016429922349559375,0.007992595354739507,0.00030806438738106845,-3.0264863320156148e-06,0.00016608997248113155,0.22416920000250684
344__M_Right_thumb_finger.BMP,344,"M2 Modified Gabor (detail_clip=0.1, frequencies=0.07/0.085/0.105/0.125/0.15, gamma=0.5, orientation_bins=12, orientation_offset=1.5708, sigma_scale=0.55, strength=0.08)",M2 Modified Gabor,"{""detail_clip"": 0.1, ""frequencies"": [0.07, 0.085, 0.105, 0.125, 0.15], ""gamma"": 0.5, ""orientation_bins"": 12, ""orientation_offset"": 1.5707963267948966, ""sigma_scale"": 0.55, ""strength"": 0.08}",27.33616603778286,0.8854889540035129,0.0018466449224242521,27.341064485600043,0.8856638751039505,0.0018445632486470214,0.0048984478171831825,0.00017492110043759723,-2.0816737772307546e-06,0.0002088703477056697,0.2262066999974195
11__M_Left_index_finger.BMP,11,"M2 Modified Gabor (detail_clip=0.1, frequencies=0.07/0.085/0.105/0.125/0.15, gamma=0.5, orientation_bins=12, orientation_offset=1.5708, sigma_scale=0.55, strength=0.08)",M2 Modified Gabor,"{""detail_clip"": 0.1, ""frequencies"": [0.07, 0.085, 0.105, 0.125, 0.15], ""gamma"": 0.5, ""orientation_bins"": 12, ""orientation_offset"": 1.5707963267948966, ""sigma_scale"": 0.55, ""strength"": 0.08}",27.203616911366883,0.9008611038495302,0.0019038744639929986,27.21450549694875,0.9012821085006595,0.0018991070688359687,0.010888585581867005,0.0004210046511292642,-4.76739515702985e-06,0.00024275491887237877,0.3399018000054639
11__M_Left_little_finger.BMP,11,"M2 Modified Gabor (detail_clip=0.1, frequencies=0.07/0.085/0.105/0.125/0.15, gamma=0.5, orientation_bins=12, orientation_offset=1.5708, sigma_scale=0.55, strength=0.08)",M2 Modified Gabor,"{""detail_clip"": 0.1, ""frequencies"": [0.07, 0.085, 0.105, 0.125, 0.15], ""gamma"": 0.5, ""orientation_bins"": 12, ""orientation_offset"": 1.5707963267948966, ""sigma_scale"": 0.55, ""strength"": 0.08}",27.603947845869165,0.8116633612370789,0.0017362218419469892,27.616552280079958,0.8120963923726976,0.001731190148308668,0.012604434210793158,0.0004330311356186556,-5.031693638321219e-06,0.00020621907606255263,0.31223830000089947
11__M_Left_middle_finger.BMP,11,"M2 Modified Gabor (detail_clip=0.1, frequencies=0.07/0.085/0.105/0.125/0.15, gamma=0.5, orientation_bins=12, orientation_offset=1.5708, sigma_scale=0.55, strength=0.08)",M2 Modified Gabor,"{""detail_clip"": 0.1, ""frequencies"": [0.07, 0.085, 0.105, 0.125, 0.15], ""gamma"": 0.5, ""orientation_bins"": 12, ""orientation_offset"": 1.5707963267948966, ""sigma_scale"": 0.55, ""strength"": 0.08}",27.590430544347054,0.8268025367977023,0.0017416342053143082,27.601074816463438,0.8271705906313658,0.0017373708012199294,0.010644272116383746,0.0003680538336634509,-4.263404094378845e-06,0.00020591123029589653,0.23320650000096066
11__M_Left_ring_finger.BMP,11,"M2 Modified Gabor (detail_clip=0.1, frequencies=0.07/0.085/0.105/0.125/0.15, gamma=0.5, orientation_bins=12, orientation_offset=1.5708, sigma_scale=0.55, strength=0.08)",M2 Modified Gabor,"{""detail_clip"": 0.1, ""frequencies"": [0.07, 0.085, 0.105, 0.125, 0.15], ""gamma"": 0.5, ""orientation_bins"": 12, ""orientation_offset"": 1.5707963267948966, ""sigma_scale"": 0.55, ""strength"": 0.08}",27.392334022377923,0.8411362929831148,0.001822915752113899,27.401342912566275,0.8414542811549306,0.0018191382630731016,0.00900889018835116,0.0003179881718158306,-3.7774890407973882e-06,0.00016849230451043695,0.40626870000414783
11__M_Left_thumb_finger.BMP,11,"M2 Modified Gabor (detail_clip=0.1, frequencies=0.07/0.085/0.105/0.125/0.15, gamma=0.5, orientation_bins=12, orientation_offset=1.5708, sigma_scale=0.55, strength=0.08)",M2 Modified Gabor,"{""detail_clip"": 0.1, ""frequencies"": [0.07, 0.085, 0.105, 0.125, 0.15], ""gamma"": 0.5, ""orientation_bins"": 12, ""orientation_offset"": 1.5707963267948966, ""sigma_scale"": 0.55, ""strength"": 0.08}",27.226832768569444,0.8868178059300185,0.0018937241741067202,27.230005174184726,0.886937769090265,0.0018923413641080146,0.003172405615281093,0.00011996316024653897,-1.3828099987055545e-06,0.00014016180648468435,0.2679414000012912
11__M_Right_index_finger.BMP,11,"M2 Modified Gabor (detail_clip=0.1, frequencies=0.07/0.085/0.105/0.125/0.15, gamma=0.5, orientation_bins=12, orientation_offset=1.5708, sigma_scale=0.55, strength=0.08)",M2 Modified Gabor,"{""detail_clip"": 0.1, ""frequencies"": [0.07, 0.085, 0.105, 0.125, 0.15], ""gamma"": 0.5, ""orientation_bins"": 12, ""orientation_offset"": 1.5707963267948966, ""sigma_scale"": 0.55, ""strength"": 0.08}",27.136074356580547,0.9018011115424037,0.001933715437414644,27.141675975453467,0.9020285928856134,0.001931222899582383,0.005601618872919545,0.00022748134320971225,-2.492537832260921e-06,0.00023721350589767098,0.257152700003644
11__M_Right_little_finger.BMP,11,"M2 Modified Gabor (detail_clip=0.1, frequencies=0.07/0.085/0.105/0.125/0.15, gamma=0.5, orientation_bins=12, orientation_offset=1.5708, sigma_scale=0.55, strength=0.08)",M2 Modified Gabor,"{""detail_clip"": 0.1, ""frequencies"": [0.07, 0.085, 0.105, 0.125, 0.15], ""gamma"": 0.5, ""orientation_bins"": 12, ""orientation_offset"": 1.5707963267948966, ""sigma_scale"": 0.55, ""strength"": 0.08}",27.152824278914682,0.8622665558641552,0.0019262718237624946,27.16048442809236,0.8625454014565944,0.0019228772321248234,0.007660149177677766,0.00027884559243918083,-3.394591637671243e-06,0.00022047314269002527,0.2264419999992242
11__M_Right_middle_finger.BMP,11,"M2 Modified Gabor (detail_clip=0.1, frequencies=0.07/0.085/0.105/0.125/0.15, gamma=0.5, orientation_bins=12, orientation_offset=1.5708, sigma_scale=0.55, strength=0.08)",M2 Modified Gabor,"{""detail_clip"": 0.1, ""frequencies"": [0.07, 0.085, 0.105, 0.125, 0.15], ""gamma"": 0.5, ""orientation_bins"": 12, ""orientation_offset"": 1.5707963267948966, ""sigma_scale"": 0.55, ""strength"": 0.08}",27.00580270522638,0.9078310691341758,0.001992598180785455,27.01236300255808,0.9081115520859062,0.001989590505356334,0.006560297331699161,0.000280482951730443,-3.0076754291212364e-06,0.00021537662541959435,0.2373585000023013
11__M_Right_ring_finger.BMP,11,"M2 Modified Gabor (detail_clip=0.1, frequencies=0.07/0.085/0.105/0.125/0.15, gamma=0.5, orientation_bins=12, orientation_offset=1.5708, sigma_scale=0.55, strength=0.08)",M2 Modified Gabor,"{""detail_clip"": 0.1, ""frequencies"": [0.07, 0.085, 0.105, 0.125, 0.15], ""gamma"": 0.5, ""orientation_bins"": 12, ""orientation_offset"": 1.5707963267948966, ""sigma_scale"": 0.55, ""strength"": 0.08}",27.021850611583677,0.8927556960483194,0.0019852487847385036,27.029797747359964,0.8930696497706175,0.0019816193084430567,0.007947135776287695,0.00031395372229814367,-3.6294762954468783e-06,0.00023695586423855275,0.22096630000305595
11__M_Right_thumb_finger.BMP,11,"M2 Modified Gabor (detail_clip=0.1, frequencies=0.07/0.085/0.105/0.125/0.15, gamma=0.5, orientation_bins=12, orientation_offset=1.5708, sigma_scale=0.55, strength=0.08)",M2 Modified Gabor,"{""detail_clip"": 0.1, ""frequencies"": [0.07, 0.085, 0.105, 0.125, 0.15], ""gamma"": 0.5, ""orientation_bins"": 12, ""orientation_offset"": 1.5707963267948966, ""sigma_scale"": 0.55, ""strength"": 0.08}",27.17641616657664,0.8897543843449354,0.001915836236548887,27.181195812642635,0.8899282824346423,0.0019137289147977132,0.004779646065994569,0.00017389808970691423,-2.1073217511737713e-06,0.00016525111277587712,0.20094169999356382
596__M_Left_index_finger.BMP,596,"M2 Modified Gabor (detail_clip=0.1, frequencies=0.07/0.085/0.105/0.125/0.15, gamma=0.5, orientation_bins=12, orientation_offset=1.5708, sigma_scale=0.55, strength=0.08)",M2 Modified Gabor,"{""detail_clip"": 0.1, ""frequencies"": [0.07, 0.085, 0.105, 0.125, 0.15], ""gamma"": 0.5, ""orientation_bins"": 12, ""orientation_offset"": 1.5707963267948966, ""sigma_scale"": 0.55, ""strength"": 0.08}",27.260806598241672,0.8798176140753031,0.0018789678110145568,27.265444306035803,0.8799831804170608,0.0018769623854546084,0.004637707794131529,0.0001655663417576836,-2.0054255599484105e-06,0.0001476976030971855,0.2144177000009222
596__M_Left_little_finger.BMP,596,"M2 Modified Gabor (detail_clip=0.1, frequencies=0.07/0.085/0.105/0.125/0.15, gamma=0.5, orientation_bins=12, orientation_offset=1.5708, sigma_scale=0.55, strength=0.08)",M2 Modified Gabor,"{""detail_clip"": 0.1, ""frequencies"": [0.07, 0.085, 0.105, 0.125, 0.15], ""gamma"": 0.5, ""orientation_bins"": 12, ""orientation_offset"": 1.5707963267948966, ""sigma_scale"": 0.55, ""strength"": 0.08}",27.245229741228027,0.8731450250470638,0.0018857192125455908,27.252307151177998,0.8734311007717848,0.0018826486832561485,0.007077409949971525,0.00028607572472094667,-3.0705292894423353e-06,0.00015796344086993486,0.24447840000357246
596__M_Left_middle_finger.BMP,596,"M2 Modified Gabor (detail_clip=0.1, frequencies=0.07/0.085/0.105/0.125/0.15, gamma=0.5, orientation_bins=12, orientation_offset=1.5708, sigma_scale=0.55, strength=0.08)",M2 Modified Gabor,"{""detail_clip"": 0.1, ""frequencies"": [0.07, 0.085, 0.105, 0.125, 0.15], ""gamma"": 0.5, ""orientation_bins"": 12, ""orientation_offset"": 1.5707963267948966, ""sigma_scale"": 0.55, ""strength"": 0.08}",26.99262791235228,0.912509316891849,0.0019986521208996,26.998473958349045,0.9127412125712633,0.001995963541565875,0.005846045996765525,0.00023189567941428457,-2.6885793337249123e-06,0.0001854283909779042,0.2031468000059249
596__M_Left_ring_finger.BMP,596,"M2 Modified Gabor (detail_clip=0.1, frequencies=0.07/0.085/0.105/0.125/0.15, gamma=0.5, orientation_bins=12, orientation_offset=1.5708, sigma_scale=0.55, strength=0.08)",M2 Modified Gabor,"{""detail_clip"": 0.1, ""frequencies"": [0.07, 0.085, 0.105, 0.125, 0.15], ""gamma"": 0.5, ""orientation_bins"": 12, ""orientation_offset"": 1.5707963267948966, ""sigma_scale"": 0.55, ""strength"": 0.08}",27.129796070868846,0.8973039204165042,0.001936512893520118,27.140757795025415,0.8977158116252423,0.0019316312396835897,0.010961724156569375,0.00041189120873807994,-4.881653836528305e-06,0.00022333311790134758,0.2817263999968418
596__M_Left_thumb_finger.BMP,596,"M2 Modified Gabor (detail_clip=0.1, frequencies=0.07/0.085/0.105/0.125/0.15, gamma=0.5, orientation_bins=12, orientation_offset=1.5708, sigma_scale=0.55, strength=0.08)",M2 Modified Gabor,"{""detail_clip"": 0.1, ""frequencies"": [0.07, 0.085, 0.105, 0.125, 0.15], ""gamma"": 0.5, ""orientation_bins"": 12, ""orientation_offset"": 1.5707963267948966, ""sigma_scale"": 0.55, ""strength"": 0.08}",27.379324201259738,0.8905684232832194,0.0018283847060455828,27.38352834288733,0.8906910420439244,0.0018266156140544431,0.004204141627592861,0.00012261876070496225,-1.7690919911397384e-06,0.00010043702786788344,0.22403690000646748
596__M_Right_index_finger.BMP,596,"M2 Modified Gabor (detail_clip=0.1, frequencies=0.07/0.085/0.105/0.125/0.15, gamma=0.5, orientation_bins=12, orientation_offset=1.5708, sigma_scale=0.55, strength=0.08)",M2 Modified Gabor,"{""detail_clip"": 0.1, ""frequencies"": [0.07, 0.085, 0.105, 0.125, 0.15], ""gamma"": 0.5, ""orientation_bins"": 12, ""orientation_offset"": 1.5707963267948966, ""sigma_scale"": 0.55, ""strength"": 0.08}",27.133718326101807,0.9018753187772035,0.001934764755031613,27.13831988469831,0.9020332142474056,0.0019327158645013117,0.004601558596501576,0.00015789547020206296,-2.0488905303013474e-06,0.00015951675595715642,0.24114949999784585
596__M_Right_little_finger.BMP,596,"M2 Modified Gabor (detail_clip=0.1, frequencies=0.07/0.085/0.105/0.125/0.15, gamma=0.5, orientation_bins=12, orientation_offset=1.5708, sigma_scale=0.55, strength=0.08)",M2 Modified Gabor,"{""detail_clip"": 0.1, ""frequencies"": [0.07, 0.085, 0.105, 0.125, 0.15], ""gamma"": 0.5, ""orientation_bins"": 12, ""orientation_offset"": 1.5707963267948966, ""sigma_scale"": 0.55, ""strength"": 0.08}",27.37921045502823,0.8755564471014738,0.0018284325939654745,27.38939677918911,0.8758983754854799,0.0018241490530532594,0.010186324160880389,0.00034192838400604053,-4.283540912215084e-06,0.0002040182880591601,0.275914499994542
596__M_Right_middle_finger.BMP,596,"M2 Modified Gabor (detail_clip=0.1, frequencies=0.07/0.085/0.105/0.125/0.15, gamma=0.5, orientation_bins=12, orientation_offset=1.5708, sigma_scale=0.55, strength=0.08)",M2 Modified Gabor,"{""detail_clip"": 0.1, ""frequencies"": [0.07, 0.085, 0.105, 0.125, 0.15], ""gamma"": 0.5, ""orientation_bins"": 12, ""orientation_offset"": 1.5707963267948966, ""sigma_scale"": 0.55, ""strength"": 0.08}",26.909507831988964,0.9266714336516261,0.0020372729403576964,26.91441261263327,0.9268842503121495,0.0020349734093040002,0.004904780644306328,0.0002128166605234183,-2.299531053696121e-06,0.00017658379510976374,0.33157320000464097
596__M_Right_ring_finger.BMP,596,"M2 Modified Gabor (detail_clip=0.1, frequencies=0.07/0.085/0.105/0.125/0.15, gamma=0.5, orientation_bins=12, orientation_offset=1.5708, sigma_scale=0.55, strength=0.08)",M2 Modified Gabor,"{""detail_clip"": 0.1, ""frequencies"": [0.07, 0.085, 0.105, 0.125, 0.15], ""gamma"": 0.5, ""orientation_bins"": 12, ""orientation_offset"": 1.5707963267948966, ""sigma_scale"": 0.55, ""strength"": 0.08}",27.017619156241306,0.899512990084827,0.001987184012026754,27.0220325879056,0.8996927513483167,0.001985165601387517,0.004413431664293199,0.00017976126348973054,-2.018410639236922e-06,0.00018887089390773326,0.21256700000230921
596__M_Right_thumb_finger.BMP,596,"M2 Modified Gabor (detail_clip=0.1, frequencies=0.07/0.085/0.105/0.125/0.15, gamma=0.5, orientation_bins=12, orientation_offset=1.5708, sigma_scale=0.55, strength=0.08)",M2 Modified Gabor,"{""detail_clip"": 0.1, ""frequencies"": [0.07, 0.085, 0.105, 0.125, 0.15], ""gamma"": 0.5, ""orientation_bins"": 12, ""orientation_offset"": 1.5707963267948966, ""sigma_scale"": 0.55, ""strength"": 0.08}",27.048373670607816,0.9173447010877133,0.001973161499765388,27.051394235508354,0.9174448535252213,0.0019717896218221518,0.0030205649005381474,0.00010015243750804981,-1.3718779432363506e-06,0.00011834868928417563,0.20854480000707554
64__M_Left_index_finger.BMP,64,"M2 Modified Gabor (detail_clip=0.1, frequencies=0.07/0.085/0.105/0.125/0.15, gamma=0.5, orientation_bins=12, orientation_offset=1.5708, sigma_scale=0.55, strength=0.08)",M2 Modified Gabor,"{""detail_clip"": 0.1, ""frequencies"": [0.07, 0.085, 0.105, 0.125, 0.15], ""gamma"": 0.5, ""orientation_bins"": 12, ""orientation_offset"": 1.5707963267948966, ""sigma_scale"": 0.55, ""strength"": 0.08}",27.62826064340018,0.8292306531518697,0.0017265292313591058,27.640506458846886,0.8296776297822595,0.0017216677884774804,0.012245815446707553,0.00044697663038972824,-4.861442881625355e-06,0.00020440973457880318,0.2050124000015785
64__M_Left_little_finger.BMP,64,"M2 Modified Gabor (detail_clip=0.1, frequencies=0.07/0.085/0.105/0.125/0.15, gamma=0.5, orientation_bins=12, orientation_offset=1.5708, sigma_scale=0.55, strength=0.08)",M2 Modified Gabor,"{""detail_clip"": 0.1, ""frequencies"": [0.07, 0.085, 0.105, 0.125, 0.15], ""gamma"": 0.5, ""orientation_bins"": 12, ""orientation_offset"": 1.5707963267948966, ""sigma_scale"": 0.55, ""strength"": 0.08}",27.893549799331836,0.7610234317880273,0.0016242206213852067,27.904202051395167,0.7613949171336889,0.0016202416607774927,0.010652252063330536,0.00037148534566155966,-3.978960607714001e-06,0.00017059763194993138,0.2163758000024245
64__M_Left_middle_finger.BMP,64,"M2 Modified Gabor (detail_clip=0.1, frequencies=0.07/0.085/0.105/0.125/0.15, gamma=0.5, orientation_bins=12, orientation_offset=1.5708, sigma_scale=0.55, strength=0.08)",M2 Modified Gabor,"{""detail_clip"": 0.1, ""frequencies"": [0.07, 0.085, 0.105, 0.125, 0.15], ""gamma"": 0.5, ""orientation_bins"": 12, ""orientation_offset"": 1.5707963267948966, ""sigma_scale"": 0.55, ""strength"": 0.08}",27.366287206965186,0.8809769827733636,0.0018338815417542622,27.373734325245334,0.8812667931783795,0.001830739565366505,0.007447118280147436,0.00028981040501596667,-3.1419763877572286e-06,0.00016021926421672106,0.23144150000007357
64__M_Left_ring_finger.BMP,64,"M2 Modified Gabor (detail_clip=0.1, frequencies=0.07/0.085/0.105/0.125/0.15, gamma=0.5, orientation_bins=12, orientation_offset=1.5708, sigma_scale=0.55, strength=0.08)",M2 Modified Gabor,"{""detail_clip"": 0.1, ""frequencies"": [0.07, 0.085, 0.105, 0.125, 0.15], ""gamma"": 0.5, ""orientation_bins"": 12, ""orientation_offset"": 1.5707963267948966, ""sigma_scale"": 0.55, ""strength"": 0.08}",27.55558662593171,0.8294891931387186,0.001755663730828133,27.563575045969575,0.82976987250036,0.0017524373282302,0.00798842003786504,0.0002806793616414449,-3.2264025979329095e-06,0.00018027886108029634,0.24086050000187242
64__M_Left_thumb_finger.BMP,64,"M2 Modified Gabor (detail_clip=0.1, frequencies=0.07/0.085/0.105/0.125/0.15, gamma=0.5, orientation_bins=12, orientation_offset=1.5708, sigma_scale=0.55, strength=0.08)",M2 Modified Gabor,"{""detail_clip"": 0.1, ""frequencies"": [0.07, 0.085, 0.105, 0.125, 0.15], ""gamma"": 0.5, ""orientation_bins"": 12, ""orientation_offset"": 1.5707963267948966, ""sigma_scale"": 0.55, ""strength"": 0.08}",27.204435955098237,0.91235571216169,0.0019035154427577963,27.211562720737085,0.9126115690098405,0.0019003943384647204,0.007126765638847843,0.00025585684815054854,-3.121104293075938e-06,0.00019560738292057067,0.2312180000008084
64__M_Right_index_finger.BMP,64,"M2 Modified Gabor (detail_clip=0.1, frequencies=0.07/0.085/0.105/0.125/0.15, gamma=0.5, orientation_bins=12, orientation_offset=1.5708, sigma_scale=0.55, strength=0.08)",M2 Modified Gabor,"{""detail_clip"": 0.1, ""frequencies"": [0.07, 0.085, 0.105, 0.125, 0.15], ""gamma"": 0.5, ""orientation_bins"": 12, ""orientation_offset"": 1.5707963267948966, ""sigma_scale"": 0.55, ""strength"": 0.08}",27.238002271579553,0.8908969863732458,0.001888860013503536,27.246744560246828,0.8911963710508645,0.0018850615884387738,0.008742288667274778,0.000299384677618697,-3.7984250647622037e-06,0.00021954048133920878,0.24500300000363495
64__M_Right_little_finger.BMP,64,"M2 Modified Gabor (detail_clip=0.1, frequencies=0.07/0.085/0.105/0.125/0.15, gamma=0.5, orientation_bins=12, orientation_offset=1.5708, sigma_scale=0.55, strength=0.08)",M2 Modified Gabor,"{""detail_clip"": 0.1, ""frequencies"": [0.07, 0.085, 0.105, 0.125, 0.15], ""gamma"": 0.5, ""orientation_bins"": 12, ""orientation_offset"": 1.5707963267948966, ""sigma_scale"": 0.55, ""strength"": 0.08}",27.444163471016246,0.8477464560411573,0.0018012900617678633,27.44851707663647,0.8479043098077774,0.0017994852547767864,0.0043536056202242435,0.00015785376662014183,-1.8048069910768256e-06,0.00014206371270120144,0.23183399999834364
64__M_Right_middle_finger.BMP,64,"M2 Modified Gabor (detail_clip=0.1, frequencies=0.07/0.085/0.105/0.125/0.15, gamma=0.5, orientation_bins=12, orientation_offset=1.5708, sigma_scale=0.55, strength=0.08)",M2 Modified Gabor,"{""detail_clip"": 0.1, ""frequencies"": [0.07, 0.085, 0.105, 0.125, 0.15], ""gamma"": 0.5, ""orientation_bins"": 12, ""orientation_offset"": 1.5707963267948966, ""sigma_scale"": 0.55, ""strength"": 0.08}",27.4283313174614,0.8536297265289425,0.0018078686269653874,27.4331403712093,0.8538304642542303,0.0018058678358169075,0.00480905374790197,0.00020073772528772515,-2.0007911484798933e-06,0.0001372869301121682,0.3221334000045317
64__M_Right_ring_finger.BMP,64,"M2 Modified Gabor (detail_clip=0.1, frequencies=0.07/0.085/0.105/0.125/0.15, gamma=0.5, orientation_bins=12, orientation_offset=1.5708, sigma_scale=0.55, strength=0.08)",M2 Modified Gabor,"{""detail_clip"": 0.1, ""frequencies"": [0.07, 0.085, 0.105, 0.125, 0.15], ""gamma"": 0.5, ""orientation_bins"": 12, ""orientation_offset"": 1.5707963267948966, ""sigma_scale"": 0.55, ""strength"": 0.08}",27.374413374669906,0.8559058133390546,0.0018304533389655862,27.378175946221557,0.8560448504698277,0.001828868186634268,0.0037625715516504954,0.00013903713077312307,-1.5851523313182604e-06,0.00011510978220030665,0.3645695999948657
64__M_Right_thumb_finger.BMP,64,"M2 Modified Gabor (detail_clip=0.1, frequencies=0.07/0.085/0.105/0.125/0.15, gamma=0.5, orientation_bins=12, orientation_offset=1.5708, sigma_scale=0.55, strength=0.08)",M2 Modified Gabor,"{""detail_clip"": 0.1, ""frequencies"": [0.07, 0.085, 0.105, 0.125, 0.15], ""gamma"": 0.5, ""orientation_bins"": 12, ""orientation_offset"": 1.5707963267948966, ""sigma_scale"": 0.55, ""strength"": 0.08}",27.17219743797839,0.9198942623021007,0.0019176981805384982,27.17608432679453,0.9200226980540752,0.001915982629145367,0.0038868888161402992,0.0001284357519745205,-1.7155513931312472e-06,0.00016646526637487113,0.2077454000027501
135__F_Left_index_finger.BMP,135,"M2 Modified Gabor (detail_clip=0.1, frequencies=0.07/0.085/0.105/0.125/0.15, gamma=0.5, orientation_bins=12, orientation_offset=1.5708, sigma_scale=0.55, strength=0.08)",M2 Modified Gabor,"{""detail_clip"": 0.1, ""frequencies"": [0.07, 0.085, 0.105, 0.125, 0.15], ""gamma"": 0.5, ""orientation_bins"": 12, ""orientation_offset"": 1.5707963267948966, ""sigma_scale"": 0.55, ""strength"": 0.08}",27.423818629850537,0.8518224754294157,0.0018097481319487815,27.438214988586445,0.8523890828528404,0.001803758958829486,0.014396358735908166,0.0005666074234247365,-5.989173119295456e-06,0.0002212776307715103,0.2517357999968226
135__F_Left_little_finger.BMP,135,"M2 Modified Gabor (detail_clip=0.1, frequencies=0.07/0.085/0.105/0.125/0.15, gamma=0.5, orientation_bins=12, orientation_offset=1.5708, sigma_scale=0.55, strength=0.08)",M2 Modified Gabor,"{""detail_clip"": 0.1, ""frequencies"": [0.07, 0.085, 0.105, 0.125, 0.15], ""gamma"": 0.5, ""orientation_bins"": 12, ""orientation_offset"": 1.5707963267948966, ""sigma_scale"": 0.55, ""strength"": 0.08}",27.84520262745671,0.7640395160872936,0.0016424030287879527,27.85550187303508,0.7644230106835366,0.0016385127029359748,0.01029924557836992,0.00038349459624298365,-3.890325851977879e-06,0.00015476555563509464,0.22321449999435572
135__F_Left_middle_finger.BMP,135,"M2 Modified Gabor (detail_clip=0.1, frequencies=0.07/0.085/0.105/0.125/0.15, gamma=0.5, orientation_bins=12, orientation_offset=1.5708, sigma_scale=0.55, strength=0.08)",M2 Modified Gabor,"{""detail_clip"": 0.1, ""frequencies"": [0.07, 0.085, 0.105, 0.125, 0.15], ""gamma"": 0.5, ""orientation_bins"": 12, ""orientation_offset"": 1.5707963267948966, ""sigma_scale"": 0.55, ""strength"": 0.08}",27.277573154300654,0.8487684782577753,0.0018717277731732577,27.284889579716875,0.8490545044583082,0.001868577185618847,0.007316425416220795,0.0002860262005328629,-3.1505875544106648e-06,0.00017407974519301206,0.20611659999849508
135__F_Left_ring_finger.BMP,135,"M2 Modified Gabor (detail_clip=0.1, frequencies=0.07/0.085/0.105/0.125/0.15, gamma=0.5, orientation_bins=12, orientation_offset=1.5708, sigma_scale=0.55, strength=0.08)",M2 Modified Gabor,"{""detail_clip"": 0.1, ""frequencies"": [0.07, 0.085, 0.105, 0.125, 0.15], ""gamma"": 0.5, ""orientation_bins"": 12, ""orientation_offset"": 1.5707963267948966, ""sigma_scale"": 0.55, ""strength"": 0.08}",27.513315591185844,0.8218552142975032,0.0017728355051089403,27.519528222244887,0.8221177540338337,0.0017703012571896855,0.006212631059042906,0.00026253973633050265,-2.5342479192547868e-06,0.00014947332965675741,0.22531610000442015
135__F_Left_thumb_finger.BMP,135,"M2 Modified Gabor (detail_clip=0.1, frequencies=0.07/0.085/0.105/0.125/0.15, gamma=0.5, orientation_bins=12, orientation_offset=1.5708, sigma_scale=0.55, strength=0.08)",M2 Modified Gabor,"{""detail_clip"": 0.1, ""frequencies"": [0.07, 0.085, 0.105, 0.125, 0.15], ""gamma"": 0.5, ""orientation_bins"": 12, ""orientation_offset"": 1.5707963267948966, ""sigma_scale"": 0.55, ""strength"": 0.08}",27.40938655376724,0.8404738877059519,0.0018157721246788688,27.415707021915985,0.8407007836766839,0.0018131314780044292,0.00632046814874343,0.00022689597073199952,-2.6406466744396256e-06,0.00018154014833271503,0.28890609999507433
135__F_Right_index_finger.BMP,135,"M2 Modified Gabor (detail_clip=0.1, frequencies=0.07/0.085/0.105/0.125/0.15, gamma=0.5, orientation_bins=12, orientation_offset=1.5708, sigma_scale=0.55, strength=0.08)",M2 Modified Gabor,"{""detail_clip"": 0.1, ""frequencies"": [0.07, 0.085, 0.105, 0.125, 0.15], ""gamma"": 0.5, ""orientation_bins"": 12, ""orientation_offset"": 1.5707963267948966, ""sigma_scale"": 0.55, ""strength"": 0.08}",27.76410661094929,0.810985444376856,0.0016733598285670905,27.771408912629273,0.811234816305101,0.0016705485768437616,0.007302301679981582,0.0002493719282449236,-2.811251723328946e-06,0.00014303677016869187,0.2530207999952836
135__F_Right_little_finger.BMP,135,"M2 Modified Gabor (detail_clip=0.1, frequencies=0.07/0.085/0.105/0.125/0.15, gamma=0.5, orientation_bins=12, orientation_offset=1.5708, sigma_scale=0.55, strength=0.08)",M2 Modified Gabor,"{""detail_clip"": 0.1, ""frequencies"": [0.07, 0.085, 0.105, 0.125, 0.15], ""gamma"": 0.5, ""orientation_bins"": 12, ""orientation_offset"": 1.5707963267948966, ""sigma_scale"": 0.55, ""strength"": 0.08}",27.623988349878612,0.7982188686416746,0.0017282285089849337,27.63179205924134,0.7985035606409907,0.0017251258945190056,0.00780370936272945,0.0002846919993161334,-3.102614465928062e-06,0.00014646985800936818,0.21168939999915892
135__F_Right_middle_finger.BMP,135,"M2 Modified Gabor (detail_clip=0.1, frequencies=0.07/0.085/0.105/0.125/0.15, gamma=0.5, orientation_bins=12, orientation_offset=1.5708, sigma_scale=0.55, strength=0.08)",M2 Modified Gabor,"{""detail_clip"": 0.1, ""frequencies"": [0.07, 0.085, 0.105, 0.125, 0.15], ""gamma"": 0.5, ""orientation_bins"": 12, ""orientation_offset"": 1.5707963267948966, ""sigma_scale"": 0.55, ""strength"": 0.08}",27.462280945105775,0.8639801968122423,0.0017937912676214527,27.46869497654908,0.8642260540282727,0.0017911439989707128,0.006414031443306101,0.00024585721603043176,-2.647268650739828e-06,0.00016295209934469312,0.204266100001405
135__F_Right_ring_finger.BMP,135,"M2 Modified Gabor (detail_clip=0.1, frequencies=0.07/0.085/0.105/0.125/0.15, gamma=0.5, orientation_bins=12, orientation_offset=1.5708, sigma_scale=0.55, strength=0.08)",M2 Modified Gabor,"{""detail_clip"": 0.1, ""frequencies"": [0.07, 0.085, 0.105, 0.125, 0.15], ""gamma"": 0.5, ""orientation_bins"": 12, ""orientation_offset"": 1.5707963267948966, ""sigma_scale"": 0.55, ""strength"": 0.08}",27.609956684626994,0.804960805271864,0.0017338212903388998,27.616393125968763,0.8051931920725107,0.0017312535916839474,0.006436441341769239,0.00023238680064674444,-2.567698654952445e-06,0.000141797456308268,0.21239519999653567
135__F_Right_thumb_finger.BMP,135,"M2 Modified Gabor (detail_clip=0.1, frequencies=0.07/0.085/0.105/0.125/0.15, gamma=0.5, orientation_bins=12, orientation_offset=1.5708, sigma_scale=0.55, strength=0.08)",M2 Modified Gabor,"{""detail_clip"": 0.1, ""frequencies"": [0.07, 0.085, 0.105, 0.125, 0.15], ""gamma"": 0.5, ""orientation_bins"": 12, ""orientation_offset"": 1.5707963267948966, ""sigma_scale"": 0.55, ""strength"": 0.08}",27.4081633167771,0.8748101439685225,0.0018162836284053958,27.412006450946535,0.8749247568154335,0.0018146770839002034,0.0038431341694362686,0.0001146128469109442,-1.6065445051923703e-06,0.0001416211889591068,0.2561132999981055
424__M_Left_index_finger.BMP,424,"M2 Modified Gabor (detail_clip=0.1, frequencies=0.07/0.085/0.105/0.125/0.15, gamma=0.5, orientation_bins=12, orientation_offset=1.5708, sigma_scale=0.55, strength=0.08)",M2 Modified Gabor,"{""detail_clip"": 0.1, ""frequencies"": [0.07, 0.085, 0.105, 0.125, 0.15], ""gamma"": 0.5, ""orientation_bins"": 12, ""orientation_offset"": 1.5707963267948966, ""sigma_scale"": 0.55, ""strength"": 0.08}",27.317375192056165,0.8694038546025753,0.0018546522075444747,27.32370115984938,0.8696309196488857,0.001851952673020334,0.006325967793216591,0.00022706504631042623,-2.6995345241407655e-06,0.00018527224892750382,0.27095209999970393
424__M_Left_little_finger.BMP,424,"M2 Modified Gabor (detail_clip=0.1, frequencies=0.07/0.085/0.105/0.125/0.15, gamma=0.5, orientation_bins=12, orientation_offset=1.5708, sigma_scale=0.55, strength=0.08)",M2 Modified Gabor,"{""detail_clip"": 0.1, ""frequencies"": [0.07, 0.085, 0.105, 0.125, 0.15], ""gamma"": 0.5, ""orientation_bins"": 12, ""orientation_offset"": 1.5707963267948966, ""sigma_scale"": 0.55, ""strength"": 0.08}",27.401363411044105,0.8357121815637946,0.0018191296768536327,27.412932879159587,0.8361280417775512,0.0018142900219366685,0.011569468115482096,0.00041586021375661364,-4.839654916964165e-06,0.00021544819173868746,0.20455569999467116
424__M_Left_middle_finger.BMP,424,"M2 Modified Gabor (detail_clip=0.1, frequencies=0.07/0.085/0.105/0.125/0.15, gamma=0.5, orientation_bins=12, orientation_offset=1.5708, sigma_scale=0.55, strength=0.08)",M2 Modified Gabor,"{""detail_clip"": 0.1, ""frequencies"": [0.07, 0.085, 0.105, 0.125, 0.15], ""gamma"": 0.5, ""orientation_bins"": 12, ""orientation_offset"": 1.5707963267948966, ""sigma_scale"": 0.55, ""strength"": 0.08}",27.33433390698997,0.857370330765605,0.00184742411923931,27.341212964804686,0.8575908502212762,0.0018445001866893489,0.0068790578147179815,0.00022051945567125308,-2.9239325499610253e-06,0.00021802628180012107,0.2123280000014347
424__M_Left_ring_finger.BMP,424,"M2 Modified Gabor (detail_clip=0.1, frequencies=0.07/0.085/0.105/0.125/0.15, gamma=0.5, orientation_bins=12, orientation_offset=1.5708, sigma_scale=0.55, strength=0.08)",M2 Modified Gabor,"{""detail_clip"": 0.1, ""frequencies"": [0.07, 0.085, 0.105, 0.125, 0.15], ""gamma"": 0.5, ""orientation_bins"": 12, ""orientation_offset"": 1.5707963267948966, ""sigma_scale"": 0.55, ""strength"": 0.08}",27.47424047270347,0.8357785314948559,0.0017888583509376465,27.48170651763119,0.8360552002242804,0.0017857857299572071,0.007466044927717519,0.0002766687294244452,-3.0726209804393927e-06,0.00019382282334845513,0.2949192000014591
424__M_Left_thumb_finger.BMP,424,"M2 Modified Gabor (detail_clip=0.1, frequencies=0.07/0.085/0.105/0.125/0.15, gamma=0.5, orientation_bins=12, orientation_offset=1.5708, sigma_scale=0.55, strength=0.08)",M2 Modified Gabor,"{""detail_clip"": 0.1, ""frequencies"": [0.07, 0.085, 0.105, 0.125, 0.15], ""gamma"": 0.5, ""orientation_bins"": 12, ""orientation_offset"": 1.5707963267948966, ""sigma_scale"": 0.55, ""strength"": 0.08}",27.188600361672783,0.87748993679744,0.0019104688626597399,27.195755598173218,0.8777946608572901,0.0019073238533685937,0.00715523650043437,0.0003047240598500478,-3.145009291146165e-06,0.00019190703460481018,0.22671399999671848
424__M_Right_index_finger.BMP,424,"M2 Modified Gabor (detail_clip=0.1, frequencies=0.07/0.085/0.105/0.125/0.15, gamma=0.5, orientation_bins=12, orientation_offset=1.5708, sigma_scale=0.55, strength=0.08)",M2 Modified Gabor,"{""detail_clip"": 0.1, ""frequencies"": [0.07, 0.085, 0.105, 0.125, 0.15], ""gamma"": 0.5, ""orientation_bins"": 12, ""orientation_offset"": 1.5707963267948966, ""sigma_scale"": 0.55, ""strength"": 0.08}",27.174379366690623,0.8955533714926243,0.001916734956282951,27.184096772114536,0.8958998500291109,0.0019124510269827495,0.009717405423913306,0.0003464785364866163,-4.283929300201569e-06,0.0002342194929951802,0.2956763000038336
424__M_Right_little_finger.BMP,424,"M2 Modified Gabor (detail_clip=0.1, frequencies=0.07/0.085/0.105/0.125/0.15, gamma=0.5, orientation_bins=12, orientation_offset=1.5708, sigma_scale=0.55, strength=0.08)",M2 Modified Gabor,"{""detail_clip"": 0.1, ""frequencies"": [0.07, 0.085, 0.105, 0.125, 0.15], ""gamma"": 0.5, ""orientation_bins"": 12, ""orientation_offset"": 1.5707963267948966, ""sigma_scale"": 0.55, ""strength"": 0.08}",27.337320892699953,0.8497580680266619,0.0018461539368058535,27.342682778374993,0.849968328654468,0.0018438760450513632,0.0053618856750397015,0.00021026062780615806,-2.277891754490311e-06,0.00014651150559075177,0.24877310000010766
424__M_Right_middle_finger.BMP,424,"M2 Modified Gabor (detail_clip=0.1, frequencies=0.07/0.085/0.105/0.125/0.15, gamma=0.5, orientation_bins=12, orientation_offset=1.5708, sigma_scale=0.55, strength=0.08)",M2 Modified Gabor,"{""detail_clip"": 0.1, ""frequencies"": [0.07, 0.085, 0.105, 0.125, 0.15], ""gamma"": 0.5, ""orientation_bins"": 12, ""orientation_offset"": 1.5707963267948966, ""sigma_scale"": 0.55, ""strength"": 0.08}",27.02658269471865,0.9094320907896459,0.0019830868309300355,27.036447417154772,0.9098441209603548,0.0019785874874708224,0.009864722436123685,0.00041203017070889913,-4.4993434592131495e-06,0.00023173759109340608,0.22810980000213021
424__M_Right_ring_finger.BMP,424,"M2 Modified Gabor (detail_clip=0.1, frequencies=0.07/0.085/0.105/0.125/0.15, gamma=0.5, orientation_bins=12, orientation_offset=1.5708, sigma_scale=0.55, strength=0.08)",M2 Modified Gabor,"{""detail_clip"": 0.1, ""frequencies"": [0.07, 0.085, 0.105, 0.125, 0.15], ""gamma"": 0.5, ""orientation_bins"": 12, ""orientation_offset"": 1.5707963267948966, ""sigma_scale"": 0.55, ""strength"": 0.08}",27.345673241984777,0.8621827862345576,0.0018426068264797268,27.35123709576677,0.8623915914311409,0.0018402477288745787,0.005563853781993089,0.00020880519658328378,-2.359097605148094e-06,0.00016904980293475091,0.22291840000252705
424__M_Right_thumb_finger.BMP,424,"M2 Modified Gabor (detail_clip=0.1, frequencies=0.07/0.085/0.105/0.125/0.15, gamma=0.5, orientation_bins=12, orientation_offset=1.5708, sigma_scale=0.55, strength=0.08)",M2 Modified Gabor,"{""detail_clip"": 0.1, ""frequencies"": [0.07, 0.085, 0.105, 0.125, 0.15], ""gamma"": 0.5, ""orientation_bins"": 12, ""orientation_offset"": 1.5707963267948966, ""sigma_scale"": 0.55, ""strength"": 0.08}",27.316341867708683,0.8624623335795403,0.0018550935406428924,27.321637932139925,0.862670563859582,0.0018528326998239854,0.005296064431242087,0.00020823028004168798,-2.2608408189069267e-06,0.00014171472867019475,0.21294620000116993
578__M_Left_index_finger.BMP,578,"M2 Modified Gabor (detail_clip=0.1, frequencies=0.07/0.085/0.105/0.125/0.15, gamma=0.5, orientation_bins=12, orientation_offset=1.5708, sigma_scale=0.55, strength=0.08)",M2 Modified Gabor,"{""detail_clip"": 0.1, ""frequencies"": [0.07, 0.085, 0.105, 0.125, 0.15], ""gamma"": 0.5, ""orientation_bins"": 12, ""orientation_offset"": 1.5707963267948966, ""sigma_scale"": 0.55, ""strength"": 0.08}",27.35761851769128,0.8417353274142743,0.0018375456973775935,27.362223191947127,0.8419158665009141,0.0018355984436839966,0.004604674255848096,0.00018053908663984153,-1.947253693596919e-06,0.00014055870997253805,0.21200129999488126
578__M_Left_little_finger.BMP,578,"M2 Modified Gabor (detail_clip=0.1, frequencies=0.07/0.085/0.105/0.125/0.15, gamma=0.5, orientation_bins=12, orientation_offset=1.5708, sigma_scale=0.55, strength=0.08)",M2 Modified Gabor,"{""detail_clip"": 0.1, ""frequencies"": [0.07, 0.085, 0.105, 0.125, 0.15], ""gamma"": 0.5, ""orientation_bins"": 12, ""orientation_offset"": 1.5707963267948966, ""sigma_scale"": 0.55, ""strength"": 0.08}",27.558573061930566,0.7953207645407915,0.0017544568596249083,27.5669000240552,0.795663574470669,0.00175109616779495,0.008326962124634463,0.0003428099298775633,-3.3606918299583337e-06,0.00015245884424075484,0.24157759999798145
578__M_Left_middle_finger.BMP,578,"M2 Modified Gabor (detail_clip=0.1, frequencies=0.07/0.085/0.105/0.125/0.15, gamma=0.5, orientation_bins=12, orientation_offset=1.5708, sigma_scale=0.55, strength=0.08)",M2 Modified Gabor,"{""detail_clip"": 0.1, ""frequencies"": [0.07, 0.085, 0.105, 0.125, 0.15], ""gamma"": 0.5, ""orientation_bins"": 12, ""orientation_offset"": 1.5707963267948966, ""sigma_scale"": 0.55, ""strength"": 0.08}",27.135093966852146,0.8753023115475178,0.0019341520095630068,27.139524216506757,0.8754843773882985,0.001932179981918373,0.004430249654610918,0.00018206584078073185,-1.9720276446338024e-06,0.00015082598838489503,0.3181161000029533
578__M_Left_ring_finger.BMP,578,"M2 Modified Gabor (detail_clip=0.1, frequencies=0.07/0.085/0.105/0.125/0.15, gamma=0.5, orientation_bins=12, orientation_offset=1.5708, sigma_scale=0.55, strength=0.08)",M2 Modified Gabor,"{""detail_clip"": 0.1, ""frequencies"": [0.07, 0.085, 0.105, 0.125, 0.15], ""gamma"": 0.5, ""orientation_bins"": 12, ""orientation_offset"": 1.5707963267948966, ""sigma_scale"": 0.55, ""strength"": 0.08}",27.372005875968817,0.8389899275420905,0.0018314683266980089,27.377123462057366,0.8391840607919097,0.0018293114545416078,0.00511758608854862,0.0001941332498192061,-2.1568721564010386e-06,0.0001297960407100618,0.24672129999817116
578__M_Left_thumb_finger.BMP,578,"M2 Modified Gabor (detail_clip=0.1, frequencies=0.07/0.085/0.105/0.125/0.15, gamma=0.5, orientation_bins=12, orientation_offset=1.5708, sigma_scale=0.55, strength=0.08)",M2 Modified Gabor,"{""detail_clip"": 0.1, ""frequencies"": [0.07, 0.085, 0.105, 0.125, 0.15], ""gamma"": 0.5, ""orientation_bins"": 12, ""orientation_offset"": 1.5707963267948966, ""sigma_scale"": 0.55, ""strength"": 0.08}",27.18213462021239,0.8910164943242669,0.0019133152717297223,27.187852868443585,0.8912110638498664,0.0019107977145108878,0.005718248231193712,0.00019456952559948615,-2.5175572188344993e-06,0.00019601824169512838,0.2146701000019675
578__M_Right_index_finger.BMP,578,"M2 Modified Gabor (detail_clip=0.1, frequencies=0.07/0.085/0.105/0.125/0.15, gamma=0.5, orientation_bins=12, orientation_offset=1.5708, sigma_scale=0.55, strength=0.08)",M2 Modified Gabor,"{""detail_clip"": 0.1, ""frequencies"": [0.07, 0.085, 0.105, 0.125, 0.15], ""gamma"": 0.5, ""orientation_bins"": 12, ""orientation_offset"": 1.5707963267948966, ""sigma_scale"": 0.55, ""strength"": 0.08}",27.16547226735446,0.8923490277692974,0.0019206700898596212,27.171820490335158,0.8925901609842777,0.0019178646351474308,0.006348222980697926,0.0002411332149803158,-2.8054547121904652e-06,0.00020202819723635912,0.2628342000025441
578__M_Right_little_finger.BMP,578,"M2 Modified Gabor (detail_clip=0.1, frequencies=0.07/0.085/0.105/0.125/0.15, gamma=0.5, orientation_bins=12, orientation_offset=1.5708, sigma_scale=0.55, strength=0.08)",M2 Modified Gabor,"{""detail_clip"": 0.1, ""frequencies"": [0.07, 0.085, 0.105, 0.125, 0.15], ""gamma"": 0.5, ""orientation_bins"": 12, ""orientation_offset"": 1.5707963267948966, ""sigma_scale"": 0.55, ""strength"": 0.08}",27.595665637936797,0.7815756484834254,0.0017395360610022487,27.604687026446044,0.7819226396824718,0.0017359263575913411,0.00902138850924672,0.00034699119904635367,-3.60970341090755e-06,0.00016269396292045712,0.21378529999492457
578__M_Right_middle_finger.BMP,578,"M2 Modified Gabor (detail_clip=0.1, frequencies=0.07/0.085/0.105/0.125/0.15, gamma=0.5, orientation_bins=12, orientation_offset=1.5708, sigma_scale=0.55, strength=0.08)",M2 Modified Gabor,"{""detail_clip"": 0.1, ""frequencies"": [0.07, 0.085, 0.105, 0.125, 0.15], ""gamma"": 0.5, ""orientation_bins"": 12, ""orientation_offset"": 1.5707963267948966, ""sigma_scale"": 0.55, ""strength"": 0.08}",27.115185164320064,0.891818957228303,0.0019430388473181024,27.11879218780474,0.8919578187072873,0.0019414257305579079,0.0036070234846761196,0.0001388614789843423,-1.61311676019453e-06,0.00012302871618885547,0.20267160000366857
578__M_Right_ring_finger.BMP,578,"M2 Modified Gabor (detail_clip=0.1, frequencies=0.07/0.085/0.105/0.125/0.15, gamma=0.5, orientation_bins=12, orientation_offset=1.5708, sigma_scale=0.55, strength=0.08)",M2 Modified Gabor,"{""detail_clip"": 0.1, ""frequencies"": [0.07, 0.085, 0.105, 0.125, 0.15], ""gamma"": 0.5, ""orientation_bins"": 12, ""orientation_offset"": 1.5707963267948966, ""sigma_scale"": 0.55, ""strength"": 0.08}",27.366850939283097,0.8158883026091457,0.0018336435117443657,27.370592078715973,0.8160451201553345,0.0018320646378429878,0.003741139432875684,0.00015681754618879218,-1.578873901377821e-06,0.00010945105896098539,0.20576850000361446
578__M_Right_thumb_finger.BMP,578,"M2 Modified Gabor (detail_clip=0.1, frequencies=0.07/0.085/0.105/0.125/0.15, gamma=0.5, orientation_bins=12, orientation_offset=1.5708, sigma_scale=0.55, strength=0.08)",M2 Modified Gabor,"{""detail_clip"": 0.1, ""frequencies"": [0.07, 0.085, 0.105, 0.125, 0.15], ""gamma"": 0.5, ""orientation_bins"": 12, ""orientation_offset"": 1.5707963267948966, ""sigma_scale"": 0.55, ""strength"": 0.08}",27.310784562766415,0.8849033564694225,0.0018574688688442846,27.314040712158743,0.8850054616453945,0.0018560767421627253,0.0032561493923282114,0.00010210517597197821,-1.3921266815593563e-06,0.00015647754480596632,0.2222468000036315
222__M_Left_index_finger.BMP,222,"M2 Modified Gabor (detail_clip=0.1, frequencies=0.07/0.085/0.105/0.125/0.15, gamma=0.5, orientation_bins=12, orientation_offset=1.5708, sigma_scale=0.55, strength=0.08)",M2 Modified Gabor,"{""detail_clip"": 0.1, ""frequencies"": [0.07, 0.085, 0.105, 0.125, 0.15], ""gamma"": 0.5, ""orientation_bins"": 12, ""orientation_offset"": 1.5707963267948966, ""sigma_scale"": 0.55, ""strength"": 0.08}",27.28776757742927,0.8967317074397803,0.001867339320620187,27.2998617374501,0.897197771196723,0.0018621464192521322,0.012094160020829747,0.00046606375694269175,-5.1929013680548485e-06,0.0002650980604812503,0.2180789999983972
222__M_Left_little_finger.BMP,222,"M2 Modified Gabor (detail_clip=0.1, frequencies=0.07/0.085/0.105/0.125/0.15, gamma=0.5, orientation_bins=12, orientation_offset=1.5708, sigma_scale=0.55, strength=0.08)",M2 Modified Gabor,"{""detail_clip"": 0.1, ""frequencies"": [0.07, 0.085, 0.105, 0.125, 0.15], ""gamma"": 0.5, ""orientation_bins"": 12, ""orientation_offset"": 1.5707963267948966, ""sigma_scale"": 0.55, ""strength"": 0.08}",27.524900418118612,0.8182178665835858,0.0017681127593446322,27.53603475783347,0.8186531094216406,0.0017635855193605925,0.011134339714857333,0.0004352428380548501,-4.527239984039632e-06,0.0001974684273591265,0.2147968999997829
222__M_Left_middle_finger.BMP,222,"M2 Modified Gabor (detail_clip=0.1, frequencies=0.07/0.085/0.105/0.125/0.15, gamma=0.5, orientation_bins=12, orientation_offset=1.5708, sigma_scale=0.55, strength=0.08)",M2 Modified Gabor,"{""detail_clip"": 0.1, ""frequencies"": [0.07, 0.085, 0.105, 0.125, 0.15], ""gamma"": 0.5, ""orientation_bins"": 12, ""orientation_offset"": 1.5707963267948966, ""sigma_scale"": 0.55, ""strength"": 0.08}",27.08762671990932,0.9180543485129178,0.0019554077314863296,27.092571051434167,0.9182432619597017,0.001953182816574625,0.004944331524846746,0.00018891344678395594,-2.224914911704446e-06,0.00018168252427130938,0.2148044999994454
222__M_Left_ring_finger.BMP,222,"M2 Modified Gabor (detail_clip=0.1, frequencies=0.07/0.085/0.105/0.125/0.15, gamma=0.5, orientation_bins=12, orientation_offset=1.5708, sigma_scale=0.55, strength=0.08)",M2 Modified Gabor,"{""detail_clip"": 0.1, ""frequencies"": [0.07, 0.085, 0.105, 0.125, 0.15], ""gamma"": 0.5, ""orientation_bins"": 12, ""orientation_offset"": 1.5707963267948966, ""sigma_scale"": 0.55, ""strength"": 0.08}",27.22483877296363,0.8947344528017044,0.0018945938477580209,27.234367006697124,0.8951400623170733,0.0018904417469517145,0.009528233733494318,0.0004056095153689432,-4.152100806306333e-06,0.00020141620188951492,0.22462549999909243
222__M_Left_thumb_finger.BMP,222,"M2 Modified Gabor (detail_clip=0.1, frequencies=0.07/0.085/0.105/0.125/0.15, gamma=0.5, orientation_bins=12, orientation_offset=1.5708, sigma_scale=0.55, strength=0.08)",M2 Modified Gabor,"{""detail_clip"": 0.1, ""frequencies"": [0.07, 0.085, 0.105, 0.125, 0.15], ""gamma"": 0.5, ""orientation_bins"": 12, ""orientation_offset"": 1.5707963267948966, ""sigma_scale"": 0.55, ""strength"": 0.08}",27.233877333274187,0.9065954894123077,0.001890654909059132,27.244631627003024,0.9069084714784026,0.0018859789333576123,0.010754293728837183,0.000312982066094869,-4.675975701519787e-06,0.00030967924976721406,0.23496809999778634
222__M_Right_index_finger.BMP,222,"M2 Modified Gabor (detail_clip=0.1, frequencies=0.07/0.085/0.105/0.125/0.15, gamma=0.5, orientation_bins=12, orientation_offset=1.5708, sigma_scale=0.55, strength=0.08)",M2 Modified Gabor,"{""detail_clip"": 0.1, ""frequencies"": [0.07, 0.085, 0.105, 0.125, 0.15], ""gamma"": 0.5, ""orientation_bins"": 12, ""orientation_offset"": 1.5707963267948966, ""sigma_scale"": 0.55, ""strength"": 0.08}",27.19226671948666,0.8970285274621844,0.0019088567061743519,27.196668959328967,0.897217908287704,0.0019069227678339402,0.004402239842306699,0.00018938082551955837,-1.9339383404116343e-06,0.00021543860202655196,0.23122110000258544
222__M_Right_little_finger.BMP,222,"M2 Modified Gabor (detail_clip=0.1, frequencies=0.07/0.085/0.105/0.125/0.15, gamma=0.5, orientation_bins=12, orientation_offset=1.5708, sigma_scale=0.55, strength=0.08)",M2 Modified Gabor,"{""detail_clip"": 0.1, ""frequencies"": [0.07, 0.085, 0.105, 0.125, 0.15], ""gamma"": 0.5, ""orientation_bins"": 12, ""orientation_offset"": 1.5707963267948966, ""sigma_scale"": 0.55, ""strength"": 0.08}",27.262363074117783,0.8651409731997252,0.0018782945249877611,27.274162892134534,0.8656219542902112,0.001873198109423002,0.011799818016751118,0.000480981090485999,-5.096415564759043e-06,0.00022689873003400862,0.22024860000237823
222__M_Right_middle_finger.BMP,222,"M2 Modified Gabor (detail_clip=0.1, frequencies=0.07/0.085/0.105/0.125/0.15, gamma=0.5, orientation_bins=12, orientation_offset=1.5708, sigma_scale=0.55, strength=0.08)",M2 Modified Gabor,"{""detail_clip"": 0.1, ""frequencies"": [0.07, 0.085, 0.105, 0.125, 0.15], ""gamma"": 0.5, ""orientation_bins"": 12, ""orientation_offset"": 1.5707963267948966, ""sigma_scale"": 0.55, ""strength"": 0.08}",26.882965170091534,0.9380784341383577,0.0020497622142402095,26.8881959071727,0.9382571871085763,0.002047294922231016,0.005230737081166836,0.0001787529702186319,-2.4672920091936557e-06,0.00020014752226416022,0.29746549999981653
222__M_Right_ring_finger.BMP,222,"M2 Modified Gabor (detail_clip=0.1, frequencies=0.07/0.085/0.105/0.125/0.15, gamma=0.5, orientation_bins=12, orientation_offset=1.5708, sigma_scale=0.55, strength=0.08)",M2 Modified Gabor,"{""detail_clip"": 0.1, ""frequencies"": [0.07, 0.085, 0.105, 0.125, 0.15], ""gamma"": 0.5, ""orientation_bins"": 12, ""orientation_offset"": 1.5707963267948966, ""sigma_scale"": 0.55, ""strength"": 0.08}",27.036718360620767,0.912040612370193,0.0019784640531072912,27.043113352547188,0.9122620873532296,0.001975552906061266,0.006394991926420346,0.00022147498303659585,-2.9111470460250685e-06,0.00019818013242911547,0.2664971000049263
222__M_Right_thumb_finger.BMP,222,"M2 Modified Gabor (detail_clip=0.1, frequencies=0.07/0.085/0.105/0.125/0.15, gamma=0.5, orientation_bins=12, orientation_offset=1.5708, sigma_scale=0.55, strength=0.08)",M2 Modified Gabor,"{""detail_clip"": 0.1, ""frequencies"": [0.07, 0.085, 0.105, 0.125, 0.15], ""gamma"": 0.5, ""orientation_bins"": 12, ""orientation_offset"": 1.5707963267948966, ""sigma_scale"": 0.55, ""strength"": 0.08}",27.073244976115962,0.9145674537937045,0.0019618938346201167,27.077737801663503,0.9147820058797598,0.0019598652827139272,0.004492825547540491,0.000214552086055253,-2.0285519061894255e-06,0.0002123486192431301,0.2832884000017657
151__M_Left_index_finger.BMP,151,"M2 Modified Gabor (detail_clip=0.1, frequencies=0.07/0.085/0.105/0.125/0.15, gamma=0.5, orientation_bins=12, orientation_offset=1.5708, sigma_scale=0.55, strength=0.08)",M2 Modified Gabor,"{""detail_clip"": 0.1, ""frequencies"": [0.07, 0.085, 0.105, 0.125, 0.15], ""gamma"": 0.5, ""orientation_bins"": 12, ""orientation_offset"": 1.5707963267948966, ""sigma_scale"": 0.55, ""strength"": 0.08}",27.23395560290063,0.8930598677057028,0.00189062083551545,27.241248617833392,0.8933424453693628,0.0018874486203904544,0.007293014932763242,0.0002825776636600219,-3.172215124995579e-06,0.0002158163842977956,0.3018538999967859
151__M_Left_little_finger.BMP,151,"M2 Modified Gabor (detail_clip=0.1, frequencies=0.07/0.085/0.105/0.125/0.15, gamma=0.5, orientation_bins=12, orientation_offset=1.5708, sigma_scale=0.55, strength=0.08)",M2 Modified Gabor,"{""detail_clip"": 0.1, ""frequencies"": [0.07, 0.085, 0.105, 0.125, 0.15], ""gamma"": 0.5, ""orientation_bins"": 12, ""orientation_offset"": 1.5707963267948966, ""sigma_scale"": 0.55, ""strength"": 0.08}",27.472241816289575,0.8198548839435578,0.0017896817866903754,27.478008671573484,0.820093727477789,0.0017873069035227087,0.005766855283908967,0.00023884353423120341,-2.3748831676666856e-06,0.00017233747348655015,0.2506384999942384
151__M_Left_middle_finger.BMP,151,"M2 Modified Gabor (detail_clip=0.1, frequencies=0.07/0.085/0.105/0.125/0.15, gamma=0.5, orientation_bins=12, orientation_offset=1.5708, sigma_scale=0.55, strength=0.08)",M2 Modified Gabor,"{""detail_clip"": 0.1, ""frequencies"": [0.07, 0.085, 0.105, 0.125, 0.15], ""gamma"": 0.5, ""orientation_bins"": 12, ""orientation_offset"": 1.5707963267948966, ""sigma_scale"": 0.55, ""strength"": 0.08}",27.536807336359356,0.8541098459053635,0.0017632718181337553,27.542366315594368,0.8542828214381337,0.0017610162700618893,0.005558979235011918,0.00017297553277018096,-2.255548071865938e-06,0.00018134925630874932,0.23010100000101374
151__M_Left_ring_finger.BMP,151,"M2 Modified Gabor (detail_clip=0.1, frequencies=0.07/0.085/0.105/0.125/0.15, gamma=0.5, orientation_bins=12, orientation_offset=1.5708, sigma_scale=0.55, strength=0.08)",M2 Modified Gabor,"{""detail_clip"": 0.1, ""frequencies"": [0.07, 0.085, 0.105, 0.125, 0.15], ""gamma"": 0.5, ""orientation_bins"": 12, ""orientation_offset"": 1.5707963267948966, ""sigma_scale"": 0.55, ""strength"": 0.08}",27.488396413754636,0.812058330704093,0.0017830370133939217,27.49592765497934,0.8123338892503381,0.0017799476706174414,0.007531241224704388,0.0002755585462451693,-3.0893427764803333e-06,0.0002091611677315086,0.21118249999562977
151__M_Left_thumb_finger.BMP,151,"M2 Modified Gabor (detail_clip=0.1, frequencies=0.07/0.085/0.105/0.125/0.15, gamma=0.5, orientation_bins=12, orientation_offset=1.5708, sigma_scale=0.55, strength=0.08)",M2 Modified Gabor,"{""detail_clip"": 0.1, ""frequencies"": [0.07, 0.085, 0.105, 0.125, 0.15], ""gamma"": 0.5, ""orientation_bins"": 12, ""orientation_offset"": 1.5707963267948966, ""sigma_scale"": 0.55, ""strength"": 0.08}",27.404487538167533,0.8881887589464188,0.0018178215440152973,27.413430558858288,0.8884738356436491,0.0018140821253100387,0.008943020690754366,0.00028507669723032425,-3.739418705258615e-06,0.0002526924363337457,0.20203610000316985
151__M_Right_index_finger.BMP,151,"M2 Modified Gabor (detail_clip=0.1, frequencies=0.07/0.085/0.105/0.125/0.15, gamma=0.5, orientation_bins=12, orientation_offset=1.5708, sigma_scale=0.55, strength=0.08)",M2 Modified Gabor,"{""detail_clip"": 0.1, ""frequencies"": [0.07, 0.085, 0.105, 0.125, 0.15], ""gamma"": 0.5, ""orientation_bins"": 12, ""orientation_offset"": 1.5707963267948966, ""sigma_scale"": 0.55, ""strength"": 0.08}",27.652213195271862,0.8040211875696778,0.001717033151974343,27.65928187134772,0.8042430334916115,0.0017142407427513957,0.007068676075856928,0.00022184592193374986,-2.792409222947354e-06,0.00018451281357556581,0.20108489999984158
151__M_Right_little_finger.BMP,151,"M2 Modified Gabor (detail_clip=0.1, frequencies=0.07/0.085/0.105/0.125/0.15, gamma=0.5, orientation_bins=12, orientation_offset=1.5708, sigma_scale=0.55, strength=0.08)",M2 Modified Gabor,"{""detail_clip"": 0.1, ""frequencies"": [0.07, 0.085, 0.105, 0.125, 0.15], ""gamma"": 0.5, ""orientation_bins"": 12, ""orientation_offset"": 1.5707963267948966, ""sigma_scale"": 0.55, ""strength"": 0.08}",27.35546814456648,0.8597118924495578,0.0018384557681850912,27.36246947991574,0.8599678110724092,0.0018354943500304742,0.00700133534926195,0.0002559186228513477,-2.9614181546169446e-06,0.00018106269999407232,0.2052077000043937
151__M_Right_middle_finger.BMP,151,"M2 Modified Gabor (detail_clip=0.1, frequencies=0.07/0.085/0.105/0.125/0.15, gamma=0.5, orientation_bins=12, orientation_offset=1.5708, sigma_scale=0.55, strength=0.08)",M2 Modified Gabor,"{""detail_clip"": 0.1, ""frequencies"": [0.07, 0.085, 0.105, 0.125, 0.15], ""gamma"": 0.5, ""orientation_bins"": 12, ""orientation_offset"": 1.5707963267948966, ""sigma_scale"": 0.55, ""strength"": 0.08}",27.413045160037356,0.8508284536483288,0.0018142431165645374,27.419611891225593,0.8510797422414422,0.0018115019708900843,0.006566731188236474,0.0002512885931134079,-2.741145674453084e-06,0.00017275413847528398,0.23124420000385726
151__M_Right_ring_finger.BMP,151,"M2 Modified Gabor (detail_clip=0.1, frequencies=0.07/0.085/0.105/0.125/0.15, gamma=0.5, orientation_bins=12, orientation_offset=1.5708, sigma_scale=0.55, strength=0.08)",M2 Modified Gabor,"{""detail_clip"": 0.1, ""frequencies"": [0.07, 0.085, 0.105, 0.125, 0.15], ""gamma"": 0.5, ""orientation_bins"": 12, ""orientation_offset"": 1.5707963267948966, ""sigma_scale"": 0.55, ""strength"": 0.08}",27.175853162882543,0.902264971483171,0.0019160846147440553,27.183195440242876,0.902549464397788,0.0019128479769835206,0.007342277360333327,0.0002844929146170738,-3.2366377605346983e-06,0.00019058551697526127,0.2522852999973111
151__M_Right_thumb_finger.BMP,151,"M2 Modified Gabor (detail_clip=0.1, frequencies=0.07/0.085/0.105/0.125/0.15, gamma=0.5, orientation_bins=12, orientation_offset=1.5708, sigma_scale=0.55, strength=0.08)",M2 Modified Gabor,"{""detail_clip"": 0.1, ""frequencies"": [0.07, 0.085, 0.105, 0.125, 0.15], ""gamma"": 0.5, ""orientation_bins"": 12, ""orientation_offset"": 1.5707963267948966, ""sigma_scale"": 0.55, ""strength"": 0.08}",27.373317497544335,0.874674793771565,0.0018309152847499472,27.3813813728071,0.874941037578702,0.0018275188395740181,0.008063875262763531,0.0002662438071370232,-3.3964451759290176e-06,0.000219978071982041,0.21248300000297604
458__M_Left_index_finger.BMP,458,"M2 Modified Gabor (detail_clip=0.1, frequencies=0.07/0.085/0.105/0.125/0.15, gamma=0.5, orientation_bins=12, orientation_offset=1.5708, sigma_scale=0.55, strength=0.08)",M2 Modified Gabor,"{""detail_clip"": 0.1, ""frequencies"": [0.07, 0.085, 0.105, 0.125, 0.15], ""gamma"": 0.5, ""orientation_bins"": 12, ""orientation_offset"": 1.5707963267948966, ""sigma_scale"": 0.55, ""strength"": 0.08}",27.406615265554862,0.8467918352380395,0.0018169311616773175,27.412883611770738,0.8470150570284128,0.0018143106037867105,0.0062683462158759085,0.00022322179037337353,-2.620557890607028e-06,0.00017256407591048628,0.2139584999968065
458__M_Left_little_finger.BMP,458,"M2 Modified Gabor (detail_clip=0.1, frequencies=0.07/0.085/0.105/0.125/0.15, gamma=0.5, orientation_bins=12, orientation_offset=1.5708, sigma_scale=0.55, strength=0.08)",M2 Modified Gabor,"{""detail_clip"": 0.1, ""frequencies"": [0.07, 0.085, 0.105, 0.125, 0.15], ""gamma"": 0.5, ""orientation_bins"": 12, ""orientation_offset"": 1.5707963267948966, ""sigma_scale"": 0.55, ""strength"": 0.08}",27.530400531466974,0.8411853642629386,0.0017658749539836386,27.540241379072974,0.8415237012190223,0.0017618781192346767,0.009840847606000125,0.00033833695608376235,-3.996834748961828e-06,0.00022357626585289836,0.23874269999942044
458__M_Left_middle_finger.BMP,458,"M2 Modified Gabor (detail_clip=0.1, frequencies=0.07/0.085/0.105/0.125/0.15, gamma=0.5, orientation_bins=12, orientation_offset=1.5708, sigma_scale=0.55, strength=0.08)",M2 Modified Gabor,"{""detail_clip"": 0.1, ""frequencies"": [0.07, 0.085, 0.105, 0.125, 0.15], ""gamma"": 0.5, ""orientation_bins"": 12, ""orientation_offset"": 1.5707963267948966, ""sigma_scale"": 0.55, ""strength"": 0.08}",27.15114889397061,0.8979487909154892,0.0019270150681545894,27.155607916342316,0.8981234997832179,0.0019250375634811158,0.004459022371705146,0.0001747088677287456,-1.977504673473596e-06,0.00017882289830595255,0.27555890000076033
458__M_Left_ring_finger.BMP,458,"M2 Modified Gabor (detail_clip=0.1, frequencies=0.07/0.085/0.105/0.125/0.15, gamma=0.5, orientation_bins=12, orientation_offset=1.5708, sigma_scale=0.55, strength=0.08)",M2 Modified Gabor,"{""detail_clip"": 0.1, ""frequencies"": [0.07, 0.085, 0.105, 0.125, 0.15], ""gamma"": 0.5, ""orientation_bins"": 12, ""orientation_offset"": 1.5707963267948966, ""sigma_scale"": 0.55, ""strength"": 0.08}",27.569890619109543,0.813433139367938,0.0017498907606097367,27.580773139797685,0.8138407327877283,0.0017455113858015172,0.010882520688141994,0.000407593419790242,-4.379374808219502e-06,0.0002128763881046325,0.24197660000208998
458__M_Left_thumb_finger.BMP,458,"M2 Modified Gabor (detail_clip=0.1, frequencies=0.07/0.085/0.105/0.125/0.15, gamma=0.5, orientation_bins=12, orientation_offset=1.5708, sigma_scale=0.55, strength=0.08)",M2 Modified Gabor,"{""detail_clip"": 0.1, ""frequencies"": [0.07, 0.085, 0.105, 0.125, 0.15], ""gamma"": 0.5, ""orientation_bins"": 12, ""orientation_offset"": 1.5707963267948966, ""sigma_scale"": 0.55, ""strength"": 0.08}",27.148467616185208,0.912780851092726,0.0019282051495889698,27.153459205978336,0.9129198484001756,0.0019259902284935217,0.004991589793128526,0.00013899730744959538,-2.2149210954481267e-06,0.00023303655325435102,0.23188719999598106
458__M_Right_index_finger.BMP,458,"M2 Modified Gabor (detail_clip=0.1, frequencies=0.07/0.085/0.105/0.125/0.15, gamma=0.5, orientation_bins=12, orientation_offset=1.5708, sigma_scale=0.55, strength=0.08)",M2 Modified Gabor,"{""detail_clip"": 0.1, ""frequencies"": [0.07, 0.085, 0.105, 0.125, 0.15], ""gamma"": 0.5, ""orientation_bins"": 12, ""orientation_offset"": 1.5707963267948966, ""sigma_scale"": 0.55, ""strength"": 0.08}",27.52559520177169,0.8341944850972295,0.0017678299195586524,27.532086545623926,0.8344176876682937,0.0017651895406408085,0.006491343852236042,0.00022320257106422936,-2.6403789178438674e-06,0.00018288305727764964,0.20541200000297977
458__M_Right_little_finger.BMP,458,"M2 Modified Gabor (detail_clip=0.1, frequencies=0.07/0.085/0.105/0.125/0.15, gamma=0.5, orientation_bins=12, orientation_offset=1.5708, sigma_scale=0.55, strength=0.08)",M2 Modified Gabor,"{""detail_clip"": 0.1, ""frequencies"": [0.07, 0.085, 0.105, 0.125, 0.15], ""gamma"": 0.5, ""orientation_bins"": 12, ""orientation_offset"": 1.5707963267948966, ""sigma_scale"": 0.55, ""strength"": 0.08}",27.97211041790188,0.7539071512601971,0.0015951038314370991,27.980489914173198,0.7541913190270663,0.0015920291250394103,0.008379496271317066,0.0002841677668691256,-3.0747063976888696e-06,0.0001494534662924707,0.19798540000192588
458__M_Right_middle_finger.BMP,458,"M2 Modified Gabor (detail_clip=0.1, frequencies=0.07/0.085/0.105/0.125/0.15, gamma=0.5, orientation_bins=12, orientation_offset=1.5708, sigma_scale=0.55, strength=0.08)",M2 Modified Gabor,"{""detail_clip"": 0.1, ""frequencies"": [0.07, 0.085, 0.105, 0.125, 0.15], ""gamma"": 0.5, ""orientation_bins"": 12, ""orientation_offset"": 1.5707963267948966, ""sigma_scale"": 0.55, ""strength"": 0.08}",27.58630135407322,0.8286793620156646,0.0017432909058239334,27.59280807716118,0.8289286708700657,0.001740681013546948,0.0065067230879591875,0.00024930885440110906,-2.609892276985359e-06,0.0001778104924596846,0.2610117000003811
458__M_Right_ring_finger.BMP,458,"M2 Modified Gabor (detail_clip=0.1, frequencies=0.07/0.085/0.105/0.125/0.15, gamma=0.5, orientation_bins=12, orientation_offset=1.5708, sigma_scale=0.55, strength=0.08)",M2 Modified Gabor,"{""detail_clip"": 0.1, ""frequencies"": [0.07, 0.085, 0.105, 0.125, 0.15], ""gamma"": 0.5, ""orientation_bins"": 12, ""orientation_offset"": 1.5707963267948966, ""sigma_scale"": 0.55, ""strength"": 0.08}",28.07503863890942,0.7279435409357548,0.0015577441756170914,28.08208203714591,0.7281843510617018,0.0015552198699240192,0.007043398236490361,0.0002408101259470108,-2.5243056930722603e-06,0.00012637150939553976,0.20520530000067083
458__M_Right_thumb_finger.BMP,458,"M2 Modified Gabor (detail_clip=0.1, frequencies=0.07/0.085/0.105/0.125/0.15, gamma=0.5, orientation_bins=12, orientation_offset=1.5708, sigma_scale=0.55, strength=0.08)",M2 Modified Gabor,"{""detail_clip"": 0.1, ""frequencies"": [0.07, 0.085, 0.105, 0.125, 0.15], ""gamma"": 0.5, ""orientation_bins"": 12, ""orientation_offset"": 1.5707963267948966, ""sigma_scale"": 0.55, ""strength"": 0.08}",27.07077807772415,0.9212769854897856,0.001963008554647105,27.075870653129606,0.9214104892754257,0.0019607080625517943,0.005092575405456046,0.0001335037856400323,-2.3004920953108993e-06,0.00024596438743174076,0.21309380000457168
358__M_Left_index_finger.BMP,358,"M2 Modified Gabor (detail_clip=0.1, frequencies=0.07/0.085/0.105/0.125/0.15, gamma=0.5, orientation_bins=12, orientation_offset=1.5708, sigma_scale=0.55, strength=0.08)",M2 Modified Gabor,"{""detail_clip"": 0.1, ""frequencies"": [0.07, 0.085, 0.105, 0.125, 0.15], ""gamma"": 0.5, ""orientation_bins"": 12, ""orientation_offset"": 1.5707963267948966, ""sigma_scale"": 0.55, ""strength"": 0.08}",27.236944199266215,0.8618307483512163,0.0018893202528205673,27.24580372422838,0.8621630581021309,0.0018854700039338745,0.008859524962165466,0.00033230975091458337,-3.850248886692843e-06,0.0001915951434057206,0.26712830000178656
358__M_Left_little_finger.BMP,358,"M2 Modified Gabor (detail_clip=0.1, frequencies=0.07/0.085/0.105/0.125/0.15, gamma=0.5, orientation_bins=12, orientation_offset=1.5708, sigma_scale=0.55, strength=0.08)",M2 Modified Gabor,"{""detail_clip"": 0.1, ""frequencies"": [0.07, 0.085, 0.105, 0.125, 0.15], ""gamma"": 0.5, ""orientation_bins"": 12, ""orientation_offset"": 1.5707963267948966, ""sigma_scale"": 0.55, ""strength"": 0.08}",27.36733780397643,0.8151889041575789,0.0018334379631396484,27.377752268368347,0.8155995547081232,0.0018290466113612893,0.010414464391917733,0.0004106505505442337,-4.39135177835912e-06,0.00017366828978992999,0.21864040000218665
358__M_Left_middle_finger.BMP,358,"M2 Modified Gabor (detail_clip=0.1, frequencies=0.07/0.085/0.105/0.125/0.15, gamma=0.5, orientation_bins=12, orientation_offset=1.5708, sigma_scale=0.55, strength=0.08)",M2 Modified Gabor,"{""detail_clip"": 0.1, ""frequencies"": [0.07, 0.085, 0.105, 0.125, 0.15], ""gamma"": 0.5, ""orientation_bins"": 12, ""orientation_offset"": 1.5707963267948966, ""sigma_scale"": 0.55, ""strength"": 0.08}",27.165820353094215,0.8782265888885855,0.0019205161548903156,27.174509153424104,0.8785423483421206,0.0019166776764734685,0.008688800329888835,0.0003157594535351249,-3.838478416847086e-06,0.0002088386390823871,0.21211469999980181
358__M_Left_ring_finger.BMP,358,"M2 Modified Gabor (detail_clip=0.1, frequencies=0.07/0.085/0.105/0.125/0.15, gamma=0.5, orientation_bins=12, orientation_offset=1.5708, sigma_scale=0.55, strength=0.08)",M2 Modified Gabor,"{""detail_clip"": 0.1, ""frequencies"": [0.07, 0.085, 0.105, 0.125, 0.15], ""gamma"": 0.5, ""orientation_bins"": 12, ""orientation_offset"": 1.5707963267948966, ""sigma_scale"": 0.55, ""strength"": 0.08}",27.571796790413543,0.803453362364322,0.0017491228807993305,27.581413318678763,0.8038168049354554,0.001745254104804986,0.009616528265219415,0.00036344257113340994,-3.86877599434449e-06,0.0002127936895703897,0.30126949999976205
358__M_Left_thumb_finger.BMP,358,"M2 Modified Gabor (detail_clip=0.1, frequencies=0.07/0.085/0.105/0.125/0.15, gamma=0.5, orientation_bins=12, orientation_offset=1.5708, sigma_scale=0.55, strength=0.08)",M2 Modified Gabor,"{""detail_clip"": 0.1, ""frequencies"": [0.07, 0.085, 0.105, 0.125, 0.15], ""gamma"": 0.5, ""orientation_bins"": 12, ""orientation_offset"": 1.5707963267948966, ""sigma_scale"": 0.55, ""strength"": 0.08}",27.06961823144247,0.8920985052921772,0.001963532874508304,27.076299180183053,0.892323288262248,0.0019605146051093975,0.006680948740584114,0.00022478297007089143,-3.0182693989064258e-06,0.00020695808052551,0.22936000000481727
358__M_Right_index_finger.BMP,358,"M2 Modified Gabor (detail_clip=0.1, frequencies=0.07/0.085/0.105/0.125/0.15, gamma=0.5, orientation_bins=12, orientation_offset=1.5708, sigma_scale=0.55, strength=0.08)",M2 Modified Gabor,"{""detail_clip"": 0.1, ""frequencies"": [0.07, 0.085, 0.105, 0.125, 0.15], ""gamma"": 0.5, ""orientation_bins"": 12, ""orientation_offset"": 1.5707963267948966, ""sigma_scale"": 0.55, ""strength"": 0.08}",27.082100402676357,0.9081473386961818,0.0019578975355614646,27.086918911997863,0.9083491006806493,0.0019557264474525517,0.00481850932150607,0.00020176198446753002,-2.1710881089129913e-06,0.00019893732678610831,0.2617095000023255
358__M_Right_little_finger.BMP,358,"M2 Modified Gabor (detail_clip=0.1, frequencies=0.07/0.085/0.105/0.125/0.15, gamma=0.5, orientation_bins=12, orientation_offset=1.5708, sigma_scale=0.55, strength=0.08)",M2 Modified Gabor,"{""detail_clip"": 0.1, ""frequencies"": [0.07, 0.085, 0.105, 0.125, 0.15], ""gamma"": 0.5, ""orientation_bins"": 12, ""orientation_offset"": 1.5707963267948966, ""sigma_scale"": 0.55, ""strength"": 0.08}",27.061822213891244,0.8810446554100514,0.0019670607766737232,27.06925557678451,0.8813331089928448,0.001963696844833637,0.007433362893266349,0.00028845358279339095,-3.363931840086147e-06,0.0002135274262400344,0.2752930000060587
358__M_Right_middle_finger.BMP,358,"M2 Modified Gabor (detail_clip=0.1, frequencies=0.07/0.085/0.105/0.125/0.15, gamma=0.5, orientation_bins=12, orientation_offset=1.5708, sigma_scale=0.55, strength=0.08)",M2 Modified Gabor,"{""detail_clip"": 0.1, ""frequencies"": [0.07, 0.085, 0.105, 0.125, 0.15], ""gamma"": 0.5, ""orientation_bins"": 12, ""orientation_offset"": 1.5707963267948966, ""sigma_scale"": 0.55, ""strength"": 0.08}",26.965358684587414,0.9060125459142327,0.0020112410825814135,26.97078761356139,0.9062152182512283,0.0020087284871721685,0.005428928973977065,0.00020267233699555742,-2.5125954092449984e-06,0.00018756403005681932,0.26902289999998175
358__M_Right_ring_finger.BMP,358,"M2 Modified Gabor (detail_clip=0.1, frequencies=0.07/0.085/0.105/0.125/0.15, gamma=0.5, orientation_bins=12, orientation_offset=1.5708, sigma_scale=0.55, strength=0.08)",M2 Modified Gabor,"{""detail_clip"": 0.1, ""frequencies"": [0.07, 0.085, 0.105, 0.125, 0.15], ""gamma"": 0.5, ""orientation_bins"": 12, ""orientation_offset"": 1.5707963267948966, ""sigma_scale"": 0.55, ""strength"": 0.08}",27.154618445592902,0.8817748545130193,0.0019254762025709502,27.162766515691168,0.8820957995574474,0.0019218670830801062,0.008148070098265237,0.00032094504442814475,-3.6091194908439896e-06,0.00017887291323859245,0.2032723000011174
358__M_Right_thumb_finger.BMP,358,"M2 Modified Gabor (detail_clip=0.1, frequencies=0.07/0.085/0.105/0.125/0.15, gamma=0.5, orientation_bins=12, orientation_offset=1.5708, sigma_scale=0.55, strength=0.08)",M2 Modified Gabor,"{""detail_clip"": 0.1, ""frequencies"": [0.07, 0.085, 0.105, 0.125, 0.15], ""gamma"": 0.5, ""orientation_bins"": 12, ""orientation_offset"": 1.5707963267948966, ""sigma_scale"": 0.55, ""strength"": 0.08}",27.07786003709809,0.9053674690062403,0.001959810121613979,27.081245816180925,0.9055148689709306,0.001958282840347916,0.003385779082833551,0.00014739996469026462,-1.5272812660632566e-06,0.00016771501395851374,0.3171635000035167
584__M_Left_index_finger.BMP,584,"M2 Modified Gabor (detail_clip=0.1, frequencies=0.07/0.085/0.105/0.125/0.15, gamma=0.5, orientation_bins=12, orientation_offset=1.5708, sigma_scale=0.55, strength=0.08)",M2 Modified Gabor,"{""detail_clip"": 0.1, ""frequencies"": [0.07, 0.085, 0.105, 0.125, 0.15], ""gamma"": 0.5, ""orientation_bins"": 12, ""orientation_offset"": 1.5707963267948966, ""sigma_scale"": 0.55, ""strength"": 0.08}",26.808661477259736,0.7405033777887225,0.002085133435231476,26.81489218081873,0.7408072058219611,0.0020821440964790324,0.006230703558994577,0.00030382803323858454,-2.9893387524437473e-06,0.00013687349564861506,0.264234000002034
584__M_Left_little_finger.BMP,584,"M2 Modified Gabor (detail_clip=0.1, frequencies=0.07/0.085/0.105/0.125/0.15, gamma=0.5, orientation_bins=12, orientation_offset=1.5708, sigma_scale=0.55, strength=0.08)",M2 Modified Gabor,"{""detail_clip"": 0.1, ""frequencies"": [0.07, 0.085, 0.105, 0.125, 0.15], ""gamma"": 0.5, ""orientation_bins"": 12, ""orientation_offset"": 1.5707963267948966, ""sigma_scale"": 0.55, ""strength"": 0.08}",27.008643646329304,0.7556378812021911,0.001991295147201889,27.01352268339784,0.7559138438129425,0.001989059303128828,0.0048790370685374285,0.00027596261075135686,-2.235844073060749e-06,0.00012945843627676368,0.26620859999820823
584__M_Left_middle_finger.BMP,584,"M2 Modified Gabor (detail_clip=0.1, frequencies=0.07/0.085/0.105/0.125/0.15, gamma=0.5, orientation_bins=12, orientation_offset=1.5708, sigma_scale=0.55, strength=0.08)",M2 Modified Gabor,"{""detail_clip"": 0.1, ""frequencies"": [0.07, 0.085, 0.105, 0.125, 0.15], ""gamma"": 0.5, ""orientation_bins"": 12, ""orientation_offset"": 1.5707963267948966, ""sigma_scale"": 0.55, ""strength"": 0.08}",26.72595253228611,0.7938240012609362,0.0021252241715175577,26.730115195838557,0.7940741145331264,0.0021231881440655818,0.004162663552445878,0.00025011327219015556,-2.036027451975987e-06,0.00015293192700482905,0.21094840000296244
584__M_Left_ring_finger.BMP,584,"M2 Modified Gabor (detail_clip=0.1, frequencies=0.07/0.085/0.105/0.125/0.15, gamma=0.5, orientation_bins=12, orientation_offset=1.5708, sigma_scale=0.55, strength=0.08)",M2 Modified Gabor,"{""detail_clip"": 0.1, ""frequencies"": [0.07, 0.085, 0.105, 0.125, 0.15], ""gamma"": 0.5, ""orientation_bins"": 12, ""orientation_offset"": 1.5707963267948966, ""sigma_scale"": 0.55, ""strength"": 0.08}",26.756204564552583,0.7725715969515443,0.0021104717515642584,26.759976068304216,0.7727978293133974,0.0021086397695113737,0.003771503751632821,0.0002262323618530404,-1.8319820528846405e-06,0.000119096614071168,0.22150209999381332
584__M_Left_thumb_finger.BMP,584,"M2 Modified Gabor (detail_clip=0.1, frequencies=0.07/0.085/0.105/0.125/0.15, gamma=0.5, orientation_bins=12, orientation_offset=1.5708, sigma_scale=0.55, strength=0.08)",M2 Modified Gabor,"{""detail_clip"": 0.1, ""frequencies"": [0.07, 0.085, 0.105, 0.125, 0.15], ""gamma"": 0.5, ""orientation_bins"": 12, ""orientation_offset"": 1.5707963267948966, ""sigma_scale"": 0.55, ""strength"": 0.08}",26.870392477172857,0.8618936983605623,0.002055704811060843,26.872861730356604,0.8620396119852066,0.002054536338262611,0.0024692531837473553,0.00014591362464433377,-1.168472798231731e-06,0.00011503009591251612,0.204946400001063
584__M_Right_index_finger.BMP,584,"M2 Modified Gabor (detail_clip=0.1, frequencies=0.07/0.085/0.105/0.125/0.15, gamma=0.5, orientation_bins=12, orientation_offset=1.5708, sigma_scale=0.55, strength=0.08)",M2 Modified Gabor,"{""detail_clip"": 0.1, ""frequencies"": [0.07, 0.085, 0.105, 0.125, 0.15], ""gamma"": 0.5, ""orientation_bins"": 12, ""orientation_offset"": 1.5707963267948966, ""sigma_scale"": 0.55, ""strength"": 0.08}",27.37650748718415,0.8741899077614546,0.0018295709305081917,27.38071941032667,0.87432950955683,0.0018277974157833961,0.004211923142520391,0.0001396017953754214,-1.7735147247956076e-06,0.00012835836969316006,0.2845704999999725
584__M_Right_little_finger.BMP,584,"M2 Modified Gabor (detail_clip=0.1, frequencies=0.07/0.085/0.105/0.125/0.15, gamma=0.5, orientation_bins=12, orientation_offset=1.5708, sigma_scale=0.55, strength=0.08)",M2 Modified Gabor,"{""detail_clip"": 0.1, ""frequencies"": [0.07, 0.085, 0.105, 0.125, 0.15], ""gamma"": 0.5, ""orientation_bins"": 12, ""orientation_offset"": 1.5707963267948966, ""sigma_scale"": 0.55, ""strength"": 0.08}",27.20501659588782,0.8208142622725367,0.001903260964546846,27.2125607612848,0.8211359875881076,0.0018999576640956588,0.007544165396978997,0.00032172531557084216,-3.3033004511872233e-06,0.00014386995462700725,0.2526352000058978
584__M_Right_middle_finger.BMP,584,"M2 Modified Gabor (detail_clip=0.1, frequencies=0.07/0.085/0.105/0.125/0.15, gamma=0.5, orientation_bins=12, orientation_offset=1.5708, sigma_scale=0.55, strength=0.08)",M2 Modified Gabor,"{""detail_clip"": 0.1, ""frequencies"": [0.07, 0.085, 0.105, 0.125, 0.15], ""gamma"": 0.5, ""orientation_bins"": 12, ""orientation_offset"": 1.5707963267948966, ""sigma_scale"": 0.55, ""strength"": 0.08}",27.059721458104352,0.8875454616950751,0.001968012507372198,27.065161211651464,0.8877614334341287,0.00196554901734976,0.005439753547111792,0.0002159717390536331,-2.463490022437849e-06,0.00015902885934337974,0.21317660000204341
584__M_Right_ring_finger.BMP,584,"M2 Modified Gabor (detail_clip=0.1, frequencies=0.07/0.085/0.105/0.125/0.15, gamma=0.5, orientation_bins=12, orientation_offset=1.5708, sigma_scale=0.55, strength=0.08)",M2 Modified Gabor,"{""detail_clip"": 0.1, ""frequencies"": [0.07, 0.085, 0.105, 0.125, 0.15], ""gamma"": 0.5, ""orientation_bins"": 12, ""orientation_offset"": 1.5707963267948966, ""sigma_scale"": 0.55, ""strength"": 0.08}",26.898528336386196,0.8464571140774191,0.00204242993149517,26.903760898177627,0.8467303745244742,0.0020399706082263416,0.005232561791430612,0.00027326044705511254,-2.459323268828601e-06,0.00014553999062627554,0.26585959999647457
584__M_Right_thumb_finger.BMP,584,"M2 Modified Gabor (detail_clip=0.1, frequencies=0.07/0.085/0.105/0.125/0.15, gamma=0.5, orientation_bins=12, orientation_offset=1.5708, sigma_scale=0.55, strength=0.08)",M2 Modified Gabor,"{""detail_clip"": 0.1, ""frequencies"": [0.07, 0.085, 0.105, 0.125, 0.15], ""gamma"": 0.5, ""orientation_bins"": 12, ""orientation_offset"": 1.5707963267948966, ""sigma_scale"": 0.55, ""strength"": 0.08}",27.857015091376837,0.6937121391089857,0.0016379418931114086,27.861543513235624,0.6938743289498389,0.0016362348886498589,0.004528421858786658,0.00016218984085325516,-1.7070044615497167e-06,0.00011344220547471195,0.2532448999991175
277__M_Left_index_finger.BMP,277,"M2 Modified Gabor (detail_clip=0.1, frequencies=0.07/0.085/0.105/0.125/0.15, gamma=0.5, orientation_bins=12, orientation_offset=1.5708, sigma_scale=0.55, strength=0.08)",M2 Modified Gabor,"{""detail_clip"": 0.1, ""frequencies"": [0.07, 0.085, 0.105, 0.125, 0.15], ""gamma"": 0.5, ""orientation_bins"": 12, ""orientation_offset"": 1.5707963267948966, ""sigma_scale"": 0.55, ""strength"": 0.08}",27.55193277158026,0.8234430739197731,0.0017571414467860552,27.562241870883277,0.8238323578286171,0.0017529753650955041,0.010309099303015046,0.0003892839088439626,-4.166081690551134e-06,0.0002202415489591658,0.23246510000171838
277__M_Left_little_finger.BMP,277,"M2 Modified Gabor (detail_clip=0.1, frequencies=0.07/0.085/0.105/0.125/0.15, gamma=0.5, orientation_bins=12, orientation_offset=1.5708, sigma_scale=0.55, strength=0.08)",M2 Modified Gabor,"{""detail_clip"": 0.1, ""frequencies"": [0.07, 0.085, 0.105, 0.125, 0.15], ""gamma"": 0.5, ""orientation_bins"": 12, ""orientation_offset"": 1.5707963267948966, ""sigma_scale"": 0.55, ""strength"": 0.08}",27.686402604667066,0.7780064740378558,0.00170356904297558,27.695920744402102,0.7783374772948921,0.0016998395337609554,0.009518139735035902,0.00033100325703627753,-3.7295092146245185e-06,0.00015942288155201823,0.20979099999385653
277__M_Left_middle_finger.BMP,277,"M2 Modified Gabor (detail_clip=0.1, frequencies=0.07/0.085/0.105/0.125/0.15, gamma=0.5, orientation_bins=12, orientation_offset=1.5708, sigma_scale=0.55, strength=0.08)",M2 Modified Gabor,"{""detail_clip"": 0.1, ""frequencies"": [0.07, 0.085, 0.105, 0.125, 0.15], ""gamma"": 0.5, ""orientation_bins"": 12, ""orientation_offset"": 1.5707963267948966, ""sigma_scale"": 0.55, ""strength"": 0.08}",27.31515625699761,0.8476906587122083,0.0018556000446645002,27.32553277121329,0.8480866506452263,0.0018511717875812933,0.010376514215678867,0.00039599193301798064,-4.4282570832068335e-06,0.00020938843954354525,0.20591759999661008
277__M_Left_ring_finger.BMP,277,"M2 Modified Gabor (detail_clip=0.1, frequencies=0.07/0.085/0.105/0.125/0.15, gamma=0.5, orientation_bins=12, orientation_offset=1.5708, sigma_scale=0.55, strength=0.08)",M2 Modified Gabor,"{""detail_clip"": 0.1, ""frequencies"": [0.07, 0.085, 0.105, 0.125, 0.15], ""gamma"": 0.5, ""orientation_bins"": 12, ""orientation_offset"": 1.5707963267948966, ""sigma_scale"": 0.55, ""strength"": 0.08}",27.728347801250656,0.7729418433285355,0.0016871947675762633,27.734515420553567,0.7731505765115023,0.0016848004038576441,0.006167619302910765,0.00020873318296676935,-2.394363718619206e-06,0.00015355675714090466,0.336947700001474
277__M_Left_thumb_finger.BMP,277,"M2 Modified Gabor (detail_clip=0.1, frequencies=0.07/0.085/0.105/0.125/0.15, gamma=0.5, orientation_bins=12, orientation_offset=1.5708, sigma_scale=0.55, strength=0.08)",M2 Modified Gabor,"{""detail_clip"": 0.1, ""frequencies"": [0.07, 0.085, 0.105, 0.125, 0.15], ""gamma"": 0.5, ""orientation_bins"": 12, ""orientation_offset"": 1.5707963267948966, ""sigma_scale"": 0.55, ""strength"": 0.08}",27.4740786342539,0.835673814529717,0.0017889250134139915,27.480668314319786,0.8359136319763064,0.001786212682257636,0.006589680065886228,0.00023981744658940762,-2.712331156355576e-06,0.00020754548313561827,0.20846180000080494
277__M_Right_index_finger.BMP,277,"M2 Modified Gabor (detail_clip=0.1, frequencies=0.07/0.085/0.105/0.125/0.15, gamma=0.5, orientation_bins=12, orientation_offset=1.5708, sigma_scale=0.55, strength=0.08)",M2 Modified Gabor,"{""detail_clip"": 0.1, ""frequencies"": [0.07, 0.085, 0.105, 0.125, 0.15], ""gamma"": 0.5, ""orientation_bins"": 12, ""orientation_offset"": 1.5707963267948966, ""sigma_scale"": 0.55, ""strength"": 0.08}",27.435483209579154,0.8224739772281646,0.0018048939078366122,27.444375614485065,0.8227929863309562,0.0018012020747901407,0.008892404905910922,0.0003190091027915898,-3.691833046471542e-06,0.0002031018811976537,0.30950420000590384
277__M_Right_little_finger.BMP,277,"M2 Modified Gabor (detail_clip=0.1, frequencies=0.07/0.085/0.105/0.125/0.15, gamma=0.5, orientation_bins=12, orientation_offset=1.5708, sigma_scale=0.55, strength=0.08)",M2 Modified Gabor,"{""detail_clip"": 0.1, ""frequencies"": [0.07, 0.085, 0.105, 0.125, 0.15], ""gamma"": 0.5, ""orientation_bins"": 12, ""orientation_offset"": 1.5707963267948966, ""sigma_scale"": 0.55, ""strength"": 0.08}",27.60166142206608,0.8000373865206539,0.0017371361487749735,27.611002608741977,0.8003402924699783,0.0017334037793589026,0.009341186675897006,0.0003029059493243613,-3.7323694160708645e-06,0.00018448763876222074,0.30935799999861047
277__M_Right_middle_finger.BMP,277,"M2 Modified Gabor (detail_clip=0.1, frequencies=0.07/0.085/0.105/0.125/0.15, gamma=0.5, orientation_bins=12, orientation_offset=1.5708, sigma_scale=0.55, strength=0.08)",M2 Modified Gabor,"{""detail_clip"": 0.1, ""frequencies"": [0.07, 0.085, 0.105, 0.125, 0.15], ""gamma"": 0.5, ""orientation_bins"": 12, ""orientation_offset"": 1.5707963267948966, ""sigma_scale"": 0.55, ""strength"": 0.08}",27.245325559141563,0.8554567247328758,0.0018856776085891085,27.251459218106064,0.8557115461166501,0.0018830162946345433,0.00613365896450091,0.0002548213837743063,-2.6613139545651927e-06,0.00020846440747845918,0.2401462999987416
277__M_Right_ring_finger.BMP,277,"M2 Modified Gabor (detail_clip=0.1, frequencies=0.07/0.085/0.105/0.125/0.15, gamma=0.5, orientation_bins=12, orientation_offset=1.5708, sigma_scale=0.55, strength=0.08)",M2 Modified Gabor,"{""detail_clip"": 0.1, ""frequencies"": [0.07, 0.085, 0.105, 0.125, 0.15], ""gamma"": 0.5, ""orientation_bins"": 12, ""orientation_offset"": 1.5707963267948966, ""sigma_scale"": 0.55, ""strength"": 0.08}",27.26965419473933,0.8603403111504913,0.0018751438097062696,27.27795052030899,0.8606472351517678,0.0018715651425661919,0.008296325569659757,0.00030692400127652064,-3.5786671400777313e-06,0.0001964181283256039,0.20539779999671737
277__M_Right_thumb_finger.BMP,277,"M2 Modified Gabor (detail_clip=0.1, frequencies=0.07/0.085/0.105/0.125/0.15, gamma=0.5, orientation_bins=12, orientation_offset=1.5708, sigma_scale=0.55, strength=0.08)",M2 Modified Gabor,"{""detail_clip"": 0.1, ""frequencies"": [0.07, 0.085, 0.105, 0.125, 0.15], ""gamma"": 0.5, ""orientation_bins"": 12, ""orientation_offset"": 1.5707963267948966, ""sigma_scale"": 0.55, ""strength"": 0.08}",27.713893269652402,0.7956702655243874,0.0016928195775946103,27.72179452953855,0.795980915912807,0.0016897425761129925,0.007901259886146761,0.0003106503884195977,-3.077001481617764e-06,0.00016366731142625213,0.27000100000441307
113__M_Left_index_finger.BMP,113,"M2 Modified Gabor (detail_clip=0.1, frequencies=0.07/0.085/0.105/0.125/0.15, gamma=0.5, orientation_bins=12, orientation_offset=1.5708, sigma_scale=0.55, strength=0.08)",M2 Modified Gabor,"{""detail_clip"": 0.1, ""frequencies"": [0.07, 0.085, 0.105, 0.125, 0.15], ""gamma"": 0.5, ""orientation_bins"": 12, ""orientation_offset"": 1.5707963267948966, ""sigma_scale"": 0.55, ""strength"": 0.08}",27.091395953718273,0.8805550547920465,0.0019537113729576386,27.095942237738242,0.8807538881782889,0.0019516672577801126,0.004546284019969704,0.00019883338624238078,-2.0441151775260277e-06,0.0001720275031402707,0.26145110000652494
113__M_Left_little_finger.BMP,113,"M2 Modified Gabor (detail_clip=0.1, frequencies=0.07/0.085/0.105/0.125/0.15, gamma=0.5, orientation_bins=12, orientation_offset=1.5708, sigma_scale=0.55, strength=0.08)",M2 Modified Gabor,"{""detail_clip"": 0.1, ""frequencies"": [0.07, 0.085, 0.105, 0.125, 0.15], ""gamma"": 0.5, ""orientation_bins"": 12, ""orientation_offset"": 1.5707963267948966, ""sigma_scale"": 0.55, ""strength"": 0.08}",27.389659096509163,0.8270766893867254,0.0018240388763275269,27.396559271988473,0.8273753631635904,0.0018211431004138935,0.006900175479309212,0.0002986737768649883,-2.8957759136334117e-06,0.00018001881835516542,0.2752344000036828
113__M_Left_middle_finger.BMP,113,"M2 Modified Gabor (detail_clip=0.1, frequencies=0.07/0.085/0.105/0.125/0.15, gamma=0.5, orientation_bins=12, orientation_offset=1.5708, sigma_scale=0.55, strength=0.08)",M2 Modified Gabor,"{""detail_clip"": 0.1, ""frequencies"": [0.07, 0.085, 0.105, 0.125, 0.15], ""gamma"": 0.5, ""orientation_bins"": 12, ""orientation_offset"": 1.5707963267948966, ""sigma_scale"": 0.55, ""strength"": 0.08}",27.115692492636224,0.8776933735228181,0.0019428118812631677,27.122010319071087,0.8779655987186432,0.0019399876628702038,0.006317826434862894,0.0002722251958251487,-2.8242183929638818e-06,0.00022572210582438856,0.23556929999904241
113__M_Left_ring_finger.BMP,113,"M2 Modified Gabor (detail_clip=0.1, frequencies=0.07/0.085/0.105/0.125/0.15, gamma=0.5, orientation_bins=12, orientation_offset=1.5708, sigma_scale=0.55, strength=0.08)",M2 Modified Gabor,"{""detail_clip"": 0.1, ""frequencies"": [0.07, 0.085, 0.105, 0.125, 0.15], ""gamma"": 0.5, ""orientation_bins"": 12, ""orientation_offset"": 1.5707963267948966, ""sigma_scale"": 0.55, ""strength"": 0.08}",27.0532031403392,0.8816855724269748,0.001970968511443341,27.062337218218346,0.8820553455656767,0.001966827528315588,0.009134077879146218,0.000369773138701901,-4.1409831277529514e-06,0.00024788291193544865,0.220081499996013
113__M_Left_thumb_finger.BMP,113,"M2 Modified Gabor (detail_clip=0.1, frequencies=0.07/0.085/0.105/0.125/0.15, gamma=0.5, orientation_bins=12, orientation_offset=1.5708, sigma_scale=0.55, strength=0.08)",M2 Modified Gabor,"{""detail_clip"": 0.1, ""frequencies"": [0.07, 0.085, 0.105, 0.125, 0.15], ""gamma"": 0.5, ""orientation_bins"": 12, ""orientation_offset"": 1.5707963267948966, ""sigma_scale"": 0.55, ""strength"": 0.08}",27.279303541011437,0.8767163291655778,0.001870982157501112,27.284512928659534,0.876915599732399,0.0018687392489473561,0.005209387648097419,0.0001992705668211192,-2.24290855375584e-06,0.0001904077362269163,0.2385357000021031
113__M_Right_index_finger.BMP,113,"M2 Modified Gabor (detail_clip=0.1, frequencies=0.07/0.085/0.105/0.125/0.15, gamma=0.5, orientation_bins=12, orientation_offset=1.5708, sigma_scale=0.55, strength=0.08)",M2 Modified Gabor,"{""detail_clip"": 0.1, ""frequencies"": [0.07, 0.085, 0.105, 0.125, 0.15], ""gamma"": 0.5, ""orientation_bins"": 12, ""orientation_offset"": 1.5707963267948966, ""sigma_scale"": 0.55, ""strength"": 0.08}",27.52628103978593,0.7962213375407458,0.0017675507658317642,27.530712483024267,0.7964020330744386,0.0017657481166230345,0.0044314432383387725,0.00018069553369282065,-1.8026492087297105e-06,0.00015032608644105494,0.30024450000200886
113__M_Right_little_finger.BMP,113,"M2 Modified Gabor (detail_clip=0.1, frequencies=0.07/0.085/0.105/0.125/0.15, gamma=0.5, orientation_bins=12, orientation_offset=1.5708, sigma_scale=0.55, strength=0.08)",M2 Modified Gabor,"{""detail_clip"": 0.1, ""frequencies"": [0.07, 0.085, 0.105, 0.125, 0.15], ""gamma"": 0.5, ""orientation_bins"": 12, ""orientation_offset"": 1.5707963267948966, ""sigma_scale"": 0.55, ""strength"": 0.08}",27.049336324191856,0.8765692704223395,0.0019727241788767436,27.05509317075485,0.8768446896351576,0.001970110941265853,0.005756846562995577,0.00027541921281815096,-2.613237610890433e-06,0.00018015381647273898,0.2230388000025414
113__M_Right_middle_finger.BMP,113,"M2 Modified Gabor (detail_clip=0.1, frequencies=0.07/0.085/0.105/0.125/0.15, gamma=0.5, orientation_bins=12, orientation_offset=1.5708, sigma_scale=0.55, strength=0.08)",M2 Modified Gabor,"{""detail_clip"": 0.1, ""frequencies"": [0.07, 0.085, 0.105, 0.125, 0.15], ""gamma"": 0.5, ""orientation_bins"": 12, ""orientation_offset"": 1.5707963267948966, ""sigma_scale"": 0.55, ""strength"": 0.08}",27.39106797572276,0.8165695768411756,0.0018234472423621466,27.39602502303525,0.8167622557740212,0.001821367142781821,0.004957047312490914,0.00019267893284558024,-2.0800995803255465e-06,0.00016503178630955517,0.22048630000062985
113__M_Right_ring_finger.BMP,113,"M2 Modified Gabor (detail_clip=0.1, frequencies=0.07/0.085/0.105/0.125/0.15, gamma=0.5, orientation_bins=12, orientation_offset=1.5708, sigma_scale=0.55, strength=0.08)",M2 Modified Gabor,"{""detail_clip"": 0.1, ""frequencies"": [0.07, 0.085, 0.105, 0.125, 0.15], ""gamma"": 0.5, ""orientation_bins"": 12, ""orientation_offset"": 1.5707963267948966, ""sigma_scale"": 0.55, ""strength"": 0.08}",27.556710022814272,0.786957332709074,0.0017552096490527052,27.56302211530718,0.7871996127012968,0.0017526604574798843,0.006312092492908761,0.00024227999222281582,-2.5491915728208855e-06,0.00015202839858829975,0.2224084999979823
113__M_Right_thumb_finger.BMP,113,"M2 Modified Gabor (detail_clip=0.1, frequencies=0.07/0.085/0.105/0.125/0.15, gamma=0.5, orientation_bins=12, orientation_offset=1.5708, sigma_scale=0.55, strength=0.08)",M2 Modified Gabor,"{""detail_clip"": 0.1, ""frequencies"": [0.07, 0.085, 0.105, 0.125, 0.15], ""gamma"": 0.5, ""orientation_bins"": 12, ""orientation_offset"": 1.5707963267948966, ""sigma_scale"": 0.55, ""strength"": 0.08}",27.207380810346603,0.8842864897474051,0.0019022251483617964,27.21247919466835,0.8844886156448126,0.0018999933483099017,0.0050983843217480285,0.00020212589740753462,-2.2318000518946335e-06,0.00016895090811885893,0.2580101999992621
439__M_Left_index_finger.BMP,439,"M2 Modified Gabor (detail_clip=0.1, frequencies=0.07/0.085/0.105/0.125/0.15, gamma=0.5, orientation_bins=12, orientation_offset=1.5708, sigma_scale=0.55, strength=0.08)",M2 Modified Gabor,"{""detail_clip"": 0.1, ""frequencies"": [0.07, 0.085, 0.105, 0.125, 0.15], ""gamma"": 0.5, ""orientation_bins"": 12, ""orientation_offset"": 1.5707963267948966, ""sigma_scale"": 0.55, ""strength"": 0.08}",27.243095184838253,0.8546553031085133,0.0018866462709150498,27.249995665778606,0.8549433862242103,0.0018836509693562495,0.006900480940352338,0.00028808311569694656,-2.9953015588002774e-06,0.00020417151972651482,0.27874989999691024
439__M_Left_little_finger.BMP,439,"M2 Modified Gabor (detail_clip=0.1, frequencies=0.07/0.085/0.105/0.125/0.15, gamma=0.5, orientation_bins=12, orientation_offset=1.5708, sigma_scale=0.55, strength=0.08)",M2 Modified Gabor,"{""detail_clip"": 0.1, ""frequencies"": [0.07, 0.085, 0.105, 0.125, 0.15], ""gamma"": 0.5, ""orientation_bins"": 12, ""orientation_offset"": 1.5707963267948966, ""sigma_scale"": 0.55, ""strength"": 0.08}",27.67026514284158,0.7680612674964666,0.0017099109194558372,27.67906402450607,0.7684378244511485,0.001706450117228878,0.0087988816644895,0.00037655695468186146,-3.460802226959176e-06,0.00016151979798451066,0.2919037000028766
439__M_Left_middle_finger.BMP,439,"M2 Modified Gabor (detail_clip=0.1, frequencies=0.07/0.085/0.105/0.125/0.15, gamma=0.5, orientation_bins=12, orientation_offset=1.5708, sigma_scale=0.55, strength=0.08)",M2 Modified Gabor,"{""detail_clip"": 0.1, ""frequencies"": [0.07, 0.085, 0.105, 0.125, 0.15], ""gamma"": 0.5, ""orientation_bins"": 12, ""orientation_offset"": 1.5707963267948966, ""sigma_scale"": 0.55, ""strength"": 0.08}",27.075266153872867,0.8850007860559821,0.0019609809946537662,27.07969007932899,0.8851937263240516,0.00195898446531612,0.0044239254561233565,0.00019294026806948583,-1.9965293376464008e-06,0.0001516171614639461,0.22580069999821717
439__M_Left_ring_finger.BMP,439,"M2 Modified Gabor (detail_clip=0.1, frequencies=0.07/0.085/0.105/0.125/0.15, gamma=0.5, orientation_bins=12, orientation_offset=1.5708, sigma_scale=0.55, strength=0.08)",M2 Modified Gabor,"{""detail_clip"": 0.1, ""frequencies"": [0.07, 0.085, 0.105, 0.125, 0.15], ""gamma"": 0.5, ""orientation_bins"": 12, ""orientation_offset"": 1.5707963267948966, ""sigma_scale"": 0.55, ""strength"": 0.08}",27.26936026487648,0.8321901105798483,0.001875270723456602,27.27536500854221,0.8324363178576231,0.0018726796845619717,0.006004743665730672,0.00024620727777480145,-2.5910388946302765e-06,0.00016112370940390974,0.24905979999311967
439__M_Left_thumb_finger.BMP,439,"M2 Modified Gabor (detail_clip=0.1, frequencies=0.07/0.085/0.105/0.125/0.15, gamma=0.5, orientation_bins=12, orientation_offset=1.5708, sigma_scale=0.55, strength=0.08)",M2 Modified Gabor,"{""detail_clip"": 0.1, ""frequencies"": [0.07, 0.085, 0.105, 0.125, 0.15], ""gamma"": 0.5, ""orientation_bins"": 12, ""orientation_offset"": 1.5707963267948966, ""sigma_scale"": 0.55, ""strength"": 0.08}",27.22016145099966,0.8706247874133587,0.0018966354115943194,27.223877472562947,0.870766507050395,0.0018950132579699979,0.00371602156328521,0.0001417196370363527,-1.6221536243215488e-06,0.00013543764362111688,0.22090690000186441
439__M_Right_index_finger.BMP,439,"M2 Modified Gabor (detail_clip=0.1, frequencies=0.07/0.085/0.105/0.125/0.15, gamma=0.5, orientation_bins=12, orientation_offset=1.5708, sigma_scale=0.55, strength=0.08)",M2 Modified Gabor,"{""detail_clip"": 0.1, ""frequencies"": [0.07, 0.085, 0.105, 0.125, 0.15], ""gamma"": 0.5, ""orientation_bins"": 12, ""orientation_offset"": 1.5707963267948966, ""sigma_scale"": 0.55, ""strength"": 0.08}",27.190461892047534,0.860179078065604,0.0019096501477369801,27.197583906882056,0.8604531294204295,0.0019065210702254125,0.007122014834521906,0.0002740513548254997,-3.1290775115676295e-06,0.00020160179701633751,0.23060250000708038
439__M_Right_little_finger.BMP,439,"M2 Modified Gabor (detail_clip=0.1, frequencies=0.07/0.085/0.105/0.125/0.15, gamma=0.5, orientation_bins=12, orientation_offset=1.5708, sigma_scale=0.55, strength=0.08)",M2 Modified Gabor,"{""detail_clip"": 0.1, ""frequencies"": [0.07, 0.085, 0.105, 0.125, 0.15], ""gamma"": 0.5, ""orientation_bins"": 12, ""orientation_offset"": 1.5707963267948966, ""sigma_scale"": 0.55, ""strength"": 0.08}",27.46604753235387,0.7971711269533038,0.001792236207049238,27.472417415104804,0.7974160291072726,0.0017896094257322714,0.006369882750934863,0.00024490215396877346,-2.6267813169665675e-06,0.00014746730448678136,0.2072628000023542
439__M_Right_middle_finger.BMP,439,"M2 Modified Gabor (detail_clip=0.1, frequencies=0.07/0.085/0.105/0.125/0.15, gamma=0.5, orientation_bins=12, orientation_offset=1.5708, sigma_scale=0.55, strength=0.08)",M2 Modified Gabor,"{""detail_clip"": 0.1, ""frequencies"": [0.07, 0.085, 0.105, 0.125, 0.15], ""gamma"": 0.5, ""orientation_bins"": 12, ""orientation_offset"": 1.5707963267948966, ""sigma_scale"": 0.55, ""strength"": 0.08}",27.195319163986305,0.8431384734453261,0.001907515535095472,27.200527070959648,0.8433586038117706,0.00190522948037896,0.005207906973343057,0.00022013036644452644,-2.2860547165121353e-06,0.0001475315511925146,0.20465900000272086
439__M_Right_ring_finger.BMP,439,"M2 Modified Gabor (detail_clip=0.1, frequencies=0.07/0.085/0.105/0.125/0.15, gamma=0.5, orientation_bins=12, orientation_offset=1.5708, sigma_scale=0.55, strength=0.08)",M2 Modified Gabor,"{""detail_clip"": 0.1, ""frequencies"": [0.07, 0.085, 0.105, 0.125, 0.15], ""gamma"": 0.5, ""orientation_bins"": 12, ""orientation_offset"": 1.5707963267948966, ""sigma_scale"": 0.55, ""strength"": 0.08}",27.088819797633764,0.8616873811286986,0.001954870622892272,27.094808618155266,0.861936555265963,0.0019521767593033798,0.0059888205215017365,0.0002491741372644407,-2.693863588892247e-06,0.00016701595450285822,0.29468549999728566
439__M_Right_thumb_finger.BMP,439,"M2 Modified Gabor (detail_clip=0.1, frequencies=0.07/0.085/0.105/0.125/0.15, gamma=0.5, orientation_bins=12, orientation_offset=1.5708, sigma_scale=0.55, strength=0.08)",M2 Modified Gabor,"{""detail_clip"": 0.1, ""frequencies"": [0.07, 0.085, 0.105, 0.125, 0.15], ""gamma"": 0.5, ""orientation_bins"": 12, ""orientation_offset"": 1.5707963267948966, ""sigma_scale"": 0.55, ""strength"": 0.08}",27.178713895481742,0.860588171741724,0.0019148228900337703,27.184149475965604,0.8608362278053164,0.0019124278185546643,0.005435580483862168,0.00024805606359246113,-2.3950714791059254e-06,0.0002143986348528415,0.24290190000465373
184__M_Left_index_finger.BMP,184,"M2 Modified Gabor (detail_clip=0.1, frequencies=0.07/0.085/0.105/0.125/0.15, gamma=0.5, orientation_bins=12, orientation_offset=1.5708, sigma_scale=0.55, strength=0.08)",M2 Modified Gabor,"{""detail_clip"": 0.1, ""frequencies"": [0.07, 0.085, 0.105, 0.125, 0.15], ""gamma"": 0.5, ""orientation_bins"": 12, ""orientation_offset"": 1.5707963267948966, ""sigma_scale"": 0.55, ""strength"": 0.08}",27.14673214910537,0.9094638912225962,0.0019289758260301864,27.153153770498907,0.9096846094068587,0.0019261256864511794,0.006421621393535304,0.00022071818426250278,-2.8501395790069776e-06,0.00021404490689747036,0.19930449999810662
184__M_Left_little_finger.BMP,184,"M2 Modified Gabor (detail_clip=0.1, frequencies=0.07/0.085/0.105/0.125/0.15, gamma=0.5, orientation_bins=12, orientation_offset=1.5708, sigma_scale=0.55, strength=0.08)",M2 Modified Gabor,"{""detail_clip"": 0.1, ""frequencies"": [0.07, 0.085, 0.105, 0.125, 0.15], ""gamma"": 0.5, ""orientation_bins"": 12, ""orientation_offset"": 1.5707963267948966, ""sigma_scale"": 0.55, ""strength"": 0.08}",27.68577063332017,0.7966246676869393,0.0017038169588951832,27.69716511175883,0.7970588606532812,0.0016993525550147543,0.011394478438660371,0.0004341929663419508,-4.464403880428914e-06,0.0001946401025634259,0.20630489999894053
184__M_Left_middle_finger.BMP,184,"M2 Modified Gabor (detail_clip=0.1, frequencies=0.07/0.085/0.105/0.125/0.15, gamma=0.5, orientation_bins=12, orientation_offset=1.5708, sigma_scale=0.55, strength=0.08)",M2 Modified Gabor,"{""detail_clip"": 0.1, ""frequencies"": [0.07, 0.085, 0.105, 0.125, 0.15], ""gamma"": 0.5, ""orientation_bins"": 12, ""orientation_offset"": 1.5707963267948966, ""sigma_scale"": 0.55, ""strength"": 0.08}",26.967420814007504,0.924128175724417,0.002010286326054125,26.971764912101023,0.9243020852233768,0.0020082765112358347,0.004344098093518767,0.00017390949895979002,-2.009814818290396e-06,0.0001857405004557222,0.2013221999950474
184__M_Left_ring_finger.BMP,184,"M2 Modified Gabor (detail_clip=0.1, frequencies=0.07/0.085/0.105/0.125/0.15, gamma=0.5, orientation_bins=12, orientation_offset=1.5708, sigma_scale=0.55, strength=0.08)",M2 Modified Gabor,"{""detail_clip"": 0.1, ""frequencies"": [0.07, 0.085, 0.105, 0.125, 0.15], ""gamma"": 0.5, ""orientation_bins"": 12, ""orientation_offset"": 1.5707963267948966, ""sigma_scale"": 0.55, ""strength"": 0.08}",27.16267520307092,0.870679429012537,0.0019219074917362917,27.171005690094404,0.8710327409707904,0.0019182244884799683,0.008330487023485489,0.00035331195825338835,-3.6830032563233642e-06,0.0001801926118787378,0.27271949999703793
184__M_Left_thumb_finger.BMP,184,"M2 Modified Gabor (detail_clip=0.1, frequencies=0.07/0.085/0.105/0.125/0.15, gamma=0.5, orientation_bins=12, orientation_offset=1.5708, sigma_scale=0.55, strength=0.08)",M2 Modified Gabor,"{""detail_clip"": 0.1, ""frequencies"": [0.07, 0.085, 0.105, 0.125, 0.15], ""gamma"": 0.5, ""orientation_bins"": 12, ""orientation_offset"": 1.5707963267948966, ""sigma_scale"": 0.55, ""strength"": 0.08}",27.09455659897816,0.894332712657094,0.0019522900465488075,27.10018670609152,0.8945659564695359,0.0019497607764413234,0.00563010711336176,0.00023324381244183012,-2.529270107484152e-06,0.00022708920005243272,0.2211567999984254
184__M_Right_index_finger.BMP,184,"M2 Modified Gabor (detail_clip=0.1, frequencies=0.07/0.085/0.105/0.125/0.15, gamma=0.5, orientation_bins=12, orientation_offset=1.5708, sigma_scale=0.55, strength=0.08)",M2 Modified Gabor,"{""detail_clip"": 0.1, ""frequencies"": [0.07, 0.085, 0.105, 0.125, 0.15], ""gamma"": 0.5, ""orientation_bins"": 12, ""orientation_offset"": 1.5707963267948966, ""sigma_scale"": 0.55, ""strength"": 0.08}",27.168996828915667,0.8836233427411317,0.0019191119826170474,27.175232661852597,0.8838719345995187,0.0019163583961217276,0.006235832936930308,0.0002485918583869928,-2.7535864953198447e-06,0.00022069750411901623,0.30963550000160467
184__M_Right_little_finger.BMP,184,"M2 Modified Gabor (detail_clip=0.1, frequencies=0.07/0.085/0.105/0.125/0.15, gamma=0.5, orientation_bins=12, orientation_offset=1.5708, sigma_scale=0.55, strength=0.08)",M2 Modified Gabor,"{""detail_clip"": 0.1, ""frequencies"": [0.07, 0.085, 0.105, 0.125, 0.15], ""gamma"": 0.5, ""orientation_bins"": 12, ""orientation_offset"": 1.5707963267948966, ""sigma_scale"": 0.55, ""strength"": 0.08}",27.192112369058048,0.8865373025163412,0.0019089245491009349,27.19895952515675,0.886800620110929,0.0019059172794751616,0.00684715609870068,0.00026331759458775306,-3.0072696257732803e-06,0.00019335391698405147,0.2492629999978817
184__M_Right_middle_finger.BMP,184,"M2 Modified Gabor (detail_clip=0.1, frequencies=0.07/0.085/0.105/0.125/0.15, gamma=0.5, orientation_bins=12, orientation_offset=1.5708, sigma_scale=0.55, strength=0.08)",M2 Modified Gabor,"{""detail_clip"": 0.1, ""frequencies"": [0.07, 0.085, 0.105, 0.125, 0.15], ""gamma"": 0.5, ""orientation_bins"": 12, ""orientation_offset"": 1.5707963267948966, ""sigma_scale"": 0.55, ""strength"": 0.08}",26.937873520135312,0.9148618301275373,0.0020240099725046343,26.943682138811283,0.9150514682973623,0.002021304701330246,0.0058086186759709335,0.00018963816982497939,-2.7052711743884815e-06,0.00021768774604424834,0.2861787999936496
184__M_Right_ring_finger.BMP,184,"M2 Modified Gabor (detail_clip=0.1, frequencies=0.07/0.085/0.105/0.125/0.15, gamma=0.5, orientation_bins=12, orientation_offset=1.5708, sigma_scale=0.55, strength=0.08)",M2 Modified Gabor,"{""detail_clip"": 0.1, ""frequencies"": [0.07, 0.085, 0.105, 0.125, 0.15], ""gamma"": 0.5, ""orientation_bins"": 12, ""orientation_offset"": 1.5707963267948966, ""sigma_scale"": 0.55, ""strength"": 0.08}",26.95258106467255,0.899651739586711,0.002017167180501343,26.95742181943927,0.8998366790100336,0.002014920048167808,0.004840754766718192,0.0001849394233226498,-2.2471323335346814e-06,0.00019516472821123898,0.26529370000207564
184__M_Right_thumb_finger.BMP,184,"M2 Modified Gabor (detail_clip=0.1, frequencies=0.07/0.085/0.105/0.125/0.15, gamma=0.5, orientation_bins=12, orientation_offset=1.5708, sigma_scale=0.55, strength=0.08)",M2 Modified Gabor,"{""detail_clip"": 0.1, ""frequencies"": [0.07, 0.085, 0.105, 0.125, 0.15], ""gamma"": 0.5, ""orientation_bins"": 12, ""orientation_offset"": 1.5707963267948966, ""sigma_scale"": 0.55, ""strength"": 0.08}",27.1155529441821,0.9145130371519327,0.001942874309123023,27.121401858373467,0.9147109495664835,0.0019402594804937647,0.005848914191368237,0.00019791241455080488,-2.6148286292582666e-06,0.0002635047712828964,0.23609569999825908
297__M_Left_index_finger.BMP,297,"M2 Modified Gabor (detail_clip=0.1, frequencies=0.07/0.085/0.105/0.125/0.15, gamma=0.5, orientation_bins=12, orientation_offset=1.5708, sigma_scale=0.55, strength=0.08)",M2 Modified Gabor,"{""detail_clip"": 0.1, ""frequencies"": [0.07, 0.085, 0.105, 0.125, 0.15], ""gamma"": 0.5, ""orientation_bins"": 12, ""orientation_offset"": 1.5707963267948966, ""sigma_scale"": 0.55, ""strength"": 0.08}",27.7570804375387,0.7906426064821481,0.0016760692418019418,27.768352204074866,0.7910548324468731,0.0016717247781955474,0.011271766536165018,0.0004122259647250104,-4.344463606394469e-06,0.00017911219038069248,0.23875480000424432
297__M_Left_little_finger.BMP,297,"M2 Modified Gabor (detail_clip=0.1, frequencies=0.07/0.085/0.105/0.125/0.15, gamma=0.5, orientation_bins=12, orientation_offset=1.5708, sigma_scale=0.55, strength=0.08)",M2 Modified Gabor,"{""detail_clip"": 0.1, ""frequencies"": [0.07, 0.085, 0.105, 0.125, 0.15], ""gamma"": 0.5, ""orientation_bins"": 12, ""orientation_offset"": 1.5707963267948966, ""sigma_scale"": 0.55, ""strength"": 0.08}",27.604976193107987,0.8586213655061722,0.0017358107781078177,27.610564481905207,0.8587359613070488,0.0017335786581693057,0.005588288797220287,0.00011459580087658239,-2.2321199385120453e-06,0.0001258437114302069,0.2431633999949554
297__M_Left_middle_finger.BMP,297,"M2 Modified Gabor (detail_clip=0.1, frequencies=0.07/0.085/0.105/0.125/0.15, gamma=0.5, orientation_bins=12, orientation_offset=1.5708, sigma_scale=0.55, strength=0.08)",M2 Modified Gabor,"{""detail_clip"": 0.1, ""frequencies"": [0.07, 0.085, 0.105, 0.125, 0.15], ""gamma"": 0.5, ""orientation_bins"": 12, ""orientation_offset"": 1.5707963267948966, ""sigma_scale"": 0.55, ""strength"": 0.08}",27.408921212894597,0.831367049916923,0.0018159666927172965,27.41902688013355,0.831796428626597,0.0018117460034923092,0.010105667238953231,0.0004293787096739665,-4.220689224987287e-06,0.00020169583149254322,0.22876880000694655
297__M_Left_ring_finger.BMP,297,"M2 Modified Gabor (detail_clip=0.1, frequencies=0.07/0.085/0.105/0.125/0.15, gamma=0.5, orientation_bins=12, orientation_offset=1.5708, sigma_scale=0.55, strength=0.08)",M2 Modified Gabor,"{""detail_clip"": 0.1, ""frequencies"": [0.07, 0.085, 0.105, 0.125, 0.15], ""gamma"": 0.5, ""orientation_bins"": 12, ""orientation_offset"": 1.5707963267948966, ""sigma_scale"": 0.55, ""strength"": 0.08}",27.999195089177213,0.7429669464297891,0.0015851869599302825,28.006548558138064,0.7432165794073939,0.0015825051942920856,0.007353468960850762,0.00024963297760483005,-2.681765638196977e-06,0.00013107500853948295,0.3947295000034501
297__M_Left_thumb_finger.BMP,297,"M2 Modified Gabor (detail_clip=0.1, frequencies=0.07/0.085/0.105/0.125/0.15, gamma=0.5, orientation_bins=12, orientation_offset=1.5708, sigma_scale=0.55, strength=0.08)",M2 Modified Gabor,"{""detail_clip"": 0.1, ""frequencies"": [0.07, 0.085, 0.105, 0.125, 0.15], ""gamma"": 0.5, ""orientation_bins"": 12, ""orientation_offset"": 1.5707963267948966, ""sigma_scale"": 0.55, ""strength"": 0.08}",27.351634550995698,0.8496112274484038,0.0018400793218039874,27.36060853486512,0.849942573464036,0.0018362810250161538,0.00897398386942072,0.0003313460156322279,-3.798296787833628e-06,0.0002502318820916116,0.36430339999787975
297__M_Right_index_finger.BMP,297,"M2 Modified Gabor (detail_clip=0.1, frequencies=0.07/0.085/0.105/0.125/0.15, gamma=0.5, orientation_bins=12, orientation_offset=1.5708, sigma_scale=0.55, strength=0.08)",M2 Modified Gabor,"{""detail_clip"": 0.1, ""frequencies"": [0.07, 0.085, 0.105, 0.125, 0.15], ""gamma"": 0.5, ""orientation_bins"": 12, ""orientation_offset"": 1.5707963267948966, ""sigma_scale"": 0.55, ""strength"": 0.08}",27.26646688433661,0.8421334111442864,0.0018765204928810162,27.27303370642987,0.8423809441429972,0.0018736852129019868,0.0065668220932622035,0.000247532998710831,-2.835279979029404e-06,0.00020278606098145247,0.33393860000069253
297__M_Right_little_finger.BMP,297,"M2 Modified Gabor (detail_clip=0.1, frequencies=0.07/0.085/0.105/0.125/0.15, gamma=0.5, orientation_bins=12, orientation_offset=1.5708, sigma_scale=0.55, strength=0.08)",M2 Modified Gabor,"{""detail_clip"": 0.1, ""frequencies"": [0.07, 0.085, 0.105, 0.125, 0.15], ""gamma"": 0.5, ""orientation_bins"": 12, ""orientation_offset"": 1.5707963267948966, ""sigma_scale"": 0.55, ""strength"": 0.08}",27.748414561772044,0.7768289119063616,0.0016794169952769212,27.760486775190657,0.7772551530010104,0.0016747551520324103,0.01207221341861242,0.0004262410946488382,-4.661843244510881e-06,0.000188845006050542,0.2703267999968375
297__M_Right_middle_finger.BMP,297,"M2 Modified Gabor (detail_clip=0.1, frequencies=0.07/0.085/0.105/0.125/0.15, gamma=0.5, orientation_bins=12, orientation_offset=1.5708, sigma_scale=0.55, strength=0.08)",M2 Modified Gabor,"{""detail_clip"": 0.1, ""frequencies"": [0.07, 0.085, 0.105, 0.125, 0.15], ""gamma"": 0.5, ""orientation_bins"": 12, ""orientation_offset"": 1.5707963267948966, ""sigma_scale"": 0.55, ""strength"": 0.08}",27.62754038726817,0.7994520999450088,0.0017268155915228394,27.640015589468405,0.7999236365741194,0.0017218623941643104,0.012475202200235458,0.0004715366291105916,-4.953197358529074e-06,0.00021058673155494034,0.20645590000640368
297__M_Right_ring_finger.BMP,297,"M2 Modified Gabor (detail_clip=0.1, frequencies=0.07/0.085/0.105/0.125/0.15, gamma=0.5, orientation_bins=12, orientation_offset=1.5708, sigma_scale=0.55, strength=0.08)",M2 Modified Gabor,"{""detail_clip"": 0.1, ""frequencies"": [0.07, 0.085, 0.105, 0.125, 0.15], ""gamma"": 0.5, ""orientation_bins"": 12, ""orientation_offset"": 1.5707963267948966, ""sigma_scale"": 0.55, ""strength"": 0.08}",27.67942143460698,0.7884819651403725,0.0017063096877649516,27.689127824929407,0.7888344822312295,0.0017025003799498563,0.009706390322428149,0.00035251709085704075,-3.8093078150952617e-06,0.00017823706730268896,0.2126459999999497
297__M_Right_thumb_finger.BMP,297,"M2 Modified Gabor (detail_clip=0.1, frequencies=0.07/0.085/0.105/0.125/0.15, gamma=0.5, orientation_bins=12, orientation_offset=1.5708, sigma_scale=0.55, strength=0.08)",M2 Modified Gabor,"{""detail_clip"": 0.1, ""frequencies"": [0.07, 0.085, 0.105, 0.125, 0.15], ""gamma"": 0.5, ""orientation_bins"": 12, ""orientation_offset"": 1.5707963267948966, ""sigma_scale"": 0.55, ""strength"": 0.08}",27.057159365148596,0.8790298646752238,0.0019691738664962227,27.06360519829856,0.8792882625604271,0.0019662533708709926,0.006445833149964386,0.00025839788520332085,-2.920495625230099e-06,0.0002030766918323934,0.3124500999983866
510__M_Left_index_finger.BMP,510,"M2 Modified Gabor (detail_clip=0.1, frequencies=0.07/0.085/0.105/0.125/0.15, gamma=0.5, orientation_bins=12, orientation_offset=1.5708, sigma_scale=0.55, strength=0.08)",M2 Modified Gabor,"{""detail_clip"": 0.1, ""frequencies"": [0.07, 0.085, 0.105, 0.125, 0.15], ""gamma"": 0.5, ""orientation_bins"": 12, ""orientation_offset"": 1.5707963267948966, ""sigma_scale"": 0.55, ""strength"": 0.08}",27.049783248781104,0.8853918248358965,0.001972521179848049,27.055356932331968,0.8856102335561514,0.0019699912934666723,0.0055736835508639615,0.00021840872025491453,-2.5298863813765296e-06,0.00018569859093986452,0.28729419999581296
510__M_Left_little_finger.BMP,510,"M2 Modified Gabor (detail_clip=0.1, frequencies=0.07/0.085/0.105/0.125/0.15, gamma=0.5, orientation_bins=12, orientation_offset=1.5708, sigma_scale=0.55, strength=0.08)",M2 Modified Gabor,"{""detail_clip"": 0.1, ""frequencies"": [0.07, 0.085, 0.105, 0.125, 0.15], ""gamma"": 0.5, ""orientation_bins"": 12, ""orientation_offset"": 1.5707963267948966, ""sigma_scale"": 0.55, ""strength"": 0.08}",27.388994176833812,0.8156364864462018,0.0018243181642848185,27.39652278192272,0.8159557149647474,0.0018211584019922982,0.007528605088907625,0.0003192285185456001,-3.1597622925203135e-06,0.0001910364953801036,0.23985329999413807
510__M_Left_middle_finger.BMP,510,"M2 Modified Gabor (detail_clip=0.1, frequencies=0.07/0.085/0.105/0.125/0.15, gamma=0.5, orientation_bins=12, orientation_offset=1.5708, sigma_scale=0.55, strength=0.08)",M2 Modified Gabor,"{""detail_clip"": 0.1, ""frequencies"": [0.07, 0.085, 0.105, 0.125, 0.15], ""gamma"": 0.5, ""orientation_bins"": 12, ""orientation_offset"": 1.5707963267948966, ""sigma_scale"": 0.55, ""strength"": 0.08}",26.927380314475773,0.9163373613706232,0.002028906196606752,26.934264476109252,0.91661067473647,0.002025692650367962,0.00688416163347938,0.00027331336584679455,-3.2135462387900514e-06,0.00020507465524133295,0.27367709999816725
510__M_Left_ring_finger.BMP,510,"M2 Modified Gabor (detail_clip=0.1, frequencies=0.07/0.085/0.105/0.125/0.15, gamma=0.5, orientation_bins=12, orientation_offset=1.5708, sigma_scale=0.55, strength=0.08)",M2 Modified Gabor,"{""detail_clip"": 0.1, ""frequencies"": [0.07, 0.085, 0.105, 0.125, 0.15], ""gamma"": 0.5, ""orientation_bins"": 12, ""orientation_offset"": 1.5707963267948966, ""sigma_scale"": 0.55, ""strength"": 0.08}",27.139391128208246,0.8814989184703231,0.0019322391939270728,27.14506499778126,0.8817283098800183,0.001929716455273153,0.005673869573016077,0.00022939140969513439,-2.5227386539197413e-06,0.00018733592878561467,0.31860020000021905
510__M_Left_thumb_finger.BMP,510,"M2 Modified Gabor (detail_clip=0.1, frequencies=0.07/0.085/0.105/0.125/0.15, gamma=0.5, orientation_bins=12, orientation_offset=1.5708, sigma_scale=0.55, strength=0.08)",M2 Modified Gabor,"{""detail_clip"": 0.1, ""frequencies"": [0.07, 0.085, 0.105, 0.125, 0.15], ""gamma"": 0.5, ""orientation_bins"": 12, ""orientation_offset"": 1.5707963267948966, ""sigma_scale"": 0.55, ""strength"": 0.08}",27.04511604334945,0.9147710483712554,0.0019746421163289608,27.049555657890988,0.9149390355686248,0.001972624552014397,0.004439614541539072,0.00016798719736932366,-2.017564314563819e-06,0.00017464700795244426,0.268111699995643
510__M_Right_index_finger.BMP,510,"M2 Modified Gabor (detail_clip=0.1, frequencies=0.07/0.085/0.105/0.125/0.15, gamma=0.5, orientation_bins=12, orientation_offset=1.5708, sigma_scale=0.55, strength=0.08)",M2 Modified Gabor,"{""detail_clip"": 0.1, ""frequencies"": [0.07, 0.085, 0.105, 0.125, 0.15], ""gamma"": 0.5, ""orientation_bins"": 12, ""orientation_offset"": 1.5707963267948966, ""sigma_scale"": 0.55, ""strength"": 0.08}",27.23055457921046,0.866017082233429,0.0018921019882603737,27.236283325792062,0.8662363932722807,0.0018896077758486188,0.005728746581603161,0.00021931103885175496,-2.4942124117548724e-06,0.0001654465013416484,0.3024654999971972
510__M_Right_little_finger.BMP,510,"M2 Modified Gabor (detail_clip=0.1, frequencies=0.07/0.085/0.105/0.125/0.15, gamma=0.5, orientation_bins=12, orientation_offset=1.5708, sigma_scale=0.55, strength=0.08)",M2 Modified Gabor,"{""detail_clip"": 0.1, ""frequencies"": [0.07, 0.085, 0.105, 0.125, 0.15], ""gamma"": 0.5, ""orientation_bins"": 12, ""orientation_offset"": 1.5707963267948966, ""sigma_scale"": 0.55, ""strength"": 0.08}",27.394827670703343,0.8089458301949203,0.0018218693639567604,27.399733637629286,0.8091415121874214,0.0018198124682939749,0.004905966925942806,0.00019568199250108442,-2.056895662785538e-06,0.00014563792501576245,0.2717024999947171
510__M_Right_middle_finger.BMP,510,"M2 Modified Gabor (detail_clip=0.1, frequencies=0.07/0.085/0.105/0.125/0.15, gamma=0.5, orientation_bins=12, orientation_offset=1.5708, sigma_scale=0.55, strength=0.08)",M2 Modified Gabor,"{""detail_clip"": 0.1, ""frequencies"": [0.07, 0.085, 0.105, 0.125, 0.15], ""gamma"": 0.5, ""orientation_bins"": 12, ""orientation_offset"": 1.5707963267948966, ""sigma_scale"": 0.55, ""strength"": 0.08}",27.098886756793288,0.887872908428371,0.001950344474744861,27.103005711272033,0.8880330149347783,0.0019484955975149001,0.004118954478744996,0.00016010650640729818,-1.8488772299608044e-06,0.00015923363389447331,0.34010290000151144
510__M_Right_ring_finger.BMP,510,"M2 Modified Gabor (detail_clip=0.1, frequencies=0.07/0.085/0.105/0.125/0.15, gamma=0.5, orientation_bins=12, orientation_offset=1.5708, sigma_scale=0.55, strength=0.08)",M2 Modified Gabor,"{""detail_clip"": 0.1, ""frequencies"": [0.07, 0.085, 0.105, 0.125, 0.15], ""gamma"": 0.5, ""orientation_bins"": 12, ""orientation_offset"": 1.5707963267948966, ""sigma_scale"": 0.55, ""strength"": 0.08}",27.19464273199484,0.8686249066267312,0.001907812661832362,27.200265032085035,0.8688826793104112,0.001905344439069754,0.005622300090195154,0.00025777268367999095,-2.468222762607884e-06,0.0001778113655745983,0.2675593000021763
510__M_Right_thumb_finger.BMP,510,"M2 Modified Gabor (detail_clip=0.1, frequencies=0.07/0.085/0.105/0.125/0.15, gamma=0.5, orientation_bins=12, orientation_offset=1.5708, sigma_scale=0.55, strength=0.08)",M2 Modified Gabor,"{""detail_clip"": 0.1, ""frequencies"": [0.07, 0.085, 0.105, 0.125, 0.15], ""gamma"": 0.5, ""orientation_bins"": 12, ""orientation_offset"": 1.5707963267948966, ""sigma_scale"": 0.55, ""strength"": 0.08}",27.147269107323716,0.8867233144706488,0.0019287373437475198,27.152362843143145,0.8869342078982592,0.001926476500078655,0.005093735819428957,0.00021089342761038132,-2.2608436688648266e-06,0.0001950928708538413,0.20713160000013886
329__M_Left_index_finger.BMP,329,"M2 Modified Gabor (detail_clip=0.1, frequencies=0.07/0.085/0.105/0.125/0.15, gamma=0.5, orientation_bins=12, orientation_offset=1.5708, sigma_scale=0.55, strength=0.08)",M2 Modified Gabor,"{""detail_clip"": 0.1, ""frequencies"": [0.07, 0.085, 0.105, 0.125, 0.15], ""gamma"": 0.5, ""orientation_bins"": 12, ""orientation_offset"": 1.5707963267948966, ""sigma_scale"": 0.55, ""strength"": 0.08}",27.33983850281261,0.8673399185726046,0.0018450840293860148,27.34643653296085,0.8676053535431028,0.0018422830089700438,0.006598030148239786,0.00026543497049813514,-2.8010204159709725e-06,0.00015993982378859073,0.29828960000304505
329__M_Left_little_finger.BMP,329,"M2 Modified Gabor (detail_clip=0.1, frequencies=0.07/0.085/0.105/0.125/0.15, gamma=0.5, orientation_bins=12, orientation_offset=1.5708, sigma_scale=0.55, strength=0.08)",M2 Modified Gabor,"{""detail_clip"": 0.1, ""frequencies"": [0.07, 0.085, 0.105, 0.125, 0.15], ""gamma"": 0.5, ""orientation_bins"": 12, ""orientation_offset"": 1.5707963267948966, ""sigma_scale"": 0.55, ""strength"": 0.08}",27.483534424271237,0.7969700508410931,0.0017850342668649715,27.49361101393768,0.7973500766729117,0.0017808973948218374,0.010076589666443425,0.00038002583181862004,-4.136872043134171e-06,0.00017272047989536077,0.22757629999978235
329__M_Left_middle_finger.BMP,329,"M2 Modified Gabor (detail_clip=0.1, frequencies=0.07/0.085/0.105/0.125/0.15, gamma=0.5, orientation_bins=12, orientation_offset=1.5708, sigma_scale=0.55, strength=0.08)",M2 Modified Gabor,"{""detail_clip"": 0.1, ""frequencies"": [0.07, 0.085, 0.105, 0.125, 0.15], ""gamma"": 0.5, ""orientation_bins"": 12, ""orientation_offset"": 1.5707963267948966, ""sigma_scale"": 0.55, ""strength"": 0.08}",27.170496652176993,0.8806207271711528,0.0019184493373478708,27.17705899952527,0.8808854014114738,0.0019155526797536083,0.00656234734827521,0.0002646742403209501,-2.896657594262525e-06,0.00016901319031603634,0.27182100000209175
329__M_Left_ring_finger.BMP,329,"M2 Modified Gabor (detail_clip=0.1, frequencies=0.07/0.085/0.105/0.125/0.15, gamma=0.5, orientation_bins=12, orientation_offset=1.5708, sigma_scale=0.55, strength=0.08)",M2 Modified Gabor,"{""detail_clip"": 0.1, ""frequencies"": [0.07, 0.085, 0.105, 0.125, 0.15], ""gamma"": 0.5, ""orientation_bins"": 12, ""orientation_offset"": 1.5707963267948966, ""sigma_scale"": 0.55, ""strength"": 0.08}",27.048095149200076,0.8606330455324054,0.0019732880464668353,27.05366177879238,0.860865757902503,0.0019707603775026474,0.005566629592305361,0.0002327123700975875,-2.5276689641878618e-06,0.00015779938257765025,0.31088359999557724
329__M_Left_thumb_finger.BMP,329,"M2 Modified Gabor (detail_clip=0.1, frequencies=0.07/0.085/0.105/0.125/0.15, gamma=0.5, orientation_bins=12, orientation_offset=1.5708, sigma_scale=0.55, strength=0.08)",M2 Modified Gabor,"{""detail_clip"": 0.1, ""frequencies"": [0.07, 0.085, 0.105, 0.125, 0.15], ""gamma"": 0.5, ""orientation_bins"": 12, ""orientation_offset"": 1.5707963267948966, ""sigma_scale"": 0.55, ""strength"": 0.08}",27.274119087408604,0.8811508820807934,0.001873217003364104,27.279435242465443,0.8813546301437021,0.0018709254201156255,0.0053161550568390226,0.00020374806290868186,-2.291583248478562e-06,0.0001770634262356907,0.2848511000047438
329__M_Right_index_finger.BMP,329,"M2 Modified Gabor (detail_clip=0.1, frequencies=0.07/0.085/0.105/0.125/0.15, gamma=0.5, orientation_bins=12, orientation_offset=1.5708, sigma_scale=0.55, strength=0.08)",M2 Modified Gabor,"{""detail_clip"": 0.1, ""frequencies"": [0.07, 0.085, 0.105, 0.125, 0.15], ""gamma"": 0.5, ""orientation_bins"": 12, ""orientation_offset"": 1.5707963267948966, ""sigma_scale"": 0.55, ""strength"": 0.08}",27.187816851277667,0.9046109719729424,0.001910813561316814,27.196447933226246,0.9049124813271164,0.0019070198195927177,0.008631081948578867,0.00030150935417405655,-3.7937417240961873e-06,0.0002596906269900501,0.2772305000034976
329__M_Right_little_finger.BMP,329,"M2 Modified Gabor (detail_clip=0.1, frequencies=0.07/0.085/0.105/0.125/0.15, gamma=0.5, orientation_bins=12, orientation_offset=1.5708, sigma_scale=0.55, strength=0.08)",M2 Modified Gabor,"{""detail_clip"": 0.1, ""frequencies"": [0.07, 0.085, 0.105, 0.125, 0.15], ""gamma"": 0.5, ""orientation_bins"": 12, ""orientation_offset"": 1.5707963267948966, ""sigma_scale"": 0.55, ""strength"": 0.08}",27.743813777829764,0.7948134238148331,0.0016811970613825667,27.75606651299352,0.7952022894784212,0.0016764605905769895,0.012252735163755801,0.0003888656635880894,-4.736470805577226e-06,0.00017243745969608426,0.3648637999940547
329__M_Right_middle_finger.BMP,329,"M2 Modified Gabor (detail_clip=0.1, frequencies=0.07/0.085/0.105/0.125/0.15, gamma=0.5, orientation_bins=12, orientation_offset=1.5708, sigma_scale=0.55, strength=0.08)",M2 Modified Gabor,"{""detail_clip"": 0.1, ""frequencies"": [0.07, 0.085, 0.105, 0.125, 0.15], ""gamma"": 0.5, ""orientation_bins"": 12, ""orientation_offset"": 1.5707963267948966, ""sigma_scale"": 0.55, ""strength"": 0.08}",27.191388370015403,0.9068319340829849,0.0019092428065988977,27.200203603309735,0.907126149286151,0.0019053713894013973,0.008815233294331648,0.00029421520316608163,-3.871417197500414e-06,0.0002316628524567932,0.25227910000103293
329__M_Right_ring_finger.BMP,329,"M2 Modified Gabor (detail_clip=0.1, frequencies=0.07/0.085/0.105/0.125/0.15, gamma=0.5, orientation_bins=12, orientation_offset=1.5708, sigma_scale=0.55, strength=0.08)",M2 Modified Gabor,"{""detail_clip"": 0.1, ""frequencies"": [0.07, 0.085, 0.105, 0.125, 0.15], ""gamma"": 0.5, ""orientation_bins"": 12, ""orientation_offset"": 1.5707963267948966, ""sigma_scale"": 0.55, ""strength"": 0.08}",27.27178725921972,0.8700721985939145,0.0018742230472468093,27.27766151285308,0.8703019858521223,0.001871689692681545,0.005874253633358251,0.0002297872582077698,-2.5333545652641773e-06,0.0001685361348791048,0.27623619999940274
329__M_Right_thumb_finger.BMP,329,"M2 Modified Gabor (detail_clip=0.1, frequencies=0.07/0.085/0.105/0.125/0.15, gamma=0.5, orientation_bins=12, orientation_offset=1.5708, sigma_scale=0.55, strength=0.08)",M2 Modified Gabor,"{""detail_clip"": 0.1, ""frequencies"": [0.07, 0.085, 0.105, 0.125, 0.15], ""gamma"": 0.5, ""orientation_bins"": 12, ""orientation_offset"": 1.5707963267948966, ""sigma_scale"": 0.55, ""strength"": 0.08}",27.0467404622004,0.909762505359292,0.0019739036666828963,27.05159772803262,0.9099416667011976,0.001971697234038286,0.004857265832217905,0.00017916134190554267,-2.206432644610498e-06,0.0002322303771506995,0.25995720000355504
500__M_Left_index_finger.BMP,500,"M2 Modified Gabor (detail_clip=0.1, frequencies=0.07/0.085/0.105/0.125/0.15, gamma=0.5, orientation_bins=12, orientation_offset=1.5708, sigma_scale=0.55, strength=0.08)",M2 Modified Gabor,"{""detail_clip"": 0.1, ""frequencies"": [0.07, 0.085, 0.105, 0.125, 0.15], ""gamma"": 0.5, ""orientation_bins"": 12, ""orientation_offset"": 1.5707963267948966, ""sigma_scale"": 0.55, ""strength"": 0.08}",27.22097697852984,0.8126579431100488,0.0018962792907501484,27.229958302998824,0.8130540654803813,0.001892361787292327,0.008981324468983587,0.00039612237033248565,-3.917503457821422e-06,0.00018259824719280005,0.2111691999962204
500__M_Left_little_finger.BMP,500,"M2 Modified Gabor (detail_clip=0.1, frequencies=0.07/0.085/0.105/0.125/0.15, gamma=0.5, orientation_bins=12, orientation_offset=1.5708, sigma_scale=0.55, strength=0.08)",M2 Modified Gabor,"{""detail_clip"": 0.1, ""frequencies"": [0.07, 0.085, 0.105, 0.125, 0.15], ""gamma"": 0.5, ""orientation_bins"": 12, ""orientation_offset"": 1.5707963267948966, ""sigma_scale"": 0.55, ""strength"": 0.08}",27.393190376862407,0.8031483195633888,0.0018225563397227824,27.40331540819394,0.8035462405715584,0.0018183122273572616,0.010125031331533307,0.0003979210081695994,-4.244112365520787e-06,0.00017381354700773954,0.20564440000453033
500__M_Left_middle_finger.BMP,500,"M2 Modified Gabor (detail_clip=0.1, frequencies=0.07/0.085/0.105/0.125/0.15, gamma=0.5, orientation_bins=12, orientation_offset=1.5708, sigma_scale=0.55, strength=0.08)",M2 Modified Gabor,"{""detail_clip"": 0.1, ""frequencies"": [0.07, 0.085, 0.105, 0.125, 0.15], ""gamma"": 0.5, ""orientation_bins"": 12, ""orientation_offset"": 1.5707963267948966, ""sigma_scale"": 0.55, ""strength"": 0.08}",27.140279470727975,0.8293306801019311,0.0019318439978642497,27.14717469752314,0.82966296265769,0.0019287792723684904,0.006895226795165854,0.0003322825557589004,-3.0647254957592764e-06,0.00015046696353238076,0.27938170000561513
500__M_Left_ring_finger.BMP,500,"M2 Modified Gabor (detail_clip=0.1, frequencies=0.07/0.085/0.105/0.125/0.15, gamma=0.5, orientation_bins=12, orientation_offset=1.5708, sigma_scale=0.55, strength=0.08)",M2 Modified Gabor,"{""detail_clip"": 0.1, ""frequencies"": [0.07, 0.085, 0.105, 0.125, 0.15], ""gamma"": 0.5, ""orientation_bins"": 12, ""orientation_offset"": 1.5707963267948966, ""sigma_scale"": 0.55, ""strength"": 0.08}",27.295580705283417,0.8248268218860626,0.0018639829240834243,27.30843090401884,0.8253200693361163,0.0018584757968411005,0.012850198735424812,0.0004932474500537465,-5.507127242323747e-06,0.0002408554428257048,0.2341491999977734
500__M_Left_thumb_finger.BMP,500,"M2 Modified Gabor (detail_clip=0.1, frequencies=0.07/0.085/0.105/0.125/0.15, gamma=0.5, orientation_bins=12, orientation_offset=1.5708, sigma_scale=0.55, strength=0.08)",M2 Modified Gabor,"{""detail_clip"": 0.1, ""frequencies"": [0.07, 0.085, 0.105, 0.125, 0.15], ""gamma"": 0.5, ""orientation_bins"": 12, ""orientation_offset"": 1.5707963267948966, ""sigma_scale"": 0.55, ""strength"": 0.08}",26.95658644166975,0.8581379957226812,0.0020153076610392906,26.96052524913949,0.8583280383251607,0.0020134807185685564,0.003938807469740624,0.0001900426024794566,-1.8269424707341789e-06,0.0001414966827724129,0.2562547999987146
500__M_Right_index_finger.BMP,500,"M2 Modified Gabor (detail_clip=0.1, frequencies=0.07/0.085/0.105/0.125/0.15, gamma=0.5, orientation_bins=12, orientation_offset=1.5708, sigma_scale=0.55, strength=0.08)",M2 Modified Gabor,"{""detail_clip"": 0.1, ""frequencies"": [0.07, 0.085, 0.105, 0.125, 0.15], ""gamma"": 0.5, ""orientation_bins"": 12, ""orientation_offset"": 1.5707963267948966, ""sigma_scale"": 0.55, ""strength"": 0.08}",27.331157922060033,0.8369927438261509,0.0018487756300997896,27.339558139128833,0.8373380735058784,0.0018452031447039703,0.008400217068800231,0.00034532967972755735,-3.572485395819322e-06,0.00020144959853496403,0.2982248999978765
500__M_Right_little_finger.BMP,500,"M2 Modified Gabor (detail_clip=0.1, frequencies=0.07/0.085/0.105/0.125/0.15, gamma=0.5, orientation_bins=12, orientation_offset=1.5708, sigma_scale=0.55, strength=0.08)",M2 Modified Gabor,"{""detail_clip"": 0.1, ""frequencies"": [0.07, 0.085, 0.105, 0.125, 0.15], ""gamma"": 0.5, ""orientation_bins"": 12, ""orientation_offset"": 1.5707963267948966, ""sigma_scale"": 0.55, ""strength"": 0.08}",27.37286064895845,0.8175403233197629,0.0018311078948542933,27.380428523158255,0.8178423598248661,0.0018279198443757751,0.007567874199803981,0.000302036505103187,-3.1880504785181726e-06,0.00016431818949058652,0.24615260000427952
500__M_Right_middle_finger.BMP,500,"M2 Modified Gabor (detail_clip=0.1, frequencies=0.07/0.085/0.105/0.125/0.15, gamma=0.5, orientation_bins=12, orientation_offset=1.5708, sigma_scale=0.55, strength=0.08)",M2 Modified Gabor,"{""detail_clip"": 0.1, ""frequencies"": [0.07, 0.085, 0.105, 0.125, 0.15], ""gamma"": 0.5, ""orientation_bins"": 12, ""orientation_offset"": 1.5707963267948966, ""sigma_scale"": 0.55, ""strength"": 0.08}",27.2916266852288,0.8575968000411391,0.001865680754078539,27.300923968400067,0.8579247071167827,0.001861691016809512,0.009297283171267878,0.00032790707564356314,-3.989737269026895e-06,0.00019900425104424357,0.3824101999998675
500__M_Right_ring_finger.BMP,500,"M2 Modified Gabor (detail_clip=0.1, frequencies=0.07/0.085/0.105/0.125/0.15, gamma=0.5, orientation_bins=12, orientation_offset=1.5708, sigma_scale=0.55, strength=0.08)",M2 Modified Gabor,"{""detail_clip"": 0.1, ""frequencies"": [0.07, 0.085, 0.105, 0.125, 0.15], ""gamma"": 0.5, ""orientation_bins"": 12, ""orientation_offset"": 1.5707963267948966, ""sigma_scale"": 0.55, ""strength"": 0.08}",27.155657376306145,0.8889747540159821,0.001925015640166392,27.163121155148417,0.8892353029062748,0.0019217101522185968,0.007463778842272006,0.0002605488902927,-3.305487947795338e-06,0.00019268090545665473,0.29930659999808995
500__M_Right_thumb_finger.BMP,500,"M2 Modified Gabor (detail_clip=0.1, frequencies=0.07/0.085/0.105/0.125/0.15, gamma=0.5, orientation_bins=12, orientation_offset=1.5708, sigma_scale=0.55, strength=0.08)",M2 Modified Gabor,"{""detail_clip"": 0.1, ""frequencies"": [0.07, 0.085, 0.105, 0.125, 0.15], ""gamma"": 0.5, ""orientation_bins"": 12, ""orientation_offset"": 1.5707963267948966, ""sigma_scale"": 0.55, ""strength"": 0.08}",27.303108432332884,0.8768635264593064,0.001860754837687004,27.307253272656705,0.877029178389728,0.0018589798088035083,0.004144840323821342,0.00016565193042161752,-1.7750288834957224e-06,0.00015220919158309698,0.25893039999937173
546__M_Left_index_finger.BMP,546,"M2 Modified Gabor (detail_clip=0.1, frequencies=0.07/0.085/0.105/0.125/0.15, gamma=0.5, orientation_bins=12, orientation_offset=1.5708, sigma_scale=0.55, strength=0.08)",M2 Modified Gabor,"{""detail_clip"": 0.1, ""frequencies"": [0.07, 0.085, 0.105, 0.125, 0.15], ""gamma"": 0.5, ""orientation_bins"": 12, ""orientation_offset"": 1.5707963267948966, ""sigma_scale"": 0.55, ""strength"": 0.08}",27.17939859729466,0.8178055724727511,0.0019145210258810648,27.188778992105416,0.8182102398771346,0.0019103902844425607,0.009380394810754922,0.00040466740438349635,-4.130741438504101e-06,0.00020718976156786084,0.24696229999972275
546__M_Left_little_finger.BMP,546,"M2 Modified Gabor (detail_clip=0.1, frequencies=0.07/0.085/0.105/0.125/0.15, gamma=0.5, orientation_bins=12, orientation_offset=1.5708, sigma_scale=0.55, strength=0.08)",M2 Modified Gabor,"{""detail_clip"": 0.1, ""frequencies"": [0.07, 0.085, 0.105, 0.125, 0.15], ""gamma"": 0.5, ""orientation_bins"": 12, ""orientation_offset"": 1.5707963267948966, ""sigma_scale"": 0.55, ""strength"": 0.08}",27.58377739293818,0.7815911141959428,0.0017443043373741387,27.59481930883878,0.782019734458208,0.0017398750852139747,0.011041915900598553,0.0004286202622652002,-4.4292521601640815e-06,0.00018746852583717555,0.21294550000311574
546__M_Left_middle_finger.BMP,546,"M2 Modified Gabor (detail_clip=0.1, frequencies=0.07/0.085/0.105/0.125/0.15, gamma=0.5, orientation_bins=12, orientation_offset=1.5708, sigma_scale=0.55, strength=0.08)",M2 Modified Gabor,"{""detail_clip"": 0.1, ""frequencies"": [0.07, 0.085, 0.105, 0.125, 0.15], ""gamma"": 0.5, ""orientation_bins"": 12, ""orientation_offset"": 1.5707963267948966, ""sigma_scale"": 0.55, ""strength"": 0.08}",27.4038782178077,0.7900903055039644,0.001818076604447424,27.41417799578937,0.7904944118232727,0.0018137699419043276,0.010299777981668257,0.0004041063193083172,-4.3066625430964855e-06,0.00019250833429396152,0.22196859999530716
546__M_Left_ring_finger.BMP,546,"M2 Modified Gabor (detail_clip=0.1, frequencies=0.07/0.085/0.105/0.125/0.15, gamma=0.5, orientation_bins=12, orientation_offset=1.5708, sigma_scale=0.55, strength=0.08)",M2 Modified Gabor,"{""detail_clip"": 0.1, ""frequencies"": [0.07, 0.085, 0.105, 0.125, 0.15], ""gamma"": 0.5, ""orientation_bins"": 12, ""orientation_offset"": 1.5707963267948966, ""sigma_scale"": 0.55, ""strength"": 0.08}",27.1960749589077,0.811261339558661,0.0019071836024613185,27.20444938042169,0.811646378934741,0.0019035095584391856,0.00837442151398804,0.0003850393760800319,-3.6740440221328958e-06,0.0001875564339570701,0.2058508000045549
546__M_Left_thumb_finger.BMP,546,"M2 Modified Gabor (detail_clip=0.1, frequencies=0.07/0.085/0.105/0.125/0.15, gamma=0.5, orientation_bins=12, orientation_offset=1.5708, sigma_scale=0.55, strength=0.08)",M2 Modified Gabor,"{""detail_clip"": 0.1, ""frequencies"": [0.07, 0.085, 0.105, 0.125, 0.15], ""gamma"": 0.5, ""orientation_bins"": 12, ""orientation_offset"": 1.5707963267948966, ""sigma_scale"": 0.55, ""strength"": 0.08}",27.021483915545907,0.8652175775358677,0.001985416416064281,27.028840081680194,0.8655385538214445,0.001982056324829693,0.007356166134286468,0.0003209762855768128,-3.3600912345880217e-06,0.0001909825805341825,0.22006739999778802
546__M_Right_index_finger.BMP,546,"M2 Modified Gabor (detail_clip=0.1, frequencies=0.07/0.085/0.105/0.125/0.15, gamma=0.5, orientation_bins=12, orientation_offset=1.5708, sigma_scale=0.55, strength=0.08)",M2 Modified Gabor,"{""detail_clip"": 0.1, ""frequencies"": [0.07, 0.085, 0.105, 0.125, 0.15], ""gamma"": 0.5, ""orientation_bins"": 12, ""orientation_offset"": 1.5707963267948966, ""sigma_scale"": 0.55, ""strength"": 0.08}",28.061231288264025,0.7160751357330084,0.0015627045302793903,28.06751062544896,0.7162740544648171,0.0015604466940625076,0.00627933718493523,0.0001989187318086616,-2.257836216882714e-06,0.00013771654630545527,0.21047420000104466
546__M_Right_little_finger.BMP,546,"M2 Modified Gabor (detail_clip=0.1, frequencies=0.07/0.085/0.105/0.125/0.15, gamma=0.5, orientation_bins=12, orientation_offset=1.5708, sigma_scale=0.55, strength=0.08)",M2 Modified Gabor,"{""detail_clip"": 0.1, ""frequencies"": [0.07, 0.085, 0.105, 0.125, 0.15], ""gamma"": 0.5, ""orientation_bins"": 12, ""orientation_offset"": 1.5707963267948966, ""sigma_scale"": 0.55, ""strength"": 0.08}",27.63564668951084,0.7798252788092495,0.0017235954186269598,27.646600578763856,0.780247691503644,0.001719253598913416,0.010953889253016769,0.0004224126943945805,-4.341819713543724e-06,0.00019299086125101894,0.2534585999965202
546__M_Right_middle_finger.BMP,546,"M2 Modified Gabor (detail_clip=0.1, frequencies=0.07/0.085/0.105/0.125/0.15, gamma=0.5, orientation_bins=12, orientation_offset=1.5708, sigma_scale=0.55, strength=0.08)",M2 Modified Gabor,"{""detail_clip"": 0.1, ""frequencies"": [0.07, 0.085, 0.105, 0.125, 0.15], ""gamma"": 0.5, ""orientation_bins"": 12, ""orientation_offset"": 1.5707963267948966, ""sigma_scale"": 0.55, ""strength"": 0.08}",27.055545225753267,0.8390291150278747,0.0019699058840555576,27.061821371655764,0.839297436276108,0.001967061158149568,0.006276145902496921,0.00026832124823328307,-2.8447259059895084e-06,0.00020846727420575917,0.21451530000194907
546__M_Right_ring_finger.BMP,546,"M2 Modified Gabor (detail_clip=0.1, frequencies=0.07/0.085/0.105/0.125/0.15, gamma=0.5, orientation_bins=12, orientation_offset=1.5708, sigma_scale=0.55, strength=0.08)",M2 Modified Gabor,"{""detail_clip"": 0.1, ""frequencies"": [0.07, 0.085, 0.105, 0.125, 0.15], ""gamma"": 0.5, ""orientation_bins"": 12, ""orientation_offset"": 1.5707963267948966, ""sigma_scale"": 0.55, ""strength"": 0.08}",27.41220324434771,0.8016949292868972,0.0018145948566559466,27.420950405426005,0.8020445851828456,0.001810943744249684,0.00874716107829343,0.0003496558959483753,-3.651112406262598e-06,0.0002106773608829826,0.24083779999637045
546__M_Right_thumb_finger.BMP,546,"M2 Modified Gabor (detail_clip=0.1, frequencies=0.07/0.085/0.105/0.125/0.15, gamma=0.5, orientation_bins=12, orientation_offset=1.5708, sigma_scale=0.55, strength=0.08)",M2 Modified Gabor,"{""detail_clip"": 0.1, ""frequencies"": [0.07, 0.085, 0.105, 0.125, 0.15], ""gamma"": 0.5, ""orientation_bins"": 12, ""orientation_offset"": 1.5707963267948966, ""sigma_scale"": 0.55, ""strength"": 0.08}",27.25553281696742,0.9009375226513148,0.0018812508895890972,27.2606905134797,0.9011427958244085,0.0018790180355638718,0.005157696512281262,0.00020527317309371185,-2.232854025225337e-06,0.00017471025057602674,0.3001936000000569
339__M_Left_index_finger.BMP,339,"M2 Modified Gabor (detail_clip=0.1, frequencies=0.07/0.085/0.105/0.125/0.15, gamma=0.5, orientation_bins=12, orientation_offset=1.5708, sigma_scale=0.55, strength=0.08)",M2 Modified Gabor,"{""detail_clip"": 0.1, ""frequencies"": [0.07, 0.085, 0.105, 0.125, 0.15], ""gamma"": 0.5, ""orientation_bins"": 12, ""orientation_offset"": 1.5707963267948966, ""sigma_scale"": 0.55, ""strength"": 0.08}",27.168168273784936,0.9018743955249489,0.001919478149316312,27.173662059575975,0.9020928988427818,0.0019170515620025666,0.005493785791038874,0.00021850331783290766,-2.4265873137454142e-06,0.00022778575657866895,0.20329969999875175
339__M_Left_little_finger.BMP,339,"M2 Modified Gabor (detail_clip=0.1, frequencies=0.07/0.085/0.105/0.125/0.15, gamma=0.5, orientation_bins=12, orientation_offset=1.5708, sigma_scale=0.55, strength=0.08)",M2 Modified Gabor,"{""detail_clip"": 0.1, ""frequencies"": [0.07, 0.085, 0.105, 0.125, 0.15], ""gamma"": 0.5, ""orientation_bins"": 12, ""orientation_offset"": 1.5707963267948966, ""sigma_scale"": 0.55, ""strength"": 0.08}",27.38284470479606,0.8433663844787479,0.0018269031706211621,27.390748579250985,0.8436554831007719,0.0018235813504515895,0.00790387445492513,0.0002890986220239755,-3.3218201695725882e-06,0.00016390792734455317,0.5014140999992378
339__M_Left_middle_finger.BMP,339,"M2 Modified Gabor (detail_clip=0.1, frequencies=0.07/0.085/0.105/0.125/0.15, gamma=0.5, orientation_bins=12, orientation_offset=1.5708, sigma_scale=0.55, strength=0.08)",M2 Modified Gabor,"{""detail_clip"": 0.1, ""frequencies"": [0.07, 0.085, 0.105, 0.125, 0.15], ""gamma"": 0.5, ""orientation_bins"": 12, ""orientation_offset"": 1.5707963267948966, ""sigma_scale"": 0.55, ""strength"": 0.08}",26.873471350702367,0.9168854509427845,0.0020542479626780162,26.878169180130257,0.9170762515049875,0.0020520270528426696,0.004697829427890099,0.00019080056220299735,-2.220909835346646e-06,0.000197529821889475,0.2738573000024189
339__M_Left_ring_finger.BMP,339,"M2 Modified Gabor (detail_clip=0.1, frequencies=0.07/0.085/0.105/0.125/0.15, gamma=0.5, orientation_bins=12, orientation_offset=1.5708, sigma_scale=0.55, strength=0.08)",M2 Modified Gabor,"{""detail_clip"": 0.1, ""frequencies"": [0.07, 0.085, 0.105, 0.125, 0.15], ""gamma"": 0.5, ""orientation_bins"": 12, ""orientation_offset"": 1.5707963267948966, ""sigma_scale"": 0.55, ""strength"": 0.08}",27.249917444994132,0.8514360282585621,0.0018836848961017005,27.25451387418403,0.8516171306626796,0.001881692320918625,0.004596429189898998,0.00018110240411750578,-1.9925751830755702e-06,0.00015003074076958,0.28636059999553254
339__M_Left_thumb_finger.BMP,339,"M2 Modified Gabor (detail_clip=0.1, frequencies=0.07/0.085/0.105/0.125/0.15, gamma=0.5, orientation_bins=12, orientation_offset=1.5708, sigma_scale=0.55, strength=0.08)",M2 Modified Gabor,"{""detail_clip"": 0.1, ""frequencies"": [0.07, 0.085, 0.105, 0.125, 0.15], ""gamma"": 0.5, ""orientation_bins"": 12, ""orientation_offset"": 1.5707963267948966, ""sigma_scale"": 0.55, ""strength"": 0.08}",27.26277479330367,0.8888812686822712,0.0018781164676396895,27.26564422794374,0.8889884264481067,0.001876875983881481,0.0028694346400683912,0.00010715776583547498,-1.2404837582086301e-06,0.00018341800023335963,0.22444220000033965
339__M_Right_index_finger.BMP,339,"M2 Modified Gabor (detail_clip=0.1, frequencies=0.07/0.085/0.105/0.125/0.15, gamma=0.5, orientation_bins=12, orientation_offset=1.5708, sigma_scale=0.55, strength=0.08)",M2 Modified Gabor,"{""detail_clip"": 0.1, ""frequencies"": [0.07, 0.085, 0.105, 0.125, 0.15], ""gamma"": 0.5, ""orientation_bins"": 12, ""orientation_offset"": 1.5707963267948966, ""sigma_scale"": 0.55, ""strength"": 0.08}",27.13878511628046,0.8817343702910244,0.0019325088362432837,27.142946216624978,0.8819113127476573,0.0019306581306924274,0.0041611003445183314,0.00017694245663291142,-1.8507055508563096e-06,0.00020300572214182466,0.25922110000101384
339__M_Right_little_finger.BMP,339,"M2 Modified Gabor (detail_clip=0.1, frequencies=0.07/0.085/0.105/0.125/0.15, gamma=0.5, orientation_bins=12, orientation_offset=1.5708, sigma_scale=0.55, strength=0.08)",M2 Modified Gabor,"{""detail_clip"": 0.1, ""frequencies"": [0.07, 0.085, 0.105, 0.125, 0.15], ""gamma"": 0.5, ""orientation_bins"": 12, ""orientation_offset"": 1.5707963267948966, ""sigma_scale"": 0.55, ""strength"": 0.08}",27.55192668038311,0.8072073154693842,0.001757143911266478,27.56117132645505,0.8075522022212743,0.0017534075302287518,0.009244646071937979,0.00034488675189014995,-3.7363810377261716e-06,0.00020204702741466463,0.24519160000636475
339__M_Right_middle_finger.BMP,339,"M2 Modified Gabor (detail_clip=0.1, frequencies=0.07/0.085/0.105/0.125/0.15, gamma=0.5, orientation_bins=12, orientation_offset=1.5708, sigma_scale=0.55, strength=0.08)",M2 Modified Gabor,"{""detail_clip"": 0.1, ""frequencies"": [0.07, 0.085, 0.105, 0.125, 0.15], ""gamma"": 0.5, ""orientation_bins"": 12, ""orientation_offset"": 1.5707963267948966, ""sigma_scale"": 0.55, ""strength"": 0.08}",26.929466550812975,0.9228188951424956,0.002027931797549491,26.934465156057644,0.9230127913139462,0.002025599048786221,0.004998605244669108,0.00019389617145060267,-2.3327487632699914e-06,0.00022232590708881617,0.20377929999813205
339__M_Right_ring_finger.BMP,339,"M2 Modified Gabor (detail_clip=0.1, frequencies=0.07/0.085/0.105/0.125/0.15, gamma=0.5, orientation_bins=12, orientation_offset=1.5708, sigma_scale=0.55, strength=0.08)",M2 Modified Gabor,"{""detail_clip"": 0.1, ""frequencies"": [0.07, 0.085, 0.105, 0.125, 0.15], ""gamma"": 0.5, ""orientation_bins"": 12, ""orientation_offset"": 1.5707963267948966, ""sigma_scale"": 0.55, ""strength"": 0.08}",27.038256510915005,0.8957082019684315,0.001977763460225771,27.042387882497792,0.8958686598481536,0.0019758829411494435,0.004131371582786869,0.0001604578797220757,-1.8805190763276046e-06,0.0001458232436561957,0.21136599999590544
339__M_Right_thumb_finger.BMP,339,"M2 Modified Gabor (detail_clip=0.1, frequencies=0.07/0.085/0.105/0.125/0.15, gamma=0.5, orientation_bins=12, orientation_offset=1.5708, sigma_scale=0.55, strength=0.08)",M2 Modified Gabor,"{""detail_clip"": 0.1, ""frequencies"": [0.07, 0.085, 0.105, 0.125, 0.15], ""gamma"": 0.5, ""orientation_bins"": 12, ""orientation_offset"": 1.5707963267948966, ""sigma_scale"": 0.55, ""strength"": 0.08}",27.11046778040246,0.9044235747672915,0.001945150557358994,27.117029222058942,0.904618054516226,0.0019422139887542978,0.006561441656483424,0.00019447974893449516,-2.9365686046961374e-06,0.00024238883634097874,0.2259487999981502
82__M_Left_index_finger.BMP,82,"M2 Modified Gabor (detail_clip=0.1, frequencies=0.07/0.085/0.105/0.125/0.15, gamma=0.5, orientation_bins=12, orientation_offset=1.5708, sigma_scale=0.55, strength=0.08)",M2 Modified Gabor,"{""detail_clip"": 0.1, ""frequencies"": [0.07, 0.085, 0.105, 0.125, 0.15], ""gamma"": 0.5, ""orientation_bins"": 12, ""orientation_offset"": 1.5707963267948966, ""sigma_scale"": 0.55, ""strength"": 0.08}",27.407533077197563,0.8338205388668776,0.0018165472230260648,27.41815690142529,0.8342321691787243,0.0018121089688060016,0.010623824227728562,0.0004116303118467668,-4.438254220063241e-06,0.00023041258100420237,0.24710429999686312
82__M_Left_little_finger.BMP,82,"M2 Modified Gabor (detail_clip=0.1, frequencies=0.07/0.085/0.105/0.125/0.15, gamma=0.5, orientation_bins=12, orientation_offset=1.5708, sigma_scale=0.55, strength=0.08)",M2 Modified Gabor,"{""detail_clip"": 0.1, ""frequencies"": [0.07, 0.085, 0.105, 0.125, 0.15], ""gamma"": 0.5, ""orientation_bins"": 12, ""orientation_offset"": 1.5707963267948966, ""sigma_scale"": 0.55, ""strength"": 0.08}",27.69229082988279,0.7763772368124128,0.0017012608853540223,27.70402231802374,0.7767766705845595,0.0016966715132735802,0.011731488140949153,0.0003994337721466845,-4.589372080442133e-06,0.00019005505600944161,0.33626270000240766
82__M_Left_middle_finger.BMP,82,"M2 Modified Gabor (detail_clip=0.1, frequencies=0.07/0.085/0.105/0.125/0.15, gamma=0.5, orientation_bins=12, orientation_offset=1.5708, sigma_scale=0.55, strength=0.08)",M2 Modified Gabor,"{""detail_clip"": 0.1, ""frequencies"": [0.07, 0.085, 0.105, 0.125, 0.15], ""gamma"": 0.5, ""orientation_bins"": 12, ""orientation_offset"": 1.5707963267948966, ""sigma_scale"": 0.55, ""strength"": 0.08}",27.880716384195686,0.7725335403455496,0.001629027296628847,27.891928405796666,0.7729371034935713,0.0016248271205652094,0.011212021600979227,0.0004035631480217017,-4.200176063637621e-06,0.0001803708146326244,0.32624550000036834
82__M_Left_ring_finger.BMP,82,"M2 Modified Gabor (detail_clip=0.1, frequencies=0.07/0.085/0.105/0.125/0.15, gamma=0.5, orientation_bins=12, orientation_offset=1.5708, sigma_scale=0.55, strength=0.08)",M2 Modified Gabor,"{""detail_clip"": 0.1, ""frequencies"": [0.07, 0.085, 0.105, 0.125, 0.15], ""gamma"": 0.5, ""orientation_bins"": 12, ""orientation_offset"": 1.5707963267948966, ""sigma_scale"": 0.55, ""strength"": 0.08}",27.892192977055572,0.7594045024935603,0.0016247281394634915,27.90240207417495,0.759778778006196,0.00162091332543154,0.010209097119378896,0.00037427551263569114,-3.814814031951426e-06,0.0001590824540471658,0.21957690000272123
82__M_Left_thumb_finger.BMP,82,"M2 Modified Gabor (detail_clip=0.1, frequencies=0.07/0.085/0.105/0.125/0.15, gamma=0.5, orientation_bins=12, orientation_offset=1.5708, sigma_scale=0.55, strength=0.08)",M2 Modified Gabor,"{""detail_clip"": 0.1, ""frequencies"": [0.07, 0.085, 0.105, 0.125, 0.15], ""gamma"": 0.5, ""orientation_bins"": 12, ""orientation_offset"": 1.5707963267948966, ""sigma_scale"": 0.55, ""strength"": 0.08}",27.27279496261675,0.8799613435319364,0.0018737882174453759,27.279171830051993,0.880181335652113,0.0018710389007023664,0.006376867435243128,0.00021999212017653758,-2.749316743009449e-06,0.00018800947873387486,0.24055270000098972
82__M_Right_index_finger.BMP,82,"M2 Modified Gabor (detail_clip=0.1, frequencies=0.07/0.085/0.105/0.125/0.15, gamma=0.5, orientation_bins=12, orientation_offset=1.5708, sigma_scale=0.55, strength=0.08)",M2 Modified Gabor,"{""detail_clip"": 0.1, ""frequencies"": [0.07, 0.085, 0.105, 0.125, 0.15], ""gamma"": 0.5, ""orientation_bins"": 12, ""orientation_offset"": 1.5707963267948966, ""sigma_scale"": 0.55, ""strength"": 0.08}",27.377923386348108,0.8815812092620731,0.00182897454583705,27.389284311126968,0.8819836296027899,0.001824196293157404,0.011360924778859527,0.00040242034071680255,-4.778252679645857e-06,0.00024849912733770907,0.24773709999863058
82__M_Right_little_finger.BMP,82,"M2 Modified Gabor (detail_clip=0.1, frequencies=0.07/0.085/0.105/0.125/0.15, gamma=0.5, orientation_bins=12, orientation_offset=1.5708, sigma_scale=0.55, strength=0.08)",M2 Modified Gabor,"{""detail_clip"": 0.1, ""frequencies"": [0.07, 0.085, 0.105, 0.125, 0.15], ""gamma"": 0.5, ""orientation_bins"": 12, ""orientation_offset"": 1.5707963267948966, ""sigma_scale"": 0.55, ""strength"": 0.08}",27.508672695264686,0.8410461886511446,0.001774731797242011,27.518949067287465,0.8414229375567436,0.0017705373520880096,0.010276372022779867,0.0003767489055990225,-4.19444515400145e-06,0.0001880499767139554,0.22921860000496963
82__M_Right_middle_finger.BMP,82,"M2 Modified Gabor (detail_clip=0.1, frequencies=0.07/0.085/0.105/0.125/0.15, gamma=0.5, orientation_bins=12, orientation_offset=1.5708, sigma_scale=0.55, strength=0.08)",M2 Modified Gabor,"{""detail_clip"": 0.1, ""frequencies"": [0.07, 0.085, 0.105, 0.125, 0.15], ""gamma"": 0.5, ""orientation_bins"": 12, ""orientation_offset"": 1.5707963267948966, ""sigma_scale"": 0.55, ""strength"": 0.08}",27.57387435613134,0.8563310876093507,0.0017482863404259983,27.58126017196131,0.8566246423894763,0.0017453156493700364,0.007385815829969999,0.00029355478012560443,-2.970691055961946e-06,0.00018851524509955198,0.22560220000013942
82__M_Right_ring_finger.BMP,82,"M2 Modified Gabor (detail_clip=0.1, frequencies=0.07/0.085/0.105/0.125/0.15, gamma=0.5, orientation_bins=12, orientation_offset=1.5708, sigma_scale=0.55, strength=0.08)",M2 Modified Gabor,"{""detail_clip"": 0.1, ""frequencies"": [0.07, 0.085, 0.105, 0.125, 0.15], ""gamma"": 0.5, ""orientation_bins"": 12, ""orientation_offset"": 1.5707963267948966, ""sigma_scale"": 0.55, ""strength"": 0.08}",27.29889436135744,0.8531962656697631,0.0018625612521925405,27.30641133791062,0.8534910258223415,0.0018593402304711525,0.007516976553180399,0.00029476015257834387,-3.2210217213880094e-06,0.00019526696996763349,0.21332650000113063
82__M_Right_thumb_finger.BMP,82,"M2 Modified Gabor (detail_clip=0.1, frequencies=0.07/0.085/0.105/0.125/0.15, gamma=0.5, orientation_bins=12, orientation_offset=1.5708, sigma_scale=0.55, strength=0.08)",M2 Modified Gabor,"{""detail_clip"": 0.1, ""frequencies"": [0.07, 0.085, 0.105, 0.125, 0.15], ""gamma"": 0.5, ""orientation_bins"": 12, ""orientation_offset"": 1.5707963267948966, ""sigma_scale"": 0.55, ""strength"": 0.08}",27.376577421841297,0.8896566295321285,0.001829541469073406,27.38339460332474,0.8898260022598505,0.0018266718649498361,0.006817181483441459,0.00016937272772199474,-2.8696041235699247e-06,0.0002536774263717234,0.3137191999994684
233__M_Left_index_finger.BMP,233,"M2 Modified Gabor (detail_clip=0.1, frequencies=0.07/0.085/0.105/0.125/0.15, gamma=0.5, orientation_bins=12, orientation_offset=1.5708, sigma_scale=0.55, strength=0.08)",M2 Modified Gabor,"{""detail_clip"": 0.1, ""frequencies"": [0.07, 0.085, 0.105, 0.125, 0.15], ""gamma"": 0.5, ""orientation_bins"": 12, ""orientation_offset"": 1.5707963267948966, ""sigma_scale"": 0.55, ""strength"": 0.08}",27.231448446651516,0.881167633240223,0.0018917125947972063,27.237966632583777,0.8814607913866043,0.0018888755138962564,0.006518185932261389,0.00029315814638131155,-2.8370809009498933e-06,0.0001823969796532765,0.21095710000372492
233__M_Left_little_finger.BMP,233,"M2 Modified Gabor (detail_clip=0.1, frequencies=0.07/0.085/0.105/0.125/0.15, gamma=0.5, orientation_bins=12, orientation_offset=1.5708, sigma_scale=0.55, strength=0.08)",M2 Modified Gabor,"{""detail_clip"": 0.1, ""frequencies"": [0.07, 0.085, 0.105, 0.125, 0.15], ""gamma"": 0.5, ""orientation_bins"": 12, ""orientation_offset"": 1.5707963267948966, ""sigma_scale"": 0.55, ""strength"": 0.08}",27.517264572307603,0.8166662105587423,0.0017712242223760113,27.52772687252184,0.8171173308324218,0.0017669624190953886,0.010462300214236109,0.0004511202736794395,-4.26180328062277e-06,0.0001775878045009449,0.24781220000295434
233__M_Left_middle_finger.BMP,233,"M2 Modified Gabor (detail_clip=0.1, frequencies=0.07/0.085/0.105/0.125/0.15, gamma=0.5, orientation_bins=12, orientation_offset=1.5708, sigma_scale=0.55, strength=0.08)",M2 Modified Gabor,"{""detail_clip"": 0.1, ""frequencies"": [0.07, 0.085, 0.105, 0.125, 0.15], ""gamma"": 0.5, ""orientation_bins"": 12, ""orientation_offset"": 1.5707963267948966, ""sigma_scale"": 0.55, ""strength"": 0.08}",27.06610764982347,0.8987743058198094,0.00196512072088019,27.070934560869212,0.8989718412038684,0.0019629378256299924,0.004826911045743287,0.00019753538405897775,-2.1828952501976376e-06,0.00015193171566352248,0.23630779999803053
233__M_Left_ring_finger.BMP,233,"M2 Modified Gabor (detail_clip=0.1, frequencies=0.07/0.085/0.105/0.125/0.15, gamma=0.5, orientation_bins=12, orientation_offset=1.5708, sigma_scale=0.55, strength=0.08)",M2 Modified Gabor,"{""detail_clip"": 0.1, ""frequencies"": [0.07, 0.085, 0.105, 0.125, 0.15], ""gamma"": 0.5, ""orientation_bins"": 12, ""orientation_offset"": 1.5707963267948966, ""sigma_scale"": 0.55, ""strength"": 0.08}",27.21594022648782,0.8684191310635209,0.0018984797859420758,27.222091831018066,0.8686588590772152,0.0018957925702295473,0.006151604530245436,0.00023972801369431807,-2.687215712528484e-06,0.0001777339493855834,0.22894519999681506
233__M_Left_thumb_finger.BMP,233,"M2 Modified Gabor (detail_clip=0.1, frequencies=0.07/0.085/0.105/0.125/0.15, gamma=0.5, orientation_bins=12, orientation_offset=1.5708, sigma_scale=0.55, strength=0.08)",M2 Modified Gabor,"{""detail_clip"": 0.1, ""frequencies"": [0.07, 0.085, 0.105, 0.125, 0.15], ""gamma"": 0.5, ""orientation_bins"": 12, ""orientation_offset"": 1.5707963267948966, ""sigma_scale"": 0.55, ""strength"": 0.08}",27.225324345100958,0.8898841066287756,0.0018943820305245258,27.232318181501498,0.8901022464751601,0.0018913337910814111,0.0069938364005395215,0.0002181398463845241,-3.048239443114711e-06,0.00021901442960370332,0.21312490000127582
233__M_Right_index_finger.BMP,233,"M2 Modified Gabor (detail_clip=0.1, frequencies=0.07/0.085/0.105/0.125/0.15, gamma=0.5, orientation_bins=12, orientation_offset=1.5708, sigma_scale=0.55, strength=0.08)",M2 Modified Gabor,"{""detail_clip"": 0.1, ""frequencies"": [0.07, 0.085, 0.105, 0.125, 0.15], ""gamma"": 0.5, ""orientation_bins"": 12, ""orientation_offset"": 1.5707963267948966, ""sigma_scale"": 0.55, ""strength"": 0.08}",27.50662691038512,0.8214849174355269,0.0017755679982309547,27.511884951117352,0.8217055066052675,0.0017734196035510206,0.005258040732233127,0.00022058916974065923,-2.1483946799341277e-06,0.0001608378952369094,0.3644258999993326
233__M_Right_little_finger.BMP,233,"M2 Modified Gabor (detail_clip=0.1, frequencies=0.07/0.085/0.105/0.125/0.15, gamma=0.5, orientation_bins=12, orientation_offset=1.5708, sigma_scale=0.55, strength=0.08)",M2 Modified Gabor,"{""detail_clip"": 0.1, ""frequencies"": [0.07, 0.085, 0.105, 0.125, 0.15], ""gamma"": 0.5, ""orientation_bins"": 12, ""orientation_offset"": 1.5707963267948966, ""sigma_scale"": 0.55, ""strength"": 0.08}",27.51716208580386,0.8188212123342753,0.0017712660209084244,27.53065905775106,0.8193318510066271,0.001765769838325641,0.013496971947198233,0.0005106386723517931,-5.496182582783327e-06,0.00019708112813532352,0.23448780000035185
233__M_Right_middle_finger.BMP,233,"M2 Modified Gabor (detail_clip=0.1, frequencies=0.07/0.085/0.105/0.125/0.15, gamma=0.5, orientation_bins=12, orientation_offset=1.5708, sigma_scale=0.55, strength=0.08)",M2 Modified Gabor,"{""detail_clip"": 0.1, ""frequencies"": [0.07, 0.085, 0.105, 0.125, 0.15], ""gamma"": 0.5, ""orientation_bins"": 12, ""orientation_offset"": 1.5707963267948966, ""sigma_scale"": 0.55, ""strength"": 0.08}",27.58550540080451,0.8223692128821611,0.001743610436767703,27.596133367882686,0.8227515004588366,0.001739348725143861,0.01062796707817526,0.0003822875766754663,-4.26171162384208e-06,0.00016898868489079177,0.29245419999642763
233__M_Right_ring_finger.BMP,233,"M2 Modified Gabor (detail_clip=0.1, frequencies=0.07/0.085/0.105/0.125/0.15, gamma=0.5, orientation_bins=12, orientation_offset=1.5708, sigma_scale=0.55, strength=0.08)",M2 Modified Gabor,"{""detail_clip"": 0.1, ""frequencies"": [0.07, 0.085, 0.105, 0.125, 0.15], ""gamma"": 0.5, ""orientation_bins"": 12, ""orientation_offset"": 1.5707963267948966, ""sigma_scale"": 0.55, ""strength"": 0.08}",27.32663857679203,0.8532075932916999,0.0018507005001051732,27.333845106959235,0.8535071894934774,0.0018476320592025074,0.007206530167206182,0.0002995962017774412,-3.0684409026658904e-06,0.0001856610761024058,0.26410279999981867
233__M_Right_thumb_finger.BMP,233,"M2 Modified Gabor (detail_clip=0.1, frequencies=0.07/0.085/0.105/0.125/0.15, gamma=0.5, orientation_bins=12, orientation_offset=1.5708, sigma_scale=0.55, strength=0.08)",M2 Modified Gabor,"{""detail_clip"": 0.1, ""frequencies"": [0.07, 0.085, 0.105, 0.125, 0.15], ""gamma"": 0.5, ""orientation_bins"": 12, ""orientation_offset"": 1.5707963267948966, ""sigma_scale"": 0.55, ""strength"": 0.08}",27.358350027517254,0.8703843627896904,0.0018372362139300598,27.362094728059525,0.870538817099154,0.001835652741311438,0.003744700542270607,0.00015445430946359195,-1.5834726186218524e-06,0.00012506506755016744,0.24533830000291346
384__F_Left_index_finger.BMP,384,"M2 Modified Gabor (detail_clip=0.1, frequencies=0.07/0.085/0.105/0.125/0.15, gamma=0.5, orientation_bins=12, orientation_offset=1.5708, sigma_scale=0.55, strength=0.08)",M2 Modified Gabor,"{""detail_clip"": 0.1, ""frequencies"": [0.07, 0.085, 0.105, 0.125, 0.15], ""gamma"": 0.5, ""orientation_bins"": 12, ""orientation_offset"": 1.5707963267948966, ""sigma_scale"": 0.55, ""strength"": 0.08}",27.585880267422205,0.7939810056756735,0.0017434599413858843,27.59208327299076,0.7942156202891469,0.0017409715440962676,0.006203005568554687,0.00023461461347340506,-2.4883972896167124e-06,0.00013974186731502414,0.20563579999725334
384__F_Left_little_finger.BMP,384,"M2 Modified Gabor (detail_clip=0.1, frequencies=0.07/0.085/0.105/0.125/0.15, gamma=0.5, orientation_bins=12, orientation_offset=1.5708, sigma_scale=0.55, strength=0.08)",M2 Modified Gabor,"{""detail_clip"": 0.1, ""frequencies"": [0.07, 0.085, 0.105, 0.125, 0.15], ""gamma"": 0.5, ""orientation_bins"": 12, ""orientation_offset"": 1.5707963267948966, ""sigma_scale"": 0.55, ""strength"": 0.08}",27.73487095126321,0.7763853534689545,0.0016846624850512509,27.742920425862152,0.7766735771108866,0.001681542922370403,0.00804947459894123,0.0002882236419320394,-3.119562680847874e-06,0.00014181026199366897,0.3772242999984883
384__F_Left_middle_finger.BMP,384,"M2 Modified Gabor (detail_clip=0.1, frequencies=0.07/0.085/0.105/0.125/0.15, gamma=0.5, orientation_bins=12, orientation_offset=1.5708, sigma_scale=0.55, strength=0.08)",M2 Modified Gabor,"{""detail_clip"": 0.1, ""frequencies"": [0.07, 0.085, 0.105, 0.125, 0.15], ""gamma"": 0.5, ""orientation_bins"": 12, ""orientation_offset"": 1.5707963267948966, ""sigma_scale"": 0.55, ""strength"": 0.08}",27.118571655332776,0.8717084888616204,0.0019415243176466404,27.126120871912015,0.8720408101849257,0.001938152353082229,0.007549216579239015,0.00033232132330529573,-3.371964564411259e-06,0.00020422754460014403,0.22757970000384375
384__F_Left_ring_finger.BMP,384,"M2 Modified Gabor (detail_clip=0.1, frequencies=0.07/0.085/0.105/0.125/0.15, gamma=0.5, orientation_bins=12, orientation_offset=1.5708, sigma_scale=0.55, strength=0.08)",M2 Modified Gabor,"{""detail_clip"": 0.1, ""frequencies"": [0.07, 0.085, 0.105, 0.125, 0.15], ""gamma"": 0.5, ""orientation_bins"": 12, ""orientation_offset"": 1.5707963267948966, ""sigma_scale"": 0.55, ""strength"": 0.08}",27.285154102190788,0.8293552509646416,0.0018684633767569378,27.29386812952024,0.8296951403443217,0.0018647181029989336,0.0087140273294537,0.0003398893796801028,-3.7452737580042066e-06,0.0001957231725100428,0.2530773999969824
384__F_Left_thumb_finger.BMP,384,"M2 Modified Gabor (detail_clip=0.1, frequencies=0.07/0.085/0.105/0.125/0.15, gamma=0.5, orientation_bins=12, orientation_offset=1.5708, sigma_scale=0.55, strength=0.08)",M2 Modified Gabor,"{""detail_clip"": 0.1, ""frequencies"": [0.07, 0.085, 0.105, 0.125, 0.15], ""gamma"": 0.5, ""orientation_bins"": 12, ""orientation_offset"": 1.5707963267948966, ""sigma_scale"": 0.55, ""strength"": 0.08}",27.318048246885297,0.8491703983755707,0.0018543648021192723,27.321810433780655,0.8493400112819075,0.001852759106825103,0.0037621868953578996,0.00016961290633676906,-1.605695294169254e-06,0.0001483565429225564,0.24144650000380352
384__F_Right_index_finger.BMP,384,"M2 Modified Gabor (detail_clip=0.1, frequencies=0.07/0.085/0.105/0.125/0.15, gamma=0.5, orientation_bins=12, orientation_offset=1.5708, sigma_scale=0.55, strength=0.08)",M2 Modified Gabor,"{""detail_clip"": 0.1, ""frequencies"": [0.07, 0.085, 0.105, 0.125, 0.15], ""gamma"": 0.5, ""orientation_bins"": 12, ""orientation_offset"": 1.5707963267948966, ""sigma_scale"": 0.55, ""strength"": 0.08}",27.486196197178927,0.8517396650123894,0.0017839405619474507,27.49402322355273,0.8520230965702236,0.0017807283693742106,0.007827026373803392,0.0002834315578341684,-3.212192573240173e-06,0.00019601709209382534,0.24323480000020936
384__F_Right_little_finger.BMP,384,"M2 Modified Gabor (detail_clip=0.1, frequencies=0.07/0.085/0.105/0.125/0.15, gamma=0.5, orientation_bins=12, orientation_offset=1.5708, sigma_scale=0.55, strength=0.08)",M2 Modified Gabor,"{""detail_clip"": 0.1, ""frequencies"": [0.07, 0.085, 0.105, 0.125, 0.15], ""gamma"": 0.5, ""orientation_bins"": 12, ""orientation_offset"": 1.5707963267948966, ""sigma_scale"": 0.55, ""strength"": 0.08}",28.013672442708103,0.7328998680624962,0.001579911483427486,28.02458685713901,0.7332777554465533,0.0015759459348131221,0.010914414430907016,0.0003778873840570851,-3.9655486143638785e-06,0.00016085070092231035,0.25992609999957494
384__F_Right_middle_finger.BMP,384,"M2 Modified Gabor (detail_clip=0.1, frequencies=0.07/0.085/0.105/0.125/0.15, gamma=0.5, orientation_bins=12, orientation_offset=1.5708, sigma_scale=0.55, strength=0.08)",M2 Modified Gabor,"{""detail_clip"": 0.1, ""frequencies"": [0.07, 0.085, 0.105, 0.125, 0.15], ""gamma"": 0.5, ""orientation_bins"": 12, ""orientation_offset"": 1.5707963267948966, ""sigma_scale"": 0.55, ""strength"": 0.08}",27.627489404881164,0.8129671659176647,0.0017268358629518306,27.635558326031877,0.813249285758257,0.001723630488019569,0.008068921150712782,0.00028211984059223205,-3.205374932261501e-06,0.000147754602949135,0.25908650000201305
384__F_Right_ring_finger.BMP,384,"M2 Modified Gabor (detail_clip=0.1, frequencies=0.07/0.085/0.105/0.125/0.15, gamma=0.5, orientation_bins=12, orientation_offset=1.5708, sigma_scale=0.55, strength=0.08)",M2 Modified Gabor,"{""detail_clip"": 0.1, ""frequencies"": [0.07, 0.085, 0.105, 0.125, 0.15], ""gamma"": 0.5, ""orientation_bins"": 12, ""orientation_offset"": 1.5707963267948966, ""sigma_scale"": 0.55, ""strength"": 0.08}",27.74839173628873,0.7761508576027751,0.0016794258219157423,27.756928417088243,0.7764509780775308,0.0016761279119603845,0.008536680799512197,0.00030012047475569403,-3.2979099553577876e-06,0.00015074791735969484,0.22303580000152579
384__F_Right_thumb_finger.BMP,384,"M2 Modified Gabor (detail_clip=0.1, frequencies=0.07/0.085/0.105/0.125/0.15, gamma=0.5, orientation_bins=12, orientation_offset=1.5708, sigma_scale=0.55, strength=0.08)",M2 Modified Gabor,"{""detail_clip"": 0.1, ""frequencies"": [0.07, 0.085, 0.105, 0.125, 0.15], ""gamma"": 0.5, ""orientation_bins"": 12, ""orientation_offset"": 1.5707963267948966, ""sigma_scale"": 0.55, ""strength"": 0.08}",27.15122576087472,0.8853496424844265,0.0019269809617181043,27.15497552665116,0.8854887036836445,0.0019253178945923938,0.0037497657764404835,0.00013906119921802684,-1.6630671257104272e-06,0.00016019224131014198,0.21775139999954263
218__M_Left_index_finger.BMP,218,"M2 Modified Gabor (detail_clip=0.1, frequencies=0.07/0.085/0.105/0.125/0.15, gamma=0.5, orientation_bins=12, orientation_offset=1.5708, sigma_scale=0.55, strength=0.08)",M2 Modified Gabor,"{""detail_clip"": 0.1, ""frequencies"": [0.07, 0.085, 0.105, 0.125, 0.15], ""gamma"": 0.5, ""orientation_bins"": 12, ""orientation_offset"": 1.5707963267948966, ""sigma_scale"": 0.55, ""strength"": 0.08}",26.95555240343883,0.8582802163401246,0.002015787555065108,26.960593888074627,0.8585342620627284,0.00201344889636356,0.005041484635796678,0.00025404572260379066,-2.3386587015479e-06,0.00018210418056696653,0.21948510000220267
218__M_Left_little_finger.BMP,218,"M2 Modified Gabor (detail_clip=0.1, frequencies=0.07/0.085/0.105/0.125/0.15, gamma=0.5, orientation_bins=12, orientation_offset=1.5708, sigma_scale=0.55, strength=0.08)",M2 Modified Gabor,"{""detail_clip"": 0.1, ""frequencies"": [0.07, 0.085, 0.105, 0.125, 0.15], ""gamma"": 0.5, ""orientation_bins"": 12, ""orientation_offset"": 1.5707963267948966, ""sigma_scale"": 0.55, ""strength"": 0.08}",27.522404178182647,0.7467122343437076,0.0017691293281806295,27.532382868398816,0.7471003040232063,0.0017650691043837334,0.009978690216168928,0.00038806967949867044,-4.06022379689612e-06,0.0001483046216890216,0.21949730000051204
218__M_Left_middle_finger.BMP,218,"M2 Modified Gabor (detail_clip=0.1, frequencies=0.07/0.085/0.105/0.125/0.15, gamma=0.5, orientation_bins=12, orientation_offset=1.5708, sigma_scale=0.55, strength=0.08)",M2 Modified Gabor,"{""detail_clip"": 0.1, ""frequencies"": [0.07, 0.085, 0.105, 0.125, 0.15], ""gamma"": 0.5, ""orientation_bins"": 12, ""orientation_offset"": 1.5707963267948966, ""sigma_scale"": 0.55, ""strength"": 0.08}",26.89328640320218,0.8228105702443123,0.002044896632206302,26.898272751630333,0.8230540751591027,0.0020425501331873095,0.004986348428154486,0.00024350491479041558,-2.346499018992653e-06,0.00013764912728220224,0.2059893000041484
218__M_Left_ring_finger.BMP,218,"M2 Modified Gabor (detail_clip=0.1, frequencies=0.07/0.085/0.105/0.125/0.15, gamma=0.5, orientation_bins=12, orientation_offset=1.5708, sigma_scale=0.55, strength=0.08)",M2 Modified Gabor,"{""detail_clip"": 0.1, ""frequencies"": [0.07, 0.085, 0.105, 0.125, 0.15], ""gamma"": 0.5, ""orientation_bins"": 12, ""orientation_offset"": 1.5707963267948966, ""sigma_scale"": 0.55, ""strength"": 0.08}",27.126296343694097,0.7792105915739537,0.0019380740458066112,27.13231649068875,0.7794923607800007,0.001935389367970826,0.006020146994654141,0.0002817692060470556,-2.684677835785307e-06,0.00013586843851953745,0.21779769999557175
218__M_Left_thumb_finger.BMP,218,"M2 Modified Gabor (detail_clip=0.1, frequencies=0.07/0.085/0.105/0.125/0.15, gamma=0.5, orientation_bins=12, orientation_offset=1.5708, sigma_scale=0.55, strength=0.08)",M2 Modified Gabor,"{""detail_clip"": 0.1, ""frequencies"": [0.07, 0.085, 0.105, 0.125, 0.15], ""gamma"": 0.5, ""orientation_bins"": 12, ""orientation_offset"": 1.5707963267948966, ""sigma_scale"": 0.55, ""strength"": 0.08}",26.789339122859307,0.8764949646649957,0.002094431146604478,26.793024293220743,0.8766938145189286,0.002092654687964608,0.0036851703614360076,0.0001988498539329253,-1.776458639870214e-06,0.00014781835488975048,0.25824959999590646
218__M_Right_index_finger.BMP,218,"M2 Modified Gabor (detail_clip=0.1, frequencies=0.07/0.085/0.105/0.125/0.15, gamma=0.5, orientation_bins=12, orientation_offset=1.5708, sigma_scale=0.55, strength=0.08)",M2 Modified Gabor,"{""detail_clip"": 0.1, ""frequencies"": [0.07, 0.085, 0.105, 0.125, 0.15], ""gamma"": 0.5, ""orientation_bins"": 12, ""orientation_offset"": 1.5707963267948966, ""sigma_scale"": 0.55, ""strength"": 0.08}",27.474097601586816,0.8698191221582293,0.00178891720049819,27.484631075813475,0.8701790246115327,0.0017845835787883367,0.010533474226658512,0.00035990245330341786,-4.333621709853332e-06,0.00021542163449339569,0.29010939999716356
218__M_Right_little_finger.BMP,218,"M2 Modified Gabor (detail_clip=0.1, frequencies=0.07/0.085/0.105/0.125/0.15, gamma=0.5, orientation_bins=12, orientation_offset=1.5708, sigma_scale=0.55, strength=0.08)",M2 Modified Gabor,"{""detail_clip"": 0.1, ""frequencies"": [0.07, 0.085, 0.105, 0.125, 0.15], ""gamma"": 0.5, ""orientation_bins"": 12, ""orientation_offset"": 1.5707963267948966, ""sigma_scale"": 0.55, ""strength"": 0.08}",27.443423655111545,0.7658184392821192,0.001801596935698824,27.450109901875233,0.7661274316934943,0.0017988253937616834,0.006686246763688786,0.00030899241137505307,-2.7715419371404995e-06,0.00013836879224982113,0.2589083999991999
218__M_Right_middle_finger.BMP,218,"M2 Modified Gabor (detail_clip=0.1, frequencies=0.07/0.085/0.105/0.125/0.15, gamma=0.5, orientation_bins=12, orientation_offset=1.5708, sigma_scale=0.55, strength=0.08)",M2 Modified Gabor,"{""detail_clip"": 0.1, ""frequencies"": [0.07, 0.085, 0.105, 0.125, 0.15], ""gamma"": 0.5, ""orientation_bins"": 12, ""orientation_offset"": 1.5707963267948966, ""sigma_scale"": 0.55, ""strength"": 0.08}",27.217295792036982,0.8971402516595721,0.0018978873049628026,27.221425795404247,0.8972983618118763,0.001896083331970063,0.0041300033672655445,0.00015811015230415837,-1.803972992739638e-06,0.00016869210230652243,0.22080740000092192
218__M_Right_ring_finger.BMP,218,"M2 Modified Gabor (detail_clip=0.1, frequencies=0.07/0.085/0.105/0.125/0.15, gamma=0.5, orientation_bins=12, orientation_offset=1.5708, sigma_scale=0.55, strength=0.08)",M2 Modified Gabor,"{""detail_clip"": 0.1, ""frequencies"": [0.07, 0.085, 0.105, 0.125, 0.15], ""gamma"": 0.5, ""orientation_bins"": 12, ""orientation_offset"": 1.5707963267948966, ""sigma_scale"": 0.55, ""strength"": 0.08}",26.95709928583952,0.8327536396930217,0.002015069693990176,26.960963114129587,0.8329347770203352,0.0020132777253671495,0.003863828290068483,0.0001811373273135075,-1.7919686230265242e-06,0.0001344035699730739,0.2406725999971968
218__M_Right_thumb_finger.BMP,218,"M2 Modified Gabor (detail_clip=0.1, frequencies=0.07/0.085/0.105/0.125/0.15, gamma=0.5, orientation_bins=12, orientation_offset=1.5708, sigma_scale=0.55, strength=0.08)",M2 Modified Gabor,"{""detail_clip"": 0.1, ""frequencies"": [0.07, 0.085, 0.105, 0.125, 0.15], ""gamma"": 0.5, ""orientation_bins"": 12, ""orientation_offset"": 1.5707963267948966, ""sigma_scale"": 0.55, ""strength"": 0.08}",27.637037325791376,0.799559909917891,0.0017230436016656254,27.642268819072676,0.7997144208540916,0.0017209692801137932,0.005231493281300459,0.0001545109362005581,-2.0743215518321655e-06,0.00018188668764196336,0.22455449999688426
388__F_Left_index_finger.BMP,388,"M2 Modified Gabor (detail_clip=0.1, frequencies=0.07/0.085/0.105/0.125/0.15, gamma=0.5, orientation_bins=12, orientation_offset=1.5708, sigma_scale=0.55, strength=0.08)",M2 Modified Gabor,"{""detail_clip"": 0.1, ""frequencies"": [0.07, 0.085, 0.105, 0.125, 0.15], ""gamma"": 0.5, ""orientation_bins"": 12, ""orientation_offset"": 1.5707963267948966, ""sigma_scale"": 0.55, ""strength"": 0.08}",27.434830134381247,0.7567465921532214,0.001805165341190282,27.446066652335794,0.7571898997840584,0.0018005008667184264,0.011236517954547054,0.00044330763083699765,-4.664474471855612e-06,0.0001716830302029848,0.36617850000038743
388__F_Left_little_finger.BMP,388,"M2 Modified Gabor (detail_clip=0.1, frequencies=0.07/0.085/0.105/0.125/0.15, gamma=0.5, orientation_bins=12, orientation_offset=1.5708, sigma_scale=0.55, strength=0.08)",M2 Modified Gabor,"{""detail_clip"": 0.1, ""frequencies"": [0.07, 0.085, 0.105, 0.125, 0.15], ""gamma"": 0.5, ""orientation_bins"": 12, ""orientation_offset"": 1.5707963267948966, ""sigma_scale"": 0.55, ""strength"": 0.08}",27.98442957887024,0.6975278495342135,0.001590585584483631,27.99768973243383,0.6979926445964575,0.0015857365145742178,0.013260153563589228,0.00046479506224395006,-4.84906990941324e-06,0.00014447786088567227,0.24368559999857098
388__F_Left_middle_finger.BMP,388,"M2 Modified Gabor (detail_clip=0.1, frequencies=0.07/0.085/0.105/0.125/0.15, gamma=0.5, orientation_bins=12, orientation_offset=1.5708, sigma_scale=0.55, strength=0.08)",M2 Modified Gabor,"{""detail_clip"": 0.1, ""frequencies"": [0.07, 0.085, 0.105, 0.125, 0.15], ""gamma"": 0.5, ""orientation_bins"": 12, ""orientation_offset"": 1.5707963267948966, ""sigma_scale"": 0.55, ""strength"": 0.08}",27.399794303652847,0.7921330856817365,0.0018197870477510971,27.410205159236163,0.792576448407054,0.0018154299004564112,0.010410855583316447,0.00044336272531753096,-4.357147294685969e-06,0.00016462418716400862,0.24622770000132732
388__F_Left_ring_finger.BMP,388,"M2 Modified Gabor (detail_clip=0.1, frequencies=0.07/0.085/0.105/0.125/0.15, gamma=0.5, orientation_bins=12, orientation_offset=1.5708, sigma_scale=0.55, strength=0.08)",M2 Modified Gabor,"{""detail_clip"": 0.1, ""frequencies"": [0.07, 0.085, 0.105, 0.125, 0.15], ""gamma"": 0.5, ""orientation_bins"": 12, ""orientation_offset"": 1.5707963267948966, ""sigma_scale"": 0.55, ""strength"": 0.08}",27.437567115393712,0.7653816156967879,0.0018040280606242424,27.446324783545943,0.765724629706502,0.0018003938536949762,0.008757668152231446,0.00034301400971414875,-3.634206929266229e-06,0.00015710914158262312,0.2893558000068879
388__F_Left_thumb_finger.BMP,388,"M2 Modified Gabor (detail_clip=0.1, frequencies=0.07/0.085/0.105/0.125/0.15, gamma=0.5, orientation_bins=12, orientation_offset=1.5708, sigma_scale=0.55, strength=0.08)",M2 Modified Gabor,"{""detail_clip"": 0.1, ""frequencies"": [0.07, 0.085, 0.105, 0.125, 0.15], ""gamma"": 0.5, ""orientation_bins"": 12, ""orientation_offset"": 1.5707963267948966, ""sigma_scale"": 0.55, ""strength"": 0.08}",27.17949176016525,0.8447717253379226,0.0019144799568901047,27.18464722011557,0.8449785003177523,0.0019122086480949578,0.005155459950319852,0.00020677497982979354,-2.271308795146875e-06,0.0001508662971900776,0.21693300000333693
388__F_Right_index_finger.BMP,388,"M2 Modified Gabor (detail_clip=0.1, frequencies=0.07/0.085/0.105/0.125/0.15, gamma=0.5, orientation_bins=12, orientation_offset=1.5708, sigma_scale=0.55, strength=0.08)",M2 Modified Gabor,"{""detail_clip"": 0.1, ""frequencies"": [0.07, 0.085, 0.105, 0.125, 0.15], ""gamma"": 0.5, ""orientation_bins"": 12, ""orientation_offset"": 1.5707963267948966, ""sigma_scale"": 0.55, ""strength"": 0.08}",27.61372773170838,0.80119189695701,0.0017323164395644335,27.62222082799632,0.8015611516378522,0.00172893201859113,0.00849309628793904,0.000369254680842257,-3.3844209733034647e-06,0.0002000753302127123,0.22210910000285367
388__F_Right_little_finger.BMP,388,"M2 Modified Gabor (detail_clip=0.1, frequencies=0.07/0.085/0.105/0.125/0.15, gamma=0.5, orientation_bins=12, orientation_offset=1.5708, sigma_scale=0.55, strength=0.08)",M2 Modified Gabor,"{""detail_clip"": 0.1, ""frequencies"": [0.07, 0.085, 0.105, 0.125, 0.15], ""gamma"": 0.5, ""orientation_bins"": 12, ""orientation_offset"": 1.5707963267948966, ""sigma_scale"": 0.55, ""strength"": 0.08}",28.04488920137958,0.723980187090516,0.0015685959156988764,28.056450735069312,0.724363684058845,0.0015644256447837307,0.011561533689732784,0.00038349696832895575,-4.170270915145741e-06,0.0001540565863251686,0.24761089999810793
388__F_Right_middle_finger.BMP,388,"M2 Modified Gabor (detail_clip=0.1, frequencies=0.07/0.085/0.105/0.125/0.15, gamma=0.5, orientation_bins=12, orientation_offset=1.5708, sigma_scale=0.55, strength=0.08)",M2 Modified Gabor,"{""detail_clip"": 0.1, ""frequencies"": [0.07, 0.085, 0.105, 0.125, 0.15], ""gamma"": 0.5, ""orientation_bins"": 12, ""orientation_offset"": 1.5707963267948966, ""sigma_scale"": 0.55, ""strength"": 0.08}",27.313102645720537,0.8297754257121086,0.0018564776939187433,27.323265091092424,0.8301316031770111,0.0018521386342238433,0.010162445371886264,0.00035617746490246294,-4.33905969489997e-06,0.00020220977603457868,0.2652879000015673
388__F_Right_ring_finger.BMP,388,"M2 Modified Gabor (detail_clip=0.1, frequencies=0.07/0.085/0.105/0.125/0.15, gamma=0.5, orientation_bins=12, orientation_offset=1.5708, sigma_scale=0.55, strength=0.08)",M2 Modified Gabor,"{""detail_clip"": 0.1, ""frequencies"": [0.07, 0.085, 0.105, 0.125, 0.15], ""gamma"": 0.5, ""orientation_bins"": 12, ""orientation_offset"": 1.5707963267948966, ""sigma_scale"": 0.55, ""strength"": 0.08}",27.716038896253863,0.7575584495838285,0.0016919834487040936,27.724634514898334,0.7578725346352458,0.001688637962615968,0.008595618644470449,0.00031408505141738985,-3.345486088125564e-06,0.00013118251808919013,0.22847200000251178
388__F_Right_thumb_finger.BMP,388,"M2 Modified Gabor (detail_clip=0.1, frequencies=0.07/0.085/0.105/0.125/0.15, gamma=0.5, orientation_bins=12, orientation_offset=1.5708, sigma_scale=0.55, strength=0.08)",M2 Modified Gabor,"{""detail_clip"": 0.1, ""frequencies"": [0.07, 0.085, 0.105, 0.125, 0.15], ""gamma"": 0.5, ""orientation_bins"": 12, ""orientation_offset"": 1.5707963267948966, ""sigma_scale"": 0.55, ""strength"": 0.08}",27.55911536979275,0.8019520732866228,0.0017542377925203654,27.564877905347508,0.8021838213344217,0.0017519116855922866,0.0057625355547585855,0.00023174804779890756,-2.326106928078782e-06,0.00015529841766692698,0.21496530000149505
360__M_Left_index_finger.BMP,360,"M2 Modified Gabor (detail_clip=0.1, frequencies=0.07/0.085/0.105/0.125/0.15, gamma=0.5, orientation_bins=12, orientation_offset=1.5708, sigma_scale=0.55, strength=0.08)",M2 Modified Gabor,"{""detail_clip"": 0.1, ""frequencies"": [0.07, 0.085, 0.105, 0.125, 0.15], ""gamma"": 0.5, ""orientation_bins"": 12, ""orientation_offset"": 1.5707963267948966, ""sigma_scale"": 0.55, ""strength"": 0.08}",27.165084363827205,0.8898551899549961,0.0019208416481011192,27.17238133570573,0.89013190673244,0.00191761697921419,0.007296971878524516,0.0002767167774438972,-3.224668886929157e-06,0.00022442848421633244,0.40729730000020936
360__M_Left_little_finger.BMP,360,"M2 Modified Gabor (detail_clip=0.1, frequencies=0.07/0.085/0.105/0.125/0.15, gamma=0.5, orientation_bins=12, orientation_offset=1.5708, sigma_scale=0.55, strength=0.08)",M2 Modified Gabor,"{""detail_clip"": 0.1, ""frequencies"": [0.07, 0.085, 0.105, 0.125, 0.15], ""gamma"": 0.5, ""orientation_bins"": 12, ""orientation_offset"": 1.5707963267948966, ""sigma_scale"": 0.55, ""strength"": 0.08}",27.399325172695054,0.8119907206172347,0.0018199836343041967,27.407337682280428,0.8123013968949317,0.0018166289537626342,0.008012509585373806,0.00031067627769709727,-3.354680541562457e-06,0.0002023882552748546,0.26329249999980675
360__M_Left_middle_finger.BMP,360,"M2 Modified Gabor (detail_clip=0.1, frequencies=0.07/0.085/0.105/0.125/0.15, gamma=0.5, orientation_bins=12, orientation_offset=1.5708, sigma_scale=0.55, strength=0.08)",M2 Modified Gabor,"{""detail_clip"": 0.1, ""frequencies"": [0.07, 0.085, 0.105, 0.125, 0.15], ""gamma"": 0.5, ""orientation_bins"": 12, ""orientation_offset"": 1.5707963267948966, ""sigma_scale"": 0.55, ""strength"": 0.08}",27.08551766612191,0.8791890184856653,0.0019563575620263644,27.091144618655868,0.8794406792538166,0.0019538244414858403,0.005626952533958729,0.0002516607681513072,-2.5331205405240524e-06,0.00019919720944017172,0.2570985999991535
360__M_Left_ring_finger.BMP,360,"M2 Modified Gabor (detail_clip=0.1, frequencies=0.07/0.085/0.105/0.125/0.15, gamma=0.5, orientation_bins=12, orientation_offset=1.5708, sigma_scale=0.55, strength=0.08)",M2 Modified Gabor,"{""detail_clip"": 0.1, ""frequencies"": [0.07, 0.085, 0.105, 0.125, 0.15], ""gamma"": 0.5, ""orientation_bins"": 12, ""orientation_offset"": 1.5707963267948966, ""sigma_scale"": 0.55, ""strength"": 0.08}",27.091988943418762,0.8734895505541563,0.0019534446296117437,27.09846315281645,0.8737517882387936,0.0019505347175416917,0.006474209397687503,0.0002622376846372898,-2.9099120700520203e-06,0.00023433785827364773,0.2752688000036869
360__M_Left_thumb_finger.BMP,360,"M2 Modified Gabor (detail_clip=0.1, frequencies=0.07/0.085/0.105/0.125/0.15, gamma=0.5, orientation_bins=12, orientation_offset=1.5708, sigma_scale=0.55, strength=0.08)",M2 Modified Gabor,"{""detail_clip"": 0.1, ""frequencies"": [0.07, 0.085, 0.105, 0.125, 0.15], ""gamma"": 0.5, ""orientation_bins"": 12, ""orientation_offset"": 1.5707963267948966, ""sigma_scale"": 0.55, ""strength"": 0.08}",27.026290934916474,0.9165627529365719,0.001983220059529698,27.032438324345588,0.9167804815707803,0.001980414819755217,0.0061473894291133035,0.00021772863420843613,-2.8052397744809075e-06,0.0001928085694089532,0.216185500001302
360__M_Right_index_finger.BMP,360,"M2 Modified Gabor (detail_clip=0.1, frequencies=0.07/0.085/0.105/0.125/0.15, gamma=0.5, orientation_bins=12, orientation_offset=1.5708, sigma_scale=0.55, strength=0.08)",M2 Modified Gabor,"{""detail_clip"": 0.1, ""frequencies"": [0.07, 0.085, 0.105, 0.125, 0.15], ""gamma"": 0.5, ""orientation_bins"": 12, ""orientation_offset"": 1.5707963267948966, ""sigma_scale"": 0.55, ""strength"": 0.08}",27.08561337748189,0.8906102343575955,0.0019563144475988514,27.0915682424768,0.8908598261166811,0.001953633868903497,0.005954864994908604,0.00024959175908567666,-2.6805786953543534e-06,0.00018808148161042482,0.2946801000070991
360__M_Right_little_finger.BMP,360,"M2 Modified Gabor (detail_clip=0.1, frequencies=0.07/0.085/0.105/0.125/0.15, gamma=0.5, orientation_bins=12, orientation_offset=1.5708, sigma_scale=0.55, strength=0.08)",M2 Modified Gabor,"{""detail_clip"": 0.1, ""frequencies"": [0.07, 0.085, 0.105, 0.125, 0.15], ""gamma"": 0.5, ""orientation_bins"": 12, ""orientation_offset"": 1.5707963267948966, ""sigma_scale"": 0.55, ""strength"": 0.08}",27.463896775058526,0.8475569175820946,0.001793123996300255,27.471391391590608,0.8478136159140468,0.0017900322720600847,0.0074946165320817215,0.0002566983319521876,-3.0917242401702107e-06,0.0001771822280716151,0.23268490000191377
360__M_Right_middle_finger.BMP,360,"M2 Modified Gabor (detail_clip=0.1, frequencies=0.07/0.085/0.105/0.125/0.15, gamma=0.5, orientation_bins=12, orientation_offset=1.5708, sigma_scale=0.55, strength=0.08)",M2 Modified Gabor,"{""detail_clip"": 0.1, ""frequencies"": [0.07, 0.085, 0.105, 0.125, 0.15], ""gamma"": 0.5, ""orientation_bins"": 12, ""orientation_offset"": 1.5707963267948966, ""sigma_scale"": 0.55, ""strength"": 0.08}",27.148777613505686,0.8873132509153784,0.0019280675201412143,27.153315398750294,0.8874968196652233,0.0019260540045517589,0.004537785244608017,0.0001835687498449312,-2.0135155894553895e-06,0.00015602598432451487,0.22377789999882225
360__M_Right_ring_finger.BMP,360,"M2 Modified Gabor (detail_clip=0.1, frequencies=0.07/0.085/0.105/0.125/0.15, gamma=0.5, orientation_bins=12, orientation_offset=1.5708, sigma_scale=0.55, strength=0.08)",M2 Modified Gabor,"{""detail_clip"": 0.1, ""frequencies"": [0.07, 0.085, 0.105, 0.125, 0.15], ""gamma"": 0.5, ""orientation_bins"": 12, ""orientation_offset"": 1.5707963267948966, ""sigma_scale"": 0.55, ""strength"": 0.08}",27.17668080215109,0.885943676270783,0.0019157194994044895,27.18203306748896,0.8861632423049212,0.0019133600120284056,0.005352265337869255,0.00021956603413819664,-2.35948737608389e-06,0.00017527269665151834,0.21770430000469787
360__M_Right_thumb_finger.BMP,360,"M2 Modified Gabor (detail_clip=0.1, frequencies=0.07/0.085/0.105/0.125/0.15, gamma=0.5, orientation_bins=12, orientation_offset=1.5708, sigma_scale=0.55, strength=0.08)",M2 Modified Gabor,"{""detail_clip"": 0.1, ""frequencies"": [0.07, 0.085, 0.105, 0.125, 0.15], ""gamma"": 0.5, ""orientation_bins"": 12, ""orientation_offset"": 1.5707963267948966, ""sigma_scale"": 0.55, ""strength"": 0.08}",27.111307542512527,0.9121589699819982,0.0019447744747953257,27.118410397046695,0.9123371651232839,0.001941596409904219,0.007102854534167591,0.00017819514128569747,-3.178064891106759e-06,0.0002644247724674642,0.24188059999869438
