filename,subject_id,candidate,member,parameters_json,baseline_psnr,baseline_ssim,baseline_mse,psnr,ssim,mse,delta_psnr,delta_ssim,delta_mse,mean_absolute_change,runtime_seconds
380__M_Left_index_finger.BMP,380,"M4 Directional Diffusion (iterations=2, step=0.12)",M4 Directional Diffusion,"{""iterations"": 2, ""step"": 0.12}",27.39224514157606,0.8241426620333194,0.001822953059489075,28.016417598403677,0.8346195538586378,0.001578913144110478,0.624172456827619,0.010476891825318413,-0.00024403991537859685,0.006614279933273792,0.5414521999991848
380__M_Left_little_finger.BMP,380,"M4 Directional Diffusion (iterations=2, step=0.12)",M4 Directional Diffusion,"{""iterations"": 2, ""step"": 0.12}",27.71736251270148,0.7666588592921495,0.0016914678547986946,28.335362806491837,0.7788922873106598,0.0014671135201782047,0.6180002937903559,0.01223342801851035,-0.00022435433462048991,0.005356276873499155,0.5230186000044341
380__M_Left_middle_finger.BMP,380,"M4 Directional Diffusion (iterations=2, step=0.12)",M4 Directional Diffusion,"{""iterations"": 2, ""step"": 0.12}",27.121060618568507,0.8799680408276915,0.0019404119392070196,27.693870263381587,0.8875278902400732,0.0017006422866848864,0.5728096448130806,0.007559849412381636,-0.00023976965252213325,0.00909474492073059,0.523722900004941
380__M_Left_ring_finger.BMP,380,"M4 Directional Diffusion (iterations=2, step=0.12)",M4 Directional Diffusion,"{""iterations"": 2, ""step"": 0.12}",27.285753289932494,0.8393499275820852,0.0018682056062418646,27.813796482608968,0.8488514092767835,0.0016543231674901713,0.5280431926764741,0.009501481694698333,-0.00021388243875169327,0.0075345830991864204,0.5393629000027431
380__M_Left_thumb_finger.BMP,380,"M4 Directional Diffusion (iterations=2, step=0.12)",M4 Directional Diffusion,"{""iterations"": 2, ""step"": 0.12}",26.99028703291933,0.9075991768866778,0.001999729699585501,27.706760086186787,0.9142572436336875,0.001695602278081131,0.7164730532674568,0.00665806674700975,-0.00030412742150437,0.006807890720665455,0.5361955999978818
380__M_Right_index_finger.BMP,380,"M4 Directional Diffusion (iterations=2, step=0.12)",M4 Directional Diffusion,"{""iterations"": 2, ""step"": 0.12}",27.368707254437247,0.8433519870930314,0.0018328599206484284,28.081595335115633,0.8535344476486445,0.0015553941689572374,0.7128880806783862,0.010182460555613115,-0.000277465751691191,0.006575214210897684,0.5449877999999444
380__M_Right_little_finger.BMP,380,"M4 Directional Diffusion (iterations=2, step=0.12)",M4 Directional Diffusion,"{""iterations"": 2, ""step"": 0.12}",27.631904571796152,0.757674889871031,0.0017250812023077028,28.21205033122252,0.7702344625205397,0.0015093674042045396,0.5801457594263688,0.012559572649508688,-0.00021571379810316317,0.005062753334641457,0.5418384999939008
380__M_Right_middle_finger.BMP,380,"M4 Directional Diffusion (iterations=2, step=0.12)",M4 Directional Diffusion,"{""iterations"": 2, ""step"": 0.12}",27.17154990964595,0.8700292221297026,0.0019179841285608963,27.9350198204817,0.8796986972433328,0.0016087850356432828,0.7634699108357488,0.009669475113630255,-0.0003091990929176135,0.0070105912163853645,0.5334696000063559
380__M_Right_ring_finger.BMP,380,"M4 Directional Diffusion (iterations=2, step=0.12)",M4 Directional Diffusion,"{""iterations"": 2, ""step"": 0.12}",27.430048920692375,0.7953303607811034,0.0018071537693830535,28.094094101545544,0.806929817019701,0.0015509242616315647,0.6640451808531687,0.011599456238597594,-0.0002562295077514888,0.005327235907316208,0.4903425000011339
380__M_Right_thumb_finger.BMP,380,"M4 Directional Diffusion (iterations=2, step=0.12)",M4 Directional Diffusion,"{""iterations"": 2, ""step"": 0.12}",27.05838210736847,0.8953427772864699,0.001968619529933384,27.923133397942227,0.9033643717775941,0.0016131942308626435,0.8647512905737571,0.008021594491124162,-0.00035542529907074054,0.00673978216946125,0.4948645000040415
600__M_Left_index_finger.BMP,600,"M4 Directional Diffusion (iterations=2, step=0.12)",M4 Directional Diffusion,"{""iterations"": 2, ""step"": 0.12}",27.35319272178306,0.8397514104789794,0.001839419252730077,27.972985458006384,0.8488097748396695,0.001594782473631208,0.6197927362233244,0.009058364360690074,-0.0002446367790988691,0.006608216091990471,0.5461533999987296
600__M_Left_little_finger.BMP,600,"M4 Directional Diffusion (iterations=2, step=0.12)",M4 Directional Diffusion,"{""iterations"": 2, ""step"": 0.12}",27.75017516117653,0.7569456012638808,0.001678736309374416,28.300998276656646,0.7686672517006398,0.001478768436879656,0.5508231154801173,0.01172165043675899,-0.00019996787249475993,0.004806972108781338,0.5372714999975869
600__M_Left_middle_finger.BMP,600,"M4 Directional Diffusion (iterations=2, step=0.12)",M4 Directional Diffusion,"{""iterations"": 2, ""step"": 0.12}",27.44947810926937,0.8171206154738665,0.0017990870980429466,28.160652191702972,0.8277836126701832,0.0015273366767588662,0.711174082433601,0.010662997196316693,-0.0002717504212840804,0.005950157530605793,0.5594564999992144
600__M_Left_ring_finger.BMP,600,"M4 Directional Diffusion (iterations=2, step=0.12)",M4 Directional Diffusion,"{""iterations"": 2, ""step"": 0.12}",27.310341456038962,0.8390093911606371,0.001857658394379474,27.93014436243606,0.8484789148738384,0.00161059209711303,0.6198029063970978,0.009469523713201311,-0.0002470662972664441,0.00652511790394783,0.5427445999957854
600__M_Left_thumb_finger.BMP,600,"M4 Directional Diffusion (iterations=2, step=0.12)",M4 Directional Diffusion,"{""iterations"": 2, ""step"": 0.12}",27.207857503343792,0.875479294952333,0.0019020163666061496,27.83493598820241,0.8833433462521434,0.0016462902312510224,0.6270784848586182,0.007864051299810382,-0.00025572613535512724,0.007791146636009216,0.5337225000039325
600__M_Right_index_finger.BMP,600,"M4 Directional Diffusion (iterations=2, step=0.12)",M4 Directional Diffusion,"{""iterations"": 2, ""step"": 0.12}",27.305187216878938,0.8529470467790365,0.0018598643859407287,27.944392323122116,0.8624723106114864,0.0016053168627683057,0.6392051062431783,0.009525263832449893,-0.00025454752317242307,0.0069950418546795845,0.5551153000051272
600__M_Right_little_finger.BMP,600,"M4 Directional Diffusion (iterations=2, step=0.12)",M4 Directional Diffusion,"{""iterations"": 2, ""step"": 0.12}",27.918805267842984,0.7369490548488498,0.001614802723510412,28.411991225947737,0.7490926663463712,0.0014414542979256668,0.4931859581047533,0.012143611497521412,-0.00017334842558474521,0.0038068313151597977,0.5494367999999668
600__M_Right_middle_finger.BMP,600,"M4 Directional Diffusion (iterations=2, step=0.12)",M4 Directional Diffusion,"{""iterations"": 2, ""step"": 0.12}",27.34016167642271,0.8407204843213558,0.001844946735382432,27.984215129308247,0.850129302241683,0.00159066412768826,0.6440534528855366,0.009408817920327217,-0.0002542826076941719,0.006150467321276665,0.5141330000042217
600__M_Right_ring_finger.BMP,600,"M4 Directional Diffusion (iterations=2, step=0.12)",M4 Directional Diffusion,"{""iterations"": 2, ""step"": 0.12}",27.513543547532386,0.804082875896126,0.0017727424533858249,28.12303027478343,0.8146735766239762,0.0015406251119719553,0.6094867272510456,0.010590700727850177,-0.00023211734141386962,0.0055599515326321125,0.5196347000019159
600__M_Right_thumb_finger.BMP,600,"M4 Directional Diffusion (iterations=2, step=0.12)",M4 Directional Diffusion,"{""iterations"": 2, ""step"": 0.12}",27.40887796153935,0.8515884021518827,0.0018159847780061798,28.051893256406537,0.8608585013269187,0.001566068212009601,0.6430152948671868,0.009270099175035962,-0.0002499165659965788,0.005200469400733709,0.5500304999950458
501__M_Left_index_finger.BMP,501,"M4 Directional Diffusion (iterations=2, step=0.12)",M4 Directional Diffusion,"{""iterations"": 2, ""step"": 0.12}",27.43685245746518,0.8191895882745981,0.0018043249488174829,27.997917542977937,0.8287025086708665,0.0015856533364453818,0.5610650855127588,0.009512920396268387,-0.0002186716123721011,0.006775989662855864,0.5394452999971691
501__M_Left_little_finger.BMP,501,"M4 Directional Diffusion (iterations=2, step=0.12)",M4 Directional Diffusion,"{""iterations"": 2, ""step"": 0.12}",27.58424679240497,0.7924946965949238,0.0017441158175301977,28.154676354890654,0.8038636495078803,0.001529439719140557,0.5704295624856854,0.011368952912956476,-0.00021467609838964063,0.005937807261943817,0.5476684999957797
501__M_Left_middle_finger.BMP,501,"M4 Directional Diffusion (iterations=2, step=0.12)",M4 Directional Diffusion,"{""iterations"": 2, ""step"": 0.12}",27.52430149906059,0.8029155948780179,0.0017683566098870935,28.096389080238254,0.8126433914135098,0.001550104910246056,0.5720875811776622,0.00972779653549194,-0.00021825169964103763,0.006433327682316303,0.5383167000036337
501__M_Left_ring_finger.BMP,501,"M4 Directional Diffusion (iterations=2, step=0.12)",M4 Directional Diffusion,"{""iterations"": 2, ""step"": 0.12}",27.358389124902512,0.8241556460552215,0.0018372196742751177,27.912912329920868,0.8339148839427233,0.0016169953351147272,0.5545232050183557,0.00975923788750177,-0.0002202243391603905,0.007080906070768833,0.5218597000057343
501__M_Left_thumb_finger.BMP,501,"M4 Directional Diffusion (iterations=2, step=0.12)",M4 Directional Diffusion,"{""iterations"": 2, ""step"": 0.12}",27.81660114041582,0.7769351523290873,0.0016532551565629702,28.424920592182197,0.7875580109962225,0.0014371693307883657,0.608319451766377,0.010622858667135193,-0.0002160858257746045,0.005403090734034777,0.5367148000004818
501__M_Right_index_finger.BMP,501,"M4 Directional Diffusion (iterations=2, step=0.12)",M4 Directional Diffusion,"{""iterations"": 2, ""step"": 0.12}",27.4909620744602,0.8130318595907092,0.0017819839682411266,28.100373898927366,0.8236145007564425,0.0015486832817486532,0.6094118244671662,0.010582641165733264,-0.00023330068649247341,0.005255813244730234,0.505590900000243
501__M_Right_little_finger.BMP,501,"M4 Directional Diffusion (iterations=2, step=0.12)",M4 Directional Diffusion,"{""iterations"": 2, ""step"": 0.12}",27.573768505254993,0.7845928464406728,0.0017483289520418919,28.070423504656652,0.7959894955356122,0.0015594004296203203,0.4966549994016596,0.011396649094939315,-0.0001889285224215716,0.007078575436025858,0.5342651000028127
501__M_Right_middle_finger.BMP,501,"M4 Directional Diffusion (iterations=2, step=0.12)",M4 Directional Diffusion,"{""iterations"": 2, ""step"": 0.12}",27.491269245747194,0.8174476757915616,0.0017818579351058632,28.014050884262698,0.827749898983717,0.0015797738169055567,0.5227816385155037,0.010302223192155346,-0.00020208411820030647,0.007054019253700972,0.5321425000001909
501__M_Right_ring_finger.BMP,501,"M4 Directional Diffusion (iterations=2, step=0.12)",M4 Directional Diffusion,"{""iterations"": 2, ""step"": 0.12}",27.778547761307667,0.7602594677556157,0.0016678048170976419,28.399557120078033,0.772422208398223,0.0014455871796864577,0.6210093587703653,0.01216274064260725,-0.0002222176374111842,0.005280441604554653,0.5545892000009189
501__M_Right_thumb_finger.BMP,501,"M4 Directional Diffusion (iterations=2, step=0.12)",M4 Directional Diffusion,"{""iterations"": 2, ""step"": 0.12}",27.340959923282963,0.8611186378437876,0.001844607659556476,28.007732819700088,0.8695996003580093,0.0015820737256333987,0.6667728964171253,0.008480962514221702,-0.00026253393392307724,0.006871518213301897,0.5571918000059668
443__M_Left_index_finger.BMP,443,"M4 Directional Diffusion (iterations=2, step=0.12)",M4 Directional Diffusion,"{""iterations"": 2, ""step"": 0.12}",27.135094969734823,0.8466296955327391,0.0019341515629242856,27.894294002585283,0.8590755408989788,0.0016239423201951553,0.7591990328504608,0.012445845366239605,-0.0003102092427291303,0.007200564723461866,0.5490566000007675
443__M_Left_little_finger.BMP,443,"M4 Directional Diffusion (iterations=2, step=0.12)",M4 Directional Diffusion,"{""iterations"": 2, ""step"": 0.12}",27.13340595635713,0.8394890675188899,0.0019349039195231878,27.836942607610208,0.8522115734286905,0.0016455297530472682,0.7035366512530778,0.012722505909800619,-0.00028937416647591965,0.0066210925579071045,0.5539242000013473
443__M_Left_middle_finger.BMP,443,"M4 Directional Diffusion (iterations=2, step=0.12)",M4 Directional Diffusion,"{""iterations"": 2, ""step"": 0.12}",27.14151541310484,0.8253531774876117,0.0019312942998486661,27.846884758200456,0.8378104157733322,0.0016417670083515548,0.7053693450956153,0.012457238285720429,-0.0002895272914971113,0.00698752049356699,0.5107399999978952
443__M_Left_ring_finger.BMP,443,"M4 Directional Diffusion (iterations=2, step=0.12)",M4 Directional Diffusion,"{""iterations"": 2, ""step"": 0.12}",27.237265248598867,0.8298590763946772,0.0018891805912286746,27.841330756116097,0.8410154655874371,0.0016438679354413063,0.6040655075172303,0.011156389192759963,-0.00024531265578736834,0.008097083307802677,0.5031913999991957
443__M_Left_thumb_finger.BMP,443,"M4 Directional Diffusion (iterations=2, step=0.12)",M4 Directional Diffusion,"{""iterations"": 2, ""step"": 0.12}",26.800304933742755,0.8761664312357903,0.00208914943902406,27.559287371061618,0.8871464495590925,0.001754168317736811,0.7589824373188634,0.010980018323302199,-0.00033498112128724894,0.00831557810306549,0.48690910000004806
443__M_Right_index_finger.BMP,443,"M4 Directional Diffusion (iterations=2, step=0.12)",M4 Directional Diffusion,"{""iterations"": 2, ""step"": 0.12}",27.35710649714296,0.896552869089663,0.0018377623514359127,28.060133230969676,0.9038467952165604,0.0015630996898139125,0.7030267338267144,0.007293926126897388,-0.0002746626616220002,0.0072858151979744434,0.5290049999966868
443__M_Right_little_finger.BMP,443,"M4 Directional Diffusion (iterations=2, step=0.12)",M4 Directional Diffusion,"{""iterations"": 2, ""step"": 0.12}",27.00440155233622,0.8630209608132839,0.0019932411512218785,27.81101534255647,0.8748842277107834,0.0016553829041650403,0.8066137902202506,0.011863266897499503,-0.0003378582470568382,0.007206144742667675,0.5256704999992508
443__M_Right_middle_finger.BMP,443,"M4 Directional Diffusion (iterations=2, step=0.12)",M4 Directional Diffusion,"{""iterations"": 2, ""step"": 0.12}",27.064112289055643,0.8992271602718234,0.001966023800672798,27.746155178988722,0.9073262042419314,0.001680290926028923,0.6820428899330793,0.008099043970108077,-0.00028573287464387503,0.008662344887852669,0.5320175999950152
443__M_Right_ring_finger.BMP,443,"M4 Directional Diffusion (iterations=2, step=0.12)",M4 Directional Diffusion,"{""iterations"": 2, ""step"": 0.12}",26.925258364749403,0.8801929126424491,0.0020298977562655464,27.78448740430185,0.8910537029582262,0.0016655253973497017,0.8592290395524458,0.010860790315777025,-0.0003643723589158447,0.007838107645511627,0.5375459999995655
443__M_Right_thumb_finger.BMP,443,"M4 Directional Diffusion (iterations=2, step=0.12)",M4 Directional Diffusion,"{""iterations"": 2, ""step"": 0.12}",27.180918571542815,0.9082978897159397,0.001913851085644088,27.917776800359533,0.9146735918651223,0.0016151851757000171,0.7368582288167183,0.006375702149182594,-0.00029866590994407087,0.008098568767309189,0.5179101000030641
572__F_Left_index_finger.BMP,572,"M4 Directional Diffusion (iterations=2, step=0.12)",M4 Directional Diffusion,"{""iterations"": 2, ""step"": 0.12}",27.6241298412811,0.7974931483537555,0.001728172204909599,28.187411130636868,0.8080187797929644,0.0015179549647333294,0.5632812893557677,0.010525631439208927,-0.00021021724017626967,0.005997763480991125,0.48206609999760985
572__F_Left_little_finger.BMP,572,"M4 Directional Diffusion (iterations=2, step=0.12)",M4 Directional Diffusion,"{""iterations"": 2, ""step"": 0.12}",27.812594150599153,0.7617954299381375,0.0016547812255908382,28.355060907396666,0.7744541573338508,0.001460474266954985,0.5424667567975128,0.012658727395713276,-0.0001943069586358532,0.005401176400482655,0.4925368999975035
572__F_Left_middle_finger.BMP,572,"M4 Directional Diffusion (iterations=2, step=0.12)",M4 Directional Diffusion,"{""iterations"": 2, ""step"": 0.12}",27.320467020532956,0.8414032366846502,0.0018533323137710088,27.83356092742793,0.8512185270422101,0.0016468115612761716,0.5130939068949729,0.009815290357559903,-0.00020652075249483724,0.008032682351768017,0.4792029999953229
572__F_Left_ring_finger.BMP,572,"M4 Directional Diffusion (iterations=2, step=0.12)",M4 Directional Diffusion,"{""iterations"": 2, ""step"": 0.12}",27.400851017810083,0.8340889724407196,0.0018193443157140715,27.927723942129102,0.8452194069685935,0.0016114899662985796,0.5268729243190187,0.011130434527873989,-0.00020785434941549192,0.007515181787312031,0.47292129999550525
572__F_Left_thumb_finger.BMP,572,"M4 Directional Diffusion (iterations=2, step=0.12)",M4 Directional Diffusion,"{""iterations"": 2, ""step"": 0.12}",27.305828412733867,0.834587592176944,0.0018595898143411753,27.901433252632266,0.8431751427766383,0.0016212749581453354,0.5956048398983995,0.008587550599694294,-0.0002383148561958398,0.006319779437035322,0.5089086000007228
572__F_Right_index_finger.BMP,572,"M4 Directional Diffusion (iterations=2, step=0.12)",M4 Directional Diffusion,"{""iterations"": 2, ""step"": 0.12}",27.46236185610437,0.8347724638455808,0.0017937578488015497,28.09691700270957,0.8455460477543771,0.0015499164930514397,0.6345551466052015,0.010773583908796347,-0.00024384135575011,0.006727054249495268,0.5017108999963966
572__F_Right_little_finger.BMP,572,"M4 Directional Diffusion (iterations=2, step=0.12)",M4 Directional Diffusion,"{""iterations"": 2, ""step"": 0.12}",27.974544939353972,0.7329479814072252,0.001594209915804351,28.537038714499662,0.7473181542602777,0.0014005419722750846,0.5624937751456898,0.014370172853052532,-0.00019366794352926645,0.004318283870816231,0.5112778999973671
572__F_Right_middle_finger.BMP,572,"M4 Directional Diffusion (iterations=2, step=0.12)",M4 Directional Diffusion,"{""iterations"": 2, ""step"": 0.12}",27.286906419383943,0.8481148620772362,0.0018677096301195127,27.94387105913576,0.8590901685994268,0.0016055095532404218,0.6569646397518163,0.010975306522190587,-0.00026220007687909096,0.007897061295807362,0.521862500005227
572__F_Right_ring_finger.BMP,572,"M4 Directional Diffusion (iterations=2, step=0.12)",M4 Directional Diffusion,"{""iterations"": 2, ""step"": 0.12}",27.675962306992894,0.7896063315761983,0.0017076692938429667,28.267961247448792,0.8017608996795416,0.0014900604076927653,0.5919989404558983,0.012154568103343255,-0.0002176088861502014,0.006212654989212751,0.49618220000411384
572__F_Right_thumb_finger.BMP,572,"M4 Directional Diffusion (iterations=2, step=0.12)",M4 Directional Diffusion,"{""iterations"": 2, ""step"": 0.12}",27.222879613560988,0.8812139176847636,0.0018954487167133127,28.023944514235637,0.8908082537488937,0.0015761790422080132,0.8010649006746497,0.009594336064130071,-0.00031926967450529955,0.0062543232925236225,0.5240449999982957
29__F_Left_index_finger.BMP,29,"M4 Directional Diffusion (iterations=2, step=0.12)",M4 Directional Diffusion,"{""iterations"": 2, ""step"": 0.12}",27.623691427691885,0.7954367920094132,0.0017283466700372958,28.247201790321157,0.8068225790110528,0.001497200008706487,0.623510362629272,0.011385787001639613,-0.0002311466613308087,0.005366848781704903,0.4984743000022718
29__F_Left_little_finger.BMP,29,"M4 Directional Diffusion (iterations=2, step=0.12)",M4 Directional Diffusion,"{""iterations"": 2, ""step"": 0.12}",27.41274074675311,0.8241425118806959,0.0018143702881231619,27.95227222309967,0.8336176326423287,0.0016024067941753125,0.5395314763465606,0.009475120761632816,-0.00021196349394784933,0.006599068641662598,0.4913077000019257
29__F_Left_middle_finger.BMP,29,"M4 Directional Diffusion (iterations=2, step=0.12)",M4 Directional Diffusion,"{""iterations"": 2, ""step"": 0.12}",27.14871397879486,0.8713243151237965,0.0019280957712296085,27.691677725056483,0.8787414840214849,0.001701501073735795,0.5429637462616235,0.007417168897688398,-0.00022659469749381346,0.007731962949037552,0.5367517000049702
29__F_Left_ring_finger.BMP,29,"M4 Directional Diffusion (iterations=2, step=0.12)",M4 Directional Diffusion,"{""iterations"": 2, ""step"": 0.12}",27.068069623154493,0.8852838855306506,0.0019642331563697636,27.56954174238375,0.8928044765709638,0.001750031338191609,0.5014721192292555,0.007520591040313218,-0.00021420181817815459,0.008605506271123886,0.5023323999994318
29__F_Left_thumb_finger.BMP,29,"M4 Directional Diffusion (iterations=2, step=0.12)",M4 Directional Diffusion,"{""iterations"": 2, ""step"": 0.12}",27.00724258759245,0.8884813020378352,0.0019919376539917696,27.648880423440353,0.895665648053348,0.0017183513073356948,0.6416378358479022,0.007184346015512877,-0.00027358634665607486,0.006917249411344528,0.5081283999970765
29__F_Right_index_finger.BMP,29,"M4 Directional Diffusion (iterations=2, step=0.12)",M4 Directional Diffusion,"{""iterations"": 2, ""step"": 0.12}",27.13446795737326,0.8550214416386783,0.001934430826082868,27.696296423842902,0.8635232636947334,0.0016996924982418335,0.5618284664696418,0.008501822056055097,-0.00023473832784103445,0.0065461271442472935,0.5079600999961258
29__F_Right_little_finger.BMP,29,"M4 Directional Diffusion (iterations=2, step=0.12)",M4 Directional Diffusion,"{""iterations"": 2, ""step"": 0.12}",27.241294751244425,0.8476442870678902,0.0018874285708654986,27.841893081592353,0.856970264277637,0.0016436551008289033,0.6005983303479283,0.009325977209746816,-0.00024377347003659523,0.006362559273838997,0.5153862000006484
29__F_Right_middle_finger.BMP,29,"M4 Directional Diffusion (iterations=2, step=0.12)",M4 Directional Diffusion,"{""iterations"": 2, ""step"": 0.12}",27.250855791884682,0.83831398543185,0.0018832779466694744,27.778109261435695,0.8470079284824729,0.001667973221061124,0.5272534695510132,0.008693943050622877,-0.00021530472560835046,0.0055936407297849655,0.5282375000024331
29__F_Right_ring_finger.BMP,29,"M4 Directional Diffusion (iterations=2, step=0.12)",M4 Directional Diffusion,"{""iterations"": 2, ""step"": 0.12}",26.977191599302174,0.8919698833798766,0.002005768654746689,27.55941930752642,0.8990403961859346,0.0017541150278009045,0.5822277082242451,0.007070512806057971,-0.00025165362694578447,0.008131037466228008,0.5359176999991178
29__F_Right_thumb_finger.BMP,29,"M4 Directional Diffusion (iterations=2, step=0.12)",M4 Directional Diffusion,"{""iterations"": 2, ""step"": 0.12}",26.97520674425169,0.9095325257153511,0.0020066855602344016,27.579756342051915,0.9151702365264892,0.0017459201038257939,0.6045495978002258,0.005637710811138064,-0.0002607654564086078,0.006945571396499872,0.5191115000052378
236__M_Left_index_finger.BMP,236,"M4 Directional Diffusion (iterations=2, step=0.12)",M4 Directional Diffusion,"{""iterations"": 2, ""step"": 0.12}",27.230110186596267,0.8644258776392341,0.0018922956078444896,27.95610561428575,0.8742314172986746,0.0016009930203042717,0.7259954276894831,0.009805539659440532,-0.0002913025875402179,0.007196391932666302,0.5109668000004604
236__M_Left_little_finger.BMP,236,"M4 Directional Diffusion (iterations=2, step=0.12)",M4 Directional Diffusion,"{""iterations"": 2, ""step"": 0.12}",27.487337971316265,0.8122688657089174,0.001783471619891689,28.16463046717446,0.8231663467815519,0.0015259382284340762,0.6772924958581967,0.01089748107263444,-0.00025753339145761275,0.006545929703861475,0.5380957000015769
236__M_Left_middle_finger.BMP,236,"M4 Directional Diffusion (iterations=2, step=0.12)",M4 Directional Diffusion,"{""iterations"": 2, ""step"": 0.12}",27.268425888389103,0.8386161139320135,0.0018756742278643796,27.930395938604896,0.847696062223494,0.0016104988021551792,0.6619700502157926,0.00907994829148051,-0.0002651754257092004,0.007303956430405378,0.5411530999990646
236__M_Left_ring_finger.BMP,236,"M4 Directional Diffusion (iterations=2, step=0.12)",M4 Directional Diffusion,"{""iterations"": 2, ""step"": 0.12}",27.080380833903757,0.8716979291836321,0.00195867290946392,27.819001823164097,0.8821568852887154,0.001652341526634577,0.7386209892603404,0.010458956105083295,-0.00030633138282934284,0.007541417144238949,0.538534700004675
236__M_Left_thumb_finger.BMP,236,"M4 Directional Diffusion (iterations=2, step=0.12)",M4 Directional Diffusion,"{""iterations"": 2, ""step"": 0.12}",27.252487499118946,0.8528684914248585,0.0018825705047901583,28.031463260239967,0.8614610420201421,0.001573452634705983,0.7789757611210213,0.008592550595283521,-0.0003091178700841753,0.0075028203427791595,0.50115189999633
236__M_Right_index_finger.BMP,236,"M4 Directional Diffusion (iterations=2, step=0.12)",M4 Directional Diffusion,"{""iterations"": 2, ""step"": 0.12}",27.53921246464294,0.857044079580307,0.0017622955863351969,28.270531791043577,0.8659393663812875,0.0014891787174864534,0.7313193264006372,0.008895286800980506,-0.0002731168688487435,0.006047865375876427,0.5085092000008444
236__M_Right_little_finger.BMP,236,"M4 Directional Diffusion (iterations=2, step=0.12)",M4 Directional Diffusion,"{""iterations"": 2, ""step"": 0.12}",27.254971723082324,0.8556590841823817,0.0018814939565873446,27.947338696449364,0.8650793490832448,0.0016042281409651368,0.6923669733670401,0.009420264900863118,-0.00027726581562220786,0.007473659701645374,0.5034435999987181
236__M_Right_middle_finger.BMP,236,"M4 Directional Diffusion (iterations=2, step=0.12)",M4 Directional Diffusion,"{""iterations"": 2, ""step"": 0.12}",27.369746618381576,0.870484657946229,0.0018324213287117393,27.988473671986082,0.878038002995193,0.0015891051414913685,0.6187270536045055,0.007553345048963989,-0.00024331618722037087,0.008359026163816452,0.5362983000013628
236__M_Right_ring_finger.BMP,236,"M4 Directional Diffusion (iterations=2, step=0.12)",M4 Directional Diffusion,"{""iterations"": 2, ""step"": 0.12}",27.35531229242566,0.8474338980606199,0.001838521744710349,28.045553427016312,0.8572795976844728,0.0015683560273299787,0.6902411345906536,0.009845699623852955,-0.00027016571738037033,0.007096308749169111,0.5054780999998911
236__M_Right_thumb_finger.BMP,236,"M4 Directional Diffusion (iterations=2, step=0.12)",M4 Directional Diffusion,"{""iterations"": 2, ""step"": 0.12}",27.43324241478733,0.8936245013394952,0.0018058254049184786,28.286515262312335,0.9021086164413691,0.0014837081209542213,0.8532728475250053,0.008484115101873857,-0.0003221172839642573,0.005758349318057299,0.5386538000020664
71__M_Left_index_finger.BMP,71,"M4 Directional Diffusion (iterations=2, step=0.12)",M4 Directional Diffusion,"{""iterations"": 2, ""step"": 0.12}",27.400723074409225,0.852191063885957,0.0018193979144903785,27.938938181681863,0.8621827859017253,0.0016073341864562417,0.538215107272638,0.009991722015768256,-0.00021206372803413685,0.008417787961661816,0.5098279000012553
71__M_Left_little_finger.BMP,71,"M4 Directional Diffusion (iterations=2, step=0.12)",M4 Directional Diffusion,"{""iterations"": 2, ""step"": 0.12}",27.71066654139068,0.7914544510637522,0.0016940777788120003,28.156974164601767,0.8015993454897403,0.001528630721549663,0.4463076232110872,0.010144894425988094,-0.00016544705726233744,0.007256201934069395,0.5372685999973328
71__M_Left_middle_finger.BMP,71,"M4 Directional Diffusion (iterations=2, step=0.12)",M4 Directional Diffusion,"{""iterations"": 2, ""step"": 0.12}",27.324002819836846,0.8594442137144804,0.0018518240412643122,27.738127907009652,0.8673229186776876,0.001683399559896243,0.41412508717280616,0.007878704963207195,-0.00016842448136806924,0.009958668611943722,0.518111699995643
71__M_Left_ring_finger.BMP,71,"M4 Directional Diffusion (iterations=2, step=0.12)",M4 Directional Diffusion,"{""iterations"": 2, ""step"": 0.12}",27.206743096008278,0.8708310496015549,0.0019025044899998523,27.63332892631368,0.8783830312803388,0.0017245155206289504,0.4265858303054024,0.007551981678783903,-0.00017798896937090193,0.010075367987155914,0.5117522000000463
71__M_Left_thumb_finger.BMP,71,"M4 Directional Diffusion (iterations=2, step=0.12)",M4 Directional Diffusion,"{""iterations"": 2, ""step"": 0.12}",27.216405175825415,0.8884816764104366,0.0018982765483447198,27.732195299757116,0.8955785316619576,0.0016857007111227838,0.5157901239317013,0.007096855251520928,-0.0002125758372219361,0.009139468893408775,0.4947764999960782
71__M_Right_index_finger.BMP,71,"M4 Directional Diffusion (iterations=2, step=0.12)",M4 Directional Diffusion,"{""iterations"": 2, ""step"": 0.12}",27.699973363822046,0.8149432333825231,0.0016982540681729117,28.364382364691643,0.8252696898705661,0.0014573429471653166,0.6644090008695969,0.01032645648804309,-0.00024091112100759512,0.006247306242585182,0.5075390999991214
71__M_Right_little_finger.BMP,71,"M4 Directional Diffusion (iterations=2, step=0.12)",M4 Directional Diffusion,"{""iterations"": 2, ""step"": 0.12}",27.569618878214843,0.8136471458607912,0.0017500002558434424,28.14565254061927,0.8248643435483575,0.0015326209081261933,0.5760336624044271,0.011217197687566238,-0.00021737934771724906,0.007436213083565235,0.49840640000184067
71__M_Right_middle_finger.BMP,71,"M4 Directional Diffusion (iterations=2, step=0.12)",M4 Directional Diffusion,"{""iterations"": 2, ""step"": 0.12}",27.378813624145167,0.8729499959701598,0.0018285996722272328,28.042420800824104,0.88145340737921,0.0015694877123351232,0.6636071766789371,0.008503411409050199,-0.0002591119598921096,0.007955852895975113,0.4831114999979036
71__M_Right_ring_finger.BMP,71,"M4 Directional Diffusion (iterations=2, step=0.12)",M4 Directional Diffusion,"{""iterations"": 2, ""step"": 0.12}",27.672722631596756,0.8099496431675554,0.0017089436269009956,28.254099470562654,0.8203912824757099,0.0014948239688080513,0.5813768389658982,0.01044163930815456,-0.00021411965809294432,0.006644404958933592,0.47954529999697115
71__M_Right_thumb_finger.BMP,71,"M4 Directional Diffusion (iterations=2, step=0.12)",M4 Directional Diffusion,"{""iterations"": 2, ""step"": 0.12}",27.40409092316142,0.8698846017852724,0.0018179875622943683,28.129429494149917,0.8780963505132199,0.0015383567114545965,0.7253385709884981,0.008211748727947499,-0.0002796308508397718,0.006168946158140898,0.5055394000009983
470__F_Left_index_finger.BMP,470,"M4 Directional Diffusion (iterations=2, step=0.12)",M4 Directional Diffusion,"{""iterations"": 2, ""step"": 0.12}",28.133949643174056,0.7459431124183834,0.0015367564184578272,28.666813758265608,0.7589890880653858,0.0013593103514911108,0.5328641150915523,0.013045975647002384,-0.0001774460669667164,0.004889877513051033,0.5008906000002753
470__F_Left_little_finger.BMP,470,"M4 Directional Diffusion (iterations=2, step=0.12)",M4 Directional Diffusion,"{""iterations"": 2, ""step"": 0.12}",28.327626771703812,0.7130688598952889,0.0014697292005971575,28.81022741378778,0.7273793707113266,0.0013151559636151713,0.48260064208396614,0.014310510816037736,-0.0001545732369819862,0.003951738588511944,0.5199726999999257
470__F_Left_middle_finger.BMP,470,"M4 Directional Diffusion (iterations=2, step=0.12)",M4 Directional Diffusion,"{""iterations"": 2, ""step"": 0.12}",28.16470653625059,0.7449561038237215,0.001525911501017648,28.72417451842987,0.7587291469419598,0.0013414748908817812,0.5594679821792781,0.013773043118238348,-0.0001844366101358668,0.004906849004328251,0.48958090000087395
470__F_Left_ring_finger.BMP,470,"M4 Directional Diffusion (iterations=2, step=0.12)",M4 Directional Diffusion,"{""iterations"": 2, ""step"": 0.12}",28.377701313850427,0.7209687273773551,0.0014528804121575277,28.9058091675987,0.734700641420424,0.0012865275278156404,0.5281078537482742,0.013731914043068949,-0.0001663528843418873,0.0038174977526068687,0.4973642999975709
470__F_Left_thumb_finger.BMP,470,"M4 Directional Diffusion (iterations=2, step=0.12)",M4 Directional Diffusion,"{""iterations"": 2, ""step"": 0.12}",27.507522688430683,0.8424409932396412,0.0017752018064236539,28.05304678697331,0.8513496131381393,0.0015656523035108114,0.5455240985426286,0.008908619898498116,-0.0002095495029128425,0.007324996404349804,0.5016401000029873
470__F_Right_index_finger.BMP,470,"M4 Directional Diffusion (iterations=2, step=0.12)",M4 Directional Diffusion,"{""iterations"": 2, ""step"": 0.12}",28.214565289387025,0.7059878581789732,0.0015084935968839085,28.76010622887098,0.7189067909016014,0.0013304218753260166,0.5455409394839563,0.012918932722628118,-0.0001780717215578919,0.003692673984915018,0.5137595999985933
470__F_Right_little_finger.BMP,470,"M4 Directional Diffusion (iterations=2, step=0.12)",M4 Directional Diffusion,"{""iterations"": 2, ""step"": 0.12}",28.225990208025095,0.7106608752552271,0.0015045304409989717,28.780705795612285,0.7253020689119101,0.0013241263267278298,0.5547155875871894,0.014641193656682927,-0.00018040411427114192,0.004113499075174332,0.48085859999991953
470__F_Right_middle_finger.BMP,470,"M4 Directional Diffusion (iterations=2, step=0.12)",M4 Directional Diffusion,"{""iterations"": 2, ""step"": 0.12}",27.99238090038815,0.7877955089430213,0.0015876761100837291,28.674294545658668,0.8006530623617172,0.0013569709345030094,0.6819136452705195,0.012857553418695877,-0.00023070517558071977,0.004988546948879957,0.49869849999959115
470__F_Right_ring_finger.BMP,470,"M4 Directional Diffusion (iterations=2, step=0.12)",M4 Directional Diffusion,"{""iterations"": 2, ""step"": 0.12}",28.175147109810183,0.749459243629396,0.0015222475684804621,28.72844927487794,0.7626244171235561,0.0013401551280518443,0.5533021650677554,0.013165173494160132,-0.00018209244042861786,0.004480671603232622,0.4836575000008452
470__F_Right_thumb_finger.BMP,470,"M4 Directional Diffusion (iterations=2, step=0.12)",M4 Directional Diffusion,"{""iterations"": 2, ""step"": 0.12}",27.378970878121308,0.9028311878447532,0.001828533461539503,28.221854446548924,0.9099569766654372,0.0015059638791396048,0.8428835684276166,0.0071257888206839315,-0.00032256958239989825,0.006601660046726465,0.4936965000015334
503__M_Left_index_finger.BMP,503,"M4 Directional Diffusion (iterations=2, step=0.12)",M4 Directional Diffusion,"{""iterations"": 2, ""step"": 0.12}",27.558826483469133,0.8253404413299561,0.0017543544857281078,28.097547038245075,0.835313516525805,0.0015496916613575822,0.5387205547759422,0.00997307519584889,-0.0002046628243705256,0.0074408994987607,0.47846320000098785
503__M_Left_little_finger.BMP,503,"M4 Directional Diffusion (iterations=2, step=0.12)",M4 Directional Diffusion,"{""iterations"": 2, ""step"": 0.12}",27.795892542403124,0.7767085953725874,0.0016611572491486452,28.33637540098242,0.788432457450509,0.001466771490068714,0.5404828585792956,0.011723862077921643,-0.00019438575907993112,0.005911469459533691,0.4826108000052045
503__M_Left_middle_finger.BMP,503,"M4 Directional Diffusion (iterations=2, step=0.12)",M4 Directional Diffusion,"{""iterations"": 2, ""step"": 0.12}",27.554136114835103,0.8208168461535275,0.0017562502073207595,28.088027374490157,0.8308505428958535,0.0015530922857362609,0.5338912596550536,0.010033696742326015,-0.00020315792158449864,0.007131520193070173,0.48696449999988545
503__M_Left_ring_finger.BMP,503,"M4 Directional Diffusion (iterations=2, step=0.12)",M4 Directional Diffusion,"{""iterations"": 2, ""step"": 0.12}",27.62301142125986,0.8177495028933287,0.0017286173110234886,28.28398964030376,0.8281888129992485,0.0014845712163564213,0.6609782190438978,0.010439310105919808,-0.0002440460946670673,0.006512272171676159,0.590084499999648
503__M_Left_thumb_finger.BMP,503,"M4 Directional Diffusion (iterations=2, step=0.12)",M4 Directional Diffusion,"{""iterations"": 2, ""step"": 0.12}",27.846020264971038,0.7823283968015909,0.0016420938459679472,28.496385066966006,0.7939300607782006,0.001413713786681512,0.6503648019949679,0.011601663976609666,-0.00022838005928643517,0.004970978945493698,0.604792300000554
503__M_Right_index_finger.BMP,503,"M4 Directional Diffusion (iterations=2, step=0.12)",M4 Directional Diffusion,"{""iterations"": 2, ""step"": 0.12}",27.79343889482849,0.8155751483942568,0.0016620960236962943,28.38803797643799,0.8268041608297825,0.0014494265168700352,0.5945990816094984,0.011229012435525654,-0.0002126695068262591,0.005118373315781355,0.6716732000058983
503__M_Right_little_finger.BMP,503,"M4 Directional Diffusion (iterations=2, step=0.12)",M4 Directional Diffusion,"{""iterations"": 2, ""step"": 0.12}",27.991153400585176,0.7409707042609454,0.0015881249178941682,28.62013767728637,0.7535366115533113,0.0013739984166944049,0.6289842767011926,0.012565907292365952,-0.00021412650119976336,0.00460404809564352,0.7058201000036206
503__M_Right_middle_finger.BMP,503,"M4 Directional Diffusion (iterations=2, step=0.12)",M4 Directional Diffusion,"{""iterations"": 2, ""step"": 0.12}",27.683429520839404,0.7966362979086637,0.0017047356678858785,28.416619839596805,0.8073852895399928,0.0014399188464799813,0.7331903187574014,0.01074899163132903,-0.00026481682140589726,0.00507967546582222,0.7354934999966645
503__M_Right_ring_finger.BMP,503,"M4 Directional Diffusion (iterations=2, step=0.12)",M4 Directional Diffusion,"{""iterations"": 2, ""step"": 0.12}",27.555357865597834,0.8240069340211749,0.0017557562111187638,28.141846316035224,0.8331831567535997,0.0015339647097754425,0.5864884504373897,0.0091762227324248,-0.0002217915013433213,0.005582582205533981,0.6647125000017695
503__M_Right_thumb_finger.BMP,503,"M4 Directional Diffusion (iterations=2, step=0.12)",M4 Directional Diffusion,"{""iterations"": 2, ""step"": 0.12}",27.817514338954645,0.7458579296948016,0.0016529075602801694,28.303895141300863,0.7540961597093045,0.0014777823862173066,0.4863808023462184,0.008238230014502967,-0.0001751251740628628,0.003726709634065628,0.7881447999970987
506__M_Left_index_finger.BMP,506,"M4 Directional Diffusion (iterations=2, step=0.12)",M4 Directional Diffusion,"{""iterations"": 2, ""step"": 0.12}",27.643579359755208,0.8132179812993109,0.001720450033361916,28.163153379927603,0.8236046468863487,0.0015264573064630827,0.5195740201723957,0.010386665587037824,-0.00019399272689883326,0.0062279305420815945,0.6750362000020687
506__M_Left_little_finger.BMP,506,"M4 Directional Diffusion (iterations=2, step=0.12)",M4 Directional Diffusion,"{""iterations"": 2, ""step"": 0.12}",27.710191280563457,0.80468445682019,0.0016942631767149123,28.248790897812583,0.8163775816349387,0.001496652275171097,0.5385996172491261,0.011693124814748712,-0.00019761090154381527,0.006512075196951628,0.5951593999998295
506__M_Left_middle_finger.BMP,506,"M4 Directional Diffusion (iterations=2, step=0.12)",M4 Directional Diffusion,"{""iterations"": 2, ""step"": 0.12}",27.570809542457887,0.8419147579144239,0.0017495205405318789,28.153637296460026,0.8512084179056882,0.0015298056844987738,0.5828277540021389,0.009293659991264303,-0.00021971485603310506,0.007210030220448971,0.5547374999950989
506__M_Left_ring_finger.BMP,506,"M4 Directional Diffusion (iterations=2, step=0.12)",M4 Directional Diffusion,"{""iterations"": 2, ""step"": 0.12}",27.694589395511755,0.8118410489529371,0.0017003607069476518,28.18787426241892,0.8218203195360303,0.001517793098595525,0.4932848669071639,0.009979270583093225,-0.00018256760835212694,0.005307874176651239,0.5501302999982727
506__M_Left_thumb_finger.BMP,506,"M4 Directional Diffusion (iterations=2, step=0.12)",M4 Directional Diffusion,"{""iterations"": 2, ""step"": 0.12}",27.534055045008536,0.8642787358059884,0.0017643896255386013,28.086129958854116,0.8736356228761077,0.0015537709739397514,0.5520749138455798,0.00935688707011939,-0.00021061865159884984,0.006157091353088617,0.5360749999963446
506__M_Right_index_finger.BMP,506,"M4 Directional Diffusion (iterations=2, step=0.12)",M4 Directional Diffusion,"{""iterations"": 2, ""step"": 0.12}",27.299857493641092,0.8645324024113417,0.001862148238892479,27.973817188770372,0.8739399238582254,0.0015944770811626777,0.6739596951292803,0.009407521446883726,-0.00026767115772980137,0.0061417752876877785,0.5657109000021592
506__M_Right_little_finger.BMP,506,"M4 Directional Diffusion (iterations=2, step=0.12)",M4 Directional Diffusion,"{""iterations"": 2, ""step"": 0.12}",27.85389854846535,0.7702839099378586,0.0016391177192953534,28.43858628497468,0.7824774750922918,0.001432654180843635,0.5846877365093306,0.012193565154433261,-0.00020646353845171837,0.0051025040447711945,0.5659974000009242
506__M_Right_middle_finger.BMP,506,"M4 Directional Diffusion (iterations=2, step=0.12)",M4 Directional Diffusion,"{""iterations"": 2, ""step"": 0.12}",27.119787705399837,0.8907959406009912,0.0019409807555337767,27.80416359643375,0.8981903001774549,0.0016579966180771048,0.6843758910339126,0.007394359576463727,-0.0002829841374566719,0.007088698446750641,0.5312160999965272
506__M_Right_ring_finger.BMP,506,"M4 Directional Diffusion (iterations=2, step=0.12)",M4 Directional Diffusion,"{""iterations"": 2, ""step"": 0.12}",27.36860944686921,0.8716563114051818,0.0018329011989969962,27.932891839898765,0.8796466515815854,0.0016095735103583858,0.5642823930295542,0.007990340176403543,-0.0002233276886386105,0.006178573705255985,0.5780789999989793
506__M_Right_thumb_finger.BMP,506,"M4 Directional Diffusion (iterations=2, step=0.12)",M4 Directional Diffusion,"{""iterations"": 2, ""step"": 0.12}",27.373150894179908,0.8726340962157846,0.0018309855233806663,28.04212313481226,0.8814142158569097,0.0015695952889169583,0.6689722406323533,0.008780119641125128,-0.000261390234463708,0.005440487526357174,0.5600980000017444
196__M_Left_index_finger.BMP,196,"M4 Directional Diffusion (iterations=2, step=0.12)",M4 Directional Diffusion,"{""iterations"": 2, ""step"": 0.12}",27.225188033807047,0.8788863218829036,0.0018944414901145012,27.899676049824077,0.8880125312370658,0.0016219310763912677,0.6744880160170297,0.009126209354162196,-0.0002725104137232335,0.007508053909987211,0.5483115999959409
196__M_Left_little_finger.BMP,196,"M4 Directional Diffusion (iterations=2, step=0.12)",M4 Directional Diffusion,"{""iterations"": 2, ""step"": 0.12}",27.35312935031732,0.80335026320225,0.0018394460933991352,28.035405136668285,0.8159084708275794,0.001572025137425774,0.6822757863509636,0.012558207625329443,-0.0002674209559733612,0.005839124321937561,0.568750700003875
196__M_Left_middle_finger.BMP,196,"M4 Directional Diffusion (iterations=2, step=0.12)",M4 Directional Diffusion,"{""iterations"": 2, ""step"": 0.12}",26.807005035396653,0.8383593658879399,0.00208592887731423,27.53605790081029,0.8503923479761482,0.0017635761214723502,0.7290528654136388,0.012032982088208244,-0.0003223527558418797,0.005739213433116674,0.5717346999954316
196__M_Left_ring_finger.BMP,196,"M4 Directional Diffusion (iterations=2, step=0.12)",M4 Directional Diffusion,"{""iterations"": 2, ""step"": 0.12}",26.939914390359956,0.8466373486337065,0.0020230590575295833,27.690243484615145,0.8570517648149133,0.0017020630805668535,0.7503290942551892,0.010414416181206754,-0.0003209959769627298,0.006913707125931978,0.549824499998067
196__M_Left_thumb_finger.BMP,196,"M4 Directional Diffusion (iterations=2, step=0.12)",M4 Directional Diffusion,"{""iterations"": 2, ""step"": 0.12}",27.17645207629467,0.8700256631715297,0.0019158203954876966,27.90181019247434,0.8782160318949223,0.00162113424795165,0.7253581161796703,0.008190368723392516,-0.0002946861475360465,0.00791332870721817,0.559050899995782
196__M_Right_index_finger.BMP,196,"M4 Directional Diffusion (iterations=2, step=0.12)",M4 Directional Diffusion,"{""iterations"": 2, ""step"": 0.12}",27.224484755205218,0.8981884044620096,0.0018947482930095384,27.915207880527582,0.9058051576243341,0.0016161408656356411,0.6907231253223642,0.007616753162324463,-0.0002786074273738973,0.007990827783942223,0.5393237000025692
196__M_Right_little_finger.BMP,196,"M4 Directional Diffusion (iterations=2, step=0.12)",M4 Directional Diffusion,"{""iterations"": 2, ""step"": 0.12}",27.235133280733237,0.8482631195524931,0.0018901082247221315,27.750639698283905,0.8577160762909055,0.0016785567552616695,0.5155064175506681,0.0094529567384124,-0.00021155146946046197,0.008776146918535233,0.5590284999998403
196__M_Right_middle_finger.BMP,196,"M4 Directional Diffusion (iterations=2, step=0.12)",M4 Directional Diffusion,"{""iterations"": 2, ""step"": 0.12}",27.164009700572716,0.8754404190505147,0.0019213170198695128,27.79204726059809,0.8830427704529166,0.0016626287038120535,0.6280375600253727,0.007602351402401841,-0.00025868831605745926,0.00795365497469902,0.530291600000055
196__M_Right_ring_finger.BMP,196,"M4 Directional Diffusion (iterations=2, step=0.12)",M4 Directional Diffusion,"{""iterations"": 2, ""step"": 0.12}",27.057676189333762,0.8875853133841157,0.0019689395425137503,27.63002183392992,0.8951894162949919,0.0017258292154514862,0.5723456445961581,0.007604102910876209,-0.00024311032706226415,0.009087453596293926,0.5405389000006835
196__M_Right_thumb_finger.BMP,196,"M4 Directional Diffusion (iterations=2, step=0.12)",M4 Directional Diffusion,"{""iterations"": 2, ""step"": 0.12}",27.64260682140499,0.8075118985310793,0.0017208353458780567,28.303538098425047,0.8167177426924705,0.001477903882893975,0.6609312770200582,0.009205844161391252,-0.00024293146298408168,0.0046521457843482494,0.5290916999947513
265__M_Left_index_finger.BMP,265,"M4 Directional Diffusion (iterations=2, step=0.12)",M4 Directional Diffusion,"{""iterations"": 2, ""step"": 0.12}",27.37477247790581,0.8335138076359629,0.0018303019913041506,28.119853230065104,0.8454746414682269,0.0015417525556374982,0.7450807521592928,0.011960833832263984,-0.0002885494356666524,0.006468913052231073,0.49249720000079833
265__M_Left_little_finger.BMP,265,"M4 Directional Diffusion (iterations=2, step=0.12)",M4 Directional Diffusion,"{""iterations"": 2, ""step"": 0.12}",27.521793017059277,0.8208397956510186,0.0017693783065107287,28.11305352523511,0.8317318376775384,0.00154416835273987,0.5912605081758322,0.010892042026519833,-0.00022520995377085882,0.006559072062373161,0.5198654000050738
265__M_Left_middle_finger.BMP,265,"M4 Directional Diffusion (iterations=2, step=0.12)",M4 Directional Diffusion,"{""iterations"": 2, ""step"": 0.12}",27.421710121866024,0.8523282516956031,0.0018106269814393515,28.04976164768506,0.8615963495759368,0.0015668370599164246,0.6280515258190356,0.00926809788033367,-0.00024378992152292688,0.006826058961451054,0.5059632999982568
265__M_Left_ring_finger.BMP,265,"M4 Directional Diffusion (iterations=2, step=0.12)",M4 Directional Diffusion,"{""iterations"": 2, ""step"": 0.12}",27.322529482400647,0.8486792822626233,0.0018524523763336202,27.98482418899765,0.8577078215897679,0.0015904410667216548,0.6622947065970024,0.009028539327144536,-0.00026201130961196533,0.006981031969189644,0.508975199998531
265__M_Left_thumb_finger.BMP,265,"M4 Directional Diffusion (iterations=2, step=0.12)",M4 Directional Diffusion,"{""iterations"": 2, ""step"": 0.12}",27.243867806531142,0.8530412479772568,0.0018863106612669986,27.96791903173389,0.8624497860764265,0.0015966440129597523,0.7240512252027465,0.00940853809916975,-0.00028966664830724627,0.007346113212406635,0.514038299996173
265__M_Right_index_finger.BMP,265,"M4 Directional Diffusion (iterations=2, step=0.12)",M4 Directional Diffusion,"{""iterations"": 2, ""step"": 0.12}",27.994514576044143,0.7635853212453126,0.0015868962811916459,28.616763303740825,0.775785918401301,0.0013750663983873417,0.6222487276966824,0.012200597155988313,-0.00021182988280430423,0.0040014092810451984,0.5526911000051768
265__M_Right_little_finger.BMP,265,"M4 Directional Diffusion (iterations=2, step=0.12)",M4 Directional Diffusion,"{""iterations"": 2, ""step"": 0.12}",27.22406780249401,0.7860550264142155,0.0018949302106704036,27.93644162490792,0.8003992245373129,0.0016082584336722982,0.7123738224139124,0.014344198123097396,-0.00028667177699810546,0.00507874321192503,0.4927642000038759
265__M_Right_middle_finger.BMP,265,"M4 Directional Diffusion (iterations=2, step=0.12)",M4 Directional Diffusion,"{""iterations"": 2, ""step"": 0.12}",27.44169408769286,0.8604290589330197,0.0018023145602693164,28.124354720859436,0.8699775524957776,0.0015401553469014566,0.6826606331665772,0.009548493562757887,-0.0002621592133678597,0.00603414187207818,0.5070530999946641
265__M_Right_ring_finger.BMP,265,"M4 Directional Diffusion (iterations=2, step=0.12)",M4 Directional Diffusion,"{""iterations"": 2, ""step"": 0.12}",27.173464398425633,0.8322634105684161,0.0019171388150660998,27.93944136715553,0.8443115882990956,0.0016071479671061655,0.7659769687298983,0.012048177730679455,-0.00030999084795993426,0.005666443146765232,0.4979419000010239
265__M_Right_thumb_finger.BMP,265,"M4 Directional Diffusion (iterations=2, step=0.12)",M4 Directional Diffusion,"{""iterations"": 2, ""step"": 0.12}",27.140057381383137,0.9020136943075061,0.001931942790954203,27.938523233986125,0.9094005947027206,0.0016074877669202264,0.7984658526029875,0.007386900395214502,-0.0003244550240339766,0.006496872752904892,0.518806100000802
160__M_Left_index_finger.BMP,160,"M4 Directional Diffusion (iterations=2, step=0.12)",M4 Directional Diffusion,"{""iterations"": 2, ""step"": 0.12}",27.303570949514576,0.7907936160339714,0.0018605566806086,27.983618984952344,0.8036373754720092,0.0015908824888619059,0.6800480354377676,0.012843759438037838,-0.00026967419174669417,0.005458481144160032,0.525771500004339
160__M_Left_little_finger.BMP,160,"M4 Directional Diffusion (iterations=2, step=0.12)",M4 Directional Diffusion,"{""iterations"": 2, ""step"": 0.12}",27.531663336668917,0.7885290796279312,0.0017653615622648393,28.165901141574846,0.8002985716605783,0.0015254918292518657,0.6342378049059292,0.0117694920326471,-0.00023986973301297365,0.006582056172192097,0.5193285999994259
160__M_Left_middle_finger.BMP,160,"M4 Directional Diffusion (iterations=2, step=0.12)",M4 Directional Diffusion,"{""iterations"": 2, ""step"": 0.12}",27.146254995156678,0.8256858516879678,0.0019291877718492464,27.88403994407878,0.8382225550359488,0.001627781114866686,0.7377849489221013,0.01253670334798096,-0.0003014066569825603,0.0064857713878154755,0.5131814000051236
160__M_Left_ring_finger.BMP,160,"M4 Directional Diffusion (iterations=2, step=0.12)",M4 Directional Diffusion,"{""iterations"": 2, ""step"": 0.12}",27.23062336848946,0.8173601523184181,0.001892072018894839,27.954281821300007,0.8301447295604348,0.0016016654886733112,0.7236584528105467,0.01278457724201676,-0.0002904065302215279,0.005788525566458702,0.5303337000004831
160__M_Left_thumb_finger.BMP,160,"M4 Directional Diffusion (iterations=2, step=0.12)",M4 Directional Diffusion,"{""iterations"": 2, ""step"": 0.12}",27.108709341869236,0.8690183506274819,0.0019459382994065641,27.67498046842971,0.8770271007948518,0.001708055401697515,0.5662711265604727,0.008008750167369905,-0.00023788289770904905,0.008876262232661247,0.5301498999979231
160__M_Right_index_finger.BMP,160,"M4 Directional Diffusion (iterations=2, step=0.12)",M4 Directional Diffusion,"{""iterations"": 2, ""step"": 0.12}",26.99832164341442,0.8972657453120947,0.0019960335448471166,27.634402248516192,0.9047644893400669,0.0017240893738165574,0.6360806051017711,0.007498744027972237,-0.00027194417103055916,0.009543691761791706,0.535699600004591
160__M_Right_little_finger.BMP,160,"M4 Directional Diffusion (iterations=2, step=0.12)",M4 Directional Diffusion,"{""iterations"": 2, ""step"": 0.12}",27.48913865843233,0.8360082027926445,0.001782732303870606,28.08025519308209,0.8463921020724178,0.0015558742051615252,0.5911165346497569,0.010383899279773234,-0.00022685809870908076,0.00629444932565093,0.5297033000024385
160__M_Right_middle_finger.BMP,160,"M4 Directional Diffusion (iterations=2, step=0.12)",M4 Directional Diffusion,"{""iterations"": 2, ""step"": 0.12}",27.011266096070855,0.8938943397240638,0.001990093083780042,27.69609448089173,0.9014490641215444,0.00169977153422175,0.6848283848208752,0.007554724397480506,-0.00029032154955829195,0.008011379279196262,0.5149422000031336
160__M_Right_ring_finger.BMP,160,"M4 Directional Diffusion (iterations=2, step=0.12)",M4 Directional Diffusion,"{""iterations"": 2, ""step"": 0.12}",27.07201037653663,0.8671734888896943,0.0019624516353101543,27.752220331788294,0.875644485281825,0.0016779459484481394,0.6802099552516658,0.00847099639213078,-0.00028450568686201497,0.00792735069990158,0.5244179000001168
160__M_Right_thumb_finger.BMP,160,"M4 Directional Diffusion (iterations=2, step=0.12)",M4 Directional Diffusion,"{""iterations"": 2, ""step"": 0.12}",27.289347613496005,0.8825245719928742,0.0018666600748665795,28.13627317501918,0.891546223232299,0.001535934453728946,0.8469255615231752,0.009021651239424888,-0.00033072562113763354,0.006619607098400593,0.5222444999963045
62__M_Left_index_finger.BMP,62,"M4 Directional Diffusion (iterations=2, step=0.12)",M4 Directional Diffusion,"{""iterations"": 2, ""step"": 0.12}",27.274088464853573,0.8563027203037142,0.001873230211658336,27.882017718662087,0.8649112610674501,0.0016285392425826881,0.6079292538085141,0.00860854076373585,-0.00024469096907564795,0.007250308990478516,0.5334438999998383
62__M_Left_little_finger.BMP,62,"M4 Directional Diffusion (iterations=2, step=0.12)",M4 Directional Diffusion,"{""iterations"": 2, ""step"": 0.12}",27.55815447129063,0.7999236232132911,0.0017546259694440607,28.143634095030357,0.8102193829154968,0.001533333381120604,0.585479623739726,0.010295759702205642,-0.00022129258832345668,0.006086362991482019,0.5522333000044455
62__M_Left_middle_finger.BMP,62,"M4 Directional Diffusion (iterations=2, step=0.12)",M4 Directional Diffusion,"{""iterations"": 2, ""step"": 0.12}",27.09364508069681,0.8829929620497823,0.0019526998456379572,27.701231391273126,0.8902042120293975,0.0016977622035692491,0.6075863105763162,0.007211249979615197,-0.0002549376420687081,0.008568616583943367,0.5260341000030166
62__M_Left_ring_finger.BMP,62,"M4 Directional Diffusion (iterations=2, step=0.12)",M4 Directional Diffusion,"{""iterations"": 2, ""step"": 0.12}",27.34469167000693,0.8460635849570334,0.0018430233308815236,27.87346568143682,0.8547339047218859,0.001631749287958619,0.5287740114298884,0.008670319764852552,-0.0002112740429229046,0.006755273789167404,0.5313565999967977
62__M_Left_thumb_finger.BMP,62,"M4 Directional Diffusion (iterations=2, step=0.12)",M4 Directional Diffusion,"{""iterations"": 2, ""step"": 0.12}",27.055077921169186,0.8918692719667852,0.0019701178590208713,27.77082165764834,0.8993135701592565,0.0016707744844582293,0.7157437364791548,0.007444298192471277,-0.00029934337456264206,0.00846878346055746,0.5187460999950417
62__M_Right_index_finger.BMP,62,"M4 Directional Diffusion (iterations=2, step=0.12)",M4 Directional Diffusion,"{""iterations"": 2, ""step"": 0.12}",27.219071292957725,0.8454904471601248,0.0018971115612948335,27.936215829030328,0.8549183422313928,0.0016083420514891832,0.7171445360726025,0.009427895071268066,-0.0002887695098056503,0.0069433399476110935,0.5051618999932543
62__M_Right_little_finger.BMP,62,"M4 Directional Diffusion (iterations=2, step=0.12)",M4 Directional Diffusion,"{""iterations"": 2, ""step"": 0.12}",27.345322944919694,0.8500274815535546,0.001842755455076693,27.997338924119145,0.8595739548175335,0.0015858646101512034,0.6520159791994509,0.00954647326397895,-0.00025689084492548967,0.00674013514071703,0.5249081000001752
62__M_Right_middle_finger.BMP,62,"M4 Directional Diffusion (iterations=2, step=0.12)",M4 Directional Diffusion,"{""iterations"": 2, ""step"": 0.12}",27.108900613178943,0.8883837219081521,0.001945852598577628,27.79375276588494,0.8961010171496868,0.0016619759058947485,0.6848521527059965,0.0077172952415347496,-0.00028387669268287955,0.008236637338995934,0.513052800000878
62__M_Right_ring_finger.BMP,62,"M4 Directional Diffusion (iterations=2, step=0.12)",M4 Directional Diffusion,"{""iterations"": 2, ""step"": 0.12}",27.062684935819536,0.8746964724934995,0.0019666700606983125,27.723968810133858,0.8829166709598899,0.0016888968239518682,0.6612838743143215,0.008220198466390438,-0.0002777732367464443,0.007348987273871899,0.5252582999964943
62__M_Right_thumb_finger.BMP,62,"M4 Directional Diffusion (iterations=2, step=0.12)",M4 Directional Diffusion,"{""iterations"": 2, ""step"": 0.12}",26.926085992200093,0.9124182408870757,0.0020295109590327716,27.62318576298242,0.9182003811785578,0.001728547919381816,0.6970997707823265,0.005782140291482163,-0.0003009630396509555,0.007356609217822552,0.530667999999423
298__M_Left_index_finger.BMP,298,"M4 Directional Diffusion (iterations=2, step=0.12)",M4 Directional Diffusion,"{""iterations"": 2, ""step"": 0.12}",27.21506173666514,0.8980616415718198,0.001898863848814617,27.76908668415114,0.9046665033239722,0.001671442079526197,0.5540249474859991,0.006604861752152469,-0.00022742176928842008,0.00851677916944027,0.5205292999962694
298__M_Left_little_finger.BMP,298,"M4 Directional Diffusion (iterations=2, step=0.12)",M4 Directional Diffusion,"{""iterations"": 2, ""step"": 0.12}",27.668090636120375,0.8152994267068505,0.0017107672839618286,28.243159110829332,0.8252142011710405,0.0014985943431982086,0.5750684747089565,0.00991477446418998,-0.00021217294076362006,0.006790562067180872,0.5273669000016525
298__M_Left_middle_finger.BMP,298,"M4 Directional Diffusion (iterations=2, step=0.12)",M4 Directional Diffusion,"{""iterations"": 2, ""step"": 0.12}",26.89100259050226,0.8927949140241146,0.002045972259286786,27.664398383175957,0.9017714102730751,0.0017122223499734866,0.7733957926736963,0.008976496248960464,-0.0003337499093132995,0.008033756166696548,0.49407369999971706
298__M_Left_ring_finger.BMP,298,"M4 Directional Diffusion (iterations=2, step=0.12)",M4 Directional Diffusion,"{""iterations"": 2, ""step"": 0.12}",26.974147312555235,0.8789561929982305,0.0020071751371694177,27.675548775153512,0.8881079300498962,0.0017078319045311934,0.7014014625982767,0.00915173705166572,-0.0002993432326382243,0.008200621232390404,0.5119102000026032
298__M_Left_thumb_finger.BMP,298,"M4 Directional Diffusion (iterations=2, step=0.12)",M4 Directional Diffusion,"{""iterations"": 2, ""step"": 0.12}",27.617141552360607,0.8357814332177043,0.0017309552677832224,28.166228068773734,0.8448195311182142,0.001525376997951797,0.5490865164131264,0.009038097900509912,-0.0002055782698314253,0.005248171277344227,0.4707072999954107
298__M_Right_index_finger.BMP,298,"M4 Directional Diffusion (iterations=2, step=0.12)",M4 Directional Diffusion,"{""iterations"": 2, ""step"": 0.12}",27.472722246295017,0.8526852923721671,0.001789483817498891,28.19557267845682,0.8613185554544925,0.0015151050025866454,0.7228504321618026,0.008633263082325482,-0.0002743788149122456,0.00638975016772747,0.523184300000139
298__M_Right_little_finger.BMP,298,"M4 Directional Diffusion (iterations=2, step=0.12)",M4 Directional Diffusion,"{""iterations"": 2, ""step"": 0.12}",27.499072655778257,0.8438631699736119,0.0017786591646247179,28.017055114867834,0.8527498923479915,0.0015786813867913248,0.517982459089577,0.008886722374379596,-0.00019997777783339302,0.007215642370283604,0.4829241999977967
298__M_Right_middle_finger.BMP,298,"M4 Directional Diffusion (iterations=2, step=0.12)",M4 Directional Diffusion,"{""iterations"": 2, ""step"": 0.12}",27.220693528847182,0.9116894049499035,0.00189640305868329,27.87768351304916,0.9172295533376932,0.0016301653160196118,0.656989984201978,0.005540148387789712,-0.0002662377426636783,0.00858529843389988,0.5343829999983427
298__M_Right_ring_finger.BMP,298,"M4 Directional Diffusion (iterations=2, step=0.12)",M4 Directional Diffusion,"{""iterations"": 2, ""step"": 0.12}",27.422696694736175,0.8674880841903388,0.0018102157138198314,27.97665929731543,0.8752765177943409,0.0015934339653414622,0.5539626025792543,0.007788433604002054,-0.00021678174847836922,0.008236633613705635,0.5374224999977741
298__M_Right_thumb_finger.BMP,298,"M4 Directional Diffusion (iterations=2, step=0.12)",M4 Directional Diffusion,"{""iterations"": 2, ""step"": 0.12}",27.224693413952195,0.9114079438939094,0.0018946572611581649,28.040765951083987,0.9179647941628695,0.001570085868963715,0.8160725371317916,0.006556850268960024,-0.00032457139219444994,0.006166976876556873,0.5148616000005859
249__M_Left_index_finger.BMP,249,"M4 Directional Diffusion (iterations=2, step=0.12)",M4 Directional Diffusion,"{""iterations"": 2, ""step"": 0.12}",27.124570472016103,0.7470878210087121,0.0019388443829746948,27.75887559689454,0.7630166771700382,0.001675376580544591,0.6343051248784377,0.01592885616132611,-0.0002634678024301038,0.003930247388780117,0.5109097000022302
249__M_Left_little_finger.BMP,249,"M4 Directional Diffusion (iterations=2, step=0.12)",M4 Directional Diffusion,"{""iterations"": 2, ""step"": 0.12}",27.850348680485556,0.7587672882475555,0.0016404580610319855,28.383209794468996,0.7700590712660551,0.001451038783823415,0.53286111398344,0.011291783018499646,-0.00018941927720857047,0.005523190833628178,0.5249489999987418
249__M_Left_middle_finger.BMP,249,"M4 Directional Diffusion (iterations=2, step=0.12)",M4 Directional Diffusion,"{""iterations"": 2, ""step"": 0.12}",27.086136842742746,0.7350637589780092,0.0019560786626691674,27.72856672147085,0.750976528865397,0.0016871097211950282,0.6424298787281053,0.015912769887387768,-0.00026896894147413917,0.0038840225897729397,0.5166949000049499
249__M_Left_ring_finger.BMP,249,"M4 Directional Diffusion (iterations=2, step=0.12)",M4 Directional Diffusion,"{""iterations"": 2, ""step"": 0.12}",27.286670865582614,0.700930704194814,0.0018678109342006519,27.89203584141315,0.7183370155124664,0.0016247869261461021,0.6053649758305362,0.017406311317652468,-0.00024302400805454975,0.0034926426596939564,0.4923285000040778
249__M_Left_thumb_finger.BMP,249,"M4 Directional Diffusion (iterations=2, step=0.12)",M4 Directional Diffusion,"{""iterations"": 2, ""step"": 0.12}",26.984771156079184,0.8261111951120794,0.0020022711250024757,27.831778923637472,0.8392012804937362,0.0016474874221767432,0.8470077675582885,0.01309008538165679,-0.0003547837028257325,0.005563514772802591,0.517285300004005
249__M_Right_index_finger.BMP,249,"M4 Directional Diffusion (iterations=2, step=0.12)",M4 Directional Diffusion,"{""iterations"": 2, ""step"": 0.12}",27.925095882335967,0.77181945014894,0.001612465427378501,28.570366931408437,0.78372893207407,0.0013898352003564012,0.6452710490724698,0.011909481925129972,-0.00022263022702209982,0.004112232010811567,0.5154289999991306
249__M_Right_little_finger.BMP,249,"M4 Directional Diffusion (iterations=2, step=0.12)",M4 Directional Diffusion,"{""iterations"": 2, ""step"": 0.12}",27.657119233589647,0.6353878059021234,0.001715094588497569,28.180336455429213,0.6530209121163487,0.0015204297348544922,0.5232172218395661,0.017633106214225314,-0.0001946648536430768,0.002891908399760723,0.5065744000021368
249__M_Right_middle_finger.BMP,249,"M4 Directional Diffusion (iterations=2, step=0.12)",M4 Directional Diffusion,"{""iterations"": 2, ""step"": 0.12}",27.168536038644476,0.7934208035671115,0.0019193156128915168,27.92797940167539,0.8081091814934015,0.0016113951784517504,0.7594433630309148,0.014688377926289964,-0.00030792043443976643,0.004922938998788595,0.4905075999995461
249__M_Right_ring_finger.BMP,249,"M4 Directional Diffusion (iterations=2, step=0.12)",M4 Directional Diffusion,"{""iterations"": 2, ""step"": 0.12}",27.08777009207556,0.788884221210897,0.0019553431793387643,27.844484613543127,0.804860538014114,0.0016426745877794672,0.7567145214675683,0.015976316803216983,-0.0003126685915592971,0.004573343321681023,0.5033868999962579
249__M_Right_thumb_finger.BMP,249,"M4 Directional Diffusion (iterations=2, step=0.12)",M4 Directional Diffusion,"{""iterations"": 2, ""step"": 0.12}",28.10834497793756,0.6780079972983599,0.001545843421819905,28.754629201484253,0.6904556951410175,0.0013321007715738102,0.6462842235466937,0.012447697842657535,-0.00021374265024609487,0.003393493127077818,0.4989242999945418
393__M_Left_index_finger.BMP,393,"M4 Directional Diffusion (iterations=2, step=0.12)",M4 Directional Diffusion,"{""iterations"": 2, ""step"": 0.12}",27.308206704505906,0.8914485091529191,0.0018585717409852326,27.946567041813694,0.8989671957111358,0.0016045132056195831,0.6383603373077875,0.007518686558216747,-0.00025405853536564953,0.0083738649263978,0.5031815000038478
393__M_Left_little_finger.BMP,393,"M4 Directional Diffusion (iterations=2, step=0.12)",M4 Directional Diffusion,"{""iterations"": 2, ""step"": 0.12}",27.318831886242837,0.8610343153392672,0.0018540302314057613,27.913770091125624,0.8701025588927865,0.001616675999050612,0.5949382048827871,0.009068243553519317,-0.0002373542323551494,0.00837104395031929,0.5116020999994362
393__M_Left_middle_finger.BMP,393,"M4 Directional Diffusion (iterations=2, step=0.12)",M4 Directional Diffusion,"{""iterations"": 2, ""step"": 0.12}",27.599379652066386,0.8259976084778606,0.0017380490746276103,28.03988497796308,0.8347199600806237,0.0015704043956334501,0.44050532589669444,0.008722351602763023,-0.00016764467899416016,0.008100710809230804,0.4895587999999407
393__M_Left_ring_finger.BMP,393,"M4 Directional Diffusion (iterations=2, step=0.12)",M4 Directional Diffusion,"{""iterations"": 2, ""step"": 0.12}",27.3096594584879,0.8725850996860862,0.001857950136045422,27.910443193951522,0.880121528927207,0.0016179149223293865,0.6007837354636223,0.007536429241120746,-0.00024003521371603553,0.00810257624834776,0.5033223999998881
393__M_Left_thumb_finger.BMP,393,"M4 Directional Diffusion (iterations=2, step=0.12)",M4 Directional Diffusion,"{""iterations"": 2, ""step"": 0.12}",27.203729999603823,0.8870638376303315,0.0019038248886444147,27.98090818595977,0.8946490716495514,0.001591875803081958,0.7771781863559468,0.007585234019219955,-0.0003119490855624568,0.006803080439567566,0.5155759999979637
393__M_Right_index_finger.BMP,393,"M4 Directional Diffusion (iterations=2, step=0.12)",M4 Directional Diffusion,"{""iterations"": 2, ""step"": 0.12}",27.18564958969017,0.8956395128723978,0.0019117673533812795,27.834773037906118,0.9026295533292293,0.0016463520023590889,0.6491234482159491,0.006990040456831492,-0.00026541535102219066,0.00789447221904993,0.5308051000029081
393__M_Right_little_finger.BMP,393,"M4 Directional Diffusion (iterations=2, step=0.12)",M4 Directional Diffusion,"{""iterations"": 2, ""step"": 0.12}",27.38883507911954,0.8566403560225367,0.0018243849968554713,28.065819604178476,0.8657252055680752,0.001561054406675775,0.6769845250589341,0.009084849545538454,-0.00026333059017969633,0.007114976178854704,0.5164034999979776
393__M_Right_middle_finger.BMP,393,"M4 Directional Diffusion (iterations=2, step=0.12)",M4 Directional Diffusion,"{""iterations"": 2, ""step"": 0.12}",27.34189386160175,0.8759159202563465,0.0018442110244102443,28.056537719795006,0.8844356356438399,0.0015643943112580985,0.7146438581932557,0.00851971538749341,-0.00027981671315214585,0.0069146351888775826,0.48970879999978933
393__M_Right_ring_finger.BMP,393,"M4 Directional Diffusion (iterations=2, step=0.12)",M4 Directional Diffusion,"{""iterations"": 2, ""step"": 0.12}",27.53648716712822,0.8377262864155174,0.0017634018143036256,28.142289122612777,0.8466197582624555,0.001533808314733701,0.6058019554845551,0.008893471846938117,-0.00022959349956992465,0.006880910135805607,0.5056126999988919
393__M_Right_thumb_finger.BMP,393,"M4 Directional Diffusion (iterations=2, step=0.12)",M4 Directional Diffusion,"{""iterations"": 2, ""step"": 0.12}",27.279869519902554,0.8713236901729107,0.0018707383442700316,27.975998118926512,0.8795388565441966,0.0015936765713028148,0.6961285990239574,0.008215166371285942,-0.0002770617729672168,0.006953631993383169,0.508644399997138
245__M_Left_index_finger.BMP,245,"M4 Directional Diffusion (iterations=2, step=0.12)",M4 Directional Diffusion,"{""iterations"": 2, ""step"": 0.12}",27.369483519165946,0.8475481766363681,0.0018325323416851827,28.054899078746036,0.8585408704742193,0.0015649846858812341,0.6854155595800897,0.010992693837851286,-0.0002675476558039486,0.0064482796005904675,0.4976791000008234
245__M_Left_little_finger.BMP,245,"M4 Directional Diffusion (iterations=2, step=0.12)",M4 Directional Diffusion,"{""iterations"": 2, ""step"": 0.12}",27.90731007442499,0.7520611994141341,0.0016190825516656838,28.490192163681854,0.765373221107483,0.0014157311362584233,0.5828820892568629,0.013312021693348886,-0.0002033514154072605,0.0042234682478010654,0.4982674000057159
245__M_Left_middle_finger.BMP,245,"M4 Directional Diffusion (iterations=2, step=0.12)",M4 Directional Diffusion,"{""iterations"": 2, ""step"": 0.12}",27.144213089173356,0.8857407036245465,0.0019300950240497081,27.794006999473968,0.8945697159690857,0.001661878617591548,0.6497939103006125,0.008829012344539255,-0.00026821640645816004,0.007879054173827171,0.5054958999971859
245__M_Left_ring_finger.BMP,245,"M4 Directional Diffusion (iterations=2, step=0.12)",M4 Directional Diffusion,"{""iterations"": 2, ""step"": 0.12}",27.034777154693998,0.8768079179877639,0.0019793485830217304,27.702785081136454,0.8857890010789633,0.0016971549372428204,0.6680079264424563,0.008981083091199382,-0.00028219364577891,0.007716919295489788,0.517383600003086
245__M_Left_thumb_finger.BMP,245,"M4 Directional Diffusion (iterations=2, step=0.12)",M4 Directional Diffusion,"{""iterations"": 2, ""step"": 0.12}",27.29682163769929,0.864652694988966,0.0018634503945447873,28.050989924833093,0.8737243892586232,0.0015663939877349825,0.7541682871338047,0.009071694269657149,-0.0002970564068098048,0.0075377775356173515,0.5054865999991307
245__M_Right_index_finger.BMP,245,"M4 Directional Diffusion (iterations=2, step=0.12)",M4 Directional Diffusion,"{""iterations"": 2, ""step"": 0.12}",27.86161374413362,0.7314716830980778,0.0016362084288809222,28.409079766919653,0.7385589361557364,0.0014424209558823056,0.5474660227860326,0.007087253057658671,-0.00019378747299861657,0.004435101058334112,0.5154525000034482
245__M_Right_little_finger.BMP,245,"M4 Directional Diffusion (iterations=2, step=0.12)",M4 Directional Diffusion,"{""iterations"": 2, ""step"": 0.12}",27.759733272900732,0.7882265864093005,0.0016750457477857116,28.35022313337935,0.7999462246341109,0.0014621020521223297,0.5904898604786197,0.01171963822481037,-0.00021294369566338188,0.005384958814829588,0.5212995000038063
245__M_Right_middle_finger.BMP,245,"M4 Directional Diffusion (iterations=2, step=0.12)",M4 Directional Diffusion,"{""iterations"": 2, ""step"": 0.12}",27.610087418904833,0.8386277327285409,0.0017337690984571036,28.21435788132171,0.846956564108789,0.0015085656404448223,0.6042704624168778,0.008328831380248092,-0.0002252034580122813,0.0066681839525699615,0.5376875000001746
245__M_Right_ring_finger.BMP,245,"M4 Directional Diffusion (iterations=2, step=0.12)",M4 Directional Diffusion,"{""iterations"": 2, ""step"": 0.12}",27.62839155773911,0.8352236195013225,0.0017264771874037441,28.188897317845253,0.8452521114557385,0.0015174355984080175,0.5605057601061425,0.010028491954416019,-0.00020904158899572663,0.006616607308387756,0.4890737000023364
245__M_Right_thumb_finger.BMP,245,"M4 Directional Diffusion (iterations=2, step=0.12)",M4 Directional Diffusion,"{""iterations"": 2, ""step"": 0.12}",27.02799729760429,0.9315969390202463,0.0019824409964453883,27.88762860784514,0.9372643376864791,0.001626436601750633,0.8596313102408502,0.005667398666232781,-0.0003560043946947552,0.007913067936897278,0.5087572999982513
353__M_Left_index_finger.BMP,353,"M4 Directional Diffusion (iterations=2, step=0.12)",M4 Directional Diffusion,"{""iterations"": 2, ""step"": 0.12}",27.210708483175573,0.7456378089148998,0.0019007681741822528,27.780121741602755,0.7598066451957822,0.0016672004768656123,0.5694132584271827,0.014168836280882391,-0.00023356769731664047,0.0037251836620271206,0.491660799998499
353__M_Left_little_finger.BMP,353,"M4 Directional Diffusion (iterations=2, step=0.12)",M4 Directional Diffusion,"{""iterations"": 2, ""step"": 0.12}",27.310469338294897,0.8111156491096616,0.0018576036946173202,28.046590125754584,0.8245479663627744,0.0015679816917723976,0.7361207874596865,0.01343231725311278,-0.00028962200284492266,0.0059557026252150536,0.5277967000001809
353__M_Left_middle_finger.BMP,353,"M4 Directional Diffusion (iterations=2, step=0.12)",M4 Directional Diffusion,"{""iterations"": 2, ""step"": 0.12}",27.07881538087769,0.8079627258788943,0.001959379057768534,27.740154856484832,0.8212198803343773,0.0016826140629918605,0.6613394756071429,0.013257154455483033,-0.00027676499477667367,0.004910358227789402,0.5147626999969361
353__M_Left_ring_finger.BMP,353,"M4 Directional Diffusion (iterations=2, step=0.12)",M4 Directional Diffusion,"{""iterations"": 2, ""step"": 0.12}",26.889426053059687,0.8387388352847099,0.0020467151048752454,27.61991925144067,0.8510986879113317,0.0017298485220638765,0.7304931983809837,0.012359852626621759,-0.0003168665828113689,0.005976011976599693,0.5000061000027927
353__M_Left_thumb_finger.BMP,353,"M4 Directional Diffusion (iterations=2, step=0.12)",M4 Directional Diffusion,"{""iterations"": 2, ""step"": 0.12}",27.050436755067842,0.817199472497642,0.0019722243862978625,27.85602382461807,0.8302523922118247,0.0016383157920967426,0.8055870695502279,0.013052919714182654,-0.0003339085942011199,0.005179243162274361,0.5047059999997145
353__M_Right_index_finger.BMP,353,"M4 Directional Diffusion (iterations=2, step=0.12)",M4 Directional Diffusion,"{""iterations"": 2, ""step"": 0.12}",27.759630496506418,0.7777755392009615,0.001675085388445793,28.3389760045665,0.7891745173269212,0.0014658934339337446,0.5793455080600829,0.011398978125959691,-0.00020919195451204846,0.0042142183519899845,0.5062287999971886
353__M_Right_little_finger.BMP,353,"M4 Directional Diffusion (iterations=2, step=0.12)",M4 Directional Diffusion,"{""iterations"": 2, ""step"": 0.12}",27.173805315813695,0.7856670542563796,0.001916988327244512,27.892683709715143,0.8008432412703037,0.001624544563076993,0.7188783939014485,0.015176187013924092,-0.00029244376416751906,0.00479815574362874,0.5293507000023965
353__M_Right_middle_finger.BMP,353,"M4 Directional Diffusion (iterations=2, step=0.12)",M4 Directional Diffusion,"{""iterations"": 2, ""step"": 0.12}",26.857230134638407,0.8565264380849004,0.002061944571451783,27.6350525344596,0.8692762428648472,0.001723831238565309,0.7778223998211935,0.012749804779946805,-0.00033811333288647394,0.0057635861448943615,0.5309779000017443
353__M_Right_ring_finger.BMP,353,"M4 Directional Diffusion (iterations=2, step=0.12)",M4 Directional Diffusion,"{""iterations"": 2, ""step"": 0.12}",26.911811584863287,0.8226192198185026,0.0020361925377766475,27.699974118532577,0.8381703456157445,0.001698253773052856,0.7881625336692899,0.015551125797241938,-0.00033793876472379154,0.004993781913071871,0.5441683000026387
353__M_Right_thumb_finger.BMP,353,"M4 Directional Diffusion (iterations=2, step=0.12)",M4 Directional Diffusion,"{""iterations"": 2, ""step"": 0.12}",27.32793629146971,0.8724088980541229,0.0018501475751853827,28.037806772342698,0.8801077043415904,0.001571156052484678,0.7098704808729863,0.007698806287467441,-0.0002789915227007047,0.00534394383430481,0.5533215000032214
382__M_Left_index_finger.BMP,382,"M4 Directional Diffusion (iterations=2, step=0.12)",M4 Directional Diffusion,"{""iterations"": 2, ""step"": 0.12}",27.724036629139857,0.7947871396856904,0.0016888704505084351,28.159221861029202,0.8043392967513799,0.0015278397815350793,0.43518523188934566,0.00955215706568957,-0.00016103066897335582,0.00764031708240509,0.5305251000027056
382__M_Left_little_finger.BMP,382,"M4 Directional Diffusion (iterations=2, step=0.12)",M4 Directional Diffusion,"{""iterations"": 2, ""step"": 0.12}",27.09271034075746,0.893729249388218,0.0019531201740218458,27.751461898753057,0.9016156281052232,0.0016782390032346174,0.6587515579955969,0.00788637871700526,-0.00027488117078722837,0.009053501300513744,0.5375671999936458
382__M_Left_middle_finger.BMP,382,"M4 Directional Diffusion (iterations=2, step=0.12)",M4 Directional Diffusion,"{""iterations"": 2, ""step"": 0.12}",27.57607971360535,0.8350109269056917,0.0017473987819297552,28.166939383525115,0.8435145863827467,0.0015251271825951279,0.5908596699197659,0.008503659477055003,-0.0002222715993346273,0.007580933626741171,0.5424585000000661
382__M_Left_ring_finger.BMP,382,"M4 Directional Diffusion (iterations=2, step=0.12)",M4 Directional Diffusion,"{""iterations"": 2, ""step"": 0.12}",27.060884356324884,0.8998926139307618,0.0019674856086986654,27.702159853478953,0.9073228467816115,0.0016973992840246476,0.6412754971540693,0.00743023285084965,-0.0002700863246740178,0.00938504934310913,0.5300133000055212
382__M_Left_thumb_finger.BMP,382,"M4 Directional Diffusion (iterations=2, step=0.12)",M4 Directional Diffusion,"{""iterations"": 2, ""step"": 0.12}",27.255791680260188,0.8907386924384832,0.0018811387600763264,28.09413806690936,0.8983044626858234,0.0015509085610857106,0.8383463866491709,0.0075657702473401756,-0.0003302301989906158,0.007778490427881479,0.531295400003728
382__M_Right_index_finger.BMP,382,"M4 Directional Diffusion (iterations=2, step=0.12)",M4 Directional Diffusion,"{""iterations"": 2, ""step"": 0.12}",27.455173245065584,0.8698757472695112,0.0017967294051407137,28.161045801883475,0.8789961904065609,0.0015271982573112303,0.7058725568178907,0.009120443137049628,-0.0002695311478294834,0.007716415915638208,0.5518278000017744
382__M_Right_little_finger.BMP,382,"M4 Directional Diffusion (iterations=2, step=0.12)",M4 Directional Diffusion,"{""iterations"": 2, ""step"": 0.12}",27.739852403413927,0.8104227801680863,0.001682731248342592,28.380446106762534,0.8209928824282885,0.0014519624645199767,0.6405937033486069,0.010570102260202163,-0.00023076878382261522,0.0069220769219100475,0.5213973999998416
382__M_Right_middle_finger.BMP,382,"M4 Directional Diffusion (iterations=2, step=0.12)",M4 Directional Diffusion,"{""iterations"": 2, ""step"": 0.12}",27.363344701743767,0.8778663659537435,0.0018351244851289054,28.02141370868704,0.8854391136119961,0.0015770978116910264,0.658069006943272,0.007572747658252665,-0.000258026673437879,0.008671591989696026,0.5397633999964455
382__M_Right_ring_finger.BMP,382,"M4 Directional Diffusion (iterations=2, step=0.12)",M4 Directional Diffusion,"{""iterations"": 2, ""step"": 0.12}",27.682723706584703,0.8205907543003559,0.0017050127435947287,28.402609054852146,0.8305200010059476,0.001444571673352523,0.719885348267443,0.009929246705591699,-0.00026044107024220564,0.006432643625885248,0.5293371000007028
382__M_Right_thumb_finger.BMP,382,"M4 Directional Diffusion (iterations=2, step=0.12)",M4 Directional Diffusion,"{""iterations"": 2, ""step"": 0.12}",27.614139616680177,0.8601692046675384,0.001732152154429862,28.367634658149896,0.8690973032426834,0.001456251997851926,0.7534950414697192,0.008928098575144983,-0.0002759001565779359,0.005461696535348892,0.5566774000035366
95__M_Left_index_finger.BMP,95,"M4 Directional Diffusion (iterations=2, step=0.12)",M4 Directional Diffusion,"{""iterations"": 2, ""step"": 0.12}",27.39134677204572,0.8359918886170089,0.0018233301895119857,27.96299899474986,0.8460809811703562,0.0015984538446063162,0.5716522227041416,0.010089092553347334,-0.0002248763449056695,0.006042308174073696,0.5082879999972647
95__M_Left_little_finger.BMP,95,"M4 Directional Diffusion (iterations=2, step=0.12)",M4 Directional Diffusion,"{""iterations"": 2, ""step"": 0.12}",27.54402322678643,0.7636391966834069,0.0017603445389775525,28.037730509357704,0.7751968217145204,0.0015711836425433812,0.4937072825712754,0.011557625031113572,-0.00018916089643417132,0.003499648766592145,0.5104772999984561
95__M_Left_middle_finger.BMP,95,"M4 Directional Diffusion (iterations=2, step=0.12)",M4 Directional Diffusion,"{""iterations"": 2, ""step"": 0.12}",27.293829348976956,0.8689211923083067,0.001864734754166977,27.91034467234464,0.8766966705827117,0.0016179516258549053,0.6165153233676826,0.007775478274405057,-0.0002467831283120717,0.007082909811288118,0.49935740000364603
95__M_Left_ring_finger.BMP,95,"M4 Directional Diffusion (iterations=2, step=0.12)",M4 Directional Diffusion,"{""iterations"": 2, ""step"": 0.12}",27.092209087232433,0.8861374237051011,0.001953345612039718,27.712689302070913,0.8934450926670432,0.0016932889324928764,0.62048021483848,0.0073076689619421265,-0.0002600566795468416,0.0072290925309062,0.4841526000018348
95__M_Left_thumb_finger.BMP,95,"M4 Directional Diffusion (iterations=2, step=0.12)",M4 Directional Diffusion,"{""iterations"": 2, ""step"": 0.12}",27.28356618176967,0.8596593739498853,0.001869146672021306,27.872271768097576,0.8675170316209198,0.0016321979317086529,0.5887055863279045,0.007857657671034413,-0.00023694874031265304,0.005610303487628698,0.5178482000046642
95__M_Right_index_finger.BMP,95,"M4 Directional Diffusion (iterations=2, step=0.12)",M4 Directional Diffusion,"{""iterations"": 2, ""step"": 0.12}",27.733939330068015,0.7975209111049771,0.0016850239070106336,28.30232915009002,0.8084299890648723,0.001478315345212707,0.5683898200220057,0.010909077959895153,-0.00020670856179792665,0.004656259901821613,0.5340069999947445
95__M_Right_little_finger.BMP,95,"M4 Directional Diffusion (iterations=2, step=0.12)",M4 Directional Diffusion,"{""iterations"": 2, ""step"": 0.12}",27.35006041895754,0.8177310701611936,0.0018407463928654848,27.893465651861685,0.8268293889155388,0.0016242520920545429,0.5434052329041457,0.009098318754345192,-0.00021649430081094193,0.006153891794383526,0.5571030999999493
95__M_Right_middle_finger.BMP,95,"M4 Directional Diffusion (iterations=2, step=0.12)",M4 Directional Diffusion,"{""iterations"": 2, ""step"": 0.12}",27.256887464854394,0.8745515389959216,0.001880664182818134,27.844654304396812,0.8815480429252386,0.0016426104051984983,0.587766839542418,0.006996503929316944,-0.0002380537776196358,0.007091972045600414,0.5649676999964868
95__M_Right_ring_finger.BMP,95,"M4 Directional Diffusion (iterations=2, step=0.12)",M4 Directional Diffusion,"{""iterations"": 2, ""step"": 0.12}",27.06599395535293,0.8813759167299867,0.0019651721666833826,27.691217954033952,0.8885993337185085,0.001701681214707458,0.6252239986810224,0.0072234169885218025,-0.00026349095197592464,0.007987130433321,0.5283699999999953
95__M_Right_thumb_finger.BMP,95,"M4 Directional Diffusion (iterations=2, step=0.12)",M4 Directional Diffusion,"{""iterations"": 2, ""step"": 0.12}",27.280560331397304,0.858041308440566,0.0018704407985196255,27.881514062439507,0.8664720129585266,0.0016287281170723296,0.6009537310422033,0.008430704517960574,-0.000241712681447296,0.004789971746504307,0.5761003000006895
344__M_Left_index_finger.BMP,344,"M4 Directional Diffusion (iterations=2, step=0.12)",M4 Directional Diffusion,"{""iterations"": 2, ""step"": 0.12}",27.762510472264623,0.7805653719962835,0.0016739749423528873,28.392652591649213,0.7921272567431331,0.001447887240246169,0.6301421193845904,0.011561884746849604,-0.00022608770210671828,0.005455431528389454,0.638536499995098
344__M_Left_little_finger.BMP,344,"M4 Directional Diffusion (iterations=2, step=0.12)",M4 Directional Diffusion,"{""iterations"": 2, ""step"": 0.12}",27.452418963348357,0.827007361033082,0.0017978692465879286,28.076775868926156,0.8377430053204298,0.001557121183873711,0.6243569055777982,0.010735644287347745,-0.00024074806271421755,0.006665901280939579,0.6475685000041267
344__M_Left_middle_finger.BMP,344,"M4 Directional Diffusion (iterations=2, step=0.12)",M4 Directional Diffusion,"{""iterations"": 2, ""step"": 0.12}",27.198867390325397,0.8704623010368348,0.0019059577136130844,27.852352709655683,0.87877580395329,0.001639701254866009,0.6534853193302865,0.008313502916455273,-0.00026625645874707535,0.008292779326438904,0.6185852999988128
344__M_Left_ring_finger.BMP,344,"M4 Directional Diffusion (iterations=2, step=0.12)",M4 Directional Diffusion,"{""iterations"": 2, ""step"": 0.12}",27.60905736985692,0.799125665891707,0.0017341803583473727,28.240252615847346,0.810288860626936,0.0014995976059488413,0.6311952459904262,0.011163194735228976,-0.0002345827523985314,0.0053000664338469505,0.6437484999987646
344__M_Left_thumb_finger.BMP,344,"M4 Directional Diffusion (iterations=2, step=0.12)",M4 Directional Diffusion,"{""iterations"": 2, ""step"": 0.12}",27.632042690311692,0.8132330956027806,0.0017250263404855889,28.15889762226176,0.8232895601370335,0.0015279538523789704,0.5268549319500693,0.010056464534252907,-0.00019707248810661845,0.005373627878725529,0.6470514999964507
344__M_Right_index_finger.BMP,344,"M4 Directional Diffusion (iterations=2, step=0.12)",M4 Directional Diffusion,"{""iterations"": 2, ""step"": 0.12}",28.06532231982077,0.7543945262865425,0.0015612331638131629,28.610205415495194,0.7661467715407609,0.0013771443302641614,0.5448830956744253,0.011752245254218474,-0.00018408883354900153,0.003977691754698753,0.5460978999981307
344__M_Right_little_finger.BMP,344,"M4 Directional Diffusion (iterations=2, step=0.12)",M4 Directional Diffusion,"{""iterations"": 2, ""step"": 0.12}",27.731778392957537,0.7995503482174575,0.0016858625399856957,28.331062233611526,0.8105803206970692,0.0014685670393563208,0.5992838406539889,0.011029972479611683,-0.00021729550062937492,0.005433293525129557,0.5607375999970827
344__M_Right_middle_finger.BMP,344,"M4 Directional Diffusion (iterations=2, step=0.12)",M4 Directional Diffusion,"{""iterations"": 2, ""step"": 0.12}",27.123512802150984,0.8627072790634036,0.001939316621763977,27.860600430710463,0.8722663377606868,0.0016365902401801443,0.737087628559479,0.00955905869728324,-0.0003027263815838328,0.00776448380202055,0.5239137999960803
344__M_Right_ring_finger.BMP,344,"M4 Directional Diffusion (iterations=2, step=0.12)",M4 Directional Diffusion,"{""iterations"": 2, ""step"": 0.12}",27.835652295697912,0.7775291997701526,0.0016460187212879532,28.407055850219702,0.7884400734939575,0.0014430933153825084,0.5714035545217904,0.010910873723804948,-0.00020292540590544474,0.005382956936955452,0.5248625000022002
344__M_Right_thumb_finger.BMP,344,"M4 Directional Diffusion (iterations=2, step=0.12)",M4 Directional Diffusion,"{""iterations"": 2, ""step"": 0.12}",27.33616603778286,0.8854889540035129,0.0018466449224242521,28.020762582452985,0.8932103633232117,0.0015773342795221735,0.684596544670125,0.00772140931969878,-0.0002693106429020786,0.006683308631181717,0.5344699999986915
11__M_Left_index_finger.BMP,11,"M4 Directional Diffusion (iterations=2, step=0.12)",M4 Directional Diffusion,"{""iterations"": 2, ""step"": 0.12}",27.203616911366883,0.9008611038495302,0.0019038744639929986,27.61004349923418,0.9072763923470378,0.0017337866319409485,0.4064265878672977,0.00641528849750761,-0.00017008783205205006,0.01154064480215311,0.5265804000009666
11__M_Left_little_finger.BMP,11,"M4 Directional Diffusion (iterations=2, step=0.12)",M4 Directional Diffusion,"{""iterations"": 2, ""step"": 0.12}",27.603947845869165,0.8116633612370789,0.0017362218419469892,28.144735644557464,0.8222458616720438,0.0015329445139938061,0.5407877986882994,0.010582500434964892,-0.00020327732795318303,0.007683570962399244,0.5208872999937739
11__M_Left_middle_finger.BMP,11,"M4 Directional Diffusion (iterations=2, step=0.12)",M4 Directional Diffusion,"{""iterations"": 2, ""step"": 0.12}",27.590430544347054,0.8268025367977023,0.0017416342053143082,28.12191699976236,0.8367378213748335,0.0015410200880479992,0.5314864554153047,0.00993528457713122,-0.00020061411726630908,0.007096454035490751,0.5004497000045376
11__M_Left_ring_finger.BMP,11,"M4 Directional Diffusion (iterations=2, step=0.12)",M4 Directional Diffusion,"{""iterations"": 2, ""step"": 0.12}",27.392334022377923,0.8411362929831148,0.001822915752113899,27.8679095205997,0.8509490024281741,0.0016338382077624833,0.4755754982217759,0.009812709445059298,-0.00018907754435141567,0.009235808625817299,0.49406740000267746
11__M_Left_thumb_finger.BMP,11,"M4 Directional Diffusion (iterations=2, step=0.12)",M4 Directional Diffusion,"{""iterations"": 2, ""step"": 0.12}",27.226832768569444,0.8868178059300185,0.0018937241741067202,27.788738855558144,0.8935777234149576,0.0016638957576453563,0.5619060869886994,0.006759917484939093,-0.00022982841646136394,0.009128464385867119,0.5061599999971804
11__M_Right_index_finger.BMP,11,"M4 Directional Diffusion (iterations=2, step=0.12)",M4 Directional Diffusion,"{""iterations"": 2, ""step"": 0.12}",27.136074356580547,0.9018011115424037,0.001933715437414644,27.828998620882324,0.90922581808424,0.001648542462136641,0.6929242643017766,0.007424706541836246,-0.0002851729752780029,0.00860525481402874,0.5272888000035891
11__M_Right_little_finger.BMP,11,"M4 Directional Diffusion (iterations=2, step=0.12)",M4 Directional Diffusion,"{""iterations"": 2, ""step"": 0.12}",27.152824278914682,0.8622665558641552,0.0019262718237624946,27.79192759170291,0.8716584794894456,0.0016626745178137548,0.639103312788226,0.0093919236252904,-0.00026359730594873983,0.00878705084323883,0.5020470000017667
11__M_Right_middle_finger.BMP,11,"M4 Directional Diffusion (iterations=2, step=0.12)",M4 Directional Diffusion,"{""iterations"": 2, ""step"": 0.12}",27.00580270522638,0.9078310691341758,0.001992598180785455,27.67490369633625,0.9147095205530524,0.0017080855959904285,0.6691009911098718,0.006878451418876663,-0.00028451258479502664,0.009264419786632061,0.4990302999940468
11__M_Right_ring_finger.BMP,11,"M4 Directional Diffusion (iterations=2, step=0.12)",M4 Directional Diffusion,"{""iterations"": 2, ""step"": 0.12}",27.021850611583677,0.8927556960483194,0.0019852487847385036,27.683055170964025,0.9002330348640084,0.0017048826177358891,0.661204559380348,0.007477338815689016,-0.0002803661670026144,0.009158525615930557,0.5082043000002159
11__M_Right_thumb_finger.BMP,11,"M4 Directional Diffusion (iterations=2, step=0.12)",M4 Directional Diffusion,"{""iterations"": 2, ""step"": 0.12}",27.17641616657664,0.8897543843449354,0.001915836236548887,27.886052401052016,0.897795295842588,0.0016270269996934085,0.7096362344753757,0.008040911497652625,-0.0002888092368554785,0.006969195790588856,0.5247527999963495
596__M_Left_index_finger.BMP,596,"M4 Directional Diffusion (iterations=2, step=0.12)",M4 Directional Diffusion,"{""iterations"": 2, ""step"": 0.12}",27.260806598241672,0.8798176140753031,0.0018789678110145568,27.81144308564301,0.8868163577647805,0.001655219871072605,0.5506364874013379,0.0069987436894773936,-0.0002237479399419518,0.008320552296936512,0.49935820000246167
596__M_Left_little_finger.BMP,596,"M4 Directional Diffusion (iterations=2, step=0.12)",M4 Directional Diffusion,"{""iterations"": 2, ""step"": 0.12}",27.245229741228027,0.8731450250470638,0.0018857192125455908,27.686279534715894,0.8804019376536012,0.001703617319234741,0.441049793487867,0.00725691260653738,-0.00018210189331084982,0.009416676126420498,0.5423609999998007
596__M_Left_middle_finger.BMP,596,"M4 Directional Diffusion (iterations=2, step=0.12)",M4 Directional Diffusion,"{""iterations"": 2, ""step"": 0.12}",26.99262791235228,0.912509316891849,0.0019986521208996,27.574608151949185,0.9181843788463473,0.0017479909701450793,0.5819802395969056,0.005675061954498295,-0.0002506611507545205,0.009849092923104763,0.49933669999882113
596__M_Left_ring_finger.BMP,596,"M4 Directional Diffusion (iterations=2, step=0.12)",M4 Directional Diffusion,"{""iterations"": 2, ""step"": 0.12}",27.129796070868846,0.8973039204165042,0.001936512893520118,27.677394447417157,0.9044605304749012,0.0017071062613532792,0.5475983765483114,0.007156610058396962,-0.00022940663216683877,0.008842428214848042,0.5551501000009011
596__M_Left_thumb_finger.BMP,596,"M4 Directional Diffusion (iterations=2, step=0.12)",M4 Directional Diffusion,"{""iterations"": 2, ""step"": 0.12}",27.379324201259738,0.8905684232832194,0.0018283847060455828,27.838192059448374,0.8966357305006385,0.0016450564073026593,0.4588678581886363,0.0060673072174191045,-0.0001833282987429236,0.004904096946120262,0.5241076000020257
596__M_Right_index_finger.BMP,596,"M4 Directional Diffusion (iterations=2, step=0.12)",M4 Directional Diffusion,"{""iterations"": 2, ""step"": 0.12}",27.133718326101807,0.9018753187772035,0.001934764755031613,27.72427340063318,0.9080156916234493,0.0016887783780794511,0.5905550745313732,0.006140372846245801,-0.0002459863769521619,0.00814808253198862,0.5159092999965651
596__M_Right_little_finger.BMP,596,"M4 Directional Diffusion (iterations=2, step=0.12)",M4 Directional Diffusion,"{""iterations"": 2, ""step"": 0.12}",27.37921045502823,0.8755564471014738,0.0018284325939654745,27.882115372197035,0.8829985867596865,0.0016285026243817882,0.5029049171688058,0.00744213965821261,-0.0001999299695836863,0.009067283011972904,0.5428138999996008
596__M_Right_middle_finger.BMP,596,"M4 Directional Diffusion (iterations=2, step=0.12)",M4 Directional Diffusion,"{""iterations"": 2, ""step"": 0.12}",26.909507831988964,0.9266714336516261,0.0020372729403576964,27.507954799083127,0.9316528423158527,0.001775025187681601,0.5984469670941621,0.004981408664226583,-0.00026224775267609545,0.010088908486068249,0.5583259999984875
596__M_Right_ring_finger.BMP,596,"M4 Directional Diffusion (iterations=2, step=0.12)",M4 Directional Diffusion,"{""iterations"": 2, ""step"": 0.12}",27.017619156241306,0.899512990084827,0.001987184012026754,27.551168058239238,0.9054946952548623,0.001757450874575431,0.533548901997932,0.0059817051700352675,-0.0002297331374513231,0.008247916586697102,0.5251336000001174
596__M_Right_thumb_finger.BMP,596,"M4 Directional Diffusion (iterations=2, step=0.12)",M4 Directional Diffusion,"{""iterations"": 2, ""step"": 0.12}",27.048373670607816,0.9173447010877133,0.001973161499765388,27.570525960948412,0.9222659412145019,0.001749634782801751,0.5221522903405962,0.0049212401267886285,-0.00022352671696363705,0.005944893695414066,0.5307336000041687
64__M_Left_index_finger.BMP,64,"M4 Directional Diffusion (iterations=2, step=0.12)",M4 Directional Diffusion,"{""iterations"": 2, ""step"": 0.12}",27.62826064340018,0.8292306531518697,0.0017265292313591058,28.105188002856245,0.8388247625718713,0.0015469675354225566,0.47692735945606657,0.009594109420001606,-0.00017956169593654923,0.008536248467862606,0.5283570999963558
64__M_Left_little_finger.BMP,64,"M4 Directional Diffusion (iterations=2, step=0.12)",M4 Directional Diffusion,"{""iterations"": 2, ""step"": 0.12}",27.893549799331836,0.7610234317880273,0.0016242206213852067,28.430066112383873,0.772328129504025,0.001435467581151967,0.5365163130520365,0.011304697715997625,-0.00018875304023323975,0.005481774918735027,0.5347602000038023
64__M_Left_middle_finger.BMP,64,"M4 Directional Diffusion (iterations=2, step=0.12)",M4 Directional Diffusion,"{""iterations"": 2, ""step"": 0.12}",27.366287206965186,0.8809769827733636,0.0018338815417542622,27.955729442940864,0.8887587670907379,0.0016011316989672046,0.5894422359756781,0.007781784317374307,-0.00023274984278705757,0.008862129412591457,0.5689169000033871
64__M_Left_ring_finger.BMP,64,"M4 Directional Diffusion (iterations=2, step=0.12)",M4 Directional Diffusion,"{""iterations"": 2, ""step"": 0.12}",27.55558662593171,0.8294891931387186,0.001755663730828133,28.234329032831234,0.8393907168745994,0.0015016443857346572,0.6787424068995236,0.009901523735880824,-0.0002540193450934758,0.006979105528444052,0.5527872000020579
64__M_Left_thumb_finger.BMP,64,"M4 Directional Diffusion (iterations=2, step=0.12)",M4 Directional Diffusion,"{""iterations"": 2, ""step"": 0.12}",27.204435955098237,0.91235571216169,0.0019035154427577963,27.876129973800737,0.9186717490749955,0.0016307485559458484,0.6716940187024996,0.006316036913305512,-0.0002727668868119479,0.009337232448160648,0.5060096000015619
64__M_Right_index_finger.BMP,64,"M4 Directional Diffusion (iterations=2, step=0.12)",M4 Directional Diffusion,"{""iterations"": 2, ""step"": 0.12}",27.238002271579553,0.8908969863732458,0.001888860013503536,27.91232022706157,0.8981735417921544,0.0016172158059865722,0.6743179554820173,0.007276555418908592,-0.0002716442075169638,0.008538302965462208,0.5535948999968241
64__M_Right_little_finger.BMP,64,"M4 Directional Diffusion (iterations=2, step=0.12)",M4 Directional Diffusion,"{""iterations"": 2, ""step"": 0.12}",27.444163471016246,0.8477464560411573,0.0018012900617678633,28.057123236313135,0.8568054872180819,0.0015641834135827087,0.612959765296889,0.009059031176924637,-0.0002371066481851546,0.007387231569737196,0.5371843999964767
64__M_Right_middle_finger.BMP,64,"M4 Directional Diffusion (iterations=2, step=0.12)",M4 Directional Diffusion,"{""iterations"": 2, ""step"": 0.12}",27.4283313174614,0.8536297265289425,0.0018078686269653874,28.03934691411826,0.8616571608103514,0.001570598971021385,0.6110155966568591,0.00802743428140884,-0.00023726965594400248,0.008176252245903015,0.5147896999988006
64__M_Right_ring_finger.BMP,64,"M4 Directional Diffusion (iterations=2, step=0.12)",M4 Directional Diffusion,"{""iterations"": 2, ""step"": 0.12}",27.374413374669906,0.8559058133390546,0.0018304533389655862,27.90945253738562,0.8637397725451589,0.00161828402231255,0.5350391627157123,0.007833959206104302,-0.00021216931665303616,0.008703445084393024,0.5367667000027723
64__M_Right_thumb_finger.BMP,64,"M4 Directional Diffusion (iterations=2, step=0.12)",M4 Directional Diffusion,"{""iterations"": 2, ""step"": 0.12}",27.17219743797839,0.9198942623021007,0.0019176981805384982,28.070447208436864,0.9268095179705024,0.0015593919184405303,0.8982497704584738,0.006915255668401676,-0.00035830626209796797,0.006996059324592352,0.5527470000015455
135__F_Left_index_finger.BMP,135,"M4 Directional Diffusion (iterations=2, step=0.12)",M4 Directional Diffusion,"{""iterations"": 2, ""step"": 0.12}",27.423818629850537,0.8518224754294157,0.0018097481319487815,28.104943499930602,0.86358441493541,0.0015470546304125771,0.6811248700800654,0.011761939505994357,-0.0002626935015362043,0.007805664092302322,0.5351436999990256
135__F_Left_little_finger.BMP,135,"M4 Directional Diffusion (iterations=2, step=0.12)",M4 Directional Diffusion,"{""iterations"": 2, ""step"": 0.12}",27.84520262745671,0.7640395160872936,0.0016424030287879527,28.41068886235908,0.7766249424145222,0.0014418866264909584,0.5654862349023695,0.012585426327228588,-0.0002005164022969943,0.005288173444569111,0.5205457999982173
135__F_Left_middle_finger.BMP,135,"M4 Directional Diffusion (iterations=2, step=0.12)",M4 Directional Diffusion,"{""iterations"": 2, ""step"": 0.12}",27.277573154300654,0.8487684782577753,0.0018717277731732577,27.89646383602176,0.8581903029873967,0.0016231311645432977,0.6188906817211048,0.009421824729621386,-0.00024859660862996003,0.008327413350343704,0.5412338999958592
135__F_Left_ring_finger.BMP,135,"M4 Directional Diffusion (iterations=2, step=0.12)",M4 Directional Diffusion,"{""iterations"": 2, ""step"": 0.12}",27.513315591185844,0.8218552142975032,0.0017728355051089403,28.093837084722356,0.8318064507194758,0.0015510160485270033,0.5805214935365122,0.009951236421972598,-0.00022181945658193702,0.007613633293658495,0.5277806000012788
135__F_Left_thumb_finger.BMP,135,"M4 Directional Diffusion (iterations=2, step=0.12)",M4 Directional Diffusion,"{""iterations"": 2, ""step"": 0.12}",27.40938655376724,0.8404738877059519,0.0018157721246788688,28.009004132577537,0.8493576621772647,0.0015816106720080597,0.599617578810296,0.008883774471312833,-0.00023416145267080913,0.00829835794866085,0.5148420999976224
135__F_Right_index_finger.BMP,135,"M4 Directional Diffusion (iterations=2, step=0.12)",M4 Directional Diffusion,"{""iterations"": 2, ""step"": 0.12}",27.76410661094929,0.810985444376856,0.0016733598285670905,28.348783711550468,0.8216652482492328,0.0014625867302627323,0.5846771006011764,0.01067980387237677,-0.00021077309830435818,0.00608042860403657,0.5487816000022576
135__F_Right_little_finger.BMP,135,"M4 Directional Diffusion (iterations=2, step=0.12)",M4 Directional Diffusion,"{""iterations"": 2, ""step"": 0.12}",27.623988349878612,0.7982188686416746,0.0017282285089849337,28.178793450034682,0.8095816469768286,0.0015209700244945613,0.5548051001560701,0.011362778335153978,-0.0002072584844903724,0.00641250004991889,0.5194658000036725
135__F_Right_middle_finger.BMP,135,"M4 Directional Diffusion (iterations=2, step=0.12)",M4 Directional Diffusion,"{""iterations"": 2, ""step"": 0.12}",27.462280945105775,0.8639801968122423,0.0017937912676214527,28.07862556570718,0.873167642457515,0.001556458134054433,0.6163446206014065,0.00918744564527274,-0.00023733313356701959,0.007533444091677666,0.5057932999989134
135__F_Right_ring_finger.BMP,135,"M4 Directional Diffusion (iterations=2, step=0.12)",M4 Directional Diffusion,"{""iterations"": 2, ""step"": 0.12}",27.609956684626994,0.804960805271864,0.0017338212903388998,28.186026312133677,0.8163560918527841,0.0015184390665095465,0.5760696275066834,0.01139528658092015,-0.00021538222382935335,0.006245715543627739,0.5119846000015968
135__F_Right_thumb_finger.BMP,135,"M4 Directional Diffusion (iterations=2, step=0.12)",M4 Directional Diffusion,"{""iterations"": 2, ""step"": 0.12}",27.4081633167771,0.8748101439685225,0.0018162836284053958,28.094507505465884,0.881514720664978,0.0015507766365334473,0.6863441886887856,0.006704576696455522,-0.0002655069918719485,0.006118325982242823,0.541937499998312
424__M_Left_index_finger.BMP,424,"M4 Directional Diffusion (iterations=2, step=0.12)",M4 Directional Diffusion,"{""iterations"": 2, ""step"": 0.12}",27.317375192056165,0.8694038546025753,0.0018546522075444747,27.8781122810248,0.8777906001685858,0.0016300043818587232,0.5607370889686365,0.00838674556601049,-0.00022464782568575145,0.006823316682130098,0.5227526000016951
424__M_Left_little_finger.BMP,424,"M4 Directional Diffusion (iterations=2, step=0.12)",M4 Directional Diffusion,"{""iterations"": 2, ""step"": 0.12}",27.401363411044105,0.8357121815637946,0.0018191296768536327,27.980450886326018,0.8456204572193027,0.001592043431863736,0.5790874752819128,0.009908275655508114,-0.00022708624498989668,0.007286716718226671,0.5234138000014354
424__M_Left_middle_finger.BMP,424,"M4 Directional Diffusion (iterations=2, step=0.12)",M4 Directional Diffusion,"{""iterations"": 2, ""step"": 0.12}",27.33433390698997,0.857370330765605,0.00184742411923931,27.931342793960145,0.8656760890420079,0.001610147717059802,0.5970088869701762,0.008305758276402897,-0.00023727640217950782,0.007357906550168991,0.530270000002929
424__M_Left_ring_finger.BMP,424,"M4 Directional Diffusion (iterations=2, step=0.12)",M4 Directional Diffusion,"{""iterations"": 2, ""step"": 0.12}",27.47424047270347,0.8357785314948559,0.0017888583509376465,28.074645825240744,0.8449839246795178,0.0015578850779089093,0.6004053525372726,0.009205393184661848,-0.0002309732730287372,0.006757801864296198,0.5409472000028472
424__M_Left_thumb_finger.BMP,424,"M4 Directional Diffusion (iterations=2, step=0.12)",M4 Directional Diffusion,"{""iterations"": 2, ""step"": 0.12}",27.188600361672783,0.87748993679744,0.0019104688626597399,27.7533311426215,0.8853272824559509,0.0016775168289752266,0.5647307809487181,0.007837345658510908,-0.00023295203368451332,0.006391580682247877,0.526810999996087
424__M_Right_index_finger.BMP,424,"M4 Directional Diffusion (iterations=2, step=0.12)",M4 Directional Diffusion,"{""iterations"": 2, ""step"": 0.12}",27.174379366690623,0.8955533714926243,0.001916734956282951,27.80560641936582,0.9032547311535478,0.001657445886185444,0.6312270526751966,0.007701359660923557,-0.000259289070097507,0.008427719585597515,0.5301464000003762
424__M_Right_little_finger.BMP,424,"M4 Directional Diffusion (iterations=2, step=0.12)",M4 Directional Diffusion,"{""iterations"": 2, ""step"": 0.12}",27.337320892699953,0.8497580680266619,0.0018461539368058535,27.899486299594155,0.8585528445956111,0.0016220019427114452,0.5621654068942021,0.008794776568949225,-0.00022415199409440826,0.007936907932162285,0.5388534000012442
424__M_Right_middle_finger.BMP,424,"M4 Directional Diffusion (iterations=2, step=0.12)",M4 Directional Diffusion,"{""iterations"": 2, ""step"": 0.12}",27.02658269471865,0.9094320907896459,0.0019830868309300355,27.643922733198902,0.9160498610373735,0.0017203140119469765,0.6173400384802541,0.0066177702477275835,-0.000262772818983059,0.009668788872659206,0.5355273999957717
424__M_Right_ring_finger.BMP,424,"M4 Directional Diffusion (iterations=2, step=0.12)",M4 Directional Diffusion,"{""iterations"": 2, ""step"": 0.12}",27.345673241984777,0.8621827862345576,0.0018426068264797268,28.012276518732783,0.8703994811755419,0.0015804193855279926,0.6666032767480061,0.008216694940984315,-0.0002621874409517342,0.007305477745831013,0.5267033999989508
424__M_Right_thumb_finger.BMP,424,"M4 Directional Diffusion (iterations=2, step=0.12)",M4 Directional Diffusion,"{""iterations"": 2, ""step"": 0.12}",27.316341867708683,0.8624623335795403,0.0018550935406428924,27.87863307361458,0.8703349154900313,0.00162980892846422,0.5622912059058969,0.007872581910491006,-0.0002252846121786724,0.005265756510198116,0.5910960999972303
578__M_Left_index_finger.BMP,578,"M4 Directional Diffusion (iterations=2, step=0.12)",M4 Directional Diffusion,"{""iterations"": 2, ""step"": 0.12}",27.35761851769128,0.8417353274142743,0.0018375456973775935,27.892777689829323,0.8507465727916956,0.0016245094087662705,0.5351591721380444,0.009011245377421373,-0.000213036288611323,0.007791358046233654,0.5487360999977682
578__M_Left_little_finger.BMP,578,"M4 Directional Diffusion (iterations=2, step=0.12)",M4 Directional Diffusion,"{""iterations"": 2, ""step"": 0.12}",27.558573061930566,0.7953207645407915,0.0017544568596249083,28.236246889953172,0.8072375686081648,0.0015009814015848333,0.6776738280226056,0.011916804067373277,-0.000253475458040075,0.0052276309579610825,0.5457382000022335
578__M_Left_middle_finger.BMP,578,"M4 Directional Diffusion (iterations=2, step=0.12)",M4 Directional Diffusion,"{""iterations"": 2, ""step"": 0.12}",27.135093966852146,0.8753023115475178,0.0019341520095630068,27.752302891887233,0.8834388534339667,0.00167791405072147,0.6172089250350865,0.008136541886448856,-0.00025623795884153686,0.008600478991866112,0.5724259999988135
578__M_Left_ring_finger.BMP,578,"M4 Directional Diffusion (iterations=2, step=0.12)",M4 Directional Diffusion,"{""iterations"": 2, ""step"": 0.12}",27.372005875968817,0.8389899275420905,0.0018314683266980089,27.983742943839715,0.8482192557338476,0.001590837081605506,0.611737067870898,0.009229328191757147,-0.00024063124509250276,0.007271884009242058,0.5831984000033117
578__M_Left_thumb_finger.BMP,578,"M4 Directional Diffusion (iterations=2, step=0.12)",M4 Directional Diffusion,"{""iterations"": 2, ""step"": 0.12}",27.18213462021239,0.8910164943242669,0.0019133152717297223,27.91340225113881,0.8980108643379807,0.0016168129345374251,0.7312676309264177,0.006994370013713835,-0.0002965023371922972,0.007805818226188421,0.5887751999980537
578__M_Right_index_finger.BMP,578,"M4 Directional Diffusion (iterations=2, step=0.12)",M4 Directional Diffusion,"{""iterations"": 2, ""step"": 0.12}",27.16547226735446,0.8923490277692974,0.0019206700898596212,27.825404781313207,0.8997925615930259,0.0016499072156375741,0.6599325139587471,0.007443533823728532,-0.0002707628742220471,0.008151535876095295,0.5709834000008414
578__M_Right_little_finger.BMP,578,"M4 Directional Diffusion (iterations=2, step=0.12)",M4 Directional Diffusion,"{""iterations"": 2, ""step"": 0.12}",27.595665637936797,0.7815756484834254,0.0017395360610022487,28.170589847794165,0.7933531994513869,0.001523845774858332,0.5749242098573681,0.011777550967961514,-0.00021569028614391666,0.005024299956858158,0.5683410999990883
578__M_Right_middle_finger.BMP,578,"M4 Directional Diffusion (iterations=2, step=0.12)",M4 Directional Diffusion,"{""iterations"": 2, ""step"": 0.12}",27.115185164320064,0.891818957228303,0.0019430388473181024,27.741542269629903,0.8992958403781652,0.0016820766147591243,0.6263571053098396,0.007476883149862279,-0.00026096223255897815,0.00848204456269741,0.5545475999970222
578__M_Right_ring_finger.BMP,578,"M4 Directional Diffusion (iterations=2, step=0.12)",M4 Directional Diffusion,"{""iterations"": 2, ""step"": 0.12}",27.366850939283097,0.8158883026091457,0.0018336435117443657,27.96293589335677,0.8260268625545502,0.0015984770697223037,0.5960849540736746,0.010138559945404468,-0.00023516644202206194,0.006027308292686939,0.561336200000369
578__M_Right_thumb_finger.BMP,578,"M4 Directional Diffusion (iterations=2, step=0.12)",M4 Directional Diffusion,"{""iterations"": 2, ""step"": 0.12}",27.310784562766415,0.8849033564694225,0.0018574688688442846,28.037311059953748,0.891894233504951,0.001571335397607309,0.7265264971873329,0.0069908770355284755,-0.0002861334712369757,0.005909940227866173,0.5466503999996348
222__M_Left_index_finger.BMP,222,"M4 Directional Diffusion (iterations=2, step=0.12)",M4 Directional Diffusion,"{""iterations"": 2, ""step"": 0.12}",27.28776757742927,0.8967317074397803,0.001867339320620187,27.885241630162287,0.9047344132668972,0.0016273307726687595,0.5974740527330162,0.00800270582711693,-0.0002400085479514276,0.009191127493977547,0.5299197999993339
222__M_Left_little_finger.BMP,222,"M4 Directional Diffusion (iterations=2, step=0.12)",M4 Directional Diffusion,"{""iterations"": 2, ""step"": 0.12}",27.524900418118612,0.8182178665835858,0.0017681127593446322,28.178596767392747,0.8299619328626394,0.0015210389075196009,0.653696349274135,0.011744066279053667,-0.0002470738518250313,0.005899341311305761,0.5342298000032315
222__M_Left_middle_finger.BMP,222,"M4 Directional Diffusion (iterations=2, step=0.12)",M4 Directional Diffusion,"{""iterations"": 2, ""step"": 0.12}",27.08762671990932,0.9180543485129178,0.0019554077314863296,27.681213121128984,0.9234845464638471,0.0017056058930670658,0.5935864012196639,0.005430197950929361,-0.0002498018384192637,0.009841762483119965,0.5078585000010207
222__M_Left_ring_finger.BMP,222,"M4 Directional Diffusion (iterations=2, step=0.12)",M4 Directional Diffusion,"{""iterations"": 2, ""step"": 0.12}",27.22483877296363,0.8947344528017044,0.0018945938477580209,27.837826898305465,0.9024717380157113,0.001645194731863043,0.6129881253418361,0.0077372852140069615,-0.00024939911589497783,0.0076162912882864475,0.5343350000039209
222__M_Left_thumb_finger.BMP,222,"M4 Directional Diffusion (iterations=2, step=0.12)",M4 Directional Diffusion,"{""iterations"": 2, ""step"": 0.12}",27.233877333274187,0.9065954894123077,0.001890654909059132,28.108574348991496,0.9139381003260613,0.0015457617808167295,0.8746970157173095,0.0073426109137535445,-0.00034489312824240257,0.007786567322909832,0.5348780999993323
222__M_Right_index_finger.BMP,222,"M4 Directional Diffusion (iterations=2, step=0.12)",M4 Directional Diffusion,"{""iterations"": 2, ""step"": 0.12}",27.19226671948666,0.8970285274621844,0.0019088567061743519,27.93922629429453,0.9033499942750931,0.0016072275588312913,0.746959574807871,0.006321466812908683,-0.0003016291473430606,0.007739340886473656,0.520234999996319
222__M_Right_little_finger.BMP,222,"M4 Directional Diffusion (iterations=2, step=0.12)",M4 Directional Diffusion,"{""iterations"": 2, ""step"": 0.12}",27.262363074117783,0.8651409731997252,0.0018782945249877611,27.843094265992967,0.8739521016585827,0.0016432005567485284,0.5807311918751843,0.008811128458857564,-0.00023509396823923273,0.008413713425397873,0.49653569999645697
222__M_Right_middle_finger.BMP,222,"M4 Directional Diffusion (iterations=2, step=0.12)",M4 Directional Diffusion,"{""iterations"": 2, ""step"": 0.12}",26.882965170091534,0.9380784341383577,0.0020497622142402095,27.63175000084204,0.9428466134756207,0.001725142601244067,0.7487848307505054,0.004768179337263034,-0.0003246196129961425,0.009640433825552464,0.5083873999974458
222__M_Right_ring_finger.BMP,222,"M4 Directional Diffusion (iterations=2, step=0.12)",M4 Directional Diffusion,"{""iterations"": 2, ""step"": 0.12}",27.036718360620767,0.912040612370193,0.0019784640531072912,27.6511366865073,0.918184104991436,0.0017174588148412735,0.6144183258865326,0.00614349262124303,-0.00026100523826601773,0.008672023192048073,0.4852822000029846
222__M_Right_thumb_finger.BMP,222,"M4 Directional Diffusion (iterations=2, step=0.12)",M4 Directional Diffusion,"{""iterations"": 2, ""step"": 0.12}",27.073244976115962,0.9145674537937045,0.0019618938346201167,27.942905471793928,0.9212714101319909,0.0016058665534136782,0.8696604956779659,0.006703956338286354,-0.0003560272812064384,0.007330202963203192,0.500617500001681
151__M_Left_index_finger.BMP,151,"M4 Directional Diffusion (iterations=2, step=0.12)",M4 Directional Diffusion,"{""iterations"": 2, ""step"": 0.12}",27.23395560290063,0.8930598677057028,0.00189062083551545,27.85754401690351,0.9004461500396133,0.0016377424209650774,0.6235884140028816,0.007386282333910477,-0.00025287841455037255,0.009207027032971382,0.5153130999970017
151__M_Left_little_finger.BMP,151,"M4 Directional Diffusion (iterations=2, step=0.12)",M4 Directional Diffusion,"{""iterations"": 2, ""step"": 0.12}",27.472241816289575,0.8198548839435578,0.0017896817866903754,28.01583995622748,0.829610439058125,0.0015791231646195103,0.543598139937906,0.009755555114567271,-0.0002105586220708651,0.007851103320717812,0.492069599997194
151__M_Left_middle_finger.BMP,151,"M4 Directional Diffusion (iterations=2, step=0.12)",M4 Directional Diffusion,"{""iterations"": 2, ""step"": 0.12}",27.536807336359356,0.8541098459053635,0.0017632718181337553,28.057734556890615,0.8619776361201108,0.0015639632518603648,0.5209272205312594,0.007867790214747261,-0.0001993085662733904,0.008208049461245537,0.5110008999981801
151__M_Left_ring_finger.BMP,151,"M4 Directional Diffusion (iterations=2, step=0.12)",M4 Directional Diffusion,"{""iterations"": 2, ""step"": 0.12}",27.488396413754636,0.812058330704093,0.0017830370133939217,28.036109001761428,0.8213566552220583,0.0015717703784993993,0.5477125880067923,0.009298324517965306,-0.00021126663489452247,0.007059548981487751,0.5238078000038513
151__M_Left_thumb_finger.BMP,151,"M4 Directional Diffusion (iterations=2, step=0.12)",M4 Directional Diffusion,"{""iterations"": 2, ""step"": 0.12}",27.404487538167533,0.8881887589464188,0.0018178215440152973,28.19926826993389,0.896765543489635,0.001513816285427243,0.7947807317663553,0.008576784543216198,-0.0003040052585880544,0.006849469151347876,0.5175690000032773
151__M_Right_index_finger.BMP,151,"M4 Directional Diffusion (iterations=2, step=0.12)",M4 Directional Diffusion,"{""iterations"": 2, ""step"": 0.12}",27.652213195271862,0.8040211875696778,0.001717033151974343,28.31932157524371,0.8142593142721652,0.0014725425148582273,0.6671083799718467,0.010238126702487471,-0.0002444906371161157,0.005231761373579502,0.5519426999962889
151__M_Right_little_finger.BMP,151,"M4 Directional Diffusion (iterations=2, step=0.12)",M4 Directional Diffusion,"{""iterations"": 2, ""step"": 0.12}",27.35546814456648,0.8597118924495578,0.0018384557681850912,28.013357972944664,0.8682792396960258,0.0015800258879155257,0.6578898283781847,0.008567347246468016,-0.0002584298802695655,0.007879646494984627,0.5436326000053668
151__M_Right_middle_finger.BMP,151,"M4 Directional Diffusion (iterations=2, step=0.12)",M4 Directional Diffusion,"{""iterations"": 2, ""step"": 0.12}",27.413045160037356,0.8508284536483288,0.0018142431165645374,28.138353803646456,0.8595702027295232,0.0015351987907294543,0.7253086436091003,0.008741749081194405,-0.0002790443258350831,0.0067453533411026,0.5095292999976664
151__M_Right_ring_finger.BMP,151,"M4 Directional Diffusion (iterations=2, step=0.12)",M4 Directional Diffusion,"{""iterations"": 2, ""step"": 0.12}",27.175853162882543,0.902264971483171,0.0019160846147440553,27.888650271398884,0.9095329926570058,0.0016260540328643794,0.7127971085163409,0.007268021173834849,-0.0002900305818796759,0.009037517011165619,0.5274133999992046
151__M_Right_thumb_finger.BMP,151,"M4 Directional Diffusion (iterations=2, step=0.12)",M4 Directional Diffusion,"{""iterations"": 2, ""step"": 0.12}",27.373317497544335,0.874674793771565,0.0018309152847499472,28.083476978517375,0.8835513229801655,0.0015547204179952154,0.71015948097304,0.008876529208600492,-0.0002761948667547318,0.005756579805165529,0.5226148000001558
458__M_Left_index_finger.BMP,458,"M4 Directional Diffusion (iterations=2, step=0.12)",M4 Directional Diffusion,"{""iterations"": 2, ""step"": 0.12}",27.406615265554862,0.8467918352380395,0.0018169311616773175,27.983424748105516,0.8554294455257654,0.0015909536421741016,0.5768094825506545,0.008637610287725916,-0.00022597751950321587,0.006963575724512339,0.5125525000039488
458__M_Left_little_finger.BMP,458,"M4 Directional Diffusion (iterations=2, step=0.12)",M4 Directional Diffusion,"{""iterations"": 2, ""step"": 0.12}",27.530400531466974,0.8411853642629386,0.0017658749539836386,28.061704916145572,0.8510039363731742,0.0015625341159384808,0.5313043846785988,0.009818572110235624,-0.00020334083804515778,0.0076359412632882595,0.5761483999958728
458__M_Left_middle_finger.BMP,458,"M4 Directional Diffusion (iterations=2, step=0.12)",M4 Directional Diffusion,"{""iterations"": 2, ""step"": 0.12}",27.15114889397061,0.8979487909154892,0.0019270150681545894,27.71653157652173,0.904361142210722,0.0016917915145185406,0.565382682551121,0.0064123512952327655,-0.0002352235536360488,0.008305348455905914,0.5348378999988199
458__M_Left_ring_finger.BMP,458,"M4 Directional Diffusion (iterations=2, step=0.12)",M4 Directional Diffusion,"{""iterations"": 2, ""step"": 0.12}",27.569890619109543,0.813433139367938,0.0017498907606097367,28.20787514061436,0.8237990472558737,0.001510819167254991,0.6379845215048157,0.010365907887935677,-0.00023907159335474575,0.006751329638063908,0.53292440000223
458__M_Left_thumb_finger.BMP,458,"M4 Directional Diffusion (iterations=2, step=0.12)",M4 Directional Diffusion,"{""iterations"": 2, ""step"": 0.12}",27.148467616185208,0.912780851092726,0.0019282051495889698,27.860266838684105,0.9188052171188593,0.0016367159554369173,0.7117992224988967,0.006024366026133321,-0.00029148919415205254,0.007545939646661282,0.5287252999987686
458__M_Right_index_finger.BMP,458,"M4 Directional Diffusion (iterations=2, step=0.12)",M4 Directional Diffusion,"{""iterations"": 2, ""step"": 0.12}",27.52559520177169,0.8341944850972295,0.0017678299195586524,28.22170595013578,0.8439651580319106,0.0015060153727843501,0.6961107483640916,0.009770672934681146,-0.00026181454677430224,0.005732681602239609,0.5686344999994617
458__M_Right_little_finger.BMP,458,"M4 Directional Diffusion (iterations=2, step=0.12)",M4 Directional Diffusion,"{""iterations"": 2, ""step"": 0.12}",27.97211041790188,0.7539071512601971,0.0015951038314370991,28.562699363551232,0.7665514281811714,0.0013922911533966148,0.5905889456493512,0.012644276920974251,-0.00020281267804048435,0.004004123620688915,0.5489200000010896
458__M_Right_middle_finger.BMP,458,"M4 Directional Diffusion (iterations=2, step=0.12)",M4 Directional Diffusion,"{""iterations"": 2, ""step"": 0.12}",27.58630135407322,0.8286793620156646,0.0017432909058239334,28.255732727211637,0.8383781056560278,0.0014942619141954908,0.6694313731384156,0.009698743640363161,-0.00024902899162844265,0.0059946440160274506,0.5569930000056047
458__M_Right_ring_finger.BMP,458,"M4 Directional Diffusion (iterations=2, step=0.12)",M4 Directional Diffusion,"{""iterations"": 2, ""step"": 0.12}",28.07503863890942,0.7279435409357548,0.0015577441756170914,28.655784855372943,0.7412809234395623,0.001362766705260507,0.580746216463524,0.01333738250380756,-0.00019497747035658445,0.004181955009698868,0.5479496999978437
458__M_Right_thumb_finger.BMP,458,"M4 Directional Diffusion (iterations=2, step=0.12)",M4 Directional Diffusion,"{""iterations"": 2, ""step"": 0.12}",27.07077807772415,0.9212769854897856,0.001963008554647105,27.82712791560195,0.9270022235878408,0.0016492527178523454,0.7563498378777993,0.005725238098055141,-0.00031375583679475977,0.00677390955388546,0.5264991000003647
358__M_Left_index_finger.BMP,358,"M4 Directional Diffusion (iterations=2, step=0.12)",M4 Directional Diffusion,"{""iterations"": 2, ""step"": 0.12}",27.236944199266215,0.8618307483512163,0.0018893202528205673,27.956013274600238,0.8703430017071366,0.0016010270609770891,0.7190690753340228,0.008512253355920318,-0.0002882931918434782,0.0070072365924716,0.5226913000005879
358__M_Left_little_finger.BMP,358,"M4 Directional Diffusion (iterations=2, step=0.12)",M4 Directional Diffusion,"{""iterations"": 2, ""step"": 0.12}",27.36733780397643,0.8151889041575789,0.0018334379631396484,28.03681454723926,0.827715477099061,0.001571515052803457,0.6694767432628304,0.012526572941482073,-0.00026192291033619135,0.005333263427019119,0.526678100002755
358__M_Left_middle_finger.BMP,358,"M4 Directional Diffusion (iterations=2, step=0.12)",M4 Directional Diffusion,"{""iterations"": 2, ""step"": 0.12}",27.165820353094215,0.8782265888885855,0.0019205161548903156,27.861482691037942,0.8876748358944655,0.0016362578039994385,0.6956623379437268,0.009448247005879984,-0.000284258350890877,0.005725322291254997,0.5038780000031693
358__M_Left_ring_finger.BMP,358,"M4 Directional Diffusion (iterations=2, step=0.12)",M4 Directional Diffusion,"{""iterations"": 2, ""step"": 0.12}",27.571796790413543,0.803453362364322,0.0017491228807993305,28.325528314874504,0.8146498311908245,0.0014704395270326613,0.7537315244609601,0.011196468826502493,-0.0002786833537666692,0.0054076011292636395,0.5366866999975173
358__M_Left_thumb_finger.BMP,358,"M4 Directional Diffusion (iterations=2, step=0.12)",M4 Directional Diffusion,"{""iterations"": 2, ""step"": 0.12}",27.06961823144247,0.8920985052921772,0.001963532874508304,27.66488927918328,0.8989065978707671,0.00171202882331159,0.5952710477408125,0.0068080925785899415,-0.000251504051196714,0.008191424421966076,0.4924888999958057
358__M_Right_index_finger.BMP,358,"M4 Directional Diffusion (iterations=2, step=0.12)",M4 Directional Diffusion,"{""iterations"": 2, ""step"": 0.12}",27.082100402676357,0.9081473386961818,0.0019578975355614646,27.788478243493945,0.9147462934777141,0.0016639956079398102,0.7063778408175878,0.0065989547815322736,-0.00029390192762165446,0.00829854141920805,0.5267625999986194
358__M_Right_little_finger.BMP,358,"M4 Directional Diffusion (iterations=2, step=0.12)",M4 Directional Diffusion,"{""iterations"": 2, ""step"": 0.12}",27.061822213891244,0.8810446554100514,0.0019670607766737232,27.77827175412423,0.8901449708756208,0.001667910814469733,0.7164495402329862,0.009100315465569442,-0.00029914996220399017,0.007271755486726761,0.518547599996964
358__M_Right_middle_finger.BMP,358,"M4 Directional Diffusion (iterations=2, step=0.12)",M4 Directional Diffusion,"{""iterations"": 2, ""step"": 0.12}",26.965358684587414,0.9060125459142327,0.0020112410825814135,27.557872387586002,0.912590536618948,0.0017547399399154243,0.5925137029985876,0.006577990704715209,-0.0002565011426659892,0.006115850992500782,0.5394005999987712
358__M_Right_ring_finger.BMP,358,"M4 Directional Diffusion (iterations=2, step=0.12)",M4 Directional Diffusion,"{""iterations"": 2, ""step"": 0.12}",27.154618445592902,0.8817748545130193,0.0019254762025709502,27.820004889042295,0.8905759092329144,0.0016519599385446543,0.6653864434493926,0.008801054719895118,-0.00027351626402629596,0.006694026291370392,0.5373507999975118
358__M_Right_thumb_finger.BMP,358,"M4 Directional Diffusion (iterations=2, step=0.12)",M4 Directional Diffusion,"{""iterations"": 2, ""step"": 0.12}",27.07786003709809,0.9053674690062403,0.001959810121613979,27.98503710416568,0.9127971861819029,0.0015903630964179845,0.9071770670675896,0.007429717175662542,-0.00036944702519599456,0.006733429152518511,0.5083019000012428
584__M_Left_index_finger.BMP,584,"M4 Directional Diffusion (iterations=2, step=0.12)",M4 Directional Diffusion,"{""iterations"": 2, ""step"": 0.12}",26.808661477259736,0.7405033777887225,0.002085133435231476,27.393656599729482,0.755866991018653,0.0018223606955528008,0.5849951224697456,0.015363613229930406,-0.0002627727396786754,0.003858025651425123,0.5022484000000986
584__M_Left_little_finger.BMP,584,"M4 Directional Diffusion (iterations=2, step=0.12)",M4 Directional Diffusion,"{""iterations"": 2, ""step"": 0.12}",27.008643646329304,0.7556378812021911,0.001991295147201889,27.687593327618952,0.7725277161195279,0.0017031020325042623,0.678949681289648,0.016889834917336755,-0.00028819311469762657,0.004127424210309982,0.5084638000043924
584__M_Left_middle_finger.BMP,584,"M4 Directional Diffusion (iterations=2, step=0.12)",M4 Directional Diffusion,"{""iterations"": 2, ""step"": 0.12}",26.72595253228611,0.7938240012609362,0.0021252241715175577,27.343674576158342,0.8076290802085996,0.0018434550073798317,0.6177220438722308,0.013805078947663363,-0.00028176916413772605,0.0041779107414186,0.5094243999992614
584__M_Left_ring_finger.BMP,584,"M4 Directional Diffusion (iterations=2, step=0.12)",M4 Directional Diffusion,"{""iterations"": 2, ""step"": 0.12}",26.756204564552583,0.7725715969515443,0.0021104717515642584,27.37860985821829,0.7880640625355839,0.0018286854700128132,0.6224052936657074,0.015492465584039605,-0.00028178628155144515,0.0038354562129825354,0.5363380000053439
584__M_Left_thumb_finger.BMP,584,"M4 Directional Diffusion (iterations=2, step=0.12)",M4 Directional Diffusion,"{""iterations"": 2, ""step"": 0.12}",26.870392477172857,0.8618936983605623,0.002055704811060843,27.707420231001635,0.8739744142992496,0.0016953445594062274,0.837027753828778,0.012080715938687314,-0.00036036025165461544,0.006201784126460552,0.5107602999996743
584__M_Right_index_finger.BMP,584,"M4 Directional Diffusion (iterations=2, step=0.12)",M4 Directional Diffusion,"{""iterations"": 2, ""step"": 0.12}",27.37650748718415,0.8741899077614546,0.0018295709305081917,28.013907489603884,0.8816584329633713,0.0015798259784864065,0.637400002419735,0.007468525201916765,-0.0002497449520217853,0.007157339248806238,0.5593826999975136
584__M_Right_little_finger.BMP,584,"M4 Directional Diffusion (iterations=2, step=0.12)",M4 Directional Diffusion,"{""iterations"": 2, ""step"": 0.12}",27.20501659588782,0.8208142622725367,0.001903260964546846,27.951782034523042,0.8332407677297592,0.0016025876681833187,0.7467654386352223,0.012426505457222459,-0.00030067329636352725,0.00581724289804697,0.548342699999921
584__M_Right_middle_finger.BMP,584,"M4 Directional Diffusion (iterations=2, step=0.12)",M4 Directional Diffusion,"{""iterations"": 2, ""step"": 0.12}",27.059721458104352,0.8875454616950751,0.001968012507372198,27.735952259235326,0.8959770326191783,0.0016842430893891,0.6762308011309734,0.008431570924103182,-0.0002837694179830979,0.0064296480268239975,0.5673852999971132
584__M_Right_ring_finger.BMP,584,"M4 Directional Diffusion (iterations=2, step=0.12)",M4 Directional Diffusion,"{""iterations"": 2, ""step"": 0.12}",26.898528336386196,0.8464571140774191,0.00204242993149517,27.658799234729656,0.8590700469266772,0.0017144312589479618,0.7602708983434603,0.01261293284925813,-0.0003279986725472084,0.0057079242542386055,0.5817756999967969
584__M_Right_thumb_finger.BMP,584,"M4 Directional Diffusion (iterations=2, step=0.12)",M4 Directional Diffusion,"{""iterations"": 2, ""step"": 0.12}",27.857015091376837,0.6937121391089857,0.0016379418931114086,28.432854894626782,0.7001921144516766,0.0014345461046812258,0.575839803249945,0.006479975342690958,-0.00020339578843018278,0.004320042207837105,0.5396939000056591
277__M_Left_index_finger.BMP,277,"M4 Directional Diffusion (iterations=2, step=0.12)",M4 Directional Diffusion,"{""iterations"": 2, ""step"": 0.12}",27.55193277158026,0.8234430739197731,0.0017571414467860552,28.0778716453078,0.8339275830259919,0.001556728353328661,0.5259388737275366,0.010484509106218787,-0.00020041309345739415,0.0076466822065413,0.5787561999968602
277__M_Left_little_finger.BMP,277,"M4 Directional Diffusion (iterations=2, step=0.12)",M4 Directional Diffusion,"{""iterations"": 2, ""step"": 0.12}",27.686402604667066,0.7780064740378558,0.00170356904297558,28.296209073194568,0.7894134313016534,0.001480400055417599,0.609806468527502,0.01140695726379759,-0.00022316898755798086,0.006033520679920912,0.5811711000060313
277__M_Left_middle_finger.BMP,277,"M4 Directional Diffusion (iterations=2, step=0.12)",M4 Directional Diffusion,"{""iterations"": 2, ""step"": 0.12}",27.31515625699761,0.8476906587122083,0.0018556000446645002,27.86407011371413,0.8563542402428389,0.0016352832510619386,0.5489138567165206,0.008663581530630626,-0.00022031679360256162,0.008147376589477062,0.5702365999968606
277__M_Left_ring_finger.BMP,277,"M4 Directional Diffusion (iterations=2, step=0.12)",M4 Directional Diffusion,"{""iterations"": 2, ""step"": 0.12}",27.728347801250656,0.7729418433285355,0.0016871947675762633,28.32908544565919,0.7842928054210544,0.0014692356424688977,0.6007376444085324,0.011350962092518846,-0.00021795912510736565,0.004915261175483465,0.5624595000044792
277__M_Left_thumb_finger.BMP,277,"M4 Directional Diffusion (iterations=2, step=0.12)",M4 Directional Diffusion,"{""iterations"": 2, ""step"": 0.12}",27.4740786342539,0.835673814529717,0.0017889250134139915,27.967414426528222,0.8442018567148447,0.001596829537234515,0.49333579227432267,0.008528042185127704,-0.00019209547617947647,0.008198385126888752,0.5480109999989509
277__M_Right_index_finger.BMP,277,"M4 Directional Diffusion (iterations=2, step=0.12)",M4 Directional Diffusion,"{""iterations"": 2, ""step"": 0.12}",27.435483209579154,0.8224739772281646,0.0018048939078366122,28.029680248876158,0.8320414317385256,0.0015740987538773097,0.5941970392970042,0.009567454510361006,-0.00023079515395930256,0.006925090216100216,0.5109943999996176
277__M_Right_little_finger.BMP,277,"M4 Directional Diffusion (iterations=2, step=0.12)",M4 Directional Diffusion,"{""iterations"": 2, ""step"": 0.12}",27.60166142206608,0.8000373865206539,0.0017371361487749735,28.20605255812187,0.8116203609837294,0.0015114533384343507,0.6043911360557885,0.011582974463075435,-0.00022568281034062278,0.006438054610043764,0.4804329999969923
277__M_Right_middle_finger.BMP,277,"M4 Directional Diffusion (iterations=2, step=0.12)",M4 Directional Diffusion,"{""iterations"": 2, ""step"": 0.12}",27.245325559141563,0.8554567247328758,0.0018856776085891085,27.927310142302066,0.8641616150861978,0.0016116435178785353,0.6819845831605029,0.008704890353322003,-0.0002740340907105732,0.007604585029184818,0.4770485999979428
277__M_Right_ring_finger.BMP,277,"M4 Directional Diffusion (iterations=2, step=0.12)",M4 Directional Diffusion,"{""iterations"": 2, ""step"": 0.12}",27.26965419473933,0.8603403111504913,0.0018751438097062696,27.886775707014323,0.869888618193388,0.0016267560452179245,0.6171215122749913,0.009548307042896775,-0.0002483877644883451,0.008148803375661373,0.4755437999992864
277__M_Right_thumb_finger.BMP,277,"M4 Directional Diffusion (iterations=2, step=0.12)",M4 Directional Diffusion,"{""iterations"": 2, ""step"": 0.12}",27.713893269652402,0.7956702655243874,0.0016928195775946103,28.266715504402775,0.8060628887795805,0.001490487882302142,0.5528222347503728,0.01039262325519319,-0.0002023316952924684,0.005632555577903986,0.45874300000286894
113__M_Left_index_finger.BMP,113,"M4 Directional Diffusion (iterations=2, step=0.12)",M4 Directional Diffusion,"{""iterations"": 2, ""step"": 0.12}",27.091395953718273,0.8805550547920465,0.0019537113729576386,27.576878947459875,0.8879816068577766,0.0017470772370280037,0.4854829937416021,0.007426552065730063,-0.00020663413592963498,0.008922716602683067,0.44164309999905527
113__M_Left_little_finger.BMP,113,"M4 Directional Diffusion (iterations=2, step=0.12)",M4 Directional Diffusion,"{""iterations"": 2, ""step"": 0.12}",27.389659096509163,0.8270766893867254,0.0018240388763275269,27.98192011252582,0.8368308805478811,0.0015915049317429145,0.592261016016657,0.009754191161155723,-0.0002325339445846124,0.006842709146440029,0.4554631999999401
113__M_Left_middle_finger.BMP,113,"M4 Directional Diffusion (iterations=2, step=0.12)",M4 Directional Diffusion,"{""iterations"": 2, ""step"": 0.12}",27.115692492636224,0.8776933735228181,0.0019428118812631677,27.691618611496356,0.8852515208312273,0.0017015242337055279,0.5759261188601315,0.007558147308409202,-0.00024128764755763986,0.007785129360854626,0.4716318999999203
113__M_Left_ring_finger.BMP,113,"M4 Directional Diffusion (iterations=2, step=0.12)",M4 Directional Diffusion,"{""iterations"": 2, ""step"": 0.12}",27.0532031403392,0.8816855724269748,0.001970968511443341,27.566663295347826,0.8889914954642654,0.0017511916205459424,0.5134601550086266,0.007305923037290607,-0.00021977689089739847,0.008059903047978878,0.4499915999986115
113__M_Left_thumb_finger.BMP,113,"M4 Directional Diffusion (iterations=2, step=0.12)",M4 Directional Diffusion,"{""iterations"": 2, ""step"": 0.12}",27.279303541011437,0.8767163291655778,0.001870982157501112,27.819342829155115,0.8842197675856351,0.00165221179064607,0.540039288143678,0.007503438420057296,-0.00021877036685504186,0.008147683925926685,0.5008402999956161
113__M_Right_index_finger.BMP,113,"M4 Directional Diffusion (iterations=2, step=0.12)",M4 Directional Diffusion,"{""iterations"": 2, ""step"": 0.12}",27.52628103978593,0.7962213375407458,0.0017675507658317642,28.13512706646916,0.8065138328261375,0.0015363398422343156,0.6088460266832314,0.010292495285391778,-0.00023121092359744866,0.005357207730412483,0.5227021999962744
113__M_Right_little_finger.BMP,113,"M4 Directional Diffusion (iterations=2, step=0.12)",M4 Directional Diffusion,"{""iterations"": 2, ""step"": 0.12}",27.049336324191856,0.8765692704223395,0.0019727241788767436,27.644841993874543,0.8847501950086355,0.0017199499157561967,0.5955056696826873,0.008180924586296046,-0.00025277426312054693,0.008313129656016827,0.4889164000051096
113__M_Right_middle_finger.BMP,113,"M4 Directional Diffusion (iterations=2, step=0.12)",M4 Directional Diffusion,"{""iterations"": 2, ""step"": 0.12}",27.39106797572276,0.8165695768411756,0.0018234472423621466,28.036758271224038,0.8270089651257991,0.0015715354166767554,0.6456902955012787,0.01043938828462354,-0.0002519118256853912,0.006206338759511709,0.5496529999945778
113__M_Right_ring_finger.BMP,113,"M4 Directional Diffusion (iterations=2, step=0.12)",M4 Directional Diffusion,"{""iterations"": 2, ""step"": 0.12}",27.556710022814272,0.786957332709074,0.0017552096490527052,28.040130137548243,0.797233002898395,0.001570315748680798,0.4834201147339705,0.010275670189321073,-0.00018489390037190723,0.006624087691307068,0.5453004000009969
113__M_Right_thumb_finger.BMP,113,"M4 Directional Diffusion (iterations=2, step=0.12)",M4 Directional Diffusion,"{""iterations"": 2, ""step"": 0.12}",27.207380810346603,0.8842864897474051,0.0019022251483617964,27.81769247145627,0.891910867626667,0.0016528397651474557,0.610311661109666,0.0076243778792619565,-0.00024938538321434066,0.005963047966361046,0.5700370999984443
439__M_Left_index_finger.BMP,439,"M4 Directional Diffusion (iterations=2, step=0.12)",M4 Directional Diffusion,"{""iterations"": 2, ""step"": 0.12}",27.243095184838253,0.8546553031085133,0.0018866462709150498,27.86789631592244,0.8633250412338376,0.0016338431754376263,0.6248011310841868,0.008669738125324233,-0.0002528030954774235,0.008108522742986679,0.5393483999941964
439__M_Left_little_finger.BMP,439,"M4 Directional Diffusion (iterations=2, step=0.12)",M4 Directional Diffusion,"{""iterations"": 2, ""step"": 0.12}",27.67026514284158,0.7680612674964666,0.0017099109194558372,28.23901612481485,0.7795456240042448,0.0015000246210404493,0.5687509819732703,0.011484356507778126,-0.00020988629841538794,0.005139512475579977,0.5108338999998523
439__M_Left_middle_finger.BMP,439,"M4 Directional Diffusion (iterations=2, step=0.12)",M4 Directional Diffusion,"{""iterations"": 2, ""step"": 0.12}",27.075266153872867,0.8850007860559821,0.0019609809946537662,27.73016574783903,0.892565631767571,0.001686488659573208,0.6548995939661637,0.007564845711588886,-0.00027449233508055823,0.008836344815790653,0.5211491999943973
439__M_Left_ring_finger.BMP,439,"M4 Directional Diffusion (iterations=2, step=0.12)",M4 Directional Diffusion,"{""iterations"": 2, ""step"": 0.12}",27.26936026487648,0.8321901105798483,0.001875270723456602,27.8843443879984,0.8417853980171383,0.0016276670101027328,0.6149841231219213,0.00959528743728999,-0.00024760371335386913,0.0065189870074391365,0.54778890000307
439__M_Left_thumb_finger.BMP,439,"M4 Directional Diffusion (iterations=2, step=0.12)",M4 Directional Diffusion,"{""iterations"": 2, ""step"": 0.12}",27.22016145099966,0.8706247874133587,0.0018966354115943194,27.80884958729983,0.8782799718526602,0.001656208622301755,0.588688136300167,0.007655184439301466,-0.00024042678929256443,0.007772138342261314,0.5239052999968408
439__M_Right_index_finger.BMP,439,"M4 Directional Diffusion (iterations=2, step=0.12)",M4 Directional Diffusion,"{""iterations"": 2, ""step"": 0.12}",27.190461892047534,0.860179078065604,0.0019096501477369801,27.854939534213607,0.8694648029477596,0.0016387248767019838,0.664477642166073,0.009285724882155622,-0.0002709252710349963,0.0072063482366502285,0.5091041999985464
439__M_Right_little_finger.BMP,439,"M4 Directional Diffusion (iterations=2, step=0.12)",M4 Directional Diffusion,"{""iterations"": 2, ""step"": 0.12}",27.46604753235387,0.7971711269533038,0.001792236207049238,28.00321640858675,0.8074509896395207,0.001583719846477528,0.5371688762328795,0.010279862686216834,-0.00020851636057171003,0.006096178200095892,0.5046923000045354
439__M_Right_middle_finger.BMP,439,"M4 Directional Diffusion (iterations=2, step=0.12)",M4 Directional Diffusion,"{""iterations"": 2, ""step"": 0.12}",27.195319163986305,0.8431384734453261,0.001907515535095472,27.8211167657553,0.85200298124516,0.0016515370594250133,0.6257976017689941,0.008864507799833943,-0.00025597847567045877,0.006401313468813896,0.5601775000031921
439__M_Right_ring_finger.BMP,439,"M4 Directional Diffusion (iterations=2, step=0.12)",M4 Directional Diffusion,"{""iterations"": 2, ""step"": 0.12}",27.088819797633764,0.8616873811286986,0.001954870622892272,27.70362622438434,0.8702067208573222,0.0016968262634419278,0.614806426750576,0.00851933972862362,-0.0002580443594503443,0.007680755574256182,0.5657329999958165
439__M_Right_thumb_finger.BMP,439,"M4 Directional Diffusion (iterations=2, step=0.12)",M4 Directional Diffusion,"{""iterations"": 2, ""step"": 0.12}",27.178713895481742,0.860588171741724,0.0019148228900337703,27.913644367071825,0.8688111373729109,0.0016167228009352312,0.7349304715900828,0.008222965631186963,-0.000298100089098539,0.005966168828308582,0.5598769999996875
184__M_Left_index_finger.BMP,184,"M4 Directional Diffusion (iterations=2, step=0.12)",M4 Directional Diffusion,"{""iterations"": 2, ""step"": 0.12}",27.14673214910537,0.9094638912225962,0.0019289758260301864,27.754713506091203,0.91582125279361,0.0016769829587420391,0.6079813569858317,0.006357361571013853,-0.00025199286728814726,0.009347922168672085,0.5319453999982215
184__M_Left_little_finger.BMP,184,"M4 Directional Diffusion (iterations=2, step=0.12)",M4 Directional Diffusion,"{""iterations"": 2, ""step"": 0.12}",27.68577063332017,0.7966246676869393,0.0017038169588951832,28.25657864542542,0.808456649339974,0.0014939708904024463,0.5708080121052497,0.011831981653034673,-0.00020984606849273695,0.006562361493706703,0.5480726000023424
184__M_Left_middle_finger.BMP,184,"M4 Directional Diffusion (iterations=2, step=0.12)",M4 Directional Diffusion,"{""iterations"": 2, ""step"": 0.12}",26.967420814007504,0.924128175724417,0.002010286326054125,27.552687901050135,0.9293358072103858,0.0017568359504013475,0.5852670870426309,0.005207631485968811,-0.00025345037565277766,0.010924584232270718,0.5387980000014068
184__M_Left_ring_finger.BMP,184,"M4 Directional Diffusion (iterations=2, step=0.12)",M4 Directional Diffusion,"{""iterations"": 2, ""step"": 0.12}",27.16267520307092,0.870679429012537,0.0019219074917362917,27.759373197601228,0.8791717466136814,0.0016751846322589296,0.5966979945303095,0.008492317601144328,-0.0002467228594773621,0.007957467809319496,0.5189841999963392
184__M_Left_thumb_finger.BMP,184,"M4 Directional Diffusion (iterations=2, step=0.12)",M4 Directional Diffusion,"{""iterations"": 2, ""step"": 0.12}",27.09455659897816,0.894332712657094,0.0019522900465488075,27.817256861133075,0.9014682652871608,0.0016530055582220347,0.7227002621549161,0.0071355526300668215,-0.0002992844883267728,0.008634140715003014,0.5521386000036728
184__M_Right_index_finger.BMP,184,"M4 Directional Diffusion (iterations=2, step=0.12)",M4 Directional Diffusion,"{""iterations"": 2, ""step"": 0.12}",27.168996828915667,0.8836233427411317,0.0019191119826170474,27.779655939562026,0.8912524177578688,0.0016673793018483288,0.6106591106463597,0.007629075016737041,-0.0002517326807687187,0.009078341536223888,0.5552664999995613
184__M_Right_little_finger.BMP,184,"M4 Directional Diffusion (iterations=2, step=0.12)",M4 Directional Diffusion,"{""iterations"": 2, ""step"": 0.12}",27.192112369058048,0.8865373025163412,0.0019089245491009349,27.801266654118155,0.8944677999423742,0.0016591029464024089,0.6091542850601073,0.007930497426033023,-0.00024982160269852597,0.009714524261653423,0.5665411000009044
184__M_Right_middle_finger.BMP,184,"M4 Directional Diffusion (iterations=2, step=0.12)",M4 Directional Diffusion,"{""iterations"": 2, ""step"": 0.12}",26.937873520135312,0.9148618301275373,0.0020240099725046343,27.633581341534,0.9208409238629938,0.0017244152934021114,0.6957078213986883,0.005979093735456464,-0.00029959467910252295,0.009680976159870625,0.5662168999988353
184__M_Right_ring_finger.BMP,184,"M4 Directional Diffusion (iterations=2, step=0.12)",M4 Directional Diffusion,"{""iterations"": 2, ""step"": 0.12}",26.95258106467255,0.899651739586711,0.002017167180501343,27.548543245843984,0.9062880537286401,0.0017585133732534706,0.5959621811714335,0.006636314141929112,-0.00025865380724787224,0.01013505831360817,0.5321153000040795
184__M_Right_thumb_finger.BMP,184,"M4 Directional Diffusion (iterations=2, step=0.12)",M4 Directional Diffusion,"{""iterations"": 2, ""step"": 0.12}",27.1155529441821,0.9145130371519327,0.001942874309123023,27.937290745576988,0.9214172470136881,0.0016079440221282615,0.8217378013948888,0.006904209861755439,-0.0003349302869947615,0.007362252101302147,0.576192100001208
297__M_Left_index_finger.BMP,297,"M4 Directional Diffusion (iterations=2, step=0.12)",M4 Directional Diffusion,"{""iterations"": 2, ""step"": 0.12}",27.7570804375387,0.7906426064821481,0.0016760692418019418,28.257430885001746,0.8027532497544885,0.0014936777491689369,0.5003504474630454,0.012110643272340349,-0.00018239149263300498,0.004969209898263216,0.5605092000041623
297__M_Left_little_finger.BMP,297,"M4 Directional Diffusion (iterations=2, step=0.12)",M4 Directional Diffusion,"{""iterations"": 2, ""step"": 0.12}",27.604976193107987,0.8586213655061722,0.0017358107781078177,27.37282414125702,0.8656681620116233,0.0018311232875944901,-0.2321520518509672,0.007046796505451147,9.531250948667243e-05,0.013304034247994423,0.5340723999979673
297__M_Left_middle_finger.BMP,297,"M4 Directional Diffusion (iterations=2, step=0.12)",M4 Directional Diffusion,"{""iterations"": 2, ""step"": 0.12}",27.408921212894597,0.831367049916923,0.0018159666927172965,27.97269282745979,0.8428509302203059,0.0015948899347686238,0.5637716145651943,0.011483880303382876,-0.00022107675794867275,0.006865694187581539,0.518196999997599
297__M_Left_ring_finger.BMP,297,"M4 Directional Diffusion (iterations=2, step=0.12)",M4 Directional Diffusion,"{""iterations"": 2, ""step"": 0.12}",27.999195089177213,0.7429669464297891,0.0015851869599302825,28.511196886393726,0.7555326170750857,0.0014089004614179232,0.512001797216513,0.012565670645296567,-0.00017628649851235932,0.004015463404357433,0.5225693999964278
297__M_Left_thumb_finger.BMP,297,"M4 Directional Diffusion (iterations=2, step=0.12)",M4 Directional Diffusion,"{""iterations"": 2, ""step"": 0.12}",27.351634550995698,0.8496112274484038,0.0018400793218039874,27.967591313483187,0.8578658002518416,0.0015967645001285747,0.6159567624874889,0.008254572803437776,-0.00024331482167541272,0.007530680857598782,0.5906408000009833
297__M_Right_index_finger.BMP,297,"M4 Directional Diffusion (iterations=2, step=0.12)",M4 Directional Diffusion,"{""iterations"": 2, ""step"": 0.12}",27.26646688433661,0.8421334111442864,0.0018765204928810162,27.879489186061235,0.8520753581285179,0.0016294876804975166,0.6130223017246266,0.009941946984231453,-0.00024703281238349956,0.005857009906321764,0.5512979999984964
297__M_Right_little_finger.BMP,297,"M4 Directional Diffusion (iterations=2, step=0.12)",M4 Directional Diffusion,"{""iterations"": 2, ""step"": 0.12}",27.748414561772044,0.7768289119063616,0.0016794169952769212,28.298800000913467,0.7890016928926706,0.0014795171370762692,0.5503854391414222,0.012172780986309029,-0.00019989985820065195,0.005313163157552481,0.5605114999998477
297__M_Right_middle_finger.BMP,297,"M4 Directional Diffusion (iterations=2, step=0.12)",M4 Directional Diffusion,"{""iterations"": 2, ""step"": 0.12}",27.62754038726817,0.7994520999450088,0.0017268155915228394,28.26118193854186,0.8106719948419928,0.0014923881987583972,0.6336415512736906,0.01121989489698405,-0.00023442739276444222,0.0056359670124948025,0.5938595000043279
297__M_Right_ring_finger.BMP,297,"M4 Directional Diffusion (iterations=2, step=0.12)",M4 Directional Diffusion,"{""iterations"": 2, ""step"": 0.12}",27.67942143460698,0.7884819651403725,0.0017063096877649516,28.23237888721613,0.8007801993944049,0.001502318831973628,0.5529574526091494,0.012298234254032425,-0.0002039908557913237,0.005181263200938702,0.6038515999971423
297__M_Right_thumb_finger.BMP,297,"M4 Directional Diffusion (iterations=2, step=0.12)",M4 Directional Diffusion,"{""iterations"": 2, ""step"": 0.12}",27.057159365148596,0.8790298646752238,0.0019691738664962227,27.787512665283632,0.8870894333764314,0.0016643656095387638,0.730353300135036,0.008059568701207609,-0.00030480825695745895,0.0065951868891716,0.54477659999975
510__M_Left_index_finger.BMP,510,"M4 Directional Diffusion (iterations=2, step=0.12)",M4 Directional Diffusion,"{""iterations"": 2, ""step"": 0.12}",27.049783248781104,0.8853918248358965,0.001972521179848049,27.6143223705027,0.8931624046845437,0.0017320792659221277,0.5645391217215945,0.007770579848647152,-0.00024044191392592115,0.008243536576628685,0.5649258999983431
510__M_Left_little_finger.BMP,510,"M4 Directional Diffusion (iterations=2, step=0.12)",M4 Directional Diffusion,"{""iterations"": 2, ""step"": 0.12}",27.388994176833812,0.8156364864462018,0.0018243181642848185,27.95119751734112,0.825797141185522,0.0016028033750613469,0.5622033405073097,0.010160654739320263,-0.00022151478922347164,0.006891121156513691,0.5950377000044682
510__M_Left_middle_finger.BMP,510,"M4 Directional Diffusion (iterations=2, step=0.12)",M4 Directional Diffusion,"{""iterations"": 2, ""step"": 0.12}",26.927380314475773,0.9163373613706232,0.002028906196606752,27.495048631841847,0.9219158793025315,0.0017803079730396337,0.5676683173660741,0.005578517931908333,-0.0002485982235671184,0.009053235873579979,0.5369238999992376
510__M_Left_ring_finger.BMP,510,"M4 Directional Diffusion (iterations=2, step=0.12)",M4 Directional Diffusion,"{""iterations"": 2, ""step"": 0.12}",27.139391128208246,0.8814989184703231,0.0019322391939270728,27.800744598940582,0.8889277853665948,0.0016593023952510577,0.6613534707323367,0.007428866896271646,-0.0002729367986760152,0.008164866827428341,0.58572770000319
510__M_Left_thumb_finger.BMP,510,"M4 Directional Diffusion (iterations=2, step=0.12)",M4 Directional Diffusion,"{""iterations"": 2, ""step"": 0.12}",27.04511604334945,0.9147710483712554,0.0019746421163289608,27.69296682603658,0.9209034499554039,0.0017009960981271234,0.6478507826871329,0.006132401584148406,-0.0002736460182018374,0.007084687240421772,0.5648077000005287
510__M_Right_index_finger.BMP,510,"M4 Directional Diffusion (iterations=2, step=0.12)",M4 Directional Diffusion,"{""iterations"": 2, ""step"": 0.12}",27.23055457921046,0.866017082233429,0.0018921019882603737,27.856558720963356,0.8747012177044153,0.0016381140222833874,0.6260041417528974,0.008684135470986343,-0.00025398796597698634,0.0071696024388074875,0.5703329000025406
510__M_Right_little_finger.BMP,510,"M4 Directional Diffusion (iterations=2, step=0.12)",M4 Directional Diffusion,"{""iterations"": 2, ""step"": 0.12}",27.394827670703343,0.8089458301949203,0.0018218693639567604,27.978254992390642,0.8188377270472049,0.0015928486096015494,0.5834273216872994,0.009891896852284643,-0.00022902075435521103,0.00583972642198205,0.5848923000012292
510__M_Right_middle_finger.BMP,510,"M4 Directional Diffusion (iterations=2, step=0.12)",M4 Directional Diffusion,"{""iterations"": 2, ""step"": 0.12}",27.098886756793288,0.887872908428371,0.001950344474744861,27.75916096425825,0.8950153061090708,0.0016752664980750238,0.6602742074649619,0.007142397680699797,-0.0002750779766698371,0.007437731139361858,0.5562615000017104
510__M_Right_ring_finger.BMP,510,"M4 Directional Diffusion (iterations=2, step=0.12)",M4 Directional Diffusion,"{""iterations"": 2, ""step"": 0.12}",27.19464273199484,0.8686249066267312,0.001907812661832362,27.859291200696468,0.8769176476764083,0.0016370836832588298,0.6646484687016283,0.008292741049677144,-0.00027072897857353213,0.007592948153614998,0.5536763999989489
510__M_Right_thumb_finger.BMP,510,"M4 Directional Diffusion (iterations=2, step=0.12)",M4 Directional Diffusion,"{""iterations"": 2, ""step"": 0.12}",27.147269107323716,0.8867233144706488,0.0019287373437475198,27.83632466995212,0.8941936613298058,0.0016457639045707375,0.6890555626284041,0.00747034685915704,-0.00028297343917678235,0.005841144360601902,0.5618346999981441
329__M_Left_index_finger.BMP,329,"M4 Directional Diffusion (iterations=2, step=0.12)",M4 Directional Diffusion,"{""iterations"": 2, ""step"": 0.12}",27.33983850281261,0.8673399185726046,0.0018450840293860148,27.836231006947536,0.8760233861805796,0.0016457993986561574,0.4963925041349242,0.008683467607975004,-0.00019928463072985732,0.008983723819255829,0.5629262999937055
329__M_Left_little_finger.BMP,329,"M4 Directional Diffusion (iterations=2, step=0.12)",M4 Directional Diffusion,"{""iterations"": 2, ""step"": 0.12}",27.483534424271237,0.7969700508410931,0.0017850342668649715,28.21902572059145,0.8102989900037646,0.0015069450904908565,0.7354912963202125,0.013328939162671527,-0.000278089176374115,0.00553780747577548,0.5557993999973405
329__M_Left_middle_finger.BMP,329,"M4 Directional Diffusion (iterations=2, step=0.12)",M4 Directional Diffusion,"{""iterations"": 2, ""step"": 0.12}",27.170496652176993,0.8806207271711528,0.0019184493373478708,27.89244995756167,0.8902398059881925,0.0016246320039783892,0.7219533053846767,0.009619078817039717,-0.0002938173333694816,0.008165402337908745,0.5372174000003724
329__M_Left_ring_finger.BMP,329,"M4 Directional Diffusion (iterations=2, step=0.12)",M4 Directional Diffusion,"{""iterations"": 2, ""step"": 0.12}",27.048095149200076,0.8606330455324054,0.0019732880464668353,27.80823939610848,0.8708943330940604,0.001656441338800258,0.7601442469084034,0.010261287561655008,-0.0003168467076665772,0.00735076516866684,0.5533339000030537
329__M_Left_thumb_finger.BMP,329,"M4 Directional Diffusion (iterations=2, step=0.12)",M4 Directional Diffusion,"{""iterations"": 2, ""step"": 0.12}",27.274119087408604,0.8811508820807934,0.001873217003364104,27.97879900786738,0.8893970499092341,0.0015926490952026255,0.7046799204587764,0.008246167828440676,-0.00028056790816147854,0.007545569911599159,0.555505100004666
329__M_Right_index_finger.BMP,329,"M4 Directional Diffusion (iterations=2, step=0.12)",M4 Directional Diffusion,"{""iterations"": 2, ""step"": 0.12}",27.187816851277667,0.9046109719729424,0.001910813561316814,27.855000270013484,0.9113494797352553,0.0016387019594017737,0.6671834187358172,0.006738507762312884,-0.0002721116019150402,0.008347269147634506,0.5483326000030502
329__M_Right_little_finger.BMP,329,"M4 Directional Diffusion (iterations=2, step=0.12)",M4 Directional Diffusion,"{""iterations"": 2, ""step"": 0.12}",27.743813777829764,0.7948134238148331,0.0016811970613825667,28.35281268508066,0.8061697368094325,0.0014612305097817836,0.6089989072508963,0.011356312994599382,-0.0002199665516007831,0.005751957651227713,0.5227076000010129
329__M_Right_middle_finger.BMP,329,"M4 Directional Diffusion (iterations=2, step=0.12)",M4 Directional Diffusion,"{""iterations"": 2, ""step"": 0.12}",27.191388370015403,0.9068319340829849,0.0019092428065988977,27.757561501538927,0.9128386052785515,0.0016758835954368602,0.5661731315235237,0.006006671195566637,-0.00023335921116203755,0.008824894204735756,0.5468968999994104
329__M_Right_ring_finger.BMP,329,"M4 Directional Diffusion (iterations=2, step=0.12)",M4 Directional Diffusion,"{""iterations"": 2, ""step"": 0.12}",27.27178725921972,0.8700721985939145,0.0018742230472468093,27.94367014770239,0.8791864745838046,0.0016055838283464553,0.6718828884826706,0.00911427598989012,-0.000268639218900354,0.007411622442305088,0.5224754000009852
329__M_Right_thumb_finger.BMP,329,"M4 Directional Diffusion (iterations=2, step=0.12)",M4 Directional Diffusion,"{""iterations"": 2, ""step"": 0.12}",27.0467404622004,0.909762505359292,0.0019739036666828963,27.789689518134644,0.9161625090431571,0.0016635315738070607,0.7429490559342433,0.006400003683865063,-0.00031037209287583566,0.006704683881253004,0.5071538999982295
500__M_Left_index_finger.BMP,500,"M4 Directional Diffusion (iterations=2, step=0.12)",M4 Directional Diffusion,"{""iterations"": 2, ""step"": 0.12}",27.22097697852984,0.8126579431100488,0.0018962792907501484,27.87015924684201,0.8256908967336118,0.0016329920683405903,0.6491822683121704,0.013032953623563048,-0.00026328722240955807,0.0048905168659985065,0.5056423999994877
500__M_Left_little_finger.BMP,500,"M4 Directional Diffusion (iterations=2, step=0.12)",M4 Directional Diffusion,"{""iterations"": 2, ""step"": 0.12}",27.393190376862407,0.8031483195633888,0.0018225563397227824,27.96272763390671,0.8149175845030546,0.0015985537241471916,0.5695372570443027,0.011769264939665791,-0.00022400261557559077,0.004788220394402742,0.5272110000005341
500__M_Left_middle_finger.BMP,500,"M4 Directional Diffusion (iterations=2, step=0.12)",M4 Directional Diffusion,"{""iterations"": 2, ""step"": 0.12}",27.140279470727975,0.8293306801019311,0.0019318439978642497,27.764452169309685,0.8410792050127387,0.0016732266883825752,0.6241726985817095,0.011748524910807578,-0.0002586173094816745,0.005233094096183777,0.5201789000057033
500__M_Left_ring_finger.BMP,500,"M4 Directional Diffusion (iterations=2, step=0.12)",M4 Directional Diffusion,"{""iterations"": 2, ""step"": 0.12}",27.295580705283417,0.8248268218860626,0.0018639829240834243,27.88655341475607,0.835941415236473,0.0016268393123430496,0.590972709472652,0.011114593350410429,-0.0002371436117403747,0.006270501762628555,0.5132003000035184
500__M_Left_thumb_finger.BMP,500,"M4 Directional Diffusion (iterations=2, step=0.12)",M4 Directional Diffusion,"{""iterations"": 2, ""step"": 0.12}",26.95658644166975,0.8581379957226812,0.0020153076610392906,27.669390565945918,0.8691613813388943,0.0017102552938911622,0.7128041242761682,0.011023385616213077,-0.0003050523671481284,0.00529127661138773,0.5292671999995946
500__M_Right_index_finger.BMP,500,"M4 Directional Diffusion (iterations=2, step=0.12)",M4 Directional Diffusion,"{""iterations"": 2, ""step"": 0.12}",27.331157922060033,0.8369927438261509,0.0018487756300997896,27.950769991314573,0.846798390425086,0.0016029611652051256,0.6196120692545399,0.009805646598935125,-0.000245814464894664,0.006297900807112455,0.5193899000005331
500__M_Right_little_finger.BMP,500,"M4 Directional Diffusion (iterations=2, step=0.12)",M4 Directional Diffusion,"{""iterations"": 2, ""step"": 0.12}",27.37286064895845,0.8175403233197629,0.0018311078948542933,28.010648369982242,0.8286773423457444,0.0015810119880931958,0.6377877210237912,0.01113701902598152,-0.0002500959067610975,0.005723731592297554,0.5099993999974686
500__M_Right_middle_finger.BMP,500,"M4 Directional Diffusion (iterations=2, step=0.12)",M4 Directional Diffusion,"{""iterations"": 2, ""step"": 0.12}",27.2916266852288,0.8575968000411391,0.001865680754078539,27.912025642660254,0.8662433435350061,0.0016173255063690745,0.6203989574314548,0.008646543493866954,-0.0002483552477094645,0.007101071532815695,0.5191172999984701
500__M_Right_ring_finger.BMP,500,"M4 Directional Diffusion (iterations=2, step=0.12)",M4 Directional Diffusion,"{""iterations"": 2, ""step"": 0.12}",27.155657376306145,0.8889747540159821,0.001925015640166392,27.85833460503047,0.8980728602524995,0.0016374443140529447,0.7026772287243261,0.009098106236517411,-0.00028757132611344736,0.007829106412827969,0.503062100004172
500__M_Right_thumb_finger.BMP,500,"M4 Directional Diffusion (iterations=2, step=0.12)",M4 Directional Diffusion,"{""iterations"": 2, ""step"": 0.12}",27.303108432332884,0.8768635264593064,0.001860754837687004,27.980113981675586,0.8845829267365932,0.0015921669396823106,0.6770055493427023,0.007719400277286792,-0.00026858789800469343,0.006099500227719545,0.560305300001346
546__M_Left_index_finger.BMP,546,"M4 Directional Diffusion (iterations=2, step=0.12)",M4 Directional Diffusion,"{""iterations"": 2, ""step"": 0.12}",27.17939859729466,0.8178055724727511,0.0019145210258810648,27.912750211765143,0.8300653870601654,0.0016170556971974444,0.7333516144704824,0.01225981458741432,-0.0002974653286836205,0.005773745011538267,0.5690283000003546
546__M_Left_little_finger.BMP,546,"M4 Directional Diffusion (iterations=2, step=0.12)",M4 Directional Diffusion,"{""iterations"": 2, ""step"": 0.12}",27.58377739293818,0.7815911141959428,0.0017443043373741387,28.316861255709984,0.794814096850872,0.001473376960532564,0.733083862771803,0.01322298265492916,-0.00027092737684157467,0.005629829131066799,0.5512881999966339
546__M_Left_middle_finger.BMP,546,"M4 Directional Diffusion (iterations=2, step=0.12)",M4 Directional Diffusion,"{""iterations"": 2, ""step"": 0.12}",27.4038782178077,0.7900903055039644,0.001818076604447424,28.15715545554547,0.8037090357446075,0.0015285669120532139,0.7532772377377697,0.013618730240643084,-0.0002895096923942102,0.00522590521723032,0.549568199996429
546__M_Left_ring_finger.BMP,546,"M4 Directional Diffusion (iterations=2, step=0.12)",M4 Directional Diffusion,"{""iterations"": 2, ""step"": 0.12}",27.1960749589077,0.811261339558661,0.0019071836024613185,27.92812557450096,0.8243490134587288,0.0016113409437717538,0.7320506155932591,0.01308767390006782,-0.00029584265868956463,0.0055778794921934605,0.4950895000001765
546__M_Left_thumb_finger.BMP,546,"M4 Directional Diffusion (iterations=2, step=0.12)",M4 Directional Diffusion,"{""iterations"": 2, ""step"": 0.12}",27.021483915545907,0.8652175775358677,0.001985416416064281,27.783124385216247,0.8748598255134225,0.0016660481991062277,0.7616404696703398,0.009642247977554752,-0.0003193682169580533,0.007899247109889984,0.5074798999994528
546__M_Right_index_finger.BMP,546,"M4 Directional Diffusion (iterations=2, step=0.12)",M4 Directional Diffusion,"{""iterations"": 2, ""step"": 0.12}",28.061231288264025,0.7160751357330084,0.0015627045302793903,28.60530403333503,0.7283095414130092,0.0013786994319960133,0.5440727450710057,0.012234405680000782,-0.00018400509828337699,0.003399451030418277,0.5356597999998485
546__M_Right_little_finger.BMP,546,"M4 Directional Diffusion (iterations=2, step=0.12)",M4 Directional Diffusion,"{""iterations"": 2, ""step"": 0.12}",27.63564668951084,0.7798252788092495,0.0017235954186269598,28.32317876218978,0.7934079197309017,0.0014712352566591052,0.6875320726789411,0.01358264092165229,-0.0002523601619678546,0.005311654414981604,0.5272703000009642
546__M_Right_middle_finger.BMP,546,"M4 Directional Diffusion (iterations=2, step=0.12)",M4 Directional Diffusion,"{""iterations"": 2, ""step"": 0.12}",27.055545225753267,0.8390291150278747,0.0019699058840555576,27.792922315631255,0.8513483306408525,0.0016622937363847004,0.7373770898779881,0.012319215612977774,-0.00030761214767085717,0.006411322858184576,0.5320801999987452
546__M_Right_ring_finger.BMP,546,"M4 Directional Diffusion (iterations=2, step=0.12)",M4 Directional Diffusion,"{""iterations"": 2, ""step"": 0.12}",27.41220324434771,0.8016949292868972,0.0018145948566559466,28.210662823103554,0.8151347947375774,0.0015098497023210418,0.7984595787558426,0.01343986545068021,-0.0003047451543349048,0.005137733183801174,0.5571811000045273
546__M_Right_thumb_finger.BMP,546,"M4 Directional Diffusion (iterations=2, step=0.12)",M4 Directional Diffusion,"{""iterations"": 2, ""step"": 0.12}",27.25553281696742,0.9009375226513148,0.0018812508895890972,27.98824943132296,0.9080653344984054,0.0015891871943852615,0.7327166143555388,0.007127811847090659,-0.00029206369520383565,0.00784839503467083,0.5433848000029684
339__M_Left_index_finger.BMP,339,"M4 Directional Diffusion (iterations=2, step=0.12)",M4 Directional Diffusion,"{""iterations"": 2, ""step"": 0.12}",27.168168273784936,0.9018743955249489,0.001919478149316312,27.759160370844462,0.9086559730071724,0.0016752667269810664,0.5909920970595266,0.006781577482223522,-0.0002442114223352456,0.007895324379205704,0.5551078999997117
339__M_Left_little_finger.BMP,339,"M4 Directional Diffusion (iterations=2, step=0.12)",M4 Directional Diffusion,"{""iterations"": 2, ""step"": 0.12}",27.38284470479606,0.8433663844787479,0.0018269031706211621,27.885753637258254,0.852348995066762,0.0016271389314585184,0.5029089324621943,0.008982610588014084,-0.00019976423916264374,0.0063499948009848595,0.5331787000031909
339__M_Left_middle_finger.BMP,339,"M4 Directional Diffusion (iterations=2, step=0.12)",M4 Directional Diffusion,"{""iterations"": 2, ""step"": 0.12}",26.873471350702367,0.9168854509427845,0.0020542479626780162,27.457909745008816,0.9226084714518785,0.0017955976382366154,0.5844383943064493,0.005723020509094012,-0.00025865032444140085,0.007610025815665722,0.5220438000033027
339__M_Left_ring_finger.BMP,339,"M4 Directional Diffusion (iterations=2, step=0.12)",M4 Directional Diffusion,"{""iterations"": 2, ""step"": 0.12}",27.249917444994132,0.8514360282585621,0.0018836848961017005,27.802587255812888,0.860414259237349,0.0016585985234437374,0.552669810818756,0.008978230978786916,-0.00022508637265796307,0.005841896403580904,0.5138726000004681
339__M_Left_thumb_finger.BMP,339,"M4 Directional Diffusion (iterations=2, step=0.12)",M4 Directional Diffusion,"{""iterations"": 2, ""step"": 0.12}",27.26277479330367,0.8888812686822712,0.0018781164676396895,27.93369566953965,0.8961115523761213,0.001609275624195389,0.6709208762359786,0.007230283693850037,-0.0002688408434443005,0.0059110252186656,0.5021608999959426
339__M_Right_index_finger.BMP,339,"M4 Directional Diffusion (iterations=2, step=0.12)",M4 Directional Diffusion,"{""iterations"": 2, ""step"": 0.12}",27.13878511628046,0.8817343702910244,0.0019325088362432837,27.68974502603017,0.889230164065063,0.0017022584449289699,0.5509599097497109,0.007495793774038528,-0.00023025039131431384,0.006126585882157087,0.518056399996567
339__M_Right_little_finger.BMP,339,"M4 Directional Diffusion (iterations=2, step=0.12)",M4 Directional Diffusion,"{""iterations"": 2, ""step"": 0.12}",27.55192668038311,0.8072073154693842,0.001757143911266478,28.02072004524074,0.8172890340976119,0.0015773497288853148,0.46879336485762835,0.01008171862822771,-0.00017979418238116317,0.005050695035606623,0.5083393000022625
339__M_Right_middle_finger.BMP,339,"M4 Directional Diffusion (iterations=2, step=0.12)",M4 Directional Diffusion,"{""iterations"": 2, ""step"": 0.12}",26.929466550812975,0.9228188951424956,0.002027931797549491,27.636830883082673,0.9284174658622145,0.0017231255088179511,0.7073643322696981,0.0055985707197189205,-0.0003048062887315399,0.007353942841291428,0.5309366999936174
339__M_Right_ring_finger.BMP,339,"M4 Directional Diffusion (iterations=2, step=0.12)",M4 Directional Diffusion,"{""iterations"": 2, ""step"": 0.12}",27.038256510915005,0.8957082019684315,0.001977763460225771,27.699775291683796,0.9030034100774527,0.001698331523563071,0.661518780768791,0.0072952081090211784,-0.0002794319366627002,0.0064547681249678135,0.5463871999963885
339__M_Right_thumb_finger.BMP,339,"M4 Directional Diffusion (iterations=2, step=0.12)",M4 Directional Diffusion,"{""iterations"": 2, ""step"": 0.12}",27.11046778040246,0.9044235747672915,0.001945150557358994,27.857590766312114,0.9115728219548463,0.001637724791664975,0.7471229859096553,0.00714924718755483,-0.0003074257656940189,0.005864662118256092,0.5009955999994418
82__M_Left_index_finger.BMP,82,"M4 Directional Diffusion (iterations=2, step=0.12)",M4 Directional Diffusion,"{""iterations"": 2, ""step"": 0.12}",27.407533077197563,0.8338205388668776,0.0018165472230260648,28.03634495829406,0.8448923261499405,0.0015716849849635884,0.628811881096496,0.011071787283062906,-0.0002448622380624764,0.007719357963651419,0.5116593999991892
82__M_Left_little_finger.BMP,82,"M4 Directional Diffusion (iterations=2, step=0.12)",M4 Directional Diffusion,"{""iterations"": 2, ""step"": 0.12}",27.69229082988279,0.7763772368124128,0.0017012608853540223,28.189584275865947,0.7873687869495154,0.0015171955925687758,0.49729344598315706,0.010991550137102624,-0.00018406529278524653,0.005995184648782015,0.49211859999923036
82__M_Left_middle_finger.BMP,82,"M4 Directional Diffusion (iterations=2, step=0.12)",M4 Directional Diffusion,"{""iterations"": 2, ""step"": 0.12}",27.880716384195686,0.7725335403455496,0.001629027296628847,28.318461619117926,0.7837917271307111,0.0014728341251343856,0.4377452349222395,0.01125818678516155,-0.00015619317149446143,0.005871121305972338,0.4801226999989012
82__M_Left_ring_finger.BMP,82,"M4 Directional Diffusion (iterations=2, step=0.12)",M4 Directional Diffusion,"{""iterations"": 2, ""step"": 0.12}",27.892192977055572,0.7594045024935603,0.0016247281394634915,28.41866819398465,0.77146481701684,0.0014392398674091754,0.5264752169290787,0.012060314523279714,-0.00018548827205431607,0.005609151441603899,0.47315900000103284
82__M_Left_thumb_finger.BMP,82,"M4 Directional Diffusion (iterations=2, step=0.12)",M4 Directional Diffusion,"{""iterations"": 2, ""step"": 0.12}",27.27279496261675,0.8799613435319364,0.0018737882174453759,27.866050949782903,0.8883784045974612,0.0016345375613098037,0.5932559871661525,0.008417061065524756,-0.00023925065613557219,0.008892962709069252,0.47022519999882206
82__M_Right_index_finger.BMP,82,"M4 Directional Diffusion (iterations=2, step=0.12)",M4 Directional Diffusion,"{""iterations"": 2, ""step"": 0.12}",27.377923386348108,0.8815812092620731,0.00182897454583705,28.047132192928302,0.8902566115671993,0.0015677859954423424,0.669208806580194,0.0086754023051262,-0.00026118855039470755,0.007776823826134205,0.48477110000385437
82__M_Right_little_finger.BMP,82,"M4 Directional Diffusion (iterations=2, step=0.12)",M4 Directional Diffusion,"{""iterations"": 2, ""step"": 0.12}",27.508672695264686,0.8410461886511446,0.001774731797242011,28.096992734177565,0.8528822171248793,0.0015498894661301272,0.5883200389128795,0.011836028473734772,-0.00022484233111188384,0.008338220417499542,0.48300380000000587
82__M_Right_middle_finger.BMP,82,"M4 Directional Diffusion (iterations=2, step=0.12)",M4 Directional Diffusion,"{""iterations"": 2, ""step"": 0.12}",27.57387435613134,0.8563310876093507,0.0017482863404259983,28.15249165696023,0.8650986065610647,0.0015302092901339683,0.5786173008288884,0.008767518951714015,-0.00021807705029203,0.007155334576964378,0.4734394999977667
82__M_Right_ring_finger.BMP,82,"M4 Directional Diffusion (iterations=2, step=0.12)",M4 Directional Diffusion,"{""iterations"": 2, ""step"": 0.12}",27.29889436135744,0.8531962656697631,0.0018625612521925405,27.845499737620393,0.8635524720561505,0.0016422906723197646,0.5466053762629528,0.010356206386387345,-0.00022027057987277594,0.008070530369877815,0.46406479999859584
82__M_Right_thumb_finger.BMP,82,"M4 Directional Diffusion (iterations=2, step=0.12)",M4 Directional Diffusion,"{""iterations"": 2, ""step"": 0.12}",27.376577421841297,0.8896566295321285,0.001829541469073406,28.089509561759634,0.8971167809538841,0.0015525623271623239,0.7129321399183368,0.007460151421755601,-0.0002769791419110822,0.0077960435301065445,0.49260160000267206
233__M_Left_index_finger.BMP,233,"M4 Directional Diffusion (iterations=2, step=0.12)",M4 Directional Diffusion,"{""iterations"": 2, ""step"": 0.12}",27.231448446651516,0.881167633240223,0.0018917125947972063,27.661971273102694,0.8886295534097552,0.001713179514697052,0.43052282645117756,0.007461920169532288,-0.0001785330801001544,0.010168550536036491,0.5037871999957133
233__M_Left_little_finger.BMP,233,"M4 Directional Diffusion (iterations=2, step=0.12)",M4 Directional Diffusion,"{""iterations"": 2, ""step"": 0.12}",27.517264572307603,0.8166662105587423,0.0017712242223760113,28.066799466233373,0.8269206276870071,0.0015607022388500185,0.5495348939257703,0.010254417128264803,-0.00021052198352599283,0.007146289572119713,0.502735300004133
233__M_Left_middle_finger.BMP,233,"M4 Directional Diffusion (iterations=2, step=0.12)",M4 Directional Diffusion,"{""iterations"": 2, ""step"": 0.12}",27.06610764982347,0.8987743058198094,0.00196512072088019,27.62181238316972,0.9058641497558355,0.001729094628657816,0.5557047333462499,0.0070898439360260745,-0.00023602609222237413,0.009885045699775219,0.46465339999849675
233__M_Left_ring_finger.BMP,233,"M4 Directional Diffusion (iterations=2, step=0.12)",M4 Directional Diffusion,"{""iterations"": 2, ""step"": 0.12}",27.21594022648782,0.8684191310635209,0.0018984797859420758,27.832638298232546,0.8769938032425642,0.0016471614523968778,0.6166980717447252,0.008574672179043286,-0.0002513183335451979,0.00930106546729803,0.5089093999995384
233__M_Left_thumb_finger.BMP,233,"M4 Directional Diffusion (iterations=2, step=0.12)",M4 Directional Diffusion,"{""iterations"": 2, ""step"": 0.12}",27.225324345100958,0.8898841066287756,0.0018943820305245258,27.968608637856814,0.8972914912673235,0.001596390505692,0.7432842927558561,0.007407384638547954,-0.0002979915248325258,0.008741481229662895,0.5063570999991498
233__M_Right_index_finger.BMP,233,"M4 Directional Diffusion (iterations=2, step=0.12)",M4 Directional Diffusion,"{""iterations"": 2, ""step"": 0.12}",27.50662691038512,0.8214849174355269,0.0017755679982309547,28.242006701079173,0.8315797578701377,0.0014989920511949144,0.7353797906940542,0.010094840434610841,-0.00027657594703604034,0.006233399733901024,0.5112263999981224
233__M_Right_little_finger.BMP,233,"M4 Directional Diffusion (iterations=2, step=0.12)",M4 Directional Diffusion,"{""iterations"": 2, ""step"": 0.12}",27.51716208580386,0.8188212123342753,0.0017712660209084244,28.07840913718039,0.8298367732858062,0.001556535701315546,0.5612470513765295,0.01101556095153089,-0.00021473031959287842,0.0075203473679721355,0.5081009999994421
233__M_Right_middle_finger.BMP,233,"M4 Directional Diffusion (iterations=2, step=0.12)",M4 Directional Diffusion,"{""iterations"": 2, ""step"": 0.12}",27.58550540080451,0.8223692128821611,0.001743610436767703,28.219729793345145,0.8329610027796626,0.0015067008062495243,0.6342243925406343,0.010591789897501425,-0.00023690963051817867,0.006220605224370956,0.5150842999937595
233__M_Right_ring_finger.BMP,233,"M4 Directional Diffusion (iterations=2, step=0.12)",M4 Directional Diffusion,"{""iterations"": 2, ""step"": 0.12}",27.32663857679203,0.8532075932916999,0.0018507005001051732,27.918744620215826,0.8623548359479905,0.0016148252737940086,0.5921060434237972,0.009147242656290522,-0.00023587522631116466,0.008561922237277031,0.49523250000493135
233__M_Right_thumb_finger.BMP,233,"M4 Directional Diffusion (iterations=2, step=0.12)",M4 Directional Diffusion,"{""iterations"": 2, ""step"": 0.12}",27.358350027517254,0.8703843627896904,0.0018372362139300598,28.10447688417841,0.8785460653657913,0.0015472208583688907,0.7461268566611565,0.008161702576100827,-0.00029001535556116907,0.007273990660905838,0.5185364999997546
384__F_Left_index_finger.BMP,384,"M4 Directional Diffusion (iterations=2, step=0.12)",M4 Directional Diffusion,"{""iterations"": 2, ""step"": 0.12}",27.585880267422205,0.7939810056756735,0.0017434599413858843,28.11279544036293,0.8049242354587316,0.0015442601195824707,0.5269151729407255,0.010943229783058062,-0.00019919982180341368,0.005526644177734852,0.4959664999987581
384__F_Left_little_finger.BMP,384,"M4 Directional Diffusion (iterations=2, step=0.12)",M4 Directional Diffusion,"{""iterations"": 2, ""step"": 0.12}",27.73487095126321,0.7763853534689545,0.0016846624850512509,28.19924216036454,0.7873168761861324,0.0015138253864432011,0.4643712091013299,0.0109315227171779,-0.00017083709860804975,0.00488851685076952,0.535376499996346
384__F_Left_middle_finger.BMP,384,"M4 Directional Diffusion (iterations=2, step=0.12)",M4 Directional Diffusion,"{""iterations"": 2, ""step"": 0.12}",27.118571655332776,0.8717084888616204,0.0019415243176466404,27.669477715283193,0.8807579641975164,0.001710220974753757,0.5509060599504174,0.009049475335895951,-0.00023130334289288334,0.008129515685141087,0.5119664999947418
384__F_Left_ring_finger.BMP,384,"M4 Directional Diffusion (iterations=2, step=0.12)",M4 Directional Diffusion,"{""iterations"": 2, ""step"": 0.12}",27.285154102190788,0.8293552509646416,0.0018684633767569378,27.8076539180711,0.8394248592806458,0.0016566646608635362,0.5224998158803125,0.01006960831600423,-0.00021179871589340165,0.006779192481189966,0.5615355999980238
384__F_Left_thumb_finger.BMP,384,"M4 Directional Diffusion (iterations=2, step=0.12)",M4 Directional Diffusion,"{""iterations"": 2, ""step"": 0.12}",27.318048246885297,0.8491703983755707,0.0018543648021192723,27.948536732414475,0.8581063085536956,0.0016037856628714309,0.6304884855291775,0.008935910178124895,-0.00025057913924784146,0.006789123639464378,0.5740984000003664
384__F_Right_index_finger.BMP,384,"M4 Directional Diffusion (iterations=2, step=0.12)",M4 Directional Diffusion,"{""iterations"": 2, ""step"": 0.12}",27.486196197178927,0.8517396650123894,0.0017839405619474507,28.105508636117133,0.8612017023425699,0.0015468533292890057,0.6193124389382056,0.009462037330180473,-0.000237087232658445,0.0065813930705189705,0.5248158000031253
384__F_Right_little_finger.BMP,384,"M4 Directional Diffusion (iterations=2, step=0.12)",M4 Directional Diffusion,"{""iterations"": 2, ""step"": 0.12}",28.013672442708103,0.7328998680624962,0.001579911483427486,28.432455040254588,0.7455122486820221,0.001434678189237411,0.4187825975464854,0.012612380619525965,-0.00014523329419007512,0.004645260516554117,0.5632829999958631
384__F_Right_middle_finger.BMP,384,"M4 Directional Diffusion (iterations=2, step=0.12)",M4 Directional Diffusion,"{""iterations"": 2, ""step"": 0.12}",27.627489404881164,0.8129671659176647,0.0017268358629518306,28.19200401633859,0.8237387769801616,0.0015163504984715582,0.564514611457426,0.01077161106249691,-0.0002104853644802724,0.006227162200957537,0.625443400000222
384__F_Right_ring_finger.BMP,384,"M4 Directional Diffusion (iterations=2, step=0.12)",M4 Directional Diffusion,"{""iterations"": 2, ""step"": 0.12}",27.74839173628873,0.7761508576027751,0.0016794258219157423,28.278038029395912,0.787867421184659,0.0014866070808599165,0.5296462931071808,0.011716563581883888,-0.00019281874105582584,0.006213965825736523,0.6169854000036139
384__F_Right_thumb_finger.BMP,384,"M4 Directional Diffusion (iterations=2, step=0.12)",M4 Directional Diffusion,"{""iterations"": 2, ""step"": 0.12}",27.15122576087472,0.8853496424844265,0.0019269809617181043,27.896418731557432,0.8935744231353402,0.001623148021962614,0.7451929706827123,0.008224780650913699,-0.0003038329397554902,0.00666894530877471,0.5561244000055012
218__M_Left_index_finger.BMP,218,"M4 Directional Diffusion (iterations=2, step=0.12)",M4 Directional Diffusion,"{""iterations"": 2, ""step"": 0.12}",26.95555240343883,0.8582802163401246,0.002015787555065108,27.815058356761813,0.8706027881554961,0.001653842561706357,0.8595059533229836,0.012322571815371441,-0.00036194499335875084,0.0069857812486588955,0.5547974000000977
218__M_Left_little_finger.BMP,218,"M4 Directional Diffusion (iterations=2, step=0.12)",M4 Directional Diffusion,"{""iterations"": 2, ""step"": 0.12}",27.522404178182647,0.7467122343437076,0.0017691293281806295,28.207023387111025,0.7616011687762737,0.0015111155034440997,0.6846192089283782,0.014888934432566114,-0.0002580138247365298,0.0044476636685431,0.5527080000028946
218__M_Left_middle_finger.BMP,218,"M4 Directional Diffusion (iterations=2, step=0.12)",M4 Directional Diffusion,"{""iterations"": 2, ""step"": 0.12}",26.89328640320218,0.8228105702443123,0.002044896632206302,27.626955408654624,0.8368906450577974,0.0017270482028654808,0.7336690054524446,0.014080074813485166,-0.0003178484293408213,0.005596307571977377,0.5415480000010575
218__M_Left_ring_finger.BMP,218,"M4 Directional Diffusion (iterations=2, step=0.12)",M4 Directional Diffusion,"{""iterations"": 2, ""step"": 0.12}",27.126296343694097,0.7792105915739537,0.0019380740458066112,27.881004875071387,0.7947328167876602,0.001628919088046386,0.7547085313772897,0.015522225213706498,-0.00030915495776022515,0.004667213652282953,0.5457045999937691
218__M_Left_thumb_finger.BMP,218,"M4 Directional Diffusion (iterations=2, step=0.12)",M4 Directional Diffusion,"{""iterations"": 2, ""step"": 0.12}",26.789339122859307,0.8764949646649957,0.002094431146604478,27.566028461041828,0.8863419244772196,0.0017514476214440728,0.7766893381825213,0.009846959812223943,-0.0003429835251604052,0.007818256504833698,0.5037727000017185
218__M_Right_index_finger.BMP,218,"M4 Directional Diffusion (iterations=2, step=0.12)",M4 Directional Diffusion,"{""iterations"": 2, ""step"": 0.12}",27.474097601586816,0.8698191221582293,0.00178891720049819,28.0065828846692,0.8778890079125762,0.0015824926862586172,0.5324852830823836,0.008069885754346862,-0.00020642451423957277,0.008126921951770782,0.48121639999590116
218__M_Right_little_finger.BMP,218,"M4 Directional Diffusion (iterations=2, step=0.12)",M4 Directional Diffusion,"{""iterations"": 2, ""step"": 0.12}",27.443423655111545,0.7658184392821192,0.001801596935698824,28.122830664273888,0.7797028488605618,0.0015406959238389655,0.6794070091623432,0.013884409578442614,-0.0002609010118598584,0.004935119301080704,0.4882537000012235
218__M_Right_middle_finger.BMP,218,"M4 Directional Diffusion (iterations=2, step=0.12)",M4 Directional Diffusion,"{""iterations"": 2, ""step"": 0.12}",27.217295792036982,0.8971402516595721,0.0018978873049628026,27.842411422740522,0.9047296750019193,0.0016434589382555633,0.6251156307035401,0.007589423342347135,-0.00025442836670723935,0.008298857137560844,0.517021300001943
218__M_Right_ring_finger.BMP,218,"M4 Directional Diffusion (iterations=2, step=0.12)",M4 Directional Diffusion,"{""iterations"": 2, ""step"": 0.12}",26.95709928583952,0.8327536396930217,0.002015069693990176,27.74203285718297,0.8456880618925691,0.0016818866148217058,0.7849335713434513,0.012934422199547324,-0.0003331830791684703,0.006306860595941544,0.47955350000120234
218__M_Right_thumb_finger.BMP,218,"M4 Directional Diffusion (iterations=2, step=0.12)",M4 Directional Diffusion,"{""iterations"": 2, ""step"": 0.12}",27.637037325791376,0.799559909917891,0.0017230436016656254,28.25520653959743,0.8057030949190855,0.0014944429687052192,0.6181692138060555,0.006143185001194484,-0.00022860063296040612,0.0053045982494950294,0.5164050000021234
388__F_Left_index_finger.BMP,388,"M4 Directional Diffusion (iterations=2, step=0.12)",M4 Directional Diffusion,"{""iterations"": 2, ""step"": 0.12}",27.434830134381247,0.7567465921532214,0.001805165341190282,28.049404517025177,0.7718729472796321,0.0015669659099442925,0.61457438264393,0.015126355126410695,-0.00023819943124598958,0.0041573308408260345,0.48954239999875426
388__F_Left_little_finger.BMP,388,"M4 Directional Diffusion (iterations=2, step=0.12)",M4 Directional Diffusion,"{""iterations"": 2, ""step"": 0.12}",27.98442957887024,0.6975278495342135,0.001590585584483631,28.522173014507892,0.7145188043301105,0.0014053441770830125,0.5377434356376511,0.016990954795896962,-0.0001852414074006185,0.0032227705232799053,0.4965574000016204
388__F_Left_middle_finger.BMP,388,"M4 Directional Diffusion (iterations=2, step=0.12)",M4 Directional Diffusion,"{""iterations"": 2, ""step"": 0.12}",27.399794303652847,0.7921330856817365,0.0018197870477510971,28.064427169730976,0.8060043438882828,0.001561554991997111,0.6646328660781293,0.013871258206546333,-0.00025823205575398623,0.004911169409751892,0.4966333999982453
388__F_Left_ring_finger.BMP,388,"M4 Directional Diffusion (iterations=2, step=0.12)",M4 Directional Diffusion,"{""iterations"": 2, ""step"": 0.12}",27.437567115393712,0.7653816156967879,0.0018040280606242424,28.050591672713402,0.7795667499512434,0.0015665376341212915,0.6130245573196902,0.014185134254455556,-0.00023749042650295094,0.004174600355327129,0.49777609999728156
388__F_Left_thumb_finger.BMP,388,"M4 Directional Diffusion (iterations=2, step=0.12)",M4 Directional Diffusion,"{""iterations"": 2, ""step"": 0.12}",27.17949176016525,0.8447717253379226,0.0019144799568901047,27.820118218003252,0.8556952313170433,0.0016519168312825276,0.6406264578380032,0.010923505979120729,-0.000262563125607577,0.0051915524527430534,0.5000957999945967
388__F_Right_index_finger.BMP,388,"M4 Directional Diffusion (iterations=2, step=0.12)",M4 Directional Diffusion,"{""iterations"": 2, ""step"": 0.12}",27.61372773170838,0.80119189695701,0.0017323164395644335,28.21415347961143,0.8135457337152958,0.0015086366431092148,0.6004257479030493,0.01235383675828583,-0.00022367979645521868,0.00503890123218298,0.5345386000044527
388__F_Right_little_finger.BMP,388,"M4 Directional Diffusion (iterations=2, step=0.12)",M4 Directional Diffusion,"{""iterations"": 2, ""step"": 0.12}",28.04488920137958,0.723980187090516,0.0015685959156988764,28.600181642805648,0.7381636862336993,0.0013803265315121575,0.5552924414260687,0.014183499143183287,-0.00018826938418671892,0.003916190937161446,0.5012855000022682
388__F_Right_middle_finger.BMP,388,"M4 Directional Diffusion (iterations=2, step=0.12)",M4 Directional Diffusion,"{""iterations"": 2, ""step"": 0.12}",27.313102645720537,0.8297754257121086,0.0018564776939187433,27.960602850441965,0.8410186136692762,0.0015993360070647219,0.6475002047214282,0.01124318795716761,-0.00025714168685402137,0.006119189318269491,0.48967869999614777
388__F_Right_ring_finger.BMP,388,"M4 Directional Diffusion (iterations=2, step=0.12)",M4 Directional Diffusion,"{""iterations"": 2, ""step"": 0.12}",27.716038896253863,0.7575584495838285,0.0016919834487040936,28.305637985407163,0.7708409430620075,0.0014771894642001881,0.5895990891532996,0.013282493478179003,-0.0002147939845039055,0.004567495081573725,0.49664969999867026
388__F_Right_thumb_finger.BMP,388,"M4 Directional Diffusion (iterations=2, step=0.12)",M4 Directional Diffusion,"{""iterations"": 2, ""step"": 0.12}",27.55911536979275,0.8019520732866228,0.0017542377925203654,28.164734289205064,0.8135314115505815,0.0015259017499342528,0.6056189194123149,0.011579338263958738,-0.00022833604258611258,0.004670070484280586,0.504959099998814
360__M_Left_index_finger.BMP,360,"M4 Directional Diffusion (iterations=2, step=0.12)",M4 Directional Diffusion,"{""iterations"": 2, ""step"": 0.12}",27.165084363827205,0.8898551899549961,0.0019208416481011192,27.794396115997408,0.8975020995912552,0.0016617297242741934,0.629311752170203,0.007646909636259025,-0.0002591119238269258,0.008742399513721466,0.49992090000159806
360__M_Left_little_finger.BMP,360,"M4 Directional Diffusion (iterations=2, step=0.12)",M4 Directional Diffusion,"{""iterations"": 2, ""step"": 0.12}",27.399325172695054,0.8119907206172347,0.0018199836343041967,28.003014359955237,0.8225287107889653,0.0015837935282498284,0.6036891872601835,0.010537990171730627,-0.00023619010605436825,0.006298680789768696,0.5185784999994212
360__M_Left_middle_finger.BMP,360,"M4 Directional Diffusion (iterations=2, step=0.12)",M4 Directional Diffusion,"{""iterations"": 2, ""step"": 0.12}",27.08551766612191,0.8791890184856653,0.0019563575620263644,27.755607435446098,0.8878548107569814,0.0016766378127446623,0.6700897693241892,0.00866579227131603,-0.0002797197492817021,0.007964455522596836,0.5390100000004168
360__M_Left_ring_finger.BMP,360,"M4 Directional Diffusion (iterations=2, step=0.12)",M4 Directional Diffusion,"{""iterations"": 2, ""step"": 0.12}",27.091988943418762,0.8734895505541563,0.0019534446296117437,27.72900047263137,0.881644766593039,0.0016869412297018868,0.6370115292126073,0.008155216038882696,-0.00026650339990985693,0.007995296269655228,0.596821800005273
360__M_Left_thumb_finger.BMP,360,"M4 Directional Diffusion (iterations=2, step=0.12)",M4 Directional Diffusion,"{""iterations"": 2, ""step"": 0.12}",27.026290934916474,0.9165627529365719,0.001983220059529698,27.58963158128077,0.9220240741043091,0.0017419546398274683,0.5633406463642956,0.005461321167737232,-0.00024126541970222962,0.01127828098833561,0.6263011999981245
360__M_Right_index_finger.BMP,360,"M4 Directional Diffusion (iterations=2, step=0.12)",M4 Directional Diffusion,"{""iterations"": 2, ""step"": 0.12}",27.08561337748189,0.8906102343575955,0.0019563144475988514,27.782169872738493,0.8988062834408284,0.0016664144111193727,0.6965564952566012,0.008196049083232904,-0.0002899000364794788,0.008283698000013828,0.5886365999976988
360__M_Right_little_finger.BMP,360,"M4 Directional Diffusion (iterations=2, step=0.12)",M4 Directional Diffusion,"{""iterations"": 2, ""step"": 0.12}",27.463896775058526,0.8475569175820946,0.001793123996300255,28.023625684705074,0.8575525858361721,0.0015762947588223745,0.5597289096465481,0.009995668254077494,-0.00021682923747788044,0.0077623710967600346,0.6375329000002239
360__M_Right_middle_finger.BMP,360,"M4 Directional Diffusion (iterations=2, step=0.12)",M4 Directional Diffusion,"{""iterations"": 2, ""step"": 0.12}",27.148777613505686,0.8873132509153784,0.0019280675201412143,27.881698059668256,0.8950908764036893,0.0016286591143278284,0.73292044616257,0.0077776254883109575,-0.00029940840581338586,0.008003465831279755,0.6099324999959208
360__M_Right_ring_finger.BMP,360,"M4 Directional Diffusion (iterations=2, step=0.12)",M4 Directional Diffusion,"{""iterations"": 2, ""step"": 0.12}",27.17668080215109,0.885943676270783,0.0019157194994044895,27.839569465381352,0.8932568362398744,0.001644534744868424,0.6628886632302624,0.007313159969091432,-0.0002711847545360656,0.00849284790456295,0.579054100002395
360__M_Right_thumb_finger.BMP,360,"M4 Directional Diffusion (iterations=2, step=0.12)",M4 Directional Diffusion,"{""iterations"": 2, ""step"": 0.12}",27.111307542512527,0.9121589699819982,0.0019447744747953257,28.025639468581968,0.9195711227886081,0.0015755640147614622,0.9143319260694405,0.007412152806609895,-0.00036921046003386346,0.007026452571153641,0.45919759999378584
380__M_Left_index_finger.BMP,380,"M4 Directional Diffusion (iterations=4, step=0.16)",M4 Directional Diffusion,"{""iterations"": 4, ""step"": 0.16}",27.39224514157606,0.8241426620333194,0.001822953059489075,27.89781246371032,0.8453579212979079,0.0016226272070032567,0.5055673221342616,0.02121525926458845,-0.00020032585248581816,0.016435397788882256,0.9145993999991333
380__M_Left_little_finger.BMP,380,"M4 Directional Diffusion (iterations=4, step=0.16)",M4 Directional Diffusion,"{""iterations"": 4, ""step"": 0.16}",27.71736251270148,0.7666588592921495,0.0016914678547986946,28.403460857468023,0.7936606819356083,0.0014442883703591873,0.6860983447665419,0.02700182264345885,-0.0002471794844395073,0.013250887393951416,0.9249306999990949
380__M_Left_middle_finger.BMP,380,"M4 Directional Diffusion (iterations=4, step=0.16)",M4 Directional Diffusion,"{""iterations"": 4, ""step"": 0.16}",27.121060618568507,0.8799680408276915,0.0019404119392070196,26.93316662961213,0.8920446576282978,0.002026204786898573,-0.18789398895637532,0.012076616800606232,8.579284769155335e-05,0.022589975968003273,0.9472223999982816
380__M_Left_ring_finger.BMP,380,"M4 Directional Diffusion (iterations=4, step=0.16)",M4 Directional Diffusion,"{""iterations"": 4, ""step"": 0.16}",27.285753289932494,0.8393499275820852,0.0018682056062418646,27.325446480984695,0.8569455056607723,0.0018512085689889124,0.03969319105220137,0.01759557807868717,-1.6997037252952174e-05,0.018688064068555832,0.9924344000028213
380__M_Left_thumb_finger.BMP,380,"M4 Directional Diffusion (iterations=4, step=0.16)",M4 Directional Diffusion,"{""iterations"": 4, ""step"": 0.16}",26.99028703291933,0.9075991768866778,0.001999729699585501,27.91559537448584,0.920534893517673,0.0016159966738694363,0.9253083415665095,0.012935716630995242,-0.00038373302571606473,0.017081283032894135,1.0210139000046183
380__M_Right_index_finger.BMP,380,"M4 Directional Diffusion (iterations=4, step=0.16)",M4 Directional Diffusion,"{""iterations"": 4, ""step"": 0.16}",27.368707254437247,0.8433519870930314,0.0018328599206484284,28.174699733810712,0.8637297211850286,0.0015224043865229386,0.8059924793734652,0.02037773409199717,-0.0003104555341254898,0.016374684870243073,1.0056574000045657
380__M_Right_little_finger.BMP,380,"M4 Directional Diffusion (iterations=4, step=0.16)",M4 Directional Diffusion,"{""iterations"": 4, ""step"": 0.16}",27.631904571796152,0.757674889871031,0.0017250812023077028,28.32637431470708,0.7855143331698775,0.001470153115279937,0.694469742910929,0.027839443298846467,-0.0002549280870277658,0.012523590587079525,0.9516210000001593
380__M_Right_middle_finger.BMP,380,"M4 Directional Diffusion (iterations=4, step=0.16)",M4 Directional Diffusion,"{""iterations"": 4, ""step"": 0.16}",27.17154990964595,0.8700292221297026,0.0019179841285608963,28.07281767886952,0.8892131837514042,0.0015585410018478687,0.9012677692235691,0.019183961621701662,-0.00035944312671302753,0.017428282648324966,0.9929244999948423
380__M_Right_ring_finger.BMP,380,"M4 Directional Diffusion (iterations=4, step=0.16)",M4 Directional Diffusion,"{""iterations"": 4, ""step"": 0.16}",27.430048920692375,0.7953303607811034,0.0018071537693830535,28.368745501064907,0.8209259974752665,0.001455879563843429,0.9386965803725325,0.025595636694163093,-0.00035127420553962454,0.013199704699218273,0.9706565000014962
380__M_Right_thumb_finger.BMP,380,"M4 Directional Diffusion (iterations=4, step=0.16)",M4 Directional Diffusion,"{""iterations"": 4, ""step"": 0.16}",27.05838210736847,0.8953427772864699,0.001968619529933384,28.39110715804924,0.9115859035515785,0.001448402561498701,1.3327250506807715,0.0162431262651086,-0.0005202169684346831,0.01678965613245964,0.9713039999987814
600__M_Left_index_finger.BMP,600,"M4 Directional Diffusion (iterations=4, step=0.16)",M4 Directional Diffusion,"{""iterations"": 4, ""step"": 0.16}",27.35319272178306,0.8397514104789794,0.001839419252730077,27.908702509913148,0.857117006388396,0.001618563524433738,0.5555097881300881,0.017365595909416665,-0.0002208557282963391,0.016396787017583847,1.0078338999956031
600__M_Left_little_finger.BMP,600,"M4 Directional Diffusion (iterations=4, step=0.16)",M4 Directional Diffusion,"{""iterations"": 4, ""step"": 0.16}",27.75017516117653,0.7569456012638808,0.001678736309374416,28.40955196283373,0.7826821371682287,0.0014422641341209975,0.6593768016572028,0.02573653590434788,-0.0002364721752534185,0.011967036873102188,1.035639399997308
600__M_Left_middle_finger.BMP,600,"M4 Directional Diffusion (iterations=4, step=0.16)",M4 Directional Diffusion,"{""iterations"": 4, ""step"": 0.16}",27.44947810926937,0.8171206154738665,0.0017990870980429466,28.38060148090935,0.8393327467022538,0.0014519105197214437,0.9311233716399769,0.022212131228387277,-0.0003471765783215029,0.014788281172513962,1.016966199997114
600__M_Left_ring_finger.BMP,600,"M4 Directional Diffusion (iterations=4, step=0.16)",M4 Directional Diffusion,"{""iterations"": 4, ""step"": 0.16}",27.310341456038962,0.8390093911606371,0.001857658394379474,27.894026028106225,0.8570308431931735,0.0016240425260558265,0.5836845720672628,0.018021452032536356,-0.00023361586832364753,0.016215141862630844,0.9837071000001743
600__M_Left_thumb_finger.BMP,600,"M4 Directional Diffusion (iterations=4, step=0.16)",M4 Directional Diffusion,"{""iterations"": 4, ""step"": 0.16}",27.207857503343792,0.875479294952333,0.0019020163666061496,27.50660827742852,0.889621975517869,0.001775575616138573,0.29875077408472706,0.014142680565536025,-0.00012644075046757655,0.019358016550540924,1.0378267999985837
600__M_Right_index_finger.BMP,600,"M4 Directional Diffusion (iterations=4, step=0.16)",M4 Directional Diffusion,"{""iterations"": 4, ""step"": 0.16}",27.305187216878938,0.8529470467790365,0.0018598643859407287,27.808181950629958,0.8710325450770855,0.0016564632492086662,0.5029947337510201,0.018085498298048952,-0.0002034011367320625,0.017445921897888184,1.0130608999970718
600__M_Right_little_finger.BMP,600,"M4 Directional Diffusion (iterations=4, step=0.16)",M4 Directional Diffusion,"{""iterations"": 4, ""step"": 0.16}",27.918805267842984,0.7369490548488498,0.001614802723510412,28.67269722293305,0.765030150654912,0.0013574701163381053,0.7538919550900651,0.028081095806062217,-0.00025733260717230666,0.009495284408330917,0.9222674999982701
600__M_Right_middle_finger.BMP,600,"M4 Directional Diffusion (iterations=4, step=0.16)",M4 Directional Diffusion,"{""iterations"": 4, ""step"": 0.16}",27.34016167642271,0.8407204843213558,0.001844946735382432,28.0779501178543,0.8595467469147444,0.0015567002251024153,0.7377884414315901,0.0188262625933886,-0.0002882465102800166,0.015355522744357586,0.918221200001426
600__M_Right_ring_finger.BMP,600,"M4 Directional Diffusion (iterations=4, step=0.16)",M4 Directional Diffusion,"{""iterations"": 4, ""step"": 0.16}",27.513543547532386,0.804082875896126,0.0017727424533858249,28.24232598206692,0.826290604210943,0.0014988818536007804,0.7287824345345335,0.022207728314816988,-0.00027386059978504445,0.0138277942314744,0.9422790999960853
600__M_Right_thumb_finger.BMP,600,"M4 Directional Diffusion (iterations=4, step=0.16)",M4 Directional Diffusion,"{""iterations"": 4, ""step"": 0.16}",27.40887796153935,0.8515884021518827,0.0018159847780061798,28.40561652480195,0.8716630440655947,0.0014435716601931133,0.9967385632625998,0.020074641913712,-0.0003724131178130664,0.01306777074933052,0.9211131999982172
501__M_Left_index_finger.BMP,501,"M4 Directional Diffusion (iterations=4, step=0.16)",M4 Directional Diffusion,"{""iterations"": 4, ""step"": 0.16}",27.43685245746518,0.8191895882745981,0.0018043249488174829,27.649156694815385,0.8377500921415687,0.0017182419998959676,0.21230423735020665,0.018560503866970612,-8.608294892151528e-05,0.01675625517964363,0.9226716999983182
501__M_Left_little_finger.BMP,501,"M4 Directional Diffusion (iterations=4, step=0.16)",M4 Directional Diffusion,"{""iterations"": 4, ""step"": 0.16}",27.58424679240497,0.7924946965949238,0.0017441158175301977,28.03716418684565,0.8157871182380915,0.0015713885391566117,0.45291739444068213,0.023292421643167693,-0.00017272727837358602,0.014611592516303062,0.8961385000002338
501__M_Left_middle_finger.BMP,501,"M4 Directional Diffusion (iterations=4, step=0.16)",M4 Directional Diffusion,"{""iterations"": 4, ""step"": 0.16}",27.52430149906059,0.8029155948780179,0.0017683566098870935,27.788346260962214,0.8222282789369821,0.0016640461777028231,0.26404476190162285,0.019312684058964247,-0.0001043104321842704,0.015853673219680786,0.931952300001285
501__M_Left_ring_finger.BMP,501,"M4 Directional Diffusion (iterations=4, step=0.16)",M4 Directional Diffusion,"{""iterations"": 4, ""step"": 0.16}",27.358389124902512,0.8241556460552215,0.0018372196742751177,27.490400942687497,0.8422200740469694,0.00178221422500595,0.13201181778498494,0.0180644279917479,-5.500544926916777e-05,0.017354799434542656,0.9197205000018585
501__M_Left_thumb_finger.BMP,501,"M4 Directional Diffusion (iterations=4, step=0.16)",M4 Directional Diffusion,"{""iterations"": 4, ""step"": 0.16}",27.81660114041582,0.7769351523290873,0.0016532551565629702,28.432085941922217,0.8000175186128616,0.001434800124894438,0.6154848015063976,0.023082366283774358,-0.00021845503166853216,0.013472521677613258,0.9411871999982395
501__M_Right_index_finger.BMP,501,"M4 Directional Diffusion (iterations=4, step=0.16)",M4 Directional Diffusion,"{""iterations"": 4, ""step"": 0.16}",27.4909620744602,0.8130318595907092,0.0017819839682411266,28.303285732607808,0.8349928550370336,0.0014779897654629598,0.8123236581476085,0.02196099544632435,-0.0003039942027781668,0.013076232746243477,0.947247599993716
501__M_Right_little_finger.BMP,501,"M4 Directional Diffusion (iterations=4, step=0.16)",M4 Directional Diffusion,"{""iterations"": 4, ""step"": 0.16}",27.573768505254993,0.7845928464406728,0.0017483289520418919,27.45545142011135,0.8064814302886129,0.0017966143244065916,-0.11831708514364436,0.021888583847940013,4.8285372364699746e-05,0.01739892177283764,0.969307999999728
501__M_Right_middle_finger.BMP,501,"M4 Directional Diffusion (iterations=4, step=0.16)",M4 Directional Diffusion,"{""iterations"": 4, ""step"": 0.16}",27.491269245747194,0.8174476757915616,0.0017818579351058632,27.527731914382834,0.8365765780670047,0.001766960367774431,0.03646266863563952,0.01912890227544306,-1.4897567331432094e-05,0.017168482765555382,0.9388063000005786
501__M_Right_ring_finger.BMP,501,"M4 Directional Diffusion (iterations=4, step=0.16)",M4 Directional Diffusion,"{""iterations"": 4, ""step"": 0.16}",27.778547761307667,0.7602594677556157,0.0016678048170976419,28.481955650736843,0.7868299781695605,0.0014184186565277602,0.703407889429176,0.02657051041394476,-0.0002493861605698817,0.013069470413029194,0.983617999998387
501__M_Right_thumb_finger.BMP,501,"M4 Directional Diffusion (iterations=4, step=0.16)",M4 Directional Diffusion,"{""iterations"": 4, ""step"": 0.16}",27.340959923282963,0.8611186378437876,0.001844607659556476,27.93938961390356,0.8769886976496577,0.0016071671190025748,0.5984296906205984,0.015870059805870085,-0.00023744054055390112,0.017154499888420105,0.9732823000013013
443__M_Left_index_finger.BMP,443,"M4 Directional Diffusion (iterations=4, step=0.16)",M4 Directional Diffusion,"{""iterations"": 4, ""step"": 0.16}",27.135094969734823,0.8466296955327391,0.0019341515629242856,27.923566735060973,0.871028495223701,0.0016130332750839095,0.7884717653261504,0.024398799690961814,-0.0003211182878403761,0.01784929260611534,1.0051831000018865
443__M_Left_little_finger.BMP,443,"M4 Directional Diffusion (iterations=4, step=0.16)",M4 Directional Diffusion,"{""iterations"": 4, ""step"": 0.16}",27.13340595635713,0.8394890675188899,0.0019349039195231878,27.955934801234026,0.8647991909208894,0.0016010559904531011,0.8225288448768957,0.025310123401999562,-0.00033384792907008667,0.016376923769712448,0.9877321999956621
443__M_Left_middle_finger.BMP,443,"M4 Directional Diffusion (iterations=4, step=0.16)",M4 Directional Diffusion,"{""iterations"": 4, ""step"": 0.16}",27.14151541310484,0.8253531774876117,0.0019312942998486661,27.847736058079477,0.8492325105637908,0.0016414452222959803,0.7062206449746355,0.023879333076179066,-0.00028984907755268585,0.017249049618840218,0.9847025999988546
443__M_Left_ring_finger.BMP,443,"M4 Directional Diffusion (iterations=4, step=0.16)",M4 Directional Diffusion,"{""iterations"": 4, ""step"": 0.16}",27.237265248598867,0.8298590763946772,0.0018891805912286746,27.276350452184417,0.8499448022317291,0.0018722548090425771,0.03908520358555023,0.020085725837051926,-1.692578218609746e-05,0.019993681460618973,0.9322723000004771
443__M_Left_thumb_finger.BMP,443,"M4 Directional Diffusion (iterations=4, step=0.16)",M4 Directional Diffusion,"{""iterations"": 4, ""step"": 0.16}",26.800304933742755,0.8761664312357903,0.00208914943902406,27.397579158737834,0.8967226981724501,0.0018207154777471761,0.5972742249950791,0.020556266936659795,-0.0002684339612768838,0.020627841353416443,0.9228615000029095
443__M_Right_index_finger.BMP,443,"M4 Directional Diffusion (iterations=4, step=0.16)",M4 Directional Diffusion,"{""iterations"": 4, ""step"": 0.16}",27.35710649714296,0.896552869089663,0.0018377623514359127,27.980169270414944,0.9082133871105313,0.0015921466704073668,0.6230627732719825,0.011660518020868316,-0.00024561568102854587,0.018158212304115295,0.8985113000017009
443__M_Right_little_finger.BMP,443,"M4 Directional Diffusion (iterations=4, step=0.16)",M4 Directional Diffusion,"{""iterations"": 4, ""step"": 0.16}",27.00440155233622,0.8630209608132839,0.0019932411512218785,27.99072977702543,0.8863009004974365,0.0015882798358063186,0.9863282246892098,0.02327993968415254,-0.0004049613154155599,0.017911676317453384,0.9448788999943645
443__M_Right_middle_finger.BMP,443,"M4 Directional Diffusion (iterations=4, step=0.16)",M4 Directional Diffusion,"{""iterations"": 4, ""step"": 0.16}",27.064112289055643,0.8992271602718234,0.001966023800672798,27.33449458299185,0.9123270640571713,0.0018473557713227092,0.2703822939362084,0.013099903785347977,-0.00011866802935008871,0.02163730375468731,0.9624466000022949
443__M_Right_ring_finger.BMP,443,"M4 Directional Diffusion (iterations=4, step=0.16)",M4 Directional Diffusion,"{""iterations"": 4, ""step"": 0.16}",26.925258364749403,0.8801929126424491,0.0020298977562655464,27.91711041044643,0.9007315150130987,0.0016154330318750442,0.9918520456970263,0.020538602370649528,-0.00041446472439050225,0.019436459988355637,0.9517216999956872
443__M_Right_thumb_finger.BMP,443,"M4 Directional Diffusion (iterations=4, step=0.16)",M4 Directional Diffusion,"{""iterations"": 4, ""step"": 0.16}",27.180918571542815,0.9082978897159397,0.001913851085644088,27.72876882161269,0.9181599784408212,0.0016870312129028831,0.5478502500698745,0.00986208872488148,-0.0002268198727412049,0.020177233964204788,0.9572358000004897
572__F_Left_index_finger.BMP,572,"M4 Directional Diffusion (iterations=4, step=0.16)",M4 Directional Diffusion,"{""iterations"": 4, ""step"": 0.16}",27.6241298412811,0.7974931483537555,0.001728172204909599,28.05095041272854,0.8189623542637229,0.0015664082388496389,0.4268205714474398,0.02146920590996737,-0.0001617639660599602,0.014900807291269302,1.065068900003098
572__F_Left_little_finger.BMP,572,"M4 Directional Diffusion (iterations=4, step=0.16)",M4 Directional Diffusion,"{""iterations"": 4, ""step"": 0.16}",27.812594150599153,0.7617954299381375,0.0016547812255908382,28.239824145311914,0.7888997682038545,0.0014997455620276807,0.4272299947127607,0.02710433826571701,-0.00015503566356315753,0.013352718204259872,1.0274296999996295
572__F_Left_middle_finger.BMP,572,"M4 Directional Diffusion (iterations=4, step=0.16)",M4 Directional Diffusion,"{""iterations"": 4, ""step"": 0.16}",27.320467020532956,0.8414032366846502,0.0018533323137710088,27.18557674389247,0.8586579928206205,0.0019117994204214215,-0.13489027664048692,0.017254756135970273,5.846710665041266e-05,0.01972929574549198,1.0408190000016475
572__F_Left_ring_finger.BMP,572,"M4 Directional Diffusion (iterations=4, step=0.16)",M4 Directional Diffusion,"{""iterations"": 4, ""step"": 0.16}",27.400851017810083,0.8340889724407196,0.0018193443157140715,27.37832470823365,0.8548135932831168,0.0018288055421699589,-0.022526309576434755,0.020724620842397234,9.46122645588735e-06,0.01842750981450081,1.0174168000012287
572__F_Left_thumb_finger.BMP,572,"M4 Directional Diffusion (iterations=4, step=0.16)",M4 Directional Diffusion,"{""iterations"": 4, ""step"": 0.16}",27.305828412733867,0.834587592176944,0.0018595898143411753,27.881408370007325,0.8520061803748011,0.0016287677552298341,0.5755799572734581,0.017418588197857132,-0.00023082205911134114,0.01585811749100685,1.0246805999995559
572__F_Right_index_finger.BMP,572,"M4 Directional Diffusion (iterations=4, step=0.16)",M4 Directional Diffusion,"{""iterations"": 4, ""step"": 0.16}",27.46236185610437,0.8347724638455808,0.0017937578488015497,27.958713749088282,0.8553345945471525,0.0016000318402249144,0.49635189298391325,0.020562130701571757,-0.00019372600857663525,0.01666090078651905,1.0439151999962633
572__F_Right_little_finger.BMP,572,"M4 Directional Diffusion (iterations=4, step=0.16)",M4 Directional Diffusion,"{""iterations"": 4, ""step"": 0.16}",27.974544939353972,0.7329479814072252,0.001594209915804351,28.75464723345791,0.7657400611844063,0.0013320952406824101,0.780102294103937,0.03279207977718113,-0.0002621146751219409,0.010697188787162304,1.0659138999981224
572__F_Right_middle_finger.BMP,572,"M4 Directional Diffusion (iterations=4, step=0.16)",M4 Directional Diffusion,"{""iterations"": 4, ""step"": 0.16}",27.286906419383943,0.8481148620772362,0.0018677096301195127,27.568164370460032,0.868447033991158,0.0017505864514637814,0.2812579510760891,0.02033217191392178,-0.00011712317865573128,0.019611090421676636,1.0414282999990974
572__F_Right_ring_finger.BMP,572,"M4 Directional Diffusion (iterations=4, step=0.16)",M4 Directional Diffusion,"{""iterations"": 4, ""step"": 0.16}",27.675962306992894,0.7896063315761983,0.0017076692938429667,28.085442271914086,0.8145351319156587,0.001554017026480695,0.4094799649211929,0.024928800339460433,-0.00015365226736227164,0.015346486121416092,0.9538630000024568
572__F_Right_thumb_finger.BMP,572,"M4 Directional Diffusion (iterations=4, step=0.16)",M4 Directional Diffusion,"{""iterations"": 4, ""step"": 0.16}",27.222879613560988,0.8812139176847636,0.0018954487167133127,28.491340187341194,0.8999822604336143,0.0014153569482110088,1.2684605737802066,0.01876834274885064,-0.0004800917685023039,0.015518061816692352,0.9084810000058496
29__F_Left_index_finger.BMP,29,"M4 Directional Diffusion (iterations=4, step=0.16)",M4 Directional Diffusion,"{""iterations"": 4, ""step"": 0.16}",27.623691427691885,0.7954367920094132,0.0017283466700372958,28.429067385919108,0.8191188508227766,0.00143579772679706,0.8053759582272235,0.023682058813363382,-0.0002925489432402358,0.013317538425326347,0.9564778999992996
29__F_Left_little_finger.BMP,29,"M4 Directional Diffusion (iterations=4, step=0.16)",M4 Directional Diffusion,"{""iterations"": 4, ""step"": 0.16}",27.41274074675311,0.8241425118806959,0.0018143702881231619,27.689594462029433,0.8424967894402743,0.0017023174609412048,0.2768537152763244,0.018354277559578414,-0.00011205282718195712,0.016316406428813934,0.8917250000013155
29__F_Left_middle_finger.BMP,29,"M4 Directional Diffusion (iterations=4, step=0.16)",M4 Directional Diffusion,"{""iterations"": 4, ""step"": 0.16}",27.14871397879486,0.8713243151237965,0.0019280957712296085,27.29848170305987,0.8827473019324541,0.0018627382376031653,0.14976772426501128,0.01142298680865761,-6.535753362644321e-05,0.018996654078364372,0.9341899999999441
29__F_Left_ring_finger.BMP,29,"M4 Directional Diffusion (iterations=4, step=0.16)",M4 Directional Diffusion,"{""iterations"": 4, ""step"": 0.16}",27.068069623154493,0.8852838855306506,0.0019642331563697636,26.89403155040531,0.8960625454611182,0.0020445458061292055,-0.17403807274918393,0.01077865993046756,8.031264975944192e-05,0.02119279094040394,0.9121270999967237
29__F_Left_thumb_finger.BMP,29,"M4 Directional Diffusion (iterations=4, step=0.16)",M4 Directional Diffusion,"{""iterations"": 4, ""step"": 0.16}",27.00724258759245,0.8884813020378352,0.0019919376539917696,27.719661735010735,0.9011580128840208,0.0016905726024972487,0.7124191474182844,0.012676710846185602,-0.00030136505149452094,0.017247874289751053,0.8871309000023757
29__F_Right_index_finger.BMP,29,"M4 Directional Diffusion (iterations=4, step=0.16)",M4 Directional Diffusion,"{""iterations"": 4, ""step"": 0.16}",27.13446795737326,0.8550214416386783,0.001934430826082868,27.611029298240723,0.8713052848030031,0.0017333931267861044,0.4765613408674625,0.01628384316432474,-0.00020103769929676355,0.01631578803062439,0.8621264000030351
29__F_Right_little_finger.BMP,29,"M4 Directional Diffusion (iterations=4, step=0.16)",M4 Directional Diffusion,"{""iterations"": 4, ""step"": 0.16}",27.241294751244425,0.8476442870678902,0.0018874285708654986,27.883590371821864,0.8651891328504682,0.001627949627969851,0.642295620577439,0.017544845782577978,-0.00025947894289564746,0.0158399511128664,0.9223835999946459
29__F_Right_middle_finger.BMP,29,"M4 Directional Diffusion (iterations=4, step=0.16)",M4 Directional Diffusion,"{""iterations"": 4, ""step"": 0.16}",27.250855791884682,0.83831398543185,0.0018832779466694744,27.829341733617614,0.8554704273494482,0.0016484122247991532,0.5784859417329322,0.017156441917598242,-0.00023486572187032123,0.013978667557239532,0.9271119999975781
29__F_Right_ring_finger.BMP,29,"M4 Directional Diffusion (iterations=4, step=0.16)",M4 Directional Diffusion,"{""iterations"": 4, ""step"": 0.16}",26.977191599302174,0.8919698833798766,0.002005768654746689,27.19563662780828,0.9019119687614441,0.0019073761031973221,0.2184450285061068,0.00994208538156749,-9.839255154936682e-05,0.02016156166791916,0.882611300003191
29__F_Right_thumb_finger.BMP,29,"M4 Directional Diffusion (iterations=4, step=0.16)",M4 Directional Diffusion,"{""iterations"": 4, ""step"": 0.16}",26.97520674425169,0.9095325257153511,0.0020066855602344016,27.572240794178853,0.9183927192965746,0.0017489440672339282,0.5970340499271636,0.008860193581223474,-0.0002577414930004735,0.017440395429730415,0.8787926000004518
236__M_Left_index_finger.BMP,236,"M4 Directional Diffusion (iterations=4, step=0.16)",M4 Directional Diffusion,"{""iterations"": 4, ""step"": 0.16}",27.230110186596267,0.8644258776392341,0.0018922956078444896,27.925057683532305,0.8831910200938582,0.001612479610041123,0.6949474969360381,0.01876514245462413,-0.0002798159978033665,0.017910581082105637,0.8938433000002988
236__M_Left_little_finger.BMP,236,"M4 Directional Diffusion (iterations=4, step=0.16)",M4 Directional Diffusion,"{""iterations"": 4, ""step"": 0.16}",27.487337971316265,0.8122688657089174,0.001783471619891689,28.069239324951347,0.8346771168192327,0.0015598256853388036,0.5819013536350823,0.022408251110315303,-0.00022364593455288535,0.016350653022527695,0.9486380000016652
236__M_Left_middle_finger.BMP,236,"M4 Directional Diffusion (iterations=4, step=0.16)",M4 Directional Diffusion,"{""iterations"": 4, ""step"": 0.16}",27.268425888389103,0.8386161139320135,0.0018756742278643796,27.699377667688502,0.855311782176435,0.0016984870236462365,0.43095177929939865,0.01669566824442148,-0.00017718720421814314,0.01819656975567341,0.940783799997007
236__M_Left_ring_finger.BMP,236,"M4 Directional Diffusion (iterations=4, step=0.16)",M4 Directional Diffusion,"{""iterations"": 4, ""step"": 0.16}",27.080380833903757,0.8716979291836321,0.00195867290946392,27.753990346408294,0.8914839074510336,0.001677262222579963,0.6736095125045374,0.01978597826740147,-0.0002814106868839568,0.018761595711112022,0.909118399998988
236__M_Left_thumb_finger.BMP,236,"M4 Directional Diffusion (iterations=4, step=0.16)",M4 Directional Diffusion,"{""iterations"": 4, ""step"": 0.16}",27.252487499118946,0.8528684914248585,0.0018825705047901583,27.941268416623934,0.8697695697363019,0.0016064719923014486,0.6887809175049888,0.016901078311443385,-0.0002760985124887097,0.01871078461408615,0.8758932999990066
236__M_Right_index_finger.BMP,236,"M4 Directional Diffusion (iterations=4, step=0.16)",M4 Directional Diffusion,"{""iterations"": 4, ""step"": 0.16}",27.53921246464294,0.857044079580307,0.0017622955863351969,28.50878655535186,0.8752345032719969,0.001409682617120677,0.969574090708921,0.018190423691689883,-0.0003526129692145198,0.015065492130815983,0.8513397999995505
236__M_Right_little_finger.BMP,236,"M4 Directional Diffusion (iterations=4, step=0.16)",M4 Directional Diffusion,"{""iterations"": 4, ""step"": 0.16}",27.254971723082324,0.8556590841823817,0.0018814939565873446,27.74118526895608,0.8741334575864672,0.0016822148912493814,0.4862135458737562,0.01847437340408553,-0.00019927906533796324,0.018663804978132248,0.8741781999997329
236__M_Right_middle_finger.BMP,236,"M4 Directional Diffusion (iterations=4, step=0.16)",M4 Directional Diffusion,"{""iterations"": 4, ""step"": 0.16}",27.369746618381576,0.870484657946229,0.0018324213287117393,27.38085640198472,0.883763532448113,0.0018277397615741198,0.011109783603142631,0.01327887450188403,-4.681567137619505e-06,0.020900066941976547,0.8872902000002796
236__M_Right_ring_finger.BMP,236,"M4 Directional Diffusion (iterations=4, step=0.16)",M4 Directional Diffusion,"{""iterations"": 4, ""step"": 0.16}",27.35531229242566,0.8474338980606199,0.001838521744710349,27.910071971520857,0.8664130727027655,0.0016180532229537067,0.5547596790951985,0.018979174642145602,-0.00022046852175664237,0.017633654177188873,0.8536330000060843
236__M_Right_thumb_finger.BMP,236,"M4 Directional Diffusion (iterations=4, step=0.16)",M4 Directional Diffusion,"{""iterations"": 4, ""step"": 0.16}",27.43324241478733,0.8936245013394952,0.0018058254049184786,28.93078400095846,0.9111567179774046,0.0012791503673898607,1.4975415861711312,0.01753221663790938,-0.0005266750375286179,0.014259721152484417,0.8997623000032036
71__M_Left_index_finger.BMP,71,"M4 Directional Diffusion (iterations=4, step=0.16)",M4 Directional Diffusion,"{""iterations"": 4, ""step"": 0.16}",27.400723074409225,0.852191063885957,0.0018193979144903785,27.192373917212667,0.8710108229976297,0.00190880959008577,-0.2083491571965581,0.018819759111672663,8.941167559539144e-05,0.020950322970747948,0.8949788999962038
71__M_Left_little_finger.BMP,71,"M4 Directional Diffusion (iterations=4, step=0.16)",M4 Directional Diffusion,"{""iterations"": 4, ""step"": 0.16}",27.71066654139068,0.7914544510637522,0.0016940777788120003,27.403452912212867,0.8109260677315593,0.0018182546578298317,-0.3072136291778129,0.019471616667807057,0.00012417687901783133,0.017974087968468666,0.8700610000014422
71__M_Left_middle_finger.BMP,71,"M4 Directional Diffusion (iterations=4, step=0.16)",M4 Directional Diffusion,"{""iterations"": 4, ""step"": 0.16}",27.324002819836846,0.8594442137144804,0.0018518240412643122,26.460029440371233,0.8703208586765527,0.0022594204537928018,-0.8639733794656124,0.010876644962072302,0.00040759641252848954,0.02458912879228592,0.835007299996505
71__M_Left_ring_finger.BMP,71,"M4 Directional Diffusion (iterations=4, step=0.16)",M4 Directional Diffusion,"{""iterations"": 4, ""step"": 0.16}",27.206743096008278,0.8708310496015549,0.0019025044899998523,26.409955300043706,0.8803961680614948,0.002285622328125721,-0.7967877959645726,0.009565118459939903,0.00038311783812586893,0.024852167814970016,0.8285752000010689
71__M_Left_thumb_finger.BMP,71,"M4 Directional Diffusion (iterations=4, step=0.16)",M4 Directional Diffusion,"{""iterations"": 4, ""step"": 0.16}",27.216405175825415,0.8884816764104366,0.0018982765483447198,26.89116097624341,0.8999109588499963,0.002045897644725197,-0.3252441995820057,0.011429282439559652,0.00014762109638047707,0.022783085703849792,0.8259256000019377
71__M_Right_index_finger.BMP,71,"M4 Directional Diffusion (iterations=4, step=0.16)",M4 Directional Diffusion,"{""iterations"": 4, ""step"": 0.16}",27.699973363822046,0.8149432333825231,0.0016982540681729117,28.31011723075693,0.8361625258834064,0.0014756666995072816,0.6101438669348838,0.02121929250088339,-0.00022258736866563014,0.015518713742494583,0.8086977999992087
71__M_Right_little_finger.BMP,71,"M4 Directional Diffusion (iterations=4, step=0.16)",M4 Directional Diffusion,"{""iterations"": 4, ""step"": 0.16}",27.569618878214843,0.8136471458607912,0.0017500002558434424,27.590217642985415,0.8360844804800749,0.0017417195864089425,0.020598764770571876,0.022437334619283655,-8.280669434499854e-06,0.018440714105963707,0.8227925000028335
71__M_Right_middle_finger.BMP,71,"M4 Directional Diffusion (iterations=4, step=0.16)",M4 Directional Diffusion,"{""iterations"": 4, ""step"": 0.16}",27.378813624145167,0.8729499959701598,0.0018285996722272328,27.65466713446475,0.8881720964470505,0.001716063232956392,0.27585351031958183,0.015222100476890765,-0.00011253643927084094,0.019749045372009277,0.8243006999982754
71__M_Right_ring_finger.BMP,71,"M4 Directional Diffusion (iterations=4, step=0.16)",M4 Directional Diffusion,"{""iterations"": 4, ""step"": 0.16}",27.672722631596756,0.8099496431675554,0.0017089436269009956,27.943011928266806,0.8308050357384682,0.0016058271900781834,0.2702892966700503,0.020855392570912845,-0.00010311643682281218,0.016484089195728302,0.8247733000025619
71__M_Right_thumb_finger.BMP,71,"M4 Directional Diffusion (iterations=4, step=0.16)",M4 Directional Diffusion,"{""iterations"": 4, ""step"": 0.16}",27.40409092316142,0.8698846017852724,0.0018179875622943683,28.366485555071964,0.8861463527606129,0.0014566373596566836,0.962394631910545,0.01626175097534055,-0.0003613502026376847,0.015412142500281334,0.8489354000048479
470__F_Left_index_finger.BMP,470,"M4 Directional Diffusion (iterations=4, step=0.16)",M4 Directional Diffusion,"{""iterations"": 4, ""step"": 0.16}",28.133949643174056,0.7459431124183834,0.0015367564184578272,28.61452383356209,0.7751037387856246,0.0013757756439385048,0.4805741903880332,0.02916062636724115,-0.0001609807745193224,0.012100428342819214,0.7771795999942697
470__F_Left_little_finger.BMP,470,"M4 Directional Diffusion (iterations=4, step=0.16)",M4 Directional Diffusion,"{""iterations"": 4, ""step"": 0.16}",28.327626771703812,0.7130688598952889,0.0014697292005971575,28.913973270437552,0.7461917545083762,0.0012841113154790445,0.5863464987337395,0.03312289461308726,-0.00018561788511811303,0.009799120016396046,0.818401399999857
470__F_Left_middle_finger.BMP,470,"M4 Directional Diffusion (iterations=4, step=0.16)",M4 Directional Diffusion,"{""iterations"": 4, ""step"": 0.16}",28.16470653625059,0.7449561038237215,0.001525911501017648,28.70703186085948,0.7757840264232159,0.0013467804822960797,0.542325324608889,0.030827922599494406,-0.00017913101872156826,0.012143759056925774,0.8054838000025484
470__F_Left_ring_finger.BMP,470,"M4 Directional Diffusion (iterations=4, step=0.16)",M4 Directional Diffusion,"{""iterations"": 4, ""step"": 0.16}",28.377701313850427,0.7209687273773551,0.0014528804121575277,29.11096688172648,0.7525892151289583,0.0012271659934100071,0.7332655678760531,0.0316204877516032,-0.0002257144187475205,0.00944612454622984,0.8229199000052176
470__F_Left_thumb_finger.BMP,470,"M4 Directional Diffusion (iterations=4, step=0.16)",M4 Directional Diffusion,"{""iterations"": 4, ""step"": 0.16}",27.507522688430683,0.8424409932396412,0.0017752018064236539,27.593366101316658,0.8602933613644242,0.0017404573681422957,0.08584341288597486,0.01785236812478308,-3.474443828135822e-05,0.018309233710169792,0.8139695000063512
470__F_Right_index_finger.BMP,470,"M4 Directional Diffusion (iterations=4, step=0.16)",M4 Directional Diffusion,"{""iterations"": 4, ""step"": 0.16}",28.214565289387025,0.7059878581789732,0.0015084935968839085,29.121483833394095,0.7355654481534362,0.0012241978619160875,0.9069185440070697,0.029577589974462914,-0.0002842957349678209,0.009161008521914482,0.9184548999983235
470__F_Right_little_finger.BMP,470,"M4 Directional Diffusion (iterations=4, step=0.16)",M4 Directional Diffusion,"{""iterations"": 4, ""step"": 0.16}",28.225990208025095,0.7106608752552271,0.0015045304409989717,28.9492785638855,0.7449828129366636,0.001273714648850721,0.7232883558604044,0.03432193768143643,-0.00023081579214825074,0.010166360065340996,0.9728762000013376
470__F_Right_middle_finger.BMP,470,"M4 Directional Diffusion (iterations=4, step=0.16)",M4 Directional Diffusion,"{""iterations"": 4, ""step"": 0.16}",27.99238090038815,0.7877955089430213,0.0015876761100837291,28.957121882616743,0.8165680297341347,0.001271416407738332,0.9647409822285944,0.028772520791113365,-0.00031625970234539706,0.012336219660937786,0.9239401000013459
470__F_Right_ring_finger.BMP,470,"M4 Directional Diffusion (iterations=4, step=0.16)",M4 Directional Diffusion,"{""iterations"": 4, ""step"": 0.16}",28.175147109810183,0.749459243629396,0.0015222475684804621,28.872546178203397,0.7790210367767215,0.0012964189846537244,0.6973990683932136,0.029561793147325544,-0.0002258285838267378,0.011067025363445282,0.9348549999995157
470__F_Right_thumb_finger.BMP,470,"M4 Directional Diffusion (iterations=4, step=0.16)",M4 Directional Diffusion,"{""iterations"": 4, ""step"": 0.16}",27.378970878121308,0.9028311878447532,0.001828533461539503,28.592061062728273,0.9160966852886081,0.0013829099256514317,1.2130901846069655,0.013265497443854857,-0.00044562353588807136,0.01640927791595459,0.9865800000043237
503__M_Left_index_finger.BMP,503,"M4 Directional Diffusion (iterations=4, step=0.16)",M4 Directional Diffusion,"{""iterations"": 4, ""step"": 0.16}",27.558826483469133,0.8253404413299561,0.0017543544857281078,27.49324676037306,0.8449056069201231,0.0017810467693720666,-0.06557972309607152,0.019565165590166966,2.6692283643958833e-05,0.018500279635190964,0.9152794999972684
503__M_Left_little_finger.BMP,503,"M4 Directional Diffusion (iterations=4, step=0.16)",M4 Directional Diffusion,"{""iterations"": 4, ""step"": 0.16}",27.795892542403124,0.7767085953725874,0.0016611572491486452,28.078752307408937,0.801790612493813,0.0015564127120464648,0.28285976500581356,0.025082017121225597,-0.00010474453710218037,0.014702040702104568,0.9258276000036858
503__M_Left_middle_finger.BMP,503,"M4 Directional Diffusion (iterations=4, step=0.16)",M4 Directional Diffusion,"{""iterations"": 4, ""step"": 0.16}",27.554136114835103,0.8208168461535275,0.0017562502073207595,27.50612562279711,0.8405451782464385,0.0017757729562966795,-0.048010492037992236,0.019728332092911027,1.952274897592003e-05,0.017712626606225967,0.9023394000032567
503__M_Left_ring_finger.BMP,503,"M4 Directional Diffusion (iterations=4, step=0.16)",M4 Directional Diffusion,"{""iterations"": 4, ""step"": 0.16}",27.62301142125986,0.8177495028933287,0.0017286173110234886,28.123898636541362,0.8392374505779743,0.0015403170983433689,0.5008872152815016,0.02148794768464557,-0.0001883002126801198,0.016160113736987114,0.8781332000071416
503__M_Left_thumb_finger.BMP,503,"M4 Directional Diffusion (iterations=4, step=0.16)",M4 Directional Diffusion,"{""iterations"": 4, ""step"": 0.16}",27.846020264971038,0.7823283968015909,0.0016420938459679472,28.73493257800306,0.8081599469596744,0.0013381559891800425,0.8889123130320229,0.02583155015808347,-0.00030393785678790473,0.012340385466814041,0.8673360000029788
503__M_Right_index_finger.BMP,503,"M4 Directional Diffusion (iterations=4, step=0.16)",M4 Directional Diffusion,"{""iterations"": 4, ""step"": 0.16}",27.79343889482849,0.8155751483942568,0.0016620960236962943,28.559362435780336,0.839598013280809,0.0013933613397672153,0.7659235409518459,0.024022864886552142,-0.000268734683929079,0.012733720242977142,0.8795211000033305
503__M_Right_little_finger.BMP,503,"M4 Directional Diffusion (iterations=4, step=0.16)",M4 Directional Diffusion,"{""iterations"": 4, ""step"": 0.16}",27.991153400585176,0.7409707042609454,0.0015881249178941682,28.85022066999103,0.7698378757678866,0.00130310056474074,0.8590672694058554,0.02886717150694129,-0.0002850243531534282,0.011450018733739853,0.9352495999992243
503__M_Right_middle_finger.BMP,503,"M4 Directional Diffusion (iterations=4, step=0.16)",M4 Directional Diffusion,"{""iterations"": 4, ""step"": 0.16}",27.683429520839404,0.7966362979086637,0.0017047356678858785,28.831895485211227,0.8206302282388807,0.0013086106531304466,1.1484659643718231,0.023993930330216906,-0.0003961250147554319,0.01264310535043478,0.8961669999989681
503__M_Right_ring_finger.BMP,503,"M4 Directional Diffusion (iterations=4, step=0.16)",M4 Directional Diffusion,"{""iterations"": 4, ""step"": 0.16}",27.555357865597834,0.8240069340211749,0.0017557562111187638,28.190829404120564,0.8433203260544538,0.0015167606728540566,0.6354715385227294,0.019313392033278975,-0.0002389955382647072,0.013917332515120506,0.8671133999960148
503__M_Right_thumb_finger.BMP,503,"M4 Directional Diffusion (iterations=4, step=0.16)",M4 Directional Diffusion,"{""iterations"": 4, ""step"": 0.16}",27.817514338954645,0.7458579296948016,0.0016529075602801694,28.594960210466045,0.7640618801220656,0.0013819870674412732,0.7774458715114001,0.01820395042726397,-0.00027092049283889623,0.009367032907903194,0.9180208999969182
506__M_Left_index_finger.BMP,506,"M4 Directional Diffusion (iterations=4, step=0.16)",M4 Directional Diffusion,"{""iterations"": 4, ""step"": 0.16}",27.643579359755208,0.8132179812993109,0.001720450033361916,27.88970351385459,0.8352983669525981,0.0016256597332453186,0.24612415409938393,0.022080385653287182,-9.479030011659735e-05,0.015524839982390404,0.8938048999989405
506__M_Left_little_finger.BMP,506,"M4 Directional Diffusion (iterations=4, step=0.16)",M4 Directional Diffusion,"{""iterations"": 4, ""step"": 0.16}",27.710191280563457,0.80468445682019,0.0016942631767149123,27.86523385202992,0.828680691963017,0.0016348451182031682,0.15504257146646339,0.023996235142827005,-5.941805851174416e-05,0.01611938886344433,0.9179329000035068
506__M_Left_middle_finger.BMP,506,"M4 Directional Diffusion (iterations=4, step=0.16)",M4 Directional Diffusion,"{""iterations"": 4, ""step"": 0.16}",27.570809542457887,0.8419147579144239,0.0017495205405318789,27.73707217231316,0.8606346836889982,0.0016838088304325512,0.16626262985527163,0.018719925774574264,-6.571171009932763e-05,0.01801270619034767,0.9312041000011959
506__M_Left_ring_finger.BMP,506,"M4 Directional Diffusion (iterations=4, step=0.16)",M4 Directional Diffusion,"{""iterations"": 4, ""step"": 0.16}",27.694589395511755,0.8118410489529371,0.0017003607069476518,28.112098553198102,0.8330830232030153,0.0015445079379291793,0.41750915768634655,0.021241974250078233,-0.00015585276901847254,0.01325805764645338,0.9221675000007963
506__M_Left_thumb_finger.BMP,506,"M4 Directional Diffusion (iterations=4, step=0.16)",M4 Directional Diffusion,"{""iterations"": 4, ""step"": 0.16}",27.534055045008536,0.8642787358059884,0.0017643896255386013,27.988326386592686,0.8836137922593356,0.0015891590348642976,0.4542713415841497,0.01933505645334721,-0.0001752305906743037,0.01537904143333435,0.9015033999967272
506__M_Right_index_finger.BMP,506,"M4 Directional Diffusion (iterations=4, step=0.16)",M4 Directional Diffusion,"{""iterations"": 4, ""step"": 0.16}",27.299857493641092,0.8645324024113417,0.001862148238892479,28.1559495104498,0.8842139979301691,0.0015289914221043159,0.8560920168087094,0.01968159551882742,-0.0003331568167881632,0.0153495566919446,0.9078463000041666
506__M_Right_little_finger.BMP,506,"M4 Directional Diffusion (iterations=4, step=0.16)",M4 Directional Diffusion,"{""iterations"": 4, ""step"": 0.16}",27.85389854846535,0.7702839099378586,0.0016391177192953534,28.48233315707324,0.7974516728826165,0.0014182953671973114,0.6284346086078898,0.027167762944757978,-0.000220822352098042,0.012659773230552673,0.891518399999768
506__M_Right_middle_finger.BMP,506,"M4 Directional Diffusion (iterations=4, step=0.16)",M4 Directional Diffusion,"{""iterations"": 4, ""step"": 0.16}",27.119787705399837,0.8907959406009912,0.0019409807555337767,27.810215984163975,0.9051274581177831,0.0016556876204479787,0.6904282787641378,0.014331517516791847,-0.00028529313508579806,0.01775812730193138,0.8925061999980244
506__M_Right_ring_finger.BMP,506,"M4 Directional Diffusion (iterations=4, step=0.16)",M4 Directional Diffusion,"{""iterations"": 4, ""step"": 0.16}",27.36860944686921,0.8716563114051818,0.0018329011989969962,27.901062481585864,0.8877112147162557,0.0016214133774664105,0.532453034716653,0.016054903311073843,-0.00021148782153058575,0.015409305691719055,0.9302251000044635
506__M_Right_thumb_finger.BMP,506,"M4 Directional Diffusion (iterations=4, step=0.16)",M4 Directional Diffusion,"{""iterations"": 4, ""step"": 0.16}",27.373150894179908,0.8726340962157846,0.0018309855233806663,28.400226860870003,0.8911946354689598,0.0014453642677927042,1.027075966690095,0.018560539253175246,-0.0003856212555879621,0.013636765070259571,0.876531599998998
196__M_Left_index_finger.BMP,196,"M4 Directional Diffusion (iterations=4, step=0.16)",M4 Directional Diffusion,"{""iterations"": 4, ""step"": 0.16}",27.225188033807047,0.8788863218829036,0.0018944414901145012,27.759020005968956,0.8948535606847405,0.0016753208728234464,0.5338319721619094,0.015967238801836925,-0.0002191206172910548,0.018608389422297478,0.9062841999984812
196__M_Left_little_finger.BMP,196,"M4 Directional Diffusion (iterations=4, step=0.16)",M4 Directional Diffusion,"{""iterations"": 4, ""step"": 0.16}",27.35312935031732,0.80335026320225,0.0018394460933991352,28.233120436420073,0.8290674924593567,0.0015020623359149842,0.879991086102752,0.025717229257106733,-0.00033738375748415105,0.014407319948077202,0.8753419999993639
196__M_Left_middle_finger.BMP,196,"M4 Directional Diffusion (iterations=4, step=0.16)",M4 Directional Diffusion,"{""iterations"": 4, ""step"": 0.16}",26.807005035396653,0.8383593658879399,0.00208592887731423,28.06092701861816,0.8631514132951498,0.0015628140182490915,1.253921983221506,0.02479204740720986,-0.0005231148590651383,0.01427987590432167,0.8852421999981743
196__M_Left_ring_finger.BMP,196,"M4 Directional Diffusion (iterations=4, step=0.16)",M4 Directional Diffusion,"{""iterations"": 4, ""step"": 0.16}",26.939914390359956,0.8466373486337065,0.0020230590575295833,27.893947151339805,0.865771423814416,0.001624072022259808,0.9540327609798496,0.01913407518070942,-0.00039898703526977533,0.01704699732363224,0.9012567000027047
196__M_Left_thumb_finger.BMP,196,"M4 Directional Diffusion (iterations=4, step=0.16)",M4 Directional Diffusion,"{""iterations"": 4, ""step"": 0.16}",27.17645207629467,0.8700256631715297,0.0019158203954876966,27.71955219557382,0.8838914833051562,0.001690615243312196,0.5431001192791491,0.013865820133626472,-0.00022520515217550052,0.019590189680457115,0.9217036999980337
196__M_Right_index_finger.BMP,196,"M4 Directional Diffusion (iterations=4, step=0.16)",M4 Directional Diffusion,"{""iterations"": 4, ""step"": 0.16}",27.224484755205218,0.8981884044620096,0.0018947482930095384,27.6517621968349,0.9095981882401407,0.0017172114686487675,0.4272774416296805,0.011409783778131066,-0.0001775368243607709,0.019886335358023643,0.951104400002805
196__M_Right_little_finger.BMP,196,"M4 Directional Diffusion (iterations=4, step=0.16)",M4 Directional Diffusion,"{""iterations"": 4, ""step"": 0.16}",27.235133280733237,0.8482631195524931,0.0018901082247221315,26.920453714726445,0.8632896529756189,0.0020321446982824462,-0.3146795660067916,0.015026533423125765,0.00014203647356031478,0.021535802632570267,0.9719799999948009
196__M_Right_middle_finger.BMP,196,"M4 Directional Diffusion (iterations=4, step=0.16)",M4 Directional Diffusion,"{""iterations"": 4, ""step"": 0.16}",27.164009700572716,0.8754404190505147,0.0019213170198695128,27.43816008883634,0.8875822219547034,0.0018037817605334261,0.2741503882636245,0.012141802904188648,-0.00011753525933608667,0.01978694461286068,0.9276986999975634
196__M_Right_ring_finger.BMP,196,"M4 Directional Diffusion (iterations=4, step=0.16)",M4 Directional Diffusion,"{""iterations"": 4, ""step"": 0.16}",27.057676189333762,0.8875853133841157,0.0019689395425137503,26.938271654760904,0.897921154487729,0.0020238244321511205,-0.11940453457285827,0.010335841103613297,5.488488963737012e-05,0.02249952033162117,0.9396234000014374
196__M_Right_thumb_finger.BMP,196,"M4 Directional Diffusion (iterations=4, step=0.16)",M4 Directional Diffusion,"{""iterations"": 4, ""step"": 0.16}",27.64260682140499,0.8075118985310793,0.0017208353458780567,28.735676389794705,0.8273120699108243,0.0013379268241744918,1.0930695683897156,0.01980017137974499,-0.00038290852170356484,0.011648622341454029,0.9902742000049329
265__M_Left_index_finger.BMP,265,"M4 Directional Diffusion (iterations=4, step=0.16)",M4 Directional Diffusion,"{""iterations"": 4, ""step"": 0.16}",27.37477247790581,0.8335138076359629,0.0018303019913041506,28.30018600216706,0.8583070255039931,0.0014790450414102767,0.9254135242612485,0.024793217868030126,-0.00035125694989387394,0.016055859625339508,0.8905604000028688
265__M_Left_little_finger.BMP,265,"M4 Directional Diffusion (iterations=4, step=0.16)",M4 Directional Diffusion,"{""iterations"": 4, ""step"": 0.16}",27.521793017059277,0.8208397956510186,0.0017693783065107287,27.912550682958525,0.8432822196068763,0.0016171299916264154,0.39075766589924754,0.022442423955857715,-0.0001522483148843133,0.016246918588876724,0.9083438000016031
265__M_Left_middle_finger.BMP,265,"M4 Directional Diffusion (iterations=4, step=0.16)",M4 Directional Diffusion,"{""iterations"": 4, ""step"": 0.16}",27.421710121866024,0.8523282516956031,0.0018106269814393515,27.90078399021176,0.8702839166743159,0.0016215173539469816,0.4790738683457363,0.017955664978712815,-0.00018910962749236994,0.017043735831975937,0.8994008000008762
265__M_Left_ring_finger.BMP,265,"M4 Directional Diffusion (iterations=4, step=0.16)",M4 Directional Diffusion,"{""iterations"": 4, ""step"": 0.16}",27.322529482400647,0.8486792822626233,0.0018524523763336202,27.874356466657133,0.866542308632195,0.001631414632753111,0.5518269842564862,0.0178630263695716,-0.00022103774358050911,0.017350520938634872,0.90342370000144
265__M_Left_thumb_finger.BMP,265,"M4 Directional Diffusion (iterations=4, step=0.16)",M4 Directional Diffusion,"{""iterations"": 4, ""step"": 0.16}",27.243867806531142,0.8530412479772568,0.0018863106612669986,27.913594341372008,0.8706906125723124,0.0016167414238187135,0.6697265348408656,0.017649364595055617,-0.0002695692374482851,0.018218738958239555,0.9064899000004516
265__M_Right_index_finger.BMP,265,"M4 Directional Diffusion (iterations=4, step=0.16)",M4 Directional Diffusion,"{""iterations"": 4, ""step"": 0.16}",27.994514576044143,0.7635853212453126,0.0015868962811916459,29.109173271787377,0.7907102604105473,0.001227672910211546,1.114658695743234,0.02712493916523462,-0.0003592233709800998,0.00989512912929058,0.9426496000014595
265__M_Right_little_finger.BMP,265,"M4 Directional Diffusion (iterations=4, step=0.16)",M4 Directional Diffusion,"{""iterations"": 4, ""step"": 0.16}",27.22406780249401,0.7860550264142155,0.0018949302106704036,28.467929928298418,0.8171479208843112,0.0014230069040492052,1.2438621258044087,0.031092894470095667,-0.00047192330662119844,0.012563025578856468,0.9693017000026884
265__M_Right_middle_finger.BMP,265,"M4 Directional Diffusion (iterations=4, step=0.16)",M4 Directional Diffusion,"{""iterations"": 4, ""step"": 0.16}",27.44169408769286,0.8604290589330197,0.0018023145602693164,28.310659485588193,0.8793501827941537,0.001475482461052191,0.8689653978953338,0.01892112386113398,-0.0003268320992171254,0.01499094720929861,0.999033000000054
265__M_Right_ring_finger.BMP,265,"M4 Directional Diffusion (iterations=4, step=0.16)",M4 Directional Diffusion,"{""iterations"": 4, ""step"": 0.16}",27.173464398425633,0.8322634105684161,0.0019171388150660998,28.444017718063883,0.8579274759331346,0.0014308635751932562,1.2705533196382497,0.025664065364718436,-0.0004862752398728436,0.014070950448513031,0.9763442000039504
265__M_Right_thumb_finger.BMP,265,"M4 Directional Diffusion (iterations=4, step=0.16)",M4 Directional Diffusion,"{""iterations"": 4, ""step"": 0.16}",27.140057381383137,0.9020136943075061,0.001931942790954203,28.352359862883823,0.916840121150434,0.0014613828746249005,1.2123024815006858,0.014826426842927898,-0.00047055991632930253,0.016216017305850983,1.0490740000022925
160__M_Left_index_finger.BMP,160,"M4 Directional Diffusion (iterations=4, step=0.16)",M4 Directional Diffusion,"{""iterations"": 4, ""step"": 0.16}",27.303570949514576,0.7907936160339714,0.0018605566806086,28.337151064138453,0.8177524667388797,0.0014665095436115429,1.0335801146238772,0.026958850704908333,-0.00039404713699705716,0.013410230167210102,1.0238662000047043
160__M_Left_little_finger.BMP,160,"M4 Directional Diffusion (iterations=4, step=0.16)",M4 Directional Diffusion,"{""iterations"": 4, ""step"": 0.16}",27.531663336668917,0.7885290796279312,0.0017653615622648393,27.987261832305073,0.8117627477292418,0.0015895486215374817,0.4555984956361563,0.023233668101310667,-0.00017581294072735757,0.01625506579875946,0.9902576999957091
160__M_Left_middle_finger.BMP,160,"M4 Directional Diffusion (iterations=4, step=0.16)",M4 Directional Diffusion,"{""iterations"": 4, ""step"": 0.16}",27.146254995156678,0.8256858516879678,0.0019291877718492464,28.122603889149012,0.8504978855571746,0.0015407763763078102,0.9763488939923342,0.02481203386920683,-0.00038841139554143616,0.016007397323846817,1.0616994999945746
160__M_Left_ring_finger.BMP,160,"M4 Directional Diffusion (iterations=4, step=0.16)",M4 Directional Diffusion,"{""iterations"": 4, ""step"": 0.16}",27.23062336848946,0.8173601523184181,0.001892072018894839,28.347651588994495,0.8438692889844179,0.0014629680483168204,1.1170282205050341,0.026509136665999855,-0.0004291039705780187,0.014253925532102585,1.016683000001649
160__M_Left_thumb_finger.BMP,160,"M4 Directional Diffusion (iterations=4, step=0.16)",M4 Directional Diffusion,"{""iterations"": 4, ""step"": 0.16}",27.108709341869236,0.8690183506274819,0.0019459382994065641,26.97405709839195,0.8813260258979201,0.0020072168318060837,-0.13465224347728721,0.01230767527043819,6.127853239951955e-05,0.02196875959634781,0.9509371000021929
160__M_Right_index_finger.BMP,160,"M4 Directional Diffusion (iterations=4, step=0.16)",M4 Directional Diffusion,"{""iterations"": 4, ""step"": 0.16}",26.99832164341442,0.8972657453120947,0.0019960335448471166,26.939139361482564,0.9077811732621789,0.002023420118783612,-0.05918228193185726,0.0105154279500842,2.7386573936495455e-05,0.02372683212161064,0.9295012000002316
160__M_Right_little_finger.BMP,160,"M4 Directional Diffusion (iterations=4, step=0.16)",M4 Directional Diffusion,"{""iterations"": 4, ""step"": 0.16}",27.48913865843233,0.8360082027926445,0.001782732303870606,27.992771143958063,0.8563590185930728,0.0015875334528354973,0.5036324855257313,0.0203508158004283,-0.00019519885103510865,0.01566201075911522,0.9228982999993605
160__M_Right_middle_finger.BMP,160,"M4 Directional Diffusion (iterations=4, step=0.16)",M4 Directional Diffusion,"{""iterations"": 4, ""step"": 0.16}",27.011266096070855,0.8938943397240638,0.001990093083780042,27.45852227010615,0.9068326578506828,0.0017953444065915514,0.44725617403529583,0.012938318126618942,-0.00019474867718849063,0.01991414465010166,0.8953254000007291
160__M_Right_ring_finger.BMP,160,"M4 Directional Diffusion (iterations=4, step=0.16)",M4 Directional Diffusion,"{""iterations"": 4, ""step"": 0.16}",27.07201037653663,0.8671734888896943,0.0019624516353101543,27.504225748560497,0.8820558726559877,0.0017765499598002951,0.43221537202386884,0.014882383766293472,-0.00018590167550985924,0.019661612808704376,0.9442810999971698
160__M_Right_thumb_finger.BMP,160,"M4 Directional Diffusion (iterations=4, step=0.16)",M4 Directional Diffusion,"{""iterations"": 4, ""step"": 0.16}",27.289347613496005,0.8825245719928742,0.0018666600748665795,28.519367789592977,0.9004079261498451,0.0014062522199338907,1.2300201760969713,0.017883354156970954,-0.0004604078549326888,0.01650257408618927,0.9149428000018816
62__M_Left_index_finger.BMP,62,"M4 Directional Diffusion (iterations=4, step=0.16)",M4 Directional Diffusion,"{""iterations"": 4, ""step"": 0.16}",27.274088464853573,0.8563027203037142,0.001873230211658336,27.601617763175945,0.8719862062716484,0.0017371536119988099,0.32752929832237143,0.01568348596793412,-0.0001360765996595262,0.018071677535772324,0.9195817999934661
62__M_Left_little_finger.BMP,62,"M4 Directional Diffusion (iterations=4, step=0.16)",M4 Directional Diffusion,"{""iterations"": 4, ""step"": 0.16}",27.55815447129063,0.7999236232132911,0.0017546259694440607,28.029881564843357,0.8208315680866838,0.0015740257886701252,0.471727093552726,0.020907944873392648,-0.00018060018077393548,0.015019597485661507,0.9217404000009992
62__M_Left_middle_finger.BMP,62,"M4 Directional Diffusion (iterations=4, step=0.16)",M4 Directional Diffusion,"{""iterations"": 4, ""step"": 0.16}",27.09364508069681,0.8829929620497823,0.0019526998456379572,27.156315897886568,0.8938215243316889,0.0019247237717933694,0.06267081718975831,0.01082856228190665,-2.7976073844587866e-05,0.021308422088623047,0.9621317999990424
62__M_Left_ring_finger.BMP,62,"M4 Directional Diffusion (iterations=4, step=0.16)",M4 Directional Diffusion,"{""iterations"": 4, ""step"": 0.16}",27.34469167000693,0.8460635849570334,0.0018430233308815236,27.5796796713402,0.861531952271074,0.0017459509267176646,0.2349880013332708,0.015468367314040665,-9.707240416385898e-05,0.01670665666460991,0.9575254000010318
62__M_Left_thumb_finger.BMP,62,"M4 Directional Diffusion (iterations=4, step=0.16)",M4 Directional Diffusion,"{""iterations"": 4, ""step"": 0.16}",27.055077921169186,0.8918692719667852,0.0019701178590208713,27.457820561950605,0.9037245928801299,0.0017956345114964881,0.40274264078141897,0.011855320913344625,-0.0001744833475243832,0.02106473222374916,0.934078700003738
62__M_Right_index_finger.BMP,62,"M4 Directional Diffusion (iterations=4, step=0.16)",M4 Directional Diffusion,"{""iterations"": 4, ""step"": 0.16}",27.219071292957725,0.8454904471601248,0.0018971115612948335,27.94559438512302,0.863788672969222,0.0016048725966193006,0.7265230921652943,0.018298225809097235,-0.0002922389646755328,0.017297381535172462,0.9353478000048199
62__M_Right_little_finger.BMP,62,"M4 Directional Diffusion (iterations=4, step=0.16)",M4 Directional Diffusion,"{""iterations"": 4, ""step"": 0.16}",27.345322944919694,0.8500274815535546,0.001842755455076693,27.94977222047601,0.8672874613038302,0.0016033294801878354,0.6044492755563162,0.0172599797502756,-0.00023942597488885772,0.01669299043715,0.9441657999996096
62__M_Right_middle_finger.BMP,62,"M4 Directional Diffusion (iterations=4, step=0.16)",M4 Directional Diffusion,"{""iterations"": 4, ""step"": 0.16}",27.108900613178943,0.8883837219081521,0.001945852598577628,27.459718580604026,0.9009621353179812,0.001794849927922859,0.3508179674250833,0.012578413409829126,-0.00015100267065476904,0.020477652549743652,0.9515041999984533
62__M_Right_ring_finger.BMP,62,"M4 Directional Diffusion (iterations=4, step=0.16)",M4 Directional Diffusion,"{""iterations"": 4, ""step"": 0.16}",27.062684935819536,0.8746964724934995,0.0019666700606983125,27.646631584176866,0.888986500633061,0.0017192413247584708,0.5839466483573297,0.014290028139561484,-0.0002474287359398417,0.018231401219964027,0.8634783999950741
62__M_Right_thumb_finger.BMP,62,"M4 Directional Diffusion (iterations=4, step=0.16)",M4 Directional Diffusion,"{""iterations"": 4, ""step"": 0.16}",26.926085992200093,0.9124182408870757,0.0020295109590327716,27.674659433815382,0.9217531298549771,0.0017081816674451994,0.7485734416152887,0.009334888967901467,-0.0003213292915875722,0.018473273143172264,0.9015148999969824
298__M_Left_index_finger.BMP,298,"M4 Directional Diffusion (iterations=4, step=0.16)",M4 Directional Diffusion,"{""iterations"": 4, ""step"": 0.16}",27.21506173666514,0.8980616415718198,0.001898863848814617,27.106582817780197,0.9078684895973802,0.0019468913619285302,-0.10847891888494487,0.009806848025560422,4.8027513113913086e-05,0.021230416372418404,0.9194521000026725
298__M_Left_little_finger.BMP,298,"M4 Directional Diffusion (iterations=4, step=0.16)",M4 Directional Diffusion,"{""iterations"": 4, ""step"": 0.16}",27.668090636120375,0.8152994267068505,0.0017107672839618286,27.849548134375407,0.8356886925361157,0.001640760478727878,0.18145749825503188,0.020389265829265146,-7.000680523395054e-05,0.016949042677879333,0.9303156000023591
298__M_Left_middle_finger.BMP,298,"M4 Directional Diffusion (iterations=4, step=0.16)",M4 Directional Diffusion,"{""iterations"": 4, ""step"": 0.16}",26.89100259050226,0.8927949140241146,0.002045972259286786,27.586799372435156,0.9091378796297311,0.0017430910089474214,0.695796781932895,0.016342965605616544,-0.00030288125033936476,0.020044472068548203,0.952380800001265
298__M_Left_ring_finger.BMP,298,"M4 Directional Diffusion (iterations=4, step=0.16)",M4 Directional Diffusion,"{""iterations"": 4, ""step"": 0.16}",26.974147312555235,0.8789561929982305,0.0020071751371694177,27.37823108561863,0.8950591628278494,0.0018288449668943953,0.4040837730633946,0.016102969829618896,-0.00017833017027502236,0.020308280363678932,0.9183675000022049
298__M_Left_thumb_finger.BMP,298,"M4 Directional Diffusion (iterations=4, step=0.16)",M4 Directional Diffusion,"{""iterations"": 4, ""step"": 0.16}",27.617141552360607,0.8357814332177043,0.0017309552677832224,28.233469456662263,0.8555876242309809,0.001501941627704997,0.6163279043016558,0.01980619101327663,-0.00022901364007822536,0.013150211423635483,0.9669652000011411
298__M_Right_index_finger.BMP,298,"M4 Directional Diffusion (iterations=4, step=0.16)",M4 Directional Diffusion,"{""iterations"": 4, ""step"": 0.16}",27.472722246295017,0.8526852923721671,0.001789483817498891,28.324157847258732,0.869633390606165,0.001470903614841432,0.8514356009637147,0.0169480982339979,-0.0003185802026574589,0.015908634290099144,0.9675166000015452
298__M_Right_little_finger.BMP,298,"M4 Directional Diffusion (iterations=4, step=0.16)",M4 Directional Diffusion,"{""iterations"": 4, ""step"": 0.16}",27.499072655778257,0.8438631699736119,0.0017786591646247179,27.52431742053942,0.8611375966662168,0.0017683501270046508,0.025244764761161775,0.017274426692604927,-1.0309037620067013e-05,0.018019134178757668,0.9514517999996315
298__M_Right_middle_finger.BMP,298,"M4 Directional Diffusion (iterations=4, step=0.16)",M4 Directional Diffusion,"{""iterations"": 4, ""step"": 0.16}",27.220693528847182,0.9116894049499035,0.00189640305868329,27.4088779484629,0.9192939193422794,0.0018159847834740446,0.18818441961571963,0.007604514392375972,-8.041827520924544e-05,0.02142460271716118,0.9641783999977633
298__M_Right_ring_finger.BMP,298,"M4 Directional Diffusion (iterations=4, step=0.16)",M4 Directional Diffusion,"{""iterations"": 4, ""step"": 0.16}",27.422696694736175,0.8674880841903388,0.0018102157138198314,27.291981438659406,0.8811684553840756,0.0018655283621775663,-0.13071525607676904,0.013680371193736773,5.5312648357734974e-05,0.020522594451904297,0.9664210000046296
298__M_Right_thumb_finger.BMP,298,"M4 Directional Diffusion (iterations=4, step=0.16)",M4 Directional Diffusion,"{""iterations"": 4, ""step"": 0.16}",27.224693413952195,0.9114079438939094,0.0018946572611581649,28.577677664770754,0.9247946611997485,0.0013874975774474858,1.352984250818558,0.013386717305839069,-0.0005071596837106791,0.015398509800434113,0.967666200005624
249__M_Left_index_finger.BMP,249,"M4 Directional Diffusion (iterations=4, step=0.16)",M4 Directional Diffusion,"{""iterations"": 4, ""step"": 0.16}",27.124570472016103,0.7470878210087121,0.0019388443829746948,28.444049736668532,0.7843985201784373,0.0014308530261100535,1.3194792646524292,0.03731069916972518,-0.0005079913568646413,0.00975347775965929,0.927456199999142
249__M_Left_little_finger.BMP,249,"M4 Directional Diffusion (iterations=4, step=0.16)",M4 Directional Diffusion,"{""iterations"": 4, ""step"": 0.16}",27.850348680485556,0.7587672882475555,0.0016404580610319855,28.210979911533805,0.7837834691428542,0.0015097394687318855,0.3606312310482487,0.02501618089529878,-0.00013071859230009996,0.013739529065787792,0.9309924999979557
249__M_Left_middle_finger.BMP,249,"M4 Directional Diffusion (iterations=4, step=0.16)",M4 Directional Diffusion,"{""iterations"": 4, ""step"": 0.16}",27.086136842742746,0.7350637589780092,0.0019560786626691674,28.438196794008483,0.7725921591026187,0.0014327826722030936,1.352059951265737,0.03752840012460945,-0.0005232959904660738,0.00966012105345726,0.9275771000029636
249__M_Left_ring_finger.BMP,249,"M4 Directional Diffusion (iterations=4, step=0.16)",M4 Directional Diffusion,"{""iterations"": 4, ""step"": 0.16}",27.286670865582614,0.700930704194814,0.0018678109342006519,28.578625249906686,0.7429413684042097,0.0013871948730128265,1.2919543843240717,0.0420106642093957,-0.0004806160611878253,0.008698874153196812,0.9318683000019519
249__M_Left_thumb_finger.BMP,249,"M4 Directional Diffusion (iterations=4, step=0.16)",M4 Directional Diffusion,"{""iterations"": 4, ""step"": 0.16}",26.984771156079184,0.8261111951120794,0.0020022711250024757,28.562564583800267,0.8549778361483812,0.0013923343626876846,1.5777934277210832,0.028866641036301766,-0.0006099367623147911,0.01381838507950306,0.935800699997344
249__M_Right_index_finger.BMP,249,"M4 Directional Diffusion (iterations=4, step=0.16)",M4 Directional Diffusion,"{""iterations"": 4, ""step"": 0.16}",27.925095882335967,0.77181945014894,0.001612465427378501,29.0982985327254,0.7980330582554936,0.0012307508566411435,1.1732026503894346,0.0262136081065536,-0.00038171457073735756,0.010190851986408234,0.9187201000022469
249__M_Right_little_finger.BMP,249,"M4 Directional Diffusion (iterations=4, step=0.16)",M4 Directional Diffusion,"{""iterations"": 4, ""step"": 0.16}",27.657119233589647,0.6353878059021234,0.001715094588497569,28.75862457998538,0.6781919005369544,0.0013308758424985156,1.101505346395733,0.042804094634831036,-0.0003842187459990533,0.007159463129937649,0.9253161000015098
249__M_Right_middle_finger.BMP,249,"M4 Directional Diffusion (iterations=4, step=0.16)",M4 Directional Diffusion,"{""iterations"": 4, ""step"": 0.16}",27.168536038644476,0.7934208035671115,0.0019193156128915168,28.60069626395675,0.8263048679709435,0.0013801629781691376,1.4321602253122734,0.03288406440383196,-0.0005391526347223792,0.012194273993372917,0.9377533000006224
249__M_Right_ring_finger.BMP,249,"M4 Directional Diffusion (iterations=4, step=0.16)",M4 Directional Diffusion,"{""iterations"": 4, ""step"": 0.16}",27.08777009207556,0.788884221210897,0.0019553431793387643,28.63394542381723,0.825307927266717,0.0013696369302938624,1.5461753317416722,0.036423706055820015,-0.000585706249044902,0.01131562702357769,0.9556058999951347
249__M_Right_thumb_finger.BMP,249,"M4 Directional Diffusion (iterations=4, step=0.16)",M4 Directional Diffusion,"{""iterations"": 4, ""step"": 0.16}",28.10834497793756,0.6780079972983599,0.001545843421819905,29.435899718611562,0.7069133423468769,0.0011387018550046792,1.3275547406740031,0.02890534504851694,-0.0004071415668152258,0.008401503786444664,0.9416947999998229
393__M_Left_index_finger.BMP,393,"M4 Directional Diffusion (iterations=4, step=0.16)",M4 Directional Diffusion,"{""iterations"": 4, ""step"": 0.16}",27.308206704505906,0.8914485091529191,0.0018585717409852326,27.4543183915112,0.9038905884745121,0.0017970831033241755,0.14611168700529475,0.012442079321593025,-6.148863766105715e-05,0.02086613141000271,0.949946100001398
393__M_Left_little_finger.BMP,393,"M4 Directional Diffusion (iterations=4, step=0.16)",M4 Directional Diffusion,"{""iterations"": 4, ""step"": 0.16}",27.318831886242837,0.8610343153392672,0.0018540302314057613,27.294848245979722,0.8774767331601381,0.0018642973206115076,-0.023983640263114836,0.016442417820870858,1.0267089205746307e-05,0.020853770896792412,0.9191423000011127
393__M_Left_middle_finger.BMP,393,"M4 Directional Diffusion (iterations=4, step=0.16)",M4 Directional Diffusion,"{""iterations"": 4, ""step"": 0.16}",27.599379652066386,0.8259976084778606,0.0017380490746276103,27.132653083610677,0.8422442422325015,0.0019352393745571662,-0.4667265684557087,0.01624663375464086,0.00019719029992955588,0.020199816673994064,0.9962894999989658
393__M_Left_ring_finger.BMP,393,"M4 Directional Diffusion (iterations=4, step=0.16)",M4 Directional Diffusion,"{""iterations"": 4, ""step"": 0.16}",27.3096594584879,0.8725850996860862,0.001857950136045422,27.39971868345442,0.8856937417114973,0.0018198187345123743,0.09005922496652019,0.013108642025411066,-3.8131401533047756e-05,0.020224599167704582,0.9571040000009816
393__M_Left_thumb_finger.BMP,393,"M4 Directional Diffusion (iterations=4, step=0.16)",M4 Directional Diffusion,"{""iterations"": 4, ""step"": 0.16}",27.203729999603823,0.8870638376303315,0.0019038248886444147,28.215025826734763,0.9023946412770152,0.0015083336407169326,1.0112958271309402,0.01533080364668371,-0.00039549124792748213,0.017032058909535408,0.9445083000027807
393__M_Right_index_finger.BMP,393,"M4 Directional Diffusion (iterations=4, step=0.16)",M4 Directional Diffusion,"{""iterations"": 4, ""step"": 0.16}",27.18564958969017,0.8956395128723978,0.0019117673533812795,27.53940582207744,0.9078283619077802,0.0017622171268147132,0.3537562323872727,0.01218884903538231,-0.00014955022656656632,0.01975933648645878,0.9504761999996845
393__M_Right_little_finger.BMP,393,"M4 Directional Diffusion (iterations=4, step=0.16)",M4 Directional Diffusion,"{""iterations"": 4, ""step"": 0.16}",27.38883507911954,0.8566403560225367,0.0018243849968554713,27.918474298682725,0.8743472796006799,0.001614925789837289,0.5296392195631832,0.017706923578143186,-0.00020945920701818227,0.01778087206184864,0.8886219999985769
393__M_Right_middle_finger.BMP,393,"M4 Directional Diffusion (iterations=4, step=0.16)",M4 Directional Diffusion,"{""iterations"": 4, ""step"": 0.16}",27.34189386160175,0.8759159202563465,0.0018442110244102443,28.08448852921164,0.8918782421383857,0.0015543583375531964,0.7425946676098896,0.015962321882039276,-0.00028985268685704797,0.017245449125766754,0.8943580999984988
393__M_Right_ring_finger.BMP,393,"M4 Directional Diffusion (iterations=4, step=0.16)",M4 Directional Diffusion,"{""iterations"": 4, ""step"": 0.16}",27.53648716712822,0.8377262864155174,0.0017634018143036256,27.87387835943623,0.8550101060506702,0.0016315942422310617,0.33739119230800796,0.017283819635152797,-0.00013180757207256386,0.01716277003288269,0.8804225999992923
393__M_Right_thumb_finger.BMP,393,"M4 Directional Diffusion (iterations=4, step=0.16)",M4 Directional Diffusion,"{""iterations"": 4, ""step"": 0.16}",27.279869519902554,0.8713236901729107,0.0018707383442700316,27.942148040820737,0.8873665110622645,0.0016061466488766552,0.6622785209181821,0.016042820889353826,-0.00026459169539337635,0.017344096675515175,0.8985891000047559
245__M_Left_index_finger.BMP,245,"M4 Directional Diffusion (iterations=4, step=0.16)",M4 Directional Diffusion,"{""iterations"": 4, ""step"": 0.16}",27.369483519165946,0.8475481766363681,0.0018325323416851827,28.11967989920359,0.8698510904461145,0.001541814089606424,0.750196380037643,0.022302913809746472,-0.00029071825207875883,0.016024824231863022,0.892027900001267
245__M_Left_little_finger.BMP,245,"M4 Directional Diffusion (iterations=4, step=0.16)",M4 Directional Diffusion,"{""iterations"": 4, ""step"": 0.16}",27.90731007442499,0.7520611994141341,0.0016190825516656838,28.806283793257982,0.7823784524558782,0.0013163507362366506,0.8989737188329912,0.030317253041744152,-0.0003027318154290332,0.010488217696547508,0.8729357999982312
245__M_Left_middle_finger.BMP,245,"M4 Directional Diffusion (iterations=4, step=0.16)",M4 Directional Diffusion,"{""iterations"": 4, ""step"": 0.16}",27.144213089173356,0.8857407036245465,0.0019300950240497081,27.488615784498375,0.9006802332367301,0.0017829469509378173,0.34440269532501944,0.014939529612183589,-0.00014714807311189083,0.019553693011403084,0.8948304999939865
245__M_Left_ring_finger.BMP,245,"M4 Directional Diffusion (iterations=4, step=0.16)",M4 Directional Diffusion,"{""iterations"": 4, ""step"": 0.16}",27.034777154693998,0.8768079179877639,0.0019793485830217304,27.506484762011326,0.892136039989233,0.0017756261150720864,0.4717076073173274,0.015328122001469047,-0.00020372246794964403,0.019125966355204582,0.9050262000018847
245__M_Left_thumb_finger.BMP,245,"M4 Directional Diffusion (iterations=4, step=0.16)",M4 Directional Diffusion,"{""iterations"": 4, ""step"": 0.16}",27.29682163769929,0.864652694988966,0.0018634503945447873,27.918756079522087,0.8829258956555724,0.0016148210129171775,0.6219344418227983,0.018273200666606426,-0.0002486293816276097,0.018815375864505768,0.8660251999972388
245__M_Right_index_finger.BMP,245,"M4 Directional Diffusion (iterations=4, step=0.16)",M4 Directional Diffusion,"{""iterations"": 4, ""step"": 0.16}",27.86161374413362,0.7314716830980778,0.0016362084288809222,28.58716991259535,0.7455188898637891,0.0013844682761938755,0.7255561684617291,0.014047206765711362,-0.0002517401526870467,0.01103760115802288,0.9923458999983268
245__M_Right_little_finger.BMP,245,"M4 Directional Diffusion (iterations=4, step=0.16)",M4 Directional Diffusion,"{""iterations"": 4, ""step"": 0.16}",27.759733272900732,0.7882265864093005,0.0016750457477857116,28.381746248236656,0.8136239532268643,0.0014515278575520615,0.6220129753359238,0.02539736681756377,-0.00022351789023365015,0.013344811275601387,0.9216152000008151
245__M_Right_middle_finger.BMP,245,"M4 Directional Diffusion (iterations=4, step=0.16)",M4 Directional Diffusion,"{""iterations"": 4, ""step"": 0.16}",27.610087418904833,0.8386277327285409,0.0017337690984571036,27.97098669597956,0.8546284511919021,0.001595516612426494,0.3608992770747257,0.016000718463361263,-0.0001382524860306096,0.016631171107292175,0.9373116999995545
245__M_Right_ring_finger.BMP,245,"M4 Directional Diffusion (iterations=4, step=0.16)",M4 Directional Diffusion,"{""iterations"": 4, ""step"": 0.16}",27.62839155773911,0.8352236195013225,0.0017264771874037441,27.86253302042813,0.8556102296426892,0.00163586212734931,0.23414146268902059,0.020386610141366668,-9.061506005443414e-05,0.01653427444398403,0.9411383999977261
245__M_Right_thumb_finger.BMP,245,"M4 Directional Diffusion (iterations=4, step=0.16)",M4 Directional Diffusion,"{""iterations"": 4, ""step"": 0.16}",27.02799729760429,0.9315969390202463,0.0019824409964453883,28.052223457226674,0.9405184035571813,0.001565949145944651,1.0242261596223834,0.008921464536934987,-0.0004164918505007373,0.019665904343128204,0.9107248000000254
353__M_Left_index_finger.BMP,353,"M4 Directional Diffusion (iterations=4, step=0.16)",M4 Directional Diffusion,"{""iterations"": 4, ""step"": 0.16}",27.210708483175573,0.7456378089148998,0.0019007681741822528,28.360597730895428,0.7784264899225831,0.0014586134936557373,1.1498892477198552,0.032788681007683285,-0.0004421546805265155,0.00923803448677063,0.952998499997193
353__M_Left_little_finger.BMP,353,"M4 Directional Diffusion (iterations=4, step=0.16)",M4 Directional Diffusion,"{""iterations"": 4, ""step"": 0.16}",27.310469338294897,0.8111156491096616,0.0018576036946173202,28.341485923015178,0.838942195840776,0.0014650464947829115,1.0310165847202803,0.0278265467311144,-0.00039255719983440876,0.014717793092131615,0.9287046000026749
353__M_Left_middle_finger.BMP,353,"M4 Directional Diffusion (iterations=4, step=0.16)",M4 Directional Diffusion,"{""iterations"": 4, ""step"": 0.16}",27.07881538087769,0.8079627258788943,0.001959379057768534,28.275885476682873,0.8369640808805228,0.0014873440907459015,1.1970700958051843,0.02900135500162848,-0.0004720349670226326,0.012161227874457836,0.935058899995056
353__M_Left_ring_finger.BMP,353,"M4 Directional Diffusion (iterations=4, step=0.16)",M4 Directional Diffusion,"{""iterations"": 4, ""step"": 0.16}",26.889426053059687,0.8387388352847099,0.0020467151048752454,28.07188069456319,0.8647162400765419,0.0015588772911777156,1.1824546415035044,0.02597740479183197,-0.0004878378136975298,0.01484588161110878,0.9146878000028664
353__M_Left_thumb_finger.BMP,353,"M4 Directional Diffusion (iterations=4, step=0.16)",M4 Directional Diffusion,"{""iterations"": 4, ""step"": 0.16}",27.050436755067842,0.817199472497642,0.0019722243862978625,28.60737076332816,0.8457838994449675,0.0013780434896102233,1.556934008260317,0.028584426947325436,-0.0005941808966876392,0.012842172756791115,0.9185103999989224
353__M_Right_index_finger.BMP,353,"M4 Directional Diffusion (iterations=4, step=0.16)",M4 Directional Diffusion,"{""iterations"": 4, ""step"": 0.16}",27.759630496506418,0.7777755392009615,0.001675085388445793,28.740243515567883,0.8032195895138979,0.0013365205736897297,0.9806130190614653,0.025444050312936395,-0.00033856481475606336,0.010516269132494926,0.9397611000022152
353__M_Right_little_finger.BMP,353,"M4 Directional Diffusion (iterations=4, step=0.16)",M4 Directional Diffusion,"{""iterations"": 4, ""step"": 0.16}",27.173805315813695,0.7856670542563796,0.001916988327244512,28.528460026400296,0.8196295729733706,0.0014033112193169272,1.3546547105866011,0.033962518716990964,-0.0005136771079275848,0.011892647482454777,0.9193180999936885
353__M_Right_middle_finger.BMP,353,"M4 Directional Diffusion (iterations=4, step=0.16)",M4 Directional Diffusion,"{""iterations"": 4, ""step"": 0.16}",26.857230134638407,0.8565264380849004,0.002061944571451783,28.289577608588132,0.883197286523819,0.0014826622807059219,1.4323474739497257,0.02667084843891865,-0.0005792822907458612,0.014302130788564682,0.9416931999949156
353__M_Right_ring_finger.BMP,353,"M4 Directional Diffusion (iterations=4, step=0.16)",M4 Directional Diffusion,"{""iterations"": 4, ""step"": 0.16}",26.911811584863287,0.8226192198185026,0.0020361925377766475,28.54463556628845,0.8577099206836224,0.001398094230028253,1.6328239814251617,0.035090700865119784,-0.0006380983077483944,0.012400227598845959,0.9219998000044143
353__M_Right_thumb_finger.BMP,353,"M4 Directional Diffusion (iterations=4, step=0.16)",M4 Directional Diffusion,"{""iterations"": 4, ""step"": 0.16}",27.32793629146971,0.8724088980541229,0.0018501475751853827,28.525108137987985,0.8880761666484475,0.001404394714146879,1.1971718465182732,0.015667268594324546,-0.00044575286103850373,0.013417765498161316,0.9325097000037204
382__M_Left_index_finger.BMP,382,"M4 Directional Diffusion (iterations=4, step=0.16)",M4 Directional Diffusion,"{""iterations"": 4, ""step"": 0.16}",27.724036629139857,0.7947871396856904,0.0016888704505084351,27.284072370407966,0.8138768665279746,0.001868928827744695,-0.4399642587318908,0.01908972684228427,0.0001800583772362599,0.01911989599466324,0.9103137999991304
382__M_Left_little_finger.BMP,382,"M4 Directional Diffusion (iterations=4, step=0.16)",M4 Directional Diffusion,"{""iterations"": 4, ""step"": 0.16}",27.09271034075746,0.893729249388218,0.0019531201740218458,27.162892442010737,0.9060504973256588,0.0019218113581860687,0.07018210125327684,0.012321247937440827,-3.130881583577705e-05,0.02251572720706463,0.9493593000006513
382__M_Left_middle_finger.BMP,382,"M4 Directional Diffusion (iterations=4, step=0.16)",M4 Directional Diffusion,"{""iterations"": 4, ""step"": 0.16}",27.57607971360535,0.8350109269056917,0.0017473987819297552,27.62640252566095,0.8508655926876664,0.001727268080483647,0.05032281205560096,0.015854665781974697,-2.013070144610816e-05,0.018901608884334564,0.9015326000007917
382__M_Left_ring_finger.BMP,382,"M4 Directional Diffusion (iterations=4, step=0.16)",M4 Directional Diffusion,"{""iterations"": 4, ""step"": 0.16}",27.060884356324884,0.8998926139307618,0.0019674856086986654,27.013122874588596,0.9108125651549697,0.001989242423124724,-0.04776148173628769,0.010919951224207858,2.1756814426058656e-05,0.023236598819494247,0.9026775999955134
382__M_Left_thumb_finger.BMP,382,"M4 Directional Diffusion (iterations=4, step=0.16)",M4 Directional Diffusion,"{""iterations"": 4, ""step"": 0.16}",27.255791680260188,0.8907386924384832,0.0018811387600763264,28.092308446470803,0.9055062951604724,0.0015515620742935776,0.8365167662106145,0.014767602721989181,-0.0003295766857827488,0.019325479865074158,0.8957721999977366
382__M_Right_index_finger.BMP,382,"M4 Directional Diffusion (iterations=4, step=0.16)",M4 Directional Diffusion,"{""iterations"": 4, ""step"": 0.16}",27.455173245065584,0.8698757472695112,0.0017967294051407137,27.868217025134015,0.8876176919654608,0.0016337225270684436,0.41304378006843123,0.017741944695949585,-0.0001630068780722701,0.019230326637625694,0.9449101999998675
382__M_Right_little_finger.BMP,382,"M4 Directional Diffusion (iterations=4, step=0.16)",M4 Directional Diffusion,"{""iterations"": 4, ""step"": 0.16}",27.739852403413927,0.8104227801680863,0.001682731248342592,28.018782279376374,0.8324624563652278,0.0015780536789889218,0.2789298759624472,0.022039676197141422,-0.00010467756935367018,0.01722540706396103,0.9787588999970467
382__M_Right_middle_finger.BMP,382,"M4 Directional Diffusion (iterations=4, step=0.16)",M4 Directional Diffusion,"{""iterations"": 4, ""step"": 0.16}",27.363344701743767,0.8778663659537435,0.0018351244851289054,27.398674041473036,0.8913207002268434,0.0018202565221851015,0.03532933972926955,0.013454334273099944,-1.486796294380391e-05,0.021711336448788643,0.9622151000003214
382__M_Right_ring_finger.BMP,382,"M4 Directional Diffusion (iterations=4, step=0.16)",M4 Directional Diffusion,"{""iterations"": 4, ""step"": 0.16}",27.682723706584703,0.8205907543003559,0.0017050127435947287,28.35481115124501,0.8413135185921788,0.0014605582590240483,0.6720874446603062,0.02072276429182296,-0.0002444544845706803,0.01600484736263752,0.9380625000048894
382__M_Right_thumb_finger.BMP,382,"M4 Directional Diffusion (iterations=4, step=0.16)",M4 Directional Diffusion,"{""iterations"": 4, ""step"": 0.16}",27.614139616680177,0.8601692046675384,0.001732152154429862,28.825966963593707,0.8787250203783512,0.0013103982476222514,1.2118273469135303,0.018555815710812773,-0.0004217539068076105,0.013591211289167404,1.0172391000014613
95__M_Left_index_finger.BMP,95,"M4 Directional Diffusion (iterations=4, step=0.16)",M4 Directional Diffusion,"{""iterations"": 4, ""step"": 0.16}",27.39134677204572,0.8359918886170089,0.0018233301895119857,27.926777954464107,0.857117519990921,0.0016118410220303644,0.5354311824183888,0.0211256313739121,-0.00021148916748162127,0.015137726441025734,0.9578680999984499
95__M_Left_little_finger.BMP,95,"M4 Directional Diffusion (iterations=4, step=0.16)",M4 Directional Diffusion,"{""iterations"": 4, ""step"": 0.16}",27.54402322678643,0.7636391966834069,0.0017603445389775525,28.46679136619251,0.7906473789231777,0.0014233800135865868,0.9227681394060809,0.02700818223977086,-0.0003369645253909657,0.008795864880084991,0.935698199995386
95__M_Left_middle_finger.BMP,95,"M4 Directional Diffusion (iterations=4, step=0.16)",M4 Directional Diffusion,"{""iterations"": 4, ""step"": 0.16}",27.293829348976956,0.8689211923083067,0.001864734754166977,27.740609547034705,0.8834037232188583,0.001682437908631893,0.4467801980577484,0.014482530910551628,-0.00018229684553508398,0.017723171040415764,0.9319445999935851
95__M_Left_ring_finger.BMP,95,"M4 Directional Diffusion (iterations=4, step=0.16)",M4 Directional Diffusion,"{""iterations"": 4, ""step"": 0.16}",27.092209087232433,0.8861374237051011,0.001953345612039718,27.55611229781163,0.8986386356805564,0.0017554512374071238,0.4639032105791969,0.012501211975455284,-0.00019789437463259415,0.01799917407333851,0.9552608999947552
95__M_Left_thumb_finger.BMP,95,"M4 Directional Diffusion (iterations=4, step=0.16)",M4 Directional Diffusion,"{""iterations"": 4, ""step"": 0.16}",27.28356618176967,0.8596593739498853,0.001869146672021306,28.04846840931574,0.8760452995303273,0.0015673037007817277,0.7649022275460666,0.01638592558044194,-0.0003018429712395782,0.014090756885707378,0.9623528000010992
95__M_Right_index_finger.BMP,95,"M4 Directional Diffusion (iterations=4, step=0.16)",M4 Directional Diffusion,"{""iterations"": 4, ""step"": 0.16}",27.733939330068015,0.7975209111049771,0.0016850239070106336,28.570539525556498,0.8221744142543077,0.001389779967636232,0.836600195488483,0.02465350314933057,-0.00029524393937440155,0.01171834859997034,0.9580197000032058
95__M_Right_little_finger.BMP,95,"M4 Directional Diffusion (iterations=4, step=0.16)",M4 Directional Diffusion,"{""iterations"": 4, ""step"": 0.16}",27.35006041895754,0.8177310701611936,0.0018407463928654848,27.76282925089619,0.8364848555848599,0.0016738520746031019,0.4127688319386493,0.018753785423666236,-0.00016689431826238292,0.015387088991701603,0.915284899994731
95__M_Right_middle_finger.BMP,95,"M4 Directional Diffusion (iterations=4, step=0.16)",M4 Directional Diffusion,"{""iterations"": 4, ""step"": 0.16}",27.256887464854394,0.8745515389959216,0.001880664182818134,27.601331716693075,0.887365571429491,0.001737268032758519,0.34444425183868077,0.012814032433569378,-0.00014339615005961519,0.01779492013156414,0.9558009000029415
95__M_Right_ring_finger.BMP,95,"M4 Directional Diffusion (iterations=4, step=0.16)",M4 Directional Diffusion,"{""iterations"": 4, ""step"": 0.16}",27.06599395535293,0.8813759167299867,0.0019651721666833826,27.35049172232308,0.8932723346658945,0.0018405635950805412,0.2844977669701514,0.011896417935907788,-0.00012460857160284146,0.019905803725123405,0.9779310000012629
95__M_Right_thumb_finger.BMP,95,"M4 Directional Diffusion (iterations=4, step=0.16)",M4 Directional Diffusion,"{""iterations"": 4, ""step"": 0.16}",27.280560331397304,0.858041308440566,0.0018704407985196255,28.300977021329633,0.876450068214178,0.0014787756743152966,1.020416689932329,0.018408759773612005,-0.0003916651242043289,0.012124592438340187,0.9993975999968825
344__M_Left_index_finger.BMP,344,"M4 Directional Diffusion (iterations=4, step=0.16)",M4 Directional Diffusion,"{""iterations"": 4, ""step"": 0.16}",27.762510472264623,0.7805653719962835,0.0016739749423528873,28.469632365013634,0.8054370481312871,0.0014224491938925592,0.7071218927490115,0.02487167613500363,-0.00025152574846032806,0.013465073890984058,0.9997584000011557
344__M_Left_little_finger.BMP,344,"M4 Directional Diffusion (iterations=4, step=0.16)",M4 Directional Diffusion,"{""iterations"": 4, ""step"": 0.16}",27.452418963348357,0.827007361033082,0.0017978692465879286,27.90507397686683,0.8485806606398821,0.00161991640033165,0.4526550135184735,0.0215732996068001,-0.00017795284625627848,0.016528295353055,1.0549645999999484
344__M_Left_middle_finger.BMP,344,"M4 Directional Diffusion (iterations=4, step=0.16)",M4 Directional Diffusion,"{""iterations"": 4, ""step"": 0.16}",27.198867390325397,0.8704623010368348,0.0019059577136130844,27.374568116873483,0.8846157634126544,0.0018303881197770167,0.17570072654808655,0.014153462375819603,-7.556959383606772e-05,0.020555704832077026,1.0604950999986613
344__M_Left_ring_finger.BMP,344,"M4 Directional Diffusion (iterations=4, step=0.16)",M4 Directional Diffusion,"{""iterations"": 4, ""step"": 0.16}",27.60905736985692,0.799125665891707,0.0017341803583473727,28.436637788755345,0.8229607295730114,0.0014332970965802916,0.8275804188984246,0.02383506368130439,-0.00030088326176708115,0.013175755739212036,1.0685898000010638
344__M_Left_thumb_finger.BMP,344,"M4 Directional Diffusion (iterations=4, step=0.16)",M4 Directional Diffusion,"{""iterations"": 4, ""step"": 0.16}",27.632042690311692,0.8132330956027806,0.0017250263404855889,28.12667708402759,0.8349958857144714,0.001539331978418928,0.49463439371589857,0.0217627901116908,-0.00018569436206666086,0.013427060097455978,1.0242023000027984
344__M_Right_index_finger.BMP,344,"M4 Directional Diffusion (iterations=4, step=0.16)",M4 Directional Diffusion,"{""iterations"": 4, ""step"": 0.16}",28.06532231982077,0.7543945262865425,0.0015612331638131629,28.94978219889253,0.7800850458105802,0.001273566949508716,0.8844598790717626,0.02569051952403778,-0.0002876662143044468,0.009875320829451084,0.9680384000021149
344__M_Right_little_finger.BMP,344,"M4 Directional Diffusion (iterations=4, step=0.16)",M4 Directional Diffusion,"{""iterations"": 4, ""step"": 0.16}",27.731778392957537,0.7995503482174575,0.0016858625399856957,28.399093323260175,0.8225990942066311,0.0014457415667586617,0.6673149303026378,0.023048745989173614,-0.00024012097322703404,0.01348899770528078,0.9847694999989471
344__M_Right_middle_finger.BMP,344,"M4 Directional Diffusion (iterations=4, step=0.16)",M4 Directional Diffusion,"{""iterations"": 4, ""step"": 0.16}",27.123512802150984,0.8627072790634036,0.001939316621763977,27.656758775402878,0.8800822600705027,0.0017152369447944276,0.5332459732518942,0.01737498100709911,-0.0002240796769695495,0.019263742491602898,0.9507267000008142
344__M_Right_ring_finger.BMP,344,"M4 Directional Diffusion (iterations=4, step=0.16)",M4 Directional Diffusion,"{""iterations"": 4, ""step"": 0.16}",27.835652295697912,0.7775291997701526,0.0016460187212879532,28.367632356368002,0.8007253996096849,0.001456252769672777,0.5319800606700902,0.02319619983953236,-0.00018976595161517614,0.013431807979941368,1.030802000001131
344__M_Right_thumb_finger.BMP,344,"M4 Directional Diffusion (iterations=4, step=0.16)",M4 Directional Diffusion,"{""iterations"": 4, ""step"": 0.16}",27.33616603778286,0.8854889540035129,0.0018466449224242521,28.108787437426667,0.8998350094305873,0.001545685939217953,0.7726213996438069,0.014346055427074345,-0.0003009589832062992,0.01661768928170204,1.0335923000020557
11__M_Left_index_finger.BMP,11,"M4 Directional Diffusion (iterations=4, step=0.16)",M4 Directional Diffusion,"{""iterations"": 4, ""step"": 0.16}",27.203616911366883,0.9008611038495302,0.0019038744639929986,26.075382958412394,0.9076448148259223,0.0024686624100562597,-1.1282339529544885,0.006783710976392077,0.0005647879460632611,0.028747880831360817,1.015670400003728
11__M_Left_little_finger.BMP,11,"M4 Directional Diffusion (iterations=4, step=0.16)",M4 Directional Diffusion,"{""iterations"": 4, ""step"": 0.16}",27.603947845869165,0.8116633612370789,0.0017362218419469892,27.457833184626725,0.8324303952028751,0.0017956292925308144,-0.14611466124243933,0.020767033965796156,5.940745058382528e-05,0.019104614853858948,1.0261775999970268
11__M_Left_middle_finger.BMP,11,"M4 Directional Diffusion (iterations=4, step=0.16)",M4 Directional Diffusion,"{""iterations"": 4, ""step"": 0.16}",27.590430544347054,0.8268025367977023,0.0017416342053143082,27.61916980334684,0.8461090888553262,0.0017301470622476639,0.028739258999785022,0.019306552057623882,-1.1487143066644381e-05,0.017629222944378853,1.0217325000048731
11__M_Left_ring_finger.BMP,11,"M4 Directional Diffusion (iterations=4, step=0.16)",M4 Directional Diffusion,"{""iterations"": 4, ""step"": 0.16}",27.392334022377923,0.8411362929831148,0.001822915752113899,26.740157634163573,0.8586755111163855,0.0021182842473211846,-0.6521763882143503,0.01753921813327075,0.0002953684952072856,0.022922303527593613,1.0007930000065244
11__M_Left_thumb_finger.BMP,11,"M4 Directional Diffusion (iterations=4, step=0.16)",M4 Directional Diffusion,"{""iterations"": 4, ""step"": 0.16}",27.226832768569444,0.8868178059300185,0.0018937241741067202,27.002312129895127,0.8962451490290165,0.0019942003448025925,-0.22452063867431704,0.009427343098998064,0.00010047617069587232,0.022639116272330284,1.0265030000009574
11__M_Right_index_finger.BMP,11,"M4 Directional Diffusion (iterations=4, step=0.16)",M4 Directional Diffusion,"{""iterations"": 4, ""step"": 0.16}",27.136074356580547,0.9018011115424037,0.001933715437414644,27.434429797953634,0.9137044566002488,0.0018053317505699585,0.29835544137308645,0.011903345057845072,-0.00012838368684468544,0.021389275789260864,0.9836371999990661
11__M_Right_little_finger.BMP,11,"M4 Directional Diffusion (iterations=4, step=0.16)",M4 Directional Diffusion,"{""iterations"": 4, ""step"": 0.16}",27.152824278914682,0.8622665558641552,0.0019262718237624946,27.167135091284923,0.8790671471159458,0.0019199348456897787,0.014310812370240455,0.016800591251790564,-6.336978072715932e-06,0.021834807470440865,0.9794831000035629
11__M_Right_middle_finger.BMP,11,"M4 Directional Diffusion (iterations=4, step=0.16)",M4 Directional Diffusion,"{""iterations"": 4, ""step"": 0.16}",27.00580270522638,0.9078310691341758,0.001992598180785455,27.133485942236064,0.9178957545185685,0.001934868283895306,0.1276832370096841,0.010064685384392758,-5.7729896890149025e-05,0.02305700071156025,0.954513799995766
11__M_Right_ring_finger.BMP,11,"M4 Directional Diffusion (iterations=4, step=0.16)",M4 Directional Diffusion,"{""iterations"": 4, ""step"": 0.16}",27.021850611583677,0.8927556960483194,0.0019852487847385036,27.103756699043593,0.9047475411988497,0.001948158690204915,0.08190608745991668,0.011991845150530311,-3.709009453358846e-05,0.022800659760832787,1.0065343000023859
11__M_Right_thumb_finger.BMP,11,"M4 Directional Diffusion (iterations=4, step=0.16)",M4 Directional Diffusion,"{""iterations"": 4, ""step"": 0.16}",27.17641616657664,0.8897543843449354,0.001915836236548887,27.97406408412311,0.9047788758020401,0.001594386438106407,0.7976479175464704,0.015024491457104716,-0.00032144979844248,0.01741582527756691,1.051931500005594
596__M_Left_index_finger.BMP,596,"M4 Directional Diffusion (iterations=4, step=0.16)",M4 Directional Diffusion,"{""iterations"": 4, ""step"": 0.16}",27.260806598241672,0.8798176140753031,0.0018789678110145568,27.20141958269764,0.892022270223558,0.0019048379799039867,-0.059387015544032806,0.012204656148254833,2.5870168889429888e-05,0.020828718319535255,1.0031318000037572
596__M_Left_little_finger.BMP,596,"M4 Directional Diffusion (iterations=4, step=0.16)",M4 Directional Diffusion,"{""iterations"": 4, ""step"": 0.16}",27.245229741228027,0.8731450250470638,0.0018857192125455908,26.667665784513513,0.8839050598582029,0.0021539391077354674,-0.5775639567145134,0.010760034811139074,0.00026821989518987653,0.023457154631614685,0.9883889999982785
596__M_Left_middle_finger.BMP,596,"M4 Directional Diffusion (iterations=4, step=0.16)",M4 Directional Diffusion,"{""iterations"": 4, ""step"": 0.16}",26.99262791235228,0.912509316891849,0.0019986521208996,26.762278194756032,0.9198339849933982,0.002107522309075722,-0.23034971759624767,0.007324668101549192,0.00010887018817612231,0.024633167311549187,0.9859560999975656
596__M_Left_ring_finger.BMP,596,"M4 Directional Diffusion (iterations=4, step=0.16)",M4 Directional Diffusion,"{""iterations"": 4, ""step"": 0.16}",27.129796070868846,0.8973039204165042,0.001936512893520118,26.99793356744594,0.9091041052044034,0.001996211913970646,-0.13186250342290506,0.011800184787899237,5.969902045052807e-05,0.02206932008266449,1.0174341999954777
596__M_Left_thumb_finger.BMP,596,"M4 Directional Diffusion (iterations=4, step=0.16)",M4 Directional Diffusion,"{""iterations"": 4, ""step"": 0.16}",27.379324201259738,0.8905684232832194,0.0018283847060455828,28.005044124756225,0.9028677333979607,0.0015830534826421052,0.6257199234964865,0.01229931011474128,-0.0002453312234034777,0.012301553972065449,0.9666082000039751
596__M_Right_index_finger.BMP,596,"M4 Directional Diffusion (iterations=4, step=0.16)",M4 Directional Diffusion,"{""iterations"": 4, ""step"": 0.16}",27.133718326101807,0.9018753187772035,0.001934764755031613,27.301399766263298,0.9115029087312222,0.0018614870676173108,0.16768144016149122,0.00962758995401869,-7.32776874143022e-05,0.020413536578416824,0.9576933999996982
596__M_Right_little_finger.BMP,596,"M4 Directional Diffusion (iterations=4, step=0.16)",M4 Directional Diffusion,"{""iterations"": 4, ""step"": 0.16}",27.37921045502823,0.8755564471014738,0.0018284325939654745,26.996019347198366,0.8869256450900436,0.001997091969249119,-0.38319110782986243,0.011369197988569724,0.0001686593752836447,0.02253950759768486,0.9207804999969085
596__M_Right_middle_finger.BMP,596,"M4 Directional Diffusion (iterations=4, step=0.16)",M4 Directional Diffusion,"{""iterations"": 4, ""step"": 0.16}",26.909507831988964,0.9266714336516261,0.0020372729403576964,26.708013811467033,0.9319862466540932,0.002134020656209025,-0.2014940205219311,0.005314813002467167,9.674771585132863e-05,0.025231629610061646,0.9223363000055542
596__M_Right_ring_finger.BMP,596,"M4 Directional Diffusion (iterations=4, step=0.16)",M4 Directional Diffusion,"{""iterations"": 4, ""step"": 0.16}",27.017619156241306,0.899512990084827,0.001987184012026754,27.046821737840418,0.9091501387142539,0.0019738667265905485,0.02920258159911171,0.009637148629426884,-1.331728543620559e-05,0.020649516955018044,0.9501451999967685
596__M_Right_thumb_finger.BMP,596,"M4 Directional Diffusion (iterations=4, step=0.16)",M4 Directional Diffusion,"{""iterations"": 4, ""step"": 0.16}",27.048373670607816,0.9173447010877133,0.001973161499765388,27.67441576772419,0.9263310227440595,0.0017082775097006144,0.6260420971163754,0.008986321656346274,-0.0002648839900647737,0.015016191639006138,0.919421999999031
64__M_Left_index_finger.BMP,64,"M4 Directional Diffusion (iterations=4, step=0.16)",M4 Directional Diffusion,"{""iterations"": 4, ""step"": 0.16}",27.62826064340018,0.8292306531518697,0.0017265292313591058,27.15849803182745,0.8459498231924772,0.0019237569278051695,-0.4697626115727296,0.016719170040607523,0.0001972276964460637,0.021150555461645126,0.8731460999988485
64__M_Left_little_finger.BMP,64,"M4 Directional Diffusion (iterations=4, step=0.16)",M4 Directional Diffusion,"{""iterations"": 4, ""step"": 0.16}",27.893549799331836,0.7610234317880273,0.0016242206213852067,28.261566701183575,0.7861922866438031,0.0014922559866732276,0.36801690185173896,0.025168854855775802,-0.0001319646347119792,0.01364712044596672,0.9312152000056813
64__M_Left_middle_finger.BMP,64,"M4 Directional Diffusion (iterations=4, step=0.16)",M4 Directional Diffusion,"{""iterations"": 4, ""step"": 0.16}",27.366287206965186,0.8809769827733636,0.0018338815417542622,27.24910658597629,0.8925618606696725,0.0018840366264473206,-0.11718062098889703,0.01158487789630891,5.015508469305842e-05,0.02199762873351574,0.9253568999993149
64__M_Left_ring_finger.BMP,64,"M4 Directional Diffusion (iterations=4, step=0.16)",M4 Directional Diffusion,"{""iterations"": 4, ""step"": 0.16}",27.55558662593171,0.8294891931387186,0.001755663730828133,28.032633959202677,0.8490290207843184,0.0015730285466290725,0.47704733327096704,0.019539827645599805,-0.00018263518419906052,0.01732887700200081,0.9169370999952662
64__M_Left_thumb_finger.BMP,64,"M4 Directional Diffusion (iterations=4, step=0.16)",M4 Directional Diffusion,"{""iterations"": 4, ""step"": 0.16}",27.204435955098237,0.91235571216169,0.0019035154427577963,27.237609951356507,0.9211741240794659,0.0018890306515117427,0.03317399625827022,0.008818411917775881,-1.4484791246053641e-05,0.023291058838367462,0.9406245999998646
64__M_Right_index_finger.BMP,64,"M4 Directional Diffusion (iterations=4, step=0.16)",M4 Directional Diffusion,"{""iterations"": 4, ""step"": 0.16}",27.238002271579553,0.8908969863732458,0.001888860013503536,27.46266109153614,0.9027442586150766,0.00179363426044491,0.22465881995658776,0.011847272241830797,-9.522575305862609e-05,0.021337782964110374,0.9144513999999617
64__M_Right_little_finger.BMP,64,"M4 Directional Diffusion (iterations=4, step=0.16)",M4 Directional Diffusion,"{""iterations"": 4, ""step"": 0.16}",27.444163471016246,0.8477464560411573,0.0018012900617678633,27.685765386613834,0.8640281522294879,0.0017038190172756161,0.24160191559758815,0.01628169618833064,-9.747104449224714e-05,0.018344854936003685,0.948650499994983
64__M_Right_middle_finger.BMP,64,"M4 Directional Diffusion (iterations=4, step=0.16)",M4 Directional Diffusion,"{""iterations"": 4, ""step"": 0.16}",27.4283313174614,0.8536297265289425,0.0018078686269653874,27.49199826587383,0.8670487047704756,0.001781558852034404,0.06366694841242904,0.013418978241533042,-2.63097749309835e-05,0.020345157012343407,0.9188272999963374
64__M_Right_ring_finger.BMP,64,"M4 Directional Diffusion (iterations=4, step=0.16)",M4 Directional Diffusion,"{""iterations"": 4, ""step"": 0.16}",27.374413374669906,0.8559058133390546,0.0018304533389655862,27.107139139890847,0.8677942291038037,0.0019466419852064137,-0.2672742347790589,0.011888415764749083,0.00011618864624082749,0.02154344692826271,0.9615121000024374
64__M_Right_thumb_finger.BMP,64,"M4 Directional Diffusion (iterations=4, step=0.16)",M4 Directional Diffusion,"{""iterations"": 4, ""step"": 0.16}",27.17219743797839,0.9198942623021007,0.0019176981805384982,28.529683037597753,0.9326261303127408,0.001402916090257896,1.3574855996193627,0.01273186801064008,-0.0005147820902806023,0.01741824485361576,0.9531148000023677
135__F_Left_index_finger.BMP,135,"M4 Directional Diffusion (iterations=4, step=0.16)",M4 Directional Diffusion,"{""iterations"": 4, ""step"": 0.16}",27.423818629850537,0.8518224754294157,0.0018097481319487815,27.754189379873146,0.8743047706586718,0.0016771853568411513,0.3303707500226096,0.022482295229256155,-0.00013256277510763012,0.019395655021071434,0.9643087999938871
135__F_Left_little_finger.BMP,135,"M4 Directional Diffusion (iterations=4, step=0.16)",M4 Directional Diffusion,"{""iterations"": 4, ""step"": 0.16}",27.84520262745671,0.7640395160872936,0.0016424030287879527,28.378544433388377,0.7918397656486631,0.0014525983839445904,0.5333418059316664,0.027800249561369506,-0.00018980464484336232,0.013117439113557339,0.9635449999987031
135__F_Left_middle_finger.BMP,135,"M4 Directional Diffusion (iterations=4, step=0.16)",M4 Directional Diffusion,"{""iterations"": 4, ""step"": 0.16}",27.277573154300654,0.8487684782577753,0.0018717277731732577,27.295068471822894,0.8657062265086174,0.0018642027865897895,0.017495317522239873,0.016937748250842044,-7.524986583468205e-06,0.02071979083120823,0.9677336000022478
135__F_Left_ring_finger.BMP,135,"M4 Directional Diffusion (iterations=4, step=0.16)",M4 Directional Diffusion,"{""iterations"": 4, ""step"": 0.16}",27.513315591185844,0.8218552142975032,0.0017728355051089403,27.51795463534803,0.8405193644262552,0.0017709428098035941,0.004639044162185968,0.018664150128752,-1.892695305346151e-06,0.018964514136314392,0.917997500000638
135__F_Left_thumb_finger.BMP,135,"M4 Directional Diffusion (iterations=4, step=0.16)",M4 Directional Diffusion,"{""iterations"": 4, ""step"": 0.16}",27.40938655376724,0.8404738877059519,0.0018157721246788688,27.333115239860575,0.8573589483184219,0.001847942594847867,-0.0762713139066662,0.01688506061246997,3.217047016899812e-05,0.0206947922706604,0.9131024000016623
135__F_Right_index_finger.BMP,135,"M4 Directional Diffusion (iterations=4, step=0.16)",M4 Directional Diffusion,"{""iterations"": 4, ""step"": 0.16}",27.76410661094929,0.810985444376856,0.0016733598285670905,28.195484621498572,0.8326055486751198,0.001515135722960973,0.43137801054928104,0.021620104298263776,-0.0001582241056061176,0.015099234879016876,0.8720772000015131
135__F_Right_little_finger.BMP,135,"M4 Directional Diffusion (iterations=4, step=0.16)",M4 Directional Diffusion,"{""iterations"": 4, ""step"": 0.16}",27.623988349878612,0.7982188686416746,0.0017282285089849337,27.86956523175939,0.8211274778429866,0.0016332154394171758,0.2455768818807762,0.02290860920131199,-9.501306956775793e-05,0.015851754695177078,0.9512286999961361
135__F_Right_middle_finger.BMP,135,"M4 Directional Diffusion (iterations=4, step=0.16)",M4 Directional Diffusion,"{""iterations"": 4, ""step"": 0.16}",27.462280945105775,0.8639801968122423,0.0017937912676214527,27.702085328390428,0.8803677308031023,0.0016974284117070243,0.23980438328465326,0.016387533990860015,-9.636285591442832e-05,0.018726270645856857,0.8816000999941025
135__F_Right_ring_finger.BMP,135,"M4 Directional Diffusion (iterations=4, step=0.16)",M4 Directional Diffusion,"{""iterations"": 4, ""step"": 0.16}",27.609956684626994,0.804960805271864,0.0017338212903388998,27.982020669533924,0.8280269215304852,0.0015914680822943852,0.37206398490693005,0.023066116258621205,-0.00014235320804451457,0.015448090620338917,0.875430599997344
135__F_Right_thumb_finger.BMP,135,"M4 Directional Diffusion (iterations=4, step=0.16)",M4 Directional Diffusion,"{""iterations"": 4, ""step"": 0.16}",27.4081633167771,0.8748101439685225,0.0018162836284053958,28.248895786765146,0.8868179740174412,0.0014966161290996271,0.8407324699880476,0.0120078300489187,-0.00031966749930576865,0.015310501679778099,0.8843271000005188
424__M_Left_index_finger.BMP,424,"M4 Directional Diffusion (iterations=4, step=0.16)",M4 Directional Diffusion,"{""iterations"": 4, ""step"": 0.16}",27.317375192056165,0.8694038546025753,0.0018546522075444747,27.68334058974595,0.8849266665192842,0.0017047705763559439,0.3659653976897843,0.0155228119167089,-0.00014988163118853084,0.016996825113892555,0.9462086999992607
424__M_Left_little_finger.BMP,424,"M4 Directional Diffusion (iterations=4, step=0.16)",M4 Directional Diffusion,"{""iterations"": 4, ""step"": 0.16}",27.401363411044105,0.8357121815637946,0.0018191296768536327,27.549302085477848,0.8549483610139489,0.0017582061363152343,0.14793867443374253,0.019236179450154323,-6.092354053839838e-05,0.018055032938718796,0.9425352999969618
424__M_Left_middle_finger.BMP,424,"M4 Directional Diffusion (iterations=4, step=0.16)",M4 Directional Diffusion,"{""iterations"": 4, ""step"": 0.16}",27.33433390698997,0.857370330765605,0.00184742411923931,27.58123788023633,0.8719429671375155,0.001745324607852802,0.24690397324636137,0.01457263637191053,-0.00010209951138650782,0.018206682056188583,0.9212901999999303
424__M_Left_ring_finger.BMP,424,"M4 Directional Diffusion (iterations=4, step=0.16)",M4 Directional Diffusion,"{""iterations"": 4, ""step"": 0.16}",27.47424047270347,0.8357785314948559,0.0017888583509376465,27.846909729903324,0.8537508006976247,0.001641757568305286,0.37266925719985267,0.01797226920276873,-0.00014710078263236045,0.01681876741349697,0.9337589999995544
424__M_Left_thumb_finger.BMP,424,"M4 Directional Diffusion (iterations=4, step=0.16)",M4 Directional Diffusion,"{""iterations"": 4, ""step"": 0.16}",27.188600361672783,0.87748993679744,0.0019104688626597399,27.731869171767553,0.8929667176615894,0.0016858273014546655,0.5432688100947693,0.015476780864149386,-0.00022464156120507442,0.01603187620639801,0.927434400000493
424__M_Right_index_finger.BMP,424,"M4 Directional Diffusion (iterations=4, step=0.16)",M4 Directional Diffusion,"{""iterations"": 4, ""step"": 0.16}",27.174379366690623,0.8955533714926243,0.001916734956282951,27.319074595092367,0.9077612986593843,0.001853926620379272,0.1446952284017442,0.012207927166760002,-6.280833590367914e-05,0.0209718719124794,0.9023115000018151
424__M_Right_little_finger.BMP,424,"M4 Directional Diffusion (iterations=4, step=0.16)",M4 Directional Diffusion,"{""iterations"": 4, ""step"": 0.16}",27.337320892699953,0.8497580680266619,0.0018461539368058535,27.346238100270067,0.8653492385190725,0.0018423671863062965,0.008917207570114272,0.015591170492410655,-3.7867504995570123e-06,0.019792746752500534,0.9004205000019283
424__M_Right_middle_finger.BMP,424,"M4 Directional Diffusion (iterations=4, step=0.16)",M4 Directional Diffusion,"{""iterations"": 4, ""step"": 0.16}",27.02658269471865,0.9094320907896459,0.0019830868309300355,26.872266805933126,0.9181685813026428,0.0020548178010994958,-0.15431588878552205,0.008736490512996853,7.173097016946028e-05,0.02413521707057953,0.9311307999960263
424__M_Right_ring_finger.BMP,424,"M4 Directional Diffusion (iterations=4, step=0.16)",M4 Directional Diffusion,"{""iterations"": 4, ""step"": 0.16}",27.345673241984777,0.8621827862345576,0.0018426068264797268,27.793873672924114,0.8775732445961237,0.0016619296373379913,0.4482004309393375,0.015390458361566162,-0.00018067718914173544,0.01820872724056244,0.9611557999960496
424__M_Right_thumb_finger.BMP,424,"M4 Directional Diffusion (iterations=4, step=0.16)",M4 Directional Diffusion,"{""iterations"": 4, ""step"": 0.16}",27.316341867708683,0.8624623335795403,0.0018550935406428924,28.091999168951332,0.8791434072893262,0.0015516725708291045,0.7756573012426493,0.016681073709785887,-0.00030342096981378786,0.013311738148331642,0.9400200000018231
578__M_Left_index_finger.BMP,578,"M4 Directional Diffusion (iterations=4, step=0.16)",M4 Directional Diffusion,"{""iterations"": 4, ""step"": 0.16}",27.35761851769128,0.8417353274142743,0.0018375456973775935,27.303160501720143,0.8588992075735926,0.0018607325284504233,-0.054458015971135865,0.017163880159318357,2.3186831072829822e-05,0.01946892775595188,0.9044894000035129
578__M_Left_little_finger.BMP,578,"M4 Directional Diffusion (iterations=4, step=0.16)",M4 Directional Diffusion,"{""iterations"": 4, ""step"": 0.16}",27.558573061930566,0.7953207645407915,0.0017544568596249083,28.56081002994104,0.8215316013970375,0.0013928969807428999,1.0022369680104752,0.026210836856246034,-0.0003615598788820084,0.013015997596085072,0.9009269000016502
578__M_Left_middle_finger.BMP,578,"M4 Directional Diffusion (iterations=4, step=0.16)",M4 Directional Diffusion,"{""iterations"": 4, ""step"": 0.16}",27.135093966852146,0.8753023115475178,0.0019341520095630068,27.143388972771263,0.888893230602622,0.001930461313275317,0.00829500591911625,0.013590919055104234,-3.6906962876898184e-06,0.021408360451459885,0.9134339000011096
578__M_Left_ring_finger.BMP,578,"M4 Directional Diffusion (iterations=4, step=0.16)",M4 Directional Diffusion,"{""iterations"": 4, ""step"": 0.16}",27.372005875968817,0.8389899275420905,0.0018314683266980089,27.6657800593635,0.8561476120502353,0.0017116777055752143,0.29377418339468164,0.01715768450814481,-0.00011979062112279452,0.01810809224843979,0.894690699999046
578__M_Left_thumb_finger.BMP,578,"M4 Directional Diffusion (iterations=4, step=0.16)",M4 Directional Diffusion,"{""iterations"": 4, ""step"": 0.16}",27.18213462021239,0.8910164943242669,0.0019133152717297223,27.781299550562203,0.9044042186316251,0.0016667483925094607,0.5991649303498114,0.01338772430735824,-0.00024656687922026163,0.01956305466592312,0.9146192999978666
578__M_Right_index_finger.BMP,578,"M4 Directional Diffusion (iterations=4, step=0.16)",M4 Directional Diffusion,"{""iterations"": 4, ""step"": 0.16}",27.16547226735446,0.8923490277692974,0.0019206700898596212,27.490114329322775,0.9050056915287972,0.0017823318464109442,0.3246420619683157,0.012656663759499809,-0.00013833824344867702,0.020365478470921516,0.906565799996315
578__M_Right_little_finger.BMP,578,"M4 Directional Diffusion (iterations=4, step=0.16)",M4 Directional Diffusion,"{""iterations"": 4, ""step"": 0.16}",27.595665637936797,0.7815756484834254,0.0017395360610022487,28.303153166894482,0.8071650042552352,0.0014780348808779782,0.7074875289576852,0.025589355771809763,-0.00026150118012427045,0.012511737644672394,0.9448443000001134
578__M_Right_middle_finger.BMP,578,"M4 Directional Diffusion (iterations=4, step=0.16)",M4 Directional Diffusion,"{""iterations"": 4, ""step"": 0.16}",27.115185164320064,0.891818957228303,0.0019430388473181024,27.271199653215742,0.9031467332737446,0.0018744766491847974,0.15601448889567848,0.011327776045441662,-6.8562198133305e-05,0.021200744435191154,0.9267391999965184
578__M_Right_ring_finger.BMP,578,"M4 Directional Diffusion (iterations=4, step=0.16)",M4 Directional Diffusion,"{""iterations"": 4, ""step"": 0.16}",27.366850939283097,0.8158883026091457,0.0018336435117443657,27.943173333930112,0.8358217031193376,0.0016057675105756266,0.5763223946470148,0.01993340051019188,-0.00022787600116873905,0.014951170422136784,0.907191000005696
578__M_Right_thumb_finger.BMP,578,"M4 Directional Diffusion (iterations=4, step=0.16)",M4 Directional Diffusion,"{""iterations"": 4, ""step"": 0.16}",27.310784562766415,0.8849033564694225,0.0018574688688442846,28.393157359008608,0.8977216129039526,0.00144771896646443,1.0823727962421934,0.012818256434530051,-0.0004097499023798547,0.01477715466171503,0.9002390000023297
222__M_Left_index_finger.BMP,222,"M4 Directional Diffusion (iterations=4, step=0.16)",M4 Directional Diffusion,"{""iterations"": 4, ""step"": 0.16}",27.28776757742927,0.8967317074397803,0.001867339320620187,27.12559573991857,0.9097660362977982,0.0019383867210944917,-0.16217183751070152,0.013034328858017918,7.104740047430462e-05,0.022918911650776863,0.9147340999988955
222__M_Left_little_finger.BMP,222,"M4 Directional Diffusion (iterations=4, step=0.16)",M4 Directional Diffusion,"{""iterations"": 4, ""step"": 0.16}",27.524900418118612,0.8182178665835858,0.0017681127593446322,28.263437948911854,0.843114566475451,0.001491613155771551,0.7385375307932414,0.02489669989186527,-0.0002764996035730812,0.014652533456683159,0.8878994999977294
222__M_Left_middle_finger.BMP,222,"M4 Directional Diffusion (iterations=4, step=0.16)",M4 Directional Diffusion,"{""iterations"": 4, ""step"": 0.16}",27.08762671990932,0.9180543485129178,0.0019554077314863296,26.83238836883435,0.9239002552807927,0.002073772748559101,-0.2552383510749685,0.005845906767874887,0.00011836501707277163,0.024484915658831596,0.9376555999988341
222__M_Left_ring_finger.BMP,222,"M4 Directional Diffusion (iterations=4, step=0.16)",M4 Directional Diffusion,"{""iterations"": 4, ""step"": 0.16}",27.22483877296363,0.8947344528017044,0.0018945938477580209,27.536638955336038,0.9075107137596011,0.0017633401835588716,0.3118001823724086,0.012776260957896746,-0.00013125366419914925,0.01899760030210018,0.903985199998715
222__M_Left_thumb_finger.BMP,222,"M4 Directional Diffusion (iterations=4, step=0.16)",M4 Directional Diffusion,"{""iterations"": 4, ""step"": 0.16}",27.233877333274187,0.9065954894123077,0.001890654909059132,28.203175471262398,0.920303878500104,0.0015124549683073886,0.9692981379882113,0.013708389087796258,-0.0003781999407517435,0.01927291788160801,0.89105230000132
222__M_Right_index_finger.BMP,222,"M4 Directional Diffusion (iterations=4, step=0.16)",M4 Directional Diffusion,"{""iterations"": 4, ""step"": 0.16}",27.19226671948666,0.8970285274621844,0.0019088567061743519,27.84726284838829,0.9075404821638465,0.0016416240848277609,0.6549961289016295,0.010511954701662107,-0.000267232621346591,0.01925809122622013,0.9642717999959132
222__M_Right_little_finger.BMP,222,"M4 Directional Diffusion (iterations=4, step=0.16)",M4 Directional Diffusion,"{""iterations"": 4, ""step"": 0.16}",27.262363074117783,0.8651409731997252,0.0018782945249877611,27.212159715645583,0.8804989357918501,0.0019001331222123147,-0.050203358472199255,0.015357962592124963,2.18385972245536e-05,0.020925354212522507,0.8940507000006619
222__M_Right_middle_finger.BMP,222,"M4 Directional Diffusion (iterations=4, step=0.16)",M4 Directional Diffusion,"{""iterations"": 4, ""step"": 0.16}",26.882965170091534,0.9380784341383577,0.0020497622142402095,27.172079068825003,0.9430775469008684,0.0019177504490827729,0.2891138987334685,0.004999112762510749,-0.00013201176515743656,0.02407699078321457,0.9142769000027329
222__M_Right_ring_finger.BMP,222,"M4 Directional Diffusion (iterations=4, step=0.16)",M4 Directional Diffusion,"{""iterations"": 4, ""step"": 0.16}",27.036718360620767,0.912040612370193,0.0019784640531072912,27.16120698141488,0.9204398639851212,0.0019225573418617248,0.12448862079411427,0.008399251614928271,-5.590671124556645e-05,0.021573321893811226,0.902285900003335
222__M_Right_thumb_finger.BMP,222,"M4 Directional Diffusion (iterations=4, step=0.16)",M4 Directional Diffusion,"{""iterations"": 4, ""step"": 0.16}",27.073244976115962,0.9145674537937045,0.0019618938346201167,28.252427269383187,0.9269711592793465,0.0014953996444843033,1.1791822932672247,0.012403705485641958,-0.00046649419013581337,0.01825433224439621,0.8982422999979462
151__M_Left_index_finger.BMP,151,"M4 Directional Diffusion (iterations=4, step=0.16)",M4 Directional Diffusion,"{""iterations"": 4, ""step"": 0.16}",27.23395560290063,0.8930598677057028,0.00189062083551545,27.099477965476538,0.9051524138831496,0.0019500789908032375,-0.1344776374240908,0.012092546177446817,5.9458155287787483e-05,0.023044433444738388,0.9033901000002516
151__M_Left_little_finger.BMP,151,"M4 Directional Diffusion (iterations=4, step=0.16)",M4 Directional Diffusion,"{""iterations"": 4, ""step"": 0.16}",27.472241816289575,0.8198548839435578,0.0017896817866903754,27.346328830108693,0.8387596272059084,0.0018423286972307018,-0.1259129861808823,0.018904743262350587,5.264691054032646e-05,0.019532324746251106,0.8588766000029864
151__M_Left_middle_finger.BMP,151,"M4 Directional Diffusion (iterations=4, step=0.16)",M4 Directional Diffusion,"{""iterations"": 4, ""step"": 0.16}",27.536807336359356,0.8541098459053635,0.0017632718181337553,27.31060688723316,0.867585180146128,0.0018575448618712589,-0.2262004491261962,0.013475334240764414,9.42730437375036e-05,0.020464429631829262,0.8682101000013063
151__M_Left_ring_finger.BMP,151,"M4 Directional Diffusion (iterations=4, step=0.16)",M4 Directional Diffusion,"{""iterations"": 4, ""step"": 0.16}",27.488396413754636,0.812058330704093,0.0017830370133939217,27.57967918944036,0.8310951900646091,0.0017459511204510785,0.0912827756857233,0.019036859360516134,-3.708589294284322e-05,0.017634691670536995,0.8807662000035634
151__M_Left_thumb_finger.BMP,151,"M4 Directional Diffusion (iterations=4, step=0.16)",M4 Directional Diffusion,"{""iterations"": 4, ""step"": 0.16}",27.404487538167533,0.8881887589464188,0.0018178215440152973,28.394193995706306,0.9054839912388325,0.0014473734452630299,0.9897064575387731,0.017295232292413698,-0.00037044809875226743,0.017038917168974876,0.8876691999976174
151__M_Right_index_finger.BMP,151,"M4 Directional Diffusion (iterations=4, step=0.16)",M4 Directional Diffusion,"{""iterations"": 4, ""step"": 0.16}",27.652213195271862,0.8040211875696778,0.001717033151974343,28.589542374807614,0.8267675308246613,0.0013837121759405055,0.9373291795357517,0.02274634325498348,-0.00033332097603383753,0.013043856248259544,0.9187738999971771
151__M_Right_little_finger.BMP,151,"M4 Directional Diffusion (iterations=4, step=0.16)",M4 Directional Diffusion,"{""iterations"": 4, ""step"": 0.16}",27.35546814456648,0.8597118924495578,0.0018384557681850912,27.605306919149587,0.8759400865650177,0.0017356785968360411,0.24983877458310744,0.016228194115459837,-0.00010277717134905004,0.019709596410393715,0.8912003000004916
151__M_Right_middle_finger.BMP,151,"M4 Directional Diffusion (iterations=4, step=0.16)",M4 Directional Diffusion,"{""iterations"": 4, ""step"": 0.16}",27.413045160037356,0.8508284536483288,0.0018142431165645374,28.161040574827915,0.8686980997425318,0.0015272000954084832,0.7479954147905588,0.01786964609420294,-0.0002870430211560542,0.016858674585819244,0.9357078000030015
151__M_Right_ring_finger.BMP,151,"M4 Directional Diffusion (iterations=4, step=0.16)",M4 Directional Diffusion,"{""iterations"": 4, ""step"": 0.16}",27.175853162882543,0.902264971483171,0.0019160846147440553,27.36521761372036,0.9140373078013062,0.0018343332511250544,0.18936445083781805,0.011772336318135235,-8.175136361900093e-05,0.022526059299707413,0.9164671999969869
151__M_Right_thumb_finger.BMP,151,"M4 Directional Diffusion (iterations=4, step=0.16)",M4 Directional Diffusion,"{""iterations"": 4, ""step"": 0.16}",27.373317497544335,0.874674793771565,0.0018309152847499472,28.43771869222472,0.8933218732729554,0.0014329404116372642,1.0644011946803857,0.01864707950139044,-0.000397974873112683,0.014404665678739548,0.9464559999978519
458__M_Left_index_finger.BMP,458,"M4 Directional Diffusion (iterations=4, step=0.16)",M4 Directional Diffusion,"{""iterations"": 4, ""step"": 0.16}",27.406615265554862,0.8467918352380395,0.0018169311616773175,27.744211648233414,0.862876316060841,0.0016810430488536673,0.3375963826785515,0.01608448082280156,-0.00013588811282365019,0.01732664182782173,0.9160611999977846
458__M_Left_little_finger.BMP,458,"M4 Directional Diffusion (iterations=4, step=0.16)",M4 Directional Diffusion,"{""iterations"": 4, ""step"": 0.16}",27.530400531466974,0.8411853642629386,0.0017658749539836386,27.474256908216084,0.8598704439672827,0.0017888515811651576,-0.05614362325088962,0.018685079704344187,2.2976627181519032e-05,0.018966887146234512,0.9516814000016893
458__M_Left_middle_finger.BMP,458,"M4 Directional Diffusion (iterations=4, step=0.16)",M4 Directional Diffusion,"{""iterations"": 4, ""step"": 0.16}",27.15114889397061,0.8979487909154892,0.0019270150681545894,27.2233176759846,0.9078879272642731,0.001895257536991203,0.07216878201398913,0.009939136348783961,-3.1757531163386374e-05,0.02075127512216568,0.9097575999985565
458__M_Left_ring_finger.BMP,458,"M4 Directional Diffusion (iterations=4, step=0.16)",M4 Directional Diffusion,"{""iterations"": 4, ""step"": 0.16}",27.569890619109543,0.813433139367938,0.0017498907606097367,27.984859552433832,0.8340215279400944,0.0015904281162388554,0.41496893332428897,0.02058838857215639,-0.00015946264437088128,0.01672251522541046,0.8979786999989301
458__M_Left_thumb_finger.BMP,458,"M4 Directional Diffusion (iterations=4, step=0.16)",M4 Directional Diffusion,"{""iterations"": 4, ""step"": 0.16}",27.148467616185208,0.912780851092726,0.0019282051495889698,27.815107839211606,0.9228507262713909,0.0016538237183365407,0.6666402230263984,0.010069875178664867,-0.00027438143125242914,0.018849389627575874,0.9063469999964582
458__M_Right_index_finger.BMP,458,"M4 Directional Diffusion (iterations=4, step=0.16)",M4 Directional Diffusion,"{""iterations"": 4, ""step"": 0.16}",27.52559520177169,0.8341944850972295,0.0017678299195586524,28.47059630292241,0.8542830831693411,0.0014221335093506995,0.9450011011507193,0.020088598072111608,-0.00034569641020795283,0.01430316362529993,0.9543902000004891
458__M_Right_little_finger.BMP,458,"M4 Directional Diffusion (iterations=4, step=0.16)",M4 Directional Diffusion,"{""iterations"": 4, ""step"": 0.16}",27.97211041790188,0.7539071512601971,0.0015951038314370991,28.96041287127856,0.7826122999910117,0.001270453321122479,0.9883024533766793,0.028705148730814534,-0.0003246505103146201,0.009980288334190845,0.9571882999953232
458__M_Right_middle_finger.BMP,458,"M4 Directional Diffusion (iterations=4, step=0.16)",M4 Directional Diffusion,"{""iterations"": 4, ""step"": 0.16}",27.58630135407322,0.8286793620156646,0.0017432909058239334,28.35797132842051,0.848612797110796,0.001459495859160261,0.7716699743472901,0.019933435095131347,-0.00028379504666367237,0.01495371200144291,0.9425369999953546
458__M_Right_ring_finger.BMP,458,"M4 Directional Diffusion (iterations=4, step=0.16)",M4 Directional Diffusion,"{""iterations"": 4, ""step"": 0.16}",28.07503863890942,0.7279435409357548,0.0015577441756170914,28.927166117827085,0.7581643370195628,0.0012802164054959127,0.8521274789176658,0.03022079608380801,-0.0002775277701211787,0.010369799099862576,0.9410811999987345
458__M_Right_thumb_finger.BMP,458,"M4 Directional Diffusion (iterations=4, step=0.16)",M4 Directional Diffusion,"{""iterations"": 4, ""step"": 0.16}",27.07077807772415,0.9212769854897856,0.001963008554647105,28.10439252232836,0.931876862274766,0.0015472509134783223,1.0336144446042113,0.010599876784980311,-0.0004157576411687829,0.01701987348496914,0.9485399999975925
358__M_Left_index_finger.BMP,358,"M4 Directional Diffusion (iterations=4, step=0.16)",M4 Directional Diffusion,"{""iterations"": 4, ""step"": 0.16}",27.236944199266215,0.8618307483512163,0.0018893202528205673,27.96554805428103,0.8780358992589116,0.0015975159191555879,0.7286038550148142,0.016205150907695254,-0.00029180433366497944,0.017459897324442863,0.9285135000027367
358__M_Left_little_finger.BMP,358,"M4 Directional Diffusion (iterations=4, step=0.16)",M4 Directional Diffusion,"{""iterations"": 4, ""step"": 0.16}",27.36733780397643,0.8151889041575789,0.0018334379631396484,28.38913828384711,0.8422696216606498,0.0014490593437210017,1.0218004798706808,0.02708071750307084,-0.0003843786194186467,0.013230388052761555,0.9257945999997901
358__M_Left_middle_finger.BMP,358,"M4 Directional Diffusion (iterations=4, step=0.16)",M4 Directional Diffusion,"{""iterations"": 4, ""step"": 0.16}",27.165820353094215,0.8782265888885855,0.0019205161548903156,28.25425127405079,0.8971149248198271,0.0014947717195771166,1.0884309209565757,0.018888335931241618,-0.00042574443531319893,0.014217311516404152,0.9502397999967798
358__M_Left_ring_finger.BMP,358,"M4 Directional Diffusion (iterations=4, step=0.16)",M4 Directional Diffusion,"{""iterations"": 4, ""step"": 0.16}",27.571796790413543,0.803453362364322,0.0017491228807993305,28.72636829707886,0.8277741296918094,0.0013407974344693458,1.1545715066653166,0.024320767327487447,-0.00040832544632998465,0.013415597379207611,0.924917699994694
358__M_Left_thumb_finger.BMP,358,"M4 Directional Diffusion (iterations=4, step=0.16)",M4 Directional Diffusion,"{""iterations"": 4, ""step"": 0.16}",27.06961823144247,0.8920985052921772,0.001963532874508304,27.24211530538598,0.903262771264255,0.0018870719946031764,0.17249707394351077,0.01116426597207787,-7.646087990512748e-05,0.02048085816204548,0.9464575000019977
358__M_Right_index_finger.BMP,358,"M4 Directional Diffusion (iterations=4, step=0.16)",M4 Directional Diffusion,"{""iterations"": 4, ""step"": 0.16}",27.082100402676357,0.9081473386961818,0.0019578975355614646,27.5019953596983,0.9184891475353837,0.0017774625698055149,0.4198949570219419,0.010341808839201883,-0.00018043496575594975,0.020701952278614044,0.9696924999952898
358__M_Right_little_finger.BMP,358,"M4 Directional Diffusion (iterations=4, step=0.16)",M4 Directional Diffusion,"{""iterations"": 4, ""step"": 0.16}",27.061822213891244,0.8810446554100514,0.0019670607766737232,27.821939299316874,0.8982132029079795,0.001651224295601677,0.7601170854256303,0.017168547497928066,-0.00031583648107204624,0.018063591793179512,1.0858863000030397
358__M_Right_middle_finger.BMP,358,"M4 Directional Diffusion (iterations=4, step=0.16)",M4 Directional Diffusion,"{""iterations"": 4, ""step"": 0.16}",26.965358684587414,0.9060125459142327,0.0020112410825814135,27.71881565334361,0.9181853001925945,0.0016909019877149741,0.7534569687561969,0.01217275427836173,-0.00032033909486643935,0.015325646847486496,1.0747492000009515
358__M_Right_ring_finger.BMP,358,"M4 Directional Diffusion (iterations=4, step=0.16)",M4 Directional Diffusion,"{""iterations"": 4, ""step"": 0.16}",27.154618445592902,0.8817748545130193,0.0019254762025709502,27.880561496876535,0.8981490771372318,0.0016290853954950956,0.7259430512836325,0.01637422262421251,-0.0002963908070758546,0.016731996089220047,1.1326809000020148
358__M_Right_thumb_finger.BMP,358,"M4 Directional Diffusion (iterations=4, step=0.16)",M4 Directional Diffusion,"{""iterations"": 4, ""step"": 0.16}",27.07786003709809,0.9053674690062403,0.001959810121613979,28.537589559866156,0.9201984401322604,0.0014003643432321075,1.4597295227680647,0.014830971126020054,-0.0005594457783818715,0.016744740307331085,1.0788436000002548
584__M_Left_index_finger.BMP,584,"M4 Directional Diffusion (iterations=4, step=0.16)",M4 Directional Diffusion,"{""iterations"": 4, ""step"": 0.16}",26.808661477259736,0.7405033777887225,0.002085133435231476,28.04681980136115,0.776091129361093,0.001567898771625195,1.2381583241014127,0.035587751572370485,-0.0005172346636062811,0.009541252627968788,1.0447836999956053
584__M_Left_little_finger.BMP,584,"M4 Directional Diffusion (iterations=4, step=0.16)",M4 Directional Diffusion,"{""iterations"": 4, ""step"": 0.16}",27.008643646329304,0.7556378812021911,0.001991295147201889,28.461715887643393,0.7944796134386659,0.0014250444505324123,1.4530722413140893,0.0388417322364748,-0.0005662506966694766,0.010210681706666946,1.088998300001549
584__M_Left_middle_finger.BMP,584,"M4 Directional Diffusion (iterations=4, step=0.16)",M4 Directional Diffusion,"{""iterations"": 4, ""step"": 0.16}",26.72595253228611,0.7938240012609362,0.0021252241715175577,28.024386691734662,0.8250923815210461,0.0015760185715004466,1.2984341594485507,0.03126838026010992,-0.0005492056000171112,0.010380666702985764,1.0872970999989775
584__M_Left_ring_finger.BMP,584,"M4 Directional Diffusion (iterations=4, step=0.16)",M4 Directional Diffusion,"{""iterations"": 4, ""step"": 0.16}",26.756204564552583,0.7725715969515443,0.0021104717515642584,28.139026335281365,0.8090629795457721,0.0015349610741897236,1.382821770728782,0.036491382594227795,-0.0005755106773745347,0.009589923545718193,1.0330409000016516
584__M_Left_thumb_finger.BMP,584,"M4 Directional Diffusion (iterations=4, step=0.16)",M4 Directional Diffusion,"{""iterations"": 4, ""step"": 0.16}",26.870392477172857,0.8618936983605623,0.002055704811060843,28.307763692759252,0.8863828805512189,0.0014764666127048904,1.4373712155863956,0.024489182190656655,-0.0005792381983559525,0.015376199968159199,0.9342275999952108
584__M_Right_index_finger.BMP,584,"M4 Directional Diffusion (iterations=4, step=0.16)",M4 Directional Diffusion,"{""iterations"": 4, ""step"": 0.16}",27.37650748718415,0.8741899077614546,0.0018295709305081917,27.81048660832206,0.8867769351518154,0.0016555844519466692,0.4339791211379094,0.012587027390360883,-0.00017398647856152255,0.0178017970174551,0.8988936000023386
584__M_Right_little_finger.BMP,584,"M4 Directional Diffusion (iterations=4, step=0.16)",M4 Directional Diffusion,"{""iterations"": 4, ""step"": 0.16}",27.20501659588782,0.8208142622725367,0.001903260964546846,28.34225162701451,0.8464905531681776,0.001464788215407668,1.1372350311266892,0.02567629089564083,-0.00043847274913917807,0.014444969594478607,0.9143279999989318
584__M_Right_middle_finger.BMP,584,"M4 Directional Diffusion (iterations=4, step=0.16)",M4 Directional Diffusion,"{""iterations"": 4, ""step"": 0.16}",27.059721458104352,0.8875454616950751,0.001968012507372198,27.932650640475728,0.9030084564444423,0.0016096629056878598,0.8729291823713758,0.015462994749367187,-0.0003583496016843382,0.01606045477092266,0.9412124000009499
584__M_Right_ring_finger.BMP,584,"M4 Directional Diffusion (iterations=4, step=0.16)",M4 Directional Diffusion,"{""iterations"": 4, ""step"": 0.16}",26.898528336386196,0.8464571140774191,0.00204242993149517,28.244115865060877,0.8730193523771763,0.0014982642380234005,1.345587528674681,0.026562238299757235,-0.0005441656934717697,0.014218999072909355,0.9128467999980785
584__M_Right_thumb_finger.BMP,584,"M4 Directional Diffusion (iterations=4, step=0.16)",M4 Directional Diffusion,"{""iterations"": 4, ""step"": 0.16}",27.857015091376837,0.6937121391089857,0.0016379418931114086,28.62487209357601,0.70660781267187,0.001372501382695147,0.7678570021991717,0.012895673562884347,-0.0002654405104162616,0.010772038251161575,0.9246605000007548
277__M_Left_index_finger.BMP,277,"M4 Directional Diffusion (iterations=4, step=0.16)",M4 Directional Diffusion,"{""iterations"": 4, ""step"": 0.16}",27.55193277158026,0.8234430739197731,0.0017571414467860552,27.42998848002849,0.8429363894494176,0.001807178919675806,-0.12194429155177033,0.019493315529644506,5.003747288975075e-05,0.018866337835788727,0.8656241000062437
277__M_Left_little_finger.BMP,277,"M4 Directional Diffusion (iterations=4, step=0.16)",M4 Directional Diffusion,"{""iterations"": 4, ""step"": 0.16}",27.686402604667066,0.7780064740378558,0.00170356904297558,28.165960279382215,0.8017874603366851,0.0015254710567964259,0.4795576747151493,0.0237809862988293,-0.00017809798617915407,0.014928122982382774,0.910448800001177
277__M_Left_middle_finger.BMP,277,"M4 Directional Diffusion (iterations=4, step=0.16)",M4 Directional Diffusion,"{""iterations"": 4, ""step"": 0.16}",27.31515625699761,0.8476906587122083,0.0018556000446645002,27.22356254564247,0.8626606530867815,0.0018951506790870045,-0.0915937113551415,0.014969994374573248,3.955063442250429e-05,0.02025717869400978,0.8746086000028299
277__M_Left_ring_finger.BMP,277,"M4 Directional Diffusion (iterations=4, step=0.16)",M4 Directional Diffusion,"{""iterations"": 4, ""step"": 0.16}",27.728347801250656,0.7729418433285355,0.0016871947675762633,28.537564942613074,0.7979811508006454,0.0014003722809846197,0.8092171413624172,0.025039307472109806,-0.00028682248659164366,0.012259982526302338,0.8794332999968901
277__M_Left_thumb_finger.BMP,277,"M4 Directional Diffusion (iterations=4, step=0.16)",M4 Directional Diffusion,"{""iterations"": 4, ""step"": 0.16}",27.4740786342539,0.835673814529717,0.0017889250134139915,27.135015121462818,0.8509495904789567,0.0019341871240668457,-0.33906351279108193,0.015275775949239678,0.00014526211065285424,0.020312940701842308,0.9338370000041323
277__M_Right_index_finger.BMP,277,"M4 Directional Diffusion (iterations=4, step=0.16)",M4 Directional Diffusion,"{""iterations"": 4, ""step"": 0.16}",27.435483209579154,0.8224739772281646,0.0018048939078366122,27.72004589365443,0.8410106088565886,0.0016904230681646175,0.28456268407527574,0.018536631628424005,-0.00011447083967199467,0.017183344811201096,0.8830082999993465
277__M_Right_little_finger.BMP,277,"M4 Directional Diffusion (iterations=4, step=0.16)",M4 Directional Diffusion,"{""iterations"": 4, ""step"": 0.16}",27.60166142206608,0.8000373865206539,0.0017371361487749735,27.986050648456953,0.8236823025068939,0.0015899919852414767,0.3843892263908728,0.023644915986239967,-0.00014714416353349673,0.015966644510626793,0.9012758000026224
277__M_Right_middle_finger.BMP,277,"M4 Directional Diffusion (iterations=4, step=0.16)",M4 Directional Diffusion,"{""iterations"": 4, ""step"": 0.16}",27.245325559141563,0.8554567247328758,0.0018856776085891085,27.699157832016972,0.8714698653658033,0.001698573001594705,0.4538322728754096,0.01601314063292747,-0.00018710460699440353,0.01887662708759308,0.8788994999995339
277__M_Right_ring_finger.BMP,277,"M4 Directional Diffusion (iterations=4, step=0.16)",M4 Directional Diffusion,"{""iterations"": 4, ""step"": 0.16}",27.26965419473933,0.8603403111504913,0.0018751438097062696,27.390243120817544,0.876645135763824,0.001823793602334188,0.12058892607821292,0.016304824613332713,-5.1350207372081666e-05,0.020095378160476685,0.9017193000036059
277__M_Right_thumb_finger.BMP,277,"M4 Directional Diffusion (iterations=4, step=0.16)",M4 Directional Diffusion,"{""iterations"": 4, ""step"": 0.16}",27.713893269652402,0.7956702655243874,0.0016928195775946103,28.164795421474512,0.8180584333577156,0.0015258802711487092,0.4509021518221097,0.0223881678333282,-0.00016693930644590105,0.014057449996471405,0.906184100000246
113__M_Left_index_finger.BMP,113,"M4 Directional Diffusion (iterations=4, step=0.16)",M4 Directional Diffusion,"{""iterations"": 4, ""step"": 0.16}",27.091395953718273,0.8805550547920465,0.0019537113729576386,26.744699240930636,0.8911896197746396,0.0021160702229707485,-0.3466967127876366,0.010634564982593075,0.00016235885001310985,0.022056791931390762,0.9178635999996914
113__M_Left_little_finger.BMP,113,"M4 Directional Diffusion (iterations=4, step=0.16)",M4 Directional Diffusion,"{""iterations"": 4, ""step"": 0.16}",27.389659096509163,0.8270766893867254,0.0018240388763275269,27.735281296528854,0.8462075070543289,0.001684503316411954,0.34562220001969024,0.019130817667603495,-0.00013953555991557277,0.01703532785177231,0.8998781999980565
113__M_Left_middle_finger.BMP,113,"M4 Directional Diffusion (iterations=4, step=0.16)",M4 Directional Diffusion,"{""iterations"": 4, ""step"": 0.16}",27.115692492636224,0.8776933735228181,0.0019428118812631677,27.30286363864209,0.8898032937199474,0.0018608597236344309,0.18717114600586626,0.012109920197129309,-8.195215762873682e-05,0.01921250857412815,0.8836899000016274
113__M_Left_ring_finger.BMP,113,"M4 Directional Diffusion (iterations=4, step=0.16)",M4 Directional Diffusion,"{""iterations"": 4, ""step"": 0.16}",27.0532031403392,0.8816855724269748,0.001970968511443341,27.030607299630244,0.8925651922854781,0.001981249956547661,-0.022595840708955706,0.010879619858503387,1.028144510432016e-05,0.01984318159520626,0.9289929000005941
113__M_Left_thumb_finger.BMP,113,"M4 Directional Diffusion (iterations=4, step=0.16)",M4 Directional Diffusion,"{""iterations"": 4, ""step"": 0.16}",27.279303541011437,0.8767163291655778,0.001870982157501112,27.26633693395673,0.8888814910034537,0.001876576643306461,-0.012966607054707424,0.01216516183787586,5.594485805349115e-06,0.020203720778226852,0.8733640999998897
113__M_Right_index_finger.BMP,113,"M4 Directional Diffusion (iterations=4, step=0.16)",M4 Directional Diffusion,"{""iterations"": 4, ""step"": 0.16}",27.52628103978593,0.7962213375407458,0.0017675507658317642,28.287535001704587,0.8182686559993029,0.001483359781736014,0.7612539619186585,0.02204731845855712,-0.0002841909840957501,0.013341122306883335,0.9036491000006208
113__M_Right_little_finger.BMP,113,"M4 Directional Diffusion (iterations=4, step=0.16)",M4 Directional Diffusion,"{""iterations"": 4, ""step"": 0.16}",27.049336324191856,0.8765692704223395,0.0019727241788767436,27.20297898221471,0.8900497881100774,0.0019041541420175812,0.1536426580228536,0.013480517687737947,-6.857003685916243e-05,0.02056490071117878,0.8808034999965457
113__M_Right_middle_finger.BMP,113,"M4 Directional Diffusion (iterations=4, step=0.16)",M4 Directional Diffusion,"{""iterations"": 4, ""step"": 0.16}",27.39106797572276,0.8165695768411756,0.0018234472423621466,28.037464343830287,0.8377411000514626,0.00157127993843373,0.6463963681075278,0.021171523210287035,-0.0002521673039284165,0.015435432083904743,0.852224499998556
113__M_Right_ring_finger.BMP,113,"M4 Directional Diffusion (iterations=4, step=0.16)",M4 Directional Diffusion,"{""iterations"": 4, ""step"": 0.16}",27.556710022814272,0.786957332709074,0.0017552096490527052,27.58482370154997,0.80748141611439,0.0017438841476427659,0.028113678735696368,0.020524083405315974,-1.1325501409939357e-05,0.01637592911720276,0.8777903000009246
113__M_Right_thumb_finger.BMP,113,"M4 Directional Diffusion (iterations=4, step=0.16)",M4 Directional Diffusion,"{""iterations"": 4, ""step"": 0.16}",27.207380810346603,0.8842864897474051,0.0019022251483617964,27.979822458712604,0.8993779474459886,0.0015922738184988294,0.7724416483660015,0.015091457698583555,-0.00030995132986296695,0.014994041994214058,0.9164504000000306
439__M_Left_index_finger.BMP,439,"M4 Directional Diffusion (iterations=4, step=0.16)",M4 Directional Diffusion,"{""iterations"": 4, ""step"": 0.16}",27.243095184838253,0.8546553031085133,0.0018866462709150498,27.401869233313498,0.8695649967105389,0.0018189178153733168,0.15877404847524446,0.014909693602025542,-6.7728455541733e-05,0.020128173753619194,0.8823845000006258
439__M_Left_little_finger.BMP,439,"M4 Directional Diffusion (iterations=4, step=0.16)",M4 Directional Diffusion,"{""iterations"": 4, ""step"": 0.16}",27.67026514284158,0.7680612674964666,0.0017099109194558372,28.32333460590136,0.7930327771490813,0.0014711824632991203,0.6530694630597793,0.024971509652614632,-0.0002387284561567169,0.01279301568865776,0.9019189999962691
439__M_Left_middle_finger.BMP,439,"M4 Directional Diffusion (iterations=4, step=0.16)",M4 Directional Diffusion,"{""iterations"": 4, ""step"": 0.16}",27.075266153872867,0.8850007860559821,0.0019609809946537662,27.2169806464176,0.8960058649917245,0.0018980250300771287,0.14171449254473245,0.01100507893574243,-6.295596457663749e-05,0.021967293694615364,0.9143387000003713
439__M_Left_ring_finger.BMP,439,"M4 Directional Diffusion (iterations=4, step=0.16)",M4 Directional Diffusion,"{""iterations"": 4, ""step"": 0.16}",27.26936026487648,0.8321901105798483,0.001875270723456602,27.825922778884397,0.8509068978027106,0.0016497104374145802,0.5565625140079185,0.018716787222862297,-0.00022556028604202175,0.016233207657933235,0.879987299995264
439__M_Left_thumb_finger.BMP,439,"M4 Directional Diffusion (iterations=4, step=0.16)",M4 Directional Diffusion,"{""iterations"": 4, ""step"": 0.16}",27.22016145099966,0.8706247874133587,0.0018966354115943194,27.44010604823117,0.8836290145854055,0.001802973714394653,0.21994459723150683,0.013004227172046856,-9.366169719966636e-05,0.019354797899723053,0.8871039000005112
439__M_Right_index_finger.BMP,439,"M4 Directional Diffusion (iterations=4, step=0.16)",M4 Directional Diffusion,"{""iterations"": 4, ""step"": 0.16}",27.190461892047534,0.860179078065604,0.0019096501477369801,27.728788912890806,0.8779751869959831,0.0016870234083978064,0.5383270208432727,0.017796108930379084,-0.00022262673933917372,0.017989885061979294,0.9606930000009015
439__M_Right_little_finger.BMP,439,"M4 Directional Diffusion (iterations=4, step=0.16)",M4 Directional Diffusion,"{""iterations"": 4, ""step"": 0.16}",27.46604753235387,0.7971711269533038,0.001792236207049238,27.82160507390158,0.8185342704455256,0.00165135137581692,0.3555575415477108,0.021363143492221792,-0.00014088483123231798,0.015148263424634933,0.9296314000021084
439__M_Right_middle_finger.BMP,439,"M4 Directional Diffusion (iterations=4, step=0.16)",M4 Directional Diffusion,"{""iterations"": 4, ""step"": 0.16}",27.195319163986305,0.8431384734453261,0.001907515535095472,27.836325893161174,0.8607532932073474,0.001645763441034334,0.6410067291748689,0.017614819762021283,-0.0002617520940611381,0.01601969450712204,0.8885079000028782
439__M_Right_ring_finger.BMP,439,"M4 Directional Diffusion (iterations=4, step=0.16)",M4 Directional Diffusion,"{""iterations"": 4, ""step"": 0.16}",27.088819797633764,0.8616873811286986,0.001954870622892272,27.421197470187735,0.8765438783723116,0.0018108407248292272,0.3323776725539709,0.014856497243613043,-0.00014402989806304488,0.019066335633397102,0.9175556999980472
439__M_Right_thumb_finger.BMP,439,"M4 Directional Diffusion (iterations=4, step=0.16)",M4 Directional Diffusion,"{""iterations"": 4, ""step"": 0.16}",27.178713895481742,0.860588171741724,0.0019148228900337703,28.287546841631126,0.8779930546284914,0.0014833557377410657,1.1088329461493842,0.017404882886767448,-0.00043146715229270454,0.01498445961624384,0.8629127999956836
184__M_Left_index_finger.BMP,184,"M4 Directional Diffusion (iterations=4, step=0.16)",M4 Directional Diffusion,"{""iterations"": 4, ""step"": 0.16}",27.14673214910537,0.9094638912225962,0.0019289758260301864,27.00511347740327,0.9178791351605058,0.0019929144323487407,-0.1416186717021013,0.0084152439379096,6.393860631855432e-05,0.0231410451233387,0.9541279000040959
184__M_Left_little_finger.BMP,184,"M4 Directional Diffusion (iterations=4, step=0.16)",M4 Directional Diffusion,"{""iterations"": 4, ""step"": 0.16}",27.68577063332017,0.7966246676869393,0.0017038169588951832,27.942472795988284,0.8204931848233938,0.0016060265495099573,0.2567021626681125,0.023868517136454548,-9.779040938522597e-05,0.016160372644662857,0.9047286999993958
184__M_Left_middle_finger.BMP,184,"M4 Directional Diffusion (iterations=4, step=0.16)",M4 Directional Diffusion,"{""iterations"": 4, ""step"": 0.16}",26.967420814007504,0.924128175724417,0.002010286326054125,26.45539230333279,0.9279845545185804,0.0022618342163862834,-0.512028510674714,0.003856378794163451,0.00025154789033215823,0.027085181325674057,0.9065496000039275
184__M_Left_ring_finger.BMP,184,"M4 Directional Diffusion (iterations=4, step=0.16)",M4 Directional Diffusion,"{""iterations"": 4, ""step"": 0.16}",27.16267520307092,0.870679429012537,0.0019219074917362917,27.305141433752055,0.8852749770693183,0.0018598839926498958,0.14246623068113706,0.014595548056781316,-6.202349908639593e-05,0.01972649246454239,0.9344039999996312
184__M_Left_thumb_finger.BMP,184,"M4 Directional Diffusion (iterations=4, step=0.16)",M4 Directional Diffusion,"{""iterations"": 4, ""step"": 0.16}",27.09455659897816,0.894332712657094,0.0019522900465488075,27.437024725530495,0.9065322255315781,0.0018042533795444439,0.3424681265523368,0.012199512874484064,-0.00014803666700436368,0.021530356258153915,0.8772491999989143
184__M_Right_index_finger.BMP,184,"M4 Directional Diffusion (iterations=4, step=0.16)",M4 Directional Diffusion,"{""iterations"": 4, ""step"": 0.16}",27.168996828915667,0.8836233427411317,0.0019191119826170474,27.045302576911524,0.8961079596828222,0.0019745573054153905,-0.12369425200414241,0.012484616941690452,5.5445322798343064e-05,0.02255827933549881,0.8951164000027347
184__M_Right_little_finger.BMP,184,"M4 Directional Diffusion (iterations=4, step=0.16)",M4 Directional Diffusion,"{""iterations"": 4, ""step"": 0.16}",27.192112369058048,0.8865373025163412,0.0019089245491009349,26.919970795032754,0.8982107468420863,0.0020323706779575602,-0.2721415740252944,0.01167344432574513,0.00012344612885662539,0.024086490273475647,0.8790941000042949
184__M_Right_middle_finger.BMP,184,"M4 Directional Diffusion (iterations=4, step=0.16)",M4 Directional Diffusion,"{""iterations"": 4, ""step"": 0.16}",26.937873520135312,0.9148618301275373,0.0020240099725046343,27.051739610734572,0.9213138963188529,0.0019716328203344432,0.11386609059925945,0.006452066191315553,-5.23771521701911e-05,0.023919135332107544,0.8785616000022856
184__M_Right_ring_finger.BMP,184,"M4 Directional Diffusion (iterations=4, step=0.16)",M4 Directional Diffusion,"{""iterations"": 4, ""step"": 0.16}",26.95258106467255,0.899651739586711,0.002017167180501343,26.66087673777475,0.9071793953078985,0.0021573088555891227,-0.29170432689780057,0.007527655721187521,0.00014014167508777983,0.02496946044266224,0.8664981000038097
184__M_Right_thumb_finger.BMP,184,"M4 Directional Diffusion (iterations=4, step=0.16)",M4 Directional Diffusion,"{""iterations"": 4, ""step"": 0.16}",27.1155529441821,0.9145130371519327,0.001942874309123023,28.148667415839597,0.927156223643601,0.0015315573308695893,1.0331144716574983,0.01264318649166829,-0.00041131697825343367,0.01834307797253132,0.8906263000026229
297__M_Left_index_finger.BMP,297,"M4 Directional Diffusion (iterations=4, step=0.16)",M4 Directional Diffusion,"{""iterations"": 4, ""step"": 0.16}",27.7570804375387,0.7906426064821481,0.0016760692418019418,28.30828854036653,0.8172608321743607,0.0014762881915693945,0.5512081028278288,0.026618225692212616,-0.0001997810502325473,0.012300753965973854,0.8781767999971635
297__M_Left_little_finger.BMP,297,"M4 Directional Diffusion (iterations=4, step=0.16)",M4 Directional Diffusion,"{""iterations"": 4, ""step"": 0.16}",27.604976193107987,0.8586213655061722,0.0017358107781078177,24.700758523357035,0.8655837919225693,0.0033878497998715952,-2.9042176697509525,0.006962426416397105,0.0016520390217637775,0.032514289021492004,0.8837678000054439
297__M_Left_middle_finger.BMP,297,"M4 Directional Diffusion (iterations=4, step=0.16)",M4 Directional Diffusion,"{""iterations"": 4, ""step"": 0.16}",27.408921212894597,0.831367049916923,0.0018159666927172965,27.69168087642527,0.8538286289616823,0.0017014998390769052,0.2827596635306726,0.022461579044759317,-0.00011446685364039136,0.016963034868240356,0.8920417000044836
297__M_Left_ring_finger.BMP,297,"M4 Directional Diffusion (iterations=4, step=0.16)",M4 Directional Diffusion,"{""iterations"": 4, ""step"": 0.16}",27.999195089177213,0.7429669464297891,0.0015851869599302825,28.746101122550787,0.7717174420346617,0.0013347191381811961,0.7469060333735733,0.02875049560487264,-0.0002504678217490864,0.009994902648031712,0.8858913000003668
297__M_Left_thumb_finger.BMP,297,"M4 Directional Diffusion (iterations=4, step=0.16)",M4 Directional Diffusion,"{""iterations"": 4, ""step"": 0.16}",27.351634550995698,0.8496112274484038,0.0018400793218039874,27.592545796399133,0.8651584969798922,0.0017407861405858583,0.240911245403435,0.015547269531488439,-9.929318121812913e-05,0.01878037117421627,0.903995800006669
297__M_Right_index_finger.BMP,297,"M4 Directional Diffusion (iterations=4, step=0.16)",M4 Directional Diffusion,"{""iterations"": 4, ""step"": 0.16}",27.26646688433661,0.8421334111442864,0.0018765204928810162,28.049055455143105,0.8620483233438134,0.001567091859058129,0.7825885708064959,0.019914912199527013,-0.00030942863382288723,0.01453391369432211,0.8958031000001938
297__M_Right_little_finger.BMP,297,"M4 Directional Diffusion (iterations=4, step=0.16)",M4 Directional Diffusion,"{""iterations"": 4, ""step"": 0.16}",27.748414561772044,0.7768289119063616,0.0016794169952769212,28.29438138487201,0.803308881059587,0.001481023199257365,0.5459668230999668,0.02647996915322537,-0.0001983937960195561,0.013160294853150845,0.9324606999944081
297__M_Right_middle_finger.BMP,297,"M4 Directional Diffusion (iterations=4, step=0.16)",M4 Directional Diffusion,"{""iterations"": 4, ""step"": 0.16}",27.62754038726817,0.7994520999450088,0.0017268155915228394,28.36559125970755,0.8231103144580721,0.0014569373400210642,0.7380508724393806,0.02365821451306338,-0.0002698782515017752,0.014023341238498688,0.9032767999960924
297__M_Right_ring_finger.BMP,297,"M4 Directional Diffusion (iterations=4, step=0.16)",M4 Directional Diffusion,"{""iterations"": 4, ""step"": 0.16}",27.67942143460698,0.7884819651403725,0.0017063096877649516,28.31737191624489,0.8152724156327248,0.0014732037252590201,0.6379504816379118,0.02679045049235229,-0.00023310596250593145,0.01282461453229189,0.9048478999975487
297__M_Right_thumb_finger.BMP,297,"M4 Directional Diffusion (iterations=4, step=0.16)",M4 Directional Diffusion,"{""iterations"": 4, ""step"": 0.16}",27.057159365148596,0.8790298646752238,0.0019691738664962227,28.010748218661842,0.8949216584929824,0.0015809756394515881,0.9535888535132457,0.015891793817758626,-0.0003881982270446346,0.01651301048696041,0.897347300000547
510__M_Left_index_finger.BMP,510,"M4 Directional Diffusion (iterations=4, step=0.16)",M4 Directional Diffusion,"{""iterations"": 4, ""step"": 0.16}",27.049783248781104,0.8853918248358965,0.001972521179848049,27.134867427366117,0.8983829492359757,0.001934252902677804,0.0850841785850136,0.012991124400079213,-3.826827717024481e-05,0.020523719489574432,0.8883434000017587
510__M_Left_little_finger.BMP,510,"M4 Directional Diffusion (iterations=4, step=0.16)",M4 Directional Diffusion,"{""iterations"": 4, ""step"": 0.16}",27.388994176833812,0.8156364864462018,0.0018243181642848185,27.637890768303844,0.8359189594987034,0.0017227050354982763,0.2488965914700323,0.020282473052501637,-0.00010161312878654216,0.017131926491856575,0.8972677999990992
510__M_Left_middle_finger.BMP,510,"M4 Directional Diffusion (iterations=4, step=0.16)",M4 Directional Diffusion,"{""iterations"": 4, ""step"": 0.16}",26.927380314475773,0.9163373613706232,0.002028906196606752,26.907599813748124,0.9228430999248624,0.0020381681872707847,-0.019780500727648587,0.006505738554239193,9.26199066403257e-06,0.022465351969003677,0.8814908999993349
510__M_Left_ring_finger.BMP,510,"M4 Directional Diffusion (iterations=4, step=0.16)",M4 Directional Diffusion,"{""iterations"": 4, ""step"": 0.16}",27.139391128208246,0.8814989184703231,0.0019322391939270728,27.456970495210715,0.8938673425314426,0.0017959860145973804,0.3175793670024696,0.012368424061119487,-0.0001362531793296924,0.020373350009322166,0.8812049999978626
510__M_Left_thumb_finger.BMP,510,"M4 Directional Diffusion (iterations=4, step=0.16)",M4 Directional Diffusion,"{""iterations"": 4, ""step"": 0.16}",27.04511604334945,0.9147710483712554,0.0019746421163289608,27.715927881506772,0.9252333496402502,0.0016920266998903795,0.6708118381573236,0.010462301268994723,-0.00028261541643858127,0.017801161855459213,0.8718917000005604
510__M_Right_index_finger.BMP,510,"M4 Directional Diffusion (iterations=4, step=0.16)",M4 Directional Diffusion,"{""iterations"": 4, ""step"": 0.16}",27.23055457921046,0.866017082233429,0.0018921019882603737,27.67526632094785,0.882527736544609,0.0017079429812339778,0.4447117417373896,0.01651065431118004,-0.0001841590070263959,0.01795785129070282,0.8914165000023786
510__M_Right_little_finger.BMP,510,"M4 Directional Diffusion (iterations=4, step=0.16)",M4 Directional Diffusion,"{""iterations"": 4, ""step"": 0.16}",27.394827670703343,0.8089458301949203,0.0018218693639567604,27.99454600007456,0.8298306422457993,0.0015868847990064743,0.5997183293712176,0.020884812050878998,-0.00023498456495028614,0.014630447141826153,0.8909899999998743
510__M_Right_middle_finger.BMP,510,"M4 Directional Diffusion (iterations=4, step=0.16)",M4 Directional Diffusion,"{""iterations"": 4, ""step"": 0.16}",27.098886756793288,0.887872908428371,0.001950344474744861,27.62547022943055,0.9005330535507798,0.0017276389114389995,0.5265834726372631,0.012660145122408872,-0.0002227055633058615,0.01861000433564186,0.8782012999945437
510__M_Right_ring_finger.BMP,510,"M4 Directional Diffusion (iterations=4, step=0.16)",M4 Directional Diffusion,"{""iterations"": 4, ""step"": 0.16}",27.19464273199484,0.8686249066267312,0.001907812661832362,27.64705029511335,0.8835717743808628,0.00171907557767337,0.45240756311850916,0.014946867754131565,-0.00018873708415899186,0.01892607845366001,0.8783981000015046
510__M_Right_thumb_finger.BMP,510,"M4 Directional Diffusion (iterations=4, step=0.16)",M4 Directional Diffusion,"{""iterations"": 4, ""step"": 0.16}",27.147269107323716,0.8867233144706488,0.0019287373437475198,28.216542056357664,0.9019442537041307,0.0015078071359906943,1.069272949033948,0.01522093923348189,-0.00042093020775682555,0.014714889228343964,0.9054438999955892
329__M_Left_index_finger.BMP,329,"M4 Directional Diffusion (iterations=4, step=0.16)",M4 Directional Diffusion,"{""iterations"": 4, ""step"": 0.16}",27.33983850281261,0.8673399185726046,0.0018450840293860148,26.894912753148557,0.8817157459811569,0.0020441310008120434,-0.44492574966405485,0.014375827408552255,0.00019904697142602863,0.022336967289447784,0.9091129000007641
329__M_Left_little_finger.BMP,329,"M4 Directional Diffusion (iterations=4, step=0.16)",M4 Directional Diffusion,"{""iterations"": 4, ""step"": 0.16}",27.483534424271237,0.7969700508410931,0.0017850342668649715,28.562584120666777,0.82556053578794,0.0013923280992442068,1.0790496963955398,0.028590484946846906,-0.00039270616762076475,0.013655968010425568,0.8987965999986045
329__M_Left_middle_finger.BMP,329,"M4 Directional Diffusion (iterations=4, step=0.16)",M4 Directional Diffusion,"{""iterations"": 4, ""step"": 0.16}",27.170496652176993,0.8806207271711528,0.0019184493373478708,27.613494771275096,0.8977264916199446,0.001732409365454375,0.44299811909810316,0.01710576444879175,-0.00018603997189349584,0.020240390673279762,0.8825088000012329
329__M_Left_ring_finger.BMP,329,"M4 Directional Diffusion (iterations=4, step=0.16)",M4 Directional Diffusion,"{""iterations"": 4, ""step"": 0.16}",27.048095149200076,0.8606330455324054,0.0019732880464668353,27.855736852313058,0.8802174983425737,0.0016384240520015791,0.8076417031129814,0.019584452810168296,-0.00033486399446525615,0.018210140988230705,0.9039946000048076
329__M_Left_thumb_finger.BMP,329,"M4 Directional Diffusion (iterations=4, step=0.16)",M4 Directional Diffusion,"{""iterations"": 4, ""step"": 0.16}",27.274119087408604,0.8811508820807934,0.001873217003364104,27.818298515578043,0.8971127276181579,0.0016526091327131753,0.5441794281694392,0.01596184553736446,-0.0002206078706509288,0.018844300881028175,0.8975296999997227
329__M_Right_index_finger.BMP,329,"M4 Directional Diffusion (iterations=4, step=0.16)",M4 Directional Diffusion,"{""iterations"": 4, ""step"": 0.16}",27.187816851277667,0.9046109719729424,0.001910813561316814,27.47003415170984,0.9145152792366147,0.0017905917732643727,0.28221730043217264,0.009904307263672307,-0.00012022178805244123,0.02083517052233219,0.9296799000003375
329__M_Right_little_finger.BMP,329,"M4 Directional Diffusion (iterations=4, step=0.16)",M4 Directional Diffusion,"{""iterations"": 4, ""step"": 0.16}",27.743813777829764,0.7948134238148331,0.0016811970613825667,28.30047748816432,0.8197061628192067,0.0014789457754814253,0.5566637103345542,0.02489273900437361,-0.00020225128590114138,0.014318670146167278,0.891187400004128
329__M_Right_middle_finger.BMP,329,"M4 Directional Diffusion (iterations=4, step=0.16)",M4 Directional Diffusion,"{""iterations"": 4, ""step"": 0.16}",27.191388370015403,0.9068319340829849,0.0019092428065988977,27.084594061979665,0.9143435181278586,0.001956773660358616,-0.10679430803573808,0.0075115840448737314,4.753085375971836e-05,0.021922636777162552,0.930531099998916
329__M_Right_ring_finger.BMP,329,"M4 Directional Diffusion (iterations=4, step=0.16)",M4 Directional Diffusion,"{""iterations"": 4, ""step"": 0.16}",27.27178725921972,0.8700721985939145,0.0018742230472468093,27.732977958040866,0.8874232104648948,0.0016853969520820586,0.46119069882114516,0.017351011870980315,-0.00018882609516475066,0.018439345061779022,0.8866242000003695
329__M_Right_thumb_finger.BMP,329,"M4 Directional Diffusion (iterations=4, step=0.16)",M4 Directional Diffusion,"{""iterations"": 4, ""step"": 0.16}",27.0467404622004,0.909762505359292,0.0019739036666828963,28.06897960596142,0.9223361988285184,0.0015599189696152735,1.0222391437610199,0.012573693469226321,-0.00041398469706762286,0.01682528480887413,0.8983485999997356
500__M_Left_index_finger.BMP,500,"M4 Directional Diffusion (iterations=4, step=0.16)",M4 Directional Diffusion,"{""iterations"": 4, ""step"": 0.16}",27.22097697852984,0.8126579431100488,0.0018962792907501484,28.35760375363016,0.8413547760010064,0.0014596193920648403,1.1366267751003178,0.02869683289095759,-0.0004366598986853081,0.012120988219976425,0.911135700000159
500__M_Left_little_finger.BMP,500,"M4 Directional Diffusion (iterations=4, step=0.16)",M4 Directional Diffusion,"{""iterations"": 4, ""step"": 0.16}",27.393190376862407,0.8031483195633888,0.0018225563397227824,28.265955381973697,0.8284892568913103,0.0014907487772639683,0.8727650051112903,0.02534093732792142,-0.00033180756245881405,0.011854882352054119,0.8787026999998488
500__M_Left_middle_finger.BMP,500,"M4 Directional Diffusion (iterations=4, step=0.16)",M4 Directional Diffusion,"{""iterations"": 4, ""step"": 0.16}",27.140279470727975,0.8293306801019311,0.0019318439978642497,28.120336733221613,0.8544183454021812,0.0015415809207757869,0.9800572624936379,0.025087665300250084,-0.00039026307708846285,0.013070938177406788,0.9369631000008667
500__M_Left_ring_finger.BMP,500,"M4 Directional Diffusion (iterations=4, step=0.16)",M4 Directional Diffusion,"{""iterations"": 4, ""step"": 0.16}",27.295580705283417,0.8248268218860626,0.0018639829240834243,27.865746605713205,0.847670869758457,0.0016346521101390289,0.5701659004297888,0.022844047872394357,-0.00022933081394439542,0.01551991980522871,0.9483771000013803
500__M_Left_thumb_finger.BMP,500,"M4 Directional Diffusion (iterations=4, step=0.16)",M4 Directional Diffusion,"{""iterations"": 4, ""step"": 0.16}",26.95658644166975,0.8581379957226812,0.0020153076610392906,28.262141190482858,0.8819319483279586,0.001492058602540324,1.3055547488131083,0.02379395260527739,-0.0005232490584989667,0.013209155760705471,0.9271319000035874
500__M_Right_index_finger.BMP,500,"M4 Directional Diffusion (iterations=4, step=0.16)",M4 Directional Diffusion,"{""iterations"": 4, ""step"": 0.16}",27.331157922060033,0.8369927438261509,0.0018487756300997896,27.96304706092929,0.8570973480176329,0.0015984361535815996,0.6318891388692585,0.02010460419148208,-0.00025033947651818995,0.015715034678578377,0.9579406000048039
500__M_Right_little_finger.BMP,500,"M4 Directional Diffusion (iterations=4, step=0.16)",M4 Directional Diffusion,"{""iterations"": 4, ""step"": 0.16}",27.37286064895845,0.8175403233197629,0.0018311078948542933,28.179675205680258,0.8414687436190843,0.001520661250649721,0.8068145567218075,0.023928420299321407,-0.0003104466442045723,0.014279930852353573,0.9582750000045053
500__M_Right_middle_finger.BMP,500,"M4 Directional Diffusion (iterations=4, step=0.16)",M4 Directional Diffusion,"{""iterations"": 4, ""step"": 0.16}",27.2916266852288,0.8575968000411391,0.001865680754078539,27.717923613482682,0.874129353316009,0.0016912493342632264,0.4262969282538833,0.01653255327486991,-0.00017443141981531257,0.01767975278198719,0.9159951999972691
500__M_Right_ring_finger.BMP,500,"M4 Directional Diffusion (iterations=4, step=0.16)",M4 Directional Diffusion,"{""iterations"": 4, ""step"": 0.16}",27.155657376306145,0.8889747540159821,0.001925015640166392,27.688227996801295,0.9053851296412349,0.0017028531627988977,0.5325706204951501,0.016410375625252716,-0.00022216247736749442,0.0194705780595541,0.9147718000021996
500__M_Right_thumb_finger.BMP,500,"M4 Directional Diffusion (iterations=4, step=0.16)",M4 Directional Diffusion,"{""iterations"": 4, ""step"": 0.16}",27.303108432332884,0.8768635264593064,0.001860754837687004,28.198351248209402,0.8920443596709967,0.00151413596459649,0.895242815876518,0.015180833211690281,-0.0003466188730905141,0.015250904485583305,0.8814997000008589
546__M_Left_index_finger.BMP,546,"M4 Directional Diffusion (iterations=4, step=0.16)",M4 Directional Diffusion,"{""iterations"": 4, ""step"": 0.16}",27.17939859729466,0.8178055724727511,0.0019145210258810648,28.296004767244,0.8432586550680399,0.001480469699787369,1.116606169949339,0.02545308259528878,-0.00043405132609369585,0.014267761260271072,0.8691093999950681
546__M_Left_little_finger.BMP,546,"M4 Directional Diffusion (iterations=4, step=0.16)",M4 Directional Diffusion,"{""iterations"": 4, ""step"": 0.16}",27.58377739293818,0.7815911141959428,0.0017443043373741387,28.565777471940727,0.8097765170236826,0.0013913047018351402,0.982000079002546,0.028185402827739736,-0.0003529996355389985,0.013865767046809196,0.8832812999971793
546__M_Left_middle_finger.BMP,546,"M4 Directional Diffusion (iterations=4, step=0.16)",M4 Directional Diffusion,"{""iterations"": 4, ""step"": 0.16}",27.4038782178077,0.7900903055039644,0.001818076604447424,28.64462386345439,0.8197536280810833,0.0013662734016478845,1.2407456456466903,0.0296633225771189,-0.0004518032027995395,0.012915642000734806,0.8543645000027027
546__M_Left_ring_finger.BMP,546,"M4 Directional Diffusion (iterations=4, step=0.16)",M4 Directional Diffusion,"{""iterations"": 4, ""step"": 0.16}",27.1960749589077,0.811261339558661,0.0019071836024613185,28.3735983672986,0.838914288631618,0.0014542536525849895,1.1775234083909005,0.02765294907295701,-0.000452929949876329,0.013778290711343288,0.850008200002776
546__M_Left_thumb_finger.BMP,546,"M4 Directional Diffusion (iterations=4, step=0.16)",M4 Directional Diffusion,"{""iterations"": 4, ""step"": 0.16}",27.021483915545907,0.8652175775358677,0.001985416416064281,27.705481035098526,0.8815191668370366,0.0016961017275156545,0.6839971195526182,0.016301589301168873,-0.00028931468854862647,0.019434601068496704,0.8695472000035807
546__M_Right_index_finger.BMP,546,"M4 Directional Diffusion (iterations=4, step=0.16)",M4 Directional Diffusion,"{""iterations"": 4, ""step"": 0.16}",28.061231288264025,0.7160751357330084,0.0015627045302793903,29.07239873398328,0.7440961656444669,0.0012381125522838727,1.0111674457192557,0.028021029911458495,-0.00032459197799551763,0.008436838164925575,0.8444057999950019
546__M_Right_little_finger.BMP,546,"M4 Directional Diffusion (iterations=4, step=0.16)",M4 Directional Diffusion,"{""iterations"": 4, ""step"": 0.16}",27.63564668951084,0.7798252788092495,0.0017235954186269598,28.589734418316585,0.809174924423933,0.0013836509900223037,0.9540877288057459,0.02934964561468356,-0.0003399444286046561,0.013108395040035248,0.870526599996083
546__M_Right_middle_finger.BMP,546,"M4 Directional Diffusion (iterations=4, step=0.16)",M4 Directional Diffusion,"{""iterations"": 4, ""step"": 0.16}",27.055545225753267,0.8390291150278747,0.0019699058840555576,28.033304713866904,0.8639953125716746,0.0015727856158981924,0.9777594881136373,0.024966197543799917,-0.0003971202681573652,0.015781890600919724,0.8588142000007792
546__M_Right_ring_finger.BMP,546,"M4 Directional Diffusion (iterations=4, step=0.16)",M4 Directional Diffusion,"{""iterations"": 4, ""step"": 0.16}",27.41220324434771,0.8016949292868972,0.0018145948566559466,28.841054693506738,0.8310958785007596,0.0013058537202313581,1.4288514491590263,0.029400949213862382,-0.0005087411364245885,0.012643682770431042,0.9408267000035266
546__M_Right_thumb_finger.BMP,546,"M4 Directional Diffusion (iterations=4, step=0.16)",M4 Directional Diffusion,"{""iterations"": 4, ""step"": 0.16}",27.25553281696742,0.9009375226513148,0.0018812508895890972,27.811253073771244,0.912884970891714,0.0016552922915889405,0.5557202568038235,0.011947448240399283,-0.00022595859800015662,0.01964426040649414,1.0384425000011106
339__M_Left_index_finger.BMP,339,"M4 Directional Diffusion (iterations=4, step=0.16)",M4 Directional Diffusion,"{""iterations"": 4, ""step"": 0.16}",27.168168273784936,0.9018743955249489,0.001919478149316312,27.39757377479546,0.9121047280507087,0.0018207177348869028,0.22940550101052537,0.010230332525759889,-9.876041442940923e-05,0.019568098708987236,1.0115077000009478
339__M_Left_little_finger.BMP,339,"M4 Directional Diffusion (iterations=4, step=0.16)",M4 Directional Diffusion,"{""iterations"": 4, ""step"": 0.16}",27.38284470479606,0.8433663844787479,0.0018269031706211621,27.663299439985348,0.8614306464748382,0.001712655667286104,0.2804547351892879,0.018064261996090347,-0.00011424750333505814,0.01581176184117794,1.1047391000029165
339__M_Left_middle_finger.BMP,339,"M4 Directional Diffusion (iterations=4, step=0.16)",M4 Directional Diffusion,"{""iterations"": 4, ""step"": 0.16}",26.873471350702367,0.9168854509427845,0.0020542479626780162,27.275166577854076,0.9260142777839899,0.0018727652499152692,0.40169522715170913,0.009128826841205417,-0.000181482712762747,0.019009824842214584,1.381131699999969
339__M_Left_ring_finger.BMP,339,"M4 Directional Diffusion (iterations=4, step=0.16)",M4 Directional Diffusion,"{""iterations"": 4, ""step"": 0.16}",27.249917444994132,0.8514360282585621,0.0018836848961017005,27.8645959885951,0.869860176075697,0.001635085251235044,0.6146785436009665,0.01842414781713486,-0.00024859964486665656,0.01457159873098135,1.4576095000011264
339__M_Left_thumb_finger.BMP,339,"M4 Directional Diffusion (iterations=4, step=0.16)",M4 Directional Diffusion,"{""iterations"": 4, ""step"": 0.16}",27.26277479330367,0.8888812686822712,0.0018781164676396895,28.210615443678897,0.9031759327688217,0.001509866174139914,0.9478406503752268,0.014294664086550446,-0.00036825029349977557,0.014783964492380619,1.7234450000032666
339__M_Right_index_finger.BMP,339,"M4 Directional Diffusion (iterations=4, step=0.16)",M4 Directional Diffusion,"{""iterations"": 4, ""step"": 0.16}",27.13878511628046,0.8817343702910244,0.0019325088362432837,27.709024953363446,0.8965363882060051,0.0016947182436512715,0.5702398370829869,0.014802017914980703,-0.00023779059259201223,0.015351989306509495,1.8421371000004
339__M_Right_little_finger.BMP,339,"M4 Directional Diffusion (iterations=4, step=0.16)",M4 Directional Diffusion,"{""iterations"": 4, ""step"": 0.16}",27.55192668038311,0.8072073154693842,0.001757143911266478,27.973306741195252,0.8287109568886757,0.001594664498877178,0.4213800608121403,0.021503641419291508,-0.0001624794123892999,0.012514079920947552,1.8257079000031808
339__M_Right_middle_finger.BMP,339,"M4 Directional Diffusion (iterations=4, step=0.16)",M4 Directional Diffusion,"{""iterations"": 4, ""step"": 0.16}",26.929466550812975,0.9228188951424956,0.002027931797549491,27.70830642824245,0.9326261150714159,0.001694998652088242,0.7788398774294762,0.009807219928920308,-0.00033293314546124905,0.018463414162397385,2.156777399999555
339__M_Right_ring_finger.BMP,339,"M4 Directional Diffusion (iterations=4, step=0.16)",M4 Directional Diffusion,"{""iterations"": 4, ""step"": 0.16}",27.038256510915005,0.8957082019684315,0.001977763460225771,27.872452246367637,0.9094524272845983,0.0016321301044277012,0.8341957354526315,0.013744225316166814,-0.00034563335579806996,0.016184138134121895,2.1828499999974156
339__M_Right_thumb_finger.BMP,339,"M4 Directional Diffusion (iterations=4, step=0.16)",M4 Directional Diffusion,"{""iterations"": 4, ""step"": 0.16}",27.11046778040246,0.9044235747672915,0.001945150557358994,28.35794765158076,0.9189350757402778,0.0014595038160524654,1.2474798711782995,0.014511500972986258,-0.0004856467413065285,0.01469343900680542,2.911157100003038
82__M_Left_index_finger.BMP,82,"M4 Directional Diffusion (iterations=4, step=0.16)",M4 Directional Diffusion,"{""iterations"": 4, ""step"": 0.16}",27.407533077197563,0.8338205388668776,0.0018165472230260648,27.597523708749097,0.8553745471484065,0.0017387919829647863,0.1899906315515345,0.02155400828152898,-7.775524006127846e-05,0.019108302891254425,3.090329600003315
82__M_Left_little_finger.BMP,82,"M4 Directional Diffusion (iterations=4, step=0.16)",M4 Directional Diffusion,"{""iterations"": 4, ""step"": 0.16}",27.69229082988279,0.7763772368124128,0.0017012608853540223,27.870990660125017,0.799830989906907,0.0016326794782886046,0.1786998302422269,0.023453753094494267,-6.858140706541768e-05,0.014880235306918621,3.052470800001174
82__M_Left_middle_finger.BMP,82,"M4 Directional Diffusion (iterations=4, step=0.16)",M4 Directional Diffusion,"{""iterations"": 4, ""step"": 0.16}",27.880716384195686,0.7725335403455496,0.001629027296628847,27.84505212062383,0.7966019821719528,0.001642459948037866,-0.03566426357185648,0.02406844182640322,1.3432651409019027e-05,0.014612706378102303,3.1381426000007195
82__M_Left_ring_finger.BMP,82,"M4 Directional Diffusion (iterations=4, step=0.16)",M4 Directional Diffusion,"{""iterations"": 4, ""step"": 0.16}",27.892192977055572,0.7594045024935603,0.0016247281394634915,28.173314191940708,0.7852006282329559,0.0015228901609504355,0.2811212148851361,0.025796125739395603,-0.00010183797851305598,0.013950828462839127,2.9959998999984236
82__M_Left_thumb_finger.BMP,82,"M4 Directional Diffusion (iterations=4, step=0.16)",M4 Directional Diffusion,"{""iterations"": 4, ""step"": 0.16}",27.27279496261675,0.8799613435319364,0.0018737882174453759,27.12371186627786,0.8944052348157168,0.0019392277328789532,-0.1490830963388916,0.014443891283780319,6.543951543357737e-05,0.022177305072546005,3.046910000004573
82__M_Right_index_finger.BMP,82,"M4 Directional Diffusion (iterations=4, step=0.16)",M4 Directional Diffusion,"{""iterations"": 4, ""step"": 0.16}",27.377923386348108,0.8815812092620731,0.00182897454583705,27.76323049251048,0.8961331595192552,0.0016736974357319597,0.3853071061623723,0.014551950257182145,-0.0001552771101050903,0.019224844872951508,3.043930600004387
82__M_Right_little_finger.BMP,82,"M4 Directional Diffusion (iterations=4, step=0.16)",M4 Directional Diffusion,"{""iterations"": 4, ""step"": 0.16}",27.508672695264686,0.8410461886511446,0.001774731797242011,27.348969864813238,0.8637067457321286,0.0018412086795752622,-0.1597028304514474,0.022660557080984023,6.647688233325116e-05,0.020776759833097458,3.494476499996381
82__M_Right_middle_finger.BMP,82,"M4 Directional Diffusion (iterations=4, step=0.16)",M4 Directional Diffusion,"{""iterations"": 4, ""step"": 0.16}",27.57387435613134,0.8563310876093507,0.0017482863404259983,27.78464628065878,0.8722870933473706,0.0016654644691596182,0.21077192452743887,0.01595600573801992,-8.282187126638007e-05,0.017828159034252167,3.006065600005968
82__M_Right_ring_finger.BMP,82,"M4 Directional Diffusion (iterations=4, step=0.16)",M4 Directional Diffusion,"{""iterations"": 4, ""step"": 0.16}",27.29889436135744,0.8531962656697631,0.0018625612521925405,27.221221934929595,0.871944855516076,0.0018961723373653455,-0.07767242642784566,0.01874858984631289,3.361108517280502e-05,0.019926272332668304,2.8638923000034993
82__M_Right_thumb_finger.BMP,82,"M4 Directional Diffusion (iterations=4, step=0.16)",M4 Directional Diffusion,"{""iterations"": 4, ""step"": 0.16}",27.376577421841297,0.8896566295321285,0.001829541469073406,27.85358710089725,0.9031009972942472,0.0016392352703014188,0.4770096790559535,0.013444367762118659,-0.00019030619877198726,0.019373364746570587,2.799082500001532
233__M_Left_index_finger.BMP,233,"M4 Directional Diffusion (iterations=4, step=0.16)",M4 Directional Diffusion,"{""iterations"": 4, ""step"": 0.16}",27.231448446651516,0.881167633240223,0.0018917125947972063,26.365226046157375,0.890877274977684,0.002309284259736432,-0.8662224004941415,0.009709641737461028,0.0004175716649392257,0.025229522958397865,2.603214599999774
233__M_Left_little_finger.BMP,233,"M4 Directional Diffusion (iterations=4, step=0.16)",M4 Directional Diffusion,"{""iterations"": 4, ""step"": 0.16}",27.517264572307603,0.8166662105587423,0.0017712242223760113,27.581830622514637,0.8359884923120141,0.0017450864153054522,0.06456605020703421,0.019322281753271775,-2.6137807070559117e-05,0.01766033098101616,2.842105299998366
233__M_Left_middle_finger.BMP,233,"M4 Directional Diffusion (iterations=4, step=0.16)",M4 Directional Diffusion,"{""iterations"": 4, ""step"": 0.16}",27.06610764982347,0.8987743058198094,0.00196512072088019,26.68113381597536,0.9076063204878568,0.0021472698115507687,-0.38497383384810746,0.008832014668047394,0.00018214909067057862,0.024442872032523155,2.5331646999984514
233__M_Left_ring_finger.BMP,233,"M4 Directional Diffusion (iterations=4, step=0.16)",M4 Directional Diffusion,"{""iterations"": 4, ""step"": 0.16}",27.21594022648782,0.8684191310635209,0.0018984797859420758,26.992226955163858,0.8822180207700133,0.001998836652585475,-0.22371327132396246,0.013798889706492456,0.00010035686664339942,0.023012487217783928,2.3524878999960492
233__M_Left_thumb_finger.BMP,233,"M4 Directional Diffusion (iterations=4, step=0.16)",M4 Directional Diffusion,"{""iterations"": 4, ""step"": 0.16}",27.225324345100958,0.8898841066287756,0.0018943820305245258,27.47638300044187,0.902865540215075,0.0017879760617181561,0.25105865534091265,0.01298143358629944,-0.00010640596880636972,0.02169947326183319,2.565739099998609
233__M_Right_index_finger.BMP,233,"M4 Directional Diffusion (iterations=4, step=0.16)",M4 Directional Diffusion,"{""iterations"": 4, ""step"": 0.16}",27.50662691038512,0.8214849174355269,0.0017755679982309547,28.390828226237073,0.8420560753539205,0.0014484955902020933,0.8842013158519535,0.02057115791839359,-0.00032707240802886143,0.015447558835148811,2.320080199999211
233__M_Right_little_finger.BMP,233,"M4 Directional Diffusion (iterations=4, step=0.16)",M4 Directional Diffusion,"{""iterations"": 4, ""step"": 0.16}",27.51716208580386,0.8188212123342753,0.0017712660209084244,27.485537950681934,0.8401117300425768,0.0017842109687036005,-0.031624135121926855,0.021290517708301482,1.2944947795176086e-05,0.018673313781619072,2.261966600002779
233__M_Right_middle_finger.BMP,233,"M4 Directional Diffusion (iterations=4, step=0.16)",M4 Directional Diffusion,"{""iterations"": 4, ""step"": 0.16}",27.58550540080451,0.8223692128821611,0.001743610436767703,28.148660858855663,0.843136763433218,0.0015315596432186544,0.5631554580511526,0.020767550551056835,-0.0002120507935490486,0.015480446629226208,2.283656500003417
233__M_Right_ring_finger.BMP,233,"M4 Directional Diffusion (iterations=4, step=0.16)",M4 Directional Diffusion,"{""iterations"": 4, ""step"": 0.16}",27.32663857679203,0.8532075932916999,0.0018507005001051732,27.21836259448704,0.8686333350452781,0.0018974211645301784,-0.10827598230498836,0.015425741753578137,4.672066442500513e-05,0.021207645535469055,2.0963669999982812
233__M_Right_thumb_finger.BMP,233,"M4 Directional Diffusion (iterations=4, step=0.16)",M4 Directional Diffusion,"{""iterations"": 4, ""step"": 0.16}",27.358350027517254,0.8703843627896904,0.0018372362139300598,28.056185430538044,0.8861246547593474,0.0015645212163158,0.6978354030207896,0.015740291969656983,-0.0002727149976142597,0.018220730125904083,2.0690015999934985
384__F_Left_index_finger.BMP,384,"M4 Directional Diffusion (iterations=4, step=0.16)",M4 Directional Diffusion,"{""iterations"": 4, ""step"": 0.16}",27.585880267422205,0.7939810056756735,0.0017434599413858843,28.07392507302401,0.8176335783910156,0.0015581436449294244,0.4880448056018061,0.023652572715342046,-0.0001853162964564599,0.01380111649632454,2.3163455999965663
384__F_Left_little_finger.BMP,384,"M4 Directional Diffusion (iterations=4, step=0.16)",M4 Directional Diffusion,"{""iterations"": 4, ""step"": 0.16}",27.73487095126321,0.7763853534689545,0.0016846624850512509,28.198432285236695,0.8002938063187003,0.0015141077118928895,0.46356133397348387,0.023908452849745743,-0.0001705547731583614,0.012085234746336937,2.0109550999986823
384__F_Left_middle_finger.BMP,384,"M4 Directional Diffusion (iterations=4, step=0.16)",M4 Directional Diffusion,"{""iterations"": 4, ""step"": 0.16}",27.118571655332776,0.8717084888616204,0.0019415243176466404,27.19528387477927,0.8871706218746901,0.0019075310349433716,0.07671221944649531,0.015462133013069645,-3.399328270326874e-05,0.020086850970983505,2.0443449999947916
384__F_Left_ring_finger.BMP,384,"M4 Directional Diffusion (iterations=4, step=0.16)",M4 Directional Diffusion,"{""iterations"": 4, ""step"": 0.16}",27.285154102190788,0.8293552509646416,0.0018684633767569378,27.49747724972228,0.8490735822908282,0.0017793126854509429,0.2123231475314924,0.01971833132618661,-8.915069130599495e-05,0.016705196350812912,1.9506945999964955
384__F_Left_thumb_finger.BMP,384,"M4 Directional Diffusion (iterations=4, step=0.16)",M4 Directional Diffusion,"{""iterations"": 4, ""step"": 0.16}",27.318048246885297,0.8491703983755707,0.0018543648021192723,27.864658175261855,0.8668969160456658,0.0016350618386019359,0.546609928376558,0.017726517670095032,-0.00021930296351733644,0.01690278761088848,1.9037387999997009
384__F_Right_index_finger.BMP,384,"M4 Directional Diffusion (iterations=4, step=0.16)",M4 Directional Diffusion,"{""iterations"": 4, ""step"": 0.16}",27.486196197178927,0.8517396650123894,0.0017839405619474507,28.011358463293465,0.8693792806255222,0.0015807535058170639,0.5251622661145383,0.017639615613132764,-0.00020318705613038687,0.01634514145553112,2.1625721999953385
384__F_Right_little_finger.BMP,384,"M4 Directional Diffusion (iterations=4, step=0.16)",M4 Directional Diffusion,"{""iterations"": 4, ""step"": 0.16}",28.013672442708103,0.7328998680624962,0.001579911483427486,28.260356355656526,0.7612857305445672,0.001492671924967815,0.2466839129484235,0.028385862482070978,-8.723955845967111e-05,0.01150457188487053,2.1668496999991476
384__F_Right_middle_finger.BMP,384,"M4 Directional Diffusion (iterations=4, step=0.16)",M4 Directional Diffusion,"{""iterations"": 4, ""step"": 0.16}",27.627489404881164,0.8129671659176647,0.0017268358629518306,28.009463080890523,0.8343592566726208,0.0015814435413565968,0.38197367600935905,0.021392090754956072,-0.00014539232159523378,0.015495164319872856,1.9722733000016888
384__F_Right_ring_finger.BMP,384,"M4 Directional Diffusion (iterations=4, step=0.16)",M4 Directional Diffusion,"{""iterations"": 4, ""step"": 0.16}",27.74839173628873,0.7761508576027751,0.0016794258219157423,27.934001961281865,0.8005486504251361,0.001609162131974301,0.18561022499313395,0.024397792822360986,-7.026368994144131e-05,0.015394505113363266,2.295821799998521
384__F_Right_thumb_finger.BMP,384,"M4 Directional Diffusion (iterations=4, step=0.16)",M4 Directional Diffusion,"{""iterations"": 4, ""step"": 0.16}",27.15122576087472,0.8853496424844265,0.0019269809617181043,28.146102201282797,0.9012772080600262,0.0015324622315398516,0.9948764404080777,0.01592756557559971,-0.00039451873017825267,0.016642794013023376,2.0492253999982495
218__M_Left_index_finger.BMP,218,"M4 Directional Diffusion (iterations=4, step=0.16)",M4 Directional Diffusion,"{""iterations"": 4, ""step"": 0.16}",26.95555240343883,0.8582802163401246,0.002015787555065108,28.20861624653569,0.8824475461730361,0.001510561374087261,1.2530638430968608,0.024167329832911477,-0.0005052261809778468,0.017219973728060722,2.4176134999943315
218__M_Left_little_finger.BMP,218,"M4 Directional Diffusion (iterations=4, step=0.16)",M4 Directional Diffusion,"{""iterations"": 4, ""step"": 0.16}",27.522404178182647,0.7467122343437076,0.0017691293281806295,28.753329913930827,0.7798446544370056,0.0013324993584661446,1.2309257357481798,0.033132420093297976,-0.00043662996971448494,0.01098798681050539,2.232476299999689
218__M_Left_middle_finger.BMP,218,"M4 Directional Diffusion (iterations=4, step=0.16)",M4 Directional Diffusion,"{""iterations"": 4, ""step"": 0.16}",26.89328640320218,0.8228105702443123,0.002044896632206302,28.167138420216066,0.8520619861950874,0.0015250572877830854,1.273852017013887,0.029251415950775184,-0.0005198393444232167,0.013838653452694416,2.271609899995383
218__M_Left_ring_finger.BMP,218,"M4 Directional Diffusion (iterations=4, step=0.16)",M4 Directional Diffusion,"{""iterations"": 4, ""step"": 0.16}",27.126296343694097,0.7792105915739537,0.0019380740458066112,28.636000605544858,0.813985317594707,0.001368988939820052,1.5097042618507608,0.03477472602075338,-0.0005690851059865591,0.011558571830391884,2.2531232999972417
218__M_Left_thumb_finger.BMP,218,"M4 Directional Diffusion (iterations=4, step=0.16)",M4 Directional Diffusion,"{""iterations"": 4, ""step"": 0.16}",26.789339122859307,0.8764949646649957,0.002094431146604478,27.594983474745277,0.8938495222631693,0.0017398093181402352,0.8056443518859702,0.017354557598173614,-0.0003546218284642428,0.01932676136493683,2.4738427999982378
218__M_Right_index_finger.BMP,218,"M4 Directional Diffusion (iterations=4, step=0.16)",M4 Directional Diffusion,"{""iterations"": 4, ""step"": 0.16}",27.474097601586816,0.8698191221582293,0.00178891720049819,27.34747548872165,0.8830351035852432,0.0018418423352577202,-0.12662211286516722,0.013215981427013856,5.292513475953025e-05,0.020185396075248718,2.389423299995542
218__M_Right_little_finger.BMP,218,"M4 Directional Diffusion (iterations=4, step=0.16)",M4 Directional Diffusion,"{""iterations"": 4, ""step"": 0.16}",27.443423655111545,0.7658184392821192,0.001801596935698824,28.514235008736097,0.7962147646234632,0.0014079152047985707,1.0708113536245527,0.030396325341343955,-0.0003936817309002532,0.012206654995679855,2.2106363999992027
218__M_Right_middle_finger.BMP,218,"M4 Directional Diffusion (iterations=4, step=0.16)",M4 Directional Diffusion,"{""iterations"": 4, ""step"": 0.16}",27.217295792036982,0.8971402516595721,0.0018978873049628026,27.40520299310893,0.9083306130114198,0.00181752210150827,0.18790720107194758,0.0111903613518477,-8.036520345453273e-05,0.020588157698512077,2.3026791000011144
218__M_Right_ring_finger.BMP,218,"M4 Directional Diffusion (iterations=4, step=0.16)",M4 Directional Diffusion,"{""iterations"": 4, ""step"": 0.16}",26.95709928583952,0.8327536396930217,0.002015069693990176,28.148893396672065,0.8588853251599073,0.00153147763987405,1.1917941108325465,0.0261316854668856,-0.000483592054116126,0.015566570684313774,1.9325099999987287
218__M_Right_thumb_finger.BMP,218,"M4 Directional Diffusion (iterations=4, step=0.16)",M4 Directional Diffusion,"{""iterations"": 4, ""step"": 0.16}",27.637037325791376,0.799559909917891,0.0017230436016656254,28.391600989488744,0.8106192789811492,0.0014482378746129181,0.7545636636973683,0.011059369063258107,-0.00027480572705270725,0.0132140526548028,2.2288052000003518
388__F_Left_index_finger.BMP,388,"M4 Directional Diffusion (iterations=4, step=0.16)",M4 Directional Diffusion,"{""iterations"": 4, ""step"": 0.16}",27.434830134381247,0.7567465921532214,0.001805165341190282,28.58062992027277,0.7907856438151002,0.0013865547021484422,1.1457997858915228,0.034039051661878816,-0.0004186106390418399,0.01024363748729229,2.0081910000008065
388__F_Left_little_finger.BMP,388,"M4 Directional Diffusion (iterations=4, step=0.16)",M4 Directional Diffusion,"{""iterations"": 4, ""step"": 0.16}",27.98442957887024,0.6975278495342135,0.001590585584483631,29.02596279850606,0.7377068660666346,0.0012514218113863296,1.04153321963582,0.040179016532421064,-0.0003391637730973014,0.007932890206575394,2.074093000002904
388__F_Left_middle_finger.BMP,388,"M4 Directional Diffusion (iterations=4, step=0.16)",M4 Directional Diffusion,"{""iterations"": 4, ""step"": 0.16}",27.399794303652847,0.7921330856817365,0.0018197870477510971,28.540251128796953,0.8220460702955127,0.0013995063944159405,1.1404568251441063,0.029912984613776228,-0.0004202806533351567,0.012075447477400303,2.2739122999992105
388__F_Left_ring_finger.BMP,388,"M4 Directional Diffusion (iterations=4, step=0.16)",M4 Directional Diffusion,"{""iterations"": 4, ""step"": 0.16}",27.437567115393712,0.7653816156967879,0.0018040280606242424,28.57767341265399,0.7969252798993588,0.001387498935927698,1.140106297260278,0.03154366420257093,-0.00041652912469654444,0.01028485782444477,2.3231672999972943
388__F_Left_thumb_finger.BMP,388,"M4 Directional Diffusion (iterations=4, step=0.16)",M4 Directional Diffusion,"{""iterations"": 4, ""step"": 0.16}",27.17949176016525,0.8447717253379226,0.0019144799568901047,28.228044808162633,0.8680753371400833,0.0015038188322895668,1.048553047997384,0.023303611802160784,-0.0004106611246005379,0.01293386984616518,2.0987010999961058
388__F_Right_index_finger.BMP,388,"M4 Directional Diffusion (iterations=4, step=0.16)",M4 Directional Diffusion,"{""iterations"": 4, ""step"": 0.16}",27.61372773170838,0.80119189695701,0.0017323164395644335,28.447816744150142,0.8275797246553301,0.0014296124630046253,0.8340890124417619,0.026387827698320154,-0.00030270397655980815,0.01248073298484087,2.5372517999931006
388__F_Right_little_finger.BMP,388,"M4 Directional Diffusion (iterations=4, step=0.16)",M4 Directional Diffusion,"{""iterations"": 4, ""step"": 0.16}",28.04488920137958,0.723980187090516,0.0015685959156988764,28.9111613358127,0.7567839702094793,0.0012849430106607062,0.866272134433121,0.03280378311896326,-0.0002836529050381702,0.009674271568655968,2.3085405999954673
388__F_Right_middle_finger.BMP,388,"M4 Directional Diffusion (iterations=4, step=0.16)",M4 Directional Diffusion,"{""iterations"": 4, ""step"": 0.16}",27.313102645720537,0.8297754257121086,0.0018564776939187433,28.085468550378,0.8528529856137633,0.0015540076234008726,0.7723659046574625,0.02307755990165472,-0.0003024700705178706,0.01518587488681078,2.4794012999991537
388__F_Right_ring_finger.BMP,388,"M4 Directional Diffusion (iterations=4, step=0.16)",M4 Directional Diffusion,"{""iterations"": 4, ""step"": 0.16}",27.716038896253863,0.7575584495838285,0.0016919834487040936,28.588617449951318,0.7870270153113603,0.0013840068990218098,0.8725785536974549,0.02946856572753187,-0.0003079765496822838,0.011299789883196354,2.2806111999962013
388__F_Right_thumb_finger.BMP,388,"M4 Directional Diffusion (iterations=4, step=0.16)",M4 Directional Diffusion,"{""iterations"": 4, ""step"": 0.16}",27.55911536979275,0.8019520732866228,0.0017542377925203654,28.525057678328967,0.827404128865242,0.0014044110315750396,0.9659423085362171,0.02545205557861918,-0.00034982676094532576,0.011657530441880226,2.3497480000005453
360__M_Left_index_finger.BMP,360,"M4 Directional Diffusion (iterations=4, step=0.16)",M4 Directional Diffusion,"{""iterations"": 4, ""step"": 0.16}",27.165084363827205,0.8898551899549961,0.0019208416481011192,27.227991265204313,0.9012090065599084,0.001893219083531409,0.06290690137710797,0.011353816604912303,-2.7622564569710142e-05,0.02161516807973385,2.27432140000019
360__M_Left_little_finger.BMP,360,"M4 Directional Diffusion (iterations=4, step=0.16)",M4 Directional Diffusion,"{""iterations"": 4, ""step"": 0.16}",27.399325172695054,0.8119907206172347,0.0018199836343041967,27.931332959216604,0.8334091869701147,0.0016101513632971942,0.5320077865215502,0.021418466352880028,-0.0002098322710070025,0.015613849274814129,2.5459493000016664
360__M_Left_middle_finger.BMP,360,"M4 Directional Diffusion (iterations=4, step=0.16)",M4 Directional Diffusion,"{""iterations"": 4, ""step"": 0.16}",27.08551766612191,0.8791890184856653,0.0019563575620263644,27.49814237160875,0.8938224347277284,0.0017790402046250328,0.4126247054868415,0.014633416242063046,-0.0001773173574013316,0.01970062404870987,2.508725100000447
360__M_Left_ring_finger.BMP,360,"M4 Directional Diffusion (iterations=4, step=0.16)",M4 Directional Diffusion,"{""iterations"": 4, ""step"": 0.16}",27.091988943418762,0.8734895505541563,0.0019534446296117437,27.411900969932255,0.886798198179543,0.0018147211591330037,0.31991202651349226,0.013308647625386638,-0.00013872347047874005,0.01982303522527218,2.2086335999993025
360__M_Left_thumb_finger.BMP,360,"M4 Directional Diffusion (iterations=4, step=0.16)",M4 Directional Diffusion,"{""iterations"": 4, ""step"": 0.16}",27.026290934916474,0.9165627529365719,0.001983220059529698,26.34627478858595,0.9225338252817988,0.0023193832749350564,-0.680016146330523,0.00597107234522698,0.0003361632154053585,0.028186248615384102,1.8201702000005753
360__M_Right_index_finger.BMP,360,"M4 Directional Diffusion (iterations=4, step=0.16)",M4 Directional Diffusion,"{""iterations"": 4, ""step"": 0.16}",27.08561337748189,0.8906102343575955,0.0019563144475988514,27.481153681637423,0.9046299093045592,0.0017860130663633457,0.39554030415553143,0.014019674946963767,-0.0001703013812355057,0.020600493997335434,1.6821389999968233
360__M_Right_little_finger.BMP,360,"M4 Directional Diffusion (iterations=4, step=0.16)",M4 Directional Diffusion,"{""iterations"": 4, ""step"": 0.16}",27.463896775058526,0.8475569175820946,0.001793123996300255,27.461768966692027,0.8654127090782523,0.001794002745450678,-0.00212780836649884,0.01785579149615768,8.787491504230662e-07,0.019202470779418945,1.7763294000033056
360__M_Right_middle_finger.BMP,360,"M4 Directional Diffusion (iterations=4, step=0.16)",M4 Directional Diffusion,"{""iterations"": 4, ""step"": 0.16}",27.148777613505686,0.8873132509153784,0.0019280675201412143,27.68680794491267,0.9003361720635294,0.0017034100511164494,0.5380303314069828,0.013022921148151068,-0.00022465746902476484,0.01996985822916031,1.5262994000004255
360__M_Right_ring_finger.BMP,360,"M4 Directional Diffusion (iterations=4, step=0.16)",M4 Directional Diffusion,"{""iterations"": 4, ""step"": 0.16}",27.17668080215109,0.885943676270783,0.0019157194994044895,27.374019316984494,0.8970777632914185,0.0018306194329319792,0.1973385148334046,0.011134087020635564,-8.510006647251028e-05,0.021028954535722733,1.224804799996491
360__M_Right_thumb_finger.BMP,360,"M4 Directional Diffusion (iterations=4, step=0.16)",M4 Directional Diffusion,"{""iterations"": 4, ""step"": 0.16}",27.111307542512527,0.9121589699819982,0.0019447744747953257,28.51593255923653,0.9266114124990702,0.001407364992851762,1.404625016724001,0.014452442517072006,-0.0005374094819435636,0.017434118315577507,1.0920165000061388
380__M_Left_index_finger.BMP,380,"M4 Directional Diffusion (iterations=6, step=0.14)",M4 Directional Diffusion,"{""iterations"": 6, ""step"": 0.14}",27.39224514157606,0.8241426620333194,0.001822953059489075,27.461727295902186,0.8479741061013341,0.0017940199590863895,0.0694821543261277,0.02383144406801463,-2.893310040268538e-05,0.02071821317076683,2.9284486999968067
380__M_Left_little_finger.BMP,380,"M4 Directional Diffusion (iterations=6, step=0.14)",M4 Directional Diffusion,"{""iterations"": 6, ""step"": 0.14}",27.71736251270148,0.7666588592921495,0.0016914678547986946,28.097572011695657,0.798648767367363,0.0015496827501145281,0.38020949899417644,0.03198990807521351,-0.00014178510468416646,0.016667146235704422,2.701050600000599
380__M_Left_middle_finger.BMP,380,"M4 Directional Diffusion (iterations=6, step=0.14)",M4 Directional Diffusion,"{""iterations"": 6, ""step"": 0.14}",27.121060618568507,0.8799680408276915,0.0019404119392070196,26.15759717549591,0.891011099484682,0.002422368902002864,-0.9634634430725981,0.011043058656990512,0.00048195696279584453,0.02846016362309456,2.9377322000000277
380__M_Left_ring_finger.BMP,380,"M4 Directional Diffusion (iterations=6, step=0.14)",M4 Directional Diffusion,"{""iterations"": 6, ""step"": 0.14}",27.285753289932494,0.8393499275820852,0.0018682056062418646,26.729895044957562,0.8579149787997603,0.00212329577462671,-0.5558582449749316,0.018565051217675155,0.00025509016838484526,0.02351277880370617,2.987887299997965
380__M_Left_thumb_finger.BMP,380,"M4 Directional Diffusion (iterations=6, step=0.14)",M4 Directional Diffusion,"{""iterations"": 6, ""step"": 0.14}",26.99028703291933,0.9075991768866778,0.001999729699585501,27.618680430388935,0.9216583233106732,0.0017303420301613406,0.6283933974696048,0.014059146423995417,-0.0002693876694241605,0.021649468690156937,2.9070651000001817
380__M_Right_index_finger.BMP,380,"M4 Directional Diffusion (iterations=6, step=0.14)",M4 Directional Diffusion,"{""iterations"": 6, ""step"": 0.14}",27.368707254437247,0.8433519870930314,0.0018328599206484284,27.816087649952873,0.8660149025179744,0.0016534506416496938,0.44738039551562636,0.02266291542494303,-0.00017940927899873465,0.020660942420363426,2.9185539999962202
380__M_Right_little_finger.BMP,380,"M4 Directional Diffusion (iterations=6, step=0.14)",M4 Directional Diffusion,"{""iterations"": 6, ""step"": 0.14}",27.631904571796152,0.757674889871031,0.0017250812023077028,28.080099720045553,0.7907550601943731,0.0015559299048830489,0.44819514824940043,0.033080170323342095,-0.0001691512974246539,0.015744641423225403,2.8978410999989137
380__M_Right_middle_finger.BMP,380,"M4 Directional Diffusion (iterations=6, step=0.14)",M4 Directional Diffusion,"{""iterations"": 6, ""step"": 0.14}",27.17154990964595,0.8700292221297026,0.0019179841285608963,27.70792499055983,0.8911825494813324,0.0016951475291240028,0.5363750809138814,0.02115332735162978,-0.00022283659943689348,0.02197982557117939,2.93178590000025
380__M_Right_ring_finger.BMP,380,"M4 Directional Diffusion (iterations=6, step=0.14)",M4 Directional Diffusion,"{""iterations"": 6, ""step"": 0.14}",27.430048920692375,0.7953303607811034,0.0018071537693830535,28.176755314741694,0.8256105790327192,0.001521683980192353,0.746706394049319,0.030280218251615754,-0.0002854697891907004,0.01661415956914425,3.213666800002102
380__M_Right_thumb_finger.BMP,380,"M4 Directional Diffusion (iterations=6, step=0.14)",M4 Directional Diffusion,"{""iterations"": 6, ""step"": 0.14}",27.05838210736847,0.8953427772864699,0.001968619529933384,28.18192672588205,0.9135688302619457,0.0015198730959945681,1.1235446185135807,0.01822605297547575,-0.00044874643393881595,0.02120296284556389,3.276591499998176
600__M_Left_index_finger.BMP,600,"M4 Directional Diffusion (iterations=6, step=0.14)",M4 Directional Diffusion,"{""iterations"": 6, ""step"": 0.14}",27.35319272178306,0.8397514104789794,0.001839419252730077,27.515307637870645,0.8585240945440828,0.0017720225172813211,0.16211491608758521,0.018772684065103462,-6.739673544875588e-05,0.020642342045903206,3.392341500002658
600__M_Left_little_finger.BMP,600,"M4 Directional Diffusion (iterations=6, step=0.14)",M4 Directional Diffusion,"{""iterations"": 6, ""step"": 0.14}",27.75017516117653,0.7569456012638808,0.001678736309374416,28.16840792487365,0.7873073951809406,0.0015246115569557052,0.41823276369712303,0.030361793917059843,-0.00015412475241871073,0.015100982040166855,3.5475221000015154
600__M_Left_middle_finger.BMP,600,"M4 Directional Diffusion (iterations=6, step=0.14)",M4 Directional Diffusion,"{""iterations"": 6, ""step"": 0.14}",27.44947810926937,0.8171206154738665,0.0017990870980429466,28.113351545398032,0.8424884882558882,0.0015440623929512964,0.6638734361286609,0.025367872782021683,-0.0002550247050916502,0.0186443068087101,3.511544799999683
600__M_Left_ring_finger.BMP,600,"M4 Directional Diffusion (iterations=6, step=0.14)",M4 Directional Diffusion,"{""iterations"": 6, ""step"": 0.14}",27.310341456038962,0.8390093911606371,0.001857658394379474,27.516932581983088,0.8584108025155663,0.001771359626302378,0.20659112594412576,0.019401411354929232,-8.629876807709613e-05,0.020425356924533844,3.489217099995585
600__M_Left_thumb_finger.BMP,600,"M4 Directional Diffusion (iterations=6, step=0.14)",M4 Directional Diffusion,"{""iterations"": 6, ""step"": 0.14}",27.207857503343792,0.875479294952333,0.0019020163666061496,26.935298747380756,0.8900032127810716,0.002025210289586371,-0.27255875596303625,0.01452391782873863,0.0001231939229802213,0.024395283311605453,3.5046069999953033
600__M_Right_index_finger.BMP,600,"M4 Directional Diffusion (iterations=6, step=0.14)",M4 Directional Diffusion,"{""iterations"": 6, ""step"": 0.14}",27.305187216878938,0.8529470467790365,0.0018598643859407287,27.342013395694316,0.8722591422524453,0.001844160265520421,0.036826178815378086,0.01931209547340873,-1.5704120420307688e-05,0.02204294130206108,3.421587199998612
600__M_Right_little_finger.BMP,600,"M4 Directional Diffusion (iterations=6, step=0.14)",M4 Directional Diffusion,"{""iterations"": 6, ""step"": 0.14}",27.918805267842984,0.7369490548488498,0.001614802723510412,28.585242687186273,0.7711402650241256,0.0013850827842420128,0.6664374193432892,0.03419121017527582,-0.00022971993926839914,0.011992271058261395,3.018805699997756
600__M_Right_middle_finger.BMP,600,"M4 Directional Diffusion (iterations=6, step=0.14)",M4 Directional Diffusion,"{""iterations"": 6, ""step"": 0.14}",27.34016167642271,0.8407204843213558,0.001844946735382432,27.76106953157281,0.8616180473868847,0.0016745304407324454,0.42090785515010154,0.020897563065528924,-0.00017041629464998654,0.019396420568227768,2.8035431999960565
600__M_Right_ring_finger.BMP,600,"M4 Directional Diffusion (iterations=6, step=0.14)",M4 Directional Diffusion,"{""iterations"": 6, ""step"": 0.14}",27.513543547532386,0.804082875896126,0.0017727424533858249,27.977993609380583,0.8295786196181476,0.0015929444791349422,0.46445006184819704,0.02549574372202157,-0.00017979797425088265,0.017433851957321167,2.7828282000045874
600__M_Right_thumb_finger.BMP,600,"M4 Directional Diffusion (iterations=6, step=0.14)",M4 Directional Diffusion,"{""iterations"": 6, ""step"": 0.14}",27.40887796153935,0.8515884021518827,0.0018159847780061798,28.26963567007266,0.8750527660399079,0.0014894860255508337,0.8607577085333098,0.023464363888025197,-0.000326498752455346,0.0165768601000309,2.702257999997528
501__M_Left_index_finger.BMP,501,"M4 Directional Diffusion (iterations=6, step=0.14)",M4 Directional Diffusion,"{""iterations"": 6, ""step"": 0.14}",27.43685245746518,0.8191895882745981,0.0018043249488174829,27.120837232947036,0.8394742240280509,0.0019405117496566176,-0.3160152245181429,0.02028463575345285,0.00013618680083913475,0.02106374502182007,2.7139453000054345
501__M_Left_little_finger.BMP,501,"M4 Directional Diffusion (iterations=6, step=0.14)",M4 Directional Diffusion,"{""iterations"": 6, ""step"": 0.14}",27.58424679240497,0.7924946965949238,0.0017441158175301977,27.658634717327622,0.8189646033859849,0.0017144962054602537,0.07438792492265378,0.026469906791061093,-2.9619612069944033e-05,0.018320422619581223,2.805016499994963
501__M_Left_middle_finger.BMP,501,"M4 Directional Diffusion (iterations=6, step=0.14)",M4 Directional Diffusion,"{""iterations"": 6, ""step"": 0.14}",27.52430149906059,0.8029155948780179,0.0017683566098870935,27.288503248040424,0.8243874705177545,0.0018670230305519201,-0.23579825102016727,0.021471875639736626,9.866642066482662e-05,0.0198839008808136,2.789143200003309
501__M_Left_ring_finger.BMP,501,"M4 Directional Diffusion (iterations=6, step=0.14)",M4 Directional Diffusion,"{""iterations"": 6, ""step"": 0.14}",27.358389124902512,0.8241556460552215,0.0018372196742751177,26.950241378718758,0.8433553405947686,0.002018254186997654,-0.4081477461837544,0.019199694539547063,0.00018103451272253636,0.021717781201004982,2.7612756000016816
501__M_Left_thumb_finger.BMP,501,"M4 Directional Diffusion (iterations=6, step=0.14)",M4 Directional Diffusion,"{""iterations"": 6, ""step"": 0.14}",27.81660114041582,0.7769351523290873,0.0016532551565629702,28.07538623356735,0.803979519154191,0.0015576195040155516,0.25878509315153053,0.027044366825103694,-9.563565254741861e-05,0.017020955681800842,2.574262299996917
501__M_Right_index_finger.BMP,501,"M4 Directional Diffusion (iterations=6, step=0.14)",M4 Directional Diffusion,"{""iterations"": 6, ""step"": 0.14}",27.4909620744602,0.8130318595907092,0.0017819839682411266,28.09251915596496,0.8380373999621272,0.0015514867979677974,0.6015570815047617,0.025005540371418,-0.00023049717027332915,0.016487568616867065,2.617237999998906
501__M_Right_little_finger.BMP,501,"M4 Directional Diffusion (iterations=6, step=0.14)",M4 Directional Diffusion,"{""iterations"": 6, ""step"": 0.14}",27.573768505254993,0.7845928464406728,0.0017483289520418919,26.8265320228246,0.8083659968741238,0.0020765710624620474,-0.7472364824303916,0.023773150433450962,0.0003282421104201555,0.021792815998196602,2.612398299999768
501__M_Right_middle_finger.BMP,501,"M4 Directional Diffusion (iterations=6, step=0.14)",M4 Directional Diffusion,"{""iterations"": 6, ""step"": 0.14}",27.491269245747194,0.8174476757915616,0.0017818579351058632,26.985270434737124,0.8379217722167372,0.0020020409508187927,-0.5059988110100697,0.020474096425175614,0.00022018301571292954,0.02139837108552456,2.5990690999969956
501__M_Right_ring_finger.BMP,501,"M4 Directional Diffusion (iterations=6, step=0.14)",M4 Directional Diffusion,"{""iterations"": 6, ""step"": 0.14}",27.778547761307667,0.7602594677556157,0.0016678048170976419,28.18715965662474,0.7915925262981653,0.0015180428629897125,0.40861189531707254,0.03133305854254964,-0.00014976195410792937,0.016429882496595383,2.5220501000003424
501__M_Right_thumb_finger.BMP,501,"M4 Directional Diffusion (iterations=6, step=0.14)",M4 Directional Diffusion,"{""iterations"": 6, ""step"": 0.14}",27.340959923282963,0.8611186378437876,0.001844607659556476,27.495069573136387,0.8778286770021916,0.001780299388573262,0.15410964985342446,0.016710039158403966,-6.430827098321385e-05,0.021687310189008713,2.6038106999985757
443__M_Left_index_finger.BMP,443,"M4 Directional Diffusion (iterations=6, step=0.14)",M4 Directional Diffusion,"{""iterations"": 6, ""step"": 0.14}",27.135094969734823,0.8466296955327391,0.0019341515629242856,27.5072968794747,0.8732480269348025,0.0017752941094356881,0.37220190973987854,0.026618331402063378,-0.00015885745348859746,0.022450506687164307,2.5657799999971758
443__M_Left_little_finger.BMP,443,"M4 Directional Diffusion (iterations=6, step=0.14)",M4 Directional Diffusion,"{""iterations"": 6, ""step"": 0.14}",27.13340595635713,0.8394890675188899,0.0019349039195231878,27.63827428275654,0.8674478492619991,0.0017225529144984362,0.5048683263994107,0.027958781743109284,-0.0002123510050247516,0.020581893622875214,2.655084900005022
443__M_Left_middle_finger.BMP,443,"M4 Directional Diffusion (iterations=6, step=0.14)",M4 Directional Diffusion,"{""iterations"": 6, ""step"": 0.14}",27.14151541310484,0.8253531774876117,0.0019312942998486661,27.451423049117395,0.8509353622223139,0.0017982815771511282,0.30990763601255367,0.025582184734702196,-0.00013301272269753794,0.0216567013412714,2.8447723999997834
443__M_Left_ring_finger.BMP,443,"M4 Directional Diffusion (iterations=6, step=0.14)",M4 Directional Diffusion,"{""iterations"": 6, ""step"": 0.14}",27.237265248598867,0.8298590763946772,0.0018891805912286746,26.612837790052314,0.8504828268739582,0.0021813041267526876,-0.6244274585465526,0.020623750479281,0.000292123535524013,0.0251089446246624,2.8290987000000314
443__M_Left_thumb_finger.BMP,443,"M4 Directional Diffusion (iterations=6, step=0.14)",M4 Directional Diffusion,"{""iterations"": 6, ""step"": 0.14}",26.800304933742755,0.8761664312357903,0.00208914943902406,26.86480600152578,0.8977952683225274,0.0020583508346075216,0.06450106778302356,0.02162883708673713,-3.079860441653837e-05,0.025957942008972168,2.844901199998276
443__M_Right_index_finger.BMP,443,"M4 Directional Diffusion (iterations=6, step=0.14)",M4 Directional Diffusion,"{""iterations"": 6, ""step"": 0.14}",27.35710649714296,0.896552869089663,0.0018377623514359127,27.513658571727547,0.9072767567024231,0.0017726955023923943,0.1565520745845852,0.010723887612760108,-6.506684904351834e-05,0.02291753515601158,2.8890998999995645
443__M_Right_little_finger.BMP,443,"M4 Directional Diffusion (iterations=6, step=0.14)",M4 Directional Diffusion,"{""iterations"": 6, ""step"": 0.14}",27.00440155233622,0.8630209608132839,0.0019932411512218785,27.632103674571248,0.8883624109039903,0.001725002117586183,0.6277021222350285,0.02534145009070632,-0.00026823903363569555,0.022574616596102715,2.780976300004113
443__M_Right_middle_finger.BMP,443,"M4 Directional Diffusion (iterations=6, step=0.14)",M4 Directional Diffusion,"{""iterations"": 6, ""step"": 0.14}",27.064112289055643,0.8992271602718234,0.001966023800672798,26.67455484293003,0.9112657266887426,0.0021505250994538964,-0.3895574461256146,0.01203856641691925,0.0001845012987810985,0.027351779863238335,2.9509516000034637
443__M_Right_ring_finger.BMP,443,"M4 Directional Diffusion (iterations=6, step=0.14)",M4 Directional Diffusion,"{""iterations"": 6, ""step"": 0.14}",26.925258364749403,0.8801929126424491,0.0020298977562655464,27.496932182664512,0.9019949883286357,0.0017795360144671063,0.5716738179151086,0.02180207568618653,-0.0002503617417984401,0.024472765624523163,2.7453801999945426
443__M_Right_thumb_finger.BMP,443,"M4 Directional Diffusion (iterations=6, step=0.14)",M4 Directional Diffusion,"{""iterations"": 6, ""step"": 0.14}",27.180918571542815,0.9082978897159397,0.001913851085644088,27.17051113563501,0.9170097982364297,0.0019184429394461565,-0.010407435907804796,0.008711908520489975,4.591853802068512e-06,0.025478031486272812,2.9325975999963703
572__F_Left_index_finger.BMP,572,"M4 Directional Diffusion (iterations=6, step=0.14)",M4 Directional Diffusion,"{""iterations"": 6, ""step"": 0.14}",27.6241298412811,0.7974931483537555,0.001728172204909599,27.646185980495037,0.8217453691112995,0.0017194177349133383,0.022056139213937342,0.024252220757543963,-8.7544699962608e-06,0.018763283267617226,3.1385722999984864
572__F_Left_little_finger.BMP,572,"M4 Directional Diffusion (iterations=6, step=0.14)",M4 Directional Diffusion,"{""iterations"": 6, ""step"": 0.14}",27.812594150599153,0.7617954299381375,0.0016547812255908382,27.863296789744425,0.7933051556739807,0.0016355744627593385,0.05070263914527118,0.03150972573584321,-1.92067628314997e-05,0.016778355464339256,3.2453760000062175
572__F_Left_middle_finger.BMP,572,"M4 Directional Diffusion (iterations=6, step=0.14)",M4 Directional Diffusion,"{""iterations"": 6, ""step"": 0.14}",27.320467020532956,0.8414032366846502,0.0018533323137710088,26.533495802617924,0.8589368739809394,0.0022215209834450735,-0.7869712179150312,0.017533637296289206,0.00036818866967406466,0.024695727974176407,3.2362381999992067
572__F_Left_ring_finger.BMP,572,"M4 Directional Diffusion (iterations=6, step=0.14)",M4 Directional Diffusion,"{""iterations"": 6, ""step"": 0.14}",27.400851017810083,0.8340889724407196,0.0018193443157140715,26.78516283204892,0.8561681080482602,0.002096446175787389,-0.6156881857611651,0.0220791356075406,0.00027710186007331755,0.02304913103580475,3.184845799994946
572__F_Left_thumb_finger.BMP,572,"M4 Directional Diffusion (iterations=6, step=0.14)",M4 Directional Diffusion,"{""iterations"": 6, ""step"": 0.14}",27.305828412733867,0.834587592176944,0.0018595898143411753,27.507819258457978,0.8540356341648102,0.0017750805859857387,0.20199084572411152,0.019448041987866205,-8.450922835543653e-05,0.0200949814170599,3.1900310999990324
572__F_Right_index_finger.BMP,572,"M4 Directional Diffusion (iterations=6, step=0.14)",M4 Directional Diffusion,"{""iterations"": 6, ""step"": 0.14}",27.46236185610437,0.8347724638455808,0.0017937578488015497,27.51437554976242,0.8569357028405666,0.0017724028717275063,0.05201369365805064,0.022163238994985845,-2.1354977074043323e-05,0.020951325073838234,3.204220300001907
572__F_Right_little_finger.BMP,572,"M4 Directional Diffusion (iterations=6, step=0.14)",M4 Directional Diffusion,"{""iterations"": 6, ""step"": 0.14}",27.974544939353972,0.7329479814072252,0.001594209915804351,28.596331457044684,0.772534600511849,0.0013815507860754025,0.6217865176907118,0.0395866191046238,-0.00021265912972894853,0.013453933410346508,3.2421194999988074
572__F_Right_middle_finger.BMP,572,"M4 Directional Diffusion (iterations=6, step=0.14)",M4 Directional Diffusion,"{""iterations"": 6, ""step"": 0.14}",27.286906419383943,0.8481148620772362,0.0018677096301195127,26.960759026416078,0.8693556713051795,0.0020133723374147947,-0.3261473929678651,0.021240809227943358,0.00014566270729528198,0.02469807304441929,3.1003115999992588
572__F_Right_ring_finger.BMP,572,"M4 Directional Diffusion (iterations=6, step=0.14)",M4 Directional Diffusion,"{""iterations"": 6, ""step"": 0.14}",27.675962306992894,0.7896063315761983,0.0017076692938429667,27.63745081518821,0.8178203884857893,0.0017228795594376287,-0.03851149180468383,0.028214056909591,1.5210265594662025e-05,0.019279563799500465,2.965573699999368
572__F_Right_thumb_finger.BMP,572,"M4 Directional Diffusion (iterations=6, step=0.14)",M4 Directional Diffusion,"{""iterations"": 6, ""step"": 0.14}",27.222879613560988,0.8812139176847636,0.0018954487167133127,28.340963278714028,0.901730982062608,0.0014652228139185445,1.1180836651530406,0.020517064377844396,-0.0004302259027947682,0.01954497955739498,2.940002799994545
29__F_Left_index_finger.BMP,29,"M4 Directional Diffusion (iterations=6, step=0.14)",M4 Directional Diffusion,"{""iterations"": 6, ""step"": 0.14}",27.623691427691885,0.7954367920094132,0.0017283466700372958,28.195228098567924,0.8224406811405123,0.001515225219500999,0.5715366708760392,0.02700388913109908,-0.00021312145053629678,0.01677827164530754,2.8620327999960864
29__F_Left_little_finger.BMP,29,"M4 Directional Diffusion (iterations=6, step=0.14)",M4 Directional Diffusion,"{""iterations"": 6, ""step"": 0.14}",27.41274074675311,0.8241425118806959,0.0018143702881231619,27.228273849965305,0.844159079204917,0.0018930959004196048,-0.1844668967878036,0.02001656732422108,7.872561229644291e-05,0.02050451748073101,2.916729900003702
29__F_Left_middle_finger.BMP,29,"M4 Directional Diffusion (iterations=6, step=0.14)",M4 Directional Diffusion,"{""iterations"": 6, ""step"": 0.14}",27.14871397879486,0.8713243151237965,0.0019280957712296085,26.77042076956441,0.8815632979727983,0.002103574623440446,-0.3782932092304492,0.010238982849001821,0.00017547885221083745,0.023793509230017662,2.868843399999605
29__F_Left_ring_finger.BMP,29,"M4 Directional Diffusion (iterations=6, step=0.14)",M4 Directional Diffusion,"{""iterations"": 6, ""step"": 0.14}",27.068069623154493,0.8852838855306506,0.0019642331563697636,26.23056831275521,0.8941895466189385,0.002382007742174342,-0.8375013103992828,0.00890566108828783,0.00041777458580457855,0.02657664753496647,2.8812348999999813
29__F_Left_thumb_finger.BMP,29,"M4 Directional Diffusion (iterations=6, step=0.14)",M4 Directional Diffusion,"{""iterations"": 6, ""step"": 0.14}",27.00724258759245,0.8884813020378352,0.0019919376539917696,27.390559138562818,0.9012235261251926,0.0018236608974076334,0.3833165509703669,0.012742224087357479,-0.00016827675658413624,0.0217738077044487,2.8904765999977826
29__F_Right_index_finger.BMP,29,"M4 Directional Diffusion (iterations=6, step=0.14)",M4 Directional Diffusion,"{""iterations"": 6, ""step"": 0.14}",27.13446795737326,0.8550214416386783,0.001934430826082868,27.234705931299285,0.8725769912980795,0.0018902942221169605,0.10023797392602418,0.017555549659401204,-4.413660396590741e-05,0.020602436736226082,2.808078599999135
29__F_Right_little_finger.BMP,29,"M4 Directional Diffusion (iterations=6, step=0.14)",M4 Directional Diffusion,"{""iterations"": 6, ""step"": 0.14}",27.241294751244425,0.8476442870678902,0.0018874285708654986,27.567668826598005,0.8663485760147571,0.0017507862103602954,0.32637407535358065,0.01870428894686693,-0.00013664236050520313,0.019981542602181435,2.9532260999985738
29__F_Right_middle_finger.BMP,29,"M4 Directional Diffusion (iterations=6, step=0.14)",M4 Directional Diffusion,"{""iterations"": 6, ""step"": 0.14}",27.250855791884682,0.83831398543185,0.0018832779466694744,27.56252691789654,0.8572045555389524,0.0017528603132090101,0.3116711260118592,0.018890570107102378,-0.00013041763346046428,0.017674339935183525,2.97288639999897
29__F_Right_ring_finger.BMP,29,"M4 Directional Diffusion (iterations=6, step=0.14)",M4 Directional Diffusion,"{""iterations"": 6, ""step"": 0.14}",26.977191599302174,0.8919698833798766,0.002005768654746689,26.646055066499002,0.899827583140552,0.0021646839313542053,-0.33113653280317124,0.007857699760675407,0.00015891527660751633,0.02536832168698311,2.958541400003014
29__F_Right_thumb_finger.BMP,29,"M4 Directional Diffusion (iterations=6, step=0.14)",M4 Directional Diffusion,"{""iterations"": 6, ""step"": 0.14}",26.97520674425169,0.9095325257153511,0.0020066855602344016,27.205126746798555,0.9174579740073681,0.001903212692400013,0.22992000254686573,0.007925448292016912,-0.00010347286783438862,0.022113634273409843,2.978125400004501
236__M_Left_index_finger.BMP,236,"M4 Directional Diffusion (iterations=6, step=0.14)",M4 Directional Diffusion,"{""iterations"": 6, ""step"": 0.14}",27.230110186596267,0.8644258776392341,0.0018922956078444896,27.47769249567323,0.8846390000934005,0.0017874370281187309,0.24758230907696444,0.0202131224541664,-0.00010485857972575871,0.022600267082452774,2.9033838999966974
236__M_Left_little_finger.BMP,236,"M4 Directional Diffusion (iterations=6, step=0.14)",M4 Directional Diffusion,"{""iterations"": 6, ""step"": 0.14}",27.487337971316265,0.8122688657089174,0.001783471619891689,27.607209888587136,0.8376651529239119,0.0017349182326285657,0.11987191727087065,0.02539628721499443,-4.855338726312327e-05,0.020661743357777596,3.0721053000015672
236__M_Left_middle_finger.BMP,236,"M4 Directional Diffusion (iterations=6, step=0.14)",M4 Directional Diffusion,"{""iterations"": 6, ""step"": 0.14}",27.268425888389103,0.8386161139320135,0.0018756742278643796,27.16893420049842,0.8560103865139485,0.001919139657804651,-0.09949168789068352,0.017394272581934933,4.3465429940271446e-05,0.0229591466486454,3.087630399997579
236__M_Left_ring_finger.BMP,236,"M4 Directional Diffusion (iterations=6, step=0.14)",M4 Directional Diffusion,"{""iterations"": 6, ""step"": 0.14}",27.080380833903757,0.8716979291836321,0.00195867290946392,27.282903412282593,0.8927646417284012,0.0018694319411103983,0.20252257837883647,0.021066712544769106,-8.924096835352148e-05,0.023661259561777115,3.0903675999943516
236__M_Left_thumb_finger.BMP,236,"M4 Directional Diffusion (iterations=6, step=0.14)",M4 Directional Diffusion,"{""iterations"": 6, ""step"": 0.14}",27.252487499118946,0.8528684914248585,0.0018825705047901583,27.41032111198323,0.8713738883491159,0.0018153814307468649,0.15783361286428388,0.018505396924257345,-6.718907404329347e-05,0.023643430322408676,2.7941206999967108
236__M_Right_index_finger.BMP,236,"M4 Directional Diffusion (iterations=6, step=0.14)",M4 Directional Diffusion,"{""iterations"": 6, ""step"": 0.14}",27.53921246464294,0.857044079580307,0.0017622955863351969,28.236479445973607,0.8776523999036551,0.001500901029180759,0.6972669813306673,0.02060832032334803,-0.0002613945571544379,0.019016165286302567,2.9278170999969007
236__M_Right_little_finger.BMP,236,"M4 Directional Diffusion (iterations=6, step=0.14)",M4 Directional Diffusion,"{""iterations"": 6, ""step"": 0.14}",27.254971723082324,0.8556590841823817,0.0018814939565873446,27.19602931593858,0.8758688134064079,0.0019072036464598794,-0.05894240714374277,0.020209729224026196,2.570968987253481e-05,0.023600680753588676,2.907243399997242
236__M_Right_middle_finger.BMP,236,"M4 Directional Diffusion (iterations=6, step=0.14)",M4 Directional Diffusion,"{""iterations"": 6, ""step"": 0.14}",27.369746618381576,0.870484657946229,0.0018324213287117393,26.64297980256802,0.883802126075387,0.0021662172991888658,-0.726766815813555,0.013317468129158017,0.0003337959704771264,0.026437271386384964,2.8783688000039547
236__M_Right_ring_finger.BMP,236,"M4 Directional Diffusion (iterations=6, step=0.14)",M4 Directional Diffusion,"{""iterations"": 6, ""step"": 0.14}",27.35531229242566,0.8474338980606199,0.001838521744710349,27.42109561370311,0.8679234273996353,0.001810883195558442,0.06578332127745057,0.02048952933901549,-2.7638549151907076e-05,0.02222806215286255,2.8447591999938595
236__M_Right_thumb_finger.BMP,236,"M4 Directional Diffusion (iterations=6, step=0.14)",M4 Directional Diffusion,"{""iterations"": 6, ""step"": 0.14}",27.43324241478733,0.8936245013394952,0.0018058254049184786,28.869716914661495,0.9135075032075047,0.001297263827527167,1.4364744998741656,0.01988300186800951,-0.0005085615773913117,0.017947906628251076,2.81083260000014
71__M_Left_index_finger.BMP,71,"M4 Directional Diffusion (iterations=6, step=0.14)",M4 Directional Diffusion,"{""iterations"": 6, ""step"": 0.14}",27.400723074409225,0.852191063885957,0.0018193979144903785,26.43271782267501,0.8721388964471817,0.002273674116112866,-0.9680052517342155,0.019947832561224677,0.00045427620162248757,0.02643829770386219,2.8427060000030906
71__M_Left_little_finger.BMP,71,"M4 Directional Diffusion (iterations=6, step=0.14)",M4 Directional Diffusion,"{""iterations"": 6, ""step"": 0.14}",27.71066654139068,0.7914544510637522,0.0016940777788120003,26.69646086690142,0.8124352013003826,0.0021397050580615477,-1.0142056744892614,0.020980750236630374,0.0004456272792495474,0.022607335820794106,2.695183800002269
71__M_Left_middle_finger.BMP,71,"M4 Directional Diffusion (iterations=6, step=0.14)",M4 Directional Diffusion,"{""iterations"": 6, ""step"": 0.14}",27.324002819836846,0.8594442137144804,0.0018518240412643122,25.522967095320283,0.8678576489511728,0.002803517623233026,-1.801035724516563,0.008413435236692357,0.0009516935819687139,0.03087923489511013,2.9409874999983003
71__M_Left_ring_finger.BMP,71,"M4 Directional Diffusion (iterations=6, step=0.14)",M4 Directional Diffusion,"{""iterations"": 6, ""step"": 0.14}",27.206743096008278,0.8708310496015549,0.0019025044899998523,25.495745986206757,0.8773010926805734,0.002821144954326476,-1.7109971098015215,0.00647004307901855,0.0009186404643266239,0.03118443675339222,3.022046099998988
71__M_Left_thumb_finger.BMP,71,"M4 Directional Diffusion (iterations=6, step=0.14)",M4 Directional Diffusion,"{""iterations"": 6, ""step"": 0.14}",27.216405175825415,0.8884816764104366,0.0018982765483447198,26.08990777105172,0.8990416706912517,0.0024604198542994117,-1.1264974047736942,0.01055999428081511,0.0005621433059546919,0.028771664947271347,3.0200084000025527
71__M_Right_index_finger.BMP,71,"M4 Directional Diffusion (iterations=6, step=0.14)",M4 Directional Diffusion,"{""iterations"": 6, ""step"": 0.14}",27.699973363822046,0.8149432333825231,0.0016982540681729117,27.884697575556437,0.8389795048597455,0.0016275346463759015,0.18472421173439102,0.024036271477222426,-7.07194217970102e-05,0.019567832350730896,2.992813400000159
71__M_Right_little_finger.BMP,71,"M4 Directional Diffusion (iterations=6, step=0.14)",M4 Directional Diffusion,"{""iterations"": 6, ""step"": 0.14}",27.569618878214843,0.8136471458607912,0.0017500002558434424,26.92148180686429,0.8385566017772556,0.00203166369177533,-0.6481370713505541,0.024909455916464318,0.00028166343593188773,0.023216377943754196,2.9466361999948276
71__M_Right_middle_finger.BMP,71,"M4 Directional Diffusion (iterations=6, step=0.14)",M4 Directional Diffusion,"{""iterations"": 6, ""step"": 0.14}",27.378813624145167,0.8729499959701598,0.0018285996722272328,27.029371512886776,0.8884685700404048,0.0019818138022592332,-0.34944211125839075,0.01551857407024504,0.0001532141300320004,0.024892162531614304,2.930986999999732
71__M_Right_ring_finger.BMP,71,"M4 Directional Diffusion (iterations=6, step=0.14)",M4 Directional Diffusion,"{""iterations"": 6, ""step"": 0.14}",27.672722631596756,0.8099496431675554,0.0017089436269009956,27.410721548970578,0.8331133630080819,0.001815214052990834,-0.2620010826261776,0.023163719840526564,0.00010627042608983843,0.020763633772730827,2.8873821000015596
71__M_Right_thumb_finger.BMP,71,"M4 Directional Diffusion (iterations=6, step=0.14)",M4 Directional Diffusion,"{""iterations"": 6, ""step"": 0.14}",27.40409092316142,0.8698846017852724,0.0018179875622943683,28.086003039992384,0.8877533408985734,0.001553816382236009,0.681912116830965,0.017868739113301002,-0.0002641711800583592,0.019493985921144485,2.8488586000021314
470__F_Left_index_finger.BMP,470,"M4 Directional Diffusion (iterations=6, step=0.14)",M4 Directional Diffusion,"{""iterations"": 6, ""step"": 0.14}",28.133949643174056,0.7459431124183834,0.0015367564184578272,28.26954272339424,0.7807067573248148,0.0014895179035197873,0.13559308022018257,0.03476364490643136,-4.723851493803992e-05,0.015235982835292816,3.063144400002784
470__F_Left_little_finger.BMP,470,"M4 Directional Diffusion (iterations=6, step=0.14)",M4 Directional Diffusion,"{""iterations"": 6, ""step"": 0.14}",28.327626771703812,0.7130688598952889,0.0014697292005971575,28.718015433133424,0.7533056543370485,0.0013433786958075183,0.39038866142961126,0.04023679444175965,-0.00012635050478963924,0.012334815226495266,3.2104166999997688
470__F_Left_middle_finger.BMP,470,"M4 Directional Diffusion (iterations=6, step=0.14)",M4 Directional Diffusion,"{""iterations"": 6, ""step"": 0.14}",28.16470653625059,0.7449561038237215,0.001525911501017648,28.377123993794456,0.7818163722271025,0.0014530735605369795,0.21241745754386443,0.03686026840338108,-7.283794048066846e-05,0.015269879251718521,3.2535831999994116
470__F_Left_ring_finger.BMP,470,"M4 Directional Diffusion (iterations=6, step=0.14)",M4 Directional Diffusion,"{""iterations"": 6, ""step"": 0.14}",28.377701313850427,0.7209687273773551,0.0014528804121575277,28.962349904245634,0.7594056769996286,0.001269886802010499,0.5846485903952079,0.03843694962227351,-0.0001829936101470286,0.011882346123456955,3.2420095999987097
470__F_Left_thumb_finger.BMP,470,"M4 Directional Diffusion (iterations=6, step=0.14)",M4 Directional Diffusion,"{""iterations"": 6, ""step"": 0.14}",27.507522688430683,0.8424409932396412,0.0017752018064236539,26.976881836833464,0.8623378847252726,0.00200591172218923,-0.5306408515972194,0.01989689148563145,0.00023070991576557595,0.02316102385520935,3.0218199000009918
470__F_Right_index_finger.BMP,470,"M4 Directional Diffusion (iterations=6, step=0.14)",M4 Directional Diffusion,"{""iterations"": 6, ""step"": 0.14}",28.214565289387025,0.7059878581789732,0.0015084935968839085,29.085476397754235,0.7417968216508031,0.001234389901791913,0.8709111083672099,0.035808963471829824,-0.0002741036950919954,0.011537118814885616,3.4660540999975638
470__F_Right_little_finger.BMP,470,"M4 Directional Diffusion (iterations=6, step=0.14)",M4 Directional Diffusion,"{""iterations"": 6, ""step"": 0.14}",28.225990208025095,0.7106608752552271,0.0015045304409989717,28.752131051328664,0.7526665662699937,0.0013328672434443037,0.526140843303569,0.04200569101476659,-0.000171663197554668,0.012783247046172619,3.354684799996903
470__F_Right_middle_finger.BMP,470,"M4 Directional Diffusion (iterations=6, step=0.14)",M4 Directional Diffusion,"{""iterations"": 6, ""step"": 0.14}",27.99238090038815,0.7877955089430213,0.0015876761100837291,28.753840599064148,0.8220850964647531,0.0013323426796149698,0.7614596986759992,0.034289587521731835,-0.00025533343046875933,0.01551468763500452,3.1252510999984224
470__F_Right_ring_finger.BMP,470,"M4 Directional Diffusion (iterations=6, step=0.14)",M4 Directional Diffusion,"{""iterations"": 6, ""step"": 0.14}",28.175147109810183,0.749459243629396,0.0015222475684804621,28.656760801903978,0.7847691858074665,0.0013624604987421559,0.481613692093795,0.035309942178070486,-0.00015978706973830627,0.013921568170189857,5.054460500003188
470__F_Right_thumb_finger.BMP,470,"M4 Directional Diffusion (iterations=6, step=0.14)",M4 Directional Diffusion,"{""iterations"": 6, ""step"": 0.14}",27.378970878121308,0.9028311878447532,0.001828533461539503,28.32830446370116,0.9167782313195467,0.0014694998755536413,0.9493335855798506,0.013947043474793475,-0.00035903358598586175,0.020694583654403687,5.059858900000108
503__M_Left_index_finger.BMP,503,"M4 Directional Diffusion (iterations=6, step=0.14)",M4 Directional Diffusion,"{""iterations"": 6, ""step"": 0.14}",27.558826483469133,0.8253404413299561,0.0017543544857281078,26.80946555705926,0.846739061877489,0.002084747416402164,-0.7493609264098744,0.021398620547532943,0.00033039293067405637,0.02332918718457222,5.517134999994596
503__M_Left_little_finger.BMP,503,"M4 Directional Diffusion (iterations=6, step=0.14)",M4 Directional Diffusion,"{""iterations"": 6, ""step"": 0.14}",27.795892542403124,0.7767085953725874,0.0016611572491486452,27.59952313315444,0.8059015897542238,0.0017379916543601808,-0.19636940924868185,0.02919299438163636,7.683440521153557e-05,0.018533719703555107,5.251558500000101
503__M_Left_middle_finger.BMP,503,"M4 Directional Diffusion (iterations=6, step=0.14)",M4 Directional Diffusion,"{""iterations"": 6, ""step"": 0.14}",27.554136114835103,0.8208168461535275,0.0017562502073207595,26.842600717644693,0.8425275243880153,0.0020689020419030688,-0.7115353971904099,0.0217106782344878,0.00031265183458230924,0.02231520228087902,5.700362299998233
503__M_Left_ring_finger.BMP,503,"M4 Directional Diffusion (iterations=6, step=0.14)",M4 Directional Diffusion,"{""iterations"": 6, ""step"": 0.14}",27.62301142125986,0.8177495028933287,0.0017286173110234886,27.637152190185283,0.8421534482084513,0.0017229980303424886,0.014140768925422265,0.024403945315122577,-5.619280681000037e-06,0.020350854843854904,5.533072800004447
503__M_Left_thumb_finger.BMP,503,"M4 Directional Diffusion (iterations=6, step=0.14)",M4 Directional Diffusion,"{""iterations"": 6, ""step"": 0.14}",27.846020264971038,0.7823283968015909,0.0016420938459679472,28.519512397779643,0.8131177452884316,0.001406205396359926,0.6734921328086045,0.030789348486840673,-0.00023588844960802124,0.015557187609374523,5.429542899997614
503__M_Right_index_finger.BMP,503,"M4 Directional Diffusion (iterations=6, step=0.14)",M4 Directional Diffusion,"{""iterations"": 6, ""step"": 0.14}",27.79343889482849,0.8155751483942568,0.0016620960236962943,28.33653164611178,0.8435208777617812,0.0014667187213165652,0.5430927512832895,0.027945729367524375,-0.00019537730237972916,0.016065627336502075,5.539168900002551
503__M_Right_little_finger.BMP,503,"M4 Directional Diffusion (iterations=6, step=0.14)",M4 Directional Diffusion,"{""iterations"": 6, ""step"": 0.14}",27.991153400585176,0.7409707042609454,0.0015881249178941682,28.63728454113675,0.7759392018025517,0.0013685842757260199,0.6461311405515744,0.03496849754160636,-0.00021954064216814836,0.014449968934059143,4.437351200002013
503__M_Right_middle_finger.BMP,503,"M4 Directional Diffusion (iterations=6, step=0.14)",M4 Directional Diffusion,"{""iterations"": 6, ""step"": 0.14}",27.683429520839404,0.7966362979086637,0.0017047356678858785,28.682817165840063,0.8251909333155155,0.0013543106180099154,0.9993876450006596,0.02855463540685177,-0.0003504250498759631,0.015957744792103767,3.8523599000036484
503__M_Right_ring_finger.BMP,503,"M4 Directional Diffusion (iterations=6, step=0.14)",M4 Directional Diffusion,"{""iterations"": 6, ""step"": 0.14}",27.555357865597834,0.8240069340211749,0.0017557562111187638,27.8816169130595,0.846178027115047,0.0016286895456144668,0.3262590474616651,0.022171093093872107,-0.00012706666550429697,0.017571918666362762,3.8715314000000944
503__M_Right_thumb_finger.BMP,503,"M4 Directional Diffusion (iterations=6, step=0.14)",M4 Directional Diffusion,"{""iterations"": 6, ""step"": 0.14}",27.817514338954645,0.7458579296948016,0.0016529075602801694,28.523628835896957,0.7673461898259819,0.0014048731632152213,0.7061144969423125,0.021488260131180326,-0.00024803439706494804,0.011885851621627808,3.7036889999944833
506__M_Left_index_finger.BMP,506,"M4 Directional Diffusion (iterations=6, step=0.14)",M4 Directional Diffusion,"{""iterations"": 6, ""step"": 0.14}",27.643579359755208,0.8132179812993109,0.001720450033361916,27.407088454944667,0.8387833672843575,0.0018167332071216662,-0.23649090481054102,0.02556538598504665,9.628317375975025e-05,0.01960461214184761,3.728231200002483
506__M_Left_little_finger.BMP,506,"M4 Directional Diffusion (iterations=6, step=0.14)",M4 Directional Diffusion,"{""iterations"": 6, ""step"": 0.14}",27.710191280563457,0.80468445682019,0.0016942631767149123,27.322184739487078,0.8318920878536105,0.001852599429820035,-0.3880065410763791,0.0272076310334205,0.0001583362531051226,0.02027558535337448,3.734096700005466
506__M_Left_middle_finger.BMP,506,"M4 Directional Diffusion (iterations=6, step=0.14)",M4 Directional Diffusion,"{""iterations"": 6, ""step"": 0.14}",27.570809542457887,0.8419147579144239,0.0017495205405318789,27.125821241358878,0.8628373329381943,0.0019382860756412925,-0.4449883010990092,0.020922575023770373,0.00018876553510941362,0.022775795310735703,3.819789300003322
506__M_Left_ring_finger.BMP,506,"M4 Directional Diffusion (iterations=6, step=0.14)",M4 Directional Diffusion,"{""iterations"": 6, ""step"": 0.14}",27.694589395511755,0.8118410489529371,0.0017003607069476518,27.777095090393015,0.8364652457295656,0.0016683627741731983,0.08250569488125947,0.024624196776628526,-3.199793277445357e-05,0.01676207035779953,3.8396596999955364
506__M_Left_thumb_finger.BMP,506,"M4 Directional Diffusion (iterations=6, step=0.14)",M4 Directional Diffusion,"{""iterations"": 6, ""step"": 0.14}",27.534055045008536,0.8642787358059884,0.0017643896255386013,27.595676551788742,0.8862264617564678,0.0017395316895409568,0.06162150678020595,0.021947725950479446,-2.48579359976445e-05,0.01945057511329651,3.6784442999996827
506__M_Right_index_finger.BMP,506,"M4 Directional Diffusion (iterations=6, step=0.14)",M4 Directional Diffusion,"{""iterations"": 6, ""step"": 0.14}",27.299857493641092,0.8645324024113417,0.001862148238892479,27.875322392149535,0.8870083507950902,0.001631051825989623,0.575464898508443,0.022475948383748556,-0.00023109641290285608,0.01941300556063652,3.6005777000027592
506__M_Right_little_finger.BMP,506,"M4 Directional Diffusion (iterations=6, step=0.14)",M4 Directional Diffusion,"{""iterations"": 6, ""step"": 0.14}",27.85389854846535,0.7702839099378586,0.0016391177192953534,28.174218422333304,0.8026587107818127,0.0015225731179575885,0.32031987386795535,0.032374800843954166,-0.00011654460133776485,0.015948442742228508,3.613186800001131
506__M_Right_middle_finger.BMP,506,"M4 Directional Diffusion (iterations=6, step=0.14)",M4 Directional Diffusion,"{""iterations"": 6, ""step"": 0.14}",27.119787705399837,0.8907959406009912,0.0019409807555337767,27.398859305276616,0.90631082081002,0.0018201788743060399,0.27907159987677943,0.015514880209028803,-0.00012080188122773686,0.022486286237835884,3.601911800004018
506__M_Right_ring_finger.BMP,506,"M4 Directional Diffusion (iterations=6, step=0.14)",M4 Directional Diffusion,"{""iterations"": 6, ""step"": 0.14}",27.36860944686921,0.8716563114051818,0.0018329011989969962,27.552351050744,0.8895375481058955,0.0017569722205367977,0.18374160387478966,0.01788123670071362,-7.592897846019856e-05,0.019465656951069832,3.524231499999587
506__M_Right_thumb_finger.BMP,506,"M4 Directional Diffusion (iterations=6, step=0.14)",M4 Directional Diffusion,"{""iterations"": 6, ""step"": 0.14}",27.373150894179908,0.8726340962157846,0.0018309855233806663,28.25113159176039,0.8940540179613828,0.0014958458497648151,0.8779806975804831,0.021419921745598258,-0.0003351396736158512,0.017271146178245544,3.4890003000036813
196__M_Left_index_finger.BMP,196,"M4 Directional Diffusion (iterations=6, step=0.14)",M4 Directional Diffusion,"{""iterations"": 6, ""step"": 0.14}",27.225188033807047,0.8788863218829036,0.0018944414901145012,27.288875811156714,0.8949330267737508,0.0018668628733054737,0.06368777734966713,0.01604670489084714,-2.7578616809027573e-05,0.0234069786965847,3.29861680000613
196__M_Left_little_finger.BMP,196,"M4 Directional Diffusion (iterations=6, step=0.14)",M4 Directional Diffusion,"{""iterations"": 6, ""step"": 0.14}",27.35312935031732,0.80335026320225,0.0018394460933991352,27.99442598981464,0.8324761033750177,0.0015869286506086575,0.6412966394973196,0.029125840172767647,-0.00025251744279047774,0.018067965283989906,3.3154176000025473
196__M_Left_middle_finger.BMP,196,"M4 Directional Diffusion (iterations=6, step=0.14)",M4 Directional Diffusion,"{""iterations"": 6, ""step"": 0.14}",26.807005035396653,0.8383593658879399,0.00208592887731423,28.011232908300315,0.8663556524907946,0.0015807992062283763,1.2042278729036617,0.027996286602854692,-0.0005051296710858535,0.01800358295440674,3.306847399995604
196__M_Left_ring_finger.BMP,196,"M4 Directional Diffusion (iterations=6, step=0.14)",M4 Directional Diffusion,"{""iterations"": 6, ""step"": 0.14}",26.939914390359956,0.8466373486337065,0.0020230590575295833,27.60832831575595,0.866602193007648,0.0017344715012196047,0.6684139253959955,0.019964844373941415,-0.00028858755630997864,0.02138248272240162,3.2420950999949127
196__M_Left_thumb_finger.BMP,196,"M4 Directional Diffusion (iterations=6, step=0.14)",M4 Directional Diffusion,"{""iterations"": 6, ""step"": 0.14}",27.17645207629467,0.8700256631715297,0.0019158203954876966,27.189050526076883,0.8834669931064248,0.0019102708448303905,0.012598449782213805,0.013441329934895108,-5.549550657306087e-06,0.024642018601298332,3.197855200000049
196__M_Right_index_finger.BMP,196,"M4 Directional Diffusion (iterations=6, step=0.14)",M4 Directional Diffusion,"{""iterations"": 6, ""step"": 0.14}",27.224484755205218,0.8981884044620096,0.0018947482930095384,27.083865117722045,0.907901002636075,0.0019571021238079683,-0.14061963748317297,0.009712598174065334,6.235383079842985e-05,0.025078004226088524,3.4944875000001048
196__M_Right_little_finger.BMP,196,"M4 Directional Diffusion (iterations=6, step=0.14)",M4 Directional Diffusion,"{""iterations"": 6, ""step"": 0.14}",27.235133280733237,0.8482631195524931,0.0018901082247221315,26.174970854102778,0.862108233466506,0.002412697724370916,-1.060162426630459,0.013845113914012885,0.0005225894996487843,0.02694942057132721,3.350081999997201
196__M_Right_middle_finger.BMP,196,"M4 Directional Diffusion (iterations=6, step=0.14)",M4 Directional Diffusion,"{""iterations"": 6, ""step"": 0.14}",27.164009700572716,0.8754404190505147,0.0019213170198695128,26.85304013622539,0.8865018445626497,0.0020639348600289607,-0.31096956434732803,0.01106142551213496,0.00014261784015944792,0.02494826726615429,3.4108153999986826
196__M_Right_ring_finger.BMP,196,"M4 Directional Diffusion (iterations=6, step=0.14)",M4 Directional Diffusion,"{""iterations"": 6, ""step"": 0.14}",27.057676189333762,0.8875853133841157,0.0019689395425137503,26.2104530206555,0.8953258030577302,0.002393066118205653,-0.8472231686782621,0.0077404896736145146,0.0004241265756919025,0.028287122026085854,3.4147474999990663
196__M_Right_thumb_finger.BMP,196,"M4 Directional Diffusion (iterations=6, step=0.14)",M4 Directional Diffusion,"{""iterations"": 6, ""step"": 0.14}",27.64260682140499,0.8075118985310793,0.0017208353458780567,28.646151058861538,0.830465729240179,0.0013657930364294542,1.0035442374565484,0.022953830709099732,-0.00035504230944860245,0.014749446883797646,3.5167130999980145
265__M_Left_index_finger.BMP,265,"M4 Directional Diffusion (iterations=6, step=0.14)",M4 Directional Diffusion,"{""iterations"": 6, ""step"": 0.14}",27.37477247790581,0.8335138076359629,0.0018303019913041506,27.990152166067382,0.8617384394880533,0.0015884910908155552,0.6153796881615712,0.028224631852090343,-0.00024181090048859544,0.020215030759572983,3.177104100002907
265__M_Left_little_finger.BMP,265,"M4 Directional Diffusion (iterations=6, step=0.14)",M4 Directional Diffusion,"{""iterations"": 6, ""step"": 0.14}",27.521793017059277,0.8208397956510186,0.0017693783065107287,27.445145748746764,0.8462624107580781,0.0018008826960041018,-0.076647268312513,0.025422615107059454,3.150438949337301e-05,0.02044074237346649,3.129345599998487
265__M_Left_middle_finger.BMP,265,"M4 Directional Diffusion (iterations=6, step=0.14)",M4 Directional Diffusion,"{""iterations"": 6, ""step"": 0.14}",27.421710121866024,0.8523282516956031,0.0018106269814393515,27.430038394796867,0.8718021883550883,0.001807158149345404,0.008328272930842928,0.019473936659485158,-3.468832093947525e-06,0.021543167531490326,3.11101790000248
265__M_Left_ring_finger.BMP,265,"M4 Directional Diffusion (iterations=6, step=0.14)",M4 Directional Diffusion,"{""iterations"": 6, ""step"": 0.14}",27.322529482400647,0.8486792822626233,0.0018524523763336202,27.415574674193817,0.8683535500395299,0.0018131867325580759,0.09304519179316983,0.019674267776906507,-3.926564377554429e-05,0.02188117429614067,3.0569659000029787
265__M_Left_thumb_finger.BMP,265,"M4 Directional Diffusion (iterations=6, step=0.14)",M4 Directional Diffusion,"{""iterations"": 6, ""step"": 0.14}",27.243867806531142,0.8530412479772568,0.0018863106612669986,27.460301377771465,0.8717269803618789,0.001794609085979207,0.21643357124032292,0.018685732384622122,-9.17015752877916e-05,0.022933371365070343,2.982316699999501
265__M_Right_index_finger.BMP,265,"M4 Directional Diffusion (iterations=6, step=0.14)",M4 Directional Diffusion,"{""iterations"": 6, ""step"": 0.14}",27.994514576044143,0.7635853212453126,0.0015868962811916459,29.115769473261594,0.7958015161662698,0.0012258096972126125,1.121254897217451,0.032216194920957175,-0.00036108658397903336,0.012449422851204872,2.9355679000000237
265__M_Right_little_finger.BMP,265,"M4 Directional Diffusion (iterations=6, step=0.14)",M4 Directional Diffusion,"{""iterations"": 6, ""step"": 0.14}",27.22406780249401,0.7860550264142155,0.0018949302106704036,28.448869880567962,0.8223919282841087,0.0014292658331303727,1.224802078073953,0.036336901869893135,-0.0004656643775400309,0.015780407935380936,2.890605799999321
265__M_Right_middle_finger.BMP,265,"M4 Directional Diffusion (iterations=6, step=0.14)",M4 Directional Diffusion,"{""iterations"": 6, ""step"": 0.14}",27.44169408769286,0.8604290589330197,0.0018023145602693164,28.0396053239484,0.8813116259111166,0.0015705055214943996,0.5979112362555412,0.020882566978096873,-0.0002318090387749168,0.018896395340561867,2.892831400000432
265__M_Right_ring_finger.BMP,265,"M4 Directional Diffusion (iterations=6, step=0.14)",M4 Directional Diffusion,"{""iterations"": 6, ""step"": 0.14}",27.173464398425633,0.8322634105684161,0.0019171388150660998,28.350525637063654,0.8618878936353326,0.0014620002143434288,1.1770612386380215,0.02962448306691645,-0.00045513860072267094,0.01772797666490078,2.7944223000013153
265__M_Right_thumb_finger.BMP,265,"M4 Directional Diffusion (iterations=6, step=0.14)",M4 Directional Diffusion,"{""iterations"": 6, ""step"": 0.14}",27.140057381383137,0.9020136943075061,0.001931942790954203,28.14909884923049,0.9184900675529242,0.0015314051916689717,1.0090414678473536,0.016476373245418063,-0.0004005375992852313,0.020499717444181442,2.774523100000806
160__M_Left_index_finger.BMP,160,"M4 Directional Diffusion (iterations=6, step=0.14)",M4 Directional Diffusion,"{""iterations"": 6, ""step"": 0.14}",27.303570949514576,0.7907936160339714,0.0018605566806086,28.20510211300382,0.8216634799745083,0.0015117841532872873,0.9015311634892456,0.030869863940536924,-0.0003487725273213127,0.01679903082549572,2.8076787000027252
160__M_Left_little_finger.BMP,160,"M4 Directional Diffusion (iterations=6, step=0.14)",M4 Directional Diffusion,"{""iterations"": 6, ""step"": 0.14}",27.531663336668917,0.7885290796279312,0.0017653615622648393,27.519025456837326,0.8141190554429889,0.0017705062097715632,-0.012637879831590482,0.02558997581505773,5.144647506723915e-06,0.02041616290807724,2.844168499999796
160__M_Left_middle_finger.BMP,160,"M4 Directional Diffusion (iterations=6, step=0.14)",M4 Directional Diffusion,"{""iterations"": 6, ""step"": 0.14}",27.146254995156678,0.8256858516879678,0.0019291877718492464,27.86822441202513,0.852953839978218,0.0016337197482810869,0.7219694168684505,0.027267988290250234,-0.0002954680235681595,0.02008141204714775,2.747595900000306
160__M_Left_ring_finger.BMP,160,"M4 Directional Diffusion (iterations=6, step=0.14)",M4 Directional Diffusion,"{""iterations"": 6, ""step"": 0.14}",27.23062336848946,0.8173601523184181,0.001892072018894839,28.21893148509751,0.8475270703542233,0.0015069777893303659,0.9883081166080494,0.03016691803580518,-0.0003850942295644732,0.017866456881165504,2.8030883999963407
160__M_Left_thumb_finger.BMP,160,"M4 Directional Diffusion (iterations=6, step=0.14)",M4 Directional Diffusion,"{""iterations"": 6, ""step"": 0.14}",27.108709341869236,0.8690183506274819,0.0019459382994065641,26.241693497228177,0.8798091139278412,0.0023759136371014045,-0.8670158446410596,0.01079076330035933,0.0004299753376948404,0.027617841958999634,2.8461492999995244
160__M_Right_index_finger.BMP,160,"M4 Directional Diffusion (iterations=6, step=0.14)",M4 Directional Diffusion,"{""iterations"": 6, ""step"": 0.14}",26.99832164341442,0.8972657453120947,0.0019960335448471166,26.165882290550968,0.9054709792679548,0.002417752109829293,-0.832439352863453,0.008205233955860147,0.00042171856498217624,0.029900386929512024,2.990394500004186
160__M_Right_little_finger.BMP,160,"M4 Directional Diffusion (iterations=6, step=0.14)",M4 Directional Diffusion,"{""iterations"": 6, ""step"": 0.14}",27.48913865843233,0.8360082027926445,0.001782732303870606,27.597830008731,0.8583001955632568,0.0017386693534601119,0.10869135029866683,0.022291992770612223,-4.4062950410494106e-05,0.01975069008767605,3.637508699997852
160__M_Right_middle_finger.BMP,160,"M4 Directional Diffusion (iterations=6, step=0.14)",M4 Directional Diffusion,"{""iterations"": 6, ""step"": 0.14}",27.011266096070855,0.8938943397240638,0.001990093083780042,26.908842079880593,0.9065284893751144,0.002037585268230995,-0.10242401619026253,0.012634149651050586,4.749218445095288e-05,0.02510828897356987,3.7004931999981636
160__M_Right_ring_finger.BMP,160,"M4 Directional Diffusion (iterations=6, step=0.14)",M4 Directional Diffusion,"{""iterations"": 6, ""step"": 0.14}",27.07201037653663,0.8671734888896943,0.0019624516353101543,26.959482311348417,0.8821670647801161,0.0020139643045650342,-0.11252806518821146,0.014993575890421829,5.15126692548799e-05,0.024751218035817146,3.6291468999988865
160__M_Right_thumb_finger.BMP,160,"M4 Directional Diffusion (iterations=6, step=0.14)",M4 Directional Diffusion,"{""iterations"": 6, ""step"": 0.14}",27.289347613496005,0.8825245719928742,0.0018666600748665795,28.258438214755852,0.9021859243234992,0.001493331336396087,0.9690906012598468,0.019661352330625048,-0.00037332873847049247,0.02084265649318695,3.75687409999955
62__M_Left_index_finger.BMP,62,"M4 Directional Diffusion (iterations=6, step=0.14)",M4 Directional Diffusion,"{""iterations"": 6, ""step"": 0.14}",27.274088464853573,0.8563027203037142,0.001873230211658336,27.066402210598675,0.8725024225024581,0.0019649874408415803,-0.20768625425489873,0.016199702198743893,9.175722918324425e-05,0.02281992696225643,3.7057085999986157
62__M_Left_little_finger.BMP,62,"M4 Directional Diffusion (iterations=6, step=0.14)",M4 Directional Diffusion,"{""iterations"": 6, ""step"": 0.14}",27.55815447129063,0.7999236232132911,0.0017546259694440607,27.63351956816111,0.8234223705896139,0.0017244398213919817,0.07536509687047754,0.023498747376322737,-3.018614805207903e-05,0.018856124952435493,3.7290852000005543
62__M_Left_middle_finger.BMP,62,"M4 Directional Diffusion (iterations=6, step=0.14)",M4 Directional Diffusion,"{""iterations"": 6, ""step"": 0.14}",27.09364508069681,0.8829929620497823,0.0019526998456379572,26.47811810095603,0.8922863215497732,0.0022500293847105847,-0.6155269797407783,0.009293359499990883,0.0002973295390726275,0.026861470192670822,3.7585283999942476
62__M_Left_ring_finger.BMP,62,"M4 Directional Diffusion (iterations=6, step=0.14)",M4 Directional Diffusion,"{""iterations"": 6, ""step"": 0.14}",27.34469167000693,0.8460635849570334,0.0018430233308815236,27.105933987351712,0.8619383466432691,0.0019471822467484654,-0.23875768265521913,0.015874761686235694,0.00010415891586694178,0.021004633978009224,3.6550266000049305
62__M_Left_thumb_finger.BMP,62,"M4 Directional Diffusion (iterations=6, step=0.14)",M4 Directional Diffusion,"{""iterations"": 6, ""step"": 0.14}",27.055077921169186,0.8918692719667852,0.0019701178590208713,26.845896724216402,0.9026003764936328,0.002067332478383992,-0.20918119695278392,0.010731104526847557,9.721461936312067e-05,0.02655411697924137,2.6331683000025805
62__M_Right_index_finger.BMP,62,"M4 Directional Diffusion (iterations=6, step=0.14)",M4 Directional Diffusion,"{""iterations"": 6, ""step"": 0.14}",27.219071292957725,0.8454904471601248,0.0018971115612948335,27.528706310314696,0.865384126744628,0.0017665639717953617,0.3096350173569711,0.019893679584503166,-0.00013054758949947176,0.02182737924158573,2.6043732999969507
62__M_Right_little_finger.BMP,62,"M4 Directional Diffusion (iterations=6, step=0.14)",M4 Directional Diffusion,"{""iterations"": 6, ""step"": 0.14}",27.345322944919694,0.8500274815535546,0.001842755455076693,27.5504595574466,0.8678230085890889,0.0017577376055750984,0.20513661252690696,0.01779552703553433,-8.501784950159467e-05,0.02099728025496006,2.6097131999995327
62__M_Right_middle_finger.BMP,62,"M4 Directional Diffusion (iterations=6, step=0.14)",M4 Directional Diffusion,"{""iterations"": 6, ""step"": 0.14}",27.108900613178943,0.8883837219081521,0.001945852598577628,26.858663076475832,0.9001822573065161,0.002061264351144798,-0.25023753670311066,0.011798535398364063,0.00011541175256716977,0.025809423997998238,2.584345499999472
62__M_Right_ring_finger.BMP,62,"M4 Directional Diffusion (iterations=6, step=0.14)",M4 Directional Diffusion,"{""iterations"": 6, ""step"": 0.14}",27.062684935819536,0.8746964724934995,0.0019666700606983125,27.216882982547585,0.8889590204616785,0.0018980677132245866,0.15419804672804815,0.014262547968179051,-6.860234747372586e-05,0.022963620722293854,2.5914873000001535
62__M_Right_thumb_finger.BMP,62,"M4 Directional Diffusion (iterations=6, step=0.14)",M4 Directional Diffusion,"{""iterations"": 6, ""step"": 0.14}",26.926085992200093,0.9124182408870757,0.0020295109590327716,27.28189082470388,0.9209688332868814,0.001869867862895645,0.3558048325037859,0.008550592399805712,-0.00015964309613712658,0.02342131920158863,2.647018700001354
298__M_Left_index_finger.BMP,298,"M4 Directional Diffusion (iterations=6, step=0.14)",M4 Directional Diffusion,"{""iterations"": 6, ""step"": 0.14}",27.21506173666514,0.8980616415718198,0.001898863848814617,26.381653373773204,0.9062817254235744,0.0023005658174876267,-0.8334083628919373,0.008220083851754656,0.0004017019686730096,0.02680094912648201,2.575070400002005
298__M_Left_little_finger.BMP,298,"M4 Directional Diffusion (iterations=6, step=0.14)",M4 Directional Diffusion,"{""iterations"": 6, ""step"": 0.14}",27.668090636120375,0.8152994267068505,0.0017107672839618286,27.25897225762799,0.8383523195345401,0.0018797616030387303,-0.4091183784923871,0.02305289282768963,0.00016899431907690162,0.021423477679491043,2.5859083000032115
298__M_Left_middle_finger.BMP,298,"M4 Directional Diffusion (iterations=6, step=0.14)",M4 Directional Diffusion,"{""iterations"": 6, ""step"": 0.14}",26.89100259050226,0.8927949140241146,0.002045972259286786,27.078123171202147,0.9096900247950553,0.0019596913825372345,0.18712058069988657,0.016895110770940747,-8.628087674955164e-05,0.025313938036561012,2.5410582999975304
298__M_Left_ring_finger.BMP,298,"M4 Directional Diffusion (iterations=6, step=0.14)",M4 Directional Diffusion,"{""iterations"": 6, ""step"": 0.14}",26.974147312555235,0.8789561929982305,0.0020071751371694177,26.799219005165803,0.8951404065456986,0.0020896718842378925,-0.17492830738943255,0.01618421354746813,8.249674706847484e-05,0.025547027587890625,2.4337861000021803
298__M_Left_thumb_finger.BMP,298,"M4 Directional Diffusion (iterations=6, step=0.14)",M4 Directional Diffusion,"{""iterations"": 6, ""step"": 0.14}",27.617141552360607,0.8357814332177043,0.0017309552677832224,27.95164373041269,0.8591183789527416,0.0016026387045193057,0.3345021780520838,0.023336945735037307,-0.0001283165632639167,0.016663558781147003,2.479289599999902
298__M_Right_index_finger.BMP,298,"M4 Directional Diffusion (iterations=6, step=0.14)",M4 Directional Diffusion,"{""iterations"": 6, ""step"": 0.14}",27.472722246295017,0.8526852923721671,0.001789483817498891,27.979465714322863,0.8713256766732335,0.0015924046187060963,0.506743468027846,0.018640384301066404,-0.00019707919879279469,0.02007927931845188,2.4704515999983414
298__M_Right_little_finger.BMP,298,"M4 Directional Diffusion (iterations=6, step=0.14)",M4 Directional Diffusion,"{""iterations"": 6, ""step"": 0.14}",27.499072655778257,0.8438631699736119,0.0017786591646247179,26.906867506862238,0.8626163946631551,0.0020385118919470932,-0.5922051489160189,0.018753224689543213,0.0002598527273223754,0.022781476378440857,2.4044716999997036
298__M_Right_middle_finger.BMP,298,"M4 Directional Diffusion (iterations=6, step=0.14)",M4 Directional Diffusion,"{""iterations"": 6, ""step"": 0.14}",27.220693528847182,0.9116894049499035,0.00189640305868329,26.730512316532966,0.917376459726572,0.0021229940077279364,-0.49018121231421574,0.005687054776668532,0.0002265909490446463,0.027078229933977127,2.4595741999946767
298__M_Right_ring_finger.BMP,298,"M4 Directional Diffusion (iterations=6, step=0.14)",M4 Directional Diffusion,"{""iterations"": 6, ""step"": 0.14}",27.422696694736175,0.8674880841903388,0.0018102157138198314,26.55570065444136,0.8812242998264432,0.002210191653674415,-0.8669960402948149,0.013736215636104387,0.0003999759398545838,0.025907592847943306,2.432529500001692
298__M_Right_thumb_finger.BMP,298,"M4 Directional Diffusion (iterations=6, step=0.14)",M4 Directional Diffusion,"{""iterations"": 6, ""step"": 0.14}",27.224693413952195,0.9114079438939094,0.0018946572611581649,28.453692959998452,0.926487699813664,0.001427679435752745,1.228999546046257,0.015079755919754523,-0.00046697782540541994,0.019471177831292152,2.406045100004121
249__M_Left_index_finger.BMP,249,"M4 Directional Diffusion (iterations=6, step=0.14)",M4 Directional Diffusion,"{""iterations"": 6, ""step"": 0.14}",27.124570472016103,0.7470878210087121,0.0019388443829746948,28.60720501699328,0.7926037587869763,0.0013780960829600758,1.4826345449771772,0.04551593777826424,-0.0005607483000146191,0.012286349199712276,1.580875699997705
249__M_Left_little_finger.BMP,249,"M4 Directional Diffusion (iterations=6, step=0.14)",M4 Directional Diffusion,"{""iterations"": 6, ""step"": 0.14}",27.850348680485556,0.7587672882475555,0.0016404580610319855,27.793141898135303,0.7885714069453478,0.0016622096917079051,-0.057206782350252894,0.029804118697792314,2.1751630675919667e-05,0.0173182412981987,1.4545939000017825
249__M_Left_middle_finger.BMP,249,"M4 Directional Diffusion (iterations=6, step=0.14)",M4 Directional Diffusion,"{""iterations"": 6, ""step"": 0.14}",27.086136842742746,0.7350637589780092,0.0019560786626691674,28.615884275718773,0.7811243249799609,0.0013753447450576008,1.529747432976027,0.04606056600195163,-0.0005807339176115665,0.012176400981843472,1.441632900001423
249__M_Left_ring_finger.BMP,249,"M4 Directional Diffusion (iterations=6, step=0.14)",M4 Directional Diffusion,"{""iterations"": 6, ""step"": 0.14}",27.286670865582614,0.700930704194814,0.0018678109342006519,28.770880138284078,0.7531629632401764,0.0013271254761159973,1.484209272701463,0.05223225904536244,-0.0005406854580846546,0.010971467941999435,1.4474861999988207
249__M_Left_thumb_finger.BMP,249,"M4 Directional Diffusion (iterations=6, step=0.14)",M4 Directional Diffusion,"{""iterations"": 6, ""step"": 0.14}",26.984771156079184,0.8261111951120794,0.0020022711250024757,28.580240799931573,0.8600586416131855,0.001386678940616296,1.5954696438523897,0.03394744650110604,-0.0006155921843861798,0.017412517219781876,1.4079670999999507
249__M_Right_index_finger.BMP,249,"M4 Directional Diffusion (iterations=6, step=0.14)",M4 Directional Diffusion,"{""iterations"": 6, ""step"": 0.14}",27.925095882335967,0.77181945014894,0.001612465427378501,29.125446180260518,0.8028499640828372,0.0012230814571179088,1.200350297924551,0.031030513933897108,-0.00038938397026059223,0.01281274389475584,1.3941265000030398
249__M_Right_little_finger.BMP,249,"M4 Directional Diffusion (iterations=6, step=0.14)",M4 Directional Diffusion,"{""iterations"": 6, ""step"": 0.14}",27.657119233589647,0.6353878059021234,0.001715094588497569,28.918972911514167,0.688788077649951,0.0012826338843980626,1.2618536779245204,0.05340027174782758,-0.0004324607040995063,0.009011493995785713,1.3251712000055704
249__M_Right_middle_finger.BMP,249,"M4 Directional Diffusion (iterations=6, step=0.14)",M4 Directional Diffusion,"{""iterations"": 6, ""step"": 0.14}",27.168536038644476,0.7934208035671115,0.0019193156128915168,28.654142135982394,0.8326190232307314,0.001363282269427623,1.485606097337918,0.039198219663619915,-0.0005560333434638939,0.015335163101553917,1.3672842999949353
249__M_Right_ring_finger.BMP,249,"M4 Directional Diffusion (iterations=6, step=0.14)",M4 Directional Diffusion,"{""iterations"": 6, ""step"": 0.14}",27.08777009207556,0.788884221210897,0.0019553431793387643,28.78860605881551,0.8326898838592768,0.0013217197943105124,1.7008359667399517,0.04380566264837982,-0.0006336233850282519,0.014223286882042885,1.229492599995865
249__M_Right_thumb_finger.BMP,249,"M4 Directional Diffusion (iterations=6, step=0.14)",M4 Directional Diffusion,"{""iterations"": 6, ""step"": 0.14}",28.10834497793756,0.6780079972983599,0.001545843421819905,29.584044207038126,0.7131092193181515,0.0011005140191799336,1.4756992291005666,0.0351012220197916,-0.00044532940263997144,0.01056808140128851,1.3076467999999295
393__M_Left_index_finger.BMP,393,"M4 Directional Diffusion (iterations=6, step=0.14)",M4 Directional Diffusion,"{""iterations"": 6, ""step"": 0.14}",27.308206704505906,0.8914485091529191,0.0018585717409852326,26.779400525258712,0.9033165875473023,0.0020992296290247843,-0.5288061792471943,0.011868078394383197,0.00024065788803955164,0.026342852041125298,1.3047312999988208
393__M_Left_little_finger.BMP,393,"M4 Directional Diffusion (iterations=6, step=0.14)",M4 Directional Diffusion,"{""iterations"": 6, ""step"": 0.14}",27.318831886242837,0.8610343153392672,0.0018540302314057613,26.574930627169064,0.8779884761987925,0.0022004268582813727,-0.7439012590737732,0.01695416085952528,0.00034639662687561143,0.026324504986405373,1.3088155999939772
393__M_Left_middle_finger.BMP,393,"M4 Directional Diffusion (iterations=6, step=0.14)",M4 Directional Diffusion,"{""iterations"": 6, ""step"": 0.14}",27.599379652066386,0.8259976084778606,0.0017380490746276103,26.33257214121131,0.8431958389456272,0.002326712836617723,-1.2668075108550774,0.017198230467766584,0.0005886637619901126,0.02550523541867733,1.3132104000032996
393__M_Left_ring_finger.BMP,393,"M4 Directional Diffusion (iterations=6, step=0.14)",M4 Directional Diffusion,"{""iterations"": 6, ""step"": 0.14}",27.3096594584879,0.8725850996860862,0.001857950136045422,26.730587402353578,0.8856486298642159,0.0021229573032852437,-0.5790720561343221,0.013063530178129668,0.00026500716723982165,0.025557516142725945,1.3029367999988608
393__M_Left_thumb_finger.BMP,393,"M4 Directional Diffusion (iterations=6, step=0.14)",M4 Directional Diffusion,"{""iterations"": 6, ""step"": 0.14}",27.203729999603823,0.8870638376303315,0.0019038248886444147,27.89314994105217,0.9041984537064434,0.0016243701715152458,0.689419941448346,0.017134616076111886,-0.0002794547171291689,0.021564176306128502,1.2850711999999476
393__M_Right_index_finger.BMP,393,"M4 Directional Diffusion (iterations=6, step=0.14)",M4 Directional Diffusion,"{""iterations"": 6, ""step"": 0.14}",27.18564958969017,0.8956395128723978,0.0019117673533812795,26.96552756588609,0.9079082425008118,0.0020111628742651385,-0.22012202380407686,0.012268729628413966,9.9395520883859e-05,0.025012528523802757,1.3041675000058603
393__M_Right_little_finger.BMP,393,"M4 Directional Diffusion (iterations=6, step=0.14)",M4 Directional Diffusion,"{""iterations"": 6, ""step"": 0.14}",27.38883507911954,0.8566403560225367,0.0018243849968554713,27.416201782856938,0.87593798605299,0.0018129249325434054,0.027366703737396136,0.01929763003045326,-1.1460064312065902e-05,0.02249017357826233,1.5045126999975764
393__M_Right_middle_finger.BMP,393,"M4 Directional Diffusion (iterations=6, step=0.14)",M4 Directional Diffusion,"{""iterations"": 6, ""step"": 0.14}",27.34189386160175,0.8759159202563465,0.0018442110244102443,27.67318734774999,0.8927123553201556,0.0017087607714301627,0.3312934861482404,0.016796435063809123,-0.0001354502529800816,0.021783847361803055,1.5864157999967574
393__M_Right_ring_finger.BMP,393,"M4 Directional Diffusion (iterations=6, step=0.14)",M4 Directional Diffusion,"{""iterations"": 6, ""step"": 0.14}",27.53648716712822,0.8377262864155174,0.0017634018143036256,27.343418475751406,0.8564857570824623,0.0018435637178326459,-0.1930686913768156,0.018759470666944944,8.01619035290203e-05,0.021671021357178688,1.5266224999941187
393__M_Right_thumb_finger.BMP,393,"M4 Directional Diffusion (iterations=6, step=0.14)",M4 Directional Diffusion,"{""iterations"": 6, ""step"": 0.14}",27.279869519902554,0.8713236901729107,0.0018707383442700316,27.50463385069166,0.888854469141841,0.0017763830270411689,0.22476433078910674,0.017530778968930294,-9.435531722886271e-05,0.021910889074206352,1.5650687999950605
245__M_Left_index_finger.BMP,245,"M4 Directional Diffusion (iterations=6, step=0.14)",M4 Directional Diffusion,"{""iterations"": 6, ""step"": 0.14}",27.369483519165946,0.8475481766363681,0.0018325323416851827,27.760102751786185,0.8725210753508806,0.001674903248229281,0.3906192326202387,0.02497289871451258,-0.00015762909345590171,0.0202048160135746,1.6039194999975734
245__M_Left_little_finger.BMP,245,"M4 Directional Diffusion (iterations=6, step=0.14)",M4 Directional Diffusion,"{""iterations"": 6, ""step"": 0.14}",27.90731007442499,0.7520611994141341,0.0016190825516656838,28.70127766688646,0.7885717768036723,0.0013485660846175346,0.7939675924614704,0.036510577389538224,-0.00027051646704814923,0.013217365369200706,1.5322817999986
245__M_Left_middle_finger.BMP,245,"M4 Directional Diffusion (iterations=6, step=0.14)",M4 Directional Diffusion,"{""iterations"": 6, ""step"": 0.14}",27.144213089173356,0.8857407036245465,0.0019300950240497081,26.92850537612184,0.900239927439332,0.0020283806663500613,-0.21570771305151482,0.014499223814785522,9.828564230035313e-05,0.02462705969810486,1.6011823000008008
245__M_Left_ring_finger.BMP,245,"M4 Directional Diffusion (iterations=6, step=0.14)",M4 Directional Diffusion,"{""iterations"": 6, ""step"": 0.14}",27.034777154693998,0.8768079179877639,0.0019793485830217304,27.003378376109413,0.8917886888557672,0.001993710804257938,-0.03139877858458462,0.014980770868003312,1.4362221236207708e-05,0.024071209132671356,1.566893399998662
245__M_Left_thumb_finger.BMP,245,"M4 Directional Diffusion (iterations=6, step=0.14)",M4 Directional Diffusion,"{""iterations"": 6, ""step"": 0.14}",27.29682163769929,0.864652694988966,0.0018634503945447873,27.37633806910555,0.8849944912624359,0.0018296423033785612,0.07951643140626174,0.02034179627346988,-3.3808091166226016e-05,0.023784974589943886,1.5223694000014802
245__M_Right_index_finger.BMP,245,"M4 Directional Diffusion (iterations=6, step=0.14)",M4 Directional Diffusion,"{""iterations"": 6, ""step"": 0.14}",27.86161374413362,0.7314716830980778,0.0016362084288809222,28.39142273186387,0.7469261908276678,0.0014482973192415586,0.5298089877302488,0.015454507729590006,-0.00018791110963936358,0.01392828393727541,1.493301700000302
245__M_Right_little_finger.BMP,245,"M4 Directional Diffusion (iterations=6, step=0.14)",M4 Directional Diffusion,"{""iterations"": 6, ""step"": 0.14}",27.759733272900732,0.7882265864093005,0.0016750457477857116,28.06453185779086,0.8179992626988888,0.001561517350673302,0.3047985848901291,0.02977267628958824,-0.00011352839711240969,0.016798170283436775,1.425194299998111
245__M_Right_middle_finger.BMP,245,"M4 Directional Diffusion (iterations=6, step=0.14)",M4 Directional Diffusion,"{""iterations"": 6, ""step"": 0.14}",27.610087418904833,0.8386277327285409,0.0017337690984571036,27.45844933970227,0.8559954736585617,0.0017953745557869774,-0.1516380792025629,0.017367740930020803,6.160545732987379e-05,0.021008530631661415,1.4497578000009526
245__M_Right_ring_finger.BMP,245,"M4 Directional Diffusion (iterations=6, step=0.14)",M4 Directional Diffusion,"{""iterations"": 6, ""step"": 0.14}",27.62839155773911,0.8352236195013225,0.0017264771874037441,27.320543052757976,0.8580444698627591,0.0018532998676424218,-0.30784850498113414,0.02282085036143655,0.00012682268023867763,0.020898079499602318,1.4349711000031675
245__M_Right_thumb_finger.BMP,245,"M4 Directional Diffusion (iterations=6, step=0.14)",M4 Directional Diffusion,"{""iterations"": 6, ""step"": 0.14}",27.02799729760429,0.9315969390202463,0.0019824409964453883,27.636948385826884,0.9396596184019447,0.0017230788885532874,0.608951088222593,0.008062679381698357,-0.0002593621078921008,0.024803312495350838,1.4046025999996345
353__M_Left_index_finger.BMP,353,"M4 Directional Diffusion (iterations=6, step=0.14)",M4 Directional Diffusion,"{""iterations"": 6, ""step"": 0.14}",27.210708483175573,0.7456378089148998,0.0019007681741822528,28.486381775863148,0.7854970831272602,0.0014169738073224556,1.275673292687575,0.03985927421236035,-0.00048379436685979716,0.011631534434854984,1.4408545000042068
353__M_Left_little_finger.BMP,353,"M4 Directional Diffusion (iterations=6, step=0.14)",M4 Directional Diffusion,"{""iterations"": 6, ""step"": 0.14}",27.310469338294897,0.8111156491096616,0.0018576036946173202,28.12739721435158,0.8427418220163285,0.0015390767535007235,0.8169278760566812,0.031626172906666916,-0.00031852694111659673,0.018490638583898544,1.4485148000021582
353__M_Left_middle_finger.BMP,353,"M4 Directional Diffusion (iterations=6, step=0.14)",M4 Directional Diffusion,"{""iterations"": 6, ""step"": 0.14}",27.07881538087769,0.8079627258788943,0.001959379057768534,28.291578264804183,0.8419935049823523,0.0014819794227610647,1.2127628839264943,0.034030779103457975,-0.00047739963500746945,0.015296204015612602,1.2598011000009137
353__M_Left_ring_finger.BMP,353,"M4 Directional Diffusion (iterations=6, step=0.14)",M4 Directional Diffusion,"{""iterations"": 6, ""step"": 0.14}",26.889426053059687,0.8387388352847099,0.0020467151048752454,27.968869868071337,0.8684472558707594,0.0015962944849250422,1.0794438150116505,0.0297084205860495,-0.00045042061995020314,0.01870420202612877,1.2359253000031458
353__M_Left_thumb_finger.BMP,353,"M4 Directional Diffusion (iterations=6, step=0.14)",M4 Directional Diffusion,"{""iterations"": 6, ""step"": 0.14}",27.050436755067842,0.817199472497642,0.0019722243862978625,28.680671121214925,0.8507160307877064,0.0013549800092539379,1.6302343661470822,0.03351655829006439,-0.0006172443770439246,0.016162212938070297,1.287808799999766
353__M_Right_index_finger.BMP,353,"M4 Directional Diffusion (iterations=6, step=0.14)",M4 Directional Diffusion,"{""iterations"": 6, ""step"": 0.14}",27.759630496506418,0.7777755392009615,0.001675085388445793,28.703592995317226,0.8080173024355769,0.0013478473231853185,0.9439624988108086,0.03024176323461536,-0.00032723806526047464,0.013274767436087132,1.3477424000011524
353__M_Right_little_finger.BMP,353,"M4 Directional Diffusion (iterations=6, step=0.14)",M4 Directional Diffusion,"{""iterations"": 6, ""step"": 0.14}",27.173805315813695,0.7856670542563796,0.001916988327244512,28.585131245318465,0.8260525196781159,0.0013851183265294288,1.4113259295047698,0.040385465421736266,-0.0005318700007150832,0.01495431363582611,1.2773310000047786
353__M_Right_middle_finger.BMP,353,"M4 Directional Diffusion (iterations=6, step=0.14)",M4 Directional Diffusion,"{""iterations"": 6, ""step"": 0.14}",26.857230134638407,0.8565264380849004,0.002061944571451783,28.30690464077405,0.8868803455736041,0.0014767586926366818,1.4496745061356435,0.030353907488703702,-0.0005851858788151012,0.018006786704063416,1.314910900000541
353__M_Right_ring_finger.BMP,353,"M4 Directional Diffusion (iterations=6, step=0.14)",M4 Directional Diffusion,"{""iterations"": 6, ""step"": 0.14}",26.911811584863287,0.8226192198185026,0.0020361925377766475,28.714742578577336,0.8644605000428558,0.0013443914510601332,1.8029309937140496,0.04184128022435318,-0.0006918010867165143,0.015624355524778366,1.3215028999984497
353__M_Right_thumb_finger.BMP,353,"M4 Directional Diffusion (iterations=6, step=0.14)",M4 Directional Diffusion,"{""iterations"": 6, ""step"": 0.14}",27.32793629146971,0.8724088980541229,0.0018501475751853827,28.441870202567266,0.8899147595698833,0.0014315712888943934,1.1139339110975541,0.01750586151576039,-0.0004185762862909893,0.01700909249484539,1.3156087000024854
382__M_Left_index_finger.BMP,382,"M4 Directional Diffusion (iterations=6, step=0.14)",M4 Directional Diffusion,"{""iterations"": 6, ""step"": 0.14}",27.724036629139857,0.7947871396856904,0.0016888704505084351,26.49055829541326,0.81599879305619,0.0022435934862087862,-1.2334783337265982,0.021211653370499683,0.0005547230357003511,0.024202125146985054,1.3353108000010252
382__M_Left_little_finger.BMP,382,"M4 Directional Diffusion (iterations=6, step=0.14)",M4 Directional Diffusion,"{""iterations"": 6, ""step"": 0.14}",27.09271034075746,0.893729249388218,0.0019531201740218458,26.430673610945487,0.9047788484826982,0.00227474457994156,-0.6620367298119731,0.011049599094480222,0.00032162440591971425,0.028390849009156227,1.316866699999082
382__M_Left_middle_finger.BMP,382,"M4 Directional Diffusion (iterations=6, step=0.14)",M4 Directional Diffusion,"{""iterations"": 6, ""step"": 0.14}",27.57607971360535,0.8350109269056917,0.0017473987819297552,26.94426733333788,0.8517680561469794,0.002021032356916935,-0.6318123802674691,0.016757129241287694,0.00027363357498717995,0.023873915895819664,1.3184818000008818
382__M_Left_ring_finger.BMP,382,"M4 Directional Diffusion (iterations=6, step=0.14)",M4 Directional Diffusion,"{""iterations"": 6, ""step"": 0.14}",27.060884356324884,0.8998926139307618,0.0019674856086986654,26.251983960343605,0.909016611516118,0.0023702906532307444,-0.8089003959812793,0.009123997585356203,0.000402805044532079,0.029223047196865082,1.2876041999988956
382__M_Left_thumb_finger.BMP,382,"M4 Directional Diffusion (iterations=6, step=0.14)",M4 Directional Diffusion,"{""iterations"": 6, ""step"": 0.14}",27.255791680260188,0.8907386924384832,0.0018811387600763264,27.583718590345594,0.9068684914396405,0.0017443279550612052,0.32792691008540586,0.016129799001157297,-0.0001368108050151212,0.02437354065477848,1.3070621000006213
382__M_Right_index_finger.BMP,382,"M4 Directional Diffusion (iterations=6, step=0.14)",M4 Directional Diffusion,"{""iterations"": 6, ""step"": 0.14}",27.455173245065584,0.8698757472695112,0.0017967294051407137,27.262529360487747,0.8892664376390577,0.0018782226086241165,-0.1926438845778371,0.019390690369546437,8.149320348340284e-05,0.024299371987581253,1.3391386000002967
382__M_Right_little_finger.BMP,382,"M4 Directional Diffusion (iterations=6, step=0.14)",M4 Directional Diffusion,"{""iterations"": 6, ""step"": 0.14}",27.739852403413927,0.8104227801680863,0.001682731248342592,27.412486778929708,0.8356130206176638,0.0018144763924292338,-0.32736562448421935,0.025190240449577517,0.00013174514408664188,0.021738028153777122,1.3003639999951702
382__M_Right_middle_finger.BMP,382,"M4 Directional Diffusion (iterations=6, step=0.14)",M4 Directional Diffusion,"{""iterations"": 6, ""step"": 0.14}",27.363344701743767,0.8778663659537435,0.0018351244851289054,26.627268116737962,0.8915240158138871,0.002174068323387838,-0.7360765850058044,0.013657649860143617,0.0003389438382589327,0.027498362585902214,1.2810458000021754
382__M_Right_ring_finger.BMP,382,"M4 Directional Diffusion (iterations=6, step=0.14)",M4 Directional Diffusion,"{""iterations"": 6, ""step"": 0.14}",27.682723706584703,0.8205907543003559,0.0017050127435947287,27.893496442324135,0.8442819317400455,0.0016242405765281315,0.21077273573943245,0.023691177439689626,-8.077216706659711e-05,0.020196333527565002,1.2937717999957385
382__M_Right_thumb_finger.BMP,382,"M4 Directional Diffusion (iterations=6, step=0.14)",M4 Directional Diffusion,"{""iterations"": 6, ""step"": 0.14}",27.614139616680177,0.8601692046675384,0.001732152154429862,28.692065344241186,0.8812839600886107,0.0013514297202617057,1.0779257275610092,0.021114755421072218,-0.0003807224341681563,0.01715422235429287,1.2920840000006137
95__M_Left_index_finger.BMP,95,"M4 Directional Diffusion (iterations=6, step=0.14)",M4 Directional Diffusion,"{""iterations"": 6, ""step"": 0.14}",27.39134677204572,0.8359918886170089,0.0018233301895119857,27.562154382636695,0.8601492122113109,0.0017530106789878394,0.17080761059097682,0.024157323594302005,-7.031951052414629e-05,0.019167792052030563,1.2939257000034559
95__M_Left_little_finger.BMP,95,"M4 Directional Diffusion (iterations=6, step=0.14)",M4 Directional Diffusion,"{""iterations"": 6, ""step"": 0.14}",27.54402322678643,0.7636391966834069,0.0017603445389775525,28.506267814914285,0.7966863697384596,0.0014105004157738024,0.9622445881278558,0.03304717305505278,-0.00034984412320375013,0.01116914115846157,1.3041977000029874
95__M_Left_middle_finger.BMP,95,"M4 Directional Diffusion (iterations=6, step=0.14)",M4 Directional Diffusion,"{""iterations"": 6, ""step"": 0.14}",27.293829348976956,0.8689211923083067,0.001864734754166977,27.261858602297554,0.8841589021489025,0.001878512718341018,-0.03197074667940214,0.015237709840595803,1.3777964174040928e-05,0.02242552489042282,1.33371459999762
95__M_Left_ring_finger.BMP,95,"M4 Directional Diffusion (iterations=6, step=0.14)",M4 Directional Diffusion,"{""iterations"": 6, ""step"": 0.14}",27.092209087232433,0.8861374237051011,0.001953345612039718,27.095924953342415,0.898410741741538,0.0019516750251955285,0.003715866109981647,0.012273318036436942,-1.6705868441894024e-06,0.02271697297692299,1.3184387000001152
95__M_Left_thumb_finger.BMP,95,"M4 Directional Diffusion (iterations=6, step=0.14)",M4 Directional Diffusion,"{""iterations"": 6, ""step"": 0.14}",27.28356618176967,0.8596593739498853,0.001869146672021306,27.815911653167845,0.8783470791526437,0.0016535176486934693,0.5323454713981732,0.01868770520275831,-0.00021562902332783658,0.017863761633634567,1.3506718999997247
95__M_Right_index_finger.BMP,95,"M4 Directional Diffusion (iterations=6, step=0.14)",M4 Directional Diffusion,"{""iterations"": 6, ""step"": 0.14}",27.733939330068015,0.7975209111049771,0.0016850239070106336,28.41569635456117,0.8270064397311807,0.0014402250637936271,0.6817570244931552,0.029485528626203572,-0.0002447988432170065,0.01489831879734993,1.3934627999988152
95__M_Right_little_finger.BMP,95,"M4 Directional Diffusion (iterations=6, step=0.14)",M4 Directional Diffusion,"{""iterations"": 6, ""step"": 0.14}",27.35006041895754,0.8177310701611936,0.0018407463928654848,27.357208035250643,0.8389799364826083,0.0018377193850299517,0.007147616293103454,0.02124886632141465,-3.027007835533068e-06,0.019456785172224045,1.3501137999992352
95__M_Right_middle_finger.BMP,95,"M4 Directional Diffusion (iterations=6, step=0.14)",M4 Directional Diffusion,"{""iterations"": 6, ""step"": 0.14}",27.256887464854394,0.8745515389959216,0.001880664182818134,27.094392031098344,0.8878524712128043,0.0019523640263791847,-0.16249543375604958,0.013300932216882666,7.16998435610506e-05,0.0225435309112072,1.3358786999961012
95__M_Right_ring_finger.BMP,95,"M4 Directional Diffusion (iterations=6, step=0.14)",M4 Directional Diffusion,"{""iterations"": 6, ""step"": 0.14}",27.06599395535293,0.8813759167299867,0.0019651721666833826,26.772298551550744,0.8926506398150325,0.002102665286373211,-0.29369540380218595,0.011274723085045735,0.00013749311968982818,0.02512548863887787,1.3310684000025503
95__M_Right_thumb_finger.BMP,95,"M4 Directional Diffusion (iterations=6, step=0.14)",M4 Directional Diffusion,"{""iterations"": 6, ""step"": 0.14}",27.280560331397304,0.858041308440566,0.0018704407985196255,28.24294813910289,0.8796994502389431,0.0014986671437352544,0.9623878077055856,0.021658141798377106,-0.0003717736547843712,0.015445249155163765,1.366977500001667
344__M_Left_index_finger.BMP,344,"M4 Directional Diffusion (iterations=6, step=0.14)",M4 Directional Diffusion,"{""iterations"": 6, ""step"": 0.14}",27.762510472264623,0.7805653719962835,0.0016739749423528873,28.165654476203414,0.8096083580330015,0.001525578474767864,0.4031440039387917,0.029042986036717955,-0.0001483964675850233,0.01691584289073944,1.3359402999994927
344__M_Left_little_finger.BMP,344,"M4 Directional Diffusion (iterations=6, step=0.14)",M4 Directional Diffusion,"{""iterations"": 6, ""step"": 0.14}",27.452418963348357,0.827007361033082,0.0017978692465879286,27.44008792295517,0.8510361880042553,0.0018029812391194082,-0.012331040393188886,0.024028826971173256,5.111992531479665e-06,0.020808003842830658,1.3439119000031496
344__M_Left_middle_finger.BMP,344,"M4 Directional Diffusion (iterations=6, step=0.14)",M4 Directional Diffusion,"{""iterations"": 6, ""step"": 0.14}",27.198867390325397,0.8704623010368348,0.0019059577136130844,26.713172023005644,0.8842471999506354,0.002131487537333212,-0.48569536731975305,0.013784898913800636,0.0002255298237201274,0.02587134577333927,1.2825706000003265
344__M_Left_ring_finger.BMP,344,"M4 Directional Diffusion (iterations=6, step=0.14)",M4 Directional Diffusion,"{""iterations"": 6, ""step"": 0.14}",27.60905736985692,0.799125665891707,0.0017341803583473727,28.2083933310442,0.8267943078497648,0.0015106389104565037,0.599335961187279,0.02766864195805785,-0.00022354144789086899,0.016608063131570816,1.3197656999982428
344__M_Left_thumb_finger.BMP,344,"M4 Directional Diffusion (iterations=6, step=0.14)",M4 Directional Diffusion,"{""iterations"": 6, ""step"": 0.14}",27.632042690311692,0.8132330956027806,0.0017250263404855889,27.798019956481966,0.83870170986557,0.0016603437219128777,0.1659772661702732,0.025468614262789457,-6.468261857271122e-05,0.01697787642478943,1.3617153000013786
344__M_Right_index_finger.BMP,344,"M4 Directional Diffusion (iterations=6, step=0.14)",M4 Directional Diffusion,"{""iterations"": 6, ""step"": 0.14}",28.06532231982077,0.7543945262865425,0.0015612331638131629,28.89441790235269,0.7846717263219952,0.0012899064362603043,0.8290955825319202,0.030277200035452756,-0.0002713267275528586,0.012430381961166859,1.4205944999994244
344__M_Right_little_finger.BMP,344,"M4 Directional Diffusion (iterations=6, step=0.14)",M4 Directional Diffusion,"{""iterations"": 6, ""step"": 0.14}",27.731778392957537,0.7995503482174575,0.0016858625399856957,28.101450815926867,0.8259196965544224,0.0015482993034441814,0.3696724229693302,0.026369348336964915,-0.0001375632365415143,0.017005831003189087,1.4050903000024846
344__M_Right_middle_finger.BMP,344,"M4 Directional Diffusion (iterations=6, step=0.14)",M4 Directional Diffusion,"{""iterations"": 6, ""step"": 0.14}",27.123512802150984,0.8627072790634036,0.001939316621763977,27.111261621530005,0.8806670446254015,0.0019447950383600354,-0.01225118062097863,0.017959765561997854,5.478416596058381e-06,0.024250801652669907,1.3714541000008467
344__M_Right_ring_finger.BMP,344,"M4 Directional Diffusion (iterations=6, step=0.14)",M4 Directional Diffusion,"{""iterations"": 6, ""step"": 0.14}",27.835652295697912,0.7775291997701526,0.0016460187212879532,28.01027923780175,0.8044209584012627,0.0015811463732234381,0.17462694210383845,0.026891758631110152,-6.487234806451503e-05,0.016959689557552338,1.3655018000063137
344__M_Right_thumb_finger.BMP,344,"M4 Directional Diffusion (iterations=6, step=0.14)",M4 Directional Diffusion,"{""iterations"": 6, ""step"": 0.14}",27.33616603778286,0.8854889540035129,0.0018466449224242521,27.763182216725685,0.9005575299001336,0.0016737160405058326,0.42701617894282506,0.015068575896620695,-0.00017292888191841951,0.02095412090420723,1.3636966999983997
11__M_Left_index_finger.BMP,11,"M4 Directional Diffusion (iterations=6, step=0.14)",M4 Directional Diffusion,"{""iterations"": 6, ""step"": 0.14}",27.203616911366883,0.9008611038495302,0.0019038744639929986,25.005384781609926,0.9038019815050959,0.0031583592078016556,-2.1982321297569563,0.0029408776555657212,0.001254484743808657,0.036268480122089386,1.3610349000009592
11__M_Left_little_finger.BMP,11,"M4 Directional Diffusion (iterations=6, step=0.14)",M4 Directional Diffusion,"{""iterations"": 6, ""step"": 0.14}",27.603947845869165,0.8116633612370789,0.0017362218419469892,26.73300750183753,0.8344688148711323,0.002121774618068804,-0.8709403440316343,0.022805453634053396,0.00038555277612181476,0.024086158722639084,1.3621950000015204
11__M_Left_middle_finger.BMP,11,"M4 Directional Diffusion (iterations=6, step=0.14)",M4 Directional Diffusion,"{""iterations"": 6, ""step"": 0.14}",27.590430544347054,0.8268025367977023,0.0017416342053143082,27.00455493514733,0.847889935640037,0.0019931707557770875,-0.585875609199725,0.02108739884233468,0.0002515365504627792,0.02220880798995495,1.4128855999952066
11__M_Left_ring_finger.BMP,11,"M4 Directional Diffusion (iterations=6, step=0.14)",M4 Directional Diffusion,"{""iterations"": 6, ""step"": 0.14}",27.392334022377923,0.8411362929831148,0.001822915752113899,25.83185722382614,0.8590443269404769,0.002611044524383711,-1.5604767985517825,0.01790803395736218,0.0007881287722698118,0.028876107186079025,1.4033314999978757
11__M_Left_thumb_finger.BMP,11,"M4 Directional Diffusion (iterations=6, step=0.14)",M4 Directional Diffusion,"{""iterations"": 6, ""step"": 0.14}",27.226832768569444,0.8868178059300185,0.0018937241741067202,26.2223055523946,0.894160346485138,0.002386543994651062,-1.0045272161748429,0.007342540555119514,0.0004928198205443419,0.02849651873111725,1.3782095999995363
11__M_Right_index_finger.BMP,11,"M4 Directional Diffusion (iterations=6, step=0.14)",M4 Directional Diffusion,"{""iterations"": 6, ""step"": 0.14}",27.136074356580547,0.9018011115424037,0.001933715437414644,26.790367571387254,0.9128342374450564,0.0020939352251285134,-0.34570678519329334,0.011033125902652707,0.00016021978771386947,0.026970095932483673,1.4176269000017783
11__M_Right_little_finger.BMP,11,"M4 Directional Diffusion (iterations=6, step=0.14)",M4 Directional Diffusion,"{""iterations"": 6, ""step"": 0.14}",27.152824278914682,0.8622665558641552,0.0019262718237624946,26.42593810606047,0.8793191803899407,0.002277226292128063,-0.7268861728542113,0.017052624525785487,0.0003509544683655682,0.02753376215696335,1.4324159999960102
11__M_Right_middle_finger.BMP,11,"M4 Directional Diffusion (iterations=6, step=0.14)",M4 Directional Diffusion,"{""iterations"": 6, ""step"": 0.14}",27.00580270522638,0.9078310691341758,0.001992598180785455,26.418872619567992,0.9161637168108225,0.002280934100415143,-0.5869300856583877,0.008332647676646765,0.00028833591962968775,0.029097972437739372,1.4427214999959688
11__M_Right_ring_finger.BMP,11,"M4 Directional Diffusion (iterations=6, step=0.14)",M4 Directional Diffusion,"{""iterations"": 6, ""step"": 0.14}",27.021850611583677,0.8927556960483194,0.0019852487847385036,26.375572126214244,0.9038473814133405,0.0023037894619149842,-0.6462784853694323,0.011091685365021142,0.00031854067717648066,0.02876986935734749,1.3959245000005467
11__M_Right_thumb_finger.BMP,11,"M4 Directional Diffusion (iterations=6, step=0.14)",M4 Directional Diffusion,"{""iterations"": 6, ""step"": 0.14}",27.17641616657664,0.8897543843449354,0.001915836236548887,27.605381532704172,0.9056027594899535,0.0017356487774294732,0.42896536612753167,0.015848375145018134,-0.00018018745911941377,0.02202094905078411,1.422288000001572
596__M_Left_index_finger.BMP,596,"M4 Directional Diffusion (iterations=6, step=0.14)",M4 Directional Diffusion,"{""iterations"": 6, ""step"": 0.14}",27.260806598241672,0.8798176140753031,0.0018789678110145568,26.50106441365416,0.8919741060734987,0.0022381725169636603,-0.7597421845875125,0.012156491998195573,0.00035920470594910355,0.026362184435129166,1.3551908000008552
596__M_Left_little_finger.BMP,596,"M4 Directional Diffusion (iterations=6, step=0.14)",M4 Directional Diffusion,"{""iterations"": 6, ""step"": 0.14}",27.245229741228027,0.8731450250470638,0.0018857192125455908,25.816437802670045,0.882247353203714,0.0026203313916016145,-1.428791938557982,0.00910232815665013,0.0007346121790560236,0.029598597437143326,1.3731524999966496
596__M_Left_middle_finger.BMP,596,"M4 Directional Diffusion (iterations=6, step=0.14)",M4 Directional Diffusion,"{""iterations"": 6, ""step"": 0.14}",26.99262791235228,0.912509316891849,0.0019986521208996,25.9402321007688,0.9175017166950703,0.002546694145522014,-1.0523958115834802,0.0049923998032213035,0.0005480420246224142,0.031150776892900467,1.3661941999962437
596__M_Left_ring_finger.BMP,596,"M4 Directional Diffusion (iterations=6, step=0.14)",M4 Directional Diffusion,"{""iterations"": 6, ""step"": 0.14}",27.129796070868846,0.8973039204165042,0.001936512893520118,26.26210198338772,0.9084084533342719,0.0023647748704600374,-0.8676940874811265,0.011104532917767695,0.00042826197693991946,0.027909770607948303,1.3006917999955476
596__M_Left_thumb_finger.BMP,596,"M4 Directional Diffusion (iterations=6, step=0.14)",M4 Directional Diffusion,"{""iterations"": 6, ""step"": 0.14}",27.379324201259738,0.8905684232832194,0.0018283847060455828,27.85728375536617,0.9043556597659588,0.0016378405696061595,0.4779595541064303,0.013787236482739385,-0.0001905441364394233,0.015601958148181438,1.3759009999994305
596__M_Right_index_finger.BMP,596,"M4 Directional Diffusion (iterations=6, step=0.14)",M4 Directional Diffusion,"{""iterations"": 6, ""step"": 0.14}",27.133718326101807,0.9018753187772035,0.001934764755031613,26.685434241506233,0.910519475871563,0.002145144616797252,-0.44828408459557423,0.008644157094359506,0.000210379861765639,0.025848161429166794,1.3127953999937745
596__M_Right_little_finger.BMP,596,"M4 Directional Diffusion (iterations=6, step=0.14)",M4 Directional Diffusion,"{""iterations"": 6, ""step"": 0.14}",27.37921045502823,0.8755564471014738,0.0018284325939654745,26.185485859293408,0.8854894443551302,0.0024068632404070835,-1.193724595734821,0.009932997253656373,0.000578430646441609,0.028421994298696518,1.3118868000019575
596__M_Right_middle_finger.BMP,596,"M4 Directional Diffusion (iterations=6, step=0.14)",M4 Directional Diffusion,"{""iterations"": 6, ""step"": 0.14}",26.909507831988964,0.9266714336516261,0.0020372729403576964,25.88571102879847,0.9289663368612527,0.0025788667166922615,-1.0237968031904927,0.002294903209626664,0.0005415937763345651,0.031899888068437576,1.3746456999942893
596__M_Right_ring_finger.BMP,596,"M4 Directional Diffusion (iterations=6, step=0.14)",M4 Directional Diffusion,"{""iterations"": 6, ""step"": 0.14}",27.017619156241306,0.899512990084827,0.001987184012026754,26.414892880923034,0.9083561248042583,0.00228302523498246,-0.6027262753182718,0.008843134719431323,0.0002958412229557058,0.026133138686418533,1.5947021999963908
596__M_Right_thumb_finger.BMP,596,"M4 Directional Diffusion (iterations=6, step=0.14)",M4 Directional Diffusion,"{""iterations"": 6, ""step"": 0.14}",27.048373670607816,0.9173447010877133,0.001973161499765388,27.426821486885153,0.9266166699619294,0.0018084972441755603,0.3784478162773368,0.009271968874216108,-0.00016466425558982786,0.019103096798062325,1.4998035000025993
64__M_Left_index_finger.BMP,64,"M4 Directional Diffusion (iterations=6, step=0.14)",M4 Directional Diffusion,"{""iterations"": 6, ""step"": 0.14}",27.62826064340018,0.8292306531518697,0.0017265292313591058,26.337411182115144,0.8459978140047789,0.0023241217863526494,-1.2908494612850347,0.01676716085290919,0.0005975925549935436,0.02660977840423584,1.5261530999996467
64__M_Left_little_finger.BMP,64,"M4 Directional Diffusion (iterations=6, step=0.14)",M4 Directional Diffusion,"{""iterations"": 6, ""step"": 0.14}",27.893549799331836,0.7610234317880273,0.0016242206213852067,27.839479730974787,0.7910195434014201,0.0016445687247784002,-0.054070068357049195,0.029996111613392773,2.0348103393193423e-05,0.017222605645656586,1.6182717999981833
64__M_Left_middle_finger.BMP,64,"M4 Directional Diffusion (iterations=6, step=0.14)",M4 Directional Diffusion,"{""iterations"": 6, ""step"": 0.14}",27.366287206965186,0.8809769827733636,0.0018338815417542622,26.490678858487463,0.8908045653253198,0.002243531203406514,-0.8756083484777228,0.00982758255195626,0.00040964966165225165,0.0277135968208313,1.6256212999942363
64__M_Left_ring_finger.BMP,64,"M4 Directional Diffusion (iterations=6, step=0.14)",M4 Directional Diffusion,"{""iterations"": 6, ""step"": 0.14}",27.55558662593171,0.8294891931387186,0.001755663730828133,27.511267939117978,0.8511493762410283,0.0017736715751863576,-0.044318686813731745,0.02166018310230966,1.800784435822462e-05,0.0218220017850399,1.5675075999970431
64__M_Left_thumb_finger.BMP,64,"M4 Directional Diffusion (iterations=6, step=0.14)",M4 Directional Diffusion,"{""iterations"": 6, ""step"": 0.14}",27.204435955098237,0.91235571216169,0.0019035154427577963,26.458937329782298,0.919260979955256,0.002259988696629008,-0.745498625315939,0.006905267793566039,0.00035647325387121176,0.02942883037030697,1.4925061999965692
64__M_Right_index_finger.BMP,64,"M4 Directional Diffusion (iterations=6, step=0.14)",M4 Directional Diffusion,"{""iterations"": 6, ""step"": 0.14}",27.238002271579553,0.8908969863732458,0.001888860013503536,26.78499847526529,0.9020556589159966,0.002096525516346593,-0.45300379631426324,0.011158672542750825,0.00020766550284305723,0.026989705860614777,1.5191564000051585
64__M_Right_little_finger.BMP,64,"M4 Directional Diffusion (iterations=6, step=0.14)",M4 Directional Diffusion,"{""iterations"": 6, ""step"": 0.14}",27.444163471016246,0.8477464560411573,0.0018012900617678633,27.103021818702615,0.8643607853484154,0.0019484883708056795,-0.341141652313631,0.016614329307258147,0.00014719830903781625,0.02311505563557148,1.4185653000022285
64__M_Right_middle_finger.BMP,64,"M4 Directional Diffusion (iterations=6, step=0.14)",M4 Directional Diffusion,"{""iterations"": 6, ""step"": 0.14}",27.4283313174614,0.8536297265289425,0.0018078686269653874,26.799662574934292,0.8664481003966927,0.0020894584650077226,-0.6286687425271076,0.012818373867750199,0.00028158983804233524,0.025672979652881622,1.4092698999957065
64__M_Right_ring_finger.BMP,64,"M4 Directional Diffusion (iterations=6, step=0.14)",M4 Directional Diffusion,"{""iterations"": 6, ""step"": 0.14}",27.374413374669906,0.8559058133390546,0.0018304533389655862,26.3335462556973,0.866184962421298,0.0023261910177579024,-1.0408671189726064,0.010279149082243477,0.0004957376787923162,0.027088481932878494,1.44543590000103
64__M_Right_thumb_finger.BMP,64,"M4 Directional Diffusion (iterations=6, step=0.14)",M4 Directional Diffusion,"{""iterations"": 6, ""step"": 0.14}",27.17219743797839,0.9198942623021007,0.0019176981805384982,28.283905566684595,0.9331302708706856,0.001484599955953258,1.111708128706205,0.013236008568584867,-0.0004330982245852402,0.02198331244289875,1.352516300001298
135__F_Left_index_finger.BMP,135,"M4 Directional Diffusion (iterations=6, step=0.14)",M4 Directional Diffusion,"{""iterations"": 6, ""step"": 0.14}",27.423818629850537,0.8518224754294157,0.0018097481319487815,27.142618676046155,0.8759250477828383,0.001930803744499396,-0.2811999538043821,0.024102572353422613,0.00012105561255061452,0.024440962821245193,1.3655232000019168
135__F_Left_little_finger.BMP,135,"M4 Directional Diffusion (iterations=6, step=0.14)",M4 Directional Diffusion,"{""iterations"": 6, ""step"": 0.14}",27.84520262745671,0.7640395160872936,0.0016424030287879527,28.03296625611852,0.7969411025424004,0.0015729081922245358,0.18776362866180918,0.03290158645510677,-6.949483656341687e-05,0.016521668061614037,1.4011537000042154
135__F_Left_middle_finger.BMP,135,"M4 Directional Diffusion (iterations=6, step=0.14)",M4 Directional Diffusion,"{""iterations"": 6, ""step"": 0.14}",27.277573154300654,0.8487684782577753,0.0018717277731732577,26.578436903340155,0.8661214606172443,0.00219865106076526,-0.6991362509604997,0.017352982359468916,0.0003269232875920021,0.02612888440489769,1.360316199999943
135__F_Left_ring_finger.BMP,135,"M4 Directional Diffusion (iterations=6, step=0.14)",M4 Directional Diffusion,"{""iterations"": 6, ""step"": 0.14}",27.513315591185844,0.8218552142975032,0.0017728355051089403,26.829667225369455,0.8415385658971667,0.0020750725121145967,-0.6836483658163885,0.0196833515996635,0.0003022370070056564,0.02393343858420849,1.3859704999995301
135__F_Left_thumb_finger.BMP,135,"M4 Directional Diffusion (iterations=6, step=0.14)",M4 Directional Diffusion,"{""iterations"": 6, ""step"": 0.14}",27.40938655376724,0.8404738877059519,0.0018157721246788688,26.568453273348574,0.8584068276842832,0.0022037111683720426,-0.8409332804186676,0.01793293997833134,0.00038793904369317377,0.02615310624241829,1.375689100001182
135__F_Right_index_finger.BMP,135,"M4 Directional Diffusion (iterations=6, step=0.14)",M4 Directional Diffusion,"{""iterations"": 6, ""step"": 0.14}",27.76410661094929,0.810985444376856,0.0016733598285670905,27.75620783271598,0.8351916612032354,0.0016764060393218753,-0.007898778233311532,0.024206216826379356,3.046210754784756e-06,0.01903633400797844,1.4033278999995673
135__F_Right_little_finger.BMP,135,"M4 Directional Diffusion (iterations=6, step=0.14)",M4 Directional Diffusion,"{""iterations"": 6, ""step"": 0.14}",27.623988349878612,0.7982188686416746,0.0017282285089849337,27.362200942854056,0.8237786926851869,0.0018356078475578498,-0.2617874070245563,0.025559824043512314,0.00010737933857291613,0.019924409687519073,1.4229379999960656
135__F_Right_middle_finger.BMP,135,"M4 Directional Diffusion (iterations=6, step=0.14)",M4 Directional Diffusion,"{""iterations"": 6, ""step"": 0.14}",27.462280945105775,0.8639801968122423,0.0017937912676214527,27.110262838903626,0.8806020539815128,0.0019452423502537486,-0.3520181062021486,0.01662185716927056,0.0001514510826322959,0.02361712045967579,1.3990223000000697
135__F_Right_ring_finger.BMP,135,"M4 Directional Diffusion (iterations=6, step=0.14)",M4 Directional Diffusion,"{""iterations"": 6, ""step"": 0.14}",27.609956684626994,0.804960805271864,0.0017338212903388998,27.530578648199633,0.8307835251336098,0.0017658025318276237,-0.07937803642736085,0.02582271986174578,3.198124148872392e-05,0.019417786970734596,1.4235416000010446
135__F_Right_thumb_finger.BMP,135,"M4 Directional Diffusion (iterations=6, step=0.14)",M4 Directional Diffusion,"{""iterations"": 6, ""step"": 0.14}",27.4081633167771,0.8748101439685225,0.0018162836284053958,27.936697482239094,0.8869923913027644,0.001608163688607117,0.5285341654619948,0.012182247334241891,-0.0002081199397982788,0.019381849095225334,1.4147920000032173
424__M_Left_index_finger.BMP,424,"M4 Directional Diffusion (iterations=6, step=0.14)",M4 Directional Diffusion,"{""iterations"": 6, ""step"": 0.14}",27.317375192056165,0.8694038546025753,0.0018546522075444747,27.23352038614554,0.8857622622980476,0.0018908103085872167,-0.08385480591062588,0.016358407695472255,3.615810104274199e-05,0.021450450643897057,1.453502500000468
424__M_Left_little_finger.BMP,424,"M4 Directional Diffusion (iterations=6, step=0.14)",M4 Directional Diffusion,"{""iterations"": 6, ""step"": 0.14}",27.401363411044105,0.8357121815637946,0.0018191296768536327,26.962847735477702,0.8566808506177663,0.002012404252827906,-0.4385156755664035,0.020968669053971767,0.00019327457597427327,0.022715844213962555,1.4221858000018983
424__M_Left_middle_finger.BMP,424,"M4 Directional Diffusion (iterations=6, step=0.14)",M4 Directional Diffusion,"{""iterations"": 6, ""step"": 0.14}",27.33433390698997,0.857370330765605,0.00184742411923931,27.02729489695559,0.8720259729602337,0.0019827616499444585,-0.30703901003438006,0.01465564219462867,0.00013533753070514858,0.022897327318787575,1.4294036999999662
424__M_Left_ring_finger.BMP,424,"M4 Directional Diffusion (iterations=6, step=0.14)",M4 Directional Diffusion,"{""iterations"": 6, ""step"": 0.14}",27.47424047270347,0.8357785314948559,0.0017888583509376465,27.35580560128885,0.8555032435587049,0.0018383129215266594,-0.11843487141462106,0.01972471206384896,4.945457058901288e-05,0.021208224818110466,1.425352500002191
424__M_Left_thumb_finger.BMP,424,"M4 Directional Diffusion (iterations=6, step=0.14)",M4 Directional Diffusion,"{""iterations"": 6, ""step"": 0.14}",27.188600361672783,0.87748993679744,0.0019104688626597399,27.38129361242313,0.8944891083166003,0.0018275557696715095,0.19269325075034516,0.016999171519160305,-8.29130929882304e-05,0.020317647606134415,1.3981385000006412
424__M_Right_index_finger.BMP,424,"M4 Directional Diffusion (iterations=6, step=0.14)",M4 Directional Diffusion,"{""iterations"": 6, ""step"": 0.14}",27.174379366690623,0.8955533714926243,0.001916734956282951,26.657760195516616,0.9066926745222806,0.0021588575184067443,-0.5166191711740069,0.011139303029656378,0.00024212256212379326,0.026448914781212807,1.387963099994522
424__M_Right_little_finger.BMP,424,"M4 Directional Diffusion (iterations=6, step=0.14)",M4 Directional Diffusion,"{""iterations"": 6, ""step"": 0.14}",27.337320892699953,0.8497580680266619,0.0018461539368058535,26.682621780698934,0.8655693678473234,0.0021465342474147504,-0.654699112001019,0.01581129982066154,0.00030038031060889694,0.02499164640903473,1.3985747000042466
424__M_Right_middle_finger.BMP,424,"M4 Directional Diffusion (iterations=6, step=0.14)",M4 Directional Diffusion,"{""iterations"": 6, ""step"": 0.14}",27.02658269471865,0.9094320907896459,0.0019830868309300355,26.06175158555077,0.9157744105806946,0.002476423071485307,-0.9648311091678785,0.006342319791048712,0.0004933362405552715,0.03049938753247261,1.3552835999944364
424__M_Right_ring_finger.BMP,424,"M4 Directional Diffusion (iterations=6, step=0.14)",M4 Directional Diffusion,"{""iterations"": 6, ""step"": 0.14}",27.345673241984777,0.8621827862345576,0.0018426068264797268,27.266369204601038,0.8785095767102837,0.0018765626992857775,-0.07930403738373926,0.01632679047572616,3.395587280605075e-05,0.022979002445936203,1.3715933000057703
424__M_Right_thumb_finger.BMP,424,"M4 Directional Diffusion (iterations=6, step=0.14)",M4 Directional Diffusion,"{""iterations"": 6, ""step"": 0.14}",27.316341867708683,0.8624623335795403,0.0018550935406428924,27.898820555205845,0.8816585485220552,0.0016222506038173169,0.5824786874971615,0.01919621494251489,-0.00023284293682557548,0.016954001039266586,1.353241099997831
578__M_Left_index_finger.BMP,578,"M4 Directional Diffusion (iterations=6, step=0.14)",M4 Directional Diffusion,"{""iterations"": 6, ""step"": 0.14}",27.35761851769128,0.8417353274142743,0.0018375456973775935,26.6232619077317,0.8600907740927637,0.0021760747478119053,-0.7343566099595797,0.01835544667848943,0.00033852905043431185,0.024604395031929016,1.3350909000000684
578__M_Left_little_finger.BMP,578,"M4 Directional Diffusion (iterations=6, step=0.14)",M4 Directional Diffusion,"{""iterations"": 6, ""step"": 0.14}",27.558573061930566,0.7953207645407915,0.0017544568596249083,28.388527902318835,0.8262256269295811,0.0014492630168624616,0.8299548403882682,0.030904862388789645,-0.0003051938427624467,0.016432465985417366,1.331208700001298
578__M_Left_middle_finger.BMP,578,"M4 Directional Diffusion (iterations=6, step=0.14)",M4 Directional Diffusion,"{""iterations"": 6, ""step"": 0.14}",27.135093966852146,0.8753023115475178,0.0019341520095630068,26.424701013772687,0.8883260314692258,0.0022778750547698904,-0.7103929530794595,0.013023719921708032,0.0003437230452068836,0.026993660256266594,1.3299092999950517
578__M_Left_ring_finger.BMP,578,"M4 Directional Diffusion (iterations=6, step=0.14)",M4 Directional Diffusion,"{""iterations"": 6, ""step"": 0.14}",27.372005875968817,0.8389899275420905,0.0018314683266980089,27.109419649387636,0.8570689984386564,0.001945620058757752,-0.26258622658118114,0.018079070896565907,0.00011415173205974317,0.02284715324640274,1.3079929999948945
578__M_Left_thumb_finger.BMP,578,"M4 Directional Diffusion (iterations=6, step=0.14)",M4 Directional Diffusion,"{""iterations"": 6, ""step"": 0.14}",27.18213462021239,0.8910164943242669,0.0019133152717297223,27.244082735832436,0.9053818047586679,0.0018862173113817387,0.06194811562004432,0.014365310434401035,-2.709796034798366e-05,0.024787969887256622,1.293826099994476
578__M_Right_index_finger.BMP,578,"M4 Directional Diffusion (iterations=6, step=0.14)",M4 Directional Diffusion,"{""iterations"": 6, ""step"": 0.14}",27.16547226735446,0.8923490277692974,0.0019206700898596212,26.885453605574273,0.9046875978521108,0.002048588070840278,-0.2800186617801863,0.012338570082813471,0.0001279179809806569,0.02574988454580307,1.3162946000011289
578__M_Right_little_finger.BMP,578,"M4 Directional Diffusion (iterations=6, step=0.14)",M4 Directional Diffusion,"{""iterations"": 6, ""step"": 0.14}",27.595665637936797,0.7815756484834254,0.0017395360610022487,28.064365797014638,0.8115339658247829,0.0015615770594082173,0.4687001590778408,0.029958317341357454,-0.00017795900159403143,0.015798047184944153,1.3482022000025609
578__M_Right_middle_finger.BMP,578,"M4 Directional Diffusion (iterations=6, step=0.14)",M4 Directional Diffusion,"{""iterations"": 6, ""step"": 0.14}",27.115185164320064,0.891818957228303,0.0019430388473181024,26.616073244310332,0.9016064988251329,0.002179679680258099,-0.4991119200097316,0.00978754159682993,0.00023664083293999647,0.026798132807016373,1.324455999994825
578__M_Right_ring_finger.BMP,578,"M4 Directional Diffusion (iterations=6, step=0.14)",M4 Directional Diffusion,"{""iterations"": 6, ""step"": 0.14}",27.366850939283097,0.8158883026091457,0.0018336435117443657,27.596411938141138,0.8377594012973308,0.0017392371613767056,0.22956099885804093,0.021871098688185153,-9.440635036766002e-05,0.01881706528365612,1.4136699000009685
578__M_Right_thumb_finger.BMP,578,"M4 Directional Diffusion (iterations=6, step=0.14)",M4 Directional Diffusion,"{""iterations"": 6, ""step"": 0.14}",27.310784562766415,0.8849033564694225,0.0018574688688442846,28.197167007739736,0.8981684289702178,0.001514548897676578,0.8863824449733215,0.013265072500795227,-0.0003429199711677067,0.018690763041377068,1.378047099999094
222__M_Left_index_finger.BMP,222,"M4 Directional Diffusion (iterations=6, step=0.14)",M4 Directional Diffusion,"{""iterations"": 6, ""step"": 0.14}",27.28776757742927,0.8967317074397803,0.001867339320620187,26.327850188637058,0.9089374024867416,0.0023292439768936696,-0.9599173887922134,0.01220569504696134,0.00046190465627348257,0.028940383344888687,1.4351841999960016
222__M_Left_little_finger.BMP,222,"M4 Directional Diffusion (iterations=6, step=0.14)",M4 Directional Diffusion,"{""iterations"": 6, ""step"": 0.14}",27.524900418118612,0.8182178665835858,0.0017681127593446322,27.9429227576652,0.8469620410069824,0.0016058601617259076,0.41802233954658874,0.028744174423396607,-0.00016225259761872457,0.018458575010299683,1.4363143000009586
222__M_Left_middle_finger.BMP,222,"M4 Directional Diffusion (iterations=6, step=0.14)",M4 Directional Diffusion,"{""iterations"": 6, ""step"": 0.14}",27.08762671990932,0.9180543485129178,0.0019554077314863296,25.9950808259834,0.9207233021883369,0.002514733211186088,-1.0925458939259194,0.0026689536754190835,0.0005593254796997585,0.03088490478694439,1.4526834999996936
222__M_Left_ring_finger.BMP,222,"M4 Directional Diffusion (iterations=6, step=0.14)",M4 Directional Diffusion,"{""iterations"": 6, ""step"": 0.14}",27.22483877296363,0.8947344528017044,0.0018945938477580209,26.989522559250574,0.9069075007392466,0.002000081736123161,-0.23531621371305533,0.012173047937542258,0.00010548788836514016,0.023986704647541046,1.4409484999996494
222__M_Left_thumb_finger.BMP,222,"M4 Directional Diffusion (iterations=6, step=0.14)",M4 Directional Diffusion,"{""iterations"": 6, ""step"": 0.14}",27.233877333274187,0.9065954894123077,0.001890654909059132,27.73919902853624,0.9211366192701459,0.00168298442610038,0.5053216952620545,0.014541129857838175,-0.00020767048295875206,0.024258917197585106,1.441804800000682
222__M_Right_index_finger.BMP,222,"M4 Directional Diffusion (iterations=6, step=0.14)",M4 Directional Diffusion,"{""iterations"": 6, ""step"": 0.14}",27.19226671948666,0.8970285274621844,0.0019088567061743519,27.34328615656125,0.9070807372617722,0.001843619887686159,0.15101943707458787,0.010052209799587764,-6.523681848819279e-05,0.024304479360580444,1.4845335999998497
222__M_Right_little_finger.BMP,222,"M4 Directional Diffusion (iterations=6, step=0.14)",M4 Directional Diffusion,"{""iterations"": 6, ""step"": 0.14}",27.262363074117783,0.8651409731997252,0.0018782945249877611,26.49661978085078,0.8804980255150199,0.002240464267729525,-0.7657432932670041,0.015357052315294717,0.0003621697427417638,0.026382679119706154,1.3374663000067812
222__M_Right_middle_finger.BMP,222,"M4 Directional Diffusion (iterations=6, step=0.14)",M4 Directional Diffusion,"{""iterations"": 6, ""step"": 0.14}",26.882965170091534,0.9380784341383577,0.0020497622142402095,26.449083728136138,0.9401883404162824,0.0022651221512813503,-0.43388144195539624,0.0021099062779247335,0.0002153599370411409,0.0304428618401289,1.4199558000036632
222__M_Right_ring_finger.BMP,222,"M4 Directional Diffusion (iterations=6, step=0.14)",M4 Directional Diffusion,"{""iterations"": 6, ""step"": 0.14}",27.036718360620767,0.912040612370193,0.0019784640531072912,26.50498604905024,0.9184425481686592,0.002236152381958951,-0.5317323115705292,0.006401935798466263,0.0002576883288516597,0.027205832302570343,1.4608162000004086
222__M_Right_thumb_finger.BMP,222,"M4 Directional Diffusion (iterations=6, step=0.14)",M4 Directional Diffusion,"{""iterations"": 6, ""step"": 0.14}",27.073244976115962,0.9145674537937045,0.0019618938346201167,27.92405190164533,0.9276367771102488,0.0016128530871778362,0.8508069255293691,0.013069323316544312,-0.0003490407474422805,0.023046381771564484,1.3895200000042678
151__M_Left_index_finger.BMP,151,"M4 Directional Diffusion (iterations=6, step=0.14)",M4 Directional Diffusion,"{""iterations"": 6, ""step"": 0.14}",27.23395560290063,0.8930598677057028,0.00189062083551545,26.283960171095057,0.9044413717461228,0.002352902780179513,-0.9499954318055721,0.011381504040420043,0.00046228194466406305,0.02915259450674057,1.3713683999958448
151__M_Left_little_finger.BMP,151,"M4 Directional Diffusion (iterations=6, step=0.14)",M4 Directional Diffusion,"{""iterations"": 6, ""step"": 0.14}",27.472241816289575,0.8198548839435578,0.0017896817866903754,26.631613630004026,0.8404633087877631,0.0021718940572630985,-0.8406281862855494,0.02060842484420533,0.00038221227057272313,0.024633312597870827,1.4019240999987232
151__M_Left_middle_finger.BMP,151,"M4 Directional Diffusion (iterations=6, step=0.14)",M4 Directional Diffusion,"{""iterations"": 6, ""step"": 0.14}",27.536807336359356,0.8541098459053635,0.0017632718181337553,26.552628629013057,0.8673541850411296,0.0022117556079070647,-0.9841787073462989,0.013244339135766059,0.0004484837897733094,0.025843245908617973,1.4137059000058798
151__M_Left_ring_finger.BMP,151,"M4 Directional Diffusion (iterations=6, step=0.14)",M4 Directional Diffusion,"{""iterations"": 6, ""step"": 0.14}",27.488396413754636,0.812058330704093,0.0017830370133939217,26.965390667583208,0.8335537314912677,0.0020112262711387387,-0.5230057461714281,0.021495400787174712,0.00022818925774481698,0.02228817157447338,1.4263332999980776
151__M_Left_thumb_finger.BMP,151,"M4 Directional Diffusion (iterations=6, step=0.14)",M4 Directional Diffusion,"{""iterations"": 6, ""step"": 0.14}",27.404487538167533,0.8881887589464188,0.0018178215440152973,28.04506338826993,0.9075738024568558,0.0015685330036940266,0.6405758501023975,0.019385043510437017,-0.00024928854032127065,0.021498698741197586,1.3651145999974688
151__M_Right_index_finger.BMP,151,"M4 Directional Diffusion (iterations=6, step=0.14)",M4 Directional Diffusion,"{""iterations"": 6, ""step"": 0.14}",27.652213195271862,0.8040211875696778,0.001717033151974343,28.37530224423618,0.8310914389424324,0.0014536832140109545,0.7230890489643187,0.02707025137275465,-0.00026334993796338856,0.016496576368808746,1.312690399994608
151__M_Right_little_finger.BMP,151,"M4 Directional Diffusion (iterations=6, step=0.14)",M4 Directional Diffusion,"{""iterations"": 6, ""step"": 0.14}",27.35546814456648,0.8597118924495578,0.0018384557681850912,26.956740373105255,0.8770796146990358,0.0020152362316943327,-0.39872777146122473,0.017367722249478024,0.00017678046350924148,0.02494313381612301,1.3290892999939388
151__M_Right_middle_finger.BMP,151,"M4 Directional Diffusion (iterations=6, step=0.14)",M4 Directional Diffusion,"{""iterations"": 6, ""step"": 0.14}",27.413045160037356,0.8508284536483288,0.0018142431165645374,27.736196245747784,0.8710482486863136,0.0016841484713196186,0.3231510857104283,0.020219795037984767,-0.00013009464524491878,0.02133447304368019,1.3215466999972705
151__M_Right_ring_finger.BMP,151,"M4 Directional Diffusion (iterations=6, step=0.14)",M4 Directional Diffusion,"{""iterations"": 6, ""step"": 0.14}",27.175853162882543,0.902264971483171,0.0019160846147440553,26.63022040523348,0.9132229911671876,0.0021725909166846755,-0.5456327576490629,0.010958019684016662,0.00025650630194062017,0.028449708595871925,1.347931600001175
151__M_Right_thumb_finger.BMP,151,"M4 Directional Diffusion (iterations=6, step=0.14)",M4 Directional Diffusion,"{""iterations"": 6, ""step"": 0.14}",27.373317497544335,0.874674793771565,0.0018309152847499472,28.254781216043373,0.8961141217656136,0.0014945893331991054,0.8814637184990382,0.021439327994048574,-0.00033632595155084176,0.018233072012662888,1.3016792999987956
458__M_Left_index_finger.BMP,458,"M4 Directional Diffusion (iterations=6, step=0.14)",M4 Directional Diffusion,"{""iterations"": 6, ""step"": 0.14}",27.406615265554862,0.8467918352380395,0.0018169311616773175,27.25718200327631,0.8638193659462928,0.0018805366405397076,-0.1494332622785528,0.017027530708253358,6.360547886239006e-05,0.021848365664482117,1.3682226999953855
458__M_Left_little_finger.BMP,458,"M4 Directional Diffusion (iterations=6, step=0.14)",M4 Directional Diffusion,"{""iterations"": 6, ""step"": 0.14}",27.530400531466974,0.8411853642629386,0.0017658749539836386,26.80619753731238,0.8611926806729436,0.0020863167570234513,-0.7242029941545951,0.020007316410005083,0.0003204418030398127,0.02390558086335659,1.3659141000025556
458__M_Left_middle_finger.BMP,458,"M4 Directional Diffusion (iterations=6, step=0.14)",M4 Directional Diffusion,"{""iterations"": 6, ""step"": 0.14}",27.15114889397061,0.8979487909154892,0.0019270150681545894,26.585536314998524,0.906732378722608,0.0021950598620622376,-0.565612578972086,0.008783587807118853,0.0002680447939076482,0.02622445859014988,1.3361082000046736
458__M_Left_ring_finger.BMP,458,"M4 Directional Diffusion (iterations=6, step=0.14)",M4 Directional Diffusion,"{""iterations"": 6, ""step"": 0.14}",27.569890619109543,0.813433139367938,0.0017498907606097367,27.479069803539666,0.8362390912652016,0.0017868702558359701,-0.09082081556987731,0.022805951897263532,3.697949522623342e-05,0.021038563922047615,1.3022098000001279
458__M_Left_thumb_finger.BMP,458,"M4 Directional Diffusion (iterations=6, step=0.14)",M4 Directional Diffusion,"{""iterations"": 6, ""step"": 0.14}",27.148467616185208,0.912780851092726,0.0019282051495889698,27.354212267425243,0.9224367548690439,0.0018389874830787556,0.20574465124003538,0.009655903776317865,-8.921766651021415e-05,0.023845158517360687,1.3424270000032266
458__M_Right_index_finger.BMP,458,"M4 Directional Diffusion (iterations=6, step=0.14)",M4 Directional Diffusion,"{""iterations"": 6, ""step"": 0.14}",27.52559520177169,0.8341944850972295,0.0017678299195586524,28.224546858958036,0.8569162696734071,0.0015050305448665335,0.6989516571863454,0.022721784576177573,-0.0002627993746921189,0.018078725785017014,1.3250807000003988
458__M_Right_little_finger.BMP,458,"M4 Directional Diffusion (iterations=6, step=0.14)",M4 Directional Diffusion,"{""iterations"": 6, ""step"": 0.14}",27.97211041790188,0.7539071512601971,0.0015951038314370991,28.913429741118534,0.7884498866784573,0.001284272034957393,0.9413193232166535,0.03454273541826014,-0.0003108317964797061,0.012594981119036674,1.315075099999376
458__M_Right_middle_finger.BMP,458,"M4 Directional Diffusion (iterations=6, step=0.14)",M4 Directional Diffusion,"{""iterations"": 6, ""step"": 0.14}",27.58630135407322,0.8286793620156646,0.0017432909058239334,28.02693544163718,0.8511752523066402,0.0015750939227003186,0.44063408756395717,0.02249589029097554,-0.00016819698312361487,0.018887732177972794,1.307155699993018
458__M_Right_ring_finger.BMP,458,"M4 Directional Diffusion (iterations=6, step=0.14)",M4 Directional Diffusion,"{""iterations"": 6, ""step"": 0.14}",28.07503863890942,0.7279435409357548,0.0015577441756170914,28.795309951767788,0.7643194777727127,0.0013196811239817377,0.7202713128583689,0.036375936836957945,-0.0002380630516353537,0.01305585540831089,1.2993130999966525
458__M_Right_thumb_finger.BMP,458,"M4 Directional Diffusion (iterations=6, step=0.14)",M4 Directional Diffusion,"{""iterations"": 6, ""step"": 0.14}",27.07077807772415,0.9212769854897856,0.001963008554647105,27.825332974543706,0.9323624780014157,0.0016499344956265023,0.7545548968195561,0.011085492511630046,-0.00031307405902060285,0.021588701754808426,1.3024068000013358
358__M_Left_index_finger.BMP,358,"M4 Directional Diffusion (iterations=6, step=0.14)",M4 Directional Diffusion,"{""iterations"": 6, ""step"": 0.14}",27.236944199266215,0.8618307483512163,0.0018893202528205673,27.544517299160884,0.8791758331867456,0.0017601442858839076,0.3075730998946682,0.017345084835529323,-0.00012917596693665968,0.022045737132430077,1.3100762000030954
358__M_Left_little_finger.BMP,358,"M4 Directional Diffusion (iterations=6, step=0.14)",M4 Directional Diffusion,"{""iterations"": 6, ""step"": 0.14}",27.36733780397643,0.8151889041575789,0.0018334379631396484,28.253444013680618,0.8467756010940075,0.0014950495914304214,0.8861062097041881,0.03158669693642857,-0.000338388371709227,0.016663821414113045,1.3859165999965626
358__M_Left_middle_finger.BMP,358,"M4 Directional Diffusion (iterations=6, step=0.14)",M4 Directional Diffusion,"{""iterations"": 6, ""step"": 0.14}",27.165820353094215,0.8782265888885855,0.0019205161548903156,28.125938636328947,0.8991546679313183,0.0015395937392401872,0.9601182832347313,0.02092807904273275,-0.00038092241565012837,0.017918409779667854,1.3522808000052464
358__M_Left_ring_finger.BMP,358,"M4 Directional Diffusion (iterations=6, step=0.14)",M4 Directional Diffusion,"{""iterations"": 6, ""step"": 0.14}",27.571796790413543,0.803453362364322,0.0017491228807993305,28.55804316239363,0.831998894174397,0.001393784670903308,0.9862463719800871,0.02854553181007502,-0.0003553382098960224,0.016900375485420227,1.3247868999969796
358__M_Left_thumb_finger.BMP,358,"M4 Directional Diffusion (iterations=6, step=0.14)",M4 Directional Diffusion,"{""iterations"": 6, ""step"": 0.14}",27.06961823144247,0.8920985052921772,0.001963532874508304,26.62670938126126,0.9025618270167708,0.0021743480430929376,-0.4429088501812082,0.010463321724593633,0.00021081516858463371,0.02589551731944084,1.3637638000000152
358__M_Right_index_finger.BMP,358,"M4 Directional Diffusion (iterations=6, step=0.14)",M4 Directional Diffusion,"{""iterations"": 6, ""step"": 0.14}",27.082100402676357,0.9081473386961818,0.0019578975355614646,26.90533499992633,0.9173806318187714,0.0020392313542017524,-0.1767654027500285,0.009233293122589581,8.133381864028778e-05,0.026151152327656746,1.3759458999993512
358__M_Right_little_finger.BMP,358,"M4 Directional Diffusion (iterations=6, step=0.14)",M4 Directional Diffusion,"{""iterations"": 6, ""step"": 0.14}",27.061822213891244,0.8810446554100514,0.0019670607766737232,27.431342414744545,0.8992940006655454,0.001806615610442641,0.3695202008533016,0.018249345255494043,-0.00016044516623108223,0.022768091410398483,1.2756843999959528
358__M_Right_middle_finger.BMP,358,"M4 Directional Diffusion (iterations=6, step=0.14)",M4 Directional Diffusion,"{""iterations"": 6, ""step"": 0.14}",26.965358684587414,0.9060125459142327,0.0020112410825814135,27.478624743569103,0.9187682403441667,0.0017870533816197142,0.5132660589816886,0.012755694429933961,-0.00022418770096169932,0.019413214176893234,1.35332219999691
358__M_Right_ring_finger.BMP,358,"M4 Directional Diffusion (iterations=6, step=0.14)",M4 Directional Diffusion,"{""iterations"": 6, ""step"": 0.14}",27.154618445592902,0.8817748545130193,0.0019254762025709502,27.529605346356277,0.8990347126064301,0.0017661983120022392,0.3749869007633748,0.017259858093410796,-0.000159277890568711,0.021146930754184723,1.3102554000070086
358__M_Right_thumb_finger.BMP,358,"M4 Directional Diffusion (iterations=6, step=0.14)",M4 Directional Diffusion,"{""iterations"": 6, ""step"": 0.14}",27.07786003709809,0.9053674690062403,0.001959810121613979,28.35778544135301,0.9218048898444772,0.0014595583299543463,1.279925404254918,0.01643742083823685,-0.0005002517916596328,0.0211307592689991,1.2724362000008114
584__M_Left_index_finger.BMP,584,"M4 Directional Diffusion (iterations=6, step=0.14)",M4 Directional Diffusion,"{""iterations"": 6, ""step"": 0.14}",26.808661477259736,0.7405033777887225,0.002085133435231476,28.222311760506432,0.783697968973279,0.0015058053088442662,1.413650283246696,0.043194591184556486,-0.00057932812638721,0.012000035494565964,1.3594834000032279
584__M_Left_little_finger.BMP,584,"M4 Directional Diffusion (iterations=6, step=0.14)",M4 Directional Diffusion,"{""iterations"": 6, ""step"": 0.14}",27.008643646329304,0.7556378812021911,0.001991295147201889,28.671524095332842,0.8025275916481018,0.0013578368492414383,1.6628804490035378,0.046889710445910726,-0.0006334582979604505,0.012830282561480999,1.3601899999994203
584__M_Left_middle_finger.BMP,584,"M4 Directional Diffusion (iterations=6, step=0.14)",M4 Directional Diffusion,"{""iterations"": 6, ""step"": 0.14}",26.72595253228611,0.7938240012609362,0.0021252241715175577,28.196650277232578,0.831280192512989,0.00151472911184295,1.4706977449464667,0.037456191252052795,-0.0006104950596746077,0.013077070005238056,1.2835677999973996
584__M_Left_ring_finger.BMP,584,"M4 Directional Diffusion (iterations=6, step=0.14)",M4 Directional Diffusion,"{""iterations"": 6, ""step"": 0.14}",26.756204564552583,0.7725715969515443,0.0021104717515642584,28.37626971979826,0.8172150287244916,0.0014533594138239946,1.6200651552456762,0.04464343177294727,-0.0006571123377402638,0.012122657150030136,1.3806541000012658
584__M_Left_thumb_finger.BMP,584,"M4 Directional Diffusion (iterations=6, step=0.14)",M4 Directional Diffusion,"{""iterations"": 6, ""step"": 0.14}",26.870392477172857,0.8618936983605623,0.002055704811060843,28.23303025499984,0.8891575426062942,0.001502093526622391,1.3626377778269827,0.027263844245731916,-0.0005536112844384518,0.019347960129380226,1.3395449000017834
584__M_Right_index_finger.BMP,584,"M4 Directional Diffusion (iterations=6, step=0.14)",M4 Directional Diffusion,"{""iterations"": 6, ""step"": 0.14}",27.37650748718415,0.8741899077614546,0.0018295709305081917,27.307728230602134,0.8863402432909608,0.001858776516109553,-0.06877925658201534,0.012150335529506284,2.920558560136127e-05,0.022442957386374474,1.3276595000061207
584__M_Right_little_finger.BMP,584,"M4 Directional Diffusion (iterations=6, step=0.14)",M4 Directional Diffusion,"{""iterations"": 6, ""step"": 0.14}",27.20501659588782,0.8208142622725367,0.001903260964546846,28.179542357351885,0.8498819852150679,0.0015207077675647212,0.974525761464065,0.029067722942531127,-0.0003825531969821247,0.018197694793343544,1.3086555000045337
584__M_Right_middle_finger.BMP,584,"M4 Directional Diffusion (iterations=6, step=0.14)",M4 Directional Diffusion,"{""iterations"": 6, ""step"": 0.14}",27.059721458104352,0.8875454616950751,0.001968012507372198,27.665969741434363,0.9035893901675344,0.001711602948124857,0.6062482833300109,0.01604392847245928,-0.0002564095592473409,0.02030087821185589,1.3000642999977572
584__M_Right_ring_finger.BMP,584,"M4 Directional Diffusion (iterations=6, step=0.14)",M4 Directional Diffusion,"{""iterations"": 6, ""step"": 0.14}",26.898528336386196,0.8464571140774191,0.00204242993149517,28.22279630237283,0.8768900724198222,0.0015056373156864973,1.3242679659866354,0.030432958342403116,-0.0005367926158086728,0.017932899296283722,1.2626684999995632
584__M_Right_thumb_finger.BMP,584,"M4 Directional Diffusion (iterations=6, step=0.14)",M4 Directional Diffusion,"{""iterations"": 6, ""step"": 0.14}",27.857015091376837,0.6937121391089857,0.0016379418931114086,28.41739999169516,0.707939885548979,0.0014396602075001064,0.5603849003183221,0.01422774643999336,-0.00019828168561130213,0.013606070540845394,1.3312711999969906
277__M_Left_index_finger.BMP,277,"M4 Directional Diffusion (iterations=6, step=0.14)",M4 Directional Diffusion,"{""iterations"": 6, ""step"": 0.14}",27.55193277158026,0.8234430739197731,0.0017571414467860552,26.7554698921268,0.8441210791342258,0.002110828798825637,-0.7964628794534612,0.020678005214452733,0.00035368735203958183,0.023672521114349365,1.2659414000008837
277__M_Left_little_finger.BMP,277,"M4 Directional Diffusion (iterations=6, step=0.14)",M4 Directional Diffusion,"{""iterations"": 6, ""step"": 0.14}",27.686402604667066,0.7780064740378558,0.00170356904297558,27.734707079060744,0.8052073199160099,0.0016847260535679763,0.04830447439367802,0.02720084587815408,-1.8842989407603624e-05,0.018769200891256332,1.2643329999991693
277__M_Left_middle_finger.BMP,277,"M4 Directional Diffusion (iterations=6, step=0.14)",M4 Directional Diffusion,"{""iterations"": 6, ""step"": 0.14}",27.31515625699761,0.8476906587122083,0.0018556000446645002,26.526259157290525,0.8625577627190948,0.00222522578780473,-0.7888970997070857,0.014867104006886511,0.00036962574314022964,0.02552948147058487,1.2380417000022135
277__M_Left_ring_finger.BMP,277,"M4 Directional Diffusion (iterations=6, step=0.14)",M4 Directional Diffusion,"{""iterations"": 6, ""step"": 0.14}",27.728347801250656,0.7729418433285355,0.0016871947675762633,28.330529787583657,0.802501160877943,0.001468747097048478,0.6021819863330009,0.029559317549407438,-0.0002184476705277853,0.015489624813199043,1.2487499999988358
277__M_Left_thumb_finger.BMP,277,"M4 Directional Diffusion (iterations=6, step=0.14)",M4 Directional Diffusion,"{""iterations"": 6, ""step"": 0.14}",27.4740786342539,0.835673814529717,0.0017889250134139915,26.365176902816827,0.8513612476590275,0.0023093103909882905,-1.1089017314370722,0.015687433129310535,0.000520385377574299,0.025572597980499268,1.2848620000004303
277__M_Right_index_finger.BMP,277,"M4 Directional Diffusion (iterations=6, step=0.14)",M4 Directional Diffusion,"{""iterations"": 6, ""step"": 0.14}",27.435483209579154,0.8224739772281646,0.0018048939078366122,27.185904127772943,0.8426903710648418,0.001911655308822306,-0.24957908180621047,0.02021639383667717,0.00010676140098569379,0.021638985723257065,1.3609374000006937
277__M_Right_little_finger.BMP,277,"M4 Directional Diffusion (iterations=6, step=0.14)",M4 Directional Diffusion,"{""iterations"": 6, ""step"": 0.14}",27.60166142206608,0.8000373865206539,0.0017371361487749735,27.503519173507904,0.8267060839256346,0.0017768390189644844,-0.09814224855817599,0.02666869740498068,3.970287018951091e-05,0.02009641006588936,1.4057854999991832
277__M_Right_middle_finger.BMP,277,"M4 Directional Diffusion (iterations=6, step=0.14)",M4 Directional Diffusion,"{""iterations"": 6, ""step"": 0.14}",27.245325559141563,0.8554567247328758,0.0018856776085891085,27.159731213485433,0.8721370515806078,0.001923210753475398,-0.08559434565612989,0.01668032684773202,3.7533144886289565e-05,0.023786580190062523,1.408822900004452
277__M_Right_ring_finger.BMP,277,"M4 Directional Diffusion (iterations=6, step=0.14)",M4 Directional Diffusion,"{""iterations"": 6, ""step"": 0.14}",27.26965419473933,0.8603403111504913,0.0018751438097062696,26.75226127043674,0.8764207339305877,0.002112388881649584,-0.517392924302591,0.01608042278009647,0.00023724507194331423,0.025217784568667412,1.3795078000039211
277__M_Right_thumb_finger.BMP,277,"M4 Directional Diffusion (iterations=6, step=0.14)",M4 Directional Diffusion,"{""iterations"": 6, ""step"": 0.14}",27.713893269652402,0.7956702655243874,0.0016928195775946103,27.774367492177166,0.8218636197508573,0.0016694109230285833,0.06047422252476409,0.026193354226469956,-2.3408654566026968e-05,0.01776156947016716,1.4146538999993936
113__M_Left_index_finger.BMP,113,"M4 Directional Diffusion (iterations=6, step=0.14)",M4 Directional Diffusion,"{""iterations"": 6, ""step"": 0.14}",27.091395953718273,0.8805550547920465,0.0019537113729576386,25.986679211396414,0.889238371414423,0.0025196027800237016,-1.104716742321859,0.008683316622376425,0.0005658914070660629,0.027708932757377625,1.4256621000022278
113__M_Left_little_finger.BMP,113,"M4 Directional Diffusion (iterations=6, step=0.14)",M4 Directional Diffusion,"{""iterations"": 6, ""step"": 0.14}",27.389659096509163,0.8270766893867254,0.0018240388763275269,27.230869595924723,0.8480780912344456,0.0018919647490921003,-0.1587895005844402,0.021001401847720147,6.792587276457343e-05,0.021495822817087173,1.4199694999988424
113__M_Left_middle_finger.BMP,113,"M4 Directional Diffusion (iterations=6, step=0.14)",M4 Directional Diffusion,"{""iterations"": 6, ""step"": 0.14}",27.115692492636224,0.8776933735228181,0.0019428118812631677,26.746852317967523,0.8889811805790663,0.002115021410882313,-0.36884017466870134,0.011287807056248211,0.0001722095296191452,0.024126483127474785,1.4045933000015793
113__M_Left_ring_finger.BMP,113,"M4 Directional Diffusion (iterations=6, step=0.14)",M4 Directional Diffusion,"{""iterations"": 6, ""step"": 0.14}",27.0532031403392,0.8816855724269748,0.001970968511443341,26.43499134573065,0.8910967055161,0.0022724841636890653,-0.6182117946085484,0.009411133089125223,0.0003015156522457245,0.024888331070542336,1.318476800006465
113__M_Left_thumb_finger.BMP,113,"M4 Directional Diffusion (iterations=6, step=0.14)",M4 Directional Diffusion,"{""iterations"": 6, ""step"": 0.14}",27.279303541011437,0.8767163291655778,0.001870982157501112,26.618600087757997,0.8880484429969787,0.0021784118521850655,-0.6607034532534399,0.01133211383140087,0.0003074296946839535,0.02543766051530838,1.272786300003645
113__M_Right_index_finger.BMP,113,"M4 Directional Diffusion (iterations=6, step=0.14)",M4 Directional Diffusion,"{""iterations"": 6, ""step"": 0.14}",27.52628103978593,0.7962213375407458,0.0017675507658317642,28.03622535524251,0.8218384448432327,0.0015717282691674076,0.5099443154565826,0.025617107302486897,-0.00019582249666435657,0.016835445538163185,1.3094490000003134
113__M_Right_little_finger.BMP,113,"M4 Directional Diffusion (iterations=6, step=0.14)",M4 Directional Diffusion,"{""iterations"": 6, ""step"": 0.14}",27.049336324191856,0.8765692704223395,0.0019727241788767436,26.59802690842486,0.8893578012663126,0.0021887557960909494,-0.4513094157669961,0.012788530843973134,0.00021603161721420574,0.025849876925349236,1.2814259000006132
113__M_Right_middle_finger.BMP,113,"M4 Directional Diffusion (iterations=6, step=0.14)",M4 Directional Diffusion,"{""iterations"": 6, ""step"": 0.14}",27.39106797572276,0.8165695768411756,0.0018234472423621466,27.662612342765943,0.8402434120820165,0.0017129266479428708,0.27154436704318385,0.02367383524084088,-0.00011052059441927576,0.019457882270216942,1.340538700002071
113__M_Right_ring_finger.BMP,113,"M4 Directional Diffusion (iterations=6, step=0.14)",M4 Directional Diffusion,"{""iterations"": 6, ""step"": 0.14}",27.556710022814272,0.786957332709074,0.0017552096490527052,27.028194536742326,0.8097515527425408,0.0019823509639695907,-0.5285154860719459,0.022794220033466872,0.00022714131491688547,0.020580973476171494,1.3211491000038222
113__M_Right_thumb_finger.BMP,113,"M4 Directional Diffusion (iterations=6, step=0.14)",M4 Directional Diffusion,"{""iterations"": 6, ""step"": 0.14}",27.207380810346603,0.8842864897474051,0.0019022251483617964,27.720483161542006,0.9009001240942478,0.001690252877074298,0.5131023511954034,0.01661363434684271,-0.00021197227128749848,0.019031938165426254,1.2457829999984824
439__M_Left_index_finger.BMP,439,"M4 Directional Diffusion (iterations=6, step=0.14)",M4 Directional Diffusion,"{""iterations"": 6, ""step"": 0.14}",27.243095184838253,0.8546553031085133,0.0018866462709150498,26.759208103510744,0.8693627878400088,0.002109012674154924,-0.48388708132750935,0.014707484731495413,0.00022236640323987432,0.025348754599690437,1.426177800000005
439__M_Left_little_finger.BMP,439,"M4 Directional Diffusion (iterations=6, step=0.14)",M4 Directional Diffusion,"{""iterations"": 6, ""step"": 0.14}",27.67026514284158,0.7680612674964666,0.0017099109194558372,28.0552418299716,0.7974034875566065,0.0015648611799940427,0.3849766871300204,0.029342220060139867,-0.0001450497394617945,0.01613839715719223,1.376471900002798
439__M_Left_middle_finger.BMP,439,"M4 Directional Diffusion (iterations=6, step=0.14)",M4 Directional Diffusion,"{""iterations"": 6, ""step"": 0.14}",27.075266153872867,0.8850007860559821,0.0019609809946537662,26.53435531617086,0.8940432068823277,0.002221081365043795,-0.5409108377020075,0.009042420826345654,0.00026010037039002863,0.027678480371832848,1.468204799995874
439__M_Left_ring_finger.BMP,439,"M4 Directional Diffusion (iterations=6, step=0.14)",M4 Directional Diffusion,"{""iterations"": 6, ""step"": 0.14}",27.26936026487648,0.8321901105798483,0.001875270723456602,27.430650095805092,0.8526419473312498,0.0018069036301973588,0.16128983092861304,0.020451836751401498,-6.836709325924316e-05,0.020487889647483826,1.5101453000024776
439__M_Left_thumb_finger.BMP,439,"M4 Directional Diffusion (iterations=6, step=0.14)",M4 Directional Diffusion,"{""iterations"": 6, ""step"": 0.14}",27.22016145099966,0.8706247874133587,0.0018966354115943194,26.866686039707666,0.8833529373822808,0.002057459978094382,-0.35347541129199556,0.012728149968922131,0.00016082456650006274,0.02441568486392498,1.5067240000062156
439__M_Right_index_finger.BMP,439,"M4 Directional Diffusion (iterations=6, step=0.14)",M4 Directional Diffusion,"{""iterations"": 6, ""step"": 0.14}",27.190461892047534,0.860179078065604,0.0019096501477369801,27.257444466760692,0.8793520734740495,0.001880422994774986,0.06698257471315827,0.019172995408445526,-2.922715296199414e-05,0.02273452654480934,1.453924499997811
439__M_Right_little_finger.BMP,439,"M4 Directional Diffusion (iterations=6, step=0.14)",M4 Directional Diffusion,"{""iterations"": 6, ""step"": 0.14}",27.46604753235387,0.7971711269533038,0.001792236207049238,27.39831046563379,0.8215718205156326,0.0018204089139429672,-0.06773706672007762,0.024400693562328768,2.8172706893729235e-05,0.01909039542078972,1.5359736000027624
439__M_Right_middle_finger.BMP,439,"M4 Directional Diffusion (iterations=6, step=0.14)",M4 Directional Diffusion,"{""iterations"": 6, ""step"": 0.14}",27.195319163986305,0.8431384734453261,0.001907515535095472,27.47142322453626,0.8625065417889952,0.0017900191515177884,0.2761040605499545,0.01936806834366911,-0.00011749638357768364,0.020276479423046112,1.4524107999968692
439__M_Right_ring_finger.BMP,439,"M4 Directional Diffusion (iterations=6, step=0.14)",M4 Directional Diffusion,"{""iterations"": 6, ""step"": 0.14}",27.088819797633764,0.8616873811286986,0.001954870622892272,26.892783658323815,0.8764961050565839,0.0020451333657727213,-0.19603613930994968,0.014808723927885348,9.026274288044924e-05,0.0240130927413702,1.303789900004631
439__M_Right_thumb_finger.BMP,439,"M4 Directional Diffusion (iterations=6, step=0.14)",M4 Directional Diffusion,"{""iterations"": 6, ""step"": 0.14}",27.178713895481742,0.860588171741724,0.0019148228900337703,28.094240877674586,0.88061185673666,0.0015508718467788778,0.9155269821928442,0.02002368499493601,-0.00036395104325489245,0.019001895561814308,1.3216727000035462
184__M_Left_index_finger.BMP,184,"M4 Directional Diffusion (iterations=6, step=0.14)",M4 Directional Diffusion,"{""iterations"": 6, ""step"": 0.14}",27.14673214910537,0.9094638912225962,0.0019289758260301864,26.227266142382124,0.9155326803545356,0.0023838195972336377,-0.9194660067232476,0.006068789131939423,0.0004548437712034513,0.029114970937371254,1.3294244999997318
184__M_Left_little_finger.BMP,184,"M4 Directional Diffusion (iterations=6, step=0.14)",M4 Directional Diffusion,"{""iterations"": 6, ""step"": 0.14}",27.68577063332017,0.7966246676869393,0.0017038169588951832,27.432112010435755,0.8233231388232112,0.0018062954957590964,-0.25365862288441576,0.026698471136271884,0.00010247853686391317,0.02027478814125061,1.3562402000025031
184__M_Left_middle_finger.BMP,184,"M4 Directional Diffusion (iterations=6, step=0.14)",M4 Directional Diffusion,"{""iterations"": 6, ""step"": 0.14}",26.967420814007504,0.924128175724417,0.002010286326054125,25.520084344427822,0.9233669116491675,0.002805379154091769,-1.4473364695796818,-0.000761264075249457,0.0007950928280376439,0.034093957394361496,1.333497300001909
184__M_Left_ring_finger.BMP,184,"M4 Directional Diffusion (iterations=6, step=0.14)",M4 Directional Diffusion,"{""iterations"": 6, ""step"": 0.14}",27.16267520307092,0.870679429012537,0.0019219074917362917,26.696489112918908,0.8851356136418581,0.002139691141709287,-0.46618609015201073,0.014456184629321078,0.0002177836499729954,0.024822795763611794,1.297240599997167
184__M_Left_thumb_finger.BMP,184,"M4 Directional Diffusion (iterations=6, step=0.14)",M4 Directional Diffusion,"{""iterations"": 6, ""step"": 0.14}",27.09455659897816,0.894332712657094,0.0019522900465488075,26.775848680505632,0.9062486071875095,0.0021009471704301276,-0.31870791847252633,0.011915894530415527,0.0001486571238813201,0.02719265967607498,1.3172555999990436
184__M_Right_index_finger.BMP,184,"M4 Directional Diffusion (iterations=6, step=0.14)",M4 Directional Diffusion,"{""iterations"": 6, ""step"": 0.14}",27.168996828915667,0.8836233427411317,0.0019191119826170474,26.265936451413832,0.895390143972516,0.002362687887506326,-0.9030603775018342,0.011766801231384294,0.0004435759048892784,0.02843916043639183,1.3541457999963313
184__M_Right_little_finger.BMP,184,"M4 Directional Diffusion (iterations=6, step=0.14)",M4 Directional Diffusion,"{""iterations"": 6, ""step"": 0.14}",27.192112369058048,0.8865373025163412,0.0019089245491009349,26.07525909764516,0.8963318972207904,0.002468732817301395,-1.1168532714128894,0.009794594704449211,0.0005598082682004601,0.030315518379211426,1.2988414999999804
184__M_Right_middle_finger.BMP,184,"M4 Directional Diffusion (iterations=6, step=0.14)",M4 Directional Diffusion,"{""iterations"": 6, ""step"": 0.14}",26.937873520135312,0.9148618301275373,0.0020240099725046343,26.321549473630252,0.9178624402597546,0.00233262568080472,-0.6163240465050599,0.0030006101322173073,0.0003086157083000856,0.030057476833462715,1.360832099999243
184__M_Right_ring_finger.BMP,184,"M4 Directional Diffusion (iterations=6, step=0.14)",M4 Directional Diffusion,"{""iterations"": 6, ""step"": 0.14}",26.95258106467255,0.899651739586711,0.002017167180501343,25.836084475039595,0.9037533842337131,0.002608504273106611,-1.1164965896329555,0.004101644647002134,0.000591337092605268,0.03131797909736633,1.3705045000024256
184__M_Right_thumb_finger.BMP,184,"M4 Directional Diffusion (iterations=6, step=0.14)",M4 Directional Diffusion,"{""iterations"": 6, ""step"": 0.14}",27.1155529441821,0.9145130371519327,0.001942874309123023,27.789316160395522,0.9276893226810098,0.0016636745917617633,0.6737632162134233,0.013176285529077125,-0.00027919971736125974,0.023174088448286057,1.3497709000002942
297__M_Left_index_finger.BMP,297,"M4 Directional Diffusion (iterations=6, step=0.14)",M4 Directional Diffusion,"{""iterations"": 6, ""step"": 0.14}",27.7570804375387,0.7906426064821481,0.0016760692418019418,28.06967621920693,0.8221250417638422,0.0015596687769199179,0.31259578166822877,0.03148243528169403,-0.00011640046488202395,0.015475383028388023,1.325777999998536
297__M_Left_little_finger.BMP,297,"M4 Directional Diffusion (iterations=6, step=0.14)",M4 Directional Diffusion,"{""iterations"": 6, ""step"": 0.14}",27.604976193107987,0.8586213655061722,0.0017358107781078177,23.446659537549163,0.8613499206528664,0.004522036320667273,-4.158316655558824,0.0027285551466942337,0.0027862255425594555,0.040615420788526535,1.3387341000052402
297__M_Left_middle_finger.BMP,297,"M4 Directional Diffusion (iterations=6, step=0.14)",M4 Directional Diffusion,"{""iterations"": 6, ""step"": 0.14}",27.408921212894597,0.831367049916923,0.0018159666927172965,27.20310272456483,0.8559152906492055,0.001904099888242418,-0.20581848832976846,0.024548240732282456,8.813319552512149e-05,0.021314436569809914,1.2726983000029577
297__M_Left_ring_finger.BMP,297,"M4 Directional Diffusion (iterations=6, step=0.14)",M4 Directional Diffusion,"{""iterations"": 6, ""step"": 0.14}",27.999195089177213,0.7429669464297891,0.0015851869599302825,28.62735805396464,0.777714611925602,0.0013717159691413886,0.6281629647874283,0.034747665495812874,-0.00021347099078889396,0.01260396372526884,1.3102988000027835
297__M_Left_thumb_finger.BMP,297,"M4 Directional Diffusion (iterations=6, step=0.14)",M4 Directional Diffusion,"{""iterations"": 6, ""step"": 0.14}",27.351634550995698,0.8496112274484038,0.0018400793218039874,26.993360923453857,0.8661382620285153,0.0019983148127768694,-0.3582736275418412,0.01652703458011151,0.00015823549097288198,0.023722779005765915,1.3262467999957153
297__M_Right_index_finger.BMP,297,"M4 Directional Diffusion (iterations=6, step=0.14)",M4 Directional Diffusion,"{""iterations"": 6, ""step"": 0.14}",27.26646688433661,0.8421334111442864,0.0018765204928810162,27.81354555129721,0.864302796025455,0.001654418755505374,0.5470786669606014,0.022169384881168597,-0.00022210173737564226,0.0183084849268198,1.2921472000016365
297__M_Right_little_finger.BMP,297,"M4 Directional Diffusion (iterations=6, step=0.14)",M4 Directional Diffusion,"{""iterations"": 6, ""step"": 0.14}",27.748414561772044,0.7768289119063616,0.0016794169952769212,27.98531441924259,0.8079510412254334,0.0015902615483665544,0.2368998574705472,0.031122129319071767,-8.915544691036684e-05,0.01655859500169754,1.4385053999940283
297__M_Right_middle_finger.BMP,297,"M4 Directional Diffusion (iterations=6, step=0.14)",M4 Directional Diffusion,"{""iterations"": 6, ""step"": 0.14}",27.62754038726817,0.7994520999450088,0.0017268155915228394,28.067214215357914,0.826682913344562,0.0015605531996596127,0.4396738280897452,0.027230813399553244,-0.00016626239186322668,0.017695747315883636,1.452762499997334
297__M_Right_ring_finger.BMP,297,"M4 Directional Diffusion (iterations=6, step=0.14)",M4 Directional Diffusion,"{""iterations"": 6, ""step"": 0.14}",27.67942143460698,0.7884819651403725,0.0017063096877649516,28.07049481144389,0.8199688054237366,0.0015593748260433853,0.39107337683691057,0.031486840283364126,-0.00014693486172156632,0.016133293509483337,1.4061621000000741
297__M_Right_thumb_finger.BMP,297,"M4 Directional Diffusion (iterations=6, step=0.14)",M4 Directional Diffusion,"{""iterations"": 6, ""step"": 0.14}",27.057159365148596,0.8790298646752238,0.0019691738664962227,27.723735572913462,0.8965116650432944,0.0016889875283459827,0.6665762077648658,0.017481800368070566,-0.00028018633815024,0.02090015821158886,1.412581799995678
510__M_Left_index_finger.BMP,510,"M4 Directional Diffusion (iterations=6, step=0.14)",M4 Directional Diffusion,"{""iterations"": 6, ""step"": 0.14}",27.049783248781104,0.8853918248358965,0.001972521179848049,26.515487841693847,0.8978826305673718,0.002230751613745439,-0.5342954070872565,0.012490805731475318,0.00025823043389739016,0.025884883478283882,1.3966102999984287
510__M_Left_little_finger.BMP,510,"M4 Directional Diffusion (iterations=6, step=0.14)",M4 Directional Diffusion,"{""iterations"": 6, ""step"": 0.14}",27.388994176833812,0.8156364864462018,0.0018243181642848185,27.116929304969236,0.8381534750273227,0.0019422586733196783,-0.2720648718645755,0.022516988581120945,0.00011794050903485981,0.02159680798649788,1.4122420999992755
510__M_Left_middle_finger.BMP,510,"M4 Directional Diffusion (iterations=6, step=0.14)",M4 Directional Diffusion,"{""iterations"": 6, ""step"": 0.14}",26.927380314475773,0.9163373613706232,0.002028906196606752,26.231729120885987,0.9201025831524133,0.002381371150052456,-0.6956511935897858,0.0037652217817901734,0.0003524649534457037,0.028291231021285057,1.3548093999997946
510__M_Left_ring_finger.BMP,510,"M4 Directional Diffusion (iterations=6, step=0.14)",M4 Directional Diffusion,"{""iterations"": 6, ""step"": 0.14}",27.139391128208246,0.8814989184703231,0.0019322391939270728,26.854498374152875,0.8933446944393516,0.002063241965463797,-0.2848927540553703,0.011845775969028471,0.00013100277153672412,0.025733722373843193,1.3066419000024325
510__M_Left_thumb_finger.BMP,510,"M4 Directional Diffusion (iterations=6, step=0.14)",M4 Directional Diffusion,"{""iterations"": 6, ""step"": 0.14}",27.04511604334945,0.9147710483712554,0.0019746421163289608,27.33666177177775,0.925012982775569,0.0018464341455304493,0.29154572842830007,0.010241934404313535,-0.00012820797079851143,0.022576088085770607,1.3597930000032648
510__M_Right_index_finger.BMP,510,"M4 Directional Diffusion (iterations=6, step=0.14)",M4 Directional Diffusion,"{""iterations"": 6, ""step"": 0.14}",27.23055457921046,0.866017082233429,0.0018921019882603737,27.18709379538091,0.8837843375430703,0.001911131718716986,-0.04346078382954843,0.017767255309641294,1.902973045661235e-05,0.022722842171788216,1.3557637999983854
510__M_Right_little_finger.BMP,510,"M4 Directional Diffusion (iterations=6, step=0.14)",M4 Directional Diffusion,"{""iterations"": 6, ""step"": 0.14}",27.394827670703343,0.8089458301949203,0.0018218693639567604,27.65707497489587,0.8329203489098549,0.0017151120670141381,0.2622473041925275,0.02397451871493461,-0.00010675729694262226,0.018523886799812317,1.3437653000000864
510__M_Right_middle_finger.BMP,510,"M4 Directional Diffusion (iterations=6, step=0.14)",M4 Directional Diffusion,"{""iterations"": 6, ""step"": 0.14}",27.098886756793288,0.887872908428371,0.001950344474744861,27.14259121519472,0.900670155841291,0.0019308159531929467,0.04370445840143233,0.012797247412919988,-1.952852155191428e-05,0.023550108075141907,1.3062057999995886
510__M_Right_ring_finger.BMP,510,"M4 Directional Diffusion (iterations=6, step=0.14)",M4 Directional Diffusion,"{""iterations"": 6, ""step"": 0.14}",27.19464273199484,0.8686249066267312,0.001907812661832362,27.121679627093208,0.8839396941410304,0.001940135388160188,-0.07296310490163194,0.015314787514299155,3.2322726327826e-05,0.023898761719465256,1.3652332999990904
510__M_Right_thumb_finger.BMP,510,"M4 Directional Diffusion (iterations=6, step=0.14)",M4 Directional Diffusion,"{""iterations"": 6, ""step"": 0.14}",27.147269107323716,0.8867233144706488,0.0019287373437475198,28.059287035856748,0.903792525179863,0.001563404279496864,0.9120179285330323,0.01706921070921419,-0.0003653330642506558,0.01869245246052742,1.3647195000012289
329__M_Left_index_finger.BMP,329,"M4 Directional Diffusion (iterations=6, step=0.14)",M4 Directional Diffusion,"{""iterations"": 6, ""step"": 0.14}",27.33983850281261,0.8673399185726046,0.0018450840293860148,26.0569141154439,0.8810014607943296,0.002479183018346406,-1.2829243873687126,0.013661542221724998,0.000634098988960391,0.028153404593467712,1.3553381999954581
329__M_Left_little_finger.BMP,329,"M4 Directional Diffusion (iterations=6, step=0.14)",M4 Directional Diffusion,"{""iterations"": 6, ""step"": 0.14}",27.483534424271237,0.7969700508410931,0.0017850342668649715,28.380938163458026,0.8302370454037785,0.0014517979661415703,0.8974037391867888,0.03326699456268545,-0.00033323630072340125,0.017140468582510948,1.3534655999974348
329__M_Left_middle_finger.BMP,329,"M4 Directional Diffusion (iterations=6, step=0.14)",M4 Directional Diffusion,"{""iterations"": 6, ""step"": 0.14}",27.170496652176993,0.8806207271711528,0.0019184493373478708,27.023439999151893,0.8979160095450283,0.001984522376146607,-0.14705665302509985,0.017295282373875454,6.60730387987364e-05,0.025478316470980644,1.5144504999989294
329__M_Left_ring_finger.BMP,329,"M4 Directional Diffusion (iterations=6, step=0.14)",M4 Directional Diffusion,"{""iterations"": 6, ""step"": 0.14}",27.048095149200076,0.8606330455324054,0.0019732880464668353,27.445431153454727,0.8816218760522604,0.0018007643515320596,0.397336004254651,0.020988830519855006,-0.0001725236949347757,0.022916654124855995,1.5273711000045296
329__M_Left_thumb_finger.BMP,329,"M4 Directional Diffusion (iterations=6, step=0.14)",M4 Directional Diffusion,"{""iterations"": 6, ""step"": 0.14}",27.274119087408604,0.8811508820807934,0.001873217003364104,27.28623136523919,0.898370637198627,0.0018679999637922831,0.012112277830585327,0.01721975511783358,-5.217039571820932e-06,0.02382875606417656,1.5374076000007335
329__M_Right_index_finger.BMP,329,"M4 Directional Diffusion (iterations=6, step=0.14)",M4 Directional Diffusion,"{""iterations"": 6, ""step"": 0.14}",27.187816851277667,0.9046109719729424,0.001910813561316814,26.838323283195248,0.9129077604009509,0.002070940739772374,-0.34949356808241916,0.008296788428008517,0.00016012717845555993,0.026326153427362442,1.498008900001878
329__M_Right_little_finger.BMP,329,"M4 Directional Diffusion (iterations=6, step=0.14)",M4 Directional Diffusion,"{""iterations"": 6, ""step"": 0.14}",27.743813777829764,0.7948134238148331,0.0016811970613825667,27.902689203885455,0.8240530848602057,0.0016208061638146047,0.15887542605569038,0.029239661045372567,-6.039089756796202e-05,0.018089162185788155,1.5022110999998404
329__M_Right_middle_finger.BMP,329,"M4 Directional Diffusion (iterations=6, step=0.14)",M4 Directional Diffusion,"{""iterations"": 6, ""step"": 0.14}",27.191388370015403,0.9068319340829849,0.0019092428065988977,26.35768085489103,0.9117508588153124,0.0023132997691802924,-0.8337075151243738,0.004918924732327468,0.00040405696258139466,0.02762567810714245,1.4678663999948185
329__M_Right_ring_finger.BMP,329,"M4 Directional Diffusion (iterations=6, step=0.14)",M4 Directional Diffusion,"{""iterations"": 6, ""step"": 0.14}",27.27178725921972,0.8700721985939145,0.0018742230472468093,27.20424283968518,0.8886277656379342,0.0019036000872465755,-0.06754441953454204,0.018555567044019727,2.9377039999766222e-05,0.02326037548482418,1.5416757999992114
329__M_Right_thumb_finger.BMP,329,"M4 Directional Diffusion (iterations=6, step=0.14)",M4 Directional Diffusion,"{""iterations"": 6, ""step"": 0.14}",27.0467404622004,0.909762505359292,0.0019739036666828963,27.800455348390564,0.9235466017240583,0.001659412912453988,0.7537148861901635,0.013784096364766296,-0.00031449075422890823,0.021334044635295868,1.5102022999999463
500__M_Left_index_finger.BMP,500,"M4 Directional Diffusion (iterations=6, step=0.14)",M4 Directional Diffusion,"{""iterations"": 6, ""step"": 0.14}",27.22097697852984,0.8126579431100488,0.0018962792907501484,28.347571483000333,0.8465807140330076,0.0014629950331383264,1.1265945044704928,0.03392277092295881,-0.000433284257611822,0.015253165736794472,1.2965676999956486
500__M_Left_little_finger.BMP,500,"M4 Directional Diffusion (iterations=6, step=0.14)",M4 Directional Diffusion,"{""iterations"": 6, ""step"": 0.14}",27.393190376862407,0.8031483195633888,0.0018225563397227824,28.167366769339054,0.8327386760242581,0.0015249771034027667,0.7741763924766474,0.02959035646086927,-0.0002975792363200157,0.014910906553268433,1.3178999000010663
500__M_Left_middle_finger.BMP,500,"M4 Directional Diffusion (iterations=6, step=0.14)",M4 Directional Diffusion,"{""iterations"": 6, ""step"": 0.14}",27.140279470727975,0.8293306801019311,0.0019318439978642497,28.01385019407567,0.8583497698735595,0.001579846820925071,0.8735707233476937,0.02901908977162837,-0.00035199717693917875,0.016522880643606186,1.3315556000015931
500__M_Left_ring_finger.BMP,500,"M4 Directional Diffusion (iterations=6, step=0.14)",M4 Directional Diffusion,"{""iterations"": 6, ""step"": 0.14}",27.295580705283417,0.8248268218860626,0.0018639829240834243,27.52150985961956,0.8507129078534246,0.001769493672693183,0.2259291543361428,0.02588608596736197,-9.448925139024121e-05,0.01952163316309452,1.3116239000009955
500__M_Left_thumb_finger.BMP,500,"M4 Directional Diffusion (iterations=6, step=0.14)",M4 Directional Diffusion,"{""iterations"": 6, ""step"": 0.14}",26.95658644166975,0.8581379957226812,0.0020153076610392906,28.27432724671644,0.8857920448310376,0.0014878778391713863,1.3177408050466894,0.027654049108356338,-0.0005274298218679043,0.0166848786175251,1.2650365000008605
500__M_Right_index_finger.BMP,500,"M4 Directional Diffusion (iterations=6, step=0.14)",M4 Directional Diffusion,"{""iterations"": 6, ""step"": 0.14}",27.331157922060033,0.8369927438261509,0.0018487756300997896,27.60644201830464,0.8595962196622491,0.0017352250083274106,0.2752840962446079,0.02260347583609823,-0.00011355062177237905,0.019850967451930046,1.2966938000026857
500__M_Right_little_finger.BMP,500,"M4 Directional Diffusion (iterations=6, step=0.14)",M4 Directional Diffusion,"{""iterations"": 6, ""step"": 0.14}",27.37286064895845,0.8175403233197629,0.0018311078948542933,27.91957381014974,0.8453178347462714,0.0016145169878037512,0.5467131611912883,0.027777511426508528,-0.0002165909070505421,0.018047068268060684,1.254440099997737
500__M_Right_middle_finger.BMP,500,"M4 Directional Diffusion (iterations=6, step=0.14)",M4 Directional Diffusion,"{""iterations"": 6, ""step"": 0.14}",27.2916266852288,0.8575968000411391,0.001865680754078539,27.232004131648416,0.8753092888594269,0.0018914705633869245,-0.05962255358038249,0.017712488818287797,2.578980930838552e-05,0.022309163585305214,1.2644442999953753
500__M_Right_ring_finger.BMP,500,"M4 Directional Diffusion (iterations=6, step=0.14)",M4 Directional Diffusion,"{""iterations"": 6, ""step"": 0.14}",27.155657376306145,0.8889747540159821,0.001925015640166392,27.17067778334471,0.9057466596844196,0.0019183693262639504,0.01502040703856622,0.016771905668437448,-6.646313902441709e-06,0.024550173431634903,1.2797628000043915
500__M_Right_thumb_finger.BMP,500,"M4 Directional Diffusion (iterations=6, step=0.14)",M4 Directional Diffusion,"{""iterations"": 6, ""step"": 0.14}",27.303108432332884,0.8768635264593064,0.001860754837687004,27.941149097619284,0.8934773516762853,0.0016065161294665047,0.6380406652864004,0.01661382521697885,-0.00025423870822049934,0.0192901398986578,1.2716577000028337
546__M_Left_index_finger.BMP,546,"M4 Directional Diffusion (iterations=6, step=0.14)",M4 Directional Diffusion,"{""iterations"": 6, ""step"": 0.14}",27.17939859729466,0.8178055724727511,0.0019145210258810648,28.14638994305421,0.8468310389091969,0.001532360701631427,0.9669913457595491,0.029025466436445768,-0.00038216032424963787,0.01791824772953987,1.217887899998459
546__M_Left_little_finger.BMP,546,"M4 Directional Diffusion (iterations=6, step=0.14)",M4 Directional Diffusion,"{""iterations"": 6, ""step"": 0.14}",27.58377739293818,0.7815911141959428,0.0017443043373741387,28.325167372866172,0.8143360641620755,0.0014705617402943484,0.741389979927991,0.03274494996613264,-0.00027374259707979034,0.017386917024850845,1.2463843000005
546__M_Left_middle_finger.BMP,546,"M4 Directional Diffusion (iterations=6, step=0.14)",M4 Directional Diffusion,"{""iterations"": 6, ""step"": 0.14}",27.4038782178077,0.7900903055039644,0.001818076604447424,28.55801411516169,0.8249031462805271,0.0013937939930853047,1.1541358973539886,0.03481284077656266,-0.00042428261136211935,0.016226351261138916,1.254368699999759
546__M_Left_ring_finger.BMP,546,"M4 Directional Diffusion (iterations=6, step=0.14)",M4 Directional Diffusion,"{""iterations"": 6, ""step"": 0.14}",27.1960749589077,0.811261339558661,0.0019071836024613185,28.273596481418895,0.8431271587905884,0.001488128217893345,1.0775215225111943,0.03186581923192744,-0.0004190553845679734,0.01730371080338955,1.2642812999984017
546__M_Left_thumb_finger.BMP,546,"M4 Directional Diffusion (iterations=6, step=0.14)",M4 Directional Diffusion,"{""iterations"": 6, ""step"": 0.14}",27.021483915545907,0.8652175775358677,0.001985416416064281,27.240102127026795,0.8811507231962681,0.0018879469523369367,0.21861821148088723,0.015933145660400383,-9.746946372734427e-05,0.024340208619832993,1.246919599994726
546__M_Right_index_finger.BMP,546,"M4 Directional Diffusion (iterations=6, step=0.14)",M4 Directional Diffusion,"{""iterations"": 6, ""step"": 0.14}",28.061231288264025,0.7160751357330084,0.0015627045302793903,29.115895643266573,0.7499140864819288,0.0012257740858531564,1.0546643550025472,0.033838950748920404,-0.0003369304444262339,0.01062922552227974,1.235285800001293
546__M_Right_little_finger.BMP,546,"M4 Directional Diffusion (iterations=6, step=0.14)",M4 Directional Diffusion,"{""iterations"": 6, ""step"": 0.14}",27.63564668951084,0.7798252788092495,0.0017235954186269598,28.389001632924,0.8141660304700732,0.0014491049391454243,0.7533549434131608,0.03434075166082373,-0.0002744904794815355,0.016456177458167076,1.2870000000039
546__M_Right_middle_finger.BMP,546,"M4 Directional Diffusion (iterations=6, step=0.14)",M4 Directional Diffusion,"{""iterations"": 6, ""step"": 0.14}",27.055545225753267,0.8390291150278747,0.0019699058840555576,27.78599501471339,0.8670080316218733,0.0016649473269949784,0.7304497889601222,0.02797891659399865,-0.00030495855706057923,0.019778478890657425,1.2413319000042975
546__M_Right_ring_finger.BMP,546,"M4 Directional Diffusion (iterations=6, step=0.14)",M4 Directional Diffusion,"{""iterations"": 6, ""step"": 0.14}",27.41220324434771,0.8016949292868972,0.0018145948566559466,28.835207004560687,0.8363882817307114,0.0013076132106244302,1.4230037602129748,0.03469335244381422,-0.0005069816460315164,0.015842869877815247,1.299122600001283
546__M_Right_thumb_finger.BMP,546,"M4 Directional Diffusion (iterations=6, step=0.14)",M4 Directional Diffusion,"{""iterations"": 6, ""step"": 0.14}",27.25553281696742,0.9009375226513148,0.0018812508895890972,27.254303536732117,0.9123808259225488,0.0018817834572257088,-0.0012292802353037757,0.011443303271233995,5.325676366116795e-07,0.024865703657269478,1.2473288000037428
339__M_Left_index_finger.BMP,339,"M4 Directional Diffusion (iterations=6, step=0.14)",M4 Directional Diffusion,"{""iterations"": 6, ""step"": 0.14}",27.168168273784936,0.9018743955249489,0.001919478149316312,26.840531243929753,0.9107806194089652,0.0020698881374767732,-0.3276370298551825,0.008906223884016296,0.00015040998816046123,0.024625347927212715,1.2514487000007648
339__M_Left_little_finger.BMP,339,"M4 Directional Diffusion (iterations=6, step=0.14)",M4 Directional Diffusion,"{""iterations"": 6, ""step"": 0.14}",27.38284470479606,0.8433663844787479,0.0018269031706211621,27.233411352293576,0.8636091825777888,0.0018908577798141947,-0.14943335250248424,0.02024279809904095,6.395460919303257e-05,0.019946938380599022,1.2720241999995778
339__M_Left_middle_finger.BMP,339,"M4 Directional Diffusion (iterations=6, step=0.14)",M4 Directional Diffusion,"{""iterations"": 6, ""step"": 0.14}",26.873471350702367,0.9168854509427845,0.0020542479626780162,26.81164070676858,0.9252547956131101,0.0020837035389098114,-0.061830643933788565,0.008369344670325574,2.9455576231795198e-05,0.024028640240430832,1.2851345000017318
339__M_Left_ring_finger.BMP,339,"M4 Directional Diffusion (iterations=6, step=0.14)",M4 Directional Diffusion,"{""iterations"": 6, ""step"": 0.14}",27.249917444994132,0.8514360282585621,0.0018836848961017005,27.592522202345243,0.8722598335499168,0.001740795597835555,0.3426047573511113,0.020823805291354636,-0.0001428892982661455,0.018399029970169067,1.2663697000025422
339__M_Left_thumb_finger.BMP,339,"M4 Directional Diffusion (iterations=6, step=0.14)",M4 Directional Diffusion,"{""iterations"": 6, ""step"": 0.14}",27.26277479330367,0.8888812686822712,0.0018781164676396895,27.9987999621021,0.90456737151891,0.0015853311889746406,0.7360251687984309,0.015686102836638738,-0.000292785278665049,0.018702713772654533,1.326490699997521
339__M_Right_index_finger.BMP,339,"M4 Directional Diffusion (iterations=6, step=0.14)",M4 Directional Diffusion,"{""iterations"": 6, ""step"": 0.14}",27.13878511628046,0.8817343702910244,0.0019325088362432837,27.397334346846563,0.8980089014365077,0.00182081811440994,0.25854923056610346,0.016274531145483273,-0.00011169072183334376,0.019440297037363052,1.3633746999985306
339__M_Right_little_finger.BMP,339,"M4 Directional Diffusion (iterations=6, step=0.14)",M4 Directional Diffusion,"{""iterations"": 6, ""step"": 0.14}",27.55192668038311,0.8072073154693842,0.001757143911266478,27.688467409189577,0.832246990596354,0.0017027592926433593,0.13654072880646595,0.025039675126969807,-5.4384618623118646e-05,0.015746276825666428,1.4148663000014494
339__M_Right_middle_finger.BMP,339,"M4 Directional Diffusion (iterations=6, step=0.14)",M4 Directional Diffusion,"{""iterations"": 6, ""step"": 0.14}",26.929466550812975,0.9228188951424956,0.002027931797549491,27.32120024155408,0.9325963864303232,0.00185301944138541,0.39173369074110553,0.009777491287827567,-0.00017491235616408102,0.023416755720973015,1.384563799998432
339__M_Right_ring_finger.BMP,339,"M4 Directional Diffusion (iterations=6, step=0.14)",M4 Directional Diffusion,"{""iterations"": 6, ""step"": 0.14}",27.038256510915005,0.8957082019684315,0.001977763460225771,27.595978203879078,0.9103597971138359,0.001739410869413328,0.5577216929640727,0.014651595145404372,-0.00023835259081244307,0.02049734815955162,1.3549148000020068
339__M_Right_thumb_finger.BMP,339,"M4 Directional Diffusion (iterations=6, step=0.14)",M4 Directional Diffusion,"{""iterations"": 6, ""step"": 0.14}",27.11046778040246,0.9044235747672915,0.001945150557358994,28.25658300087379,0.9206638059593439,0.001493969392131093,1.14611522047133,0.016240231192052423,-0.00045118116522790096,0.018603019416332245,1.3580680000013672
82__M_Left_index_finger.BMP,82,"M4 Directional Diffusion (iterations=6, step=0.14)",M4 Directional Diffusion,"{""iterations"": 6, ""step"": 0.14}",27.407533077197563,0.8338205388668776,0.0018165472230260648,26.974904023381946,0.857298630815059,0.002006825439232481,-0.4326290538156172,0.0234780919481814,0.00019027821620641616,0.02403697371482849,1.3775919000036083
82__M_Left_little_finger.BMP,82,"M4 Directional Diffusion (iterations=6, step=0.14)",M4 Directional Diffusion,"{""iterations"": 6, ""step"": 0.14}",27.69229082988279,0.7763772368124128,0.0017012608853540223,27.384230453878903,0.8036491230959296,0.0018263203344017873,-0.3080603760038869,0.027271886283516844,0.00012505944904776497,0.018748397007584572,1.3310617999959504
82__M_Left_middle_finger.BMP,82,"M4 Directional Diffusion (iterations=6, step=0.14)",M4 Directional Diffusion,"{""iterations"": 6, ""step"": 0.14}",27.880716384195686,0.7725335403455496,0.001629027296628847,27.294133517089648,0.8005461538531184,0.0018646041577600192,-0.5865828671060385,0.028012613507568895,0.00023557686113117216,0.018433688208460808,1.2838325999982771
82__M_Left_ring_finger.BMP,82,"M4 Directional Diffusion (iterations=6, step=0.14)",M4 Directional Diffusion,"{""iterations"": 6, ""step"": 0.14}",27.892192977055572,0.7594045024935603,0.0016247281394634915,27.71184327517798,0.7894008565616012,0.0016936188255904832,-0.18034970187759214,0.02999635406804091,6.889068612699165e-05,0.017590990290045738,1.312294399998791
82__M_Left_thumb_finger.BMP,82,"M4 Directional Diffusion (iterations=6, step=0.14)",M4 Directional Diffusion,"{""iterations"": 6, ""step"": 0.14}",27.27279496261675,0.8799613435319364,0.0018737882174453759,26.341505081170435,0.8942320093487203,0.002321931973393705,-0.9312898814463146,0.014270665816783823,0.0004481437559483289,0.027997251600027084,1.2373262999972212
82__M_Right_index_finger.BMP,82,"M4 Directional Diffusion (iterations=6, step=0.14)",M4 Directional Diffusion,"{""iterations"": 6, ""step"": 0.14}",27.377923386348108,0.8815812092620731,0.00182897454583705,27.205093694877508,0.8956467157501579,0.001903227176828812,-0.1728296914706,0.0140655064880848,7.425263099176201e-05,0.024176979437470436,1.2672953000001144
82__M_Right_little_finger.BMP,82,"M4 Directional Diffusion (iterations=6, step=0.14)",M4 Directional Diffusion,"{""iterations"": 6, ""step"": 0.14}",27.508672695264686,0.8410461886511446,0.001774731797242011,26.56789750484673,0.8654161050877571,0.002203993196275925,-0.9407751904179555,0.02436991643661257,0.0004292613990339142,0.026212068274617195,1.2795781999957399
82__M_Right_middle_finger.BMP,82,"M4 Directional Diffusion (iterations=6, step=0.14)",M4 Directional Diffusion,"{""iterations"": 6, ""step"": 0.14}",27.57387435613134,0.8563310876093507,0.0017482863404259983,27.213781518073105,0.8728912311218977,0.0018994236807351969,-0.360092838058236,0.016560143512546976,0.00015113734030919855,0.022507745772600174,1.2755467999959365
82__M_Right_ring_finger.BMP,82,"M4 Directional Diffusion (iterations=6, step=0.14)",M4 Directional Diffusion,"{""iterations"": 6, ""step"": 0.14}",27.29889436135744,0.8531962656697631,0.0018625612521925405,26.546395110085278,0.8725263833515048,0.002214932466042369,-0.7524992512721624,0.019330117681741643,0.00035237121384982845,0.025036174803972244,1.2470566999982111
82__M_Right_thumb_finger.BMP,82,"M4 Directional Diffusion (iterations=6, step=0.14)",M4 Directional Diffusion,"{""iterations"": 6, ""step"": 0.14}",27.376577421841297,0.8896566295321285,0.001829541469073406,27.283112553957913,0.9033872150189877,0.0018693419176976096,-0.09346486788338382,0.013730585486859126,3.980044862420353e-05,0.024434920400381088,1.2208858000012697
233__M_Left_index_finger.BMP,233,"M4 Directional Diffusion (iterations=6, step=0.14)",M4 Directional Diffusion,"{""iterations"": 6, ""step"": 0.14}",27.231448446651516,0.881167633240223,0.0018917125947972063,25.40551328768272,0.888003656971991,0.0028803726017122893,-1.8259351589687967,0.0068360237317680594,0.000988660006915083,0.031754087656736374,1.3555030999996234
233__M_Left_little_finger.BMP,233,"M4 Directional Diffusion (iterations=6, step=0.14)",M4 Directional Diffusion,"{""iterations"": 6, ""step"": 0.14}",27.517264572307603,0.8166662105587423,0.0017712242223760113,26.97644205028928,0.8372767496222854,0.0020061148603107,-0.540822522018324,0.020610539063543043,0.00023489063793468877,0.022196471691131592,1.3918644999939715
233__M_Left_middle_finger.BMP,233,"M4 Directional Diffusion (iterations=6, step=0.14)",M4 Directional Diffusion,"{""iterations"": 6, ""step"": 0.14}",27.06610764982347,0.8987743058198094,0.00196512072088019,25.83821120771165,0.9045568713065386,0.0026072272057266147,-1.2278964421118168,0.005782565486729174,0.0006421064848464247,0.0307172704488039,1.3858277000035741
233__M_Left_ring_finger.BMP,233,"M4 Directional Diffusion (iterations=6, step=0.14)",M4 Directional Diffusion,"{""iterations"": 6, ""step"": 0.14}",27.21594022648782,0.8684191310635209,0.0018984797859420758,26.172792209765,0.8812370842685103,0.002413908361189552,-1.0431480167228209,0.012817953204989463,0.0005154285752474762,0.02892562560737133,1.4053524999981164
233__M_Left_thumb_finger.BMP,233,"M4 Directional Diffusion (iterations=6, step=0.14)",M4 Directional Diffusion,"{""iterations"": 6, ""step"": 0.14}",27.225324345100958,0.8898841066287756,0.0018943820305245258,26.74658339673463,0.9028644923203587,0.002115152380028623,-0.47874094836632963,0.012980385691583107,0.00022077034950409723,0.02734648436307907,1.4105393999998341
233__M_Right_index_finger.BMP,233,"M4 Directional Diffusion (iterations=6, step=0.14)",M4 Directional Diffusion,"{""iterations"": 6, ""step"": 0.14}",27.50662691038512,0.8214849174355269,0.0017755679982309547,28.059338458033153,0.8446178100238443,0.001563385768284298,0.552711547648034,0.02313289258831741,-0.00021218222994665676,0.019446033984422684,1.3796916999999667
233__M_Right_little_finger.BMP,233,"M4 Directional Diffusion (iterations=6, step=0.14)",M4 Directional Diffusion,"{""iterations"": 6, ""step"": 0.14}",27.51716208580386,0.8188212123342753,0.0017712660209084244,26.80904717558795,0.8419757591154575,0.0020849482620822505,-0.7081149102159117,0.023154546781182228,0.00031368224117382616,0.02351190894842148,1.3958600999976625
233__M_Right_middle_finger.BMP,233,"M4 Directional Diffusion (iterations=6, step=0.14)",M4 Directional Diffusion,"{""iterations"": 6, ""step"": 0.14}",27.58550540080451,0.8223692128821611,0.001743610436767703,27.734288876047998,0.8450906847525239,0.0016848882917414533,0.14878347524348712,0.022721471870362775,-5.8722145026249674e-05,0.019525304436683655,1.4006444000042393
233__M_Right_ring_finger.BMP,233,"M4 Directional Diffusion (iterations=6, step=0.14)",M4 Directional Diffusion,"{""iterations"": 6, ""step"": 0.14}",27.32663857679203,0.8532075932916999,0.0018507005001051732,26.47067011682029,0.8681901523665786,0.002253891409650024,-0.8559684599717379,0.014982559074878665,0.0004031909095448508,0.026678472757339478,1.2991856000007829
233__M_Right_thumb_finger.BMP,233,"M4 Directional Diffusion (iterations=6, step=0.14)",M4 Directional Diffusion,"{""iterations"": 6, ""step"": 0.14}",27.358350027517254,0.8703843627896904,0.0018372362139300598,27.566352994087847,0.8873629140540957,0.0017513167467914164,0.20800296657059292,0.016978551264405284,-8.591946713864336e-05,0.023080743849277496,1.379233599996951
384__F_Left_index_finger.BMP,384,"M4 Directional Diffusion (iterations=6, step=0.14)",M4 Directional Diffusion,"{""iterations"": 6, ""step"": 0.14}",27.585880267422205,0.7939810056756735,0.0017434599413858843,27.738431974942298,0.8215414897634983,0.0016832817021000417,0.15255170752009306,0.027560484087824744,-6.0178239285842584e-05,0.01745164766907692,1.3424224999980652
384__F_Left_little_finger.BMP,384,"M4 Directional Diffusion (iterations=6, step=0.14)",M4 Directional Diffusion,"{""iterations"": 6, ""step"": 0.14}",27.73487095126321,0.7763853534689545,0.0016846624850512509,27.947276484286064,0.8046183852876425,0.0016042511215053155,0.21240553302285292,0.02823303181868797,-8.04113635459354e-05,0.015199689194560051,1.3207674000004772
384__F_Left_middle_finger.BMP,384,"M4 Directional Diffusion (iterations=6, step=0.14)",M4 Directional Diffusion,"{""iterations"": 6, ""step"": 0.14}",27.118571655332776,0.8717084888616204,0.0019415243176466404,26.60464950700583,0.8869642778750658,0.0021854206847151045,-0.5139221483269445,0.015255789013445376,0.00024389636706846412,0.02522467076778412,1.3836521000048378
384__F_Left_ring_finger.BMP,384,"M4 Directional Diffusion (iterations=6, step=0.14)",M4 Directional Diffusion,"{""iterations"": 6, ""step"": 0.14}",27.285154102190788,0.8293552509646416,0.0018684633767569378,27.02700221821338,0.8511254875322283,0.001982895276265899,-0.2581518839774084,0.021770236567586698,0.00011443189950896136,0.020956605672836304,1.3365558000004967
384__F_Left_thumb_finger.BMP,384,"M4 Directional Diffusion (iterations=6, step=0.14)",M4 Directional Diffusion,"{""iterations"": 6, ""step"": 0.14}",27.318048246885297,0.8491703983755707,0.0018543648021192723,27.4449807689278,0.8687974350714087,0.0018009511092483199,0.12693252204250172,0.019627036695837985,-5.341369287095244e-05,0.021329177543520927,1.3083849999966333
384__F_Right_index_finger.BMP,384,"M4 Directional Diffusion (iterations=6, step=0.14)",M4 Directional Diffusion,"{""iterations"": 6, ""step"": 0.14}",27.486196197178927,0.8517396650123894,0.0017839405619474507,27.58763472469649,0.8703290044464469,0.0017427557629224428,0.101438527517562,0.018589339434057495,-4.118479902500793e-05,0.020609917119145393,1.3183438000050955
384__F_Right_little_finger.BMP,384,"M4 Directional Diffusion (iterations=6, step=0.14)",M4 Directional Diffusion,"{""iterations"": 6, ""step"": 0.14}",28.013672442708103,0.7328998680624962,0.001579911483427486,27.920376473264312,0.766962685649991,0.001614218620327308,-0.09329596944379048,0.034062817587494854,3.4307136899821905e-05,0.014472358860075474,1.347009800003434
384__F_Right_middle_finger.BMP,384,"M4 Directional Diffusion (iterations=6, step=0.14)",M4 Directional Diffusion,"{""iterations"": 6, ""step"": 0.14}",27.627489404881164,0.8129671659176647,0.0017268358629518306,27.566085635969152,0.8366008410825729,0.0017514245637642067,-0.061403768912011714,0.02363367516490822,2.4588700812376097e-05,0.01954038068652153,1.3316437000030419
384__F_Right_ring_finger.BMP,384,"M4 Directional Diffusion (iterations=6, step=0.14)",M4 Directional Diffusion,"{""iterations"": 6, ""step"": 0.14}",27.74839173628873,0.7761508576027751,0.0016794258219157423,27.42146585773623,0.8041114074789286,0.0018107288210159967,-0.3269258785525011,0.027960549876153484,0.00013130299910025438,0.019369661808013916,1.3348435000007157
384__F_Right_thumb_finger.BMP,384,"M4 Directional Diffusion (iterations=6, step=0.14)",M4 Directional Diffusion,"{""iterations"": 6, ""step"": 0.14}",27.15122576087472,0.8853496424844265,0.0019269809617181043,27.8657672711218,0.9025671107196808,0.0016346443318515295,0.7145415102470807,0.017217468235254274,-0.0002923366298665747,0.02103096805512905,1.3114846999960719
218__M_Left_index_finger.BMP,218,"M4 Directional Diffusion (iterations=6, step=0.14)",M4 Directional Diffusion,"{""iterations"": 6, ""step"": 0.14}",26.95555240343883,0.8582802163401246,0.002015787555065108,27.97172556231096,0.8846057402053475,0.0015952451898595729,1.0161731588721317,0.02632552386522291,-0.00042054236520553496,0.021611947566270828,1.3135366999995313
218__M_Left_little_finger.BMP,218,"M4 Directional Diffusion (iterations=6, step=0.14)",M4 Directional Diffusion,"{""iterations"": 6, ""step"": 0.14}",27.522404178182647,0.7467122343437076,0.0017691293281806295,28.761702199557696,0.7861154613826871,0.0013299330539602691,1.239298021375049,0.03940322703897947,-0.0004391962742203604,0.013800070621073246,1.3702989000012167
218__M_Left_middle_finger.BMP,218,"M4 Directional Diffusion (iterations=6, step=0.14)",M4 Directional Diffusion,"{""iterations"": 6, ""step"": 0.14}",26.89328640320218,0.8228105702443123,0.002044896632206302,28.138325417729995,0.8560539535069466,0.0015352088249732353,1.2450390145278156,0.03324338326263432,-0.0005096878072330668,0.01738624833524227,1.376876899994386
218__M_Left_ring_finger.BMP,218,"M4 Directional Diffusion (iterations=6, step=0.14)",M4 Directional Diffusion,"{""iterations"": 6, ""step"": 0.14}",27.126296343694097,0.7792105915739537,0.0019380740458066112,28.762891110308342,0.8206255346662105,0.0013295690255503182,1.6365947666142446,0.041414943092256795,-0.000608505020256293,0.014530637301504612,1.3645816999996896
218__M_Left_thumb_finger.BMP,218,"M4 Directional Diffusion (iterations=6, step=0.14)",M4 Directional Diffusion,"{""iterations"": 6, ""step"": 0.14}",26.789339122859307,0.8764949646649957,0.002094431146604478,27.172631408852567,0.8939339888141156,0.001917506563188606,0.38329228599326015,0.01743902414911991,-0.000176924583415872,0.024290822446346283,1.3255069000006188
218__M_Right_index_finger.BMP,218,"M4 Directional Diffusion (iterations=6, step=0.14)",M4 Directional Diffusion,"{""iterations"": 6, ""step"": 0.14}",27.474097601586816,0.8698191221582293,0.00178891720049819,26.645193425254263,0.8823675941144228,0.0021651134477476243,-0.8289041763325535,0.012548471956193463,0.00037619624724943433,0.025437574833631516,1.3106511000005412
218__M_Right_little_finger.BMP,218,"M4 Directional Diffusion (iterations=6, step=0.14)",M4 Directional Diffusion,"{""iterations"": 6, ""step"": 0.14}",27.443423655111545,0.7658184392821192,0.001801596935698824,28.414475840842105,0.8017298750188947,0.0014406298724080177,0.9710521857305601,0.035911435736775466,-0.0003609670632908062,0.015329052694141865,1.305635800003074
218__M_Right_middle_finger.BMP,218,"M4 Directional Diffusion (iterations=6, step=0.14)",M4 Directional Diffusion,"{""iterations"": 6, ""step"": 0.14}",27.217295792036982,0.8971402516595721,0.0018978873049628026,26.779030144244796,0.9064613149103522,0.0020994086660575642,-0.4382656477921856,0.009321063250780082,0.0002015213610947616,0.025928189978003502,1.3148067000001902
218__M_Right_ring_finger.BMP,218,"M4 Directional Diffusion (iterations=6, step=0.14)",M4 Directional Diffusion,"{""iterations"": 6, ""step"": 0.14}",26.95709928583952,0.8327536396930217,0.002015069693990176,27.98261821869476,0.8618942750633956,0.001591249126024704,1.0255189328552419,0.029140635370373813,-0.00042382056796547206,0.019545583054423332,1.304636799999571
218__M_Right_thumb_finger.BMP,218,"M4 Directional Diffusion (iterations=6, step=0.14)",M4 Directional Diffusion,"{""iterations"": 6, ""step"": 0.14}",27.637037325791376,0.799559909917891,0.0017230436016656254,28.115243358926335,0.810885104619801,0.0015433899363307825,0.4782060331349598,0.011325194701909957,-0.00017965366533484288,0.016680564731359482,1.336241599994537
388__F_Left_index_finger.BMP,388,"M4 Directional Diffusion (iterations=6, step=0.14)",M4 Directional Diffusion,"{""iterations"": 6, ""step"": 0.14}",27.434830134381247,0.7567465921532214,0.001805165341190282,28.638454262201343,0.7974802276015281,0.0013682157132976706,1.2036241278200954,0.04073363544830677,-0.00043694962789261145,0.01285344734787941,1.3294378999999026
388__F_Left_little_finger.BMP,388,"M4 Directional Diffusion (iterations=6, step=0.14)",M4 Directional Diffusion,"{""iterations"": 6, ""step"": 0.14}",27.98442957887024,0.6975278495342135,0.001590585584483631,29.120345585913388,0.7469582262313366,0.0012245187554135672,1.1359160070431464,0.049430376697123024,-0.00036606682907006386,0.009939047507941723,1.3147020999967935
388__F_Left_middle_finger.BMP,388,"M4 Directional Diffusion (iterations=6, step=0.14)",M4 Directional Diffusion,"{""iterations"": 6, ""step"": 0.14}",27.399794303652847,0.7921330856817365,0.0018197870477510971,28.51965156061221,0.8270521163332463,0.0014061603374427615,1.1198572569593637,0.03491903065150981,-0.00041362671030833564,0.015130186453461647,1.2941263000029721
388__F_Left_ring_finger.BMP,388,"M4 Directional Diffusion (iterations=6, step=0.14)",M4 Directional Diffusion,"{""iterations"": 6, ""step"": 0.14}",27.437567115393712,0.7653816156967879,0.0018040280606242424,28.630124306735468,0.80287991329211,0.0013708425284113487,1.1925571913417556,0.03749829759532208,-0.00043318553221289376,0.012909965589642525,1.3599420999962604
388__F_Left_thumb_finger.BMP,388,"M4 Directional Diffusion (iterations=6, step=0.14)",M4 Directional Diffusion,"{""iterations"": 6, ""step"": 0.14}",27.17949176016525,0.8447717253379226,0.0019144799568901047,28.150993965647825,0.8717086597440838,0.001530737083248634,0.9715022054825759,0.026936934406161295,-0.00038374287364147065,0.016318412497639656,1.3164872999986983
388__F_Right_index_finger.BMP,388,"M4 Directional Diffusion (iterations=6, step=0.14)",M4 Directional Diffusion,"{""iterations"": 6, ""step"": 0.14}",27.61372773170838,0.80119189695701,0.0017323164395644335,28.27545169423477,0.8318159693714976,0.0014874926572163408,0.6617239625263913,0.030624072414487613,-0.0002448237823480927,0.015703832730650902,1.357839000003878
388__F_Right_little_finger.BMP,388,"M4 Directional Diffusion (iterations=6, step=0.14)",M4 Directional Diffusion,"{""iterations"": 6, ""step"": 0.14}",28.04488920137958,0.723980187090516,0.0015685959156988764,28.826148401221936,0.7638623348502517,0.0013103435035272564,0.7812591998423564,0.03988214775973564,-0.00025825241217162,0.012158737517893314,1.3445179000045755
388__F_Right_middle_finger.BMP,388,"M4 Directional Diffusion (iterations=6, step=0.14)",M4 Directional Diffusion,"{""iterations"": 6, ""step"": 0.14}",27.313102645720537,0.8297754257121086,0.0018564776939187433,27.79778008301731,0.8557738171039224,0.0016604354300548795,0.48467743729677437,0.025998391391813813,-0.0001960422638638637,0.019128751009702682,1.3902109999980894
388__F_Right_ring_finger.BMP,388,"M4 Directional Diffusion (iterations=6, step=0.14)",M4 Directional Diffusion,"{""iterations"": 6, ""step"": 0.14}",27.716038896253863,0.7575584495838285,0.0016919834487040936,28.458570291582372,0.7925391707320213,0.0014260769844854227,0.7425313953285091,0.03498072114819284,-0.0002659064642186709,0.014208901673555374,1.3794717999990098
388__F_Right_thumb_finger.BMP,388,"M4 Directional Diffusion (iterations=6, step=0.14)",M4 Directional Diffusion,"{""iterations"": 6, ""step"": 0.14}",27.55911536979275,0.8019520732866228,0.0017542377925203654,28.432313790126088,0.8319764429652691,0.0014347248515328213,0.8731984203333383,0.0300243696786463,-0.00031951294098754406,0.01473368052393198,1.3580060000022058
360__M_Left_index_finger.BMP,360,"M4 Directional Diffusion (iterations=6, step=0.14)",M4 Directional Diffusion,"{""iterations"": 6, ""step"": 0.14}",27.165084363827205,0.8898551899549961,0.0019208416481011192,26.53919117851792,0.8995653155564666,0.0022186095707998504,-0.625893185309284,0.009710125601470443,0.0002977679226987312,0.02716170996427536,1.357491700000537
360__M_Left_little_finger.BMP,360,"M4 Directional Diffusion (iterations=6, step=0.14)",M4 Directional Diffusion,"{""iterations"": 6, ""step"": 0.14}",27.399325172695054,0.8119907206172347,0.0018199836343041967,27.544372455906863,0.836099818877697,0.0017602029901244577,0.14504728321180949,0.02410909826046237,-5.978064417973901e-05,0.019661542028188705,1.3440860999980941
360__M_Left_middle_finger.BMP,360,"M4 Directional Diffusion (iterations=6, step=0.14)",M4 Directional Diffusion,"{""iterations"": 6, ""step"": 0.14}",27.08551766612191,0.8791890184856653,0.0019563575620263644,26.96506566318289,0.8934223769886493,0.002011376786946385,-0.12045200293901814,0.014233358502984017,5.5019224920020444e-05,0.024754628539085388,1.3245595000043977
360__M_Left_ring_finger.BMP,360,"M4 Directional Diffusion (iterations=6, step=0.14)",M4 Directional Diffusion,"{""iterations"": 6, ""step"": 0.14}",27.091988943418762,0.8734895505541563,0.0019534446296117437,26.856059301697357,0.8860201954219341,0.0020625005347860996,-0.2359296417214054,0.012530644867777774,0.00010905590517435587,0.024944650009274483,1.3010565000004135
360__M_Left_thumb_finger.BMP,360,"M4 Directional Diffusion (iterations=6, step=0.14)",M4 Directional Diffusion,"{""iterations"": 6, ""step"": 0.14}",27.026290934916474,0.9165627529365719,0.001983220059529698,25.328246690997766,0.919284583756268,0.00293207672769393,-1.6980442439187087,0.002721830819696125,0.0009488566681642319,0.03563101589679718,1.3056574000002001
360__M_Right_index_finger.BMP,360,"M4 Directional Diffusion (iterations=6, step=0.14)",M4 Directional Diffusion,"{""iterations"": 6, ""step"": 0.14}",27.08561337748189,0.8906102343575955,0.0019563144475988514,26.892751327205204,0.9044644206834137,0.0020451485908557707,-0.19286205027668757,0.013854186325818252,8.883414325691922e-05,0.025969503447413445,1.2687824000022374
360__M_Right_little_finger.BMP,360,"M4 Directional Diffusion (iterations=6, step=0.14)",M4 Directional Diffusion,"{""iterations"": 6, ""step"": 0.14}",27.463896775058526,0.8475569175820946,0.001793123996300255,26.809753984116398,0.8658074826127291,0.0020846089671192995,-0.654142790942128,0.01825056503063449,0.00029148497081904457,0.024136818945407867,1.2160026999990805
360__M_Right_middle_finger.BMP,360,"M4 Directional Diffusion (iterations=6, step=0.14)",M4 Directional Diffusion,"{""iterations"": 6, ""step"": 0.14}",27.148777613505686,0.8873132509153784,0.0019280675201412143,27.13117975676163,0.8997806072101593,0.0019358960082330148,-0.01759785674405734,0.012467356294780907,7.828488091800572e-06,0.025227626785635948,1.1946270999978879
360__M_Right_ring_finger.BMP,360,"M4 Directional Diffusion (iterations=6, step=0.14)",M4 Directional Diffusion,"{""iterations"": 6, ""step"": 0.14}",27.17668080215109,0.885943676270783,0.0019157194994044895,26.716973039582076,0.8956327905494571,0.0021296228405869376,-0.459707762569014,0.009689114278674138,0.00021390334118244806,0.026449672877788544,1.0179251000008662
360__M_Right_thumb_finger.BMP,360,"M4 Directional Diffusion (iterations=6, step=0.14)",M4 Directional Diffusion,"{""iterations"": 6, ""step"": 0.14}",27.111307542512527,0.9121589699819982,0.0019447744747953257,28.289887473681983,0.9279561397724152,0.0014825564978980558,1.1785799311694554,0.01579716979041701,-0.0004622179768972699,0.021969566121697426,0.8878014000001713
380__M_Left_index_finger.BMP,380,"M4 Directional Diffusion (iterations=4, step=0.22)",M4 Directional Diffusion,"{""iterations"": 4, ""step"": 0.22}",27.39224514157606,0.8241426620333194,0.001822953059489075,27.33572466787726,0.8484747767906189,0.0018468326049638792,-0.05652047369880009,0.02433211475729946,2.3879545474804302e-05,0.021820148453116417,1.7212074999988545
380__M_Left_little_finger.BMP,380,"M4 Directional Diffusion (iterations=4, step=0.22)",M4 Directional Diffusion,"{""iterations"": 4, ""step"": 0.22}",27.71736251270148,0.7666588592921495,0.0016914678547986946,28.00439960419141,0.7997363805208206,0.0015832884352563585,0.2870370914899283,0.033077521228671136,-0.00010817941954233612,0.017560066655278206,1.8661687999992864
380__M_Left_middle_finger.BMP,380,"M4 Directional Diffusion (iterations=4, step=0.22)",M4 Directional Diffusion,"{""iterations"": 4, ""step"": 0.22}",27.121060618568507,0.8799680408276915,0.0019404119392070196,25.94891582190813,0.8904886605896354,0.002541607116288334,-1.1721447966603762,0.01052061976194385,0.0006011951770813144,0.029984664171934128,1.8532107999999425
380__M_Left_ring_finger.BMP,380,"M4 Directional Diffusion (iterations=4, step=0.22)",M4 Directional Diffusion,"{""iterations"": 4, ""step"": 0.22}",27.285753289932494,0.8393499275820852,0.0018682056062418646,26.558206083689058,0.8578721561428309,0.002208916969773488,-0.727547206243436,0.0185222285607457,0.0003407113635316235,0.024773720651865005,1.8618073999969056
380__M_Left_thumb_finger.BMP,380,"M4 Directional Diffusion (iterations=4, step=0.22)",M4 Directional Diffusion,"{""iterations"": 4, ""step"": 0.22}",26.99028703291933,0.9075991768866778,0.001999729699585501,27.534666354602408,0.9218550327792764,0.0017641412888814952,0.5443793216830777,0.01425585589259859,-0.00023558841070400586,0.022784683853387833,1.844759999999951
380__M_Right_index_finger.BMP,380,"M4 Directional Diffusion (iterations=4, step=0.22)",M4 Directional Diffusion,"{""iterations"": 4, ""step"": 0.22}",27.368707254437247,0.8433519870930314,0.0018328599206484284,27.714777001301364,0.8664551955290437,0.0016924751463154972,0.3460697468641172,0.023103208436012324,-0.00014038477433293123,0.02175675891339779,1.8386549999995623
380__M_Right_little_finger.BMP,380,"M4 Directional Diffusion (iterations=4, step=0.22)",M4 Directional Diffusion,"{""iterations"": 4, ""step"": 0.22}",27.631904571796152,0.757674889871031,0.0017250812023077028,27.999007993026783,0.7918991553993225,0.0015852552520175226,0.367103421230631,0.0342242655282915,-0.0001398259502901802,0.01658712700009346,1.8225814999968861
380__M_Right_middle_finger.BMP,380,"M4 Directional Diffusion (iterations=4, step=0.22)",M4 Directional Diffusion,"{""iterations"": 4, ""step"": 0.22}",27.17154990964595,0.8700292221297026,0.0019179841285608963,27.605746846949263,0.8915672749547958,0.0017355027864987493,0.4341969373033123,0.021538052825093246,-0.00018248134206214702,0.02314998209476471,1.7550694000019575
380__M_Right_ring_finger.BMP,380,"M4 Directional Diffusion (iterations=4, step=0.22)",M4 Directional Diffusion,"{""iterations"": 4, ""step"": 0.22}",27.430048920692375,0.7953303607811034,0.0018071537693830535,28.113428203459144,0.8266211809766889,0.001544035138682689,0.6833792827667686,0.03129082019558549,-0.00026311863070036445,0.017501480877399445,0.9758125000007567
380__M_Right_thumb_finger.BMP,380,"M4 Directional Diffusion (iterations=4, step=0.22)",M4 Directional Diffusion,"{""iterations"": 4, ""step"": 0.22}",27.05838210736847,0.8953427772864699,0.001968619529933384,28.12362658894611,0.9140296844627261,0.0015404135887904843,1.0652444815776398,0.018686907176256207,-0.0004282059411428998,0.02232242189347744,0.9777677000020049
600__M_Left_index_finger.BMP,600,"M4 Directional Diffusion (iterations=4, step=0.22)",M4 Directional Diffusion,"{""iterations"": 4, ""step"": 0.22}",27.35319272178306,0.8397514104789794,0.001839419252730077,27.398530842674475,0.8586558102034032,0.0018203165420230855,0.0453381208914152,0.018904399724423815,-1.910271070699153e-05,0.02174600213766098,0.9209281999937957
600__M_Left_little_finger.BMP,600,"M4 Directional Diffusion (iterations=4, step=0.22)",M4 Directional Diffusion,"{""iterations"": 4, ""step"": 0.22}",27.75017516117653,0.7569456012638808,0.001678736309374416,28.09249845346855,0.7882859463989734,0.0015514941938081222,0.3423232922920221,0.03134034513509265,-0.0001272421155662938,0.015901776030659676,1.042541099996015
600__M_Left_middle_finger.BMP,600,"M4 Directional Diffusion (iterations=4, step=0.22)",M4 Directional Diffusion,"{""iterations"": 4, ""step"": 0.22}",27.44947810926937,0.8171206154738665,0.0017990870980429466,28.03217950388479,0.843105716876477,0.001573193160415833,0.5827013946154196,0.025985101402610455,-0.00022589393762711355,0.019635889679193497,1.046677999998792
600__M_Left_ring_finger.BMP,600,"M4 Directional Diffusion (iterations=4, step=0.22)",M4 Directional Diffusion,"{""iterations"": 4, ""step"": 0.22}",27.310341456038962,0.8390093911606371,0.001857658394379474,27.403845094895992,0.8585465072006583,0.0018180904706656255,0.09350363885702961,0.019537116040021174,-3.9567923713848584e-05,0.02151484414935112,1.0575954999949317
600__M_Left_thumb_finger.BMP,600,"M4 Directional Diffusion (iterations=4, step=0.22)",M4 Directional Diffusion,"{""iterations"": 4, ""step"": 0.22}",27.207857503343792,0.875479294952333,0.0019020163666061496,26.778528209438722,0.889928114007473,0.002099651318732723,-0.42932929390507013,0.01444881905513995,0.00019763495212657346,0.025696201249957085,0.9790683999963221
600__M_Right_index_finger.BMP,600,"M4 Directional Diffusion (iterations=4, step=0.22)",M4 Directional Diffusion,"{""iterations"": 4, ""step"": 0.22}",27.305187216878938,0.8529470467790365,0.0018598643859407287,27.210408732758093,0.872404112277627,0.001900899369889369,-0.09477848412084455,0.019457065498590498,4.103498394864035e-05,0.023213667795062065,1.046471699999529
600__M_Right_little_finger.BMP,600,"M4 Directional Diffusion (iterations=4, step=0.22)",M4 Directional Diffusion,"{""iterations"": 4, ""step"": 0.22}",27.918805267842984,0.7369490548488498,0.001614802723510412,28.5460630161449,0.7725119379763007,0.0013976347764662858,0.6272577483019148,0.03556288312745093,-0.00021716794704412616,0.012629643082618713,0.9631603000016185
600__M_Right_middle_finger.BMP,600,"M4 Directional Diffusion (iterations=4, step=0.22)",M4 Directional Diffusion,"{""iterations"": 4, ""step"": 0.22}",27.34016167642271,0.8407204843213558,0.001844946735382432,27.667369893972765,0.8619856093354226,0.0017110512213494038,0.327208217550055,0.021265125014066744,-0.00013389551403302814,0.020424868911504745,0.921711700000742
600__M_Right_ring_finger.BMP,600,"M4 Directional Diffusion (iterations=4, step=0.22)",M4 Directional Diffusion,"{""iterations"": 4, ""step"": 0.22}",27.513543547532386,0.804082875896126,0.0017727424533858249,27.892918207641884,0.8302153429351747,0.0016244568479290421,0.37937466010949805,0.0261324670390487,-0.00014828560545678275,0.01836019940674305,0.9491882000002079
600__M_Right_thumb_finger.BMP,600,"M4 Directional Diffusion (iterations=4, step=0.22)",M4 Directional Diffusion,"{""iterations"": 4, ""step"": 0.22}",27.40887796153935,0.8515884021518827,0.0018159847780061798,28.223838095713628,0.8758094521930814,0.0015052761840408755,0.814960134174278,0.024221050041198677,-0.0003107085939653043,0.01744719222187996,0.9145910000006552
501__M_Left_index_finger.BMP,501,"M4 Directional Diffusion (iterations=4, step=0.22)",M4 Directional Diffusion,"{""iterations"": 4, ""step"": 0.22}",27.43685245746518,0.8191895882745981,0.0018043249488174829,26.96446246144154,0.8396632078694701,0.0020116561711641307,-0.4723899960236402,0.02047361959487204,0.00020733122234664787,0.022192807868123055,0.987480299998424
501__M_Left_little_finger.BMP,501,"M4 Directional Diffusion (iterations=4, step=0.22)",M4 Directional Diffusion,"{""iterations"": 4, ""step"": 0.22}",27.58424679240497,0.7924946965949238,0.0017441158175301977,27.53533557703852,0.8194866548357606,0.0017638694659542324,-0.0489112153664486,0.026991958240836778,1.9753648424034693e-05,0.01930355094373226,0.9667709000059403
501__M_Left_middle_finger.BMP,501,"M4 Directional Diffusion (iterations=4, step=0.22)",M4 Directional Diffusion,"{""iterations"": 4, ""step"": 0.22}",27.52430149906059,0.8029155948780179,0.0017683566098870935,27.137881379220595,0.8246631908271909,0.0019329110199353319,-0.3864201198399968,0.02174759594917297,0.00016455441004823834,0.020954597741365433,0.9833705999990343
501__M_Left_ring_finger.BMP,501,"M4 Directional Diffusion (iterations=4, step=0.22)",M4 Directional Diffusion,"{""iterations"": 4, ""step"": 0.22}",27.358389124902512,0.8241556460552215,0.0018372196742751177,26.779752107985143,0.8432705014186501,0.002099059692948359,-0.5786370169173694,0.019114855363428607,0.0002618400186732415,0.022892169654369354,0.9769495000000461
501__M_Left_thumb_finger.BMP,501,"M4 Directional Diffusion (iterations=4, step=0.22)",M4 Directional Diffusion,"{""iterations"": 4, ""step"": 0.22}",27.81660114041582,0.7769351523290873,0.0016532551565629702,27.975531987890502,0.8048385772174597,0.0015938476308049628,0.15893084747468222,0.027903424888372386,-5.940752575800748e-05,0.017919117584824562,1.0482611999977962
501__M_Right_index_finger.BMP,501,"M4 Directional Diffusion (iterations=4, step=0.22)",M4 Directional Diffusion,"{""iterations"": 4, ""step"": 0.22}",27.4909620744602,0.8130318595907092,0.0017819839682411266,28.025871508406368,0.8386833692096471,0.0015754798359735548,0.5349094339461686,0.025651509618937918,-0.00020650413226757183,0.01736602373421192,1.070020500003011
501__M_Right_little_finger.BMP,501,"M4 Directional Diffusion (iterations=4, step=0.22)",M4 Directional Diffusion,"{""iterations"": 4, ""step"": 0.22}",27.573768505254993,0.7845928464406728,0.0017483289520418919,26.63846396709183,0.808452403191477,0.0021684709240803656,-0.9353045381631624,0.0238595567508042,0.00042014197203847376,0.022972779348492622,1.0498889000009513
501__M_Right_middle_finger.BMP,501,"M4 Directional Diffusion (iterations=4, step=0.22)",M4 Directional Diffusion,"{""iterations"": 4, ""step"": 0.22}",27.491269245747194,0.8174476757915616,0.0017818579351058632,26.810463489738563,0.8378514713628888,0.00208426843298058,-0.6808057560086311,0.02040379557132721,0.00030241049787471685,0.022562770172953606,1.0943638000026112
501__M_Right_ring_finger.BMP,501,"M4 Directional Diffusion (iterations=4, step=0.22)",M4 Directional Diffusion,"{""iterations"": 4, ""step"": 0.22}",27.778547761307667,0.7602594677556157,0.0016678048170976419,28.09438285753221,0.7925905181908608,0.001550821146396087,0.31583509622454287,0.03233105043524509,-0.00011698367070155482,0.017312580719590187,1.1061740000004647
501__M_Right_thumb_finger.BMP,501,"M4 Directional Diffusion (iterations=4, step=0.22)",M4 Directional Diffusion,"{""iterations"": 4, ""step"": 0.22}",27.340959923282963,0.8611186378437876,0.001844607659556476,27.37328959863521,0.877903738604784,0.0018309270465165237,0.03232967535224773,0.016785100760996374,-1.3680613039952208e-05,0.022838708013296127,1.1112254000036046
443__M_Left_index_finger.BMP,443,"M4 Directional Diffusion (iterations=4, step=0.22)",M4 Directional Diffusion,"{""iterations"": 4, ""step"": 0.22}",27.135094969734823,0.8466296955327391,0.0019341515629242856,27.38173265855686,0.8736072329614163,0.0018273710238891792,0.2466376888220374,0.026977537428677145,-0.00010678053903510638,0.02365368790924549,1.0771143000019947
443__M_Left_little_finger.BMP,443,"M4 Directional Diffusion (iterations=4, step=0.22)",M4 Directional Diffusion,"{""iterations"": 4, ""step"": 0.22}",27.13340595635713,0.8394890675188899,0.0019349039195231878,27.536343470636556,0.8679259401794672,0.0017634601615442171,0.4029375142794258,0.028436872660577373,-0.00017144375797897068,0.0216830987483263,1.0750903000007384
443__M_Left_middle_finger.BMP,443,"M4 Directional Diffusion (iterations=4, step=0.22)",M4 Directional Diffusion,"{""iterations"": 4, ""step"": 0.22}",27.14151541310484,0.8253531774876117,0.0019312942998486661,27.329906809538947,0.8511216531742811,0.001849308300818713,0.18839139643410618,0.0257684756866694,-8.198599902995308e-05,0.022822754457592964,0.9331403999967733
443__M_Left_ring_finger.BMP,443,"M4 Directional Diffusion (iterations=4, step=0.22)",M4 Directional Diffusion,"{""iterations"": 4, ""step"": 0.22}",27.237265248598867,0.8298590763946772,0.0018891805912286746,26.419909510542933,0.8502648935810924,0.002280389585628694,-0.8173557380559338,0.02040581718641521,0.00039120899440001924,0.02646602876484394,0.9359253000002354
443__M_Left_thumb_finger.BMP,443,"M4 Directional Diffusion (iterations=4, step=0.22)",M4 Directional Diffusion,"{""iterations"": 4, ""step"": 0.22}",26.800304933742755,0.8761664312357903,0.00208914943902406,26.70958831523525,0.8978117050518394,0.002133247122419877,-0.09071661850750345,0.021645273816049082,4.409768339581725e-05,0.02734864130616188,0.8917762999990373
443__M_Right_index_finger.BMP,443,"M4 Directional Diffusion (iterations=4, step=0.22)",M4 Directional Diffusion,"{""iterations"": 4, ""step"": 0.22}",27.35710649714296,0.896552869089663,0.0018377623514359127,27.384960281021733,0.9069466951261759,0.0018260134490469602,0.02785378387877202,0.010393826036512843,-1.1748902388952417e-05,0.02413717471063137,0.8999986999988323
443__M_Right_little_finger.BMP,443,"M4 Directional Diffusion (iterations=4, step=0.22)",M4 Directional Diffusion,"{""iterations"": 4, ""step"": 0.22}",27.00440155233622,0.8630209608132839,0.0019932411512218785,27.526985316328656,0.8887656952866911,0.0017672641530231163,0.5225837639924364,0.025744734473407194,-0.00022597699819876227,0.023778816685080528,0.9326786999954493
443__M_Right_middle_finger.BMP,443,"M4 Directional Diffusion (iterations=4, step=0.22)",M4 Directional Diffusion,"{""iterations"": 4, ""step"": 0.22}",27.064112289055643,0.8992271602718234,0.001966023800672798,26.50162680591652,0.9108842212560176,0.0022378827022270526,-0.5624854831391239,0.011657060984194278,0.0002718589015542547,0.02880305051803589,0.9555798000001232
443__M_Right_ring_finger.BMP,443,"M4 Directional Diffusion (iterations=4, step=0.22)",M4 Directional Diffusion,"{""iterations"": 4, ""step"": 0.22}",26.925258364749403,0.8801929126424491,0.0020298977562655464,27.37717655070265,0.9022242711986304,0.0018292890929695878,0.4519181859532466,0.022031358556181213,-0.00020060866329595865,0.025773584842681885,0.9656590000013239
443__M_Right_thumb_finger.BMP,443,"M4 Directional Diffusion (iterations=4, step=0.22)",M4 Directional Diffusion,"{""iterations"": 4, ""step"": 0.22}",27.180918571542815,0.9082978897159397,0.001913851085644088,27.02388662447152,0.9165942202638387,0.001984318299787393,-0.15703194707129597,0.008296330547899022,7.046721414330492e-05,0.026828544214367867,0.9717077000022982
572__F_Left_index_finger.BMP,572,"M4 Directional Diffusion (iterations=4, step=0.22)",M4 Directional Diffusion,"{""iterations"": 4, ""step"": 0.22}",27.6241298412811,0.7974931483537555,0.001728172204909599,27.522802416283444,0.8221999898501635,0.0017689671105076115,-0.10132742499765612,0.024706841496408005,4.079490559801241e-05,0.019772732630372047,0.9356737999987672
572__F_Left_little_finger.BMP,572,"M4 Directional Diffusion (iterations=4, step=0.22)",M4 Directional Diffusion,"{""iterations"": 4, ""step"": 0.22}",27.812594150599153,0.7617954299381375,0.0016547812255908382,27.75079898944048,0.7942312107146978,0.0016784951900439104,-0.061795161158674006,0.032435780776560286,2.371396445307217e-05,0.017674632370471954,0.9919510000036098
572__F_Left_middle_finger.BMP,572,"M4 Directional Diffusion (iterations=4, step=0.22)",M4 Directional Diffusion,"{""iterations"": 4, ""step"": 0.22}",27.320467020532956,0.8414032366846502,0.0018533323137710088,26.34091339407152,0.8586532502721548,0.002322248337253379,-0.9795536264614348,0.017250013587504553,0.00046891602348237034,0.026027901098132133,0.9515163999967626
572__F_Left_ring_finger.BMP,572,"M4 Directional Diffusion (iterations=4, step=0.22)",M4 Directional Diffusion,"{""iterations"": 4, ""step"": 0.22}",27.400851017810083,0.8340889724407196,0.0018193443157140715,26.600314026621437,0.8561224940396547,0.002187603438528741,-0.8005369911886469,0.022033521598935124,0.00036825912281466936,0.024298636242747307,0.9269966000065324
572__F_Left_thumb_finger.BMP,572,"M4 Directional Diffusion (iterations=4, step=0.22)",M4 Directional Diffusion,"{""iterations"": 4, ""step"": 0.22}",27.305828412733867,0.834587592176944,0.0018595898143411753,27.40208327906938,0.8544201249001622,0.0018188281706596962,0.09625486633551361,0.019832532723218166,-4.076164368147905e-05,0.021152367815375328,0.943094199996267
572__F_Right_index_finger.BMP,572,"M4 Directional Diffusion (iterations=4, step=0.22)",M4 Directional Diffusion,"{""iterations"": 4, ""step"": 0.22}",27.46236185610437,0.8347724638455808,0.0017937578488015497,27.38295063710861,0.8571369646293521,0.0018268586096779535,-0.07941121899575876,0.02236450078377128,3.3100760876403866e-05,0.022079525515437126,0.9042541000017081
572__F_Right_little_finger.BMP,572,"M4 Directional Diffusion (iterations=4, step=0.22)",M4 Directional Diffusion,"{""iterations"": 4, ""step"": 0.22}",27.974544939353972,0.7329479814072252,0.001594209915804351,28.538809740350736,0.7740789915303588,0.0013999709564170757,0.5642648009967637,0.04113101012313358,-0.00019423895938727536,0.014169045723974705,0.9403827999994974
572__F_Right_middle_finger.BMP,572,"M4 Directional Diffusion (iterations=4, step=0.22)",M4 Directional Diffusion,"{""iterations"": 4, ""step"": 0.22}",27.286906419383943,0.8481148620772362,0.0018677096301195127,26.79132429951106,0.8693653705710769,0.0020934739929098782,-0.49558211987288203,0.021250508493840692,0.0002257643627903655,0.026019107550382614,0.9407868999987841
572__F_Right_ring_finger.BMP,572,"M4 Directional Diffusion (iterations=4, step=0.22)",M4 Directional Diffusion,"{""iterations"": 4, ""step"": 0.22}",27.675962306992894,0.7896063315761983,0.0017076692938429667,27.505846022470166,0.8184336703395844,0.0017758872848693025,-0.1701162845227273,0.028827338763386057,6.821799102633584e-05,0.020314069464802742,0.9080328999989433
572__F_Right_thumb_finger.BMP,572,"M4 Directional Diffusion (iterations=4, step=0.22)",M4 Directional Diffusion,"{""iterations"": 4, ""step"": 0.22}",27.222879613560988,0.8812139176847636,0.0018954487167133127,28.285875259646943,0.9020324373026788,0.001483926785285177,1.0629956460859553,0.020818519617915143,-0.00041152193142813577,0.020597930997610092,0.9185323999990942
29__F_Left_index_finger.BMP,29,"M4 Directional Diffusion (iterations=4, step=0.22)",M4 Directional Diffusion,"{""iterations"": 4, ""step"": 0.22}",27.623691427691885,0.7954367920094132,0.0017283466700372958,28.121801447847474,0.823132760388434,0.0015410610902247246,0.4981100201555897,0.027695968379020774,-0.00018728557981257114,0.017675573006272316,0.9150166999970679
29__F_Left_little_finger.BMP,29,"M4 Directional Diffusion (iterations=4, step=0.22)",M4 Directional Diffusion,"{""iterations"": 4, ""step"": 0.22}",27.41274074675311,0.8241425118806959,0.0018143702881231619,27.088455563161084,0.8442998792266846,0.0019550345810265203,-0.32428518359202485,0.02015736734598872,0.00014066429290335845,0.02160128951072693,0.9199480000024778
29__F_Left_middle_finger.BMP,29,"M4 Directional Diffusion (iterations=4, step=0.22)",M4 Directional Diffusion,"{""iterations"": 4, ""step"": 0.22}",27.14871397879486,0.8713243151237965,0.0019280957712296085,26.60765897493596,0.8809091057770848,0.0021839068097992687,-0.5410550038589008,0.009584790653288322,0.00025581103856966016,0.025080760940909386,0.8715073999992455
29__F_Left_ring_finger.BMP,29,"M4 Directional Diffusion (iterations=4, step=0.22)",M4 Directional Diffusion,"{""iterations"": 4, ""step"": 0.22}",27.068069623154493,0.8852838855306506,0.0019642331563697636,26.03558707061474,0.8933553065702319,0.0024913875676901,-1.0324825525397543,0.00807142103958125,0.0005271544113203365,0.02800770103931427,0.894650800000818
29__F_Left_thumb_finger.BMP,29,"M4 Directional Diffusion (iterations=4, step=0.22)",M4 Directional Diffusion,"{""iterations"": 4, ""step"": 0.22}",27.00724258759245,0.8884813020378352,0.0019919376539917696,27.293322507387614,0.9010970181826949,0.0018649523899690068,0.28607991979516356,0.01261571614485979,-0.00012698526402276289,0.022929778322577477,0.8923747999942861
29__F_Right_index_finger.BMP,29,"M4 Directional Diffusion (iterations=4, step=0.22)",M4 Directional Diffusion,"{""iterations"": 4, ""step"": 0.22}",27.13446795737326,0.8550214416386783,0.001934430826082868,27.118841882264594,0.8726809572453796,0.001941403515780822,-0.01562607510866698,0.017659515606701315,6.972689697954185e-06,0.021696271374821663,0.902214500005357
29__F_Right_little_finger.BMP,29,"M4 Directional Diffusion (iterations=4, step=0.22)",M4 Directional Diffusion,"{""iterations"": 4, ""step"": 0.22}",27.241294751244425,0.8476442870678902,0.0018874285708654986,27.467461215826027,0.8664021789858342,0.001791652906435006,0.2261664645816026,0.01875789191794397,-9.57756644304926e-05,0.021047428250312805,0.9253768000053242
29__F_Right_middle_finger.BMP,29,"M4 Directional Diffusion (iterations=4, step=0.22)",M4 Directional Diffusion,"{""iterations"": 4, ""step"": 0.22}",27.250855791884682,0.83831398543185,0.0018832779466694744,27.478074837531313,0.8574595768618584,0.0017872796736182809,0.2272190456466312,0.01914559143000838,-9.599827305119355e-05,0.018607433885335922,0.9800912999999127
29__F_Right_ring_finger.BMP,29,"M4 Directional Diffusion (iterations=4, step=0.22)",M4 Directional Diffusion,"{""iterations"": 4, ""step"": 0.22}",26.977191599302174,0.8919698833798766,0.002005768654746689,26.48325853152903,0.8989629294655324,0.002247367762693758,-0.49393306777314194,0.006993046085655763,0.00024159910794706915,0.026730861514806747,0.9453418999983114
29__F_Right_thumb_finger.BMP,29,"M4 Directional Diffusion (iterations=4, step=0.22)",M4 Directional Diffusion,"{""iterations"": 4, ""step"": 0.22}",26.97520674425169,0.9095325257153511,0.0020066855602344016,27.099652612263014,0.9170862575570345,0.0019500005720814993,0.12444586801132473,0.007553731841683398,-5.6684988152902373e-05,0.023273983970284462,0.9639779000062845
236__M_Left_index_finger.BMP,236,"M4 Directional Diffusion (iterations=4, step=0.22)",M4 Directional Diffusion,"{""iterations"": 4, ""step"": 0.22}",27.230110186596267,0.8644258776392341,0.0018922956078444896,27.350407561042317,0.8848512795154452,0.0018405992634339008,0.12029737444605004,0.020425401876211113,-5.1696344410588754e-05,0.023801255971193314,0.9833170999991125
236__M_Left_little_finger.BMP,236,"M4 Directional Diffusion (iterations=4, step=0.22)",M4 Directional Diffusion,"{""iterations"": 4, ""step"": 0.22}",27.487337971316265,0.8122688657089174,0.001783471619891689,27.478044005973352,0.8382440684926212,0.00178729236197025,-0.009293965342912713,0.0259752027837038,3.820742078561009e-06,0.02176101878285408,0.9990695000014966
236__M_Left_middle_finger.BMP,236,"M4 Directional Diffusion (iterations=4, step=0.22)",M4 Directional Diffusion,"{""iterations"": 4, ""step"": 0.22}",27.268425888389103,0.8386161139320135,0.0018756742278643796,27.020053864786938,0.8559669945548177,0.001986070284321358,-0.24837202360216537,0.01735088062280421,0.00011039605645697843,0.024182988330721855,0.9704392000057851
236__M_Left_ring_finger.BMP,236,"M4 Directional Diffusion (iterations=4, step=0.22)",M4 Directional Diffusion,"{""iterations"": 4, ""step"": 0.22}",27.080380833903757,0.8716979291836321,0.00195867290946392,27.148319682018496,0.8929560556588173,0.0019282708313538087,0.06793884811473916,0.021258126475185213,-3.0402078110111164e-05,0.024921540170907974,0.9955447999964235
236__M_Left_thumb_finger.BMP,236,"M4 Directional Diffusion (iterations=4, step=0.22)",M4 Directional Diffusion,"{""iterations"": 4, ""step"": 0.22}",27.252487499118946,0.8528684914248585,0.0018825705047901583,27.275295176647305,0.8717281083286404,0.0018727097963473504,0.022807677528358994,0.018859616903781906,-9.86070844280788e-06,0.024888424202799797,0.9175551000007545
236__M_Right_index_finger.BMP,236,"M4 Directional Diffusion (iterations=4, step=0.22)",M4 Directional Diffusion,"{""iterations"": 4, ""step"": 0.22}",27.53921246464294,0.857044079580307,0.0017622955863351969,28.15776508363278,0.8781851252164244,0.0015283523590341368,0.6185526189898383,0.021141045636117406,-0.00023394322730106005,0.020021243020892143,0.9293794000041089
236__M_Right_little_finger.BMP,236,"M4 Directional Diffusion (iterations=4, step=0.22)",M4 Directional Diffusion,"{""iterations"": 4, ""step"": 0.22}",27.254971723082324,0.8556590841823817,0.0018814939565873446,27.049242431251237,0.876175768525064,0.001972766828941196,-0.20572929183108712,0.02051668434268228,9.127287235385136e-05,0.024845071136951447,0.9163132999965455
236__M_Right_middle_finger.BMP,236,"M4 Directional Diffusion (iterations=4, step=0.22)",M4 Directional Diffusion,"{""iterations"": 4, ""step"": 0.22}",27.369746618381576,0.870484657946229,0.0018324213287117393,26.452346658170647,0.8836432385997772,0.002263420964728624,-0.9173999602109291,0.013158580653548246,0.0004309996360168848,0.02783888205885887,0.924144200005685
236__M_Right_ring_finger.BMP,236,"M4 Directional Diffusion (iterations=4, step=0.22)",M4 Directional Diffusion,"{""iterations"": 4, ""step"": 0.22}",27.35531229242566,0.8474338980606199,0.001838521744710349,27.281914385884644,0.8681072722200155,0.0018698577185864132,-0.07339790654101463,0.02067337415939563,3.133597387606417e-05,0.023409772664308548,0.9259999999994761
236__M_Right_thumb_finger.BMP,236,"M4 Directional Diffusion (iterations=4, step=0.22)",M4 Directional Diffusion,"{""iterations"": 4, ""step"": 0.22}",27.43324241478733,0.8936245013394952,0.0018058254049184786,28.85299362607124,0.9141072675204873,0.0013022688048531308,1.4197512112839092,0.020482766180992096,-0.0005035566000653477,0.01889781281352043,0.9152858999950695
71__M_Left_index_finger.BMP,71,"M4 Directional Diffusion (iterations=4, step=0.22)",M4 Directional Diffusion,"{""iterations"": 4, ""step"": 0.22}",27.400723074409225,0.852191063885957,0.0018193979144903785,26.23144029205019,0.8722374221120477,0.002381529529114933,-1.1692827823590335,0.020046358226090688,0.0005621316146245546,0.02784864231944084,0.9108465999961481
71__M_Left_little_finger.BMP,71,"M4 Directional Diffusion (iterations=4, step=0.22)",M4 Directional Diffusion,"{""iterations"": 4, ""step"": 0.22}",27.71066654139068,0.7914544510637522,0.0016940777788120003,26.500645821888536,0.8125116833541394,0.0022383882520872764,-1.2100207195021433,0.02105723229038714,0.0005443104732752761,0.02382112480700016,0.8970698999983142
71__M_Left_middle_finger.BMP,71,"M4 Directional Diffusion (iterations=4, step=0.22)",M4 Directional Diffusion,"{""iterations"": 4, ""step"": 0.22}",27.324002819836846,0.8594442137144804,0.0018518240412643122,25.272513363659534,0.8668261079206466,0.0029699467566992026,-2.051489456177311,0.007381894206166195,0.0011181227154348904,0.03253765404224396,0.8957439000005252
71__M_Left_ring_finger.BMP,71,"M4 Directional Diffusion (iterations=4, step=0.22)",M4 Directional Diffusion,"{""iterations"": 4, ""step"": 0.22}",27.206743096008278,0.8708310496015549,0.0019025044899998523,25.248175350048164,0.8760742273048758,0.0029866371646126598,-1.9585677459601136,0.005243177703320945,0.0010841326746128075,0.03286656737327576,0.9146862000052352
71__M_Left_thumb_finger.BMP,71,"M4 Directional Diffusion (iterations=4, step=0.22)",M4 Directional Diffusion,"{""iterations"": 4, ""step"": 0.22}",27.216405175825415,0.8884816764104366,0.0018982765483447198,25.879612084328812,0.8986325149493813,0.0025824908506992387,-1.3367930914966024,0.010150838538944718,0.0006842143023545189,0.030301839113235474,0.9177072000020416
71__M_Right_index_finger.BMP,71,"M4 Directional Diffusion (iterations=4, step=0.22)",M4 Directional Diffusion,"{""iterations"": 4, ""step"": 0.22}",27.699973363822046,0.8149432333825231,0.0016982540681729117,27.766618499006878,0.8395668299557268,0.0016723922645244678,0.06664513518483162,0.024623596573203788,-2.586180364844387e-05,0.02061205543577671,0.9035959999964689
71__M_Right_little_finger.BMP,71,"M4 Directional Diffusion (iterations=4, step=0.22)",M4 Directional Diffusion,"{""iterations"": 4, ""step"": 0.22}",27.569618878214843,0.8136471458607912,0.0017500002558434424,26.740460541238967,0.8389716069748402,0.0021181365086468218,-0.8291583369758762,0.025324461114048957,0.0003681362528033794,0.02445531077682972,0.8845729999957257
71__M_Right_middle_finger.BMP,71,"M4 Directional Diffusion (iterations=4, step=0.22)",M4 Directional Diffusion,"{""iterations"": 4, ""step"": 0.22}",27.378813624145167,0.8729499959701598,0.0018285996722272328,26.863230968496676,0.888395738149941,0.002059097461292963,-0.5155826556484904,0.01544574217978123,0.00023049778906573037,0.02621784247457981,0.9263578000027337
71__M_Right_ring_finger.BMP,71,"M4 Directional Diffusion (iterations=4, step=0.22)",M4 Directional Diffusion,"{""iterations"": 4, ""step"": 0.22}",27.672722631596756,0.8099496431675554,0.0017089436269009956,27.26449871788279,0.8335213197740317,0.0018773711004395571,-0.4082239137139645,0.0235716766064763,0.00016842747353856152,0.021866362541913986,0.9053225000025122
71__M_Right_thumb_finger.BMP,71,"M4 Directional Diffusion (iterations=4, step=0.22)",M4 Directional Diffusion,"{""iterations"": 4, ""step"": 0.22}",27.40409092316142,0.8698846017852724,0.0018179875622943683,28.011246261961308,0.8881077198634147,0.001580794345603819,0.6071553387998883,0.018223118078142364,-0.0002371932166905493,0.020519990473985672,0.9403401000017766
470__F_Left_index_finger.BMP,470,"M4 Directional Diffusion (iterations=4, step=0.22)",M4 Directional Diffusion,"{""iterations"": 4, ""step"": 0.22}",28.133949643174056,0.7459431124183834,0.0015367564184578272,28.172417632440276,0.782006714122653,0.0015232045795399985,0.03846798926621986,0.03606360170426959,-1.3551838917828752e-05,0.01604534313082695,0.8744560999984969
470__F_Left_little_finger.BMP,470,"M4 Directional Diffusion (iterations=4, step=0.22)",M4 Directional Diffusion,"{""iterations"": 4, ""step"": 0.22}",28.327626771703812,0.7130688598952889,0.0014697292005971575,28.65295142538937,0.7549609589521885,0.0013636560934698536,0.3253246536855592,0.04189209905689961,-0.00010607310712730392,0.012992296367883682,0.8960022999963257
470__F_Left_middle_finger.BMP,470,"M4 Directional Diffusion (iterations=4, step=0.22)",M4 Directional Diffusion,"{""iterations"": 4, ""step"": 0.22}",28.16470653625059,0.7449561038237215,0.001525911501017648,28.280018335913603,0.7831853035718203,0.0014859293686797716,0.11531179966301153,0.0382291997480988,-3.998213233787637e-05,0.01608845591545105,0.9163322999957018
470__F_Left_ring_finger.BMP,470,"M4 Directional Diffusion (iterations=4, step=0.22)",M4 Directional Diffusion,"{""iterations"": 4, ""step"": 0.22}",28.377701313850427,0.7209687273773551,0.0014528804121575277,28.90977220128905,0.7609618084738254,0.001285354078328001,0.5320708874386249,0.03999308109647037,-0.0001675263338295266,0.012519549578428268,0.9236915000001318
470__F_Left_thumb_finger.BMP,470,"M4 Directional Diffusion (iterations=4, step=0.22)",M4 Directional Diffusion,"{""iterations"": 4, ""step"": 0.22}",27.507522688430683,0.8424409932396412,0.0017752018064236539,26.813619617365383,0.8627170198099613,0.0020827542927467683,-0.6939030710653,0.020276026570320127,0.0003075524863231144,0.02438422478735447,0.9010636000020895
470__F_Right_index_finger.BMP,470,"M4 Directional Diffusion (iterations=4, step=0.22)",M4 Directional Diffusion,"{""iterations"": 4, ""step"": 0.22}",28.214565289387025,0.7059878581789732,0.0015084935968839085,29.05483950840666,0.7431683210979104,0.0012431285742591164,0.8402742190196335,0.037180462918937174,-0.00026536502262479206,0.0121616767719388,0.9439244000022882
470__F_Right_little_finger.BMP,470,"M4 Directional Diffusion (iterations=4, step=0.22)",M4 Directional Diffusion,"{""iterations"": 4, ""step"": 0.22}",28.225990208025095,0.7106608752552271,0.0015045304409989717,28.691642363928217,0.7544863582974672,0.0013515613489209592,0.4656521559031219,0.0438254830422401,-0.0001529690920780125,0.013460613787174225,0.9244529999996303
470__F_Right_middle_finger.BMP,470,"M4 Directional Diffusion (iterations=4, step=0.22)",M4 Directional Diffusion,"{""iterations"": 4, ""step"": 0.22}",27.99238090038815,0.7877955089430213,0.0015876761100837291,28.693895126769185,0.8233920276374816,0.001350860451772779,0.7015142263810361,0.035596518694460344,-0.00023681565831095005,0.016343817114830017,0.943859799997881
470__F_Right_ring_finger.BMP,470,"M4 Directional Diffusion (iterations=4, step=0.22)",M4 Directional Diffusion,"{""iterations"": 4, ""step"": 0.22}",28.175147109810183,0.749459243629396,0.0015222475684804621,28.59107841054781,0.7861225016353727,0.001383222863821118,0.4159313007376255,0.036663258005976695,-0.00013902470465934407,0.01466299593448639,0.9438348000039696
470__F_Right_thumb_finger.BMP,470,"M4 Directional Diffusion (iterations=4, step=0.22)",M4 Directional Diffusion,"{""iterations"": 4, ""step"": 0.22}",27.378970878121308,0.9028311878447532,0.001828533461539503,28.25919224157321,0.9169345069758296,0.001493072085086732,0.880221363451902,0.01410331913107632,-0.0003354613764527711,0.02178947813808918,0.9587756000037189
503__M_Left_index_finger.BMP,503,"M4 Directional Diffusion (iterations=4, step=0.22)",M4 Directional Diffusion,"{""iterations"": 4, ""step"": 0.22}",27.558826483469133,0.8253404413299561,0.0017543544857281078,26.625900705330977,0.8470186508156061,0.0021747529542110013,-0.9329257781381557,0.021678209485650024,0.00042039846848289353,0.024571113288402557,0.9243845000019064
503__M_Left_little_finger.BMP,503,"M4 Directional Diffusion (iterations=4, step=0.22)",M4 Directional Diffusion,"{""iterations"": 4, ""step"": 0.22}",27.795892542403124,0.7767085953725874,0.0016611572491486452,27.46339584082902,0.8067336007682383,0.0017933308349846544,-0.3324967015741045,0.030025005395650894,0.00013217358583600923,0.019521348178386688,0.954954100001487
503__M_Left_middle_finger.BMP,503,"M4 Directional Diffusion (iterations=4, step=0.22)",M4 Directional Diffusion,"{""iterations"": 4, ""step"": 0.22}",27.554136114835103,0.8208168461535275,0.0017562502073207595,26.660992638290814,0.8428158821595907,0.0021572512840832008,-0.8931434765442887,0.021999036006063233,0.00040100107676244124,0.023510249331593513,0.9203630999982124
503__M_Left_ring_finger.BMP,503,"M4 Directional Diffusion (iterations=4, step=0.22)",M4 Directional Diffusion,"{""iterations"": 4, ""step"": 0.22}",27.62301142125986,0.8177495028933287,0.0017286173110234886,27.502655979514323,0.842724942954123,0.0017771922146107059,-0.12035544174553792,0.02497544006079433,4.8574903587217215e-05,0.02143734134733677,0.9461871000021347
503__M_Left_thumb_finger.BMP,503,"M4 Directional Diffusion (iterations=4, step=0.22)",M4 Directional Diffusion,"{""iterations"": 4, ""step"": 0.22}",27.846020264971038,0.7823283968015909,0.0016420938459679472,28.456836975063155,0.8142746388732195,0.0014266462609172472,0.6108167100921165,0.03194624207162855,-0.00021544758505070006,0.01637881249189377,0.9590345000033267
503__M_Right_index_finger.BMP,503,"M4 Directional Diffusion (iterations=4, step=0.22)",M4 Directional Diffusion,"{""iterations"": 4, ""step"": 0.22}",27.79343889482849,0.8155751483942568,0.0016620960236962943,28.264916160569854,0.8443785065012872,0.0014911055405829345,0.4714772657413633,0.028803358107030386,-0.00017099048311335985,0.016919009387493134,0.9828163999991375
503__M_Right_little_finger.BMP,503,"M4 Directional Diffusion (iterations=4, step=0.22)",M4 Directional Diffusion,"{""iterations"": 4, ""step"": 0.22}",27.991153400585176,0.7409707042609454,0.0015881249178941682,28.57564075852393,0.7773544040047526,0.0013881484872494854,0.5844873579387553,0.036383699743807285,-0.00019997643064468282,0.015216734260320663,1.068630599998869
503__M_Right_middle_finger.BMP,503,"M4 Directional Diffusion (iterations=4, step=0.22)",M4 Directional Diffusion,"{""iterations"": 4, ""step"": 0.22}",27.683429520839404,0.7966362979086637,0.0017047356678858785,28.640492980306234,0.8262709949380755,0.0013675735795275637,0.9570634594668306,0.029634697029411794,-0.0003371620883583148,0.016800086945295334,1.0138117999958922
503__M_Right_ring_finger.BMP,503,"M4 Directional Diffusion (iterations=4, step=0.22)",M4 Directional Diffusion,"{""iterations"": 4, ""step"": 0.22}",27.555357865597834,0.8240069340211749,0.0017557562111187638,27.79032729628121,0.8467678628189563,0.0016632872957357085,0.23496943068337472,0.022760928797781466,-9.246891538305523e-05,0.018503734841942787,1.024108999998134
503__M_Right_thumb_finger.BMP,503,"M4 Directional Diffusion (iterations=4, step=0.22)",M4 Directional Diffusion,"{""iterations"": 4, ""step"": 0.22}",27.817514338954645,0.7458579296948016,0.0016529075602801694,28.496738287304815,0.7680868348592221,0.0014135988112034892,0.6792239483501703,0.022228905164420554,-0.00023930874907668017,0.01250714436173439,1.073609099999885
506__M_Left_index_finger.BMP,506,"M4 Directional Diffusion (iterations=4, step=0.22)",M4 Directional Diffusion,"{""iterations"": 4, ""step"": 0.22}",27.643579359755208,0.8132179812993109,0.001720450033361916,27.274810661822787,0.8395602376285791,0.0018729187343633727,-0.3687686979324205,0.026342256329268232,0.00015246870100145676,0.02064117230474949,1.0550427000052878
506__M_Left_little_finger.BMP,506,"M4 Directional Diffusion (iterations=4, step=0.22)",M4 Directional Diffusion,"{""iterations"": 4, ""step"": 0.22}",27.710191280563457,0.80468445682019,0.0016942631767149123,27.169074051161545,0.832516229543209,0.0019190778590382285,-0.5411172294019124,0.027831772723019066,0.00022481468232331617,0.021352354437112808,0.9573344000018551
506__M_Left_middle_finger.BMP,506,"M4 Directional Diffusion (iterations=4, step=0.22)",M4 Directional Diffusion,"{""iterations"": 4, ""step"": 0.22}",27.570809542457887,0.8419147579144239,0.0017495205405318789,26.965496033678193,0.8632684073285759,0.0020111774764852287,-0.6053135087796946,0.021353649414151965,0.00026165693595334985,0.023979458957910538,1.0545149999961723
506__M_Left_ring_finger.BMP,506,"M4 Directional Diffusion (iterations=4, step=0.22)",M4 Directional Diffusion,"{""iterations"": 4, ""step"": 0.22}",27.694589395511755,0.8118410489529371,0.0017003607069476518,27.677171725876924,0.8371904920148849,0.001707193810033062,-0.017417669634831157,0.025349443061947863,6.833103085410143e-06,0.017647743225097656,0.9467103999995743
506__M_Left_thumb_finger.BMP,506,"M4 Directional Diffusion (iterations=4, step=0.22)",M4 Directional Diffusion,"{""iterations"": 4, ""step"": 0.22}",27.534055045008536,0.8642787358059884,0.0017643896255386013,27.48574987169317,0.8867957813290358,0.0017841239073700193,-0.048305173315366545,0.022517045523047452,1.9734281831417996e-05,0.020474568009376526,0.9267053000003216
506__M_Right_index_finger.BMP,506,"M4 Directional Diffusion (iterations=4, step=0.22)",M4 Directional Diffusion,"{""iterations"": 4, ""step"": 0.22}",27.299857493641092,0.8645324024113417,0.001862148238892479,27.79405440090304,0.8876263582324981,0.0016618604789794315,0.49419690726194787,0.023093955821156475,-0.00020028775991304758,0.020437633618712425,0.9549595999997109
506__M_Right_little_finger.BMP,506,"M4 Directional Diffusion (iterations=4, step=0.22)",M4 Directional Diffusion,"{""iterations"": 4, ""step"": 0.22}",27.85389854846535,0.7702839099378586,0.0016391177192953534,28.083855888456718,0.8038413937578798,0.0015545847788503652,0.22995733999136903,0.03355748382002122,-8.453294044498817e-05,0.01680176891386509,0.9203794999993988
506__M_Right_middle_finger.BMP,506,"M4 Directional Diffusion (iterations=4, step=0.22)",M4 Directional Diffusion,"{""iterations"": 4, ""step"": 0.22}",27.119787705399837,0.8907959406009912,0.0019409807555337767,27.287386656591032,0.9065312038368583,0.0018675031126286889,0.16759895119119506,0.015735263235867047,-7.347764290508785e-05,0.023670630529522896,0.9621450000049663
506__M_Right_ring_finger.BMP,506,"M4 Directional Diffusion (iterations=4, step=0.22)",M4 Directional Diffusion,"{""iterations"": 4, ""step"": 0.22}",27.36860944686921,0.8716563114051818,0.0018329011989969962,27.448681262704156,0.8898639413193464,0.0017994172260922345,0.08007181583494472,0.01820762991416458,-3.3483972904761695e-05,0.02049962244927883,0.9942297000015969
506__M_Right_thumb_finger.BMP,506,"M4 Directional Diffusion (iterations=4, step=0.22)",M4 Directional Diffusion,"{""iterations"": 4, ""step"": 0.22}",27.373150894179908,0.8726340962157846,0.0018309855233806663,28.20444191360658,0.8947027267395258,0.0015120139869357542,0.831291019426672,0.022068630523741195,-0.00031897153644491207,0.018175967037677765,0.956127599994943
196__M_Left_index_finger.BMP,196,"M4 Directional Diffusion (iterations=4, step=0.22)",M4 Directional Diffusion,"{""iterations"": 4, ""step"": 0.22}",27.225188033807047,0.8788863218829036,0.0018944414901145012,27.14913510344026,0.8947090345576405,0.0019279088176034959,-0.07605293036678873,0.015822712674736894,3.3467327488994605e-05,0.024666238576173782,1.0157990000006976
196__M_Left_little_finger.BMP,196,"M4 Directional Diffusion (iterations=4, step=0.22)",M4 Directional Diffusion,"{""iterations"": 4, ""step"": 0.22}",27.35312935031732,0.80335026320225,0.0018394460933991352,27.908836375046604,0.8330854228034615,0.0016185136352705055,0.5557070247292835,0.029735159601211536,-0.00022093245812862972,0.019048914313316345,1.0117106000034255
196__M_Left_middle_finger.BMP,196,"M4 Directional Diffusion (iterations=4, step=0.22)",M4 Directional Diffusion,"{""iterations"": 4, ""step"": 0.22}",26.807005035396653,0.8383593658879399,0.00208592887731423,27.985165787761815,0.8670194654670358,0.0015903159738734972,1.1781607523651623,0.028660099579095877,-0.0004956129034407327,0.0189596526324749,0.9678060000005644
196__M_Left_ring_finger.BMP,196,"M4 Directional Diffusion (iterations=4, step=0.22)",M4 Directional Diffusion,"{""iterations"": 4, ""step"": 0.22}",26.939914390359956,0.8466373486337065,0.0020230590575295833,27.514012360566895,0.8665383761333227,0.001772551099374166,0.5740979702069389,0.019901027499616197,-0.0002505079581554173,0.022536002099514008,1.015518799998972
196__M_Left_thumb_finger.BMP,196,"M4 Directional Diffusion (iterations=4, step=0.22)",M4 Directional Diffusion,"{""iterations"": 4, ""step"": 0.22}",27.17645207629467,0.8700256631715297,0.0019158203954876966,27.03898879986124,0.8831227636100054,0.001977430006248166,-0.13746327643342937,0.013097100438475673,6.160961076046956e-05,0.02596297115087509,1.0214250999997603
196__M_Right_index_finger.BMP,196,"M4 Directional Diffusion (iterations=4, step=0.22)",M4 Directional Diffusion,"{""iterations"": 4, ""step"": 0.22}",27.224484755205218,0.8981884044620096,0.0018947482930095384,26.92881681843253,0.9073202204877734,0.0020282352118399555,-0.29566793677268777,0.00913181602576374,0.00013348691883041707,0.026416245847940445,1.0139294000036898
196__M_Right_little_finger.BMP,196,"M4 Directional Diffusion (iterations=4, step=0.22)",M4 Directional Diffusion,"{""iterations"": 4, ""step"": 0.22}",27.235133280733237,0.8482631195524931,0.0018901082247221315,25.958997451783787,0.8613647538882494,0.0025357139204731935,-1.2761358289494495,0.013101634335756285,0.0006456056957510621,0.028405608609318733,1.0271069000009447
196__M_Right_middle_finger.BMP,196,"M4 Directional Diffusion (iterations=4, step=0.22)",M4 Directional Diffusion,"{""iterations"": 4, ""step"": 0.22}",27.164009700572716,0.8754404190505147,0.0019213170198695128,26.6908644362644,0.8859969303389787,0.0021424641144659456,-0.47314526430831805,0.010556511288464021,0.00022114709459643278,0.02627936191856861,1.016745599998103
196__M_Right_ring_finger.BMP,196,"M4 Directional Diffusion (iterations=4, step=0.22)",M4 Directional Diffusion,"{""iterations"": 4, ""step"": 0.22}",27.057676189333762,0.8875853133841157,0.0019689395425137503,26.007159347909123,0.8942759537949562,0.002507748995995028,-1.0505168414246384,0.006690640410840443,0.0005388094534812776,0.029810216277837753,1.0050217999960296
196__M_Right_thumb_finger.BMP,196,"M4 Directional Diffusion (iterations=4, step=0.22)",M4 Directional Diffusion,"{""iterations"": 4, ""step"": 0.22}",27.64260682140499,0.8075118985310793,0.0017208353458780567,28.61927157519263,0.8312120307989717,0.0013742724569193085,0.9766647537876416,0.02370013226789236,-0.0003465628889587481,0.015523958951234818,0.9607517000040389
265__M_Left_index_finger.BMP,265,"M4 Directional Diffusion (iterations=4, step=0.22)",M4 Directional Diffusion,"{""iterations"": 4, ""step"": 0.22}",27.37477247790581,0.8335138076359629,0.0018303019913041506,27.893966603341752,0.8624227983757555,0.001624064748075424,0.5191941254359413,0.028908990739792584,-0.0002062372432287266,0.021295353770256042,0.9469605999984196
265__M_Left_little_finger.BMP,265,"M4 Directional Diffusion (iterations=4, step=0.22)",M4 Directional Diffusion,"{""iterations"": 4, ""step"": 0.22}",27.521793017059277,0.8208397956510186,0.0017693783065107287,27.312196228428007,0.8468564206561446,0.0018568652003620096,-0.20959678863126996,0.026016625005126026,8.748689385128087e-05,0.021533194929361343,0.9546207000021241
265__M_Left_middle_finger.BMP,265,"M4 Directional Diffusion (iterations=4, step=0.22)",M4 Directional Diffusion,"{""iterations"": 4, ""step"": 0.22}",27.421710121866024,0.8523282516956031,0.0018106269814393515,27.30067336450537,0.8720676503553391,0.0018617984463302562,-0.12103675736065256,0.01973939865973595,5.1171464890904664e-05,0.022685851901769638,0.8993664999943576
265__M_Left_ring_finger.BMP,265,"M4 Directional Diffusion (iterations=4, step=0.22)",M4 Directional Diffusion,"{""iterations"": 4, ""step"": 0.22}",27.322529482400647,0.8486792822626233,0.0018524523763336202,27.28598380227167,0.8686581436767579,0.0018681064493255887,-0.03654568012897741,0.01997886141413452,1.5654072991968518e-05,0.02304764837026596,0.9546420000042417
265__M_Left_thumb_finger.BMP,265,"M4 Directional Diffusion (iterations=4, step=0.22)",M4 Directional Diffusion,"{""iterations"": 4, ""step"": 0.22}",27.243867806531142,0.8530412479772568,0.0018863106612669986,27.332189988665398,0.8718208370240926,0.0018483363353427908,0.08832218213425591,0.018779589046835854,-3.797432592420784e-05,0.024158699437975883,0.9437872999988031
265__M_Right_index_finger.BMP,265,"M4 Directional Diffusion (iterations=4, step=0.22)",M4 Directional Diffusion,"{""iterations"": 4, ""step"": 0.22}",27.994514576044143,0.7635853212453126,0.0015868962811916459,29.106717600264975,0.7970180527424813,0.001228367280972169,1.1122030242208325,0.03343273149716863,-0.0003585290002194768,0.013115201145410538,0.9469630000021425
265__M_Right_little_finger.BMP,265,"M4 Directional Diffusion (iterations=4, step=0.22)",M4 Directional Diffusion,"{""iterations"": 4, ""step"": 0.22}",27.22406780249401,0.7860550264142155,0.0018949302106704036,28.425729207754557,0.8235140942595005,0.0014369017682545457,1.2016614052605483,0.037459067845284966,-0.00045802844241585794,0.016629043966531754,0.9436185999948066
265__M_Right_middle_finger.BMP,265,"M4 Directional Diffusion (iterations=4, step=0.22)",M4 Directional Diffusion,"{""iterations"": 4, ""step"": 0.22}",27.44169408769286,0.8604290589330197,0.0018023145602693164,27.957914429613773,0.8817095466737151,0.0016003263533639165,0.5162203419209135,0.021280487740695464,-0.00020198820690539988,0.019904671236872673,0.9521205999990343
265__M_Right_ring_finger.BMP,265,"M4 Directional Diffusion (iterations=4, step=0.22)",M4 Directional Diffusion,"{""iterations"": 4, ""step"": 0.22}",27.173464398425633,0.8322634105684161,0.0019171388150660998,28.312551945821,0.8627649115493894,0.001474839652149763,1.1390875473953663,0.030501500980973262,-0.00044229916291633684,0.018669474869966507,0.926589700000477
265__M_Right_thumb_finger.BMP,265,"M4 Directional Diffusion (iterations=4, step=0.22)",M4 Directional Diffusion,"{""iterations"": 4, ""step"": 0.22}",27.140057381383137,0.9020136943075061,0.001931942790954203,28.09265680720528,0.9188638824512958,0.0015514376237999185,0.9525994258221431,0.01685018814378969,-0.0003805051671542845,0.02158048190176487,0.9502227999983006
160__M_Left_index_finger.BMP,160,"M4 Directional Diffusion (iterations=4, step=0.22)",M4 Directional Diffusion,"{""iterations"": 4, ""step"": 0.22}",27.303570949514576,0.7907936160339714,0.0018605566806086,28.152892268790758,0.8224440945665836,0.0015300681435853852,0.8493213192761822,0.03165047853261227,-0.00033048853702321484,0.01770743727684021,0.9829477000021143
160__M_Left_little_finger.BMP,160,"M4 Directional Diffusion (iterations=4, step=0.22)",M4 Directional Diffusion,"{""iterations"": 4, ""step"": 0.22}",27.531663336668917,0.7885290796279312,0.0017653615622648393,27.379850143895265,0.8144093208165765,0.001828163297005008,-0.1518131927736519,0.025880241188645292,6.28017347401688e-05,0.021515604108572006,0.944316200002504
160__M_Left_middle_finger.BMP,160,"M4 Directional Diffusion (iterations=4, step=0.22)",M4 Directional Diffusion,"{""iterations"": 4, ""step"": 0.22}",27.146254995156678,0.8256858516879678,0.0019291877718492464,27.781620526427943,0.8533345568840504,0.0016666252119807378,0.6353655312712654,0.027648705196082535,-0.0002625625598685086,0.021164411678910255,0.9480523000020185
160__M_Left_ring_finger.BMP,160,"M4 Directional Diffusion (iterations=4, step=0.22)",M4 Directional Diffusion,"{""iterations"": 4, ""step"": 0.22}",27.23062336848946,0.8173601523184181,0.001892072018894839,28.16602917185808,0.8482492491597533,0.0015254468583207849,0.9354058033686208,0.03088909684133523,-0.00036662516057405425,0.018832210451364517,0.9572106999985408
160__M_Left_thumb_finger.BMP,160,"M4 Directional Diffusion (iterations=4, step=0.22)",M4 Directional Diffusion,"{""iterations"": 4, ""step"": 0.22}",27.108709341869236,0.8690183506274819,0.0019459382994065641,26.039494573950122,0.8791030383316278,0.002489146984989346,-1.0692147679191137,0.010084687704145945,0.0005432086855827818,0.029103923588991165,0.9106366999985767
160__M_Right_index_finger.BMP,160,"M4 Directional Diffusion (iterations=4, step=0.22)",M4 Directional Diffusion,"{""iterations"": 4, ""step"": 0.22}",26.99832164341442,0.8972657453120947,0.0019960335448471166,25.958221157410527,0.9046090151875913,0.0025361672157534097,-1.0401004860038938,0.007343269875496605,0.0005401336709062931,0.03150419890880585,0.9039884000012535
160__M_Right_little_finger.BMP,160,"M4 Directional Diffusion (iterations=4, step=0.22)",M4 Directional Diffusion,"{""iterations"": 4, ""step"": 0.22}",27.48913865843233,0.8360082027926445,0.001782732303870606,27.47719052820438,0.8585617723128199,0.0017876436361076362,-0.011948130227953158,0.0225535695201754,4.911332237030226e-06,0.02080727182328701,0.8960545000009006
160__M_Right_middle_finger.BMP,160,"M4 Directional Diffusion (iterations=4, step=0.22)",M4 Directional Diffusion,"{""iterations"": 4, ""step"": 0.22}",27.011266096070855,0.8938943397240638,0.001990093083780042,26.75712081960818,0.9062900048369169,0.002110026540648144,-0.25414527646267615,0.01239566511285306,0.00011993345686810196,0.026445917785167694,0.8912410999982967
160__M_Right_ring_finger.BMP,160,"M4 Directional Diffusion (iterations=4, step=0.22)",M4 Directional Diffusion,"{""iterations"": 4, ""step"": 0.22}",27.07201037653663,0.8671734888896943,0.0019624516353101543,26.8062055976496,0.8819719403430819,0.0020863128849040245,-0.265804778887027,0.014798451453387651,0.00012386124959387016,0.02607206255197525,0.9257374000007985
160__M_Right_thumb_finger.BMP,160,"M4 Directional Diffusion (iterations=4, step=0.22)",M4 Directional Diffusion,"{""iterations"": 4, ""step"": 0.22}",27.289347613496005,0.8825245719928742,0.0018666600748665795,28.19045981783784,0.902607652570486,0.001516889755265975,0.9011122043418354,0.020083080577611878,-0.00034977031960060456,0.021941695362329483,0.8954948000027798
62__M_Left_index_finger.BMP,62,"M4 Directional Diffusion (iterations=4, step=0.22)",M4 Directional Diffusion,"{""iterations"": 4, ""step"": 0.22}",27.274088464853573,0.8563027203037142,0.001873230211658336,26.919418153959636,0.8724815436124206,0.002032629314211123,-0.35467031089393686,0.016178823308706347,0.00015939910255278696,0.024028681218624115,0.9005516999968677
62__M_Left_little_finger.BMP,62,"M4 Directional Diffusion (iterations=4, step=0.22)",M4 Directional Diffusion,"{""iterations"": 4, ""step"": 0.22}",27.55815447129063,0.7999236232132911,0.0017546259694440607,27.512968195826296,0.8238493878994584,0.0017729773212005967,-0.04518627546433507,0.02392576468616725,1.835135175653601e-05,0.019869573414325714,0.9004443000012543
62__M_Left_middle_finger.BMP,62,"M4 Directional Diffusion (iterations=4, step=0.22)",M4 Directional Diffusion,"{""iterations"": 4, ""step"": 0.22}",27.09364508069681,0.8829929620497823,0.0019526998456379572,26.292247543014994,0.8916350195601582,0.0023484171630826895,-0.8013975376818152,0.008642057510375944,0.00039571731744473225,0.028299430385231972,0.9268311000050744
62__M_Left_ring_finger.BMP,62,"M4 Directional Diffusion (iterations=4, step=0.22)",M4 Directional Diffusion,"{""iterations"": 4, ""step"": 0.22}",27.34469167000693,0.8460635849570334,0.0018430233308815236,26.962489130112083,0.8617748712795973,0.002012570427805516,-0.3822025398948483,0.01571128632256391,0.0001695470969239922,0.022126059979200363,0.9303878999999142
62__M_Left_thumb_finger.BMP,62,"M4 Directional Diffusion (iterations=4, step=0.22)",M4 Directional Diffusion,"{""iterations"": 4, ""step"": 0.22}",27.055077921169186,0.8918692719667852,0.0019701178590208713,26.679845130818357,0.9021093885170222,0.0021479070670168345,-0.3752327903508288,0.010240116550236933,0.00017778920799596315,0.027971183881163597,0.9387378999963403
62__M_Right_index_finger.BMP,62,"M4 Directional Diffusion (iterations=4, step=0.22)",M4 Directional Diffusion,"{""iterations"": 4, ""step"": 0.22}",27.219071292957725,0.8454904471601248,0.0018971115612948335,27.411647221666616,0.8656170301400423,0.0018148271922093285,0.19257592870889084,0.02012658297991754,-8.228436908550496e-05,0.02298366092145443,0.9161375999974553
62__M_Right_little_finger.BMP,62,"M4 Directional Diffusion (iterations=4, step=0.22)",M4 Directional Diffusion,"{""iterations"": 4, ""step"": 0.22}",27.345322944919694,0.8500274815535546,0.001842755455076693,27.430537989027847,0.8677318602501154,0.0018069502733774401,0.08521504410815339,0.01770437869656083,-3.580518169925295e-05,0.022118041291832924,0.8684311000033631
62__M_Right_middle_finger.BMP,62,"M4 Directional Diffusion (iterations=4, step=0.22)",M4 Directional Diffusion,"{""iterations"": 4, ""step"": 0.22}",27.108900613178943,0.8883837219081521,0.001945852598577628,26.691890115662193,0.8997694690670371,0.002141958185442305,-0.417010497516749,0.011385747158885073,0.00019610558686467688,0.02718508243560791,0.8978434999953606
62__M_Right_ring_finger.BMP,62,"M4 Directional Diffusion (iterations=4, step=0.22)",M4 Directional Diffusion,"{""iterations"": 4, ""step"": 0.22}",27.062684935819536,0.8746964724934995,0.0019666700606983125,27.09177111664905,0.8887485993075966,0.0019535426099505453,0.029086180829512642,0.014052126814097177,-1.3127450747767166e-05,0.02418791875243187,1.0978902999995626
62__M_Right_thumb_finger.BMP,62,"M4 Directional Diffusion (iterations=4, step=0.22)",M4 Directional Diffusion,"{""iterations"": 4, ""step"": 0.22}",26.926085992200093,0.9124182408870757,0.0020295109590327716,27.173254383485723,0.9206495733059049,0.0019172315257831502,0.24716839128562995,0.00823133241882923,-0.00011227943324962136,0.02465508133172989,0.9309935999990557
298__M_Left_index_finger.BMP,298,"M4 Directional Diffusion (iterations=4, step=0.22)",M4 Directional Diffusion,"{""iterations"": 4, ""step"": 0.22}",27.21506173666514,0.8980616415718198,0.001898863848814617,26.188720469121883,0.9056908449943065,0.0024050712846446017,-1.026341267543259,0.007629203422486741,0.0005062074358299846,0.028228189796209335,1.1377397999967798
298__M_Left_little_finger.BMP,298,"M4 Directional Diffusion (iterations=4, step=0.22)",M4 Directional Diffusion,"{""iterations"": 4, ""step"": 0.22}",27.668090636120375,0.8152994267068505,0.0017107672839618286,27.10416054111022,0.8389064717555046,0.0019479775431062581,-0.5639300950101536,0.023607045048654074,0.0002372102591444295,0.022553322836756706,1.1247953999991296
298__M_Left_middle_finger.BMP,298,"M4 Directional Diffusion (iterations=4, step=0.22)",M4 Directional Diffusion,"{""iterations"": 4, ""step"": 0.22}",26.89100259050226,0.8927949140241146,0.002045972259286786,26.937357045656416,0.9096889759927989,0.0020242506874341842,0.04635445515415526,0.01689406196868426,-2.1721571852601883e-05,0.026658795773983,1.0680326000001514
298__M_Left_ring_finger.BMP,298,"M4 Directional Diffusion (iterations=4, step=0.22)",M4 Directional Diffusion,"{""iterations"": 4, ""step"": 0.22}",26.974147312555235,0.8789561929982305,0.0020071751371694177,26.634344797193712,0.8949398096570372,0.002170528637888447,-0.33980251536152295,0.015983616658806765,0.00016335350071902937,0.026916339993476868,1.0539149999967776
298__M_Left_thumb_finger.BMP,298,"M4 Directional Diffusion (iterations=4, step=0.22)",M4 Directional Diffusion,"{""iterations"": 4, ""step"": 0.22}",27.617141552360607,0.8357814332177043,0.0017309552677832224,27.87131369032617,0.8599064085080027,0.001632558043366345,0.25417213796556126,0.024124975290298445,-9.839722441687751e-05,0.01753709279000759,1.0989273000013782
298__M_Right_index_finger.BMP,298,"M4 Directional Diffusion (iterations=4, step=0.22)",M4 Directional Diffusion,"{""iterations"": 4, ""step"": 0.22}",27.472722246295017,0.8526852923721671,0.001789483817498891,27.88667770027333,0.8716650681692958,0.0016267927564505068,0.4139554539783141,0.01897977579712873,-0.0001626910610483842,0.021140016615390778,0.9043667000005371
298__M_Right_little_finger.BMP,298,"M4 Directional Diffusion (iterations=4, step=0.22)",M4 Directional Diffusion,"{""iterations"": 4, ""step"": 0.22}",27.499072655778257,0.8438631699736119,0.0017786591646247179,26.742029468226796,0.8628256692765951,0.0021173714514160324,-0.75704318755146,0.018962499302983216,0.00033871228679131457,0.02398872748017311,0.8556794000032824
298__M_Right_middle_finger.BMP,298,"M4 Directional Diffusion (iterations=4, step=0.22)",M4 Directional Diffusion,"{""iterations"": 4, ""step"": 0.22}",27.220693528847182,0.9116894049499035,0.00189640305868329,26.553921517185223,0.9167396776852608,0.002211097269571146,-0.6667720116619584,0.005050272735357297,0.00031469421088785613,0.0285181887447834,0.8445338000019547
298__M_Right_ring_finger.BMP,298,"M4 Directional Diffusion (iterations=4, step=0.22)",M4 Directional Diffusion,"{""iterations"": 4, ""step"": 0.22}",27.422696694736175,0.8674880841903388,0.0018102157138198314,26.36366980286006,0.88106270337075,0.0023101119129249905,-1.0590268918761154,0.01357461918041114,0.0004998961991051591,0.02727998048067093,0.7744319999983418
298__M_Right_thumb_finger.BMP,298,"M4 Directional Diffusion (iterations=4, step=0.22)",M4 Directional Diffusion,"{""iterations"": 4, ""step"": 0.22}",27.224693413952195,0.9114079438939094,0.0018946572611581649,28.419855546784127,0.9268867400391698,0.0014388464357688582,1.195162132831932,0.015478796145260376,-0.00045581082538930667,0.020493173971772194,0.8119337000025553
249__M_Left_index_finger.BMP,249,"M4 Directional Diffusion (iterations=4, step=0.22)",M4 Directional Diffusion,"{""iterations"": 4, ""step"": 0.22}",27.124570472016103,0.7470878210087121,0.0019388443829746948,28.638366759344645,0.7945620140848756,0.001368243280765045,1.5137962873285424,0.04747419307616352,-0.0005706011022096498,0.012935636565089226,0.7552332999985083
249__M_Left_little_finger.BMP,249,"M4 Directional Diffusion (iterations=4, step=0.22)",M4 Directional Diffusion,"{""iterations"": 4, ""step"": 0.22}",27.850348680485556,0.7587672882475555,0.0016404580610319855,27.67129397369532,0.7895524311261177,0.0017095058945648684,-0.17905470679023594,0.030785142878562266,6.904783353288294e-05,0.018244847655296326,0.7795666000019992
249__M_Left_middle_finger.BMP,249,"M4 Directional Diffusion (iterations=4, step=0.22)",M4 Directional Diffusion,"{""iterations"": 4, ""step"": 0.22}",27.086136842742746,0.7350637589780092,0.0019560786626691674,28.649139736476652,0.7831210068371892,0.001364853464078336,1.5630028937339056,0.048057247859179975,-0.0005912251985908314,0.01282297819852829,0.7905159999936586
249__M_Left_ring_finger.BMP,249,"M4 Directional Diffusion (iterations=4, step=0.22)",M4 Directional Diffusion,"{""iterations"": 4, ""step"": 0.22}",27.286670865582614,0.700930704194814,0.0018678109342006519,28.80413719829194,0.7555179718281627,0.001317001532049559,1.5174663327093256,0.05458726763334876,-0.0005508094021510928,0.011551139876246452,0.7899222999985795
249__M_Left_thumb_finger.BMP,249,"M4 Directional Diffusion (iterations=4, step=0.22)",M4 Directional Diffusion,"{""iterations"": 4, ""step"": 0.22}",26.984771156079184,0.8261111951120794,0.0020022711250024757,28.577637394795726,0.8612715076462626,0.0013875104430845534,1.5928662387165424,0.03516031253418317,-0.0006147606819179223,0.0183328278362751,0.818043300001591
249__M_Right_index_finger.BMP,249,"M4 Directional Diffusion (iterations=4, step=0.22)",M4 Directional Diffusion,"{""iterations"": 4, ""step"": 0.22}",27.925095882335967,0.77181945014894,0.001612465427378501,29.117826103756506,0.8039574385272861,0.001225229344277819,1.1927302214205397,0.03213798837834603,-0.00038723608310068216,0.013499815948307514,0.8209385000009206
249__M_Right_little_finger.BMP,249,"M4 Directional Diffusion (iterations=4, step=0.22)",M4 Directional Diffusion,"{""iterations"": 4, ""step"": 0.22}",27.657119233589647,0.6353878059021234,0.001715094588497569,28.948431148230934,0.6912946812453866,0.001273963206244414,1.2913119146412875,0.05590687534326322,-0.0004411313822531549,0.009492143988609314,0.8319814999995288
249__M_Right_middle_finger.BMP,249,"M4 Directional Diffusion (iterations=4, step=0.22)",M4 Directional Diffusion,"{""iterations"": 4, ""step"": 0.22}",27.168536038644476,0.7934208035671115,0.0019193156128915168,28.654299366830628,0.8340819107120633,0.0013632329144032207,1.4857633281861524,0.04066110714495175,-0.0005560826984882961,0.016152694821357727,0.7711579000024358
249__M_Right_ring_finger.BMP,249,"M4 Directional Diffusion (iterations=4, step=0.22)",M4 Directional Diffusion,"{""iterations"": 4, ""step"": 0.22}",27.08777009207556,0.788884221210897,0.0019553431793387643,28.817484721016022,0.8344474385787248,0.0013129600985913995,1.7297146289404637,0.04556321736782787,-0.0006423830807473648,0.014982054010033607,0.7937916000009864
249__M_Right_thumb_finger.BMP,249,"M4 Directional Diffusion (iterations=4, step=0.22)",M4 Directional Diffusion,"{""iterations"": 4, ""step"": 0.22}",28.10834497793756,0.6780079972983599,0.001545843421819905,29.61744198852063,0.7146000205036401,0.0010920833884359453,1.5090970105830692,0.03659202320528021,-0.00045376003338395976,0.011126141063869,0.7822250000026543
393__M_Left_index_finger.BMP,393,"M4 Directional Diffusion (iterations=4, step=0.22)",M4 Directional Diffusion,"{""iterations"": 4, ""step"": 0.22}",27.308206704505906,0.8914485091529191,0.0018585717409852326,26.602167657247357,0.9030389981903731,0.002186669937493071,-0.7060390472585496,0.011590489037454077,0.0003280981965078384,0.027742188423871994,0.7490739000058966
393__M_Left_little_finger.BMP,393,"M4 Directional Diffusion (iterations=4, step=0.22)",M4 Directional Diffusion,"{""iterations"": 4, ""step"": 0.22}",27.318831886242837,0.8610343153392672,0.0018540302314057613,26.383310367338538,0.8779196983584762,0.0022996882342361984,-0.9355215189042987,0.016885383019208944,0.0004456580028304371,0.027723345905542374,0.7040850000048522
393__M_Left_middle_finger.BMP,393,"M4 Directional Diffusion (iterations=4, step=0.22)",M4 Directional Diffusion,"{""iterations"": 4, ""step"": 0.22}",27.599379652066386,0.8259976084778606,0.0017380490746276103,26.123828073136657,0.8432204010382295,0.0024412777485257387,-1.4755515789297284,0.01722279256036885,0.0007032286738981285,0.026861635968089104,0.6972225999998045
393__M_Left_ring_finger.BMP,393,"M4 Directional Diffusion (iterations=4, step=0.22)",M4 Directional Diffusion,"{""iterations"": 4, ""step"": 0.22}",27.3096594584879,0.8725850996860862,0.001857950136045422,26.55205677040624,0.8854454766681195,0.0022120468606881,-0.7576026880816613,0.01286037698203324,0.0003540967246426778,0.026915987953543663,0.6883099999977276
393__M_Left_thumb_finger.BMP,393,"M4 Directional Diffusion (iterations=4, step=0.22)",M4 Directional Diffusion,"{""iterations"": 4, ""step"": 0.22}",27.203729999603823,0.8870638376303315,0.0019038248886444147,27.807210077646584,0.9045926393424273,0.0016568339773874894,0.6034800780427609,0.01752880171209581,-0.00024699091125692527,0.022696442902088165,0.7198893999957363
393__M_Right_index_finger.BMP,393,"M4 Directional Diffusion (iterations=4, step=0.22)",M4 Directional Diffusion,"{""iterations"": 4, ""step"": 0.22}",27.18564958969017,0.8956395128723978,0.0019117673533812795,26.812169646501403,0.907793251871258,0.0020834497741201176,-0.3734799431887659,0.012153738998860186,0.00017168242073883812,0.026334552094340324,0.6931304000027012
393__M_Right_little_finger.BMP,393,"M4 Directional Diffusion (iterations=4, step=0.22)",M4 Directional Diffusion,"{""iterations"": 4, ""step"": 0.22}",27.38883507911954,0.8566403560225367,0.0018243849968554713,27.281447367498327,0.8762304739908874,0.0018700588044683049,-0.10738771162121452,0.01959011796835064,4.567380761283358e-05,0.023681145161390305,0.6885011999984272
393__M_Right_middle_finger.BMP,393,"M4 Directional Diffusion (iterations=4, step=0.22)",M4 Directional Diffusion,"{""iterations"": 4, ""step"": 0.22}",27.34189386160175,0.8759159202563465,0.0018442110244102443,27.560492635863984,0.8928149957700372,0.001753681564146372,0.21859877426223306,0.016899075513690742,-9.052946026387237e-05,0.022936606779694557,0.6905796999999438
393__M_Right_ring_finger.BMP,393,"M4 Directional Diffusion (iterations=4, step=0.22)",M4 Directional Diffusion,"{""iterations"": 4, ""step"": 0.22}",27.53648716712822,0.8377262864155174,0.0017634018143036256,27.19991450987656,0.8567373353409767,0.0019054982269996494,-0.3365726572516614,0.01901104892545935,0.00014209641269602382,0.022820254787802696,0.6739783000011812
393__M_Right_thumb_finger.BMP,393,"M4 Directional Diffusion (iterations=4, step=0.22)",M4 Directional Diffusion,"{""iterations"": 4, ""step"": 0.22}",27.279869519902554,0.8713236901729107,0.0018707383442700316,27.387528672965786,0.889148410670042,0.0018249338747244707,0.10765915306323137,0.017824720497131352,-4.5804469545560837e-05,0.023062411695718765,0.6590821999998298
245__M_Left_index_finger.BMP,245,"M4 Directional Diffusion (iterations=4, step=0.22)",M4 Directional Diffusion,"{""iterations"": 4, ""step"": 0.22}",27.369483519165946,0.8475481766363681,0.0018325323416851827,27.656227738745915,0.8730904500321746,0.0017154466894310572,0.286744219579969,0.025542273395806503,-0.00011708565225412556,0.02128346636891365,0.6923744000014267
245__M_Left_little_finger.BMP,245,"M4 Directional Diffusion (iterations=4, step=0.22)",M4 Directional Diffusion,"{""iterations"": 4, ""step"": 0.22}",27.90731007442499,0.7520611994141341,0.0016190825516656838,28.660579365484395,0.7899902114598155,0.001361263072641189,0.7532692910594037,0.03792901204568144,-0.0002578194790244948,0.013920874334871769,0.6912037000001874
245__M_Left_middle_finger.BMP,245,"M4 Directional Diffusion (iterations=4, step=0.22)",M4 Directional Diffusion,"{""iterations"": 4, ""step"": 0.22}",27.144213089173356,0.8857407036245465,0.0019300950240497081,26.769288097140116,0.8999191930776238,0.002104123322952552,-0.3749249920332396,0.014178489453077314,0.000174028298902844,0.02594427391886711,0.6733268999960274
245__M_Left_ring_finger.BMP,245,"M4 Directional Diffusion (iterations=4, step=0.22)",M4 Directional Diffusion,"{""iterations"": 4, ""step"": 0.22}",27.034777154693998,0.8768079179877639,0.0019793485830217304,26.854995154402012,0.8914707106812596,0.0020630059690880526,-0.17978200029198632,0.014662792693495685,8.365738606632214e-05,0.025368059054017067,0.6774986999953398
245__M_Left_thumb_finger.BMP,245,"M4 Directional Diffusion (iterations=4, step=0.22)",M4 Directional Diffusion,"{""iterations"": 4, ""step"": 0.22}",27.29682163769929,0.864652694988966,0.0018634503945447873,27.235974526163854,0.8854177208788991,0.0018897421388093106,-0.060847111535434095,0.02076502588993312,2.6291744264523393e-05,0.025040755048394203,0.6947944999992615
245__M_Right_index_finger.BMP,245,"M4 Directional Diffusion (iterations=4, step=0.22)",M4 Directional Diffusion,"{""iterations"": 4, ""step"": 0.22}",27.86161374413362,0.7314716830980778,0.0016362084288809222,28.334760416223656,0.7472445975955129,0.0014673170309845232,0.473146672090035,0.01577291449743512,-0.000168891397896399,0.014667194336652756,0.7295542000065325
245__M_Right_little_finger.BMP,245,"M4 Directional Diffusion (iterations=4, step=0.22)",M4 Directional Diffusion,"{""iterations"": 4, ""step"": 0.22}",27.759733272900732,0.7882265864093005,0.0016750457477857116,27.969380083713943,0.8189473766275048,0.0015961069608807447,0.20964681081321146,0.030720790218204286,-7.893878690496694e-05,0.017697807401418686,0.7271614999990561
245__M_Right_middle_finger.BMP,245,"M4 Directional Diffusion (iterations=4, step=0.22)",M4 Directional Diffusion,"{""iterations"": 4, ""step"": 0.22}",27.610087418904833,0.8386277327285409,0.0017337690984571036,27.322101539874197,0.856220838717103,0.0018526349211832095,-0.28798587903063577,0.01759310598856212,0.00011886582272610589,0.022118516266345978,0.7167258999979822
245__M_Right_ring_finger.BMP,245,"M4 Directional Diffusion (iterations=4, step=0.22)",M4 Directional Diffusion,"{""iterations"": 4, ""step"": 0.22}",27.62839155773911,0.8352236195013225,0.0017264771874037441,27.173165026341103,0.8585153350753785,0.0019172709736933434,-0.45522653139800795,0.02329171557405596,0.00019079378628959927,0.0220070518553257,0.7465236999996705
245__M_Right_thumb_finger.BMP,245,"M4 Directional Diffusion (iterations=4, step=0.22)",M4 Directional Diffusion,"{""iterations"": 4, ""step"": 0.22}",27.02799729760429,0.9315969390202463,0.0019824409964453883,27.52997989880326,0.9393923089642227,0.0017660459947609736,0.5019826011989679,0.007795369943976338,-0.00021639500168441463,0.026115821674466133,0.7764709999974002
353__M_Left_index_finger.BMP,353,"M4 Directional Diffusion (iterations=4, step=0.22)",M4 Directional Diffusion,"{""iterations"": 4, ""step"": 0.22}",27.210708483175573,0.7456378089148998,0.0019007681741822528,28.507041313315682,0.7871545388925075,0.0014102492215472633,1.2963328301401091,0.04151672997760769,-0.0004905189526349895,0.012249532155692577,0.7493146000051638
353__M_Left_little_finger.BMP,353,"M4 Directional Diffusion (iterations=4, step=0.22)",M4 Directional Diffusion,"{""iterations"": 4, ""step"": 0.22}",27.310469338294897,0.8111156491096616,0.0018576036946173202,28.05504439508876,0.8435145627005994,0.001564932321861945,0.7445750567938632,0.03239891359093783,-0.00029267137275537517,0.019476665183901787,0.7215177999969455
353__M_Left_middle_finger.BMP,353,"M4 Directional Diffusion (iterations=4, step=0.22)",M4 Directional Diffusion,"{""iterations"": 4, ""step"": 0.22}",27.07881538087769,0.8079627258788943,0.001959379057768534,28.28218299931994,0.8431506033856273,0.0014851889182289344,1.2033676184422504,0.03518787750673302,-0.0004741901395395997,0.016116788610816002,0.7360851999983424
353__M_Left_ring_finger.BMP,353,"M4 Directional Diffusion (iterations=4, step=0.22)",M4 Directional Diffusion,"{""iterations"": 4, ""step"": 0.22}",26.889426053059687,0.8387388352847099,0.0020467151048752454,27.924112108385422,0.869202709139347,0.0016128307281662465,1.0346860553257358,0.030463873854637114,-0.0004338843767089989,0.019703572615981102,0.7197271999975783
353__M_Left_thumb_finger.BMP,353,"M4 Directional Diffusion (iterations=4, step=0.22)",M4 Directional Diffusion,"{""iterations"": 4, ""step"": 0.22}",27.050436755067842,0.817199472497642,0.0019722243862978625,28.691188179426454,0.8518882527289391,0.0013517027023903577,1.640751424358612,0.03468878023129707,-0.0006205216839075048,0.017020173370838165,0.7870105000038166
353__M_Right_index_finger.BMP,353,"M4 Directional Diffusion (iterations=4, step=0.22)",M4 Directional Diffusion,"{""iterations"": 4, ""step"": 0.22}",27.759630496506418,0.7777755392009615,0.001675085388445793,28.681406346805005,0.809101429213345,0.0013547506414637756,0.9217758502985873,0.031325890012383506,-0.0003203347469820175,0.013978683389723301,0.7972498999952222
353__M_Right_little_finger.BMP,353,"M4 Directional Diffusion (iterations=4, step=0.22)",M4 Directional Diffusion,"{""iterations"": 4, ""step"": 0.22}",27.173805315813695,0.7856670542563796,0.001916988327244512,28.58354149983775,0.8275293549582958,0.0013856254452615077,1.4097361840240552,0.04186230070191621,-0.0005313628819830043,0.015756433829665184,0.8111313999979757
353__M_Right_middle_finger.BMP,353,"M4 Directional Diffusion (iterations=4, step=0.22)",M4 Directional Diffusion,"{""iterations"": 4, ""step"": 0.22}",26.857230134638407,0.8565264380849004,0.002061944571451783,28.29759775670215,0.8877210673213601,0.0014799267640027353,1.440367622063743,0.03119462923645977,-0.0005820178074490477,0.01896965503692627,0.8166617000024416
353__M_Right_ring_finger.BMP,353,"M4 Directional Diffusion (iterations=4, step=0.22)",M4 Directional Diffusion,"{""iterations"": 4, ""step"": 0.22}",26.911811584863287,0.8226192198185026,0.0020361925377766475,28.74792171791977,0.8660565501374602,0.0013341597310690817,1.8361101330564829,0.04343733031895758,-0.0007020328067075658,0.016449084505438805,0.8608489999969606
353__M_Right_thumb_finger.BMP,353,"M4 Directional Diffusion (iterations=4, step=0.22)",M4 Directional Diffusion,"{""iterations"": 4, ""step"": 0.22}",27.32793629146971,0.8724088980541229,0.0018501475751853827,28.415071829875277,0.8903379201720357,0.0014404321861076355,1.0871355384055654,0.017929022117912807,-0.0004097153890777472,0.017898986116051674,0.8824531999998726
382__M_Left_index_finger.BMP,382,"M4 Directional Diffusion (iterations=4, step=0.22)",M4 Directional Diffusion,"{""iterations"": 4, ""step"": 0.22}",27.724036629139857,0.7947871396856904,0.0016888704505084351,26.28826876645445,0.8163108840695024,0.0023505696446407373,-1.435767862685406,0.021523744383811994,0.0006616991941323022,0.025480426847934723,0.8350972000043839
382__M_Left_little_finger.BMP,382,"M4 Directional Diffusion (iterations=4, step=0.22)",M4 Directional Diffusion,"{""iterations"": 4, ""step"": 0.22}",27.09271034075746,0.893729249388218,0.0019531201740218458,26.236719829769235,0.9042549758662284,0.0023786361615653726,-0.8559905109882244,0.010525726478010422,0.0004255159875435268,0.029902169480919838,0.7831160999994609
382__M_Left_middle_finger.BMP,382,"M4 Directional Diffusion (iterations=4, step=0.22)",M4 Directional Diffusion,"{""iterations"": 4, ""step"": 0.22}",27.57607971360535,0.8350109269056917,0.0017473987819297552,26.76648522929706,0.8518320053036809,0.0021054817291394357,-0.8095944843082883,0.016821078397989186,0.0003580829472096805,0.02514049783349037,0.7309686000007787
382__M_Left_ring_finger.BMP,382,"M4 Directional Diffusion (iterations=4, step=0.22)",M4 Directional Diffusion,"{""iterations"": 4, ""step"": 0.22}",27.060884356324884,0.8998926139307618,0.0019674856086986654,26.043332577793525,0.9082646882779002,0.002486948215254003,-1.0175517785313595,0.00837207434713838,0.0005194626065553377,0.03079252690076828,0.7172309000015957
382__M_Left_thumb_finger.BMP,382,"M4 Directional Diffusion (iterations=4, step=0.22)",M4 Directional Diffusion,"{""iterations"": 4, ""step"": 0.22}",27.255791680260188,0.8907386924384832,0.0018811387600763264,27.455412575497277,0.9071468030256629,0.0017966303939412234,0.19962089523708926,0.016408110587179614,-8.450836613510299e-05,0.02566307969391346,0.6813199000025634
382__M_Right_index_finger.BMP,382,"M4 Directional Diffusion (iterations=4, step=0.22)",M4 Directional Diffusion,"{""iterations"": 4, ""step"": 0.22}",27.455173245065584,0.8698757472695112,0.0017967294051407137,27.10836283768178,0.8895858496013284,0.0019460935633338785,-0.34681040738380275,0.019710102331817136,0.00014936415819316487,0.025583667680621147,0.7206233000033535
382__M_Right_little_finger.BMP,382,"M4 Directional Diffusion (iterations=4, step=0.22)",M4 Directional Diffusion,"{""iterations"": 4, ""step"": 0.22}",27.739852403413927,0.8104227801680863,0.001682731248342592,27.254787595016957,0.8362653737573623,0.001881573728078969,-0.4850648083969702,0.025842593589275986,0.000198842479736377,0.022890731692314148,0.7842691999976523
382__M_Right_middle_finger.BMP,382,"M4 Directional Diffusion (iterations=4, step=0.22)",M4 Directional Diffusion,"{""iterations"": 4, ""step"": 0.22}",27.363344701743767,0.8778663659537435,0.0018351244851289054,26.43740704093341,0.8914590460038782,0.0022712204813619585,-0.9259376608103551,0.013592680050134698,0.00043609599623305314,0.028943447396159172,0.8127219000016339
382__M_Right_ring_finger.BMP,382,"M4 Directional Diffusion (iterations=4, step=0.22)",M4 Directional Diffusion,"{""iterations"": 4, ""step"": 0.22}",27.682723706584703,0.8205907543003559,0.0017050127435947287,27.771213478393378,0.8449252367206812,0.0016706237538824447,0.08848977180867479,0.02433448242032532,-3.438898971228391e-05,0.021266765892505646,0.8197464999975637
382__M_Right_thumb_finger.BMP,382,"M4 Directional Diffusion (iterations=4, step=0.22)",M4 Directional Diffusion,"{""iterations"": 4, ""step"": 0.22}",27.614139616680177,0.8601692046675384,0.001732152154429862,28.65457008934866,0.8819110195631384,0.0013631479383420374,1.0404304726684828,0.02174181489560001,-0.00036900421608782453,0.018059024587273598,0.8658294999986538
95__M_Left_index_finger.BMP,95,"M4 Directional Diffusion (iterations=4, step=0.22)",M4 Directional Diffusion,"{""iterations"": 4, ""step"": 0.22}",27.39134677204572,0.8359918886170089,0.0018233301895119857,27.457294501176918,0.8608094140275717,0.001795852029823916,0.0659477291311994,0.024817525410562813,-2.7478159688069676e-05,0.02017517015337944,0.8627154000059818
95__M_Left_little_finger.BMP,95,"M4 Directional Diffusion (iterations=4, step=0.22)",M4 Directional Diffusion,"{""iterations"": 4, ""step"": 0.22}",27.54402322678643,0.7636391966834069,0.0017603445389775525,28.50618424080253,0.7980990739288926,0.0014105275592118454,0.9621610140161003,0.034459877245485715,-0.0003498169797657071,0.011748113669455051,0.8819244999976945
95__M_Left_middle_finger.BMP,95,"M4 Directional Diffusion (iterations=4, step=0.22)",M4 Directional Diffusion,"{""iterations"": 4, ""step"": 0.22}",27.293829348976956,0.8689211923083067,0.001864734754166977,27.127672150475245,0.8841892610964776,0.0019374601782071402,-0.16615719850171118,0.015268068788170885,7.272542404016327e-05,0.02361488714814186,0.805252099999052
95__M_Left_ring_finger.BMP,95,"M4 Directional Diffusion (iterations=4, step=0.22)",M4 Directional Diffusion,"{""iterations"": 4, ""step"": 0.22}",27.092209087232433,0.8861374237051011,0.001953345612039718,26.962687020795585,0.8981734395698905,0.0020124787250829345,-0.1295220664368486,0.012036015864789418,5.9133113043216556e-05,0.023925112560391426,0.7609681000030832
95__M_Left_thumb_finger.BMP,95,"M4 Directional Diffusion (iterations=4, step=0.22)",M4 Directional Diffusion,"{""iterations"": 4, ""step"": 0.22}",27.28356618176967,0.8596593739498853,0.001869146672021306,27.74706386968553,0.8788419248145819,0.0016799393892097043,0.4634976879158579,0.019182550864696557,-0.00018920728281160166,0.018800489604473114,0.78541199999745
95__M_Right_index_finger.BMP,95,"M4 Directional Diffusion (iterations=4, step=0.22)",M4 Directional Diffusion,"{""iterations"": 4, ""step"": 0.22}",27.733939330068015,0.7975209111049771,0.0016850239070106336,28.368241529165196,0.8281364351866841,0.0014560485194700242,0.6343021990971813,0.03061552408170698,-0.00022897538754060938,0.015668386593461037,0.7583266999936313
95__M_Right_little_finger.BMP,95,"M4 Directional Diffusion (iterations=4, step=0.22)",M4 Directional Diffusion,"{""iterations"": 4, ""step"": 0.22}",27.35006041895754,0.8177310701611936,0.0018407463928654848,27.238031780711527,0.8394208717916012,0.0018888471792557222,-0.11202863824601295,0.021689801630407568,4.8100786390237356e-05,0.02048918604850769,0.7727252000040608
95__M_Right_middle_finger.BMP,95,"M4 Directional Diffusion (iterations=4, step=0.22)",M4 Directional Diffusion,"{""iterations"": 4, ""step"": 0.22}",27.256887464854394,0.8745515389959216,0.001880664182818134,26.953927156095176,0.8878231061168314,0.0020165420584251177,-0.30296030875921787,0.01327156712090971,0.00013587787560698358,0.023732353001832962,0.7246050000030664
95__M_Right_ring_finger.BMP,95,"M4 Directional Diffusion (iterations=4, step=0.22)",M4 Directional Diffusion,"{""iterations"": 4, ""step"": 0.22}",27.06599395535293,0.8813759167299867,0.0019651721666833826,26.61310106601896,0.8923071067335605,0.0021811718967636408,-0.4528928893339703,0.010931190003573787,0.0002159997300802581,0.026457199826836586,0.6948628000027384
95__M_Right_thumb_finger.BMP,95,"M4 Directional Diffusion (iterations=4, step=0.22)",M4 Directional Diffusion,"{""iterations"": 4, ""step"": 0.22}",27.280560331397304,0.858041308440566,0.0018704407985196255,28.21867871299949,0.8804384503609538,0.001507065502400402,0.9381183816021874,0.022397141920387775,-0.0003633752961192235,0.01624159887433052,0.75726730000315
344__M_Left_index_finger.BMP,344,"M4 Directional Diffusion (iterations=4, step=0.22)",M4 Directional Diffusion,"{""iterations"": 4, ""step"": 0.22}",27.762510472264623,0.7805653719962835,0.0016739749423528873,28.07589361068679,0.8104927323750853,0.0015574375412305559,0.3133831384221679,0.029927360378801837,-0.00011653740112233142,0.01781524531543255,0.7198944999981904
344__M_Left_little_finger.BMP,344,"M4 Directional Diffusion (iterations=4, step=0.22)",M4 Directional Diffusion,"{""iterations"": 4, ""step"": 0.22}",27.452418963348357,0.827007361033082,0.0017978692465879286,27.30453838676913,0.8514573130287528,0.0018601422679334551,-0.14788057657922593,0.024449951995670793,6.227302134552653e-05,0.021923987194895744,0.686186999999336
344__M_Left_middle_finger.BMP,344,"M4 Directional Diffusion (iterations=4, step=0.22)",M4 Directional Diffusion,"{""iterations"": 4, ""step"": 0.22}",27.198867390325397,0.8704623010368348,0.0019059577136130844,26.531228298008983,0.8839098489655852,0.0022226811695694655,-0.6676390923164135,0.01344754792875047,0.00031672345595638103,0.027261115610599518,0.6699672999966424
344__M_Left_ring_finger.BMP,344,"M4 Directional Diffusion (iterations=4, step=0.22)",M4 Directional Diffusion,"{""iterations"": 4, ""step"": 0.22}",27.60905736985692,0.799125665891707,0.0017341803583473727,28.13620417518071,0.8276207763021887,0.0015359588565421326,0.5271468053237882,0.028495110410481694,-0.0001982215018052401,0.017491862177848816,0.6692003999996814
344__M_Left_thumb_finger.BMP,344,"M4 Directional Diffusion (iterations=4, step=0.22)",M4 Directional Diffusion,"{""iterations"": 4, ""step"": 0.22}",27.632042690311692,0.8132330956027806,0.0017250263404855889,27.70037810302684,0.8394706261470318,0.0016980958073609387,0.06833541271514676,0.026237530544251264,-2.6930533124650208e-05,0.017874468117952347,0.7011019999990822
344__M_Right_index_finger.BMP,344,"M4 Directional Diffusion (iterations=4, step=0.22)",M4 Directional Diffusion,"{""iterations"": 4, ""step"": 0.22}",28.06532231982077,0.7543945262865425,0.0015612331638131629,28.86515354556292,0.7857224480096102,0.001298627649813041,0.7998312257421496,0.03132792172306775,-0.00026260551400012194,0.013095388188958168,0.689273800002411
344__M_Right_little_finger.BMP,344,"M4 Directional Diffusion (iterations=4, step=0.22)",M4 Directional Diffusion,"{""iterations"": 4, ""step"": 0.22}",27.731778392957537,0.7995503482174575,0.0016858625399856957,28.009915211439555,0.8265822304732203,0.0015812789107318712,0.2781368184820181,0.027031882255762807,-0.0001045836292538245,0.017913818359375,0.6977748999997857
344__M_Right_middle_finger.BMP,344,"M4 Directional Diffusion (iterations=4, step=0.22)",M4 Directional Diffusion,"{""iterations"": 4, ""step"": 0.22}",27.123512802150984,0.8627072790634036,0.001939316621763977,26.95512414382818,0.8806021484960914,0.002015986342522717,-0.16838865832280447,0.01789486943268781,7.666972075874015e-05,0.025548676028847694,0.694154199998593
344__M_Right_ring_finger.BMP,344,"M4 Directional Diffusion (iterations=4, step=0.22)",M4 Directional Diffusion,"{""iterations"": 4, ""step"": 0.22}",27.835652295697912,0.7775291997701526,0.0016460187212879532,27.905430291232648,0.8051895835900903,0.0016197835006906097,0.06977799553473574,0.02766038381993774,-2.6235220597343447e-05,0.017858337610960007,0.7204536999997799
344__M_Right_thumb_finger.BMP,344,"M4 Directional Diffusion (iterations=4, step=0.22)",M4 Directional Diffusion,"{""iterations"": 4, ""step"": 0.22}",27.33616603778286,0.8854889540035129,0.0018466449224242521,27.66624589510076,0.9006318837256432,0.0017114941163478181,0.33007985731790157,0.015142929722130272,-0.00013515080607643401,0.022067170590162277,0.697516899999755
11__M_Left_index_finger.BMP,11,"M4 Directional Diffusion (iterations=4, step=0.22)",M4 Directional Diffusion,"{""iterations"": 4, ""step"": 0.22}",27.203616911366883,0.9008611038495302,0.0019038744639929986,24.73345476770909,0.9024717169260978,0.003362439843453568,-2.4701621436577916,0.001610613076567624,0.0014585653794605693,0.038211025297641754,0.7185119000059785
11__M_Left_little_finger.BMP,11,"M4 Directional Diffusion (iterations=4, step=0.22)",M4 Directional Diffusion,"{""iterations"": 4, ""step"": 0.22}",27.603947845869165,0.8116633612370789,0.0017362218419469892,26.538908817472098,0.8347778242444992,0.0022187538206832422,-1.0650390283970665,0.02311446300742026,0.0004825319787362531,0.025369975715875626,0.7583273999989615
11__M_Left_middle_finger.BMP,11,"M4 Directional Diffusion (iterations=4, step=0.22)",M4 Directional Diffusion,"{""iterations"": 4, ""step"": 0.22}",27.590430544347054,0.8268025367977023,0.0017416342053143082,26.834564032171752,0.8481165467714668,0.002072734121180444,-0.7558665121753023,0.021314009973764425,0.0003310999158661356,0.02339871972799301,0.7303537999978289
11__M_Left_ring_finger.BMP,11,"M4 Directional Diffusion (iterations=4, step=0.22)",M4 Directional Diffusion,"{""iterations"": 4, ""step"": 0.22}",27.392334022377923,0.8411362929831148,0.001822915752113899,25.592733828521617,0.8588699326976538,0.002758840654404806,-1.7996001938563069,0.017733639714539007,0.0009359249022909072,0.030418816953897476,0.7440867999976035
11__M_Left_thumb_finger.BMP,11,"M4 Directional Diffusion (iterations=4, step=0.22)",M4 Directional Diffusion,"{""iterations"": 4, ""step"": 0.22}",27.226832768569444,0.8868178059300185,0.0018937241741067202,26.013169252475308,0.8933706289573908,0.0025042810935728944,-1.2136635160941367,0.0065528230273723675,0.0006105569194661742,0.03002590872347355,0.7532808000032674
11__M_Right_index_finger.BMP,11,"M4 Directional Diffusion (iterations=4, step=0.22)",M4 Directional Diffusion,"{""iterations"": 4, ""step"": 0.22}",27.136074356580547,0.9018011115424037,0.001933715437414644,26.61947647915616,0.912471363221407,0.0021779723004817144,-0.5165978774243882,0.010670251679003262,0.0002442568630670705,0.028402162715792656,0.8055795999971451
11__M_Right_little_finger.BMP,11,"M4 Directional Diffusion (iterations=4, step=0.22)",M4 Directional Diffusion,"{""iterations"": 4, ""step"": 0.22}",27.152824278914682,0.8622665558641552,0.0019262718237624946,26.228923825447914,0.8792236828856468,0.002382909877335904,-0.9239004534667679,0.016957127021491547,0.00045663805357340926,0.02900286391377449,0.7583553999938886
11__M_Right_middle_finger.BMP,11,"M4 Directional Diffusion (iterations=4, step=0.22)",M4 Directional Diffusion,"{""iterations"": 4, ""step"": 0.22}",27.00580270522638,0.9078310691341758,0.001992598180785455,26.22976959122348,0.9155383288453818,0.002382445863291399,-0.7760331140028995,0.007707259711206005,0.0003898476825059437,0.030644491314888,0.7361988999982714
11__M_Right_ring_finger.BMP,11,"M4 Directional Diffusion (iterations=4, step=0.22)",M4 Directional Diffusion,"{""iterations"": 4, ""step"": 0.22}",27.021850611583677,0.8927556960483194,0.0019852487847385036,26.1823769487928,0.9034232358566523,0.002408586817753272,-0.8394736627908763,0.010667539808332904,0.00042333803301476854,0.030301934108138084,0.7263167999990401
11__M_Right_thumb_finger.BMP,11,"M4 Directional Diffusion (iterations=4, step=0.22)",M4 Directional Diffusion,"{""iterations"": 4, ""step"": 0.22}",27.17641616657664,0.8897543843449354,0.001915836236548887,27.50244363678268,0.9057064136622548,0.0017772791102750513,0.3260274702060393,0.015952029317319427,-0.00013855712627383566,0.023185651749372482,0.7317842000047676
596__M_Left_index_finger.BMP,596,"M4 Directional Diffusion (iterations=4, step=0.22)",M4 Directional Diffusion,"{""iterations"": 4, ""step"": 0.22}",27.260806598241672,0.8798176140753031,0.0018789678110145568,26.314227916024922,0.8917793693995476,0.002336561456634801,-0.9465786822167495,0.011961755324244483,0.0004575936456202444,0.027754737064242363,0.7369976999980281
596__M_Left_little_finger.BMP,596,"M4 Directional Diffusion (iterations=4, step=0.22)",M4 Directional Diffusion,"{""iterations"": 4, ""step"": 0.22}",27.245229741228027,0.8731450250470638,0.0018857192125455908,25.59275637446605,0.881561165572822,0.0027588263322088705,-1.6524733667619778,0.008416140525758231,0.0008731071196632796,0.03117816336452961,0.7333632000008947
596__M_Left_middle_finger.BMP,596,"M4 Directional Diffusion (iterations=4, step=0.22)",M4 Directional Diffusion,"{""iterations"": 4, ""step"": 0.22}",26.99262791235228,0.912509316891849,0.0019986521208996,25.72529847318588,0.9166989109734893,0.0026759016828851296,-1.2673294391663994,0.004189594081640324,0.0006772495619855297,0.032802753150463104,0.703800900002534
596__M_Left_ring_finger.BMP,596,"M4 Directional Diffusion (iterations=4, step=0.22)",M4 Directional Diffusion,"{""iterations"": 4, ""step"": 0.22}",27.129796070868846,0.8973039204165042,0.001936512893520118,26.06717782479099,0.90808240023309,0.0024733308671543303,-1.0626182460778573,0.010778479816585751,0.0005368179736342123,0.029380930587649345,0.6746378999960143
596__M_Left_thumb_finger.BMP,596,"M4 Directional Diffusion (iterations=4, step=0.22)",M4 Directional Diffusion,"{""iterations"": 4, ""step"": 0.22}",27.379324201259738,0.8905684232832194,0.0018283847060455828,27.80735459806965,0.904641132923007,0.0016567788437458365,0.4280303968099126,0.014072709639787573,-0.00017160586229974639,0.016420628875494003,0.6947136999951908
596__M_Right_index_finger.BMP,596,"M4 Directional Diffusion (iterations=4, step=0.22)",M4 Directional Diffusion,"{""iterations"": 4, ""step"": 0.22}",27.133718326101807,0.9018753187772035,0.001934764755031613,26.51943405285938,0.9101310636352896,0.0022287255648135527,-0.6142842732424256,0.008255744858086111,0.00029396080978193965,0.02721107192337513,0.6703247000041301
596__M_Right_little_finger.BMP,596,"M4 Directional Diffusion (iterations=4, step=0.22)",M4 Directional Diffusion,"{""iterations"": 4, ""step"": 0.22}",27.37921045502823,0.8755564471014738,0.0018284325939654745,25.970842831334654,0.8848699170316457,0.002528807185521116,-1.4083676236935752,0.009313469930171903,0.0007003745915556414,0.029939422383904457,0.6922320000012405
596__M_Right_middle_finger.BMP,596,"M4 Directional Diffusion (iterations=4, step=0.22)",M4 Directional Diffusion,"{""iterations"": 4, ""step"": 0.22}",26.909507831988964,0.9266714336516261,0.0020372729403576964,25.67093577097292,0.9279779702627658,0.0027096077318972452,-1.2385720610160433,0.0013065366111397747,0.0006723347915395489,0.03359290957450867,0.6427727999980561
596__M_Right_ring_finger.BMP,596,"M4 Directional Diffusion (iterations=4, step=0.22)",M4 Directional Diffusion,"{""iterations"": 4, ""step"": 0.22}",27.017619156241306,0.899512990084827,0.001987184012026754,26.242369502185568,0.9079960533442497,0.0023755438409219297,-0.7752496540557381,0.008483063259422718,0.0003883598288951756,0.027516856789588928,0.6433897999959299
596__M_Right_thumb_finger.BMP,596,"M4 Directional Diffusion (iterations=4, step=0.22)",M4 Directional Diffusion,"{""iterations"": 4, ""step"": 0.22}",27.048373670607816,0.9173447010877133,0.001973161499765388,27.354229773944454,0.926631795550406,0.001838980070089149,0.3058561033366374,0.009287094462692713,-0.00013418142967623918,0.020100051537156105,0.6639428999988013
64__M_Left_index_finger.BMP,64,"M4 Directional Diffusion (iterations=4, step=0.22)",M4 Directional Diffusion,"{""iterations"": 4, ""step"": 0.22}",27.62826064340018,0.8292306531518697,0.0017265292313591058,26.11825040024646,0.8457206825581789,0.0024444151119977376,-1.5100102431537188,0.01649002940630917,0.0007178858806386318,0.02804284542798996,0.6914026000013109
64__M_Left_little_finger.BMP,64,"M4 Directional Diffusion (iterations=4, step=0.22)",M4 Directional Diffusion,"{""iterations"": 4, ""step"": 0.22}",27.893549799331836,0.7610234317880273,0.0016242206213852067,27.719869538074974,0.7920487270506621,0.0016904917131981272,-0.17368026125686242,0.031025295262634756,6.627109181292046e-05,0.01813553273677826,0.6843095000003814
64__M_Left_middle_finger.BMP,64,"M4 Directional Diffusion (iterations=4, step=0.22)",M4 Directional Diffusion,"{""iterations"": 4, ""step"": 0.22}",27.366287206965186,0.8809769827733636,0.0018338815417542622,26.290554578549738,0.8901194930166006,0.0023493328002811027,-1.075732628415448,0.00914251024323709,0.0005154512585268404,0.029196910560131073,0.7602714000022388
64__M_Left_ring_finger.BMP,64,"M4 Directional Diffusion (iterations=4, step=0.22)",M4 Directional Diffusion,"{""iterations"": 4, ""step"": 0.22}",27.55558662593171,0.8294891931387186,0.001755663730828133,27.36904150370981,0.851523733446598,0.0018327188623237013,-0.18654512222190078,0.022034540307879436,7.705513149556826e-05,0.02299196831882,0.7614313999947626
64__M_Left_thumb_finger.BMP,64,"M4 Directional Diffusion (iterations=4, step=0.22)",M4 Directional Diffusion,"{""iterations"": 4, ""step"": 0.22}",27.204435955098237,0.91235571216169,0.0019035154427577963,26.259718453617836,0.9186248188077808,0.0023660730813649428,-0.944717501480401,0.006269106646090816,0.0004625576386071465,0.030995743349194527,0.8244485999966855
64__M_Right_index_finger.BMP,64,"M4 Directional Diffusion (iterations=4, step=0.22)",M4 Directional Diffusion,"{""iterations"": 4, ""step"": 0.22}",27.238002271579553,0.8908969863732458,0.001888860013503536,26.6107503519557,0.9017415735905171,0.002182352823427704,-0.627251919623852,0.010844587217271329,0.0002934928099241679,0.028415292501449585,0.837331800001266
64__M_Right_little_finger.BMP,64,"M4 Directional Diffusion (iterations=4, step=0.22)",M4 Directional Diffusion,"{""iterations"": 4, ""step"": 0.22}",27.444163471016246,0.8477464560411573,0.0018012900617678633,26.93993184046283,0.8642027326927781,0.002023050928824472,-0.5042316305534165,0.01645627665162086,0.00022176086705660869,0.024350527673959732,0.8054478999983985
64__M_Right_middle_finger.BMP,64,"M4 Directional Diffusion (iterations=4, step=0.22)",M4 Directional Diffusion,"{""iterations"": 4, ""step"": 0.22}",27.4283313174614,0.8536297265289425,0.0018078686269653874,26.618050526055654,0.8660673613783717,0.0021786875286038954,-0.810280791405745,0.012437634849429169,0.00037081890163850797,0.02704056352376938,0.7970689999929164
64__M_Right_ring_finger.BMP,64,"M4 Directional Diffusion (iterations=4, step=0.22)",M4 Directional Diffusion,"{""iterations"": 4, ""step"": 0.22}",27.374413374669906,0.8559058133390546,0.0018304533389655862,26.124865922507162,0.8654441927081347,0.0024406944171773116,-1.2495474521627443,0.009538379369080086,0.0006102410782117254,0.028545372188091278,0.8012240999960341
64__M_Right_thumb_finger.BMP,64,"M4 Directional Diffusion (iterations=4, step=0.22)",M4 Directional Diffusion,"{""iterations"": 4, ""step"": 0.22}",27.17219743797839,0.9198942623021007,0.0019176981805384982,28.219132971343527,0.9332403396999835,0.0015069078763411514,1.0469355333651365,0.01334607739788285,-0.00041079030419734685,0.023145107552409172,0.8269459000002826
135__F_Left_index_finger.BMP,135,"M4 Directional Diffusion (iterations=4, step=0.22)",M4 Directional Diffusion,"{""iterations"": 4, ""step"": 0.22}",27.423818629850537,0.8518224754294157,0.0018097481319487815,26.974138001635517,0.8761506295662522,0.002007179440393929,-0.4496806282150203,0.024328154136836533,0.00019743130844514733,0.025751162320375443,0.7764194999981555
135__F_Left_little_finger.BMP,135,"M4 Directional Diffusion (iterations=4, step=0.22)",M4 Directional Diffusion,"{""iterations"": 4, ""step"": 0.22}",27.84520262745671,0.7640395160872936,0.0016424030287879527,27.930271245175256,0.7980897215746641,0.0016105450430148702,0.08506861771854446,0.03405020548737048,-3.1857985773082456e-05,0.017403723672032356,0.8018097000021953
135__F_Left_middle_finger.BMP,135,"M4 Directional Diffusion (iterations=4, step=0.22)",M4 Directional Diffusion,"{""iterations"": 4, ""step"": 0.22}",27.277573154300654,0.8487684782577753,0.0018717277731732577,26.385254890981965,0.8660096774989366,0.0022986587951410067,-0.892318263318689,0.017241199241161298,0.000426931021967749,0.027522660791873932,0.8345582000038121
135__F_Left_ring_finger.BMP,135,"M4 Directional Diffusion (iterations=4, step=0.22)",M4 Directional Diffusion,"{""iterations"": 4, ""step"": 0.22}",27.513315591185844,0.8218552142975032,0.0017728355051089403,26.643750720241357,0.8415647003057599,0.002165832807315347,-0.8695648709444868,0.019709486008256727,0.00039299730220640657,0.025208862498402596,0.8480901000002632
135__F_Left_thumb_finger.BMP,135,"M4 Directional Diffusion (iterations=4, step=0.22)",M4 Directional Diffusion,"{""iterations"": 4, ""step"": 0.22}",27.40938655376724,0.8404738877059519,0.0018157721246788688,26.372560744408716,0.8585167476649285,0.0023053874549275703,-1.0368258093585254,0.018042859958976587,0.0004896153302487015,0.027539828792214394,0.8308916999958456
135__F_Right_index_finger.BMP,135,"M4 Directional Diffusion (iterations=4, step=0.22)",M4 Directional Diffusion,"{""iterations"": 4, ""step"": 0.22}",27.76410661094929,0.810985444376856,0.0016733598285670905,27.63222742161679,0.8356743102684319,0.0017249529664034404,-0.1318791893325013,0.024688865891575817,5.1593137836349924e-05,0.020050065591931343,0.7886972999986028
135__F_Right_little_finger.BMP,135,"M4 Directional Diffusion (iterations=4, step=0.22)",M4 Directional Diffusion,"{""iterations"": 4, ""step"": 0.22}",27.623988349878612,0.7982188686416746,0.0017282285089849337,27.214973752885516,0.8241996227347255,0.0018989023183134746,-0.40901459699309584,0.025980754093050895,0.0001706738093285409,0.02099411003291607,0.8190413999982411
135__F_Right_middle_finger.BMP,135,"M4 Directional Diffusion (iterations=4, step=0.22)",M4 Directional Diffusion,"{""iterations"": 4, ""step"": 0.22}",27.462280945105775,0.8639801968122423,0.0017937912676214527,26.948755568280866,0.8805083755046725,0.002018944791250434,-0.5135253768249086,0.016528178692430284,0.0002251535236289814,0.02487056516110897,0.8207833999986178
135__F_Right_ring_finger.BMP,135,"M4 Directional Diffusion (iterations=4, step=0.22)",M4 Directional Diffusion,"{""iterations"": 4, ""step"": 0.22}",27.609956684626994,0.804960805271864,0.0017338212903388998,27.396306420800567,0.8312603347707986,0.0018212491325235599,-0.21365026382642682,0.02629952949893466,8.742784218466007e-05,0.02045794390141964,0.7689946999962558
135__F_Right_thumb_finger.BMP,135,"M4 Directional Diffusion (iterations=4, step=0.22)",M4 Directional Diffusion,"{""iterations"": 4, ""step"": 0.22}",27.4081633167771,0.8748101439685225,0.0018162836284053958,27.853488618490484,0.8870147019398212,0.0016392724426975242,0.44532530171338536,0.012204557971298713,-0.00017701118570787153,0.020399708300828934,0.8619928000043728
424__M_Left_index_finger.BMP,424,"M4 Directional Diffusion (iterations=4, step=0.22)",M4 Directional Diffusion,"{""iterations"": 4, ""step"": 0.22}",27.317375192056165,0.8694038546025753,0.0018546522075444747,27.10097063947542,0.8857842613034844,0.0019494088620873298,-0.21640455258074454,0.016380406700909123,9.475665454285512e-05,0.022596875205636024,0.8263437999994494
424__M_Left_little_finger.BMP,424,"M4 Directional Diffusion (iterations=4, step=0.22)",M4 Directional Diffusion,"{""iterations"": 4, ""step"": 0.22}",27.401363411044105,0.8357121815637946,0.0018191296768536327,26.793910268682776,0.8568938223516345,0.0020922278228583577,-0.6074531423613294,0.021181640787839906,0.00027309814600472507,0.023927882313728333,0.83377759999712
424__M_Left_middle_finger.BMP,424,"M4 Directional Diffusion (iterations=4, step=0.22)",M4 Directional Diffusion,"{""iterations"": 4, ""step"": 0.22}",27.33433390698997,0.857370330765605,0.00184742411923931,26.868929783298377,0.8718198998301029,0.0020563972843410648,-0.46540412369159156,0.014449569064497902,0.00020897316510175485,0.02412455901503563,0.8556673999992199
424__M_Left_ring_finger.BMP,424,"M4 Directional Diffusion (iterations=4, step=0.22)",M4 Directional Diffusion,"{""iterations"": 4, ""step"": 0.22}",27.47424047270347,0.8357785314948559,0.0017888583509376465,27.21577181335844,0.8557204893618227,0.001898553407674457,-0.2584686593450307,0.01994195786696673,0.0001096950567368105,0.022338375449180603,0.810151700003189
424__M_Left_thumb_finger.BMP,424,"M4 Directional Diffusion (iterations=4, step=0.22)",M4 Directional Diffusion,"{""iterations"": 4, ""step"": 0.22}",27.188600361672783,0.87748993679744,0.0019104688626597399,27.27815299289776,0.8947612158823013,0.0018714778902933474,0.0895526312249757,0.017271279084861257,-3.8990972366392514e-05,0.0213872529566288,0.7932172000000719
424__M_Right_index_finger.BMP,424,"M4 Directional Diffusion (iterations=4, step=0.22)",M4 Directional Diffusion,"{""iterations"": 4, ""step"": 0.22}",27.174379366690623,0.8955533714926243,0.001916734956282951,26.47980076777699,0.9062419441532492,0.0022491577833905364,-0.6945785989136333,0.010688572660624951,0.0003324228271075853,0.027858750894665718,0.8376933000035933
424__M_Right_little_finger.BMP,424,"M4 Directional Diffusion (iterations=4, step=0.22)",M4 Directional Diffusion,"{""iterations"": 4, ""step"": 0.22}",27.337320892699953,0.8497580680266619,0.0018461539368058535,26.50116043196919,0.8653838235109449,0.0022381230336782094,-0.8361604607307633,0.01562575548428302,0.0003919690968723559,0.026321260258555412,0.8600651000015205
424__M_Right_middle_finger.BMP,424,"M4 Directional Diffusion (iterations=4, step=0.22)",M4 Directional Diffusion,"{""iterations"": 4, ""step"": 0.22}",27.02658269471865,0.9094320907896459,0.0019830868309300355,25.850766898973802,0.9149695647544861,0.002599700454488183,-1.175815795744846,0.005537473964840167,0.0006166136235581476,0.03211509436368942,0.8597050000025774
424__M_Right_ring_finger.BMP,424,"M4 Directional Diffusion (iterations=4, step=0.22)",M4 Directional Diffusion,"{""iterations"": 4, ""step"": 0.22}",27.345673241984777,0.8621827862345576,0.0018426068264797268,27.119694793393613,0.8785457899203897,0.0019410222808933309,-0.22597844859116378,0.0163630036858321,9.84154544136041e-05,0.024202441796660423,0.8173644999988028
424__M_Right_thumb_finger.BMP,424,"M4 Directional Diffusion (iterations=4, step=0.22)",M4 Directional Diffusion,"{""iterations"": 4, ""step"": 0.22}",27.316341867708683,0.8624623335795403,0.0018550935406428924,27.841293643989093,0.8822320767054558,0.0016438819829825047,0.5249517762804103,0.019769743125915507,-0.0002112115576603877,0.01782665029168129,0.811269199999515
578__M_Left_index_finger.BMP,578,"M4 Directional Diffusion (iterations=4, step=0.22)",M4 Directional Diffusion,"{""iterations"": 4, ""step"": 0.22}",27.35761851769128,0.8417353274142743,0.0018375456973775935,26.443369255080725,0.8602050395109654,0.0022681045744204873,-0.9142492626105536,0.018469712096691127,0.00043055887704289376,0.02591187134385109,0.8389036999942618
578__M_Left_little_finger.BMP,578,"M4 Directional Diffusion (iterations=4, step=0.22)",M4 Directional Diffusion,"{""iterations"": 4, ""step"": 0.22}",27.558573061930566,0.7953207645407915,0.0017544568596249083,28.328502221441603,0.8272584549044371,0.001469432962808769,0.7699291595110367,0.03193769036364558,-0.0002850238968161393,0.017309365794062614,0.9005620999960229
578__M_Left_middle_finger.BMP,578,"M4 Directional Diffusion (iterations=4, step=0.22)",M4 Directional Diffusion,"{""iterations"": 4, ""step"": 0.22}",27.135093966852146,0.8753023115475178,0.0019341520095630068,26.229248998763012,0.8879300241468548,0.0023827314662049686,-0.9058449680891343,0.012627712599337038,0.0004485794566419618,0.028437720611691475,0.7980371000012383
578__M_Left_ring_finger.BMP,578,"M4 Directional Diffusion (iterations=4, step=0.22)",M4 Directional Diffusion,"{""iterations"": 4, ""step"": 0.22}",27.372005875968817,0.8389899275420905,0.0018314683266980089,26.954580182048122,0.8570792650467157,0.002016238864312612,-0.41742569392069484,0.01808933750462527,0.00018477053761460313,0.02406565472483635,0.8158354999977746
578__M_Left_thumb_finger.BMP,578,"M4 Directional Diffusion (iterations=4, step=0.22)",M4 Directional Diffusion,"{""iterations"": 4, ""step"": 0.22}",27.18213462021239,0.8910164943242669,0.0019133152717297223,27.10748562195763,0.9055442362639904,0.0019464866874390875,-0.07464899825476223,0.014527741939723504,3.317141570936518e-05,0.02608802728354931,0.8924302000013995
578__M_Right_index_finger.BMP,578,"M4 Directional Diffusion (iterations=4, step=0.22)",M4 Directional Diffusion,"{""iterations"": 4, ""step"": 0.22}",27.16547226735446,0.8923490277692974,0.0019206700898596212,26.725164198639327,0.9044723743622303,0.0021256099783511302,-0.44030806871513306,0.012123346592932904,0.000204939888491509,0.02711353823542595,0.8708139999944251
578__M_Right_little_finger.BMP,578,"M4 Directional Diffusion (iterations=4, step=0.22)",M4 Directional Diffusion,"{""iterations"": 4, ""step"": 0.22}",27.595665637936797,0.7815756484834254,0.0017395360610022487,27.986515162688125,0.8124816132434607,0.0015898219314096976,0.39084952475132795,0.030905964760035265,-0.0001497141295925511,0.016634494066238403,0.8815525999962119
578__M_Right_middle_finger.BMP,578,"M4 Directional Diffusion (iterations=4, step=0.22)",M4 Directional Diffusion,"{""iterations"": 4, ""step"": 0.22}",27.115185164320064,0.891818957228303,0.0019430388473181024,26.43779914621301,0.9010032585043907,0.0022710154321665555,-0.6773860181070539,0.009184301276087714,0.0003279765848484531,0.02822350710630417,0.8156845000048634
578__M_Right_ring_finger.BMP,578,"M4 Directional Diffusion (iterations=4, step=0.22)",M4 Directional Diffusion,"{""iterations"": 4, ""step"": 0.22}",27.366850939283097,0.8158883026091457,0.0018336435117443657,27.487119694815657,0.8380180214056969,0.001783561259466534,0.12026875553256033,0.022129718796551234,-5.0082252277831776e-05,0.019827822223305702,0.7924583999993047
578__M_Right_thumb_finger.BMP,578,"M4 Directional Diffusion (iterations=4, step=0.22)",M4 Directional Diffusion,"{""iterations"": 4, ""step"": 0.22}",27.310784562766415,0.8849033564694225,0.0018574688688442846,28.142644813843166,0.8982751622671485,0.0015336826995465485,0.8318602510767512,0.01337180579772601,-0.00032378616929773616,0.0196736678481102,0.7688812000051257
222__M_Left_index_finger.BMP,222,"M4 Directional Diffusion (iterations=4, step=0.22)",M4 Directional Diffusion,"{""iterations"": 4, ""step"": 0.22}",27.28776757742927,0.8967317074397803,0.001867339320620187,26.121401262379152,0.9085623826205731,0.002442642300678677,-1.1663663150501193,0.011830675180792838,0.0005753029800584899,0.030478954315185547,0.7590276999981143
222__M_Left_little_finger.BMP,222,"M4 Directional Diffusion (iterations=4, step=0.22)",M4 Directional Diffusion,"{""iterations"": 4, ""step"": 0.22}",27.524900418118612,0.8182178665835858,0.0017681127593446322,27.846443268373655,0.8477996780949235,0.0016419339135979331,0.32154285025504237,0.029581811511337763,-0.00012617884574669903,0.019445601850748062,0.7262947999988683
222__M_Left_middle_finger.BMP,222,"M4 Directional Diffusion (iterations=4, step=0.22)",M4 Directional Diffusion,"{""iterations"": 4, ""step"": 0.22}",27.08762671990932,0.9180543485129178,0.0019554077314863296,25.778181674936036,0.919711240044415,0.0026435153253887658,-1.309445044973284,0.0016568915314971733,0.0006881075939024362,0.032530687749385834,0.772932400002901
222__M_Left_ring_finger.BMP,222,"M4 Directional Diffusion (iterations=4, step=0.22)",M4 Directional Diffusion,"{""iterations"": 4, ""step"": 0.22}",27.22483877296363,0.8947344528017044,0.0018945938477580209,26.83420143405673,0.9065631812120676,0.0020729071836742647,-0.3906373389068989,0.011828728410363198,0.00017831333591624386,0.02527048997581005,0.7506400999991456
222__M_Left_thumb_finger.BMP,222,"M4 Directional Diffusion (iterations=4, step=0.22)",M4 Directional Diffusion,"{""iterations"": 4, ""step"": 0.22}",27.233877333274187,0.9065954894123077,0.001890654909059132,27.619791951192305,0.9213120781100392,0.0017298992280670865,0.3859146179181181,0.014716588697731514,-0.00016075568099204558,0.025546688586473465,0.7306951999999001
222__M_Right_index_finger.BMP,222,"M4 Directional Diffusion (iterations=4, step=0.22)",M4 Directional Diffusion,"{""iterations"": 4, ""step"": 0.22}",27.19226671948666,0.8970285274621844,0.0019088567061743519,27.21058916351774,0.9068693385664821,0.0019008203973011788,0.018322444031078078,0.009840811104297686,-8.036308873173026e-06,0.025593094527721405,0.7103062000023783
222__M_Right_little_finger.BMP,222,"M4 Directional Diffusion (iterations=4, step=0.22)",M4 Directional Diffusion,"{""iterations"": 4, ""step"": 0.22}",27.262363074117783,0.8651409731997252,0.0018782945249877611,26.303503894667095,0.880274577640593,0.0023423382506060253,-0.9588591794506875,0.015133604440867865,0.0004640437256182642,0.027791287750005722,0.718808400000853
222__M_Right_middle_finger.BMP,222,"M4 Directional Diffusion (iterations=4, step=0.22)",M4 Directional Diffusion,"{""iterations"": 4, ""step"": 0.22}",26.882965170091534,0.9380784341383577,0.0020497622142402095,26.26509318517209,0.9393492339501083,0.002363146693330438,-0.617871984919443,0.0012707998117506003,0.00031338447909022875,0.03205277770757675,0.6781174999996438
222__M_Right_ring_finger.BMP,222,"M4 Directional Diffusion (iterations=4, step=0.22)",M4 Directional Diffusion,"{""iterations"": 4, ""step"": 0.22}",27.036718360620767,0.912040612370193,0.0019784640531072912,26.328174543485755,0.9177618543428778,0.0023290700227226197,-0.7085438171350127,0.005721241972684865,0.0003506059696153285,0.028654837980866432,0.7183194999961415
222__M_Right_thumb_finger.BMP,222,"M4 Directional Diffusion (iterations=4, step=0.22)",M4 Directional Diffusion,"{""iterations"": 4, ""step"": 0.22}",27.073244976115962,0.9145674537937045,0.0019618938346201167,27.83742224867126,0.9277580213801265,0.001645348028413977,0.7641772725552975,0.013190567586422008,-0.0003165458062061397,0.024264495819807053,0.7046049999989918
151__M_Left_index_finger.BMP,151,"M4 Directional Diffusion (iterations=4, step=0.22)",M4 Directional Diffusion,"{""iterations"": 4, ""step"": 0.22}",27.23395560290063,0.8930598677057028,0.00189062083551545,26.075202023149107,0.9041233793417215,0.0024687652613257062,-1.1587535797515223,0.011063511636018708,0.0005781444258102562,0.03069838508963585,0.7115364999990561
151__M_Left_little_finger.BMP,151,"M4 Directional Diffusion (iterations=4, step=0.22)",M4 Directional Diffusion,"{""iterations"": 4, ""step"": 0.22}",27.472241816289575,0.8198548839435578,0.0017896817866903754,26.438734340865807,0.8406480084676147,0.002270526452240914,-1.033507475423768,0.020793124524056905,0.00048084466555053875,0.025945398956537247,0.7030838999999105
151__M_Left_middle_finger.BMP,151,"M4 Directional Diffusion (iterations=4, step=0.22)",M4 Directional Diffusion,"{""iterations"": 4, ""step"": 0.22}",27.536807336359356,0.8541098459053635,0.0017632718181337553,26.356918705362844,0.8671011488008499,0.002313705769052011,-1.179888630996512,0.012991302895486334,0.0005504339509182557,0.02721814252436161,0.7221888999993098
151__M_Left_ring_finger.BMP,151,"M4 Directional Diffusion (iterations=4, step=0.22)",M4 Directional Diffusion,"{""iterations"": 4, ""step"": 0.22}",27.488396413754636,0.812058330704093,0.0017830370133939217,26.802585841585046,0.8340108864796758,0.002088052509076725,-0.68581057216959,0.02195255577558286,0.00030501549568280346,0.023471446707844734,0.6937934000015957
151__M_Left_thumb_finger.BMP,151,"M4 Directional Diffusion (iterations=4, step=0.22)",M4 Directional Diffusion,"{""iterations"": 4, ""step"": 0.22}",27.404487538167533,0.8881887589464188,0.0018178215440152973,27.953073050210865,0.9080496876497864,0.0016021113419992642,0.5485855120433314,0.019860928703367642,-0.00021571020201603306,0.022635025903582573,0.7088703999979771
151__M_Right_index_finger.BMP,151,"M4 Directional Diffusion (iterations=4, step=0.22)",M4 Directional Diffusion,"{""iterations"": 4, ""step"": 0.22}",27.652213195271862,0.8040211875696778,0.001717033151974343,28.317814317110802,0.8321403612906336,0.0014730536627009167,0.6656011218389395,0.028119173720955848,-0.00024397948927342632,0.017355335876345634,0.7072744999968563
151__M_Right_little_finger.BMP,151,"M4 Directional Diffusion (iterations=4, step=0.22)",M4 Directional Diffusion,"{""iterations"": 4, ""step"": 0.22}",27.35546814456648,0.8597118924495578,0.0018384557681850912,26.791639336478113,0.8772432163139879,0.002093322137934842,-0.5638288080883669,0.017531323864430126,0.00025486636974975064,0.026260076090693474,0.7136453999992227
151__M_Right_middle_finger.BMP,151,"M4 Directional Diffusion (iterations=4, step=0.22)",M4 Directional Diffusion,"{""iterations"": 4, ""step"": 0.22}",27.413045160037356,0.8508284536483288,0.0018142431165645374,27.625196986068133,0.8715586449583769,0.0017277476120409131,0.21215182603077665,0.02073019131004805,-8.649550452362429e-05,0.022457605227828026,0.680613299999095
151__M_Right_ring_finger.BMP,151,"M4 Directional Diffusion (iterations=4, step=0.22)",M4 Directional Diffusion,"{""iterations"": 4, ""step"": 0.22}",27.175853162882543,0.902264971483171,0.0019160846147440553,26.44203894672296,0.912891179651916,0.002268799434881104,-0.7338142161595833,0.010626208168745044,0.0003527148201370486,0.029957164078950882,0.714239599998109
151__M_Right_thumb_finger.BMP,151,"M4 Directional Diffusion (iterations=4, step=0.22)",M4 Directional Diffusion,"{""iterations"": 4, ""step"": 0.22}",27.373317497544335,0.874674793771565,0.0018309152847499472,28.200817355531733,0.8967557056705951,0.0015132764183719994,0.827499857987398,0.022080911899030164,-0.00031763886637794776,0.019190369173884392,0.7199065999957384
458__M_Left_index_finger.BMP,458,"M4 Directional Diffusion (iterations=4, step=0.22)",M4 Directional Diffusion,"{""iterations"": 4, ""step"": 0.22}",27.406615265554862,0.8467918352380395,0.0018169311616773175,27.12097926624317,0.863883587953508,0.0019404482874703396,-0.28563599931169037,0.017091752715468478,0.00012351712579302212,0.023013222962617874,0.7256353000047966
458__M_Left_little_finger.BMP,458,"M4 Directional Diffusion (iterations=4, step=0.22)",M4 Directional Diffusion,"{""iterations"": 4, ""step"": 0.22}",27.530400531466974,0.8411853642629386,0.0017658749539836386,26.62529404124183,0.8613083138280511,0.0021750567657326035,-0.905106490225144,0.020122949565112513,0.0004091818117489649,0.025184744969010353,0.7175303999974858
458__M_Left_middle_finger.BMP,458,"M4 Directional Diffusion (iterations=4, step=0.22)",M4 Directional Diffusion,"{""iterations"": 4, ""step"": 0.22}",27.15114889397061,0.8979487909154892,0.0019270150681545894,26.413267700071682,0.9062497383713126,0.002283879729653833,-0.7378811938989287,0.008300947455823438,0.00035686466149924354,0.027615679427981377,0.7600762999936705
458__M_Left_ring_finger.BMP,458,"M4 Directional Diffusion (iterations=4, step=0.22)",M4 Directional Diffusion,"{""iterations"": 4, ""step"": 0.22}",27.569890619109543,0.813433139367938,0.0017498907606097367,27.336939009597256,0.836611712689519,0.0018463162796447247,-0.23295160951228766,0.02317857332158091,9.642551903498798e-05,0.02216479927301407,0.7619743000032031
458__M_Left_thumb_finger.BMP,458,"M4 Directional Diffusion (iterations=4, step=0.22)",M4 Directional Diffusion,"{""iterations"": 4, ""step"": 0.22}",27.148467616185208,0.912780851092726,0.0019282051495889698,27.232875739592494,0.9222662633888722,0.001891090992516535,0.08440812340728598,0.00948541229614619,-3.711415707243469e-05,0.025103678926825523,0.7575025000041933
458__M_Right_index_finger.BMP,458,"M4 Directional Diffusion (iterations=4, step=0.22)",M4 Directional Diffusion,"{""iterations"": 4, ""step"": 0.22}",27.52559520177169,0.8341944850972295,0.0017678299195586524,28.153018121808362,0.8574846022188067,0.0015300238047989308,0.6274229200366719,0.023290117121577247,-0.0002378061147597216,0.019034938886761665,0.7630137000014656
458__M_Right_little_finger.BMP,458,"M4 Directional Diffusion (iterations=4, step=0.22)",M4 Directional Diffusion,"{""iterations"": 4, ""step"": 0.22}",27.97211041790188,0.7539071512601971,0.0015951038314370991,28.89089978035798,0.7898071129230857,0.001290951783824126,0.9187893624560992,0.03589996166288856,-0.00030415204761297305,0.013258558697998524,0.7620396999991499
458__M_Right_middle_finger.BMP,458,"M4 Directional Diffusion (iterations=4, step=0.22)",M4 Directional Diffusion,"{""iterations"": 4, ""step"": 0.22}",27.58630135407322,0.8286793620156646,0.0017432909058239334,27.933821120436097,0.8516982686412334,0.0016092291391115831,0.3475197663628755,0.023018906625568825,-0.00013406176671235028,0.01988891139626503,0.8099530999970739
458__M_Right_ring_finger.BMP,458,"M4 Directional Diffusion (iterations=4, step=0.22)",M4 Directional Diffusion,"{""iterations"": 4, ""step"": 0.22}",28.07503863890942,0.7279435409357548,0.0015577441756170914,28.746564280569924,0.7656898047515154,0.0013345768032136745,0.6715256416605051,0.03774626381576063,-0.00022316737240341694,0.013749543577432632,0.7688689000060549
458__M_Right_thumb_finger.BMP,458,"M4 Directional Diffusion (iterations=4, step=0.22)",M4 Directional Diffusion,"{""iterations"": 4, ""step"": 0.22}",27.07077807772415,0.9212769854897856,0.001963008554647105,27.748842116164067,0.9324370543828309,0.0016792516681087151,0.678064038439917,0.011160068893045216,-0.00028375688653839003,0.022718869149684906,0.7664743999994243
358__M_Left_index_finger.BMP,358,"M4 Directional Diffusion (iterations=4, step=0.22)",M4 Directional Diffusion,"{""iterations"": 4, ""step"": 0.22}",27.236944199266215,0.8618307483512163,0.0018893202528205673,27.427280190037372,0.8793279598522782,0.0018083062402338983,0.19033599077115682,0.01749721150106187,-8.101401258666903e-05,0.023217665031552315,0.7673572000057902
358__M_Left_little_finger.BMP,358,"M4 Directional Diffusion (iterations=4, step=0.22)",M4 Directional Diffusion,"{""iterations"": 4, ""step"": 0.22}",27.36733780397643,0.8151889041575789,0.0018334379631396484,28.203401040725776,0.847799471012652,0.0015123764145126579,0.8360632367493466,0.03261056685507302,-0.0003210615486269905,0.01755170337855816,0.795313200003875
358__M_Left_middle_finger.BMP,358,"M4 Directional Diffusion (iterations=4, step=0.22)",M4 Directional Diffusion,"{""iterations"": 4, ""step"": 0.22}",27.165820353094215,0.8782265888885855,0.0019205161548903156,28.079266260296343,0.8995826233071685,0.0015562285339115098,0.9134459072021279,0.021356034418583025,-0.00036428762097880573,0.018871070817112923,0.7721727999960422
358__M_Left_ring_finger.BMP,358,"M4 Directional Diffusion (iterations=4, step=0.22)",M4 Directional Diffusion,"{""iterations"": 4, ""step"": 0.22}",27.571796790413543,0.803453362364322,0.0017491228807993305,28.509636710922337,0.832995586760819,0.001409406690926456,0.9378399205087931,0.029542224396497008,-0.0003397161898728745,0.017792031168937683,0.7462854999976116
358__M_Left_thumb_finger.BMP,358,"M4 Directional Diffusion (iterations=4, step=0.22)",M4 Directional Diffusion,"{""iterations"": 4, ""step"": 0.22}",27.06961823144247,0.8920985052921772,0.001963532874508304,26.45853349514828,0.9022078826378583,0.002260198854524187,-0.6110847362941882,0.01010937734568118,0.0002966659800158829,0.027274902909994125,0.7596086000048672
358__M_Right_index_finger.BMP,358,"M4 Directional Diffusion (iterations=4, step=0.22)",M4 Directional Diffusion,"{""iterations"": 4, ""step"": 0.22}",27.082100402676357,0.9081473386961818,0.0019578975355614646,26.74636696878174,0.9169492673619389,0.002115257789957937,-0.3357334338946174,0.00880192866575713,0.00015736025439647226,0.027536477893590927,0.7301099000032991
358__M_Right_little_finger.BMP,358,"M4 Directional Diffusion (iterations=4, step=0.22)",M4 Directional Diffusion,"{""iterations"": 4, ""step"": 0.22}",27.061822213891244,0.8810446554100514,0.0019670607766737232,27.316942758195623,0.8994192219122946,0.001854836887382173,0.25512054430437914,0.018374566502243228,-0.00011222388929155017,0.023981578648090363,0.755240300000878
358__M_Right_middle_finger.BMP,358,"M4 Directional Diffusion (iterations=4, step=0.22)",M4 Directional Diffusion,"{""iterations"": 4, ""step"": 0.22}",26.965358684587414,0.9060125459142327,0.0020112410825814135,27.405736479509578,0.9188545633807779,0.0018172988511993872,0.44037779492216345,0.01284201746654512,-0.00019394223138202629,0.02043401263654232,0.7419714999996359
358__M_Right_ring_finger.BMP,358,"M4 Directional Diffusion (iterations=4, step=0.22)",M4 Directional Diffusion,"{""iterations"": 4, ""step"": 0.22}",27.154618445592902,0.8817748545130193,0.0019254762025709502,27.423453374322143,0.8991071075289846,0.0018099003439467417,0.2688349287292411,0.017332253015965304,-0.00011557585862420855,0.022271988913416862,0.724240399998962
358__M_Right_thumb_finger.BMP,358,"M4 Directional Diffusion (iterations=4, step=0.22)",M4 Directional Diffusion,"{""iterations"": 4, ""step"": 0.22}",27.07786003709809,0.9053674690062403,0.001959810121613979,28.30996803854336,0.9221900617991686,0.0014757173936266249,1.232108001445269,0.016822592792928304,-0.0004840927279873542,0.022245412692427635,0.7154853000029107
584__M_Left_index_finger.BMP,584,"M4 Directional Diffusion (iterations=4, step=0.22)",M4 Directional Diffusion,"{""iterations"": 4, ""step"": 0.22}",26.808661477259736,0.7405033777887225,0.002085133435231476,28.255547619111464,0.7854781131183505,0.00149432560505283,1.4468861418517278,0.044974735329627924,-0.0005908078301786461,0.012639823369681835,0.7070967000036035
584__M_Left_little_finger.BMP,584,"M4 Directional Diffusion (iterations=4, step=0.22)",M4 Directional Diffusion,"{""iterations"": 4, ""step"": 0.22}",27.008643646329304,0.7556378812021911,0.001991295147201889,28.717387315156074,0.8044588450365067,0.0013435730020597383,1.70874366882677,0.048820963834315556,-0.0006477221451421506,0.013508150354027748,0.7362683999963338
584__M_Left_middle_finger.BMP,584,"M4 Directional Diffusion (iterations=4, step=0.22)",M4 Directional Diffusion,"{""iterations"": 4, ""step"": 0.22}",26.72595253228611,0.7938240012609362,0.0021252241715175577,28.229913079596436,0.8327332053686977,0.0015031720505187275,1.5039605473103244,0.03890920410776144,-0.0006220521209988302,0.013772702775895596,0.6524172000063118
584__M_Left_ring_finger.BMP,584,"M4 Directional Diffusion (iterations=4, step=0.22)",M4 Directional Diffusion,"{""iterations"": 4, ""step"": 0.22}",26.756204564552583,0.7725715969515443,0.0021104717515642584,28.425595149908943,0.8190937523345351,0.0014369461231649764,1.6693905853563606,0.04652215538299076,-0.000673525628399282,0.012763234786689281,0.6665406999964034
584__M_Left_thumb_finger.BMP,584,"M4 Directional Diffusion (iterations=4, step=0.22)",M4 Directional Diffusion,"{""iterations"": 4, ""step"": 0.22}",26.870392477172857,0.8618936983605623,0.002055704811060843,28.201580551308826,0.8897491512024402,0.0015130105101582845,1.3311880741359694,0.02785545284187796,-0.0005426943009025583,0.02038116194307804,0.6592762000000221
584__M_Right_index_finger.BMP,584,"M4 Directional Diffusion (iterations=4, step=0.22)",M4 Directional Diffusion,"{""iterations"": 4, ""step"": 0.22}",27.37650748718415,0.8741899077614546,0.0018295709305081917,27.167349434935776,0.8860612297524214,0.0019198400907006583,-0.20915805224837314,0.011871321990966854,9.026916019246652e-05,0.023646214976906776,0.6760779000032926
584__M_Right_little_finger.BMP,584,"M4 Directional Diffusion (iterations=4, step=0.22)",M4 Directional Diffusion,"{""iterations"": 4, ""step"": 0.22}",27.20501659588782,0.8208142622725367,0.001903260964546846,28.122400135982183,0.8505937437637449,0.0015408486649146418,0.9173835400943631,0.029779481491208126,-0.00036241229963220414,0.019165053963661194,0.655418300004385
584__M_Right_middle_finger.BMP,584,"M4 Directional Diffusion (iterations=4, step=0.22)",M4 Directional Diffusion,"{""iterations"": 4, ""step"": 0.22}",27.059721458104352,0.8875454616950751,0.001968012507372198,27.58527854276689,0.9036545490706563,0.001743701518370106,0.5255570846625375,0.016109087375581255,-0.00022431098900209195,0.021373966708779335,0.6495225999969989
584__M_Right_ring_finger.BMP,584,"M4 Directional Diffusion (iterations=4, step=0.22)",M4 Directional Diffusion,"{""iterations"": 4, ""step"": 0.22}",26.898528336386196,0.8464571140774191,0.00204242993149517,28.19828180252895,0.8776831717165112,0.0015141601765189172,1.2997534661427537,0.031226057639092142,-0.000528269754976253,0.01888703927397728,0.6716281999979401
584__M_Right_thumb_finger.BMP,584,"M4 Directional Diffusion (iterations=4, step=0.22)",M4 Directional Diffusion,"{""iterations"": 4, ""step"": 0.22}",27.857015091376837,0.6937121391089857,0.0016379418931114086,28.361254376184462,0.7082702836355269,0.0014583929706432376,0.5042392848076247,0.01455814452654125,-0.00017954892246817094,0.014323031529784203,0.6748752000057721
277__M_Left_index_finger.BMP,277,"M4 Directional Diffusion (iterations=4, step=0.22)",M4 Directional Diffusion,"{""iterations"": 4, ""step"": 0.22}",27.55193277158026,0.8234430739197731,0.0017571414467860552,26.563572953163018,0.8440926931441426,0.0022061889482181273,-0.9883598184172442,0.020649619224369475,0.000449047501432072,0.024950262159109116,0.6449777000016184
277__M_Left_little_finger.BMP,277,"M4 Directional Diffusion (iterations=4, step=0.22)",M4 Directional Diffusion,"{""iterations"": 4, ""step"": 0.22}",27.686402604667066,0.7780064740378558,0.00170356904297558,27.610628869693173,0.8058702294968366,0.0017335529566068215,-0.07577373497389317,0.027863755458980788,2.9983913631241544e-05,0.019773399457335472,0.7170674000008148
277__M_Left_middle_finger.BMP,277,"M4 Directional Diffusion (iterations=4, step=0.22)",M4 Directional Diffusion,"{""iterations"": 4, ""step"": 0.22}",27.31515625699761,0.8476906587122083,0.0018556000446645002,26.33255639036652,0.8622153254606724,0.0023267212750761285,-0.9825998666310909,0.014524666748464088,0.00047112123041162827,0.026901086792349815,0.6927278999937698
277__M_Left_ring_finger.BMP,277,"M4 Directional Diffusion (iterations=4, step=0.22)",M4 Directional Diffusion,"{""iterations"": 4, ""step"": 0.22}",27.728347801250656,0.7729418433285355,0.0016871947675762633,28.266302646164014,0.803518751357615,0.0014906295809600555,0.537954844913358,0.03057690802907942,-0.00019656518661620784,0.01631101220846176,0.6849586000025738
277__M_Left_thumb_finger.BMP,277,"M4 Directional Diffusion (iterations=4, step=0.22)",M4 Directional Diffusion,"{""iterations"": 4, ""step"": 0.22}",27.4740786342539,0.835673814529717,0.0017889250134139915,26.156018269948103,0.8511776581662893,0.0024232497299174513,-1.318060364305797,0.015503843636572312,0.0006343247165034598,0.02694457210600376,0.7002525000061723
277__M_Right_index_finger.BMP,277,"M4 Directional Diffusion (iterations=4, step=0.22)",M4 Directional Diffusion,"{""iterations"": 4, ""step"": 0.22}",27.435483209579154,0.8224739772281646,0.0018048939078366122,27.034539035376923,0.8428876033731401,0.0019794571116984122,-0.4009441742022304,0.02041362614497544,0.00017456320386180003,0.022801291197538376,0.6998038000019733
277__M_Right_little_finger.BMP,277,"M4 Directional Diffusion (iterations=4, step=0.22)",M4 Directional Diffusion,"{""iterations"": 4, ""step"": 0.22}",27.60166142206608,0.8000373865206539,0.0017371361487749735,27.36478970977599,0.8272928978699744,0.0018345139941774895,-0.23687171229008896,0.02725551134932047,9.737784540251606e-05,0.021168189123272896,0.6684050999974716
277__M_Right_middle_finger.BMP,277,"M4 Directional Diffusion (iterations=4, step=0.22)",M4 Directional Diffusion,"{""iterations"": 4, ""step"": 0.22}",27.245325559141563,0.8554567247328758,0.0018856776085891085,27.011210212110658,0.8721287964199781,0.001990118691979746,-0.23411534703090453,0.016672071687102274,0.00010444108339063753,0.025053856894373894,0.7033794000017224
277__M_Right_ring_finger.BMP,277,"M4 Directional Diffusion (iterations=4, step=0.22)",M4 Directional Diffusion,"{""iterations"": 4, ""step"": 0.22}",27.26965419473933,0.8603403111504913,0.0018751438097062696,26.57112131620975,0.8760766815914511,0.002202357757165737,-0.6985328785295799,0.01573637044095988,0.00032721394745946746,0.02657400444149971,0.7208501999994041
277__M_Right_thumb_finger.BMP,277,"M4 Directional Diffusion (iterations=4, step=0.22)",M4 Directional Diffusion,"{""iterations"": 4, ""step"": 0.22}",27.713893269652402,0.7956702655243874,0.0016928195775946103,27.66335233292022,0.8226727668440342,0.001712634808896966,-0.050540936732183184,0.027002501319646877,1.9815231302355808e-05,0.018699804320931435,0.721954900000128
113__M_Left_index_finger.BMP,113,"M4 Directional Diffusion (iterations=4, step=0.22)",M4 Directional Diffusion,"{""iterations"": 4, ""step"": 0.22}",27.091395953718273,0.8805550547920465,0.0019537113729576386,25.777153887315674,0.8884052822877765,0.002644141005419095,-1.314242066402599,0.007850227495729944,0.0006904296324614563,0.02920106053352356,0.7136147000055644
113__M_Left_little_finger.BMP,113,"M4 Directional Diffusion (iterations=4, step=0.22)",M4 Directional Diffusion,"{""iterations"": 4, ""step"": 0.22}",27.389659096509163,0.8270766893867254,0.0018240388763275269,27.090231149961944,0.8483472403930425,0.001954235440300191,-0.29942794654721894,0.02127055100631714,0.00013019656397266432,0.022640280425548553,0.7301336999953492
113__M_Left_middle_finger.BMP,113,"M4 Directional Diffusion (iterations=4, step=0.22)",M4 Directional Diffusion,"{""iterations"": 4, ""step"": 0.22}",27.115692492636224,0.8776933735228181,0.0019428118812631677,26.582496800125245,0.888481379444778,0.0021965966654692716,-0.5331956925109793,0.010788005921959942,0.00025378478420610387,0.02542979270219803,0.6948680999994394
113__M_Left_ring_finger.BMP,113,"M4 Directional Diffusion (iterations=4, step=0.22)",M4 Directional Diffusion,"{""iterations"": 4, ""step"": 0.22}",27.0532031403392,0.8816855724269748,0.001970968511443341,26.257748710310725,0.8904052466084957,0.002367146457580458,-0.7954544300284745,0.008719674181520976,0.00039617794613711716,0.02622591145336628,0.7190055999963079
113__M_Left_thumb_finger.BMP,113,"M4 Directional Diffusion (iterations=4, step=0.22)",M4 Directional Diffusion,"{""iterations"": 4, ""step"": 0.22}",27.279303541011437,0.8767163291655778,0.001870982157501112,26.437624438570193,0.8875797623919844,0.0022711067922344527,-0.841679102441244,0.010863433226406594,0.0004001246347333407,0.026804395020008087,0.7093564999959199
113__M_Right_index_finger.BMP,113,"M4 Directional Diffusion (iterations=4, step=0.22)",M4 Directional Diffusion,"{""iterations"": 4, ""step"": 0.22}",27.52628103978593,0.7962213375407458,0.0017675507658317642,27.9613177366124,0.8226059149955511,0.001599072764232023,0.4350366968264723,0.02638457745480538,-0.0001684780015997413,0.017729856073856354,0.7391563000055612
113__M_Right_little_finger.BMP,113,"M4 Directional Diffusion (iterations=4, step=0.22)",M4 Directional Diffusion,"{""iterations"": 4, ""step"": 0.22}",27.049336324191856,0.8765692704223395,0.0019727241788767436,26.426024046270058,0.8889086240127683,0.0022771812297621716,-0.6233122779217979,0.012339353590428814,0.000304457050885428,0.027240240946412086,0.73315939999884
113__M_Right_middle_finger.BMP,113,"M4 Directional Diffusion (iterations=4, step=0.22)",M4 Directional Diffusion,"{""iterations"": 4, ""step"": 0.22}",27.39106797572276,0.8165695768411756,0.0018234472423621466,27.554509859633246,0.8407280851083397,0.0017560990745839578,0.16344188391048675,0.024158508267164147,-6.734816777818876e-05,0.020496977493166924,0.6873750000013388
113__M_Right_ring_finger.BMP,113,"M4 Directional Diffusion (iterations=4, step=0.22)",M4 Directional Diffusion,"{""iterations"": 4, ""step"": 0.22}",27.556710022814272,0.786957332709074,0.0017552096490527052,26.86881336504168,0.8100796527837515,0.002056452409470595,-0.6878966577725905,0.023122320074677516,0.00030124276041788964,0.021685946732759476,0.73008850000042
113__M_Right_thumb_finger.BMP,113,"M4 Directional Diffusion (iterations=4, step=0.22)",M4 Directional Diffusion,"{""iterations"": 4, ""step"": 0.22}",27.207380810346603,0.8842864897474051,0.0019022251483617964,27.642467369891236,0.9011592525039911,0.0017208906026120697,0.43508655954463293,0.016872762756586,-0.00018133454574972667,0.02003907784819603,0.7283877999943797
439__M_Left_index_finger.BMP,439,"M4 Directional Diffusion (iterations=4, step=0.22)",M4 Directional Diffusion,"{""iterations"": 4, ""step"": 0.22}",27.243095184838253,0.8546553031085133,0.0018866462709150498,26.58468411183187,0.8690750907774568,0.0021954906344045476,-0.6584110730063841,0.014419787668943473,0.0003088443634894978,0.026701293885707855,0.7235916999998153
439__M_Left_little_finger.BMP,439,"M4 Directional Diffusion (iterations=4, step=0.22)",M4 Directional Diffusion,"{""iterations"": 4, ""step"": 0.22}",27.67026514284158,0.7680612674964666,0.0017099109194558372,27.97002625031043,0.7983001757331193,0.0015958695012020338,0.29976110746885,0.03023890823665265,-0.00011404141825380339,0.016999265179038048,0.7340011999986018
439__M_Left_middle_finger.BMP,439,"M4 Directional Diffusion (iterations=4, step=0.22)",M4 Directional Diffusion,"{""iterations"": 4, ""step"": 0.22}",27.075266153872867,0.8850007860559821,0.0019609809946537662,26.346872182052678,0.8932260631034374,0.0023190642542750234,-0.7283939718201893,0.008225277047455348,0.00035808325962125714,0.02916039526462555,0.7136440000031143
439__M_Left_ring_finger.BMP,439,"M4 Directional Diffusion (iterations=4, step=0.22)",M4 Directional Diffusion,"{""iterations"": 4, ""step"": 0.22}",27.26936026487648,0.8321901105798483,0.001875270723456602,27.31485837718858,0.8528920537043214,0.00185572732345036,0.04549811231209944,0.020701943124473154,-1.954340000624201e-05,0.02157500386238098,0.7175943000038387
439__M_Left_thumb_finger.BMP,439,"M4 Directional Diffusion (iterations=4, step=0.22)",M4 Directional Diffusion,"{""iterations"": 4, ""step"": 0.22}",27.22016145099966,0.8706247874133587,0.0018966354115943194,26.70964186181514,0.8830928861773908,0.0021332208205928848,-0.510519589184522,0.012468098764032098,0.00023658540899856536,0.025714032351970673,0.7533554000037839
439__M_Right_index_finger.BMP,439,"M4 Directional Diffusion (iterations=4, step=0.22)",M4 Directional Diffusion,"{""iterations"": 4, ""step"": 0.22}",27.190461892047534,0.860179078065604,0.0019096501477369801,27.1229147461038,0.8795201027832628,0.0019395836985846614,-0.06754714594373468,0.01934102471765875,2.993355084768127e-05,0.023940887302160263,0.7302460999999312
439__M_Right_little_finger.BMP,439,"M4 Directional Diffusion (iterations=4, step=0.22)",M4 Directional Diffusion,"{""iterations"": 4, ""step"": 0.22}",27.46604753235387,0.7971711269533038,0.001792236207049238,27.2696316677088,0.8220820316641331,0.0018751535361783195,-0.19641586464506844,0.02491090471082924,8.291732912908147e-05,0.020115157589316368,0.7324480000024778
439__M_Right_middle_finger.BMP,439,"M4 Directional Diffusion (iterations=4, step=0.22)",M4 Directional Diffusion,"{""iterations"": 4, ""step"": 0.22}",27.195319163986305,0.8431384734453261,0.001907515535095472,27.36727066609149,0.8628343109288812,0.0018334663066032673,0.17195150210518406,0.01969583748355508,-7.404922849220483e-05,0.02134198136627674,0.7412452999997186
439__M_Right_ring_finger.BMP,439,"M4 Directional Diffusion (iterations=4, step=0.22)",M4 Directional Diffusion,"{""iterations"": 4, ""step"": 0.22}",27.088819797633764,0.8616873811286986,0.001954870622892272,26.740453413808154,0.8762279873254896,0.0021181399848327798,-0.3483663838256099,0.014540606196790984,0.0001632693619405077,0.025297032669186592,0.7394297999999253
439__M_Right_thumb_finger.BMP,439,"M4 Directional Diffusion (iterations=4, step=0.22)",M4 Directional Diffusion,"{""iterations"": 4, ""step"": 0.22}",27.178713895481742,0.860588171741724,0.0019148228900337703,28.039061309422625,0.8811912001994848,0.0015707022615787725,0.8603474139408824,0.020603028457760852,-0.00034412062845499774,0.019994664937257767,0.7102569999988191
184__M_Left_index_finger.BMP,184,"M4 Directional Diffusion (iterations=4, step=0.22)",M4 Directional Diffusion,"{""iterations"": 4, ""step"": 0.22}",27.14673214910537,0.9094638912225962,0.0019289758260301864,26.019016624935656,0.914690103830874,0.0025009115801899826,-1.1277155241697159,0.005226212608277825,0.0005719357541597962,0.03067222237586975,0.6915601000000606
184__M_Left_little_finger.BMP,184,"M4 Directional Diffusion (iterations=4, step=0.22)",M4 Directional Diffusion,"{""iterations"": 4, ""step"": 0.22}",27.68577063332017,0.7966246676869393,0.0017038169588951832,27.28030456369754,0.8237938178534507,0.001870550957052114,-0.40546606962263,0.027169150166511447,0.00016673399815693066,0.02137834206223488,0.7187545999986469
184__M_Left_middle_finger.BMP,184,"M4 Directional Diffusion (iterations=4, step=0.22)",M4 Directional Diffusion,"{""iterations"": 4, ""step"": 0.22}",26.967420814007504,0.924128175724417,0.002010286326054125,25.27438785133251,0.9218595797249675,0.0029686651545705435,-1.6930329626749945,-0.0022685959994495075,0.0009583788285164184,0.03591982647776604,0.7013508000018192
184__M_Left_ring_finger.BMP,184,"M4 Directional Diffusion (iterations=4, step=0.22)",M4 Directional Diffusion,"{""iterations"": 4, ""step"": 0.22}",27.16267520307092,0.870679429012537,0.0019219074917362917,26.521772899214863,0.8848395212709605,0.0022275256316976067,-0.6409023038560555,0.014160092258423518,0.000305618139961315,0.026152068749070168,0.7177834999965853
184__M_Left_thumb_finger.BMP,184,"M4 Directional Diffusion (iterations=4, step=0.22)",M4 Directional Diffusion,"{""iterations"": 4, ""step"": 0.22}",27.09455659897816,0.894332712657094,0.0019522900465488075,26.60088209573706,0.9060010432988406,0.0021873173127014414,-0.49367450324109896,0.01166833064174655,0.00023502726615263385,0.02864082157611847,0.7037802000049851
184__M_Right_index_finger.BMP,184,"M4 Directional Diffusion (iterations=4, step=0.22)",M4 Directional Diffusion,"{""iterations"": 4, ""step"": 0.22}",27.168996828915667,0.8836233427411317,0.0019191119826170474,26.059176443271447,0.8950275516398549,0.00247789189806508,-1.1098203856442197,0.011404208898723178,0.0005587799154480326,0.029954947531223297,0.7095975999982329
184__M_Right_little_finger.BMP,184,"M4 Directional Diffusion (iterations=4, step=0.22)",M4 Directional Diffusion,"{""iterations"": 4, ""step"": 0.22}",27.192112369058048,0.8865373025163412,0.0019089245491009349,25.852234254395018,0.8955891845331192,0.0025988222392791097,-1.3398781146630299,0.009051882016777979,0.0006898976901781749,0.03193322569131851,0.7208354999966105
184__M_Right_middle_finger.BMP,184,"M4 Directional Diffusion (iterations=4, step=0.22)",M4 Directional Diffusion,"{""iterations"": 4, ""step"": 0.22}",26.937873520135312,0.9148618301275373,0.0020240099725046343,26.122042004585794,0.9166811271189451,0.0024422819487438037,-0.8158315155495188,0.001819296991407815,0.00041827197623916937,0.03167248144745827,0.7817601999995532
184__M_Right_ring_finger.BMP,184,"M4 Directional Diffusion (iterations=4, step=0.22)",M4 Directional Diffusion,"{""iterations"": 4, ""step"": 0.22}",26.95258106467255,0.899651739586711,0.002017167180501343,25.60906907067237,0.9024756707411706,0.002748483239437137,-1.3435119940001812,0.002823931154459669,0.0007313160589357943,0.03300595283508301,0.736702599999262
184__M_Right_thumb_finger.BMP,184,"M4 Directional Diffusion (iterations=4, step=0.22)",M4 Directional Diffusion,"{""iterations"": 4, ""step"": 0.22}",27.1155529441821,0.9145130371519327,0.001942874309123023,27.691386098108207,0.9277448802476526,0.0017016153326653005,0.5758331539261086,0.013231843095719897,-0.00024125897645772246,0.024401482194662094,0.8085770000034245
297__M_Left_index_finger.BMP,297,"M4 Directional Diffusion (iterations=4, step=0.22)",M4 Directional Diffusion,"{""iterations"": 4, ""step"": 0.22}",27.7570804375387,0.7906426064821481,0.0016760692418019418,27.990571376320954,0.8231982022179365,0.0015883377663680615,0.23349093878225347,0.03255559573578837,-8.773147543388038e-05,0.016303569078445435,0.8280506000010064
297__M_Left_little_finger.BMP,297,"M4 Directional Diffusion (iterations=4, step=0.22)",M4 Directional Diffusion,"{""iterations"": 4, ""step"": 0.22}",27.604976193107987,0.8586213655061722,0.0017358107781078177,23.10917977187639,0.8595437363951206,0.004887446571444262,-4.495796421231596,0.0009223708889484206,0.003151635793336444,0.042830634862184525,0.8121055000010529
297__M_Left_middle_finger.BMP,297,"M4 Directional Diffusion (iterations=4, step=0.22)",M4 Directional Diffusion,"{""iterations"": 4, ""step"": 0.22}",27.408921212894597,0.831367049916923,0.0018159666927172965,27.058646361231663,0.856255192423731,0.0019684997495743794,-0.3502748516629346,0.024888142506808042,0.0001525330568570829,0.02245645970106125,0.7884162000045762
297__M_Left_ring_finger.BMP,297,"M4 Directional Diffusion (iterations=4, step=0.22)",M4 Directional Diffusion,"{""iterations"": 4, ""step"": 0.22}",27.999195089177213,0.7429669464297891,0.0015851869599302825,28.582677241400802,0.7790585041498542,0.001385901216125776,0.5834821522235885,0.036091557720065115,-0.00019928574380450649,0.013273919001221657,0.8571347000033711
297__M_Left_thumb_finger.BMP,297,"M4 Directional Diffusion (iterations=4, step=0.22)",M4 Directional Diffusion,"{""iterations"": 4, ""step"": 0.22}",27.351634550995698,0.8496112274484038,0.0018400793218039874,26.83296952509373,0.8662248236655593,0.0020734952627906944,-0.5186650259019672,0.016613596217155524,0.000233415940986707,0.024981249123811722,0.8358353999938117
297__M_Right_index_finger.BMP,297,"M4 Directional Diffusion (iterations=4, step=0.22)",M4 Directional Diffusion,"{""iterations"": 4, ""step"": 0.22}",27.26646688433661,0.8421334111442864,0.0018765204928810162,27.739228683929838,0.8647711191002131,0.0016829729340374475,0.47276179959322917,0.022637707955926678,-0.00019354755884356872,0.01928499899804592,0.9312632000001031
297__M_Right_little_finger.BMP,297,"M4 Directional Diffusion (iterations=4, step=0.22)",M4 Directional Diffusion,"{""iterations"": 4, ""step"": 0.22}",27.748414561772044,0.7768289119063616,0.0016794169952769212,27.8883361522968,0.8089522056455016,0.0016261716473232957,0.13992159052475728,0.032123293739140024,-5.324534795362549e-05,0.017444776371121407,0.9223151999976835
297__M_Right_middle_finger.BMP,297,"M4 Directional Diffusion (iterations=4, step=0.22)",M4 Directional Diffusion,"{""iterations"": 4, ""step"": 0.22}",27.62754038726817,0.7994520999450088,0.0017268155915228394,27.97782131566603,0.8274397636607885,0.0015930076758314201,0.3502809283978614,0.027987663715779765,-0.00013380791569141928,0.018636688590049744,1.1169554000007338
297__M_Right_ring_finger.BMP,297,"M4 Directional Diffusion (iterations=4, step=0.22)",M4 Directional Diffusion,"{""iterations"": 4, ""step"": 0.22}",27.67942143460698,0.7884819651403725,0.0017063096877649516,27.986096739908017,0.8209696747966408,0.0015899751108274661,0.30667530530103804,0.03248770965626835,-0.00011633457693748547,0.016997072845697403,1.2338839000003645
297__M_Right_thumb_finger.BMP,297,"M4 Directional Diffusion (iterations=4, step=0.22)",M4 Directional Diffusion,"{""iterations"": 4, ""step"": 0.22}",27.057159365148596,0.8790298646752238,0.0019691738664962227,27.639485414668975,0.8968442438088059,0.0017220726072365946,0.582326049520379,0.01781437913358208,-0.0002471012592596281,0.02199823223054409,1.2282623999999487
510__M_Left_index_finger.BMP,510,"M4 Directional Diffusion (iterations=4, step=0.22)",M4 Directional Diffusion,"{""iterations"": 4, ""step"": 0.22}",27.049783248781104,0.8853918248358965,0.001972521179848049,26.342241373253586,0.8975674130394459,0.0023215383521789116,-0.707541875527518,0.012175588203549359,0.00034901717233086276,0.027264660224318504,1.2270327000005636
510__M_Left_little_finger.BMP,510,"M4 Directional Diffusion (iterations=4, step=0.22)",M4 Directional Diffusion,"{""iterations"": 4, ""step"": 0.22}",27.388994176833812,0.8156364864462018,0.0018243181642848185,26.966269645737974,0.8384696408147811,0.0020108192558195353,-0.4227245310958381,0.022833154368579356,0.0001865010915347168,0.02275070734322071,1.1571819000018877
510__M_Left_middle_finger.BMP,510,"M4 Directional Diffusion (iterations=4, step=0.22)",M4 Directional Diffusion,"{""iterations"": 4, ""step"": 0.22}",26.927380314475773,0.9163373613706232,0.002028906196606752,26.041971951415025,0.9191114019133747,0.002487727487753732,-0.8854083630607477,0.0027740405427515435,0.00045882129114697967,0.029812591150403023,1.2402303999988362
510__M_Left_ring_finger.BMP,510,"M4 Directional Diffusion (iterations=4, step=0.22)",M4 Directional Diffusion,"{""iterations"": 4, ""step"": 0.22}",27.139391128208246,0.8814989184703231,0.0019322391939270728,26.6896810851672,0.8930147270258069,0.0021430479654704817,-0.4497100430410441,0.01151580855548373,0.00021080877154340885,0.027101458981633186,1.0865263999949093
510__M_Left_thumb_finger.BMP,510,"M4 Directional Diffusion (iterations=4, step=0.22)",M4 Directional Diffusion,"{""iterations"": 4, ""step"": 0.22}",27.04511604334945,0.9147710483712554,0.0019746421163289608,27.231106417321023,0.9248608806868196,0.0018918615827991372,0.18599037397157403,0.010089832315564151,-8.278053352982358e-05,0.02375919371843338,1.073918500005675
510__M_Right_index_finger.BMP,510,"M4 Directional Diffusion (iterations=4, step=0.22)",M4 Directional Diffusion,"{""iterations"": 4, ""step"": 0.22}",27.23055457921046,0.866017082233429,0.0018921019882603737,27.050059188179286,0.8839312567621469,0.001972395854973169,-0.1804953910311724,0.017914174528717908,8.029386671279544e-05,0.023928385227918625,0.8879084000000148
510__M_Right_little_finger.BMP,510,"M4 Directional Diffusion (iterations=4, step=0.22)",M4 Directional Diffusion,"{""iterations"": 4, ""step"": 0.22}",27.394827670703343,0.8089458301949203,0.0018218693639567604,27.560094884807963,0.8335660003174543,0.0017538421834187511,0.1652672141046203,0.024620170122534035,-6.802718053800926e-05,0.01950118876993656,0.9334853000036674
510__M_Right_middle_finger.BMP,510,"M4 Directional Diffusion (iterations=4, step=0.22)",M4 Directional Diffusion,"{""iterations"": 4, ""step"": 0.22}",27.098886756793288,0.887872908428371,0.001950344474744861,27.009256717072724,0.9005551839504242,0.001991014066349177,-0.08963003972056427,0.012682275522053255,4.066959160431622e-05,0.024795249104499817,0.9376613999993424
510__M_Right_ring_finger.BMP,510,"M4 Directional Diffusion (iterations=4, step=0.22)",M4 Directional Diffusion,"{""iterations"": 4, ""step"": 0.22}",27.19464273199484,0.8686249066267312,0.001907812661832362,26.97677526412287,0.8838751495004297,0.0020059609464095013,-0.21786746787196876,0.015250242873698472,9.814828457713936e-05,0.025163009762763977,0.9166220999977668
510__M_Right_thumb_finger.BMP,510,"M4 Directional Diffusion (iterations=4, step=0.22)",M4 Directional Diffusion,"{""iterations"": 4, ""step"": 0.22}",27.147269107323716,0.8867233144706488,0.0019287373437475198,28.010364180773855,0.9041674344482422,0.0015811154481335666,0.8630950734501397,0.01744411997759343,-0.0003476218956139532,0.019671760499477386,0.9251178000049549
329__M_Left_index_finger.BMP,329,"M4 Directional Diffusion (iterations=4, step=0.22)",M4 Directional Diffusion,"{""iterations"": 4, ""step"": 0.22}",27.33983850281261,0.8673399185726046,0.0018450840293860148,25.83818583223171,0.8805930458232164,0.002607242439591582,-1.5016526705809028,0.013253127250611785,0.0007621584102055672,0.029656434431672096,0.947390399996948
329__M_Left_little_finger.BMP,329,"M4 Directional Diffusion (iterations=4, step=0.22)",M4 Directional Diffusion,"{""iterations"": 4, ""step"": 0.22}",27.483534424271237,0.7969700508410931,0.0017850342668649715,28.320836303860332,0.8312965779679418,0.0014720290122814633,0.837301879589095,0.034326527126848694,-0.00031300525458350823,0.01805453561246395,0.9658863000004203
329__M_Left_middle_finger.BMP,329,"M4 Directional Diffusion (iterations=4, step=0.22)",M4 Directional Diffusion,"{""iterations"": 4, ""step"": 0.22}",27.170496652176993,0.8806207271711528,0.0019184493373478708,26.858547872732984,0.897771686871469,0.002061319030291727,-0.311948779444009,0.017150959700316215,0.00014286969294385605,0.026849757879972458,0.9478708999959053
329__M_Left_ring_finger.BMP,329,"M4 Directional Diffusion (iterations=4, step=0.22)",M4 Directional Diffusion,"{""iterations"": 4, ""step"": 0.22}",27.048095149200076,0.8606330455324054,0.0019732880464668353,27.3265972449696,0.8817893723335266,0.0018507181133127122,0.2785020957695252,0.021156326801121228,-0.0001225699331541231,0.02414046972990036,0.9245473999981186
329__M_Left_thumb_finger.BMP,329,"M4 Directional Diffusion (iterations=4, step=0.22)",M4 Directional Diffusion,"{""iterations"": 4, ""step"": 0.22}",27.274119087408604,0.8811508820807934,0.001873217003364104,27.147652054580785,0.8986064308318495,0.0019285672812339018,-0.12646703282781857,0.01745554875105615,5.535027786979772e-05,0.025088312104344368,0.9617978999958723
329__M_Right_index_finger.BMP,329,"M4 Directional Diffusion (iterations=4, step=0.22)",M4 Directional Diffusion,"{""iterations"": 4, ""step"": 0.22}",27.187816851277667,0.9046109719729424,0.001910813561316814,26.670795283142187,0.9123384710476995,0.0021523875518955527,-0.5170215681354797,0.007727499074757116,0.00024157399057873875,0.027724890038371086,0.9473538999955053
329__M_Right_little_finger.BMP,329,"M4 Directional Diffusion (iterations=4, step=0.22)",M4 Directional Diffusion,"{""iterations"": 4, ""step"": 0.22}",27.743813777829764,0.7948134238148331,0.0016811970613825667,27.791496678194374,0.8249995549672544,0.0016628394990616437,0.04768290036460954,0.030186131152421303,-1.8357562320922994e-05,0.01905101351439953,0.8837241000001086
329__M_Right_middle_finger.BMP,329,"M4 Directional Diffusion (iterations=4, step=0.22)",M4 Directional Diffusion,"{""iterations"": 4, ""step"": 0.22}",27.191388370015403,0.9068319340829849,0.0019092428065988977,26.16180152403983,0.9108818784151077,0.0024200249728378517,-1.0295868459755724,0.004049944332122801,0.000510782166238954,0.029104847460985184,0.8953875000006519
329__M_Right_ring_finger.BMP,329,"M4 Directional Diffusion (iterations=4, step=0.22)",M4 Directional Diffusion,"{""iterations"": 4, ""step"": 0.22}",27.27178725921972,0.8700721985939145,0.0018742230472468093,27.058935924717098,0.8887894273075462,0.0019683685052988174,-0.2128513345026235,0.018717228713631684,9.414545805200812e-05,0.024498524144291878,0.9059752999964985
329__M_Right_thumb_finger.BMP,329,"M4 Directional Diffusion (iterations=4, step=0.22)",M4 Directional Diffusion,"{""iterations"": 4, ""step"": 0.22}",27.0467404622004,0.909762505359292,0.0019739036666828963,27.728098254732814,0.9238167574585379,0.0016872917169259065,0.6813577925324132,0.014054252099245823,-0.00028661194975698983,0.022448251023888588,0.8848584000006667
500__M_Left_index_finger.BMP,500,"M4 Directional Diffusion (iterations=4, step=0.22)",M4 Directional Diffusion,"{""iterations"": 4, ""step"": 0.22}",27.22097697852984,0.8126579431100488,0.0018962792907501484,28.33016461959829,0.8477871696752309,0.0014688705989555832,1.1091876410684485,0.03512922656518214,-0.0004274086917945652,0.016062159091234207,0.8798377000057371
500__M_Left_little_finger.BMP,500,"M4 Directional Diffusion (iterations=4, step=0.22)",M4 Directional Diffusion,"{""iterations"": 4, ""step"": 0.22}",27.393190376862407,0.8031483195633888,0.0018225563397227824,28.126457314197467,0.8336798449784517,0.0015394098765505546,0.7332669373350598,0.030531525415062877,-0.00028314646317222775,0.01570882834494114,0.9352803000001586
500__M_Left_middle_finger.BMP,500,"M4 Directional Diffusion (iterations=4, step=0.22)",M4 Directional Diffusion,"{""iterations"": 4, ""step"": 0.22}",27.140279470727975,0.8293306801019311,0.0019318439978642497,27.967984455220275,0.8592099903706312,0.0015966199607934423,0.8277049844922999,0.029879310268700054,-0.00033522403707080743,0.01740206964313984,0.900085900000704
500__M_Left_ring_finger.BMP,500,"M4 Directional Diffusion (iterations=4, step=0.22)",M4 Directional Diffusion,"{""iterations"": 4, ""step"": 0.22}",27.295580705283417,0.8248268218860626,0.0018639829240834243,27.41524405488584,0.8513132596460878,0.0018133247719269105,0.11966334960242264,0.02648643776002524,-5.065815215651382e-05,0.02056254632771015,0.8931217000063043
500__M_Left_thumb_finger.BMP,500,"M4 Directional Diffusion (iterations=4, step=0.22)",M4 Directional Diffusion,"{""iterations"": 4, ""step"": 0.22}",26.95658644166975,0.8581379957226812,0.0020153076610392906,28.264822534836046,0.8866671419753432,0.0014911376863644419,1.3082360931662969,0.028529146252662008,-0.0005241699746748488,0.0175679512321949,0.9095133999944665
500__M_Right_index_finger.BMP,500,"M4 Directional Diffusion (iterations=4, step=0.22)",M4 Directional Diffusion,"{""iterations"": 4, ""step"": 0.22}",27.331157922060033,0.8369927438261509,0.0018487756300997896,27.504003605500856,0.8601066903133988,0.0017766408332406652,0.17284568344082274,0.02311394648724796,-7.213479685912443e-05,0.02089795656502247,0.8759165000010398
500__M_Right_little_finger.BMP,500,"M4 Directional Diffusion (iterations=4, step=0.22)",M4 Directional Diffusion,"{""iterations"": 4, ""step"": 0.22}",27.37286064895845,0.8175403233197629,0.0018311078948542933,27.839603494286223,0.8461624773082436,0.0016445218592575118,0.4667428453277722,0.02862215398848067,-0.00018658603559678147,0.01900056190788746,0.8694313000014517
500__M_Right_middle_finger.BMP,500,"M4 Directional Diffusion (iterations=4, step=0.22)",M4 Directional Diffusion,"{""iterations"": 4, ""step"": 0.22}",27.2916266852288,0.8575968000411391,0.001865680754078539,27.092606382525084,0.8754362139735222,0.0019531669269417054,-0.1990203027037154,0.017839413932383086,8.748617286316639e-05,0.02349703013896942,0.8580050000018673
500__M_Right_ring_finger.BMP,500,"M4 Directional Diffusion (iterations=4, step=0.22)",M4 Directional Diffusion,"{""iterations"": 4, ""step"": 0.22}",27.155657376306145,0.8889747540159821,0.001925015640166392,27.026479982092916,0.9057159424054623,0.0019831337323926684,-0.1291773942132295,0.016741188389480133,5.811809222627633e-05,0.025855407118797302,0.8486951000013505
500__M_Right_thumb_finger.BMP,500,"M4 Directional Diffusion (iterations=4, step=0.22)",M4 Directional Diffusion,"{""iterations"": 4, ""step"": 0.22}",27.303108432332884,0.8768635264593064,0.001860754837687004,27.865878759115496,0.8937481616518498,0.0016346023693386744,0.5627703267826121,0.01688463519254335,-0.0002261524683483296,0.0203067809343338,0.8095239999965997
546__M_Left_index_finger.BMP,546,"M4 Directional Diffusion (iterations=4, step=0.22)",M4 Directional Diffusion,"{""iterations"": 4, ""step"": 0.22}",27.17939859729466,0.8178055724727511,0.0019145210258810648,28.09034891292281,0.8475691802662015,0.0015522622959324413,0.9109503156281491,0.02976360779345044,-0.00036225872994862353,0.018884096294641495,0.8329403000025195
546__M_Left_little_finger.BMP,546,"M4 Directional Diffusion (iterations=4, step=0.22)",M4 Directional Diffusion,"{""iterations"": 4, ""step"": 0.22}",27.58377739293818,0.7815911141959428,0.0017443043373741387,28.242428538716805,0.8152660968032479,0.001498846458611234,0.6586511457786237,0.03367498260730506,-0.0002454578787629048,0.018326209858059883,0.8166531000024406
546__M_Left_middle_finger.BMP,546,"M4 Directional Diffusion (iterations=4, step=0.22)",M4 Directional Diffusion,"{""iterations"": 4, ""step"": 0.22}",27.4038782178077,0.7900903055039644,0.001818076604447424,28.52087226801502,0.8260812320846319,0.0014057651518738228,1.1169940502073175,0.03599092658066749,-0.00041231145257360127,0.017093412578105927,0.8517665999970632
546__M_Left_ring_finger.BMP,546,"M4 Directional Diffusion (iterations=4, step=0.22)",M4 Directional Diffusion,"{""iterations"": 4, ""step"": 0.22}",27.1960749589077,0.811261339558661,0.0019071836024613185,28.230323747226205,0.8439950405480862,0.0015030299177162833,1.0342487883185036,0.032733700989425185,-0.0004041536847450352,0.018229642882943153,0.8743997999990825
546__M_Left_thumb_finger.BMP,546,"M4 Directional Diffusion (iterations=4, step=0.22)",M4 Directional Diffusion,"{""iterations"": 4, ""step"": 0.22}",27.021483915545907,0.8652175775358677,0.001985416416064281,27.097651681479164,0.8807630742127895,0.001950899205455484,0.07616776593325625,0.015545496676921844,-3.451721060879686e-05,0.025659486651420593,0.8152152999973623
546__M_Right_index_finger.BMP,546,"M4 Directional Diffusion (iterations=4, step=0.22)",M4 Directional Diffusion,"{""iterations"": 4, ""step"": 0.22}",28.061231288264025,0.7160751357330084,0.0015627045302793903,29.11727006537539,0.7512865336510539,0.0012253862235806889,1.0560387771113646,0.035211397918045506,-0.00033731830669870145,0.011194294318556786,0.9238246000022627
546__M_Right_little_finger.BMP,546,"M4 Directional Diffusion (iterations=4, step=0.22)",M4 Directional Diffusion,"{""iterations"": 4, ""step"": 0.22}",27.63564668951084,0.7798252788092495,0.0017235954186269598,28.320309667387747,0.8152558179841638,0.001472207525065668,0.6846629778769078,0.035430539174914344,-0.00025138789356129185,0.01733691245317459,0.8574242000031518
546__M_Right_middle_finger.BMP,546,"M4 Directional Diffusion (iterations=4, step=0.22)",M4 Directional Diffusion,"{""iterations"": 4, ""step"": 0.22}",27.055545225753267,0.8390291150278747,0.0019699058840555576,27.70053925336174,0.8675811994196475,0.0016980327985863697,0.6449940276084725,0.028552084391772814,-0.0002718730854691879,0.020844923332333565,0.8927326999983052
546__M_Right_ring_finger.BMP,546,"M4 Directional Diffusion (iterations=4, step=0.22)",M4 Directional Diffusion,"{""iterations"": 4, ""step"": 0.22}",27.41220324434771,0.8016949292868972,0.0018145948566559466,28.818362978272066,0.8375737946987152,0.0013126946104965284,1.4061597339243548,0.03587886541181795,-0.0005019002461594182,0.01669858768582344,0.9805188000027556
546__M_Right_thumb_finger.BMP,546,"M4 Directional Diffusion (iterations=4, step=0.22)",M4 Directional Diffusion,"{""iterations"": 4, ""step"": 0.22}",27.25553281696742,0.9009375226513148,0.0018812508895890972,27.110801579523404,0.9121827261067629,0.0019450010586613087,-0.1447312374440166,0.011245203455448105,6.375016907221153e-05,0.0261753611266613,1.0695399999967776
339__M_Left_index_finger.BMP,339,"M4 Directional Diffusion (iterations=4, step=0.22)",M4 Directional Diffusion,"{""iterations"": 4, ""step"": 0.22}",27.168168273784936,0.9018743955249489,0.001919478149316312,26.680965056701773,0.9102001601448954,0.002147353252337921,-0.48720321708316305,0.008325764619946496,0.00022787510302160882,0.02594437450170517,1.036245000002964
339__M_Left_little_finger.BMP,339,"M4 Directional Diffusion (iterations=4, step=0.22)",M4 Directional Diffusion,"{""iterations"": 4, ""step"": 0.22}",27.38284470479606,0.8433663844787479,0.0018269031706211621,27.10477329180028,0.8639593471072913,0.001947702720276917,-0.27807141299577864,0.020592962628543376,0.00012079954965575493,0.021013062447309494,0.9874717999991844
339__M_Left_middle_finger.BMP,339,"M4 Directional Diffusion (iterations=4, step=0.22)",M4 Directional Diffusion,"{""iterations"": 4, ""step"": 0.22}",26.873471350702367,0.9168854509427845,0.0020542479626780162,26.680757384920856,0.9249260514754057,0.0021474559373489107,-0.19271396578151112,0.008040600532621234,9.320797467089444e-05,0.025302913039922714,1.0364139000012074
339__M_Left_ring_finger.BMP,339,"M4 Directional Diffusion (iterations=4, step=0.22)",M4 Directional Diffusion,"{""iterations"": 4, ""step"": 0.22}",27.249917444994132,0.8514360282585621,0.0018836848961017005,27.50572282403232,0.872719225236386,0.0017759376630462423,0.25580537903818623,0.02128319697782388,-0.00010774723305545823,0.019371265545487404,0.9896970999980113
339__M_Left_thumb_finger.BMP,339,"M4 Directional Diffusion (iterations=4, step=0.22)",M4 Directional Diffusion,"{""iterations"": 4, ""step"": 0.22}",27.26277479330367,0.8888812686822712,0.0018781164676396895,27.93551692621998,0.9048365670090318,0.0016086009000997959,0.6727421329163086,0.01595529832676057,-0.00026951556753989367,0.019692016765475273,0.9408788000000641
339__M_Right_index_finger.BMP,339,"M4 Directional Diffusion (iterations=4, step=0.22)",M4 Directional Diffusion,"{""iterations"": 4, ""step"": 0.22}",27.13878511628046,0.8817343702910244,0.0019325088362432837,27.304023768149964,0.8982660149219632,0.0018603626991392744,0.1652386518695046,0.016531644630938813,-7.214613710400928e-05,0.020469114184379578,0.9659801000016159
339__M_Right_little_finger.BMP,339,"M4 Directional Diffusion (iterations=4, step=0.22)",M4 Directional Diffusion,"{""iterations"": 4, ""step"": 0.22}",27.55192668038311,0.8072073154693842,0.001757143911266478,27.594447158629066,0.8329595564158558,0.0017400241828073775,0.04252047824595451,0.02575224094647166,-1.711972845910045e-05,0.016589459031820297,0.9861909999963245
339__M_Right_middle_finger.BMP,339,"M4 Directional Diffusion (iterations=4, step=0.22)",M4 Directional Diffusion,"{""iterations"": 4, ""step"": 0.22}",26.929466550812975,0.9228188951424956,0.002027931797549491,27.218038354000775,0.9325419640483856,0.0018975628296337356,0.28857180318779996,0.009723068905890031,-0.00013036896791575542,0.024642515927553177,0.9043779999992694
339__M_Right_ring_finger.BMP,339,"M4 Directional Diffusion (iterations=4, step=0.22)",M4 Directional Diffusion,"{""iterations"": 4, ""step"": 0.22}",27.038256510915005,0.8957082019684315,0.001977763460225771,27.51323217743575,0.9104714864000678,0.0017728695558012913,0.47497566652074497,0.014763284431636325,-0.0002048939044244798,0.021578550338745117,0.9037739000050351
339__M_Right_thumb_finger.BMP,339,"M4 Directional Diffusion (iterations=4, step=0.22)",M4 Directional Diffusion,"{""iterations"": 4, ""step"": 0.22}",27.11046778040246,0.9044235747672915,0.001945150557358994,28.223666801502524,0.9210609890909195,0.0015053355562392825,1.1131990211000655,0.016637414323627975,-0.0004398150011197114,0.019579056650400162,0.9179604000019026
82__M_Left_index_finger.BMP,82,"M4 Directional Diffusion (iterations=4, step=0.22)",M4 Directional Diffusion,"{""iterations"": 4, ""step"": 0.22}",27.407533077197563,0.8338205388668776,0.0018165472230260648,26.80242550049322,0.8576177172896862,0.002088129601191298,-0.6051075767043415,0.023797178422808596,0.0002715823781652331,0.02532069757580757,0.9046533000000636
82__M_Left_little_finger.BMP,82,"M4 Directional Diffusion (iterations=4, step=0.22)",M4 Directional Diffusion,"{""iterations"": 4, ""step"": 0.22}",27.69229082988279,0.7763772368124128,0.0017012608853540223,27.242679523351214,0.8043963057608604,0.0018868268497058017,-0.4496113065315761,0.028019068948447634,0.00018556596435177937,0.019751202315092087,0.8570424999998068
82__M_Left_middle_finger.BMP,82,"M4 Directional Diffusion (iterations=4, step=0.22)",M4 Directional Diffusion,"{""iterations"": 4, ""step"": 0.22}",27.880716384195686,0.7725335403455496,0.001629027296628847,27.137667608677376,0.8013116131761671,0.001933006164963755,-0.7430487755183108,0.028778072830617507,0.000303978868334908,0.01941538043320179,0.8632200000065495
82__M_Left_ring_finger.BMP,82,"M4 Directional Diffusion (iterations=4, step=0.22)",M4 Directional Diffusion,"{""iterations"": 4, ""step"": 0.22}",27.892192977055572,0.7594045024935603,0.0016247281394634915,27.57990346552324,0.7902523278917074,0.0017458609592853405,-0.312289511532331,0.030847825398147122,0.000121132819821849,0.01852729357779026,0.8080769000007422
82__M_Left_thumb_finger.BMP,82,"M4 Directional Diffusion (iterations=4, step=0.22)",M4 Directional Diffusion,"{""iterations"": 4, ""step"": 0.22}",27.27279496261675,0.8799613435319364,0.0018737882174453759,26.135750650913693,0.8939628715759218,0.002434584960763748,-1.1370443117030575,0.014001528043985356,0.0005607967433183723,0.029487179592251778,0.8410667999996804
82__M_Right_index_finger.BMP,82,"M4 Directional Diffusion (iterations=4, step=0.22)",M4 Directional Diffusion,"{""iterations"": 4, ""step"": 0.22}",27.377923386348108,0.8815812092620731,0.00182897454583705,27.05372085456704,0.8954023128195405,0.0019707335700231655,-0.3242025317810686,0.013821103557467462,0.00014175902418611555,0.025460489094257355,0.8530406999998377
82__M_Right_little_finger.BMP,82,"M4 Directional Diffusion (iterations=4, step=0.22)",M4 Directional Diffusion,"{""iterations"": 4, ""step"": 0.22}",27.508672695264686,0.8410461886511446,0.001774731797242011,26.36377084751279,0.8656685728838444,0.002310058165582973,-1.1449018477518962,0.0246223842326998,0.0005353263683409619,0.027602985501289368,0.8815571000013733
82__M_Right_middle_finger.BMP,82,"M4 Directional Diffusion (iterations=4, step=0.22)",M4 Directional Diffusion,"{""iterations"": 4, ""step"": 0.22}",27.57387435613134,0.8563310876093507,0.0017482863404259983,27.058160462234863,0.8729056393262744,0.0019687200023297494,-0.5157138938964785,0.01657455171692368,0.00022043366190375112,0.023703821003437042,0.8434281000008923
82__M_Right_ring_finger.BMP,82,"M4 Directional Diffusion (iterations=4, step=0.22)",M4 Directional Diffusion,"{""iterations"": 4, ""step"": 0.22}",27.29889436135744,0.8531962656697631,0.0018625612521925405,26.356711435632675,0.8724073672491311,0.002313816194727281,-0.9421829257247651,0.019211101579368006,0.00045125494253474047,0.02637925185263157,0.8284488000062993
82__M_Right_thumb_finger.BMP,82,"M4 Directional Diffusion (iterations=4, step=0.22)",M4 Directional Diffusion,"{""iterations"": 4, ""step"": 0.22}",27.376577421841297,0.8896566295321285,0.001829541469073406,27.1353479629807,0.9033492665762305,0.0019340388944355093,-0.2412294588605981,0.013692637044101952,0.00010449742536210323,0.025728533044457436,0.862127700005658
233__M_Left_index_finger.BMP,233,"M4 Directional Diffusion (iterations=4, step=0.22)",M4 Directional Diffusion,"{""iterations"": 4, ""step"": 0.22}",27.231448446651516,0.881167633240223,0.0018917125947972063,25.148870686375577,0.8868708971750736,0.0030557156000836287,-2.0825777602759388,0.005703263934850655,0.0011640030052864224,0.033460333943367004,0.8296126999994158
233__M_Left_little_finger.BMP,233,"M4 Directional Diffusion (iterations=4, step=0.22)",M4 Directional Diffusion,"{""iterations"": 4, ""step"": 0.22}",27.517264572307603,0.8166662105587423,0.0017712242223760113,26.802126416744592,0.8373327408013344,0.002088273408483293,-0.715138155563011,0.02066653024259202,0.00031704918610728173,0.02339438907802105,0.8524101000002702
233__M_Left_middle_finger.BMP,233,"M4 Directional Diffusion (iterations=4, step=0.22)",M4 Directional Diffusion,"{""iterations"": 4, ""step"": 0.22}",27.06610764982347,0.8987743058198094,0.00196512072088019,25.60927834624853,0.903430699513197,0.0027483508001409436,-1.4568293035749385,0.0046563936933875505,0.0007832300792607536,0.03236514702439308,0.9309378000034485
233__M_Left_ring_finger.BMP,233,"M4 Directional Diffusion (iterations=4, step=0.22)",M4 Directional Diffusion,"{""iterations"": 4, ""step"": 0.22}",27.21594022648782,0.8684191310635209,0.0018984797859420758,25.948877300795886,0.8806336628414988,0.0025416296599703922,-1.2670629256919348,0.012214531777977933,0.0006431498740283165,0.030479077249765396,0.9227887000015471
233__M_Left_thumb_finger.BMP,233,"M4 Directional Diffusion (iterations=4, step=0.22)",M4 Directional Diffusion,"{""iterations"": 4, ""step"": 0.22}",27.225324345100958,0.8898841066287756,0.0018943820305245258,26.558638794253152,0.9027087043299079,0.002208696894655645,-0.6666855508478058,0.012824597701132312,0.0003143148641311193,0.028801845386624336,0.874608400001307
233__M_Right_index_finger.BMP,233,"M4 Directional Diffusion (iterations=4, step=0.22)",M4 Directional Diffusion,"{""iterations"": 4, ""step"": 0.22}",27.50662691038512,0.8214849174355269,0.0017755679982309547,27.964323815030568,0.8451105339385867,0.0015979663087995629,0.45769690464544865,0.023625616503059832,-0.00017760168943139185,0.02048332989215851,0.8784635999982129
233__M_Right_little_finger.BMP,233,"M4 Directional Diffusion (iterations=4, step=0.22)",M4 Directional Diffusion,"{""iterations"": 4, ""step"": 0.22}",27.51716208580386,0.8188212123342753,0.0017712660209084244,26.621270282087877,0.8421780438174009,0.0021770729000675964,-0.8958918037159833,0.023356831483125617,0.000405806879159172,0.02477184124290943,0.8765792999984114
233__M_Right_middle_finger.BMP,233,"M4 Directional Diffusion (iterations=4, step=0.22)",M4 Directional Diffusion,"{""iterations"": 4, ""step"": 0.22}",27.58550540080451,0.8223692128821611,0.001743610436767703,27.618008717421148,0.845459193828553,0.0017306096787541724,0.03250331661663708,0.023089980946391808,-1.3000758013530624e-05,0.020558498799800873,0.9012408999988111
233__M_Right_ring_finger.BMP,233,"M4 Directional Diffusion (iterations=4, step=0.22)",M4 Directional Diffusion,"{""iterations"": 4, ""step"": 0.22}",27.32663857679203,0.8532075932916999,0.0018507005001051732,26.268556745772397,0.86779350256145,0.0023612628013631115,-1.0580818310196314,0.01458590926975012,0.0005105623012579383,0.028102373704314232,0.8357056000022567
233__M_Right_thumb_finger.BMP,233,"M4 Directional Diffusion (iterations=4, step=0.22)",M4 Directional Diffusion,"{""iterations"": 4, ""step"": 0.22}",27.358350027517254,0.8703843627896904,0.0018372362139300598,27.44166423674509,0.8876048955296874,0.0018023269484033913,0.0833142092278365,0.017220532739996908,-3.490926552666843e-05,0.02429226227104664,0.8415677000011783
384__F_Left_index_finger.BMP,384,"M4 Directional Diffusion (iterations=4, step=0.22)",M4 Directional Diffusion,"{""iterations"": 4, ""step"": 0.22}",27.585880267422205,0.7939810056756735,0.0017434599413858843,27.6380090169924,0.8224116411529779,0.001722658130725943,0.05212874957019409,0.0284306354773044,-2.080181065994128e-05,0.018370620906352997,0.8982647000011639
384__F_Left_little_finger.BMP,384,"M4 Directional Diffusion (iterations=4, step=0.22)",M4 Directional Diffusion,"{""iterations"": 4, ""step"": 0.22}",27.73487095126321,0.7763853534689545,0.0016846624850512509,27.862521143154954,0.8054959768270255,0.0016358666011818694,0.12765019189174254,0.02911062335807091,-4.879588386938146e-05,0.016011882573366165,0.8181219000034616
384__F_Left_middle_finger.BMP,384,"M4 Directional Diffusion (iterations=4, step=0.22)",M4 Directional Diffusion,"{""iterations"": 4, ""step"": 0.22}",27.118571655332776,0.8717084888616204,0.0019415243176466404,26.435273186260105,0.8866760097706318,0.002272336692932534,-0.6832984690726711,0.014967520909011323,0.0003308123752858937,0.026571549475193024,0.8561005000010482
384__F_Left_ring_finger.BMP,384,"M4 Directional Diffusion (iterations=4, step=0.22)",M4 Directional Diffusion,"{""iterations"": 4, ""step"": 0.22}",27.285154102190788,0.8293552509646416,0.0018684633767569378,26.878803561393084,0.8513802296557724,0.0020517273316865607,-0.4063505407977033,0.022024978691130848,0.00018326395492962292,0.02208954095840454,0.857197700002871
384__F_Left_thumb_finger.BMP,384,"M4 Directional Diffusion (iterations=4, step=0.22)",M4 Directional Diffusion,"{""iterations"": 4, ""step"": 0.22}",27.318048246885297,0.8491703983755707,0.0018543648021192723,27.323702311367736,0.8691181490985155,0.0018519521819808883,0.00565406448243877,0.019947750722944746,-2.412620138384034e-06,0.022455960512161255,0.8414542000027723
384__F_Right_index_finger.BMP,384,"M4 Directional Diffusion (iterations=4, step=0.22)",M4 Directional Diffusion,"{""iterations"": 4, ""step"": 0.22}",27.486196197178927,0.8517396650123894,0.0017839405619474507,27.468184461994213,0.8704126153817177,0.0017913545608972071,-0.01801173518471444,0.018672950369328256,7.413998949756416e-06,0.02170541137456894,0.888847899994289
384__F_Right_little_finger.BMP,384,"M4 Directional Diffusion (iterations=4, step=0.22)",M4 Directional Diffusion,"{""iterations"": 4, ""step"": 0.22}",28.013672442708103,0.7328998680624962,0.001579911483427486,27.81161247897535,0.768159807158649,0.0016551553117117568,-0.20205996373275426,0.03525993909615277,7.524382828427083e-05,0.015247223898768425,0.9493024000039441
384__F_Right_middle_finger.BMP,384,"M4 Directional Diffusion (iterations=4, step=0.22)",M4 Directional Diffusion,"{""iterations"": 4, ""step"": 0.22}",27.627489404881164,0.8129671659176647,0.0017268358629518306,27.43826645084942,0.8369886729914546,0.0018037375850907507,-0.18922295403174516,0.024021507073789916,7.690172213892016e-05,0.020582610741257668,0.9668602000019746
384__F_Right_ring_finger.BMP,384,"M4 Directional Diffusion (iterations=4, step=0.22)",M4 Directional Diffusion,"{""iterations"": 4, ""step"": 0.22}",27.74839173628873,0.7761508576027751,0.0016794258219157423,27.27125297917153,0.8047289240341187,0.0018744536330864128,-0.47713875711720277,0.02857806643134353,0.00019502781117067053,0.020405728369951248,0.9694922999988194
384__F_Right_thumb_finger.BMP,384,"M4 Directional Diffusion (iterations=4, step=0.22)",M4 Directional Diffusion,"{""iterations"": 4, ""step"": 0.22}",27.15122576087472,0.8853496424844265,0.0019269809617181043,27.787159847130717,0.9028250299111604,0.001664500827064631,0.6359340862559968,0.017475387426733935,-0.0002624801346534733,0.02213994413614273,1.1414845000035712
218__M_Left_index_finger.BMP,218,"M4 Directional Diffusion (iterations=4, step=0.22)",M4 Directional Diffusion,"{""iterations"": 4, ""step"": 0.22}",26.95555240343883,0.8582802163401246,0.002015787555065108,27.89663237257823,0.8850423005374074,0.0016230681769529237,0.9410799691394018,0.026762084197282765,-0.00039271937811218407,0.022769449278712273,1.0736364999975194
218__M_Left_little_finger.BMP,218,"M4 Directional Diffusion (iterations=4, step=0.22)",M4 Directional Diffusion,"{""iterations"": 4, ""step"": 0.22}",27.522404178182647,0.7467122343437076,0.0017691293281806295,28.74812244560495,0.7875301047868729,0.0013340980686218462,1.2257182674223017,0.040817870443165316,-0.0004350312595587833,0.014541223645210266,1.1202077999987523
218__M_Left_middle_finger.BMP,218,"M4 Directional Diffusion (iterations=4, step=0.22)",M4 Directional Diffusion,"{""iterations"": 4, ""step"": 0.22}",26.89328640320218,0.8228105702443123,0.002044896632206302,28.113142754782228,0.8569379029051065,0.0015441366267951288,1.2198563515800487,0.03412733266079426,-0.0005007600054111733,0.018316011875867844,1.0637874999956694
218__M_Left_ring_finger.BMP,218,"M4 Directional Diffusion (iterations=4, step=0.22)",M4 Directional Diffusion,"{""iterations"": 4, ""step"": 0.22}",27.126296343694097,0.7792105915739537,0.0019380740458066112,28.77976472195058,0.8221286823498607,0.0013244132830400603,1.653468378256484,0.042918090775907025,-0.0006136607627665509,0.01531415618956089,0.98301110000466
218__M_Left_thumb_finger.BMP,218,"M4 Directional Diffusion (iterations=4, step=0.22)",M4 Directional Diffusion,"{""iterations"": 4, ""step"": 0.22}",26.789339122859307,0.8764949646649957,0.002094431146604478,27.04387532477003,0.8936808251140713,0.001975206324546813,0.25453620191072446,0.017185860449075663,-0.00011922482205766523,0.025595899671316147,0.9872031000049901
218__M_Right_index_finger.BMP,218,"M4 Directional Diffusion (iterations=4, step=0.22)",M4 Directional Diffusion,"{""iterations"": 4, ""step"": 0.22}",27.474097601586816,0.8698191221582293,0.00178891720049819,26.454475186564757,0.8819616697122454,0.002262311907265225,-1.0196224150220594,0.012142547554016114,0.0004733947067670351,0.02680106833577156,1.0335207000025548
218__M_Right_little_finger.BMP,218,"M4 Directional Diffusion (iterations=4, step=0.22)",M4 Directional Diffusion,"{""iterations"": 4, ""step"": 0.22}",27.443423655111545,0.7658184392821192,0.001801596935698824,28.367431563931312,0.802902895150125,0.0014563200998632107,0.9240079088197675,0.037084455868005795,-0.0003452768358356132,0.016155563294887543,0.8282199999957811
218__M_Right_middle_finger.BMP,218,"M4 Directional Diffusion (iterations=4, step=0.22)",M4 Directional Diffusion,"{""iterations"": 4, ""step"": 0.22}",27.217295792036982,0.8971402516595721,0.0018978873049628026,26.607024782457927,0.9057848935214281,0.0021842257450977653,-0.6102710095790549,0.008644641861855984,0.0002863384401349627,0.027313709259033203,0.8450625000041327
218__M_Right_ring_finger.BMP,218,"M4 Directional Diffusion (iterations=4, step=0.22)",M4 Directional Diffusion,"{""iterations"": 4, ""step"": 0.22}",26.95709928583952,0.8327536396930217,0.002015069693990176,27.91905464208167,0.8624663144120573,0.001614710003327343,0.9619553562421501,0.029712674719035603,-0.000400359690662833,0.02059902809560299,0.8733290000018314
218__M_Right_thumb_finger.BMP,218,"M4 Directional Diffusion (iterations=4, step=0.22)",M4 Directional Diffusion,"{""iterations"": 4, ""step"": 0.22}",27.637037325791376,0.799559909917891,0.0017230436016656254,28.042864348873774,0.8109344882588386,0.0015693274276215924,0.4058270230823986,0.011374578340947572,-0.00015371617404403301,0.01756085269153118,0.8828964999993332
388__F_Left_index_finger.BMP,388,"M4 Directional Diffusion (iterations=4, step=0.22)",M4 Directional Diffusion,"{""iterations"": 4, ""step"": 0.22}",27.434830134381247,0.7567465921532214,0.001805165341190282,28.63595041977776,0.7990238206345439,0.0013690047595368384,1.201120285396513,0.04227722848132254,-0.0004361605816534436,0.013541437685489655,0.8655613999944762
388__F_Left_little_finger.BMP,388,"M4 Directional Diffusion (iterations=4, step=0.22)",M4 Directional Diffusion,"{""iterations"": 4, ""step"": 0.22}",27.98442957887024,0.6975278495342135,0.001590585584483631,29.130081117180385,0.7491043916704059,0.0012217768397004207,1.145651538310144,0.05157654213619234,-0.00036880874478321035,0.010471989400684834,0.8857233000017004
388__F_Left_middle_finger.BMP,388,"M4 Directional Diffusion (iterations=4, step=0.22)",M4 Directional Diffusion,"{""iterations"": 4, ""step"": 0.22}",27.399794303652847,0.7921330856817365,0.0018197870477510971,28.497223305899343,0.8281594466049671,0.0014134409497860336,1.0974290022464963,0.03602636092323064,-0.0004063460979650635,0.01593996025621891,0.9007076999987476
388__F_Left_ring_finger.BMP,388,"M4 Directional Diffusion (iterations=4, step=0.22)",M4 Directional Diffusion,"{""iterations"": 4, ""step"": 0.22}",27.437567115393712,0.7653816156967879,0.0018040280606242424,28.62952173082676,0.804227277267158,0.0013710327435821346,1.1919546154330476,0.03884566157037017,-0.0004329953170421079,0.01360282115638256,0.9392029000009643
388__F_Left_thumb_finger.BMP,388,"M4 Directional Diffusion (iterations=4, step=0.22)",M4 Directional Diffusion,"{""iterations"": 4, ""step"": 0.22}",27.17949176016525,0.8447717253379226,0.0019144799568901047,28.115458221525884,0.8724901196656227,0.0015433135806356044,0.9359664613606355,0.02771839432770018,-0.00037116637625450024,0.017188122496008873,1.016837300005136
388__F_Right_index_finger.BMP,388,"M4 Directional Diffusion (iterations=4, step=0.22)",M4 Directional Diffusion,"{""iterations"": 4, ""step"": 0.22}",27.61372773170838,0.80119189695701,0.0017323164395644335,28.21341563804591,0.832727734316349,0.0015088929736480372,0.5996879063375289,0.03153583735933907,-0.00022342346591639633,0.016545260325074196,1.0079743000023882
388__F_Right_little_finger.BMP,388,"M4 Directional Diffusion (iterations=4, step=0.22)",M4 Directional Diffusion,"{""iterations"": 4, ""step"": 0.22}",28.04488920137958,0.723980187090516,0.0015685959156988764,28.789970522328723,0.765486353558302,0.0013213046024908414,0.7450813209491436,0.04150616646778593,-0.000247291313208035,0.012809689156711102,1.0449559999979101
388__F_Right_middle_finger.BMP,388,"M4 Directional Diffusion (iterations=4, step=0.22)",M4 Directional Diffusion,"{""iterations"": 4, ""step"": 0.22}",27.313102645720537,0.8297754257121086,0.0018564776939187433,27.70824773410666,0.8563822144465446,0.0016950215598518618,0.3951450883861227,0.026606788734436004,-0.00016145613406688144,0.020147260278463364,1.036141199998383
388__F_Right_ring_finger.BMP,388,"M4 Directional Diffusion (iterations=4, step=0.22)",M4 Directional Diffusion,"{""iterations"": 4, ""step"": 0.22}",27.716038896253863,0.7575584495838285,0.0016919834487040936,28.410099058423782,0.7938043395069242,0.0014420824586260596,0.6940601621699187,0.03624588992309574,-0.00024990099007803405,0.014967682771384716,1.0068902999992133
388__F_Right_thumb_finger.BMP,388,"M4 Directional Diffusion (iterations=4, step=0.22)",M4 Directional Diffusion,"{""iterations"": 4, ""step"": 0.22}",27.55911536979275,0.8019520732866228,0.0017542377925203654,28.398064567537844,0.8330106470763683,0.0014460840742375972,0.8389491977450945,0.031058573789745525,-0.00030815371828276815,0.015507934615015984,1.1052565999998478
360__M_Left_index_finger.BMP,360,"M4 Directional Diffusion (iterations=4, step=0.22)",M4 Directional Diffusion,"{""iterations"": 4, ""step"": 0.22}",27.165084363827205,0.8898551899549961,0.0019208416481011192,26.348331168127494,0.8988785831732153,0.0023182853094972397,-0.8167531956997109,0.009023393218219211,0.0003974436613961205,0.028621161356568336,1.060229700000491
360__M_Left_little_finger.BMP,360,"M4 Directional Diffusion (iterations=4, step=0.22)",M4 Directional Diffusion,"{""iterations"": 4, ""step"": 0.22}",27.399325172695054,0.8119907206172347,0.0018199836343041967,27.42542458243382,0.8365400210843086,0.001809079039314624,0.0260994097387659,0.02454930046707393,-1.090459498957275e-05,0.020709708333015442,1.109624699995038
360__M_Left_middle_finger.BMP,360,"M4 Directional Diffusion (iterations=4, step=0.22)",M4 Directional Diffusion,"{""iterations"": 4, ""step"": 0.22}",27.08551766612191,0.8791890184856653,0.0019563575620263644,26.80827166077821,0.8930895469352603,0.0020853206022098613,-0.2772460053436987,0.013900528449594995,0.0001289630401834969,0.026090171188116074,1.1272028999956092
360__M_Left_ring_finger.BMP,360,"M4 Directional Diffusion (iterations=4, step=0.22)",M4 Directional Diffusion,"{""iterations"": 4, ""step"": 0.22}",27.091988943418762,0.8734895505541563,0.0019534446296117437,26.6952247419667,0.885544320997715,0.0021403141653226158,-0.39676420145206137,0.012054770443558627,0.00018686953571087203,0.026286734268069267,1.036502200004179
360__M_Left_thumb_finger.BMP,360,"M4 Directional Diffusion (iterations=4, step=0.22)",M4 Directional Diffusion,"{""iterations"": 4, ""step"": 0.22}",27.026290934916474,0.9165627529365719,0.001983220059529698,25.074344569325792,0.9182127411371469,0.0031086050133144467,-1.9519463655906826,0.0016499882005750477,0.0011253849537847488,0.0375249981880188,1.019643300001917
360__M_Right_index_finger.BMP,360,"M4 Directional Diffusion (iterations=4, step=0.22)",M4 Directional Diffusion,"{""iterations"": 4, ""step"": 0.22}",27.08561337748189,0.8906102343575955,0.0019563144475988514,26.72885389401403,0.9041748725627363,0.002123804861547878,-0.35675948346786157,0.013564638205140866,0.0001674904139490267,0.02735825441777706,1.016489100002218
360__M_Right_little_finger.BMP,360,"M4 Directional Diffusion (iterations=4, step=0.22)",M4 Directional Diffusion,"{""iterations"": 4, ""step"": 0.22}",27.463896775058526,0.8475569175820946,0.001793123996300255,26.624706145284126,0.8655986523114443,0.002175351218848079,-0.8391906297744001,0.018041734729349668,0.0003822272225478239,0.025440366938710213,1.0337251999953878
360__M_Right_middle_finger.BMP,360,"M4 Directional Diffusion (iterations=4, step=0.22)",M4 Directional Diffusion,"{""iterations"": 4, ""step"": 0.22}",27.148777613505686,0.8873132509153784,0.0019280675201412143,26.980249003519788,0.899478110935092,0.0020043571038967267,-0.16852860998589847,0.01216486001971362,7.628958375551246e-05,0.02656576596200466,0.8789498999976786
360__M_Right_ring_finger.BMP,360,"M4 Directional Diffusion (iterations=4, step=0.22)",M4 Directional Diffusion,"{""iterations"": 4, ""step"": 0.22}",27.17668080215109,0.885943676270783,0.0019157194994044895,26.535756529224095,0.895006321670711,0.0022203648682147265,-0.6409242729269948,0.009062645399928071,0.000304645368810237,0.02786751464009285,0.8603891999955522
360__M_Right_thumb_finger.BMP,360,"M4 Directional Diffusion (iterations=4, step=0.22)",M4 Directional Diffusion,"{""iterations"": 4, ""step"": 0.22}",27.111307542512527,0.9121589699819982,0.0019447744747953257,28.229270749336393,0.9282619854553938,0.0015033943891253594,1.117963206823866,0.016103015473395654,-0.00044138008566996624,0.023130306974053383,0.7694424000001163
