filename,subject_id,split,deterministic_subject_score,subject_rank,path
380__M_Left_index_finger.BMP,380,development,004b8c590e44c2388865cbbe17f1cdbf72c0a84afdb157c4caa18a76cc50c0aa,1,C:\Users\Acer\Documents\GitHub\ImageProcessing\Fingerprint_Enhancement_Jupyter_Project\Fingerprint_Enhancement_Jupyter_Project\Fingerprint_Enhancement_Project\data\SOCOFing\Real\380__M_Left_index_finger.BMP
380__M_Left_little_finger.BMP,380,development,004b8c590e44c2388865cbbe17f1cdbf72c0a84afdb157c4caa18a76cc50c0aa,1,C:\Users\Acer\Documents\GitHub\ImageProcessing\Fingerprint_Enhancement_Jupyter_Project\Fingerprint_Enhancement_Jupyter_Project\Fingerprint_Enhancement_Project\data\SOCOFing\Real\380__M_Left_little_finger.BMP
380__M_Left_middle_finger.BMP,380,development,004b8c590e44c2388865cbbe17f1cdbf72c0a84afdb157c4caa18a76cc50c0aa,1,C:\Users\Acer\Documents\GitHub\ImageProcessing\Fingerprint_Enhancement_Jupyter_Project\Fingerprint_Enhancement_Jupyter_Project\Fingerprint_Enhancement_Project\data\SOCOFing\Real\380__M_Left_middle_finger.BMP
380__M_Left_ring_finger.BMP,380,development,004b8c590e44c2388865cbbe17f1cdbf72c0a84afdb157c4caa18a76cc50c0aa,1,C:\Users\Acer\Documents\GitHub\ImageProcessing\Fingerprint_Enhancement_Jupyter_Project\Fingerprint_Enhancement_Jupyter_Project\Fingerprint_Enhancement_Project\data\SOCOFing\Real\380__M_Left_ring_finger.BMP
380__M_Left_thumb_finger.BMP,380,development,004b8c590e44c2388865cbbe17f1cdbf72c0a84afdb157c4caa18a76cc50c0aa,1,C:\Users\Acer\Documents\GitHub\ImageProcessing\Fingerprint_Enhancement_Jupyter_Project\Fingerprint_Enhancement_Jupyter_Project\Fingerprint_Enhancement_Project\data\SOCOFing\Real\380__M_Left_thumb_finger.BMP
380__M_Right_index_finger.BMP,380,development,004b8c590e44c2388865cbbe17f1cdbf72c0a84afdb157c4caa18a76cc50c0aa,1,C:\Users\Acer\Documents\GitHub\ImageProcessing\Fingerprint_Enhancement_Jupyter_Project\Fingerprint_Enhancement_Jupyter_Project\Fingerprint_Enhancement_Project\data\SOCOFing\Real\380__M_Right_index_finger.BMP
380__M_Right_little_finger.BMP,380,development,004b8c590e44c2388865cbbe17f1cdbf72c0a84afdb157c4caa18a76cc50c0aa,1,C:\Users\Acer\Documents\GitHub\ImageProcessing\Fingerprint_Enhancement_Jupyter_Project\Fingerprint_Enhancement_Jupyter_Project\Fingerprint_Enhancement_Project\data\SOCOFing\Real\380__M_Right_little_finger.BMP
380__M_Right_middle_finger.BMP,380,development,004b8c590e44c2388865cbbe17f1cdbf72c0a84afdb157c4caa18a76cc50c0aa,1,C:\Users\Acer\Documents\GitHub\ImageProcessing\Fingerprint_Enhancement_Jupyter_Project\Fingerprint_Enhancement_Jupyter_Project\Fingerprint_Enhancement_Project\data\SOCOFing\Real\380__M_Right_middle_finger.BMP
380__M_Right_ring_finger.BMP,380,development,004b8c590e44c2388865cbbe17f1cdbf72c0a84afdb157c4caa18a76cc50c0aa,1,C:\Users\Acer\Documents\GitHub\ImageProcessing\Fingerprint_Enhancement_Jupyter_Project\Fingerprint_Enhancement_Jupyter_Project\Fingerprint_Enhancement_Project\data\SOCOFing\Real\380__M_Right_ring_finger.BMP
380__M_Right_thumb_finger.BMP,380,development,004b8c590e44c2388865cbbe17f1cdbf72c0a84afdb157c4caa18a76cc50c0aa,1,C:\Users\Acer\Documents\GitHub\ImageProcessing\Fingerprint_Enhancement_Jupyter_Project\Fingerprint_Enhancement_Jupyter_Project\Fingerprint_Enhancement_Project\data\SOCOFing\Real\380__M_Right_thumb_finger.BMP
600__M_Left_index_finger.BMP,600,development,005f44d4d9b0ed44908cc51d6ec796e366f1d30c8529a5213bd813a6427bc453,2,C:\Users\Acer\Documents\GitHub\ImageProcessing\Fingerprint_Enhancement_Jupyter_Project\Fingerprint_Enhancement_Jupyter_Project\Fingerprint_Enhancement_Project\data\SOCOFing\Real\600__M_Left_index_finger.BMP
600__M_Left_little_finger.BMP,600,development,005f44d4d9b0ed44908cc51d6ec796e366f1d30c8529a5213bd813a6427bc453,2,C:\Users\Acer\Documents\GitHub\ImageProcessing\Fingerprint_Enhancement_Jupyter_Project\Fingerprint_Enhancement_Jupyter_Project\Fingerprint_Enhancement_Project\data\SOCOFing\Real\600__M_Left_little_finger.BMP
600__M_Left_middle_finger.BMP,600,development,005f44d4d9b0ed44908cc51d6ec796e366f1d30c8529a5213bd813a6427bc453,2,C:\Users\Acer\Documents\GitHub\ImageProcessing\Fingerprint_Enhancement_Jupyter_Project\Fingerprint_Enhancement_Jupyter_Project\Fingerprint_Enhancement_Project\data\SOCOFing\Real\600__M_Left_middle_finger.BMP
600__M_Left_ring_finger.BMP,600,development,005f44d4d9b0ed44908cc51d6ec796e366f1d30c8529a5213bd813a6427bc453,2,C:\Users\Acer\Documents\GitHub\ImageProcessing\Fingerprint_Enhancement_Jupyter_Project\Fingerprint_Enhancement_Jupyter_Project\Fingerprint_Enhancement_Project\data\SOCOFing\Real\600__M_Left_ring_finger.BMP
600__M_Left_thumb_finger.BMP,600,development,005f44d4d9b0ed44908cc51d6ec796e366f1d30c8529a5213bd813a6427bc453,2,C:\Users\Acer\Documents\GitHub\ImageProcessing\Fingerprint_Enhancement_Jupyter_Project\Fingerprint_Enhancement_Jupyter_Project\Fingerprint_Enhancement_Project\data\SOCOFing\Real\600__M_Left_thumb_finger.BMP
600__M_Right_index_finger.BMP,600,development,005f44d4d9b0ed44908cc51d6ec796e366f1d30c8529a5213bd813a6427bc453,2,C:\Users\Acer\Documents\GitHub\ImageProcessing\Fingerprint_Enhancement_Jupyter_Project\Fingerprint_Enhancement_Jupyter_Project\Fingerprint_Enhancement_Project\data\SOCOFing\Real\600__M_Right_index_finger.BMP
600__M_Right_little_finger.BMP,600,development,005f44d4d9b0ed44908cc51d6ec796e366f1d30c8529a5213bd813a6427bc453,2,C:\Users\Acer\Documents\GitHub\ImageProcessing\Fingerprint_Enhancement_Jupyter_Project\Fingerprint_Enhancement_Jupyter_Project\Fingerprint_Enhancement_Project\data\SOCOFing\Real\600__M_Right_little_finger.BMP
600__M_Right_middle_finger.BMP,600,development,005f44d4d9b0ed44908cc51d6ec796e366f1d30c8529a5213bd813a6427bc453,2,C:\Users\Acer\Documents\GitHub\ImageProcessing\Fingerprint_Enhancement_Jupyter_Project\Fingerprint_Enhancement_Jupyter_Project\Fingerprint_Enhancement_Project\data\SOCOFing\Real\600__M_Right_middle_finger.BMP
600__M_Right_ring_finger.BMP,600,development,005f44d4d9b0ed44908cc51d6ec796e366f1d30c8529a5213bd813a6427bc453,2,C:\Users\Acer\Documents\GitHub\ImageProcessing\Fingerprint_Enhancement_Jupyter_Project\Fingerprint_Enhancement_Jupyter_Project\Fingerprint_Enhancement_Project\data\SOCOFing\Real\600__M_Right_ring_finger.BMP
600__M_Right_thumb_finger.BMP,600,development,005f44d4d9b0ed44908cc51d6ec796e366f1d30c8529a5213bd813a6427bc453,2,C:\Users\Acer\Documents\GitHub\ImageProcessing\Fingerprint_Enhancement_Jupyter_Project\Fingerprint_Enhancement_Jupyter_Project\Fingerprint_Enhancement_Project\data\SOCOFing\Real\600__M_Right_thumb_finger.BMP
501__M_Left_index_finger.BMP,501,development,00989062f5da12b841db6da45cf52059514134b3a4e1d3bdbf921fa744e2e82b,3,C:\Users\Acer\Documents\GitHub\ImageProcessing\Fingerprint_Enhancement_Jupyter_Project\Fingerprint_Enhancement_Jupyter_Project\Fingerprint_Enhancement_Project\data\SOCOFing\Real\501__M_Left_index_finger.BMP
501__M_Left_little_finger.BMP,501,development,00989062f5da12b841db6da45cf52059514134b3a4e1d3bdbf921fa744e2e82b,3,C:\Users\Acer\Documents\GitHub\ImageProcessing\Fingerprint_Enhancement_Jupyter_Project\Fingerprint_Enhancement_Jupyter_Project\Fingerprint_Enhancement_Project\data\SOCOFing\Real\501__M_Left_little_finger.BMP
501__M_Left_middle_finger.BMP,501,development,00989062f5da12b841db6da45cf52059514134b3a4e1d3bdbf921fa744e2e82b,3,C:\Users\Acer\Documents\GitHub\ImageProcessing\Fingerprint_Enhancement_Jupyter_Project\Fingerprint_Enhancement_Jupyter_Project\Fingerprint_Enhancement_Project\data\SOCOFing\Real\501__M_Left_middle_finger.BMP
501__M_Left_ring_finger.BMP,501,development,00989062f5da12b841db6da45cf52059514134b3a4e1d3bdbf921fa744e2e82b,3,C:\Users\Acer\Documents\GitHub\ImageProcessing\Fingerprint_Enhancement_Jupyter_Project\Fingerprint_Enhancement_Jupyter_Project\Fingerprint_Enhancement_Project\data\SOCOFing\Real\501__M_Left_ring_finger.BMP
501__M_Left_thumb_finger.BMP,501,development,00989062f5da12b841db6da45cf52059514134b3a4e1d3bdbf921fa744e2e82b,3,C:\Users\Acer\Documents\GitHub\ImageProcessing\Fingerprint_Enhancement_Jupyter_Project\Fingerprint_Enhancement_Jupyter_Project\Fingerprint_Enhancement_Project\data\SOCOFing\Real\501__M_Left_thumb_finger.BMP
501__M_Right_index_finger.BMP,501,development,00989062f5da12b841db6da45cf52059514134b3a4e1d3bdbf921fa744e2e82b,3,C:\Users\Acer\Documents\GitHub\ImageProcessing\Fingerprint_Enhancement_Jupyter_Project\Fingerprint_Enhancement_Jupyter_Project\Fingerprint_Enhancement_Project\data\SOCOFing\Real\501__M_Right_index_finger.BMP
501__M_Right_little_finger.BMP,501,development,00989062f5da12b841db6da45cf52059514134b3a4e1d3bdbf921fa744e2e82b,3,C:\Users\Acer\Documents\GitHub\ImageProcessing\Fingerprint_Enhancement_Jupyter_Project\Fingerprint_Enhancement_Jupyter_Project\Fingerprint_Enhancement_Project\data\SOCOFing\Real\501__M_Right_little_finger.BMP
501__M_Right_middle_finger.BMP,501,development,00989062f5da12b841db6da45cf52059514134b3a4e1d3bdbf921fa744e2e82b,3,C:\Users\Acer\Documents\GitHub\ImageProcessing\Fingerprint_Enhancement_Jupyter_Project\Fingerprint_Enhancement_Jupyter_Project\Fingerprint_Enhancement_Project\data\SOCOFing\Real\501__M_Right_middle_finger.BMP
501__M_Right_ring_finger.BMP,501,development,00989062f5da12b841db6da45cf52059514134b3a4e1d3bdbf921fa744e2e82b,3,C:\Users\Acer\Documents\GitHub\ImageProcessing\Fingerprint_Enhancement_Jupyter_Project\Fingerprint_Enhancement_Jupyter_Project\Fingerprint_Enhancement_Project\data\SOCOFing\Real\501__M_Right_ring_finger.BMP
501__M_Right_thumb_finger.BMP,501,development,00989062f5da12b841db6da45cf52059514134b3a4e1d3bdbf921fa744e2e82b,3,C:\Users\Acer\Documents\GitHub\ImageProcessing\Fingerprint_Enhancement_Jupyter_Project\Fingerprint_Enhancement_Jupyter_Project\Fingerprint_Enhancement_Project\data\SOCOFing\Real\501__M_Right_thumb_finger.BMP
443__M_Left_index_finger.BMP,443,development,00b7112133ee183fae4a5a8730e2561ef2613b46b5152f0f07e5b5f1dbe71fe1,4,C:\Users\Acer\Documents\GitHub\ImageProcessing\Fingerprint_Enhancement_Jupyter_Project\Fingerprint_Enhancement_Jupyter_Project\Fingerprint_Enhancement_Project\data\SOCOFing\Real\443__M_Left_index_finger.BMP
443__M_Left_little_finger.BMP,443,development,00b7112133ee183fae4a5a8730e2561ef2613b46b5152f0f07e5b5f1dbe71fe1,4,C:\Users\Acer\Documents\GitHub\ImageProcessing\Fingerprint_Enhancement_Jupyter_Project\Fingerprint_Enhancement_Jupyter_Project\Fingerprint_Enhancement_Project\data\SOCOFing\Real\443__M_Left_little_finger.BMP
443__M_Left_middle_finger.BMP,443,development,00b7112133ee183fae4a5a8730e2561ef2613b46b5152f0f07e5b5f1dbe71fe1,4,C:\Users\Acer\Documents\GitHub\ImageProcessing\Fingerprint_Enhancement_Jupyter_Project\Fingerprint_Enhancement_Jupyter_Project\Fingerprint_Enhancement_Project\data\SOCOFing\Real\443__M_Left_middle_finger.BMP
443__M_Left_ring_finger.BMP,443,development,00b7112133ee183fae4a5a8730e2561ef2613b46b5152f0f07e5b5f1dbe71fe1,4,C:\Users\Acer\Documents\GitHub\ImageProcessing\Fingerprint_Enhancement_Jupyter_Project\Fingerprint_Enhancement_Jupyter_Project\Fingerprint_Enhancement_Project\data\SOCOFing\Real\443__M_Left_ring_finger.BMP
443__M_Left_thumb_finger.BMP,443,development,00b7112133ee183fae4a5a8730e2561ef2613b46b5152f0f07e5b5f1dbe71fe1,4,C:\Users\Acer\Documents\GitHub\ImageProcessing\Fingerprint_Enhancement_Jupyter_Project\Fingerprint_Enhancement_Jupyter_Project\Fingerprint_Enhancement_Project\data\SOCOFing\Real\443__M_Left_thumb_finger.BMP
443__M_Right_index_finger.BMP,443,development,00b7112133ee183fae4a5a8730e2561ef2613b46b5152f0f07e5b5f1dbe71fe1,4,C:\Users\Acer\Documents\GitHub\ImageProcessing\Fingerprint_Enhancement_Jupyter_Project\Fingerprint_Enhancement_Jupyter_Project\Fingerprint_Enhancement_Project\data\SOCOFing\Real\443__M_Right_index_finger.BMP
443__M_Right_little_finger.BMP,443,development,00b7112133ee183fae4a5a8730e2561ef2613b46b5152f0f07e5b5f1dbe71fe1,4,C:\Users\Acer\Documents\GitHub\ImageProcessing\Fingerprint_Enhancement_Jupyter_Project\Fingerprint_Enhancement_Jupyter_Project\Fingerprint_Enhancement_Project\data\SOCOFing\Real\443__M_Right_little_finger.BMP
443__M_Right_middle_finger.BMP,443,development,00b7112133ee183fae4a5a8730e2561ef2613b46b5152f0f07e5b5f1dbe71fe1,4,C:\Users\Acer\Documents\GitHub\ImageProcessing\Fingerprint_Enhancement_Jupyter_Project\Fingerprint_Enhancement_Jupyter_Project\Fingerprint_Enhancement_Project\data\SOCOFing\Real\443__M_Right_middle_finger.BMP
443__M_Right_ring_finger.BMP,443,development,00b7112133ee183fae4a5a8730e2561ef2613b46b5152f0f07e5b5f1dbe71fe1,4,C:\Users\Acer\Documents\GitHub\ImageProcessing\Fingerprint_Enhancement_Jupyter_Project\Fingerprint_Enhancement_Jupyter_Project\Fingerprint_Enhancement_Project\data\SOCOFing\Real\443__M_Right_ring_finger.BMP
443__M_Right_thumb_finger.BMP,443,development,00b7112133ee183fae4a5a8730e2561ef2613b46b5152f0f07e5b5f1dbe71fe1,4,C:\Users\Acer\Documents\GitHub\ImageProcessing\Fingerprint_Enhancement_Jupyter_Project\Fingerprint_Enhancement_Jupyter_Project\Fingerprint_Enhancement_Project\data\SOCOFing\Real\443__M_Right_thumb_finger.BMP
572__F_Left_index_finger.BMP,572,development,032b3174890316aeb675df863b3915d7a52857c06726980544b32c999ffb808c,5,C:\Users\Acer\Documents\GitHub\ImageProcessing\Fingerprint_Enhancement_Jupyter_Project\Fingerprint_Enhancement_Jupyter_Project\Fingerprint_Enhancement_Project\data\SOCOFing\Real\572__F_Left_index_finger.BMP
572__F_Left_little_finger.BMP,572,development,032b3174890316aeb675df863b3915d7a52857c06726980544b32c999ffb808c,5,C:\Users\Acer\Documents\GitHub\ImageProcessing\Fingerprint_Enhancement_Jupyter_Project\Fingerprint_Enhancement_Jupyter_Project\Fingerprint_Enhancement_Project\data\SOCOFing\Real\572__F_Left_little_finger.BMP
572__F_Left_middle_finger.BMP,572,development,032b3174890316aeb675df863b3915d7a52857c06726980544b32c999ffb808c,5,C:\Users\Acer\Documents\GitHub\ImageProcessing\Fingerprint_Enhancement_Jupyter_Project\Fingerprint_Enhancement_Jupyter_Project\Fingerprint_Enhancement_Project\data\SOCOFing\Real\572__F_Left_middle_finger.BMP
572__F_Left_ring_finger.BMP,572,development,032b3174890316aeb675df863b3915d7a52857c06726980544b32c999ffb808c,5,C:\Users\Acer\Documents\GitHub\ImageProcessing\Fingerprint_Enhancement_Jupyter_Project\Fingerprint_Enhancement_Jupyter_Project\Fingerprint_Enhancement_Project\data\SOCOFing\Real\572__F_Left_ring_finger.BMP
572__F_Left_thumb_finger.BMP,572,development,032b3174890316aeb675df863b3915d7a52857c06726980544b32c999ffb808c,5,C:\Users\Acer\Documents\GitHub\ImageProcessing\Fingerprint_Enhancement_Jupyter_Project\Fingerprint_Enhancement_Jupyter_Project\Fingerprint_Enhancement_Project\data\SOCOFing\Real\572__F_Left_thumb_finger.BMP
572__F_Right_index_finger.BMP,572,development,032b3174890316aeb675df863b3915d7a52857c06726980544b32c999ffb808c,5,C:\Users\Acer\Documents\GitHub\ImageProcessing\Fingerprint_Enhancement_Jupyter_Project\Fingerprint_Enhancement_Jupyter_Project\Fingerprint_Enhancement_Project\data\SOCOFing\Real\572__F_Right_index_finger.BMP
572__F_Right_little_finger.BMP,572,development,032b3174890316aeb675df863b3915d7a52857c06726980544b32c999ffb808c,5,C:\Users\Acer\Documents\GitHub\ImageProcessing\Fingerprint_Enhancement_Jupyter_Project\Fingerprint_Enhancement_Jupyter_Project\Fingerprint_Enhancement_Project\data\SOCOFing\Real\572__F_Right_little_finger.BMP
572__F_Right_middle_finger.BMP,572,development,032b3174890316aeb675df863b3915d7a52857c06726980544b32c999ffb808c,5,C:\Users\Acer\Documents\GitHub\ImageProcessing\Fingerprint_Enhancement_Jupyter_Project\Fingerprint_Enhancement_Jupyter_Project\Fingerprint_Enhancement_Project\data\SOCOFing\Real\572__F_Right_middle_finger.BMP
572__F_Right_ring_finger.BMP,572,development,032b3174890316aeb675df863b3915d7a52857c06726980544b32c999ffb808c,5,C:\Users\Acer\Documents\GitHub\ImageProcessing\Fingerprint_Enhancement_Jupyter_Project\Fingerprint_Enhancement_Jupyter_Project\Fingerprint_Enhancement_Project\data\SOCOFing\Real\572__F_Right_ring_finger.BMP
572__F_Right_thumb_finger.BMP,572,development,032b3174890316aeb675df863b3915d7a52857c06726980544b32c999ffb808c,5,C:\Users\Acer\Documents\GitHub\ImageProcessing\Fingerprint_Enhancement_Jupyter_Project\Fingerprint_Enhancement_Jupyter_Project\Fingerprint_Enhancement_Project\data\SOCOFing\Real\572__F_Right_thumb_finger.BMP
29__F_Left_index_finger.BMP,29,development,03398092c337e7961fe0930026059117f8dda15dedb1e907d9d0b32a297c2039,6,C:\Users\Acer\Documents\GitHub\ImageProcessing\Fingerprint_Enhancement_Jupyter_Project\Fingerprint_Enhancement_Jupyter_Project\Fingerprint_Enhancement_Project\data\SOCOFing\Real\29__F_Left_index_finger.BMP
29__F_Left_little_finger.BMP,29,development,03398092c337e7961fe0930026059117f8dda15dedb1e907d9d0b32a297c2039,6,C:\Users\Acer\Documents\GitHub\ImageProcessing\Fingerprint_Enhancement_Jupyter_Project\Fingerprint_Enhancement_Jupyter_Project\Fingerprint_Enhancement_Project\data\SOCOFing\Real\29__F_Left_little_finger.BMP
29__F_Left_middle_finger.BMP,29,development,03398092c337e7961fe0930026059117f8dda15dedb1e907d9d0b32a297c2039,6,C:\Users\Acer\Documents\GitHub\ImageProcessing\Fingerprint_Enhancement_Jupyter_Project\Fingerprint_Enhancement_Jupyter_Project\Fingerprint_Enhancement_Project\data\SOCOFing\Real\29__F_Left_middle_finger.BMP
29__F_Left_ring_finger.BMP,29,development,03398092c337e7961fe0930026059117f8dda15dedb1e907d9d0b32a297c2039,6,C:\Users\Acer\Documents\GitHub\ImageProcessing\Fingerprint_Enhancement_Jupyter_Project\Fingerprint_Enhancement_Jupyter_Project\Fingerprint_Enhancement_Project\data\SOCOFing\Real\29__F_Left_ring_finger.BMP
29__F_Left_thumb_finger.BMP,29,development,03398092c337e7961fe0930026059117f8dda15dedb1e907d9d0b32a297c2039,6,C:\Users\Acer\Documents\GitHub\ImageProcessing\Fingerprint_Enhancement_Jupyter_Project\Fingerprint_Enhancement_Jupyter_Project\Fingerprint_Enhancement_Project\data\SOCOFing\Real\29__F_Left_thumb_finger.BMP
29__F_Right_index_finger.BMP,29,development,03398092c337e7961fe0930026059117f8dda15dedb1e907d9d0b32a297c2039,6,C:\Users\Acer\Documents\GitHub\ImageProcessing\Fingerprint_Enhancement_Jupyter_Project\Fingerprint_Enhancement_Jupyter_Project\Fingerprint_Enhancement_Project\data\SOCOFing\Real\29__F_Right_index_finger.BMP
29__F_Right_little_finger.BMP,29,development,03398092c337e7961fe0930026059117f8dda15dedb1e907d9d0b32a297c2039,6,C:\Users\Acer\Documents\GitHub\ImageProcessing\Fingerprint_Enhancement_Jupyter_Project\Fingerprint_Enhancement_Jupyter_Project\Fingerprint_Enhancement_Project\data\SOCOFing\Real\29__F_Right_little_finger.BMP
29__F_Right_middle_finger.BMP,29,development,03398092c337e7961fe0930026059117f8dda15dedb1e907d9d0b32a297c2039,6,C:\Users\Acer\Documents\GitHub\ImageProcessing\Fingerprint_Enhancement_Jupyter_Project\Fingerprint_Enhancement_Jupyter_Project\Fingerprint_Enhancement_Project\data\SOCOFing\Real\29__F_Right_middle_finger.BMP
29__F_Right_ring_finger.BMP,29,development,03398092c337e7961fe0930026059117f8dda15dedb1e907d9d0b32a297c2039,6,C:\Users\Acer\Documents\GitHub\ImageProcessing\Fingerprint_Enhancement_Jupyter_Project\Fingerprint_Enhancement_Jupyter_Project\Fingerprint_Enhancement_Project\data\SOCOFing\Real\29__F_Right_ring_finger.BMP
29__F_Right_thumb_finger.BMP,29,development,03398092c337e7961fe0930026059117f8dda15dedb1e907d9d0b32a297c2039,6,C:\Users\Acer\Documents\GitHub\ImageProcessing\Fingerprint_Enhancement_Jupyter_Project\Fingerprint_Enhancement_Jupyter_Project\Fingerprint_Enhancement_Project\data\SOCOFing\Real\29__F_Right_thumb_finger.BMP
236__M_Left_index_finger.BMP,236,development,03a56ed4898648afa18e5d35e481272b86f84c84a64466bbe76a9ceba24634ec,7,C:\Users\Acer\Documents\GitHub\ImageProcessing\Fingerprint_Enhancement_Jupyter_Project\Fingerprint_Enhancement_Jupyter_Project\Fingerprint_Enhancement_Project\data\SOCOFing\Real\236__M_Left_index_finger.BMP
236__M_Left_little_finger.BMP,236,development,03a56ed4898648afa18e5d35e481272b86f84c84a64466bbe76a9ceba24634ec,7,C:\Users\Acer\Documents\GitHub\ImageProcessing\Fingerprint_Enhancement_Jupyter_Project\Fingerprint_Enhancement_Jupyter_Project\Fingerprint_Enhancement_Project\data\SOCOFing\Real\236__M_Left_little_finger.BMP
236__M_Left_middle_finger.BMP,236,development,03a56ed4898648afa18e5d35e481272b86f84c84a64466bbe76a9ceba24634ec,7,C:\Users\Acer\Documents\GitHub\ImageProcessing\Fingerprint_Enhancement_Jupyter_Project\Fingerprint_Enhancement_Jupyter_Project\Fingerprint_Enhancement_Project\data\SOCOFing\Real\236__M_Left_middle_finger.BMP
236__M_Left_ring_finger.BMP,236,development,03a56ed4898648afa18e5d35e481272b86f84c84a64466bbe76a9ceba24634ec,7,C:\Users\Acer\Documents\GitHub\ImageProcessing\Fingerprint_Enhancement_Jupyter_Project\Fingerprint_Enhancement_Jupyter_Project\Fingerprint_Enhancement_Project\data\SOCOFing\Real\236__M_Left_ring_finger.BMP
236__M_Left_thumb_finger.BMP,236,development,03a56ed4898648afa18e5d35e481272b86f84c84a64466bbe76a9ceba24634ec,7,C:\Users\Acer\Documents\GitHub\ImageProcessing\Fingerprint_Enhancement_Jupyter_Project\Fingerprint_Enhancement_Jupyter_Project\Fingerprint_Enhancement_Project\data\SOCOFing\Real\236__M_Left_thumb_finger.BMP
236__M_Right_index_finger.BMP,236,development,03a56ed4898648afa18e5d35e481272b86f84c84a64466bbe76a9ceba24634ec,7,C:\Users\Acer\Documents\GitHub\ImageProcessing\Fingerprint_Enhancement_Jupyter_Project\Fingerprint_Enhancement_Jupyter_Project\Fingerprint_Enhancement_Project\data\SOCOFing\Real\236__M_Right_index_finger.BMP
236__M_Right_little_finger.BMP,236,development,03a56ed4898648afa18e5d35e481272b86f84c84a64466bbe76a9ceba24634ec,7,C:\Users\Acer\Documents\GitHub\ImageProcessing\Fingerprint_Enhancement_Jupyter_Project\Fingerprint_Enhancement_Jupyter_Project\Fingerprint_Enhancement_Project\data\SOCOFing\Real\236__M_Right_little_finger.BMP
236__M_Right_middle_finger.BMP,236,development,03a56ed4898648afa18e5d35e481272b86f84c84a64466bbe76a9ceba24634ec,7,C:\Users\Acer\Documents\GitHub\ImageProcessing\Fingerprint_Enhancement_Jupyter_Project\Fingerprint_Enhancement_Jupyter_Project\Fingerprint_Enhancement_Project\data\SOCOFing\Real\236__M_Right_middle_finger.BMP
236__M_Right_ring_finger.BMP,236,development,03a56ed4898648afa18e5d35e481272b86f84c84a64466bbe76a9ceba24634ec,7,C:\Users\Acer\Documents\GitHub\ImageProcessing\Fingerprint_Enhancement_Jupyter_Project\Fingerprint_Enhancement_Jupyter_Project\Fingerprint_Enhancement_Project\data\SOCOFing\Real\236__M_Right_ring_finger.BMP
236__M_Right_thumb_finger.BMP,236,development,03a56ed4898648afa18e5d35e481272b86f84c84a64466bbe76a9ceba24634ec,7,C:\Users\Acer\Documents\GitHub\ImageProcessing\Fingerprint_Enhancement_Jupyter_Project\Fingerprint_Enhancement_Jupyter_Project\Fingerprint_Enhancement_Project\data\SOCOFing\Real\236__M_Right_thumb_finger.BMP
71__M_Left_index_finger.BMP,71,development,041d2e3a3668366ce5f3a4194347e33c0c9b8366d15244cf6932856ae1d3029a,8,C:\Users\Acer\Documents\GitHub\ImageProcessing\Fingerprint_Enhancement_Jupyter_Project\Fingerprint_Enhancement_Jupyter_Project\Fingerprint_Enhancement_Project\data\SOCOFing\Real\71__M_Left_index_finger.BMP
71__M_Left_little_finger.BMP,71,development,041d2e3a3668366ce5f3a4194347e33c0c9b8366d15244cf6932856ae1d3029a,8,C:\Users\Acer\Documents\GitHub\ImageProcessing\Fingerprint_Enhancement_Jupyter_Project\Fingerprint_Enhancement_Jupyter_Project\Fingerprint_Enhancement_Project\data\SOCOFing\Real\71__M_Left_little_finger.BMP
71__M_Left_middle_finger.BMP,71,development,041d2e3a3668366ce5f3a4194347e33c0c9b8366d15244cf6932856ae1d3029a,8,C:\Users\Acer\Documents\GitHub\ImageProcessing\Fingerprint_Enhancement_Jupyter_Project\Fingerprint_Enhancement_Jupyter_Project\Fingerprint_Enhancement_Project\data\SOCOFing\Real\71__M_Left_middle_finger.BMP
71__M_Left_ring_finger.BMP,71,development,041d2e3a3668366ce5f3a4194347e33c0c9b8366d15244cf6932856ae1d3029a,8,C:\Users\Acer\Documents\GitHub\ImageProcessing\Fingerprint_Enhancement_Jupyter_Project\Fingerprint_Enhancement_Jupyter_Project\Fingerprint_Enhancement_Project\data\SOCOFing\Real\71__M_Left_ring_finger.BMP
71__M_Left_thumb_finger.BMP,71,development,041d2e3a3668366ce5f3a4194347e33c0c9b8366d15244cf6932856ae1d3029a,8,C:\Users\Acer\Documents\GitHub\ImageProcessing\Fingerprint_Enhancement_Jupyter_Project\Fingerprint_Enhancement_Jupyter_Project\Fingerprint_Enhancement_Project\data\SOCOFing\Real\71__M_Left_thumb_finger.BMP
71__M_Right_index_finger.BMP,71,development,041d2e3a3668366ce5f3a4194347e33c0c9b8366d15244cf6932856ae1d3029a,8,C:\Users\Acer\Documents\GitHub\ImageProcessing\Fingerprint_Enhancement_Jupyter_Project\Fingerprint_Enhancement_Jupyter_Project\Fingerprint_Enhancement_Project\data\SOCOFing\Real\71__M_Right_index_finger.BMP
71__M_Right_little_finger.BMP,71,development,041d2e3a3668366ce5f3a4194347e33c0c9b8366d15244cf6932856ae1d3029a,8,C:\Users\Acer\Documents\GitHub\ImageProcessing\Fingerprint_Enhancement_Jupyter_Project\Fingerprint_Enhancement_Jupyter_Project\Fingerprint_Enhancement_Project\data\SOCOFing\Real\71__M_Right_little_finger.BMP
71__M_Right_middle_finger.BMP,71,development,041d2e3a3668366ce5f3a4194347e33c0c9b8366d15244cf6932856ae1d3029a,8,C:\Users\Acer\Documents\GitHub\ImageProcessing\Fingerprint_Enhancement_Jupyter_Project\Fingerprint_Enhancement_Jupyter_Project\Fingerprint_Enhancement_Project\data\SOCOFing\Real\71__M_Right_middle_finger.BMP
71__M_Right_ring_finger.BMP,71,development,041d2e3a3668366ce5f3a4194347e33c0c9b8366d15244cf6932856ae1d3029a,8,C:\Users\Acer\Documents\GitHub\ImageProcessing\Fingerprint_Enhancement_Jupyter_Project\Fingerprint_Enhancement_Jupyter_Project\Fingerprint_Enhancement_Project\data\SOCOFing\Real\71__M_Right_ring_finger.BMP
71__M_Right_thumb_finger.BMP,71,development,041d2e3a3668366ce5f3a4194347e33c0c9b8366d15244cf6932856ae1d3029a,8,C:\Users\Acer\Documents\GitHub\ImageProcessing\Fingerprint_Enhancement_Jupyter_Project\Fingerprint_Enhancement_Jupyter_Project\Fingerprint_Enhancement_Project\data\SOCOFing\Real\71__M_Right_thumb_finger.BMP
470__F_Left_index_finger.BMP,470,development,050e8a2008304971bb98ee879a9b4f1456b15f97df5901edb25da7168957724d,9,C:\Users\Acer\Documents\GitHub\ImageProcessing\Fingerprint_Enhancement_Jupyter_Project\Fingerprint_Enhancement_Jupyter_Project\Fingerprint_Enhancement_Project\data\SOCOFing\Real\470__F_Left_index_finger.BMP
470__F_Left_little_finger.BMP,470,development,050e8a2008304971bb98ee879a9b4f1456b15f97df5901edb25da7168957724d,9,C:\Users\Acer\Documents\GitHub\ImageProcessing\Fingerprint_Enhancement_Jupyter_Project\Fingerprint_Enhancement_Jupyter_Project\Fingerprint_Enhancement_Project\data\SOCOFing\Real\470__F_Left_little_finger.BMP
470__F_Left_middle_finger.BMP,470,development,050e8a2008304971bb98ee879a9b4f1456b15f97df5901edb25da7168957724d,9,C:\Users\Acer\Documents\GitHub\ImageProcessing\Fingerprint_Enhancement_Jupyter_Project\Fingerprint_Enhancement_Jupyter_Project\Fingerprint_Enhancement_Project\data\SOCOFing\Real\470__F_Left_middle_finger.BMP
470__F_Left_ring_finger.BMP,470,development,050e8a2008304971bb98ee879a9b4f1456b15f97df5901edb25da7168957724d,9,C:\Users\Acer\Documents\GitHub\ImageProcessing\Fingerprint_Enhancement_Jupyter_Project\Fingerprint_Enhancement_Jupyter_Project\Fingerprint_Enhancement_Project\data\SOCOFing\Real\470__F_Left_ring_finger.BMP
470__F_Left_thumb_finger.BMP,470,development,050e8a2008304971bb98ee879a9b4f1456b15f97df5901edb25da7168957724d,9,C:\Users\Acer\Documents\GitHub\ImageProcessing\Fingerprint_Enhancement_Jupyter_Project\Fingerprint_Enhancement_Jupyter_Project\Fingerprint_Enhancement_Project\data\SOCOFing\Real\470__F_Left_thumb_finger.BMP
470__F_Right_index_finger.BMP,470,development,050e8a2008304971bb98ee879a9b4f1456b15f97df5901edb25da7168957724d,9,C:\Users\Acer\Documents\GitHub\ImageProcessing\Fingerprint_Enhancement_Jupyter_Project\Fingerprint_Enhancement_Jupyter_Project\Fingerprint_Enhancement_Project\data\SOCOFing\Real\470__F_Right_index_finger.BMP
470__F_Right_little_finger.BMP,470,development,050e8a2008304971bb98ee879a9b4f1456b15f97df5901edb25da7168957724d,9,C:\Users\Acer\Documents\GitHub\ImageProcessing\Fingerprint_Enhancement_Jupyter_Project\Fingerprint_Enhancement_Jupyter_Project\Fingerprint_Enhancement_Project\data\SOCOFing\Real\470__F_Right_little_finger.BMP
470__F_Right_middle_finger.BMP,470,development,050e8a2008304971bb98ee879a9b4f1456b15f97df5901edb25da7168957724d,9,C:\Users\Acer\Documents\GitHub\ImageProcessing\Fingerprint_Enhancement_Jupyter_Project\Fingerprint_Enhancement_Jupyter_Project\Fingerprint_Enhancement_Project\data\SOCOFing\Real\470__F_Right_middle_finger.BMP
470__F_Right_ring_finger.BMP,470,development,050e8a2008304971bb98ee879a9b4f1456b15f97df5901edb25da7168957724d,9,C:\Users\Acer\Documents\GitHub\ImageProcessing\Fingerprint_Enhancement_Jupyter_Project\Fingerprint_Enhancement_Jupyter_Project\Fingerprint_Enhancement_Project\data\SOCOFing\Real\470__F_Right_ring_finger.BMP
470__F_Right_thumb_finger.BMP,470,development,050e8a2008304971bb98ee879a9b4f1456b15f97df5901edb25da7168957724d,9,C:\Users\Acer\Documents\GitHub\ImageProcessing\Fingerprint_Enhancement_Jupyter_Project\Fingerprint_Enhancement_Jupyter_Project\Fingerprint_Enhancement_Project\data\SOCOFing\Real\470__F_Right_thumb_finger.BMP
503__M_Left_index_finger.BMP,503,development,0555d84fdfd3297949b0b7bd8ae2fe64a57408040ff03ee011b9cb00d2438d95,10,C:\Users\Acer\Documents\GitHub\ImageProcessing\Fingerprint_Enhancement_Jupyter_Project\Fingerprint_Enhancement_Jupyter_Project\Fingerprint_Enhancement_Project\data\SOCOFing\Real\503__M_Left_index_finger.BMP
503__M_Left_little_finger.BMP,503,development,0555d84fdfd3297949b0b7bd8ae2fe64a57408040ff03ee011b9cb00d2438d95,10,C:\Users\Acer\Documents\GitHub\ImageProcessing\Fingerprint_Enhancement_Jupyter_Project\Fingerprint_Enhancement_Jupyter_Project\Fingerprint_Enhancement_Project\data\SOCOFing\Real\503__M_Left_little_finger.BMP
503__M_Left_middle_finger.BMP,503,development,0555d84fdfd3297949b0b7bd8ae2fe64a57408040ff03ee011b9cb00d2438d95,10,C:\Users\Acer\Documents\GitHub\ImageProcessing\Fingerprint_Enhancement_Jupyter_Project\Fingerprint_Enhancement_Jupyter_Project\Fingerprint_Enhancement_Project\data\SOCOFing\Real\503__M_Left_middle_finger.BMP
503__M_Left_ring_finger.BMP,503,development,0555d84fdfd3297949b0b7bd8ae2fe64a57408040ff03ee011b9cb00d2438d95,10,C:\Users\Acer\Documents\GitHub\ImageProcessing\Fingerprint_Enhancement_Jupyter_Project\Fingerprint_Enhancement_Jupyter_Project\Fingerprint_Enhancement_Project\data\SOCOFing\Real\503__M_Left_ring_finger.BMP
503__M_Left_thumb_finger.BMP,503,development,0555d84fdfd3297949b0b7bd8ae2fe64a57408040ff03ee011b9cb00d2438d95,10,C:\Users\Acer\Documents\GitHub\ImageProcessing\Fingerprint_Enhancement_Jupyter_Project\Fingerprint_Enhancement_Jupyter_Project\Fingerprint_Enhancement_Project\data\SOCOFing\Real\503__M_Left_thumb_finger.BMP
503__M_Right_index_finger.BMP,503,development,0555d84fdfd3297949b0b7bd8ae2fe64a57408040ff03ee011b9cb00d2438d95,10,C:\Users\Acer\Documents\GitHub\ImageProcessing\Fingerprint_Enhancement_Jupyter_Project\Fingerprint_Enhancement_Jupyter_Project\Fingerprint_Enhancement_Project\data\SOCOFing\Real\503__M_Right_index_finger.BMP
503__M_Right_little_finger.BMP,503,development,0555d84fdfd3297949b0b7bd8ae2fe64a57408040ff03ee011b9cb00d2438d95,10,C:\Users\Acer\Documents\GitHub\ImageProcessing\Fingerprint_Enhancement_Jupyter_Project\Fingerprint_Enhancement_Jupyter_Project\Fingerprint_Enhancement_Project\data\SOCOFing\Real\503__M_Right_little_finger.BMP
503__M_Right_middle_finger.BMP,503,development,0555d84fdfd3297949b0b7bd8ae2fe64a57408040ff03ee011b9cb00d2438d95,10,C:\Users\Acer\Documents\GitHub\ImageProcessing\Fingerprint_Enhancement_Jupyter_Project\Fingerprint_Enhancement_Jupyter_Project\Fingerprint_Enhancement_Project\data\SOCOFing\Real\503__M_Right_middle_finger.BMP
503__M_Right_ring_finger.BMP,503,development,0555d84fdfd3297949b0b7bd8ae2fe64a57408040ff03ee011b9cb00d2438d95,10,C:\Users\Acer\Documents\GitHub\ImageProcessing\Fingerprint_Enhancement_Jupyter_Project\Fingerprint_Enhancement_Jupyter_Project\Fingerprint_Enhancement_Project\data\SOCOFing\Real\503__M_Right_ring_finger.BMP
503__M_Right_thumb_finger.BMP,503,development,0555d84fdfd3297949b0b7bd8ae2fe64a57408040ff03ee011b9cb00d2438d95,10,C:\Users\Acer\Documents\GitHub\ImageProcessing\Fingerprint_Enhancement_Jupyter_Project\Fingerprint_Enhancement_Jupyter_Project\Fingerprint_Enhancement_Project\data\SOCOFing\Real\503__M_Right_thumb_finger.BMP
506__M_Left_index_finger.BMP,506,development,0598a1bcc6f5f896599c8b24f4e862bddf73119714441d86d587917b3d7e840c,11,C:\Users\Acer\Documents\GitHub\ImageProcessing\Fingerprint_Enhancement_Jupyter_Project\Fingerprint_Enhancement_Jupyter_Project\Fingerprint_Enhancement_Project\data\SOCOFing\Real\506__M_Left_index_finger.BMP
506__M_Left_little_finger.BMP,506,development,0598a1bcc6f5f896599c8b24f4e862bddf73119714441d86d587917b3d7e840c,11,C:\Users\Acer\Documents\GitHub\ImageProcessing\Fingerprint_Enhancement_Jupyter_Project\Fingerprint_Enhancement_Jupyter_Project\Fingerprint_Enhancement_Project\data\SOCOFing\Real\506__M_Left_little_finger.BMP
506__M_Left_middle_finger.BMP,506,development,0598a1bcc6f5f896599c8b24f4e862bddf73119714441d86d587917b3d7e840c,11,C:\Users\Acer\Documents\GitHub\ImageProcessing\Fingerprint_Enhancement_Jupyter_Project\Fingerprint_Enhancement_Jupyter_Project\Fingerprint_Enhancement_Project\data\SOCOFing\Real\506__M_Left_middle_finger.BMP
506__M_Left_ring_finger.BMP,506,development,0598a1bcc6f5f896599c8b24f4e862bddf73119714441d86d587917b3d7e840c,11,C:\Users\Acer\Documents\GitHub\ImageProcessing\Fingerprint_Enhancement_Jupyter_Project\Fingerprint_Enhancement_Jupyter_Project\Fingerprint_Enhancement_Project\data\SOCOFing\Real\506__M_Left_ring_finger.BMP
506__M_Left_thumb_finger.BMP,506,development,0598a1bcc6f5f896599c8b24f4e862bddf73119714441d86d587917b3d7e840c,11,C:\Users\Acer\Documents\GitHub\ImageProcessing\Fingerprint_Enhancement_Jupyter_Project\Fingerprint_Enhancement_Jupyter_Project\Fingerprint_Enhancement_Project\data\SOCOFing\Real\506__M_Left_thumb_finger.BMP
506__M_Right_index_finger.BMP,506,development,0598a1bcc6f5f896599c8b24f4e862bddf73119714441d86d587917b3d7e840c,11,C:\Users\Acer\Documents\GitHub\ImageProcessing\Fingerprint_Enhancement_Jupyter_Project\Fingerprint_Enhancement_Jupyter_Project\Fingerprint_Enhancement_Project\data\SOCOFing\Real\506__M_Right_index_finger.BMP
506__M_Right_little_finger.BMP,506,development,0598a1bcc6f5f896599c8b24f4e862bddf73119714441d86d587917b3d7e840c,11,C:\Users\Acer\Documents\GitHub\ImageProcessing\Fingerprint_Enhancement_Jupyter_Project\Fingerprint_Enhancement_Jupyter_Project\Fingerprint_Enhancement_Project\data\SOCOFing\Real\506__M_Right_little_finger.BMP
506__M_Right_middle_finger.BMP,506,development,0598a1bcc6f5f896599c8b24f4e862bddf73119714441d86d587917b3d7e840c,11,C:\Users\Acer\Documents\GitHub\ImageProcessing\Fingerprint_Enhancement_Jupyter_Project\Fingerprint_Enhancement_Jupyter_Project\Fingerprint_Enhancement_Project\data\SOCOFing\Real\506__M_Right_middle_finger.BMP
506__M_Right_ring_finger.BMP,506,development,0598a1bcc6f5f896599c8b24f4e862bddf73119714441d86d587917b3d7e840c,11,C:\Users\Acer\Documents\GitHub\ImageProcessing\Fingerprint_Enhancement_Jupyter_Project\Fingerprint_Enhancement_Jupyter_Project\Fingerprint_Enhancement_Project\data\SOCOFing\Real\506__M_Right_ring_finger.BMP
506__M_Right_thumb_finger.BMP,506,development,0598a1bcc6f5f896599c8b24f4e862bddf73119714441d86d587917b3d7e840c,11,C:\Users\Acer\Documents\GitHub\ImageProcessing\Fingerprint_Enhancement_Jupyter_Project\Fingerprint_Enhancement_Jupyter_Project\Fingerprint_Enhancement_Project\data\SOCOFing\Real\506__M_Right_thumb_finger.BMP
196__M_Left_index_finger.BMP,196,development,0645c9d1da0767944672088211cb208d94191b2a176fbab298ad3658d3cb5a53,12,C:\Users\Acer\Documents\GitHub\ImageProcessing\Fingerprint_Enhancement_Jupyter_Project\Fingerprint_Enhancement_Jupyter_Project\Fingerprint_Enhancement_Project\data\SOCOFing\Real\196__M_Left_index_finger.BMP
196__M_Left_little_finger.BMP,196,development,0645c9d1da0767944672088211cb208d94191b2a176fbab298ad3658d3cb5a53,12,C:\Users\Acer\Documents\GitHub\ImageProcessing\Fingerprint_Enhancement_Jupyter_Project\Fingerprint_Enhancement_Jupyter_Project\Fingerprint_Enhancement_Project\data\SOCOFing\Real\196__M_Left_little_finger.BMP
196__M_Left_middle_finger.BMP,196,development,0645c9d1da0767944672088211cb208d94191b2a176fbab298ad3658d3cb5a53,12,C:\Users\Acer\Documents\GitHub\ImageProcessing\Fingerprint_Enhancement_Jupyter_Project\Fingerprint_Enhancement_Jupyter_Project\Fingerprint_Enhancement_Project\data\SOCOFing\Real\196__M_Left_middle_finger.BMP
196__M_Left_ring_finger.BMP,196,development,0645c9d1da0767944672088211cb208d94191b2a176fbab298ad3658d3cb5a53,12,C:\Users\Acer\Documents\GitHub\ImageProcessing\Fingerprint_Enhancement_Jupyter_Project\Fingerprint_Enhancement_Jupyter_Project\Fingerprint_Enhancement_Project\data\SOCOFing\Real\196__M_Left_ring_finger.BMP
196__M_Left_thumb_finger.BMP,196,development,0645c9d1da0767944672088211cb208d94191b2a176fbab298ad3658d3cb5a53,12,C:\Users\Acer\Documents\GitHub\ImageProcessing\Fingerprint_Enhancement_Jupyter_Project\Fingerprint_Enhancement_Jupyter_Project\Fingerprint_Enhancement_Project\data\SOCOFing\Real\196__M_Left_thumb_finger.BMP
196__M_Right_index_finger.BMP,196,development,0645c9d1da0767944672088211cb208d94191b2a176fbab298ad3658d3cb5a53,12,C:\Users\Acer\Documents\GitHub\ImageProcessing\Fingerprint_Enhancement_Jupyter_Project\Fingerprint_Enhancement_Jupyter_Project\Fingerprint_Enhancement_Project\data\SOCOFing\Real\196__M_Right_index_finger.BMP
196__M_Right_little_finger.BMP,196,development,0645c9d1da0767944672088211cb208d94191b2a176fbab298ad3658d3cb5a53,12,C:\Users\Acer\Documents\GitHub\ImageProcessing\Fingerprint_Enhancement_Jupyter_Project\Fingerprint_Enhancement_Jupyter_Project\Fingerprint_Enhancement_Project\data\SOCOFing\Real\196__M_Right_little_finger.BMP
196__M_Right_middle_finger.BMP,196,development,0645c9d1da0767944672088211cb208d94191b2a176fbab298ad3658d3cb5a53,12,C:\Users\Acer\Documents\GitHub\ImageProcessing\Fingerprint_Enhancement_Jupyter_Project\Fingerprint_Enhancement_Jupyter_Project\Fingerprint_Enhancement_Project\data\SOCOFing\Real\196__M_Right_middle_finger.BMP
196__M_Right_ring_finger.BMP,196,development,0645c9d1da0767944672088211cb208d94191b2a176fbab298ad3658d3cb5a53,12,C:\Users\Acer\Documents\GitHub\ImageProcessing\Fingerprint_Enhancement_Jupyter_Project\Fingerprint_Enhancement_Jupyter_Project\Fingerprint_Enhancement_Project\data\SOCOFing\Real\196__M_Right_ring_finger.BMP
196__M_Right_thumb_finger.BMP,196,development,0645c9d1da0767944672088211cb208d94191b2a176fbab298ad3658d3cb5a53,12,C:\Users\Acer\Documents\GitHub\ImageProcessing\Fingerprint_Enhancement_Jupyter_Project\Fingerprint_Enhancement_Jupyter_Project\Fingerprint_Enhancement_Project\data\SOCOFing\Real\196__M_Right_thumb_finger.BMP
265__M_Left_index_finger.BMP,265,development,06718a1b639e264e3107db9ce2d78525eb76cc8b5b76edb2b2b7f415804343a8,13,C:\Users\Acer\Documents\GitHub\ImageProcessing\Fingerprint_Enhancement_Jupyter_Project\Fingerprint_Enhancement_Jupyter_Project\Fingerprint_Enhancement_Project\data\SOCOFing\Real\265__M_Left_index_finger.BMP
265__M_Left_little_finger.BMP,265,development,06718a1b639e264e3107db9ce2d78525eb76cc8b5b76edb2b2b7f415804343a8,13,C:\Users\Acer\Documents\GitHub\ImageProcessing\Fingerprint_Enhancement_Jupyter_Project\Fingerprint_Enhancement_Jupyter_Project\Fingerprint_Enhancement_Project\data\SOCOFing\Real\265__M_Left_little_finger.BMP
265__M_Left_middle_finger.BMP,265,development,06718a1b639e264e3107db9ce2d78525eb76cc8b5b76edb2b2b7f415804343a8,13,C:\Users\Acer\Documents\GitHub\ImageProcessing\Fingerprint_Enhancement_Jupyter_Project\Fingerprint_Enhancement_Jupyter_Project\Fingerprint_Enhancement_Project\data\SOCOFing\Real\265__M_Left_middle_finger.BMP
265__M_Left_ring_finger.BMP,265,development,06718a1b639e264e3107db9ce2d78525eb76cc8b5b76edb2b2b7f415804343a8,13,C:\Users\Acer\Documents\GitHub\ImageProcessing\Fingerprint_Enhancement_Jupyter_Project\Fingerprint_Enhancement_Jupyter_Project\Fingerprint_Enhancement_Project\data\SOCOFing\Real\265__M_Left_ring_finger.BMP
265__M_Left_thumb_finger.BMP,265,development,06718a1b639e264e3107db9ce2d78525eb76cc8b5b76edb2b2b7f415804343a8,13,C:\Users\Acer\Documents\GitHub\ImageProcessing\Fingerprint_Enhancement_Jupyter_Project\Fingerprint_Enhancement_Jupyter_Project\Fingerprint_Enhancement_Project\data\SOCOFing\Real\265__M_Left_thumb_finger.BMP
265__M_Right_index_finger.BMP,265,development,06718a1b639e264e3107db9ce2d78525eb76cc8b5b76edb2b2b7f415804343a8,13,C:\Users\Acer\Documents\GitHub\ImageProcessing\Fingerprint_Enhancement_Jupyter_Project\Fingerprint_Enhancement_Jupyter_Project\Fingerprint_Enhancement_Project\data\SOCOFing\Real\265__M_Right_index_finger.BMP
265__M_Right_little_finger.BMP,265,development,06718a1b639e264e3107db9ce2d78525eb76cc8b5b76edb2b2b7f415804343a8,13,C:\Users\Acer\Documents\GitHub\ImageProcessing\Fingerprint_Enhancement_Jupyter_Project\Fingerprint_Enhancement_Jupyter_Project\Fingerprint_Enhancement_Project\data\SOCOFing\Real\265__M_Right_little_finger.BMP
265__M_Right_middle_finger.BMP,265,development,06718a1b639e264e3107db9ce2d78525eb76cc8b5b76edb2b2b7f415804343a8,13,C:\Users\Acer\Documents\GitHub\ImageProcessing\Fingerprint_Enhancement_Jupyter_Project\Fingerprint_Enhancement_Jupyter_Project\Fingerprint_Enhancement_Project\data\SOCOFing\Real\265__M_Right_middle_finger.BMP
265__M_Right_ring_finger.BMP,265,development,06718a1b639e264e3107db9ce2d78525eb76cc8b5b76edb2b2b7f415804343a8,13,C:\Users\Acer\Documents\GitHub\ImageProcessing\Fingerprint_Enhancement_Jupyter_Project\Fingerprint_Enhancement_Jupyter_Project\Fingerprint_Enhancement_Project\data\SOCOFing\Real\265__M_Right_ring_finger.BMP
265__M_Right_thumb_finger.BMP,265,development,06718a1b639e264e3107db9ce2d78525eb76cc8b5b76edb2b2b7f415804343a8,13,C:\Users\Acer\Documents\GitHub\ImageProcessing\Fingerprint_Enhancement_Jupyter_Project\Fingerprint_Enhancement_Jupyter_Project\Fingerprint_Enhancement_Project\data\SOCOFing\Real\265__M_Right_thumb_finger.BMP
160__M_Left_index_finger.BMP,160,development,0769f881ab4c5bd949c3e74cd52a214327b9eb75db3f178a271f92a08ccd0571,14,C:\Users\Acer\Documents\GitHub\ImageProcessing\Fingerprint_Enhancement_Jupyter_Project\Fingerprint_Enhancement_Jupyter_Project\Fingerprint_Enhancement_Project\data\SOCOFing\Real\160__M_Left_index_finger.BMP
160__M_Left_little_finger.BMP,160,development,0769f881ab4c5bd949c3e74cd52a214327b9eb75db3f178a271f92a08ccd0571,14,C:\Users\Acer\Documents\GitHub\ImageProcessing\Fingerprint_Enhancement_Jupyter_Project\Fingerprint_Enhancement_Jupyter_Project\Fingerprint_Enhancement_Project\data\SOCOFing\Real\160__M_Left_little_finger.BMP
160__M_Left_middle_finger.BMP,160,development,0769f881ab4c5bd949c3e74cd52a214327b9eb75db3f178a271f92a08ccd0571,14,C:\Users\Acer\Documents\GitHub\ImageProcessing\Fingerprint_Enhancement_Jupyter_Project\Fingerprint_Enhancement_Jupyter_Project\Fingerprint_Enhancement_Project\data\SOCOFing\Real\160__M_Left_middle_finger.BMP
160__M_Left_ring_finger.BMP,160,development,0769f881ab4c5bd949c3e74cd52a214327b9eb75db3f178a271f92a08ccd0571,14,C:\Users\Acer\Documents\GitHub\ImageProcessing\Fingerprint_Enhancement_Jupyter_Project\Fingerprint_Enhancement_Jupyter_Project\Fingerprint_Enhancement_Project\data\SOCOFing\Real\160__M_Left_ring_finger.BMP
160__M_Left_thumb_finger.BMP,160,development,0769f881ab4c5bd949c3e74cd52a214327b9eb75db3f178a271f92a08ccd0571,14,C:\Users\Acer\Documents\GitHub\ImageProcessing\Fingerprint_Enhancement_Jupyter_Project\Fingerprint_Enhancement_Jupyter_Project\Fingerprint_Enhancement_Project\data\SOCOFing\Real\160__M_Left_thumb_finger.BMP
160__M_Right_index_finger.BMP,160,development,0769f881ab4c5bd949c3e74cd52a214327b9eb75db3f178a271f92a08ccd0571,14,C:\Users\Acer\Documents\GitHub\ImageProcessing\Fingerprint_Enhancement_Jupyter_Project\Fingerprint_Enhancement_Jupyter_Project\Fingerprint_Enhancement_Project\data\SOCOFing\Real\160__M_Right_index_finger.BMP
160__M_Right_little_finger.BMP,160,development,0769f881ab4c5bd949c3e74cd52a214327b9eb75db3f178a271f92a08ccd0571,14,C:\Users\Acer\Documents\GitHub\ImageProcessing\Fingerprint_Enhancement_Jupyter_Project\Fingerprint_Enhancement_Jupyter_Project\Fingerprint_Enhancement_Project\data\SOCOFing\Real\160__M_Right_little_finger.BMP
160__M_Right_middle_finger.BMP,160,development,0769f881ab4c5bd949c3e74cd52a214327b9eb75db3f178a271f92a08ccd0571,14,C:\Users\Acer\Documents\GitHub\ImageProcessing\Fingerprint_Enhancement_Jupyter_Project\Fingerprint_Enhancement_Jupyter_Project\Fingerprint_Enhancement_Project\data\SOCOFing\Real\160__M_Right_middle_finger.BMP
160__M_Right_ring_finger.BMP,160,development,0769f881ab4c5bd949c3e74cd52a214327b9eb75db3f178a271f92a08ccd0571,14,C:\Users\Acer\Documents\GitHub\ImageProcessing\Fingerprint_Enhancement_Jupyter_Project\Fingerprint_Enhancement_Jupyter_Project\Fingerprint_Enhancement_Project\data\SOCOFing\Real\160__M_Right_ring_finger.BMP
160__M_Right_thumb_finger.BMP,160,development,0769f881ab4c5bd949c3e74cd52a214327b9eb75db3f178a271f92a08ccd0571,14,C:\Users\Acer\Documents\GitHub\ImageProcessing\Fingerprint_Enhancement_Jupyter_Project\Fingerprint_Enhancement_Jupyter_Project\Fingerprint_Enhancement_Project\data\SOCOFing\Real\160__M_Right_thumb_finger.BMP
62__M_Left_index_finger.BMP,62,development,08a3a6600ef8a1bfb763ce63f85ef2c5d897449253eb3ef2dd42d94b031a2c00,15,C:\Users\Acer\Documents\GitHub\ImageProcessing\Fingerprint_Enhancement_Jupyter_Project\Fingerprint_Enhancement_Jupyter_Project\Fingerprint_Enhancement_Project\data\SOCOFing\Real\62__M_Left_index_finger.BMP
62__M_Left_little_finger.BMP,62,development,08a3a6600ef8a1bfb763ce63f85ef2c5d897449253eb3ef2dd42d94b031a2c00,15,C:\Users\Acer\Documents\GitHub\ImageProcessing\Fingerprint_Enhancement_Jupyter_Project\Fingerprint_Enhancement_Jupyter_Project\Fingerprint_Enhancement_Project\data\SOCOFing\Real\62__M_Left_little_finger.BMP
62__M_Left_middle_finger.BMP,62,development,08a3a6600ef8a1bfb763ce63f85ef2c5d897449253eb3ef2dd42d94b031a2c00,15,C:\Users\Acer\Documents\GitHub\ImageProcessing\Fingerprint_Enhancement_Jupyter_Project\Fingerprint_Enhancement_Jupyter_Project\Fingerprint_Enhancement_Project\data\SOCOFing\Real\62__M_Left_middle_finger.BMP
62__M_Left_ring_finger.BMP,62,development,08a3a6600ef8a1bfb763ce63f85ef2c5d897449253eb3ef2dd42d94b031a2c00,15,C:\Users\Acer\Documents\GitHub\ImageProcessing\Fingerprint_Enhancement_Jupyter_Project\Fingerprint_Enhancement_Jupyter_Project\Fingerprint_Enhancement_Project\data\SOCOFing\Real\62__M_Left_ring_finger.BMP
62__M_Left_thumb_finger.BMP,62,development,08a3a6600ef8a1bfb763ce63f85ef2c5d897449253eb3ef2dd42d94b031a2c00,15,C:\Users\Acer\Documents\GitHub\ImageProcessing\Fingerprint_Enhancement_Jupyter_Project\Fingerprint_Enhancement_Jupyter_Project\Fingerprint_Enhancement_Project\data\SOCOFing\Real\62__M_Left_thumb_finger.BMP
62__M_Right_index_finger.BMP,62,development,08a3a6600ef8a1bfb763ce63f85ef2c5d897449253eb3ef2dd42d94b031a2c00,15,C:\Users\Acer\Documents\GitHub\ImageProcessing\Fingerprint_Enhancement_Jupyter_Project\Fingerprint_Enhancement_Jupyter_Project\Fingerprint_Enhancement_Project\data\SOCOFing\Real\62__M_Right_index_finger.BMP
62__M_Right_little_finger.BMP,62,development,08a3a6600ef8a1bfb763ce63f85ef2c5d897449253eb3ef2dd42d94b031a2c00,15,C:\Users\Acer\Documents\GitHub\ImageProcessing\Fingerprint_Enhancement_Jupyter_Project\Fingerprint_Enhancement_Jupyter_Project\Fingerprint_Enhancement_Project\data\SOCOFing\Real\62__M_Right_little_finger.BMP
62__M_Right_middle_finger.BMP,62,development,08a3a6600ef8a1bfb763ce63f85ef2c5d897449253eb3ef2dd42d94b031a2c00,15,C:\Users\Acer\Documents\GitHub\ImageProcessing\Fingerprint_Enhancement_Jupyter_Project\Fingerprint_Enhancement_Jupyter_Project\Fingerprint_Enhancement_Project\data\SOCOFing\Real\62__M_Right_middle_finger.BMP
62__M_Right_ring_finger.BMP,62,development,08a3a6600ef8a1bfb763ce63f85ef2c5d897449253eb3ef2dd42d94b031a2c00,15,C:\Users\Acer\Documents\GitHub\ImageProcessing\Fingerprint_Enhancement_Jupyter_Project\Fingerprint_Enhancement_Jupyter_Project\Fingerprint_Enhancement_Project\data\SOCOFing\Real\62__M_Right_ring_finger.BMP
62__M_Right_thumb_finger.BMP,62,development,08a3a6600ef8a1bfb763ce63f85ef2c5d897449253eb3ef2dd42d94b031a2c00,15,C:\Users\Acer\Documents\GitHub\ImageProcessing\Fingerprint_Enhancement_Jupyter_Project\Fingerprint_Enhancement_Jupyter_Project\Fingerprint_Enhancement_Project\data\SOCOFing\Real\62__M_Right_thumb_finger.BMP
298__M_Left_index_finger.BMP,298,development,08dc2024d21ae8d5ecf08a545edf565f7d307182062bf3981b74206d5830feb9,16,C:\Users\Acer\Documents\GitHub\ImageProcessing\Fingerprint_Enhancement_Jupyter_Project\Fingerprint_Enhancement_Jupyter_Project\Fingerprint_Enhancement_Project\data\SOCOFing\Real\298__M_Left_index_finger.BMP
298__M_Left_little_finger.BMP,298,development,08dc2024d21ae8d5ecf08a545edf565f7d307182062bf3981b74206d5830feb9,16,C:\Users\Acer\Documents\GitHub\ImageProcessing\Fingerprint_Enhancement_Jupyter_Project\Fingerprint_Enhancement_Jupyter_Project\Fingerprint_Enhancement_Project\data\SOCOFing\Real\298__M_Left_little_finger.BMP
298__M_Left_middle_finger.BMP,298,development,08dc2024d21ae8d5ecf08a545edf565f7d307182062bf3981b74206d5830feb9,16,C:\Users\Acer\Documents\GitHub\ImageProcessing\Fingerprint_Enhancement_Jupyter_Project\Fingerprint_Enhancement_Jupyter_Project\Fingerprint_Enhancement_Project\data\SOCOFing\Real\298__M_Left_middle_finger.BMP
298__M_Left_ring_finger.BMP,298,development,08dc2024d21ae8d5ecf08a545edf565f7d307182062bf3981b74206d5830feb9,16,C:\Users\Acer\Documents\GitHub\ImageProcessing\Fingerprint_Enhancement_Jupyter_Project\Fingerprint_Enhancement_Jupyter_Project\Fingerprint_Enhancement_Project\data\SOCOFing\Real\298__M_Left_ring_finger.BMP
298__M_Left_thumb_finger.BMP,298,development,08dc2024d21ae8d5ecf08a545edf565f7d307182062bf3981b74206d5830feb9,16,C:\Users\Acer\Documents\GitHub\ImageProcessing\Fingerprint_Enhancement_Jupyter_Project\Fingerprint_Enhancement_Jupyter_Project\Fingerprint_Enhancement_Project\data\SOCOFing\Real\298__M_Left_thumb_finger.BMP
298__M_Right_index_finger.BMP,298,development,08dc2024d21ae8d5ecf08a545edf565f7d307182062bf3981b74206d5830feb9,16,C:\Users\Acer\Documents\GitHub\ImageProcessing\Fingerprint_Enhancement_Jupyter_Project\Fingerprint_Enhancement_Jupyter_Project\Fingerprint_Enhancement_Project\data\SOCOFing\Real\298__M_Right_index_finger.BMP
298__M_Right_little_finger.BMP,298,development,08dc2024d21ae8d5ecf08a545edf565f7d307182062bf3981b74206d5830feb9,16,C:\Users\Acer\Documents\GitHub\ImageProcessing\Fingerprint_Enhancement_Jupyter_Project\Fingerprint_Enhancement_Jupyter_Project\Fingerprint_Enhancement_Project\data\SOCOFing\Real\298__M_Right_little_finger.BMP
298__M_Right_middle_finger.BMP,298,development,08dc2024d21ae8d5ecf08a545edf565f7d307182062bf3981b74206d5830feb9,16,C:\Users\Acer\Documents\GitHub\ImageProcessing\Fingerprint_Enhancement_Jupyter_Project\Fingerprint_Enhancement_Jupyter_Project\Fingerprint_Enhancement_Project\data\SOCOFing\Real\298__M_Right_middle_finger.BMP
298__M_Right_ring_finger.BMP,298,development,08dc2024d21ae8d5ecf08a545edf565f7d307182062bf3981b74206d5830feb9,16,C:\Users\Acer\Documents\GitHub\ImageProcessing\Fingerprint_Enhancement_Jupyter_Project\Fingerprint_Enhancement_Jupyter_Project\Fingerprint_Enhancement_Project\data\SOCOFing\Real\298__M_Right_ring_finger.BMP
298__M_Right_thumb_finger.BMP,298,development,08dc2024d21ae8d5ecf08a545edf565f7d307182062bf3981b74206d5830feb9,16,C:\Users\Acer\Documents\GitHub\ImageProcessing\Fingerprint_Enhancement_Jupyter_Project\Fingerprint_Enhancement_Jupyter_Project\Fingerprint_Enhancement_Project\data\SOCOFing\Real\298__M_Right_thumb_finger.BMP
249__M_Left_index_finger.BMP,249,development,0979a3ccbc9d5a93b7a536ac0b40121a05c1681f1fa98128faf75a010dbc1c68,17,C:\Users\Acer\Documents\GitHub\ImageProcessing\Fingerprint_Enhancement_Jupyter_Project\Fingerprint_Enhancement_Jupyter_Project\Fingerprint_Enhancement_Project\data\SOCOFing\Real\249__M_Left_index_finger.BMP
249__M_Left_little_finger.BMP,249,development,0979a3ccbc9d5a93b7a536ac0b40121a05c1681f1fa98128faf75a010dbc1c68,17,C:\Users\Acer\Documents\GitHub\ImageProcessing\Fingerprint_Enhancement_Jupyter_Project\Fingerprint_Enhancement_Jupyter_Project\Fingerprint_Enhancement_Project\data\SOCOFing\Real\249__M_Left_little_finger.BMP
249__M_Left_middle_finger.BMP,249,development,0979a3ccbc9d5a93b7a536ac0b40121a05c1681f1fa98128faf75a010dbc1c68,17,C:\Users\Acer\Documents\GitHub\ImageProcessing\Fingerprint_Enhancement_Jupyter_Project\Fingerprint_Enhancement_Jupyter_Project\Fingerprint_Enhancement_Project\data\SOCOFing\Real\249__M_Left_middle_finger.BMP
249__M_Left_ring_finger.BMP,249,development,0979a3ccbc9d5a93b7a536ac0b40121a05c1681f1fa98128faf75a010dbc1c68,17,C:\Users\Acer\Documents\GitHub\ImageProcessing\Fingerprint_Enhancement_Jupyter_Project\Fingerprint_Enhancement_Jupyter_Project\Fingerprint_Enhancement_Project\data\SOCOFing\Real\249__M_Left_ring_finger.BMP
249__M_Left_thumb_finger.BMP,249,development,0979a3ccbc9d5a93b7a536ac0b40121a05c1681f1fa98128faf75a010dbc1c68,17,C:\Users\Acer\Documents\GitHub\ImageProcessing\Fingerprint_Enhancement_Jupyter_Project\Fingerprint_Enhancement_Jupyter_Project\Fingerprint_Enhancement_Project\data\SOCOFing\Real\249__M_Left_thumb_finger.BMP
249__M_Right_index_finger.BMP,249,development,0979a3ccbc9d5a93b7a536ac0b40121a05c1681f1fa98128faf75a010dbc1c68,17,C:\Users\Acer\Documents\GitHub\ImageProcessing\Fingerprint_Enhancement_Jupyter_Project\Fingerprint_Enhancement_Jupyter_Project\Fingerprint_Enhancement_Project\data\SOCOFing\Real\249__M_Right_index_finger.BMP
249__M_Right_little_finger.BMP,249,development,0979a3ccbc9d5a93b7a536ac0b40121a05c1681f1fa98128faf75a010dbc1c68,17,C:\Users\Acer\Documents\GitHub\ImageProcessing\Fingerprint_Enhancement_Jupyter_Project\Fingerprint_Enhancement_Jupyter_Project\Fingerprint_Enhancement_Project\data\SOCOFing\Real\249__M_Right_little_finger.BMP
249__M_Right_middle_finger.BMP,249,development,0979a3ccbc9d5a93b7a536ac0b40121a05c1681f1fa98128faf75a010dbc1c68,17,C:\Users\Acer\Documents\GitHub\ImageProcessing\Fingerprint_Enhancement_Jupyter_Project\Fingerprint_Enhancement_Jupyter_Project\Fingerprint_Enhancement_Project\data\SOCOFing\Real\249__M_Right_middle_finger.BMP
249__M_Right_ring_finger.BMP,249,development,0979a3ccbc9d5a93b7a536ac0b40121a05c1681f1fa98128faf75a010dbc1c68,17,C:\Users\Acer\Documents\GitHub\ImageProcessing\Fingerprint_Enhancement_Jupyter_Project\Fingerprint_Enhancement_Jupyter_Project\Fingerprint_Enhancement_Project\data\SOCOFing\Real\249__M_Right_ring_finger.BMP
249__M_Right_thumb_finger.BMP,249,development,0979a3ccbc9d5a93b7a536ac0b40121a05c1681f1fa98128faf75a010dbc1c68,17,C:\Users\Acer\Documents\GitHub\ImageProcessing\Fingerprint_Enhancement_Jupyter_Project\Fingerprint_Enhancement_Jupyter_Project\Fingerprint_Enhancement_Project\data\SOCOFing\Real\249__M_Right_thumb_finger.BMP
393__M_Left_index_finger.BMP,393,development,09bc7316964d82089bd0a58f5d8149d0034fd4ca79401de06a2db5c56a5cd335,18,C:\Users\Acer\Documents\GitHub\ImageProcessing\Fingerprint_Enhancement_Jupyter_Project\Fingerprint_Enhancement_Jupyter_Project\Fingerprint_Enhancement_Project\data\SOCOFing\Real\393__M_Left_index_finger.BMP
393__M_Left_little_finger.BMP,393,development,09bc7316964d82089bd0a58f5d8149d0034fd4ca79401de06a2db5c56a5cd335,18,C:\Users\Acer\Documents\GitHub\ImageProcessing\Fingerprint_Enhancement_Jupyter_Project\Fingerprint_Enhancement_Jupyter_Project\Fingerprint_Enhancement_Project\data\SOCOFing\Real\393__M_Left_little_finger.BMP
393__M_Left_middle_finger.BMP,393,development,09bc7316964d82089bd0a58f5d8149d0034fd4ca79401de06a2db5c56a5cd335,18,C:\Users\Acer\Documents\GitHub\ImageProcessing\Fingerprint_Enhancement_Jupyter_Project\Fingerprint_Enhancement_Jupyter_Project\Fingerprint_Enhancement_Project\data\SOCOFing\Real\393__M_Left_middle_finger.BMP
393__M_Left_ring_finger.BMP,393,development,09bc7316964d82089bd0a58f5d8149d0034fd4ca79401de06a2db5c56a5cd335,18,C:\Users\Acer\Documents\GitHub\ImageProcessing\Fingerprint_Enhancement_Jupyter_Project\Fingerprint_Enhancement_Jupyter_Project\Fingerprint_Enhancement_Project\data\SOCOFing\Real\393__M_Left_ring_finger.BMP
393__M_Left_thumb_finger.BMP,393,development,09bc7316964d82089bd0a58f5d8149d0034fd4ca79401de06a2db5c56a5cd335,18,C:\Users\Acer\Documents\GitHub\ImageProcessing\Fingerprint_Enhancement_Jupyter_Project\Fingerprint_Enhancement_Jupyter_Project\Fingerprint_Enhancement_Project\data\SOCOFing\Real\393__M_Left_thumb_finger.BMP
393__M_Right_index_finger.BMP,393,development,09bc7316964d82089bd0a58f5d8149d0034fd4ca79401de06a2db5c56a5cd335,18,C:\Users\Acer\Documents\GitHub\ImageProcessing\Fingerprint_Enhancement_Jupyter_Project\Fingerprint_Enhancement_Jupyter_Project\Fingerprint_Enhancement_Project\data\SOCOFing\Real\393__M_Right_index_finger.BMP
393__M_Right_little_finger.BMP,393,development,09bc7316964d82089bd0a58f5d8149d0034fd4ca79401de06a2db5c56a5cd335,18,C:\Users\Acer\Documents\GitHub\ImageProcessing\Fingerprint_Enhancement_Jupyter_Project\Fingerprint_Enhancement_Jupyter_Project\Fingerprint_Enhancement_Project\data\SOCOFing\Real\393__M_Right_little_finger.BMP
393__M_Right_middle_finger.BMP,393,development,09bc7316964d82089bd0a58f5d8149d0034fd4ca79401de06a2db5c56a5cd335,18,C:\Users\Acer\Documents\GitHub\ImageProcessing\Fingerprint_Enhancement_Jupyter_Project\Fingerprint_Enhancement_Jupyter_Project\Fingerprint_Enhancement_Project\data\SOCOFing\Real\393__M_Right_middle_finger.BMP
393__M_Right_ring_finger.BMP,393,development,09bc7316964d82089bd0a58f5d8149d0034fd4ca79401de06a2db5c56a5cd335,18,C:\Users\Acer\Documents\GitHub\ImageProcessing\Fingerprint_Enhancement_Jupyter_Project\Fingerprint_Enhancement_Jupyter_Project\Fingerprint_Enhancement_Project\data\SOCOFing\Real\393__M_Right_ring_finger.BMP
393__M_Right_thumb_finger.BMP,393,development,09bc7316964d82089bd0a58f5d8149d0034fd4ca79401de06a2db5c56a5cd335,18,C:\Users\Acer\Documents\GitHub\ImageProcessing\Fingerprint_Enhancement_Jupyter_Project\Fingerprint_Enhancement_Jupyter_Project\Fingerprint_Enhancement_Project\data\SOCOFing\Real\393__M_Right_thumb_finger.BMP
245__M_Left_index_finger.BMP,245,development,09f8425eaf12b8680c6f3be50ef93326dc7d0ded840cf9b058c08ff272109e48,19,C:\Users\Acer\Documents\GitHub\ImageProcessing\Fingerprint_Enhancement_Jupyter_Project\Fingerprint_Enhancement_Jupyter_Project\Fingerprint_Enhancement_Project\data\SOCOFing\Real\245__M_Left_index_finger.BMP
245__M_Left_little_finger.BMP,245,development,09f8425eaf12b8680c6f3be50ef93326dc7d0ded840cf9b058c08ff272109e48,19,C:\Users\Acer\Documents\GitHub\ImageProcessing\Fingerprint_Enhancement_Jupyter_Project\Fingerprint_Enhancement_Jupyter_Project\Fingerprint_Enhancement_Project\data\SOCOFing\Real\245__M_Left_little_finger.BMP
245__M_Left_middle_finger.BMP,245,development,09f8425eaf12b8680c6f3be50ef93326dc7d0ded840cf9b058c08ff272109e48,19,C:\Users\Acer\Documents\GitHub\ImageProcessing\Fingerprint_Enhancement_Jupyter_Project\Fingerprint_Enhancement_Jupyter_Project\Fingerprint_Enhancement_Project\data\SOCOFing\Real\245__M_Left_middle_finger.BMP
245__M_Left_ring_finger.BMP,245,development,09f8425eaf12b8680c6f3be50ef93326dc7d0ded840cf9b058c08ff272109e48,19,C:\Users\Acer\Documents\GitHub\ImageProcessing\Fingerprint_Enhancement_Jupyter_Project\Fingerprint_Enhancement_Jupyter_Project\Fingerprint_Enhancement_Project\data\SOCOFing\Real\245__M_Left_ring_finger.BMP
245__M_Left_thumb_finger.BMP,245,development,09f8425eaf12b8680c6f3be50ef93326dc7d0ded840cf9b058c08ff272109e48,19,C:\Users\Acer\Documents\GitHub\ImageProcessing\Fingerprint_Enhancement_Jupyter_Project\Fingerprint_Enhancement_Jupyter_Project\Fingerprint_Enhancement_Project\data\SOCOFing\Real\245__M_Left_thumb_finger.BMP
245__M_Right_index_finger.BMP,245,development,09f8425eaf12b8680c6f3be50ef93326dc7d0ded840cf9b058c08ff272109e48,19,C:\Users\Acer\Documents\GitHub\ImageProcessing\Fingerprint_Enhancement_Jupyter_Project\Fingerprint_Enhancement_Jupyter_Project\Fingerprint_Enhancement_Project\data\SOCOFing\Real\245__M_Right_index_finger.BMP
245__M_Right_little_finger.BMP,245,development,09f8425eaf12b8680c6f3be50ef93326dc7d0ded840cf9b058c08ff272109e48,19,C:\Users\Acer\Documents\GitHub\ImageProcessing\Fingerprint_Enhancement_Jupyter_Project\Fingerprint_Enhancement_Jupyter_Project\Fingerprint_Enhancement_Project\data\SOCOFing\Real\245__M_Right_little_finger.BMP
245__M_Right_middle_finger.BMP,245,development,09f8425eaf12b8680c6f3be50ef93326dc7d0ded840cf9b058c08ff272109e48,19,C:\Users\Acer\Documents\GitHub\ImageProcessing\Fingerprint_Enhancement_Jupyter_Project\Fingerprint_Enhancement_Jupyter_Project\Fingerprint_Enhancement_Project\data\SOCOFing\Real\245__M_Right_middle_finger.BMP
245__M_Right_ring_finger.BMP,245,development,09f8425eaf12b8680c6f3be50ef93326dc7d0ded840cf9b058c08ff272109e48,19,C:\Users\Acer\Documents\GitHub\ImageProcessing\Fingerprint_Enhancement_Jupyter_Project\Fingerprint_Enhancement_Jupyter_Project\Fingerprint_Enhancement_Project\data\SOCOFing\Real\245__M_Right_ring_finger.BMP
245__M_Right_thumb_finger.BMP,245,development,09f8425eaf12b8680c6f3be50ef93326dc7d0ded840cf9b058c08ff272109e48,19,C:\Users\Acer\Documents\GitHub\ImageProcessing\Fingerprint_Enhancement_Jupyter_Project\Fingerprint_Enhancement_Jupyter_Project\Fingerprint_Enhancement_Project\data\SOCOFing\Real\245__M_Right_thumb_finger.BMP
353__M_Left_index_finger.BMP,353,development,0a3ca1ada186ddd191aa1035e170947b84950b4ce2d32abfa4a96b6bdce4f39b,20,C:\Users\Acer\Documents\GitHub\ImageProcessing\Fingerprint_Enhancement_Jupyter_Project\Fingerprint_Enhancement_Jupyter_Project\Fingerprint_Enhancement_Project\data\SOCOFing\Real\353__M_Left_index_finger.BMP
353__M_Left_little_finger.BMP,353,development,0a3ca1ada186ddd191aa1035e170947b84950b4ce2d32abfa4a96b6bdce4f39b,20,C:\Users\Acer\Documents\GitHub\ImageProcessing\Fingerprint_Enhancement_Jupyter_Project\Fingerprint_Enhancement_Jupyter_Project\Fingerprint_Enhancement_Project\data\SOCOFing\Real\353__M_Left_little_finger.BMP
353__M_Left_middle_finger.BMP,353,development,0a3ca1ada186ddd191aa1035e170947b84950b4ce2d32abfa4a96b6bdce4f39b,20,C:\Users\Acer\Documents\GitHub\ImageProcessing\Fingerprint_Enhancement_Jupyter_Project\Fingerprint_Enhancement_Jupyter_Project\Fingerprint_Enhancement_Project\data\SOCOFing\Real\353__M_Left_middle_finger.BMP
353__M_Left_ring_finger.BMP,353,development,0a3ca1ada186ddd191aa1035e170947b84950b4ce2d32abfa4a96b6bdce4f39b,20,C:\Users\Acer\Documents\GitHub\ImageProcessing\Fingerprint_Enhancement_Jupyter_Project\Fingerprint_Enhancement_Jupyter_Project\Fingerprint_Enhancement_Project\data\SOCOFing\Real\353__M_Left_ring_finger.BMP
353__M_Left_thumb_finger.BMP,353,development,0a3ca1ada186ddd191aa1035e170947b84950b4ce2d32abfa4a96b6bdce4f39b,20,C:\Users\Acer\Documents\GitHub\ImageProcessing\Fingerprint_Enhancement_Jupyter_Project\Fingerprint_Enhancement_Jupyter_Project\Fingerprint_Enhancement_Project\data\SOCOFing\Real\353__M_Left_thumb_finger.BMP
353__M_Right_index_finger.BMP,353,development,0a3ca1ada186ddd191aa1035e170947b84950b4ce2d32abfa4a96b6bdce4f39b,20,C:\Users\Acer\Documents\GitHub\ImageProcessing\Fingerprint_Enhancement_Jupyter_Project\Fingerprint_Enhancement_Jupyter_Project\Fingerprint_Enhancement_Project\data\SOCOFing\Real\353__M_Right_index_finger.BMP
353__M_Right_little_finger.BMP,353,development,0a3ca1ada186ddd191aa1035e170947b84950b4ce2d32abfa4a96b6bdce4f39b,20,C:\Users\Acer\Documents\GitHub\ImageProcessing\Fingerprint_Enhancement_Jupyter_Project\Fingerprint_Enhancement_Jupyter_Project\Fingerprint_Enhancement_Project\data\SOCOFing\Real\353__M_Right_little_finger.BMP
353__M_Right_middle_finger.BMP,353,development,0a3ca1ada186ddd191aa1035e170947b84950b4ce2d32abfa4a96b6bdce4f39b,20,C:\Users\Acer\Documents\GitHub\ImageProcessing\Fingerprint_Enhancement_Jupyter_Project\Fingerprint_Enhancement_Jupyter_Project\Fingerprint_Enhancement_Project\data\SOCOFing\Real\353__M_Right_middle_finger.BMP
353__M_Right_ring_finger.BMP,353,development,0a3ca1ada186ddd191aa1035e170947b84950b4ce2d32abfa4a96b6bdce4f39b,20,C:\Users\Acer\Documents\GitHub\ImageProcessing\Fingerprint_Enhancement_Jupyter_Project\Fingerprint_Enhancement_Jupyter_Project\Fingerprint_Enhancement_Project\data\SOCOFing\Real\353__M_Right_ring_finger.BMP
353__M_Right_thumb_finger.BMP,353,development,0a3ca1ada186ddd191aa1035e170947b84950b4ce2d32abfa4a96b6bdce4f39b,20,C:\Users\Acer\Documents\GitHub\ImageProcessing\Fingerprint_Enhancement_Jupyter_Project\Fingerprint_Enhancement_Jupyter_Project\Fingerprint_Enhancement_Project\data\SOCOFing\Real\353__M_Right_thumb_finger.BMP
382__M_Left_index_finger.BMP,382,development,0b7a30883ebc8425ae73638d95a62a0ca0703d2d1a2711a9cf3d83d0b205cd96,21,C:\Users\Acer\Documents\GitHub\ImageProcessing\Fingerprint_Enhancement_Jupyter_Project\Fingerprint_Enhancement_Jupyter_Project\Fingerprint_Enhancement_Project\data\SOCOFing\Real\382__M_Left_index_finger.BMP
382__M_Left_little_finger.BMP,382,development,0b7a30883ebc8425ae73638d95a62a0ca0703d2d1a2711a9cf3d83d0b205cd96,21,C:\Users\Acer\Documents\GitHub\ImageProcessing\Fingerprint_Enhancement_Jupyter_Project\Fingerprint_Enhancement_Jupyter_Project\Fingerprint_Enhancement_Project\data\SOCOFing\Real\382__M_Left_little_finger.BMP
382__M_Left_middle_finger.BMP,382,development,0b7a30883ebc8425ae73638d95a62a0ca0703d2d1a2711a9cf3d83d0b205cd96,21,C:\Users\Acer\Documents\GitHub\ImageProcessing\Fingerprint_Enhancement_Jupyter_Project\Fingerprint_Enhancement_Jupyter_Project\Fingerprint_Enhancement_Project\data\SOCOFing\Real\382__M_Left_middle_finger.BMP
382__M_Left_ring_finger.BMP,382,development,0b7a30883ebc8425ae73638d95a62a0ca0703d2d1a2711a9cf3d83d0b205cd96,21,C:\Users\Acer\Documents\GitHub\ImageProcessing\Fingerprint_Enhancement_Jupyter_Project\Fingerprint_Enhancement_Jupyter_Project\Fingerprint_Enhancement_Project\data\SOCOFing\Real\382__M_Left_ring_finger.BMP
382__M_Left_thumb_finger.BMP,382,development,0b7a30883ebc8425ae73638d95a62a0ca0703d2d1a2711a9cf3d83d0b205cd96,21,C:\Users\Acer\Documents\GitHub\ImageProcessing\Fingerprint_Enhancement_Jupyter_Project\Fingerprint_Enhancement_Jupyter_Project\Fingerprint_Enhancement_Project\data\SOCOFing\Real\382__M_Left_thumb_finger.BMP
382__M_Right_index_finger.BMP,382,development,0b7a30883ebc8425ae73638d95a62a0ca0703d2d1a2711a9cf3d83d0b205cd96,21,C:\Users\Acer\Documents\GitHub\ImageProcessing\Fingerprint_Enhancement_Jupyter_Project\Fingerprint_Enhancement_Jupyter_Project\Fingerprint_Enhancement_Project\data\SOCOFing\Real\382__M_Right_index_finger.BMP
382__M_Right_little_finger.BMP,382,development,0b7a30883ebc8425ae73638d95a62a0ca0703d2d1a2711a9cf3d83d0b205cd96,21,C:\Users\Acer\Documents\GitHub\ImageProcessing\Fingerprint_Enhancement_Jupyter_Project\Fingerprint_Enhancement_Jupyter_Project\Fingerprint_Enhancement_Project\data\SOCOFing\Real\382__M_Right_little_finger.BMP
382__M_Right_middle_finger.BMP,382,development,0b7a30883ebc8425ae73638d95a62a0ca0703d2d1a2711a9cf3d83d0b205cd96,21,C:\Users\Acer\Documents\GitHub\ImageProcessing\Fingerprint_Enhancement_Jupyter_Project\Fingerprint_Enhancement_Jupyter_Project\Fingerprint_Enhancement_Project\data\SOCOFing\Real\382__M_Right_middle_finger.BMP
382__M_Right_ring_finger.BMP,382,development,0b7a30883ebc8425ae73638d95a62a0ca0703d2d1a2711a9cf3d83d0b205cd96,21,C:\Users\Acer\Documents\GitHub\ImageProcessing\Fingerprint_Enhancement_Jupyter_Project\Fingerprint_Enhancement_Jupyter_Project\Fingerprint_Enhancement_Project\data\SOCOFing\Real\382__M_Right_ring_finger.BMP
382__M_Right_thumb_finger.BMP,382,development,0b7a30883ebc8425ae73638d95a62a0ca0703d2d1a2711a9cf3d83d0b205cd96,21,C:\Users\Acer\Documents\GitHub\ImageProcessing\Fingerprint_Enhancement_Jupyter_Project\Fingerprint_Enhancement_Jupyter_Project\Fingerprint_Enhancement_Project\data\SOCOFing\Real\382__M_Right_thumb_finger.BMP
95__M_Left_index_finger.BMP,95,development,0bc0f27fc8559d81b3fd3bbc5ab258b0738b611937e549b623d02c051c9fef96,22,C:\Users\Acer\Documents\GitHub\ImageProcessing\Fingerprint_Enhancement_Jupyter_Project\Fingerprint_Enhancement_Jupyter_Project\Fingerprint_Enhancement_Project\data\SOCOFing\Real\95__M_Left_index_finger.BMP
95__M_Left_little_finger.BMP,95,development,0bc0f27fc8559d81b3fd3bbc5ab258b0738b611937e549b623d02c051c9fef96,22,C:\Users\Acer\Documents\GitHub\ImageProcessing\Fingerprint_Enhancement_Jupyter_Project\Fingerprint_Enhancement_Jupyter_Project\Fingerprint_Enhancement_Project\data\SOCOFing\Real\95__M_Left_little_finger.BMP
95__M_Left_middle_finger.BMP,95,development,0bc0f27fc8559d81b3fd3bbc5ab258b0738b611937e549b623d02c051c9fef96,22,C:\Users\Acer\Documents\GitHub\ImageProcessing\Fingerprint_Enhancement_Jupyter_Project\Fingerprint_Enhancement_Jupyter_Project\Fingerprint_Enhancement_Project\data\SOCOFing\Real\95__M_Left_middle_finger.BMP
95__M_Left_ring_finger.BMP,95,development,0bc0f27fc8559d81b3fd3bbc5ab258b0738b611937e549b623d02c051c9fef96,22,C:\Users\Acer\Documents\GitHub\ImageProcessing\Fingerprint_Enhancement_Jupyter_Project\Fingerprint_Enhancement_Jupyter_Project\Fingerprint_Enhancement_Project\data\SOCOFing\Real\95__M_Left_ring_finger.BMP
95__M_Left_thumb_finger.BMP,95,development,0bc0f27fc8559d81b3fd3bbc5ab258b0738b611937e549b623d02c051c9fef96,22,C:\Users\Acer\Documents\GitHub\ImageProcessing\Fingerprint_Enhancement_Jupyter_Project\Fingerprint_Enhancement_Jupyter_Project\Fingerprint_Enhancement_Project\data\SOCOFing\Real\95__M_Left_thumb_finger.BMP
95__M_Right_index_finger.BMP,95,development,0bc0f27fc8559d81b3fd3bbc5ab258b0738b611937e549b623d02c051c9fef96,22,C:\Users\Acer\Documents\GitHub\ImageProcessing\Fingerprint_Enhancement_Jupyter_Project\Fingerprint_Enhancement_Jupyter_Project\Fingerprint_Enhancement_Project\data\SOCOFing\Real\95__M_Right_index_finger.BMP
95__M_Right_little_finger.BMP,95,development,0bc0f27fc8559d81b3fd3bbc5ab258b0738b611937e549b623d02c051c9fef96,22,C:\Users\Acer\Documents\GitHub\ImageProcessing\Fingerprint_Enhancement_Jupyter_Project\Fingerprint_Enhancement_Jupyter_Project\Fingerprint_Enhancement_Project\data\SOCOFing\Real\95__M_Right_little_finger.BMP
95__M_Right_middle_finger.BMP,95,development,0bc0f27fc8559d81b3fd3bbc5ab258b0738b611937e549b623d02c051c9fef96,22,C:\Users\Acer\Documents\GitHub\ImageProcessing\Fingerprint_Enhancement_Jupyter_Project\Fingerprint_Enhancement_Jupyter_Project\Fingerprint_Enhancement_Project\data\SOCOFing\Real\95__M_Right_middle_finger.BMP
95__M_Right_ring_finger.BMP,95,development,0bc0f27fc8559d81b3fd3bbc5ab258b0738b611937e549b623d02c051c9fef96,22,C:\Users\Acer\Documents\GitHub\ImageProcessing\Fingerprint_Enhancement_Jupyter_Project\Fingerprint_Enhancement_Jupyter_Project\Fingerprint_Enhancement_Project\data\SOCOFing\Real\95__M_Right_ring_finger.BMP
95__M_Right_thumb_finger.BMP,95,development,0bc0f27fc8559d81b3fd3bbc5ab258b0738b611937e549b623d02c051c9fef96,22,C:\Users\Acer\Documents\GitHub\ImageProcessing\Fingerprint_Enhancement_Jupyter_Project\Fingerprint_Enhancement_Jupyter_Project\Fingerprint_Enhancement_Project\data\SOCOFing\Real\95__M_Right_thumb_finger.BMP
344__M_Left_index_finger.BMP,344,development,0c40607fefee50f1c74cf72b594d727b165752d079c54bdca34440fdade71d15,23,C:\Users\Acer\Documents\GitHub\ImageProcessing\Fingerprint_Enhancement_Jupyter_Project\Fingerprint_Enhancement_Jupyter_Project\Fingerprint_Enhancement_Project\data\SOCOFing\Real\344__M_Left_index_finger.BMP
344__M_Left_little_finger.BMP,344,development,0c40607fefee50f1c74cf72b594d727b165752d079c54bdca34440fdade71d15,23,C:\Users\Acer\Documents\GitHub\ImageProcessing\Fingerprint_Enhancement_Jupyter_Project\Fingerprint_Enhancement_Jupyter_Project\Fingerprint_Enhancement_Project\data\SOCOFing\Real\344__M_Left_little_finger.BMP
344__M_Left_middle_finger.BMP,344,development,0c40607fefee50f1c74cf72b594d727b165752d079c54bdca34440fdade71d15,23,C:\Users\Acer\Documents\GitHub\ImageProcessing\Fingerprint_Enhancement_Jupyter_Project\Fingerprint_Enhancement_Jupyter_Project\Fingerprint_Enhancement_Project\data\SOCOFing\Real\344__M_Left_middle_finger.BMP
344__M_Left_ring_finger.BMP,344,development,0c40607fefee50f1c74cf72b594d727b165752d079c54bdca34440fdade71d15,23,C:\Users\Acer\Documents\GitHub\ImageProcessing\Fingerprint_Enhancement_Jupyter_Project\Fingerprint_Enhancement_Jupyter_Project\Fingerprint_Enhancement_Project\data\SOCOFing\Real\344__M_Left_ring_finger.BMP
344__M_Left_thumb_finger.BMP,344,development,0c40607fefee50f1c74cf72b594d727b165752d079c54bdca34440fdade71d15,23,C:\Users\Acer\Documents\GitHub\ImageProcessing\Fingerprint_Enhancement_Jupyter_Project\Fingerprint_Enhancement_Jupyter_Project\Fingerprint_Enhancement_Project\data\SOCOFing\Real\344__M_Left_thumb_finger.BMP
344__M_Right_index_finger.BMP,344,development,0c40607fefee50f1c74cf72b594d727b165752d079c54bdca34440fdade71d15,23,C:\Users\Acer\Documents\GitHub\ImageProcessing\Fingerprint_Enhancement_Jupyter_Project\Fingerprint_Enhancement_Jupyter_Project\Fingerprint_Enhancement_Project\data\SOCOFing\Real\344__M_Right_index_finger.BMP
344__M_Right_little_finger.BMP,344,development,0c40607fefee50f1c74cf72b594d727b165752d079c54bdca34440fdade71d15,23,C:\Users\Acer\Documents\GitHub\ImageProcessing\Fingerprint_Enhancement_Jupyter_Project\Fingerprint_Enhancement_Jupyter_Project\Fingerprint_Enhancement_Project\data\SOCOFing\Real\344__M_Right_little_finger.BMP
344__M_Right_middle_finger.BMP,344,development,0c40607fefee50f1c74cf72b594d727b165752d079c54bdca34440fdade71d15,23,C:\Users\Acer\Documents\GitHub\ImageProcessing\Fingerprint_Enhancement_Jupyter_Project\Fingerprint_Enhancement_Jupyter_Project\Fingerprint_Enhancement_Project\data\SOCOFing\Real\344__M_Right_middle_finger.BMP
344__M_Right_ring_finger.BMP,344,development,0c40607fefee50f1c74cf72b594d727b165752d079c54bdca34440fdade71d15,23,C:\Users\Acer\Documents\GitHub\ImageProcessing\Fingerprint_Enhancement_Jupyter_Project\Fingerprint_Enhancement_Jupyter_Project\Fingerprint_Enhancement_Project\data\SOCOFing\Real\344__M_Right_ring_finger.BMP
344__M_Right_thumb_finger.BMP,344,development,0c40607fefee50f1c74cf72b594d727b165752d079c54bdca34440fdade71d15,23,C:\Users\Acer\Documents\GitHub\ImageProcessing\Fingerprint_Enhancement_Jupyter_Project\Fingerprint_Enhancement_Jupyter_Project\Fingerprint_Enhancement_Project\data\SOCOFing\Real\344__M_Right_thumb_finger.BMP
11__M_Left_index_finger.BMP,11,development,0c4da6c9f19869b76a080e4440114d964c31fbd8b2b8f1f69ec9035dff67ba42,24,C:\Users\Acer\Documents\GitHub\ImageProcessing\Fingerprint_Enhancement_Jupyter_Project\Fingerprint_Enhancement_Jupyter_Project\Fingerprint_Enhancement_Project\data\SOCOFing\Real\11__M_Left_index_finger.BMP
11__M_Left_little_finger.BMP,11,development,0c4da6c9f19869b76a080e4440114d964c31fbd8b2b8f1f69ec9035dff67ba42,24,C:\Users\Acer\Documents\GitHub\ImageProcessing\Fingerprint_Enhancement_Jupyter_Project\Fingerprint_Enhancement_Jupyter_Project\Fingerprint_Enhancement_Project\data\SOCOFing\Real\11__M_Left_little_finger.BMP
11__M_Left_middle_finger.BMP,11,development,0c4da6c9f19869b76a080e4440114d964c31fbd8b2b8f1f69ec9035dff67ba42,24,C:\Users\Acer\Documents\GitHub\ImageProcessing\Fingerprint_Enhancement_Jupyter_Project\Fingerprint_Enhancement_Jupyter_Project\Fingerprint_Enhancement_Project\data\SOCOFing\Real\11__M_Left_middle_finger.BMP
11__M_Left_ring_finger.BMP,11,development,0c4da6c9f19869b76a080e4440114d964c31fbd8b2b8f1f69ec9035dff67ba42,24,C:\Users\Acer\Documents\GitHub\ImageProcessing\Fingerprint_Enhancement_Jupyter_Project\Fingerprint_Enhancement_Jupyter_Project\Fingerprint_Enhancement_Project\data\SOCOFing\Real\11__M_Left_ring_finger.BMP
11__M_Left_thumb_finger.BMP,11,development,0c4da6c9f19869b76a080e4440114d964c31fbd8b2b8f1f69ec9035dff67ba42,24,C:\Users\Acer\Documents\GitHub\ImageProcessing\Fingerprint_Enhancement_Jupyter_Project\Fingerprint_Enhancement_Jupyter_Project\Fingerprint_Enhancement_Project\data\SOCOFing\Real\11__M_Left_thumb_finger.BMP
11__M_Right_index_finger.BMP,11,development,0c4da6c9f19869b76a080e4440114d964c31fbd8b2b8f1f69ec9035dff67ba42,24,C:\Users\Acer\Documents\GitHub\ImageProcessing\Fingerprint_Enhancement_Jupyter_Project\Fingerprint_Enhancement_Jupyter_Project\Fingerprint_Enhancement_Project\data\SOCOFing\Real\11__M_Right_index_finger.BMP
11__M_Right_little_finger.BMP,11,development,0c4da6c9f19869b76a080e4440114d964c31fbd8b2b8f1f69ec9035dff67ba42,24,C:\Users\Acer\Documents\GitHub\ImageProcessing\Fingerprint_Enhancement_Jupyter_Project\Fingerprint_Enhancement_Jupyter_Project\Fingerprint_Enhancement_Project\data\SOCOFing\Real\11__M_Right_little_finger.BMP
11__M_Right_middle_finger.BMP,11,development,0c4da6c9f19869b76a080e4440114d964c31fbd8b2b8f1f69ec9035dff67ba42,24,C:\Users\Acer\Documents\GitHub\ImageProcessing\Fingerprint_Enhancement_Jupyter_Project\Fingerprint_Enhancement_Jupyter_Project\Fingerprint_Enhancement_Project\data\SOCOFing\Real\11__M_Right_middle_finger.BMP
11__M_Right_ring_finger.BMP,11,development,0c4da6c9f19869b76a080e4440114d964c31fbd8b2b8f1f69ec9035dff67ba42,24,C:\Users\Acer\Documents\GitHub\ImageProcessing\Fingerprint_Enhancement_Jupyter_Project\Fingerprint_Enhancement_Jupyter_Project\Fingerprint_Enhancement_Project\data\SOCOFing\Real\11__M_Right_ring_finger.BMP
11__M_Right_thumb_finger.BMP,11,development,0c4da6c9f19869b76a080e4440114d964c31fbd8b2b8f1f69ec9035dff67ba42,24,C:\Users\Acer\Documents\GitHub\ImageProcessing\Fingerprint_Enhancement_Jupyter_Project\Fingerprint_Enhancement_Jupyter_Project\Fingerprint_Enhancement_Project\data\SOCOFing\Real\11__M_Right_thumb_finger.BMP
596__M_Left_index_finger.BMP,596,development,0da43bd839a3e5f56dfb447165bb79633a48eaa7d20d104f3670acd3b9c66bd5,25,C:\Users\Acer\Documents\GitHub\ImageProcessing\Fingerprint_Enhancement_Jupyter_Project\Fingerprint_Enhancement_Jupyter_Project\Fingerprint_Enhancement_Project\data\SOCOFing\Real\596__M_Left_index_finger.BMP
596__M_Left_little_finger.BMP,596,development,0da43bd839a3e5f56dfb447165bb79633a48eaa7d20d104f3670acd3b9c66bd5,25,C:\Users\Acer\Documents\GitHub\ImageProcessing\Fingerprint_Enhancement_Jupyter_Project\Fingerprint_Enhancement_Jupyter_Project\Fingerprint_Enhancement_Project\data\SOCOFing\Real\596__M_Left_little_finger.BMP
596__M_Left_middle_finger.BMP,596,development,0da43bd839a3e5f56dfb447165bb79633a48eaa7d20d104f3670acd3b9c66bd5,25,C:\Users\Acer\Documents\GitHub\ImageProcessing\Fingerprint_Enhancement_Jupyter_Project\Fingerprint_Enhancement_Jupyter_Project\Fingerprint_Enhancement_Project\data\SOCOFing\Real\596__M_Left_middle_finger.BMP
596__M_Left_ring_finger.BMP,596,development,0da43bd839a3e5f56dfb447165bb79633a48eaa7d20d104f3670acd3b9c66bd5,25,C:\Users\Acer\Documents\GitHub\ImageProcessing\Fingerprint_Enhancement_Jupyter_Project\Fingerprint_Enhancement_Jupyter_Project\Fingerprint_Enhancement_Project\data\SOCOFing\Real\596__M_Left_ring_finger.BMP
596__M_Left_thumb_finger.BMP,596,development,0da43bd839a3e5f56dfb447165bb79633a48eaa7d20d104f3670acd3b9c66bd5,25,C:\Users\Acer\Documents\GitHub\ImageProcessing\Fingerprint_Enhancement_Jupyter_Project\Fingerprint_Enhancement_Jupyter_Project\Fingerprint_Enhancement_Project\data\SOCOFing\Real\596__M_Left_thumb_finger.BMP
596__M_Right_index_finger.BMP,596,development,0da43bd839a3e5f56dfb447165bb79633a48eaa7d20d104f3670acd3b9c66bd5,25,C:\Users\Acer\Documents\GitHub\ImageProcessing\Fingerprint_Enhancement_Jupyter_Project\Fingerprint_Enhancement_Jupyter_Project\Fingerprint_Enhancement_Project\data\SOCOFing\Real\596__M_Right_index_finger.BMP
596__M_Right_little_finger.BMP,596,development,0da43bd839a3e5f56dfb447165bb79633a48eaa7d20d104f3670acd3b9c66bd5,25,C:\Users\Acer\Documents\GitHub\ImageProcessing\Fingerprint_Enhancement_Jupyter_Project\Fingerprint_Enhancement_Jupyter_Project\Fingerprint_Enhancement_Project\data\SOCOFing\Real\596__M_Right_little_finger.BMP
596__M_Right_middle_finger.BMP,596,development,0da43bd839a3e5f56dfb447165bb79633a48eaa7d20d104f3670acd3b9c66bd5,25,C:\Users\Acer\Documents\GitHub\ImageProcessing\Fingerprint_Enhancement_Jupyter_Project\Fingerprint_Enhancement_Jupyter_Project\Fingerprint_Enhancement_Project\data\SOCOFing\Real\596__M_Right_middle_finger.BMP
596__M_Right_ring_finger.BMP,596,development,0da43bd839a3e5f56dfb447165bb79633a48eaa7d20d104f3670acd3b9c66bd5,25,C:\Users\Acer\Documents\GitHub\ImageProcessing\Fingerprint_Enhancement_Jupyter_Project\Fingerprint_Enhancement_Jupyter_Project\Fingerprint_Enhancement_Project\data\SOCOFing\Real\596__M_Right_ring_finger.BMP
596__M_Right_thumb_finger.BMP,596,development,0da43bd839a3e5f56dfb447165bb79633a48eaa7d20d104f3670acd3b9c66bd5,25,C:\Users\Acer\Documents\GitHub\ImageProcessing\Fingerprint_Enhancement_Jupyter_Project\Fingerprint_Enhancement_Jupyter_Project\Fingerprint_Enhancement_Project\data\SOCOFing\Real\596__M_Right_thumb_finger.BMP
64__M_Left_index_finger.BMP,64,development,0dce68f66bb4e725a3bc0e9969735eaaa4c5183ec19d60940dc71b4423b95ae4,26,C:\Users\Acer\Documents\GitHub\ImageProcessing\Fingerprint_Enhancement_Jupyter_Project\Fingerprint_Enhancement_Jupyter_Project\Fingerprint_Enhancement_Project\data\SOCOFing\Real\64__M_Left_index_finger.BMP
64__M_Left_little_finger.BMP,64,development,0dce68f66bb4e725a3bc0e9969735eaaa4c5183ec19d60940dc71b4423b95ae4,26,C:\Users\Acer\Documents\GitHub\ImageProcessing\Fingerprint_Enhancement_Jupyter_Project\Fingerprint_Enhancement_Jupyter_Project\Fingerprint_Enhancement_Project\data\SOCOFing\Real\64__M_Left_little_finger.BMP
64__M_Left_middle_finger.BMP,64,development,0dce68f66bb4e725a3bc0e9969735eaaa4c5183ec19d60940dc71b4423b95ae4,26,C:\Users\Acer\Documents\GitHub\ImageProcessing\Fingerprint_Enhancement_Jupyter_Project\Fingerprint_Enhancement_Jupyter_Project\Fingerprint_Enhancement_Project\data\SOCOFing\Real\64__M_Left_middle_finger.BMP
64__M_Left_ring_finger.BMP,64,development,0dce68f66bb4e725a3bc0e9969735eaaa4c5183ec19d60940dc71b4423b95ae4,26,C:\Users\Acer\Documents\GitHub\ImageProcessing\Fingerprint_Enhancement_Jupyter_Project\Fingerprint_Enhancement_Jupyter_Project\Fingerprint_Enhancement_Project\data\SOCOFing\Real\64__M_Left_ring_finger.BMP
64__M_Left_thumb_finger.BMP,64,development,0dce68f66bb4e725a3bc0e9969735eaaa4c5183ec19d60940dc71b4423b95ae4,26,C:\Users\Acer\Documents\GitHub\ImageProcessing\Fingerprint_Enhancement_Jupyter_Project\Fingerprint_Enhancement_Jupyter_Project\Fingerprint_Enhancement_Project\data\SOCOFing\Real\64__M_Left_thumb_finger.BMP
64__M_Right_index_finger.BMP,64,development,0dce68f66bb4e725a3bc0e9969735eaaa4c5183ec19d60940dc71b4423b95ae4,26,C:\Users\Acer\Documents\GitHub\ImageProcessing\Fingerprint_Enhancement_Jupyter_Project\Fingerprint_Enhancement_Jupyter_Project\Fingerprint_Enhancement_Project\data\SOCOFing\Real\64__M_Right_index_finger.BMP
64__M_Right_little_finger.BMP,64,development,0dce68f66bb4e725a3bc0e9969735eaaa4c5183ec19d60940dc71b4423b95ae4,26,C:\Users\Acer\Documents\GitHub\ImageProcessing\Fingerprint_Enhancement_Jupyter_Project\Fingerprint_Enhancement_Jupyter_Project\Fingerprint_Enhancement_Project\data\SOCOFing\Real\64__M_Right_little_finger.BMP
64__M_Right_middle_finger.BMP,64,development,0dce68f66bb4e725a3bc0e9969735eaaa4c5183ec19d60940dc71b4423b95ae4,26,C:\Users\Acer\Documents\GitHub\ImageProcessing\Fingerprint_Enhancement_Jupyter_Project\Fingerprint_Enhancement_Jupyter_Project\Fingerprint_Enhancement_Project\data\SOCOFing\Real\64__M_Right_middle_finger.BMP
64__M_Right_ring_finger.BMP,64,development,0dce68f66bb4e725a3bc0e9969735eaaa4c5183ec19d60940dc71b4423b95ae4,26,C:\Users\Acer\Documents\GitHub\ImageProcessing\Fingerprint_Enhancement_Jupyter_Project\Fingerprint_Enhancement_Jupyter_Project\Fingerprint_Enhancement_Project\data\SOCOFing\Real\64__M_Right_ring_finger.BMP
64__M_Right_thumb_finger.BMP,64,development,0dce68f66bb4e725a3bc0e9969735eaaa4c5183ec19d60940dc71b4423b95ae4,26,C:\Users\Acer\Documents\GitHub\ImageProcessing\Fingerprint_Enhancement_Jupyter_Project\Fingerprint_Enhancement_Jupyter_Project\Fingerprint_Enhancement_Project\data\SOCOFing\Real\64__M_Right_thumb_finger.BMP
135__F_Left_index_finger.BMP,135,development,0e310ebd9e382c4e1df0e94151c4889693393d13497385474e90e809af55f248,27,C:\Users\Acer\Documents\GitHub\ImageProcessing\Fingerprint_Enhancement_Jupyter_Project\Fingerprint_Enhancement_Jupyter_Project\Fingerprint_Enhancement_Project\data\SOCOFing\Real\135__F_Left_index_finger.BMP
135__F_Left_little_finger.BMP,135,development,0e310ebd9e382c4e1df0e94151c4889693393d13497385474e90e809af55f248,27,C:\Users\Acer\Documents\GitHub\ImageProcessing\Fingerprint_Enhancement_Jupyter_Project\Fingerprint_Enhancement_Jupyter_Project\Fingerprint_Enhancement_Project\data\SOCOFing\Real\135__F_Left_little_finger.BMP
135__F_Left_middle_finger.BMP,135,development,0e310ebd9e382c4e1df0e94151c4889693393d13497385474e90e809af55f248,27,C:\Users\Acer\Documents\GitHub\ImageProcessing\Fingerprint_Enhancement_Jupyter_Project\Fingerprint_Enhancement_Jupyter_Project\Fingerprint_Enhancement_Project\data\SOCOFing\Real\135__F_Left_middle_finger.BMP
135__F_Left_ring_finger.BMP,135,development,0e310ebd9e382c4e1df0e94151c4889693393d13497385474e90e809af55f248,27,C:\Users\Acer\Documents\GitHub\ImageProcessing\Fingerprint_Enhancement_Jupyter_Project\Fingerprint_Enhancement_Jupyter_Project\Fingerprint_Enhancement_Project\data\SOCOFing\Real\135__F_Left_ring_finger.BMP
135__F_Left_thumb_finger.BMP,135,development,0e310ebd9e382c4e1df0e94151c4889693393d13497385474e90e809af55f248,27,C:\Users\Acer\Documents\GitHub\ImageProcessing\Fingerprint_Enhancement_Jupyter_Project\Fingerprint_Enhancement_Jupyter_Project\Fingerprint_Enhancement_Project\data\SOCOFing\Real\135__F_Left_thumb_finger.BMP
135__F_Right_index_finger.BMP,135,development,0e310ebd9e382c4e1df0e94151c4889693393d13497385474e90e809af55f248,27,C:\Users\Acer\Documents\GitHub\ImageProcessing\Fingerprint_Enhancement_Jupyter_Project\Fingerprint_Enhancement_Jupyter_Project\Fingerprint_Enhancement_Project\data\SOCOFing\Real\135__F_Right_index_finger.BMP
135__F_Right_little_finger.BMP,135,development,0e310ebd9e382c4e1df0e94151c4889693393d13497385474e90e809af55f248,27,C:\Users\Acer\Documents\GitHub\ImageProcessing\Fingerprint_Enhancement_Jupyter_Project\Fingerprint_Enhancement_Jupyter_Project\Fingerprint_Enhancement_Project\data\SOCOFing\Real\135__F_Right_little_finger.BMP
135__F_Right_middle_finger.BMP,135,development,0e310ebd9e382c4e1df0e94151c4889693393d13497385474e90e809af55f248,27,C:\Users\Acer\Documents\GitHub\ImageProcessing\Fingerprint_Enhancement_Jupyter_Project\Fingerprint_Enhancement_Jupyter_Project\Fingerprint_Enhancement_Project\data\SOCOFing\Real\135__F_Right_middle_finger.BMP
135__F_Right_ring_finger.BMP,135,development,0e310ebd9e382c4e1df0e94151c4889693393d13497385474e90e809af55f248,27,C:\Users\Acer\Documents\GitHub\ImageProcessing\Fingerprint_Enhancement_Jupyter_Project\Fingerprint_Enhancement_Jupyter_Project\Fingerprint_Enhancement_Project\data\SOCOFing\Real\135__F_Right_ring_finger.BMP
135__F_Right_thumb_finger.BMP,135,development,0e310ebd9e382c4e1df0e94151c4889693393d13497385474e90e809af55f248,27,C:\Users\Acer\Documents\GitHub\ImageProcessing\Fingerprint_Enhancement_Jupyter_Project\Fingerprint_Enhancement_Jupyter_Project\Fingerprint_Enhancement_Project\data\SOCOFing\Real\135__F_Right_thumb_finger.BMP
424__M_Left_index_finger.BMP,424,development,0e39660b9df46b18981e7bbf0191e5ae2c66a6276c53ea3a7965c8337a44d3ee,28,C:\Users\Acer\Documents\GitHub\ImageProcessing\Fingerprint_Enhancement_Jupyter_Project\Fingerprint_Enhancement_Jupyter_Project\Fingerprint_Enhancement_Project\data\SOCOFing\Real\424__M_Left_index_finger.BMP
424__M_Left_little_finger.BMP,424,development,0e39660b9df46b18981e7bbf0191e5ae2c66a6276c53ea3a7965c8337a44d3ee,28,C:\Users\Acer\Documents\GitHub\ImageProcessing\Fingerprint_Enhancement_Jupyter_Project\Fingerprint_Enhancement_Jupyter_Project\Fingerprint_Enhancement_Project\data\SOCOFing\Real\424__M_Left_little_finger.BMP
424__M_Left_middle_finger.BMP,424,development,0e39660b9df46b18981e7bbf0191e5ae2c66a6276c53ea3a7965c8337a44d3ee,28,C:\Users\Acer\Documents\GitHub\ImageProcessing\Fingerprint_Enhancement_Jupyter_Project\Fingerprint_Enhancement_Jupyter_Project\Fingerprint_Enhancement_Project\data\SOCOFing\Real\424__M_Left_middle_finger.BMP
424__M_Left_ring_finger.BMP,424,development,0e39660b9df46b18981e7bbf0191e5ae2c66a6276c53ea3a7965c8337a44d3ee,28,C:\Users\Acer\Documents\GitHub\ImageProcessing\Fingerprint_Enhancement_Jupyter_Project\Fingerprint_Enhancement_Jupyter_Project\Fingerprint_Enhancement_Project\data\SOCOFing\Real\424__M_Left_ring_finger.BMP
424__M_Left_thumb_finger.BMP,424,development,0e39660b9df46b18981e7bbf0191e5ae2c66a6276c53ea3a7965c8337a44d3ee,28,C:\Users\Acer\Documents\GitHub\ImageProcessing\Fingerprint_Enhancement_Jupyter_Project\Fingerprint_Enhancement_Jupyter_Project\Fingerprint_Enhancement_Project\data\SOCOFing\Real\424__M_Left_thumb_finger.BMP
424__M_Right_index_finger.BMP,424,development,0e39660b9df46b18981e7bbf0191e5ae2c66a6276c53ea3a7965c8337a44d3ee,28,C:\Users\Acer\Documents\GitHub\ImageProcessing\Fingerprint_Enhancement_Jupyter_Project\Fingerprint_Enhancement_Jupyter_Project\Fingerprint_Enhancement_Project\data\SOCOFing\Real\424__M_Right_index_finger.BMP
424__M_Right_little_finger.BMP,424,development,0e39660b9df46b18981e7bbf0191e5ae2c66a6276c53ea3a7965c8337a44d3ee,28,C:\Users\Acer\Documents\GitHub\ImageProcessing\Fingerprint_Enhancement_Jupyter_Project\Fingerprint_Enhancement_Jupyter_Project\Fingerprint_Enhancement_Project\data\SOCOFing\Real\424__M_Right_little_finger.BMP
424__M_Right_middle_finger.BMP,424,development,0e39660b9df46b18981e7bbf0191e5ae2c66a6276c53ea3a7965c8337a44d3ee,28,C:\Users\Acer\Documents\GitHub\ImageProcessing\Fingerprint_Enhancement_Jupyter_Project\Fingerprint_Enhancement_Jupyter_Project\Fingerprint_Enhancement_Project\data\SOCOFing\Real\424__M_Right_middle_finger.BMP
424__M_Right_ring_finger.BMP,424,development,0e39660b9df46b18981e7bbf0191e5ae2c66a6276c53ea3a7965c8337a44d3ee,28,C:\Users\Acer\Documents\GitHub\ImageProcessing\Fingerprint_Enhancement_Jupyter_Project\Fingerprint_Enhancement_Jupyter_Project\Fingerprint_Enhancement_Project\data\SOCOFing\Real\424__M_Right_ring_finger.BMP
424__M_Right_thumb_finger.BMP,424,development,0e39660b9df46b18981e7bbf0191e5ae2c66a6276c53ea3a7965c8337a44d3ee,28,C:\Users\Acer\Documents\GitHub\ImageProcessing\Fingerprint_Enhancement_Jupyter_Project\Fingerprint_Enhancement_Jupyter_Project\Fingerprint_Enhancement_Project\data\SOCOFing\Real\424__M_Right_thumb_finger.BMP
578__M_Left_index_finger.BMP,578,development,0e80bb4a7ed60e25be67cd05485380ea45a4b4a091660a9eb18056299ff16a9e,29,C:\Users\Acer\Documents\GitHub\ImageProcessing\Fingerprint_Enhancement_Jupyter_Project\Fingerprint_Enhancement_Jupyter_Project\Fingerprint_Enhancement_Project\data\SOCOFing\Real\578__M_Left_index_finger.BMP
578__M_Left_little_finger.BMP,578,development,0e80bb4a7ed60e25be67cd05485380ea45a4b4a091660a9eb18056299ff16a9e,29,C:\Users\Acer\Documents\GitHub\ImageProcessing\Fingerprint_Enhancement_Jupyter_Project\Fingerprint_Enhancement_Jupyter_Project\Fingerprint_Enhancement_Project\data\SOCOFing\Real\578__M_Left_little_finger.BMP
578__M_Left_middle_finger.BMP,578,development,0e80bb4a7ed60e25be67cd05485380ea45a4b4a091660a9eb18056299ff16a9e,29,C:\Users\Acer\Documents\GitHub\ImageProcessing\Fingerprint_Enhancement_Jupyter_Project\Fingerprint_Enhancement_Jupyter_Project\Fingerprint_Enhancement_Project\data\SOCOFing\Real\578__M_Left_middle_finger.BMP
578__M_Left_ring_finger.BMP,578,development,0e80bb4a7ed60e25be67cd05485380ea45a4b4a091660a9eb18056299ff16a9e,29,C:\Users\Acer\Documents\GitHub\ImageProcessing\Fingerprint_Enhancement_Jupyter_Project\Fingerprint_Enhancement_Jupyter_Project\Fingerprint_Enhancement_Project\data\SOCOFing\Real\578__M_Left_ring_finger.BMP
578__M_Left_thumb_finger.BMP,578,development,0e80bb4a7ed60e25be67cd05485380ea45a4b4a091660a9eb18056299ff16a9e,29,C:\Users\Acer\Documents\GitHub\ImageProcessing\Fingerprint_Enhancement_Jupyter_Project\Fingerprint_Enhancement_Jupyter_Project\Fingerprint_Enhancement_Project\data\SOCOFing\Real\578__M_Left_thumb_finger.BMP
578__M_Right_index_finger.BMP,578,development,0e80bb4a7ed60e25be67cd05485380ea45a4b4a091660a9eb18056299ff16a9e,29,C:\Users\Acer\Documents\GitHub\ImageProcessing\Fingerprint_Enhancement_Jupyter_Project\Fingerprint_Enhancement_Jupyter_Project\Fingerprint_Enhancement_Project\data\SOCOFing\Real\578__M_Right_index_finger.BMP
578__M_Right_little_finger.BMP,578,development,0e80bb4a7ed60e25be67cd05485380ea45a4b4a091660a9eb18056299ff16a9e,29,C:\Users\Acer\Documents\GitHub\ImageProcessing\Fingerprint_Enhancement_Jupyter_Project\Fingerprint_Enhancement_Jupyter_Project\Fingerprint_Enhancement_Project\data\SOCOFing\Real\578__M_Right_little_finger.BMP
578__M_Right_middle_finger.BMP,578,development,0e80bb4a7ed60e25be67cd05485380ea45a4b4a091660a9eb18056299ff16a9e,29,C:\Users\Acer\Documents\GitHub\ImageProcessing\Fingerprint_Enhancement_Jupyter_Project\Fingerprint_Enhancement_Jupyter_Project\Fingerprint_Enhancement_Project\data\SOCOFing\Real\578__M_Right_middle_finger.BMP
578__M_Right_ring_finger.BMP,578,development,0e80bb4a7ed60e25be67cd05485380ea45a4b4a091660a9eb18056299ff16a9e,29,C:\Users\Acer\Documents\GitHub\ImageProcessing\Fingerprint_Enhancement_Jupyter_Project\Fingerprint_Enhancement_Jupyter_Project\Fingerprint_Enhancement_Project\data\SOCOFing\Real\578__M_Right_ring_finger.BMP
578__M_Right_thumb_finger.BMP,578,development,0e80bb4a7ed60e25be67cd05485380ea45a4b4a091660a9eb18056299ff16a9e,29,C:\Users\Acer\Documents\GitHub\ImageProcessing\Fingerprint_Enhancement_Jupyter_Project\Fingerprint_Enhancement_Jupyter_Project\Fingerprint_Enhancement_Project\data\SOCOFing\Real\578__M_Right_thumb_finger.BMP
222__M_Left_index_finger.BMP,222,development,0e849f8dd17d9455427c579104a1f003551b124bb5bf3acce97063e23b36af36,30,C:\Users\Acer\Documents\GitHub\ImageProcessing\Fingerprint_Enhancement_Jupyter_Project\Fingerprint_Enhancement_Jupyter_Project\Fingerprint_Enhancement_Project\data\SOCOFing\Real\222__M_Left_index_finger.BMP
222__M_Left_little_finger.BMP,222,development,0e849f8dd17d9455427c579104a1f003551b124bb5bf3acce97063e23b36af36,30,C:\Users\Acer\Documents\GitHub\ImageProcessing\Fingerprint_Enhancement_Jupyter_Project\Fingerprint_Enhancement_Jupyter_Project\Fingerprint_Enhancement_Project\data\SOCOFing\Real\222__M_Left_little_finger.BMP
222__M_Left_middle_finger.BMP,222,development,0e849f8dd17d9455427c579104a1f003551b124bb5bf3acce97063e23b36af36,30,C:\Users\Acer\Documents\GitHub\ImageProcessing\Fingerprint_Enhancement_Jupyter_Project\Fingerprint_Enhancement_Jupyter_Project\Fingerprint_Enhancement_Project\data\SOCOFing\Real\222__M_Left_middle_finger.BMP
222__M_Left_ring_finger.BMP,222,development,0e849f8dd17d9455427c579104a1f003551b124bb5bf3acce97063e23b36af36,30,C:\Users\Acer\Documents\GitHub\ImageProcessing\Fingerprint_Enhancement_Jupyter_Project\Fingerprint_Enhancement_Jupyter_Project\Fingerprint_Enhancement_Project\data\SOCOFing\Real\222__M_Left_ring_finger.BMP
222__M_Left_thumb_finger.BMP,222,development,0e849f8dd17d9455427c579104a1f003551b124bb5bf3acce97063e23b36af36,30,C:\Users\Acer\Documents\GitHub\ImageProcessing\Fingerprint_Enhancement_Jupyter_Project\Fingerprint_Enhancement_Jupyter_Project\Fingerprint_Enhancement_Project\data\SOCOFing\Real\222__M_Left_thumb_finger.BMP
222__M_Right_index_finger.BMP,222,development,0e849f8dd17d9455427c579104a1f003551b124bb5bf3acce97063e23b36af36,30,C:\Users\Acer\Documents\GitHub\ImageProcessing\Fingerprint_Enhancement_Jupyter_Project\Fingerprint_Enhancement_Jupyter_Project\Fingerprint_Enhancement_Project\data\SOCOFing\Real\222__M_Right_index_finger.BMP
222__M_Right_little_finger.BMP,222,development,0e849f8dd17d9455427c579104a1f003551b124bb5bf3acce97063e23b36af36,30,C:\Users\Acer\Documents\GitHub\ImageProcessing\Fingerprint_Enhancement_Jupyter_Project\Fingerprint_Enhancement_Jupyter_Project\Fingerprint_Enhancement_Project\data\SOCOFing\Real\222__M_Right_little_finger.BMP
222__M_Right_middle_finger.BMP,222,development,0e849f8dd17d9455427c579104a1f003551b124bb5bf3acce97063e23b36af36,30,C:\Users\Acer\Documents\GitHub\ImageProcessing\Fingerprint_Enhancement_Jupyter_Project\Fingerprint_Enhancement_Jupyter_Project\Fingerprint_Enhancement_Project\data\SOCOFing\Real\222__M_Right_middle_finger.BMP
222__M_Right_ring_finger.BMP,222,development,0e849f8dd17d9455427c579104a1f003551b124bb5bf3acce97063e23b36af36,30,C:\Users\Acer\Documents\GitHub\ImageProcessing\Fingerprint_Enhancement_Jupyter_Project\Fingerprint_Enhancement_Jupyter_Project\Fingerprint_Enhancement_Project\data\SOCOFing\Real\222__M_Right_ring_finger.BMP
222__M_Right_thumb_finger.BMP,222,development,0e849f8dd17d9455427c579104a1f003551b124bb5bf3acce97063e23b36af36,30,C:\Users\Acer\Documents\GitHub\ImageProcessing\Fingerprint_Enhancement_Jupyter_Project\Fingerprint_Enhancement_Jupyter_Project\Fingerprint_Enhancement_Project\data\SOCOFing\Real\222__M_Right_thumb_finger.BMP
151__M_Left_index_finger.BMP,151,development,0f92a0df9bad597771f65723057a8562dd00ae08ecaecb851eb57f90d13b8ab9,31,C:\Users\Acer\Documents\GitHub\ImageProcessing\Fingerprint_Enhancement_Jupyter_Project\Fingerprint_Enhancement_Jupyter_Project\Fingerprint_Enhancement_Project\data\SOCOFing\Real\151__M_Left_index_finger.BMP
151__M_Left_little_finger.BMP,151,development,0f92a0df9bad597771f65723057a8562dd00ae08ecaecb851eb57f90d13b8ab9,31,C:\Users\Acer\Documents\GitHub\ImageProcessing\Fingerprint_Enhancement_Jupyter_Project\Fingerprint_Enhancement_Jupyter_Project\Fingerprint_Enhancement_Project\data\SOCOFing\Real\151__M_Left_little_finger.BMP
151__M_Left_middle_finger.BMP,151,development,0f92a0df9bad597771f65723057a8562dd00ae08ecaecb851eb57f90d13b8ab9,31,C:\Users\Acer\Documents\GitHub\ImageProcessing\Fingerprint_Enhancement_Jupyter_Project\Fingerprint_Enhancement_Jupyter_Project\Fingerprint_Enhancement_Project\data\SOCOFing\Real\151__M_Left_middle_finger.BMP
151__M_Left_ring_finger.BMP,151,development,0f92a0df9bad597771f65723057a8562dd00ae08ecaecb851eb57f90d13b8ab9,31,C:\Users\Acer\Documents\GitHub\ImageProcessing\Fingerprint_Enhancement_Jupyter_Project\Fingerprint_Enhancement_Jupyter_Project\Fingerprint_Enhancement_Project\data\SOCOFing\Real\151__M_Left_ring_finger.BMP
151__M_Left_thumb_finger.BMP,151,development,0f92a0df9bad597771f65723057a8562dd00ae08ecaecb851eb57f90d13b8ab9,31,C:\Users\Acer\Documents\GitHub\ImageProcessing\Fingerprint_Enhancement_Jupyter_Project\Fingerprint_Enhancement_Jupyter_Project\Fingerprint_Enhancement_Project\data\SOCOFing\Real\151__M_Left_thumb_finger.BMP
151__M_Right_index_finger.BMP,151,development,0f92a0df9bad597771f65723057a8562dd00ae08ecaecb851eb57f90d13b8ab9,31,C:\Users\Acer\Documents\GitHub\ImageProcessing\Fingerprint_Enhancement_Jupyter_Project\Fingerprint_Enhancement_Jupyter_Project\Fingerprint_Enhancement_Project\data\SOCOFing\Real\151__M_Right_index_finger.BMP
151__M_Right_little_finger.BMP,151,development,0f92a0df9bad597771f65723057a8562dd00ae08ecaecb851eb57f90d13b8ab9,31,C:\Users\Acer\Documents\GitHub\ImageProcessing\Fingerprint_Enhancement_Jupyter_Project\Fingerprint_Enhancement_Jupyter_Project\Fingerprint_Enhancement_Project\data\SOCOFing\Real\151__M_Right_little_finger.BMP
151__M_Right_middle_finger.BMP,151,development,0f92a0df9bad597771f65723057a8562dd00ae08ecaecb851eb57f90d13b8ab9,31,C:\Users\Acer\Documents\GitHub\ImageProcessing\Fingerprint_Enhancement_Jupyter_Project\Fingerprint_Enhancement_Jupyter_Project\Fingerprint_Enhancement_Project\data\SOCOFing\Real\151__M_Right_middle_finger.BMP
151__M_Right_ring_finger.BMP,151,development,0f92a0df9bad597771f65723057a8562dd00ae08ecaecb851eb57f90d13b8ab9,31,C:\Users\Acer\Documents\GitHub\ImageProcessing\Fingerprint_Enhancement_Jupyter_Project\Fingerprint_Enhancement_Jupyter_Project\Fingerprint_Enhancement_Project\data\SOCOFing\Real\151__M_Right_ring_finger.BMP
151__M_Right_thumb_finger.BMP,151,development,0f92a0df9bad597771f65723057a8562dd00ae08ecaecb851eb57f90d13b8ab9,31,C:\Users\Acer\Documents\GitHub\ImageProcessing\Fingerprint_Enhancement_Jupyter_Project\Fingerprint_Enhancement_Jupyter_Project\Fingerprint_Enhancement_Project\data\SOCOFing\Real\151__M_Right_thumb_finger.BMP
458__M_Left_index_finger.BMP,458,development,0fcb9f6d937711102efc502babdafac0bc0342fc0d357c9f449c0ef0f324ced3,32,C:\Users\Acer\Documents\GitHub\ImageProcessing\Fingerprint_Enhancement_Jupyter_Project\Fingerprint_Enhancement_Jupyter_Project\Fingerprint_Enhancement_Project\data\SOCOFing\Real\458__M_Left_index_finger.BMP
458__M_Left_little_finger.BMP,458,development,0fcb9f6d937711102efc502babdafac0bc0342fc0d357c9f449c0ef0f324ced3,32,C:\Users\Acer\Documents\GitHub\ImageProcessing\Fingerprint_Enhancement_Jupyter_Project\Fingerprint_Enhancement_Jupyter_Project\Fingerprint_Enhancement_Project\data\SOCOFing\Real\458__M_Left_little_finger.BMP
458__M_Left_middle_finger.BMP,458,development,0fcb9f6d937711102efc502babdafac0bc0342fc0d357c9f449c0ef0f324ced3,32,C:\Users\Acer\Documents\GitHub\ImageProcessing\Fingerprint_Enhancement_Jupyter_Project\Fingerprint_Enhancement_Jupyter_Project\Fingerprint_Enhancement_Project\data\SOCOFing\Real\458__M_Left_middle_finger.BMP
458__M_Left_ring_finger.BMP,458,development,0fcb9f6d937711102efc502babdafac0bc0342fc0d357c9f449c0ef0f324ced3,32,C:\Users\Acer\Documents\GitHub\ImageProcessing\Fingerprint_Enhancement_Jupyter_Project\Fingerprint_Enhancement_Jupyter_Project\Fingerprint_Enhancement_Project\data\SOCOFing\Real\458__M_Left_ring_finger.BMP
458__M_Left_thumb_finger.BMP,458,development,0fcb9f6d937711102efc502babdafac0bc0342fc0d357c9f449c0ef0f324ced3,32,C:\Users\Acer\Documents\GitHub\ImageProcessing\Fingerprint_Enhancement_Jupyter_Project\Fingerprint_Enhancement_Jupyter_Project\Fingerprint_Enhancement_Project\data\SOCOFing\Real\458__M_Left_thumb_finger.BMP
458__M_Right_index_finger.BMP,458,development,0fcb9f6d937711102efc502babdafac0bc0342fc0d357c9f449c0ef0f324ced3,32,C:\Users\Acer\Documents\GitHub\ImageProcessing\Fingerprint_Enhancement_Jupyter_Project\Fingerprint_Enhancement_Jupyter_Project\Fingerprint_Enhancement_Project\data\SOCOFing\Real\458__M_Right_index_finger.BMP
458__M_Right_little_finger.BMP,458,development,0fcb9f6d937711102efc502babdafac0bc0342fc0d357c9f449c0ef0f324ced3,32,C:\Users\Acer\Documents\GitHub\ImageProcessing\Fingerprint_Enhancement_Jupyter_Project\Fingerprint_Enhancement_Jupyter_Project\Fingerprint_Enhancement_Project\data\SOCOFing\Real\458__M_Right_little_finger.BMP
458__M_Right_middle_finger.BMP,458,development,0fcb9f6d937711102efc502babdafac0bc0342fc0d357c9f449c0ef0f324ced3,32,C:\Users\Acer\Documents\GitHub\ImageProcessing\Fingerprint_Enhancement_Jupyter_Project\Fingerprint_Enhancement_Jupyter_Project\Fingerprint_Enhancement_Project\data\SOCOFing\Real\458__M_Right_middle_finger.BMP
458__M_Right_ring_finger.BMP,458,development,0fcb9f6d937711102efc502babdafac0bc0342fc0d357c9f449c0ef0f324ced3,32,C:\Users\Acer\Documents\GitHub\ImageProcessing\Fingerprint_Enhancement_Jupyter_Project\Fingerprint_Enhancement_Jupyter_Project\Fingerprint_Enhancement_Project\data\SOCOFing\Real\458__M_Right_ring_finger.BMP
458__M_Right_thumb_finger.BMP,458,development,0fcb9f6d937711102efc502babdafac0bc0342fc0d357c9f449c0ef0f324ced3,32,C:\Users\Acer\Documents\GitHub\ImageProcessing\Fingerprint_Enhancement_Jupyter_Project\Fingerprint_Enhancement_Jupyter_Project\Fingerprint_Enhancement_Project\data\SOCOFing\Real\458__M_Right_thumb_finger.BMP
358__M_Left_index_finger.BMP,358,development,0fdaae48d9a75ab964584339914876874be3724f9c64ca67eb2ce258ae9c09b9,33,C:\Users\Acer\Documents\GitHub\ImageProcessing\Fingerprint_Enhancement_Jupyter_Project\Fingerprint_Enhancement_Jupyter_Project\Fingerprint_Enhancement_Project\data\SOCOFing\Real\358__M_Left_index_finger.BMP
358__M_Left_little_finger.BMP,358,development,0fdaae48d9a75ab964584339914876874be3724f9c64ca67eb2ce258ae9c09b9,33,C:\Users\Acer\Documents\GitHub\ImageProcessing\Fingerprint_Enhancement_Jupyter_Project\Fingerprint_Enhancement_Jupyter_Project\Fingerprint_Enhancement_Project\data\SOCOFing\Real\358__M_Left_little_finger.BMP
358__M_Left_middle_finger.BMP,358,development,0fdaae48d9a75ab964584339914876874be3724f9c64ca67eb2ce258ae9c09b9,33,C:\Users\Acer\Documents\GitHub\ImageProcessing\Fingerprint_Enhancement_Jupyter_Project\Fingerprint_Enhancement_Jupyter_Project\Fingerprint_Enhancement_Project\data\SOCOFing\Real\358__M_Left_middle_finger.BMP
358__M_Left_ring_finger.BMP,358,development,0fdaae48d9a75ab964584339914876874be3724f9c64ca67eb2ce258ae9c09b9,33,C:\Users\Acer\Documents\GitHub\ImageProcessing\Fingerprint_Enhancement_Jupyter_Project\Fingerprint_Enhancement_Jupyter_Project\Fingerprint_Enhancement_Project\data\SOCOFing\Real\358__M_Left_ring_finger.BMP
358__M_Left_thumb_finger.BMP,358,development,0fdaae48d9a75ab964584339914876874be3724f9c64ca67eb2ce258ae9c09b9,33,C:\Users\Acer\Documents\GitHub\ImageProcessing\Fingerprint_Enhancement_Jupyter_Project\Fingerprint_Enhancement_Jupyter_Project\Fingerprint_Enhancement_Project\data\SOCOFing\Real\358__M_Left_thumb_finger.BMP
358__M_Right_index_finger.BMP,358,development,0fdaae48d9a75ab964584339914876874be3724f9c64ca67eb2ce258ae9c09b9,33,C:\Users\Acer\Documents\GitHub\ImageProcessing\Fingerprint_Enhancement_Jupyter_Project\Fingerprint_Enhancement_Jupyter_Project\Fingerprint_Enhancement_Project\data\SOCOFing\Real\358__M_Right_index_finger.BMP
358__M_Right_little_finger.BMP,358,development,0fdaae48d9a75ab964584339914876874be3724f9c64ca67eb2ce258ae9c09b9,33,C:\Users\Acer\Documents\GitHub\ImageProcessing\Fingerprint_Enhancement_Jupyter_Project\Fingerprint_Enhancement_Jupyter_Project\Fingerprint_Enhancement_Project\data\SOCOFing\Real\358__M_Right_little_finger.BMP
358__M_Right_middle_finger.BMP,358,development,0fdaae48d9a75ab964584339914876874be3724f9c64ca67eb2ce258ae9c09b9,33,C:\Users\Acer\Documents\GitHub\ImageProcessing\Fingerprint_Enhancement_Jupyter_Project\Fingerprint_Enhancement_Jupyter_Project\Fingerprint_Enhancement_Project\data\SOCOFing\Real\358__M_Right_middle_finger.BMP
358__M_Right_ring_finger.BMP,358,development,0fdaae48d9a75ab964584339914876874be3724f9c64ca67eb2ce258ae9c09b9,33,C:\Users\Acer\Documents\GitHub\ImageProcessing\Fingerprint_Enhancement_Jupyter_Project\Fingerprint_Enhancement_Jupyter_Project\Fingerprint_Enhancement_Project\data\SOCOFing\Real\358__M_Right_ring_finger.BMP
358__M_Right_thumb_finger.BMP,358,development,0fdaae48d9a75ab964584339914876874be3724f9c64ca67eb2ce258ae9c09b9,33,C:\Users\Acer\Documents\GitHub\ImageProcessing\Fingerprint_Enhancement_Jupyter_Project\Fingerprint_Enhancement_Jupyter_Project\Fingerprint_Enhancement_Project\data\SOCOFing\Real\358__M_Right_thumb_finger.BMP
584__M_Left_index_finger.BMP,584,development,101079fdba4069c497275144f1483817ba66aab1253beeab46aa4c99c39d5108,34,C:\Users\Acer\Documents\GitHub\ImageProcessing\Fingerprint_Enhancement_Jupyter_Project\Fingerprint_Enhancement_Jupyter_Project\Fingerprint_Enhancement_Project\data\SOCOFing\Real\584__M_Left_index_finger.BMP
584__M_Left_little_finger.BMP,584,development,101079fdba4069c497275144f1483817ba66aab1253beeab46aa4c99c39d5108,34,C:\Users\Acer\Documents\GitHub\ImageProcessing\Fingerprint_Enhancement_Jupyter_Project\Fingerprint_Enhancement_Jupyter_Project\Fingerprint_Enhancement_Project\data\SOCOFing\Real\584__M_Left_little_finger.BMP
584__M_Left_middle_finger.BMP,584,development,101079fdba4069c497275144f1483817ba66aab1253beeab46aa4c99c39d5108,34,C:\Users\Acer\Documents\GitHub\ImageProcessing\Fingerprint_Enhancement_Jupyter_Project\Fingerprint_Enhancement_Jupyter_Project\Fingerprint_Enhancement_Project\data\SOCOFing\Real\584__M_Left_middle_finger.BMP
584__M_Left_ring_finger.BMP,584,development,101079fdba4069c497275144f1483817ba66aab1253beeab46aa4c99c39d5108,34,C:\Users\Acer\Documents\GitHub\ImageProcessing\Fingerprint_Enhancement_Jupyter_Project\Fingerprint_Enhancement_Jupyter_Project\Fingerprint_Enhancement_Project\data\SOCOFing\Real\584__M_Left_ring_finger.BMP
584__M_Left_thumb_finger.BMP,584,development,101079fdba4069c497275144f1483817ba66aab1253beeab46aa4c99c39d5108,34,C:\Users\Acer\Documents\GitHub\ImageProcessing\Fingerprint_Enhancement_Jupyter_Project\Fingerprint_Enhancement_Jupyter_Project\Fingerprint_Enhancement_Project\data\SOCOFing\Real\584__M_Left_thumb_finger.BMP
584__M_Right_index_finger.BMP,584,development,101079fdba4069c497275144f1483817ba66aab1253beeab46aa4c99c39d5108,34,C:\Users\Acer\Documents\GitHub\ImageProcessing\Fingerprint_Enhancement_Jupyter_Project\Fingerprint_Enhancement_Jupyter_Project\Fingerprint_Enhancement_Project\data\SOCOFing\Real\584__M_Right_index_finger.BMP
584__M_Right_little_finger.BMP,584,development,101079fdba4069c497275144f1483817ba66aab1253beeab46aa4c99c39d5108,34,C:\Users\Acer\Documents\GitHub\ImageProcessing\Fingerprint_Enhancement_Jupyter_Project\Fingerprint_Enhancement_Jupyter_Project\Fingerprint_Enhancement_Project\data\SOCOFing\Real\584__M_Right_little_finger.BMP
584__M_Right_middle_finger.BMP,584,development,101079fdba4069c497275144f1483817ba66aab1253beeab46aa4c99c39d5108,34,C:\Users\Acer\Documents\GitHub\ImageProcessing\Fingerprint_Enhancement_Jupyter_Project\Fingerprint_Enhancement_Jupyter_Project\Fingerprint_Enhancement_Project\data\SOCOFing\Real\584__M_Right_middle_finger.BMP
584__M_Right_ring_finger.BMP,584,development,101079fdba4069c497275144f1483817ba66aab1253beeab46aa4c99c39d5108,34,C:\Users\Acer\Documents\GitHub\ImageProcessing\Fingerprint_Enhancement_Jupyter_Project\Fingerprint_Enhancement_Jupyter_Project\Fingerprint_Enhancement_Project\data\SOCOFing\Real\584__M_Right_ring_finger.BMP
584__M_Right_thumb_finger.BMP,584,development,101079fdba4069c497275144f1483817ba66aab1253beeab46aa4c99c39d5108,34,C:\Users\Acer\Documents\GitHub\ImageProcessing\Fingerprint_Enhancement_Jupyter_Project\Fingerprint_Enhancement_Jupyter_Project\Fingerprint_Enhancement_Project\data\SOCOFing\Real\584__M_Right_thumb_finger.BMP
277__M_Left_index_finger.BMP,277,development,1051f2f6bdc84e25121807905a57ed7be156ca4833aa3167ea51452b715c3201,35,C:\Users\Acer\Documents\GitHub\ImageProcessing\Fingerprint_Enhancement_Jupyter_Project\Fingerprint_Enhancement_Jupyter_Project\Fingerprint_Enhancement_Project\data\SOCOFing\Real\277__M_Left_index_finger.BMP
277__M_Left_little_finger.BMP,277,development,1051f2f6bdc84e25121807905a57ed7be156ca4833aa3167ea51452b715c3201,35,C:\Users\Acer\Documents\GitHub\ImageProcessing\Fingerprint_Enhancement_Jupyter_Project\Fingerprint_Enhancement_Jupyter_Project\Fingerprint_Enhancement_Project\data\SOCOFing\Real\277__M_Left_little_finger.BMP
277__M_Left_middle_finger.BMP,277,development,1051f2f6bdc84e25121807905a57ed7be156ca4833aa3167ea51452b715c3201,35,C:\Users\Acer\Documents\GitHub\ImageProcessing\Fingerprint_Enhancement_Jupyter_Project\Fingerprint_Enhancement_Jupyter_Project\Fingerprint_Enhancement_Project\data\SOCOFing\Real\277__M_Left_middle_finger.BMP
277__M_Left_ring_finger.BMP,277,development,1051f2f6bdc84e25121807905a57ed7be156ca4833aa3167ea51452b715c3201,35,C:\Users\Acer\Documents\GitHub\ImageProcessing\Fingerprint_Enhancement_Jupyter_Project\Fingerprint_Enhancement_Jupyter_Project\Fingerprint_Enhancement_Project\data\SOCOFing\Real\277__M_Left_ring_finger.BMP
277__M_Left_thumb_finger.BMP,277,development,1051f2f6bdc84e25121807905a57ed7be156ca4833aa3167ea51452b715c3201,35,C:\Users\Acer\Documents\GitHub\ImageProcessing\Fingerprint_Enhancement_Jupyter_Project\Fingerprint_Enhancement_Jupyter_Project\Fingerprint_Enhancement_Project\data\SOCOFing\Real\277__M_Left_thumb_finger.BMP
277__M_Right_index_finger.BMP,277,development,1051f2f6bdc84e25121807905a57ed7be156ca4833aa3167ea51452b715c3201,35,C:\Users\Acer\Documents\GitHub\ImageProcessing\Fingerprint_Enhancement_Jupyter_Project\Fingerprint_Enhancement_Jupyter_Project\Fingerprint_Enhancement_Project\data\SOCOFing\Real\277__M_Right_index_finger.BMP
277__M_Right_little_finger.BMP,277,development,1051f2f6bdc84e25121807905a57ed7be156ca4833aa3167ea51452b715c3201,35,C:\Users\Acer\Documents\GitHub\ImageProcessing\Fingerprint_Enhancement_Jupyter_Project\Fingerprint_Enhancement_Jupyter_Project\Fingerprint_Enhancement_Project\data\SOCOFing\Real\277__M_Right_little_finger.BMP
277__M_Right_middle_finger.BMP,277,development,1051f2f6bdc84e25121807905a57ed7be156ca4833aa3167ea51452b715c3201,35,C:\Users\Acer\Documents\GitHub\ImageProcessing\Fingerprint_Enhancement_Jupyter_Project\Fingerprint_Enhancement_Jupyter_Project\Fingerprint_Enhancement_Project\data\SOCOFing\Real\277__M_Right_middle_finger.BMP
277__M_Right_ring_finger.BMP,277,development,1051f2f6bdc84e25121807905a57ed7be156ca4833aa3167ea51452b715c3201,35,C:\Users\Acer\Documents\GitHub\ImageProcessing\Fingerprint_Enhancement_Jupyter_Project\Fingerprint_Enhancement_Jupyter_Project\Fingerprint_Enhancement_Project\data\SOCOFing\Real\277__M_Right_ring_finger.BMP
277__M_Right_thumb_finger.BMP,277,development,1051f2f6bdc84e25121807905a57ed7be156ca4833aa3167ea51452b715c3201,35,C:\Users\Acer\Documents\GitHub\ImageProcessing\Fingerprint_Enhancement_Jupyter_Project\Fingerprint_Enhancement_Jupyter_Project\Fingerprint_Enhancement_Project\data\SOCOFing\Real\277__M_Right_thumb_finger.BMP
113__M_Left_index_finger.BMP,113,development,109c8e1c096fbf1aa999af97196016ddc77468884dc2913f44147103b3474242,36,C:\Users\Acer\Documents\GitHub\ImageProcessing\Fingerprint_Enhancement_Jupyter_Project\Fingerprint_Enhancement_Jupyter_Project\Fingerprint_Enhancement_Project\data\SOCOFing\Real\113__M_Left_index_finger.BMP
113__M_Left_little_finger.BMP,113,development,109c8e1c096fbf1aa999af97196016ddc77468884dc2913f44147103b3474242,36,C:\Users\Acer\Documents\GitHub\ImageProcessing\Fingerprint_Enhancement_Jupyter_Project\Fingerprint_Enhancement_Jupyter_Project\Fingerprint_Enhancement_Project\data\SOCOFing\Real\113__M_Left_little_finger.BMP
113__M_Left_middle_finger.BMP,113,development,109c8e1c096fbf1aa999af97196016ddc77468884dc2913f44147103b3474242,36,C:\Users\Acer\Documents\GitHub\ImageProcessing\Fingerprint_Enhancement_Jupyter_Project\Fingerprint_Enhancement_Jupyter_Project\Fingerprint_Enhancement_Project\data\SOCOFing\Real\113__M_Left_middle_finger.BMP
113__M_Left_ring_finger.BMP,113,development,109c8e1c096fbf1aa999af97196016ddc77468884dc2913f44147103b3474242,36,C:\Users\Acer\Documents\GitHub\ImageProcessing\Fingerprint_Enhancement_Jupyter_Project\Fingerprint_Enhancement_Jupyter_Project\Fingerprint_Enhancement_Project\data\SOCOFing\Real\113__M_Left_ring_finger.BMP
113__M_Left_thumb_finger.BMP,113,development,109c8e1c096fbf1aa999af97196016ddc77468884dc2913f44147103b3474242,36,C:\Users\Acer\Documents\GitHub\ImageProcessing\Fingerprint_Enhancement_Jupyter_Project\Fingerprint_Enhancement_Jupyter_Project\Fingerprint_Enhancement_Project\data\SOCOFing\Real\113__M_Left_thumb_finger.BMP
113__M_Right_index_finger.BMP,113,development,109c8e1c096fbf1aa999af97196016ddc77468884dc2913f44147103b3474242,36,C:\Users\Acer\Documents\GitHub\ImageProcessing\Fingerprint_Enhancement_Jupyter_Project\Fingerprint_Enhancement_Jupyter_Project\Fingerprint_Enhancement_Project\data\SOCOFing\Real\113__M_Right_index_finger.BMP
113__M_Right_little_finger.BMP,113,development,109c8e1c096fbf1aa999af97196016ddc77468884dc2913f44147103b3474242,36,C:\Users\Acer\Documents\GitHub\ImageProcessing\Fingerprint_Enhancement_Jupyter_Project\Fingerprint_Enhancement_Jupyter_Project\Fingerprint_Enhancement_Project\data\SOCOFing\Real\113__M_Right_little_finger.BMP
113__M_Right_middle_finger.BMP,113,development,109c8e1c096fbf1aa999af97196016ddc77468884dc2913f44147103b3474242,36,C:\Users\Acer\Documents\GitHub\ImageProcessing\Fingerprint_Enhancement_Jupyter_Project\Fingerprint_Enhancement_Jupyter_Project\Fingerprint_Enhancement_Project\data\SOCOFing\Real\113__M_Right_middle_finger.BMP
113__M_Right_ring_finger.BMP,113,development,109c8e1c096fbf1aa999af97196016ddc77468884dc2913f44147103b3474242,36,C:\Users\Acer\Documents\GitHub\ImageProcessing\Fingerprint_Enhancement_Jupyter_Project\Fingerprint_Enhancement_Jupyter_Project\Fingerprint_Enhancement_Project\data\SOCOFing\Real\113__M_Right_ring_finger.BMP
113__M_Right_thumb_finger.BMP,113,development,109c8e1c096fbf1aa999af97196016ddc77468884dc2913f44147103b3474242,36,C:\Users\Acer\Documents\GitHub\ImageProcessing\Fingerprint_Enhancement_Jupyter_Project\Fingerprint_Enhancement_Jupyter_Project\Fingerprint_Enhancement_Project\data\SOCOFing\Real\113__M_Right_thumb_finger.BMP
439__M_Left_index_finger.BMP,439,development,10dffd799961a97109b54a5e865e10de170a021adade9fbafc90ae3d49dc4bd7,37,C:\Users\Acer\Documents\GitHub\ImageProcessing\Fingerprint_Enhancement_Jupyter_Project\Fingerprint_Enhancement_Jupyter_Project\Fingerprint_Enhancement_Project\data\SOCOFing\Real\439__M_Left_index_finger.BMP
439__M_Left_little_finger.BMP,439,development,10dffd799961a97109b54a5e865e10de170a021adade9fbafc90ae3d49dc4bd7,37,C:\Users\Acer\Documents\GitHub\ImageProcessing\Fingerprint_Enhancement_Jupyter_Project\Fingerprint_Enhancement_Jupyter_Project\Fingerprint_Enhancement_Project\data\SOCOFing\Real\439__M_Left_little_finger.BMP
439__M_Left_middle_finger.BMP,439,development,10dffd799961a97109b54a5e865e10de170a021adade9fbafc90ae3d49dc4bd7,37,C:\Users\Acer\Documents\GitHub\ImageProcessing\Fingerprint_Enhancement_Jupyter_Project\Fingerprint_Enhancement_Jupyter_Project\Fingerprint_Enhancement_Project\data\SOCOFing\Real\439__M_Left_middle_finger.BMP
439__M_Left_ring_finger.BMP,439,development,10dffd799961a97109b54a5e865e10de170a021adade9fbafc90ae3d49dc4bd7,37,C:\Users\Acer\Documents\GitHub\ImageProcessing\Fingerprint_Enhancement_Jupyter_Project\Fingerprint_Enhancement_Jupyter_Project\Fingerprint_Enhancement_Project\data\SOCOFing\Real\439__M_Left_ring_finger.BMP
439__M_Left_thumb_finger.BMP,439,development,10dffd799961a97109b54a5e865e10de170a021adade9fbafc90ae3d49dc4bd7,37,C:\Users\Acer\Documents\GitHub\ImageProcessing\Fingerprint_Enhancement_Jupyter_Project\Fingerprint_Enhancement_Jupyter_Project\Fingerprint_Enhancement_Project\data\SOCOFing\Real\439__M_Left_thumb_finger.BMP
439__M_Right_index_finger.BMP,439,development,10dffd799961a97109b54a5e865e10de170a021adade9fbafc90ae3d49dc4bd7,37,C:\Users\Acer\Documents\GitHub\ImageProcessing\Fingerprint_Enhancement_Jupyter_Project\Fingerprint_Enhancement_Jupyter_Project\Fingerprint_Enhancement_Project\data\SOCOFing\Real\439__M_Right_index_finger.BMP
439__M_Right_little_finger.BMP,439,development,10dffd799961a97109b54a5e865e10de170a021adade9fbafc90ae3d49dc4bd7,37,C:\Users\Acer\Documents\GitHub\ImageProcessing\Fingerprint_Enhancement_Jupyter_Project\Fingerprint_Enhancement_Jupyter_Project\Fingerprint_Enhancement_Project\data\SOCOFing\Real\439__M_Right_little_finger.BMP
439__M_Right_middle_finger.BMP,439,development,10dffd799961a97109b54a5e865e10de170a021adade9fbafc90ae3d49dc4bd7,37,C:\Users\Acer\Documents\GitHub\ImageProcessing\Fingerprint_Enhancement_Jupyter_Project\Fingerprint_Enhancement_Jupyter_Project\Fingerprint_Enhancement_Project\data\SOCOFing\Real\439__M_Right_middle_finger.BMP
439__M_Right_ring_finger.BMP,439,development,10dffd799961a97109b54a5e865e10de170a021adade9fbafc90ae3d49dc4bd7,37,C:\Users\Acer\Documents\GitHub\ImageProcessing\Fingerprint_Enhancement_Jupyter_Project\Fingerprint_Enhancement_Jupyter_Project\Fingerprint_Enhancement_Project\data\SOCOFing\Real\439__M_Right_ring_finger.BMP
439__M_Right_thumb_finger.BMP,439,development,10dffd799961a97109b54a5e865e10de170a021adade9fbafc90ae3d49dc4bd7,37,C:\Users\Acer\Documents\GitHub\ImageProcessing\Fingerprint_Enhancement_Jupyter_Project\Fingerprint_Enhancement_Jupyter_Project\Fingerprint_Enhancement_Project\data\SOCOFing\Real\439__M_Right_thumb_finger.BMP
184__M_Left_index_finger.BMP,184,development,118a2aed7587b8c56e99e858b88a224c94b8cfefd14a1b6edc210efc4fb3b09d,38,C:\Users\Acer\Documents\GitHub\ImageProcessing\Fingerprint_Enhancement_Jupyter_Project\Fingerprint_Enhancement_Jupyter_Project\Fingerprint_Enhancement_Project\data\SOCOFing\Real\184__M_Left_index_finger.BMP
184__M_Left_little_finger.BMP,184,development,118a2aed7587b8c56e99e858b88a224c94b8cfefd14a1b6edc210efc4fb3b09d,38,C:\Users\Acer\Documents\GitHub\ImageProcessing\Fingerprint_Enhancement_Jupyter_Project\Fingerprint_Enhancement_Jupyter_Project\Fingerprint_Enhancement_Project\data\SOCOFing\Real\184__M_Left_little_finger.BMP
184__M_Left_middle_finger.BMP,184,development,118a2aed7587b8c56e99e858b88a224c94b8cfefd14a1b6edc210efc4fb3b09d,38,C:\Users\Acer\Documents\GitHub\ImageProcessing\Fingerprint_Enhancement_Jupyter_Project\Fingerprint_Enhancement_Jupyter_Project\Fingerprint_Enhancement_Project\data\SOCOFing\Real\184__M_Left_middle_finger.BMP
184__M_Left_ring_finger.BMP,184,development,118a2aed7587b8c56e99e858b88a224c94b8cfefd14a1b6edc210efc4fb3b09d,38,C:\Users\Acer\Documents\GitHub\ImageProcessing\Fingerprint_Enhancement_Jupyter_Project\Fingerprint_Enhancement_Jupyter_Project\Fingerprint_Enhancement_Project\data\SOCOFing\Real\184__M_Left_ring_finger.BMP
184__M_Left_thumb_finger.BMP,184,development,118a2aed7587b8c56e99e858b88a224c94b8cfefd14a1b6edc210efc4fb3b09d,38,C:\Users\Acer\Documents\GitHub\ImageProcessing\Fingerprint_Enhancement_Jupyter_Project\Fingerprint_Enhancement_Jupyter_Project\Fingerprint_Enhancement_Project\data\SOCOFing\Real\184__M_Left_thumb_finger.BMP
184__M_Right_index_finger.BMP,184,development,118a2aed7587b8c56e99e858b88a224c94b8cfefd14a1b6edc210efc4fb3b09d,38,C:\Users\Acer\Documents\GitHub\ImageProcessing\Fingerprint_Enhancement_Jupyter_Project\Fingerprint_Enhancement_Jupyter_Project\Fingerprint_Enhancement_Project\data\SOCOFing\Real\184__M_Right_index_finger.BMP
184__M_Right_little_finger.BMP,184,development,118a2aed7587b8c56e99e858b88a224c94b8cfefd14a1b6edc210efc4fb3b09d,38,C:\Users\Acer\Documents\GitHub\ImageProcessing\Fingerprint_Enhancement_Jupyter_Project\Fingerprint_Enhancement_Jupyter_Project\Fingerprint_Enhancement_Project\data\SOCOFing\Real\184__M_Right_little_finger.BMP
184__M_Right_middle_finger.BMP,184,development,118a2aed7587b8c56e99e858b88a224c94b8cfefd14a1b6edc210efc4fb3b09d,38,C:\Users\Acer\Documents\GitHub\ImageProcessing\Fingerprint_Enhancement_Jupyter_Project\Fingerprint_Enhancement_Jupyter_Project\Fingerprint_Enhancement_Project\data\SOCOFing\Real\184__M_Right_middle_finger.BMP
184__M_Right_ring_finger.BMP,184,development,118a2aed7587b8c56e99e858b88a224c94b8cfefd14a1b6edc210efc4fb3b09d,38,C:\Users\Acer\Documents\GitHub\ImageProcessing\Fingerprint_Enhancement_Jupyter_Project\Fingerprint_Enhancement_Jupyter_Project\Fingerprint_Enhancement_Project\data\SOCOFing\Real\184__M_Right_ring_finger.BMP
184__M_Right_thumb_finger.BMP,184,development,118a2aed7587b8c56e99e858b88a224c94b8cfefd14a1b6edc210efc4fb3b09d,38,C:\Users\Acer\Documents\GitHub\ImageProcessing\Fingerprint_Enhancement_Jupyter_Project\Fingerprint_Enhancement_Jupyter_Project\Fingerprint_Enhancement_Project\data\SOCOFing\Real\184__M_Right_thumb_finger.BMP
297__M_Left_index_finger.BMP,297,development,11cf208869d1a5c25e49bab62f025e439f0e8e6ac5447e39a99cd4c4cec4fe22,39,C:\Users\Acer\Documents\GitHub\ImageProcessing\Fingerprint_Enhancement_Jupyter_Project\Fingerprint_Enhancement_Jupyter_Project\Fingerprint_Enhancement_Project\data\SOCOFing\Real\297__M_Left_index_finger.BMP
297__M_Left_little_finger.BMP,297,development,11cf208869d1a5c25e49bab62f025e439f0e8e6ac5447e39a99cd4c4cec4fe22,39,C:\Users\Acer\Documents\GitHub\ImageProcessing\Fingerprint_Enhancement_Jupyter_Project\Fingerprint_Enhancement_Jupyter_Project\Fingerprint_Enhancement_Project\data\SOCOFing\Real\297__M_Left_little_finger.BMP
297__M_Left_middle_finger.BMP,297,development,11cf208869d1a5c25e49bab62f025e439f0e8e6ac5447e39a99cd4c4cec4fe22,39,C:\Users\Acer\Documents\GitHub\ImageProcessing\Fingerprint_Enhancement_Jupyter_Project\Fingerprint_Enhancement_Jupyter_Project\Fingerprint_Enhancement_Project\data\SOCOFing\Real\297__M_Left_middle_finger.BMP
297__M_Left_ring_finger.BMP,297,development,11cf208869d1a5c25e49bab62f025e439f0e8e6ac5447e39a99cd4c4cec4fe22,39,C:\Users\Acer\Documents\GitHub\ImageProcessing\Fingerprint_Enhancement_Jupyter_Project\Fingerprint_Enhancement_Jupyter_Project\Fingerprint_Enhancement_Project\data\SOCOFing\Real\297__M_Left_ring_finger.BMP
297__M_Left_thumb_finger.BMP,297,development,11cf208869d1a5c25e49bab62f025e439f0e8e6ac5447e39a99cd4c4cec4fe22,39,C:\Users\Acer\Documents\GitHub\ImageProcessing\Fingerprint_Enhancement_Jupyter_Project\Fingerprint_Enhancement_Jupyter_Project\Fingerprint_Enhancement_Project\data\SOCOFing\Real\297__M_Left_thumb_finger.BMP
297__M_Right_index_finger.BMP,297,development,11cf208869d1a5c25e49bab62f025e439f0e8e6ac5447e39a99cd4c4cec4fe22,39,C:\Users\Acer\Documents\GitHub\ImageProcessing\Fingerprint_Enhancement_Jupyter_Project\Fingerprint_Enhancement_Jupyter_Project\Fingerprint_Enhancement_Project\data\SOCOFing\Real\297__M_Right_index_finger.BMP
297__M_Right_little_finger.BMP,297,development,11cf208869d1a5c25e49bab62f025e439f0e8e6ac5447e39a99cd4c4cec4fe22,39,C:\Users\Acer\Documents\GitHub\ImageProcessing\Fingerprint_Enhancement_Jupyter_Project\Fingerprint_Enhancement_Jupyter_Project\Fingerprint_Enhancement_Project\data\SOCOFing\Real\297__M_Right_little_finger.BMP
297__M_Right_middle_finger.BMP,297,development,11cf208869d1a5c25e49bab62f025e439f0e8e6ac5447e39a99cd4c4cec4fe22,39,C:\Users\Acer\Documents\GitHub\ImageProcessing\Fingerprint_Enhancement_Jupyter_Project\Fingerprint_Enhancement_Jupyter_Project\Fingerprint_Enhancement_Project\data\SOCOFing\Real\297__M_Right_middle_finger.BMP
297__M_Right_ring_finger.BMP,297,development,11cf208869d1a5c25e49bab62f025e439f0e8e6ac5447e39a99cd4c4cec4fe22,39,C:\Users\Acer\Documents\GitHub\ImageProcessing\Fingerprint_Enhancement_Jupyter_Project\Fingerprint_Enhancement_Jupyter_Project\Fingerprint_Enhancement_Project\data\SOCOFing\Real\297__M_Right_ring_finger.BMP
297__M_Right_thumb_finger.BMP,297,development,11cf208869d1a5c25e49bab62f025e439f0e8e6ac5447e39a99cd4c4cec4fe22,39,C:\Users\Acer\Documents\GitHub\ImageProcessing\Fingerprint_Enhancement_Jupyter_Project\Fingerprint_Enhancement_Jupyter_Project\Fingerprint_Enhancement_Project\data\SOCOFing\Real\297__M_Right_thumb_finger.BMP
510__M_Left_index_finger.BMP,510,development,12224fd1811bef9bb8ccaa87511396f50fc7687da580be3e6c39b180de288822,40,C:\Users\Acer\Documents\GitHub\ImageProcessing\Fingerprint_Enhancement_Jupyter_Project\Fingerprint_Enhancement_Jupyter_Project\Fingerprint_Enhancement_Project\data\SOCOFing\Real\510__M_Left_index_finger.BMP
510__M_Left_little_finger.BMP,510,development,12224fd1811bef9bb8ccaa87511396f50fc7687da580be3e6c39b180de288822,40,C:\Users\Acer\Documents\GitHub\ImageProcessing\Fingerprint_Enhancement_Jupyter_Project\Fingerprint_Enhancement_Jupyter_Project\Fingerprint_Enhancement_Project\data\SOCOFing\Real\510__M_Left_little_finger.BMP
510__M_Left_middle_finger.BMP,510,development,12224fd1811bef9bb8ccaa87511396f50fc7687da580be3e6c39b180de288822,40,C:\Users\Acer\Documents\GitHub\ImageProcessing\Fingerprint_Enhancement_Jupyter_Project\Fingerprint_Enhancement_Jupyter_Project\Fingerprint_Enhancement_Project\data\SOCOFing\Real\510__M_Left_middle_finger.BMP
510__M_Left_ring_finger.BMP,510,development,12224fd1811bef9bb8ccaa87511396f50fc7687da580be3e6c39b180de288822,40,C:\Users\Acer\Documents\GitHub\ImageProcessing\Fingerprint_Enhancement_Jupyter_Project\Fingerprint_Enhancement_Jupyter_Project\Fingerprint_Enhancement_Project\data\SOCOFing\Real\510__M_Left_ring_finger.BMP
510__M_Left_thumb_finger.BMP,510,development,12224fd1811bef9bb8ccaa87511396f50fc7687da580be3e6c39b180de288822,40,C:\Users\Acer\Documents\GitHub\ImageProcessing\Fingerprint_Enhancement_Jupyter_Project\Fingerprint_Enhancement_Jupyter_Project\Fingerprint_Enhancement_Project\data\SOCOFing\Real\510__M_Left_thumb_finger.BMP
510__M_Right_index_finger.BMP,510,development,12224fd1811bef9bb8ccaa87511396f50fc7687da580be3e6c39b180de288822,40,C:\Users\Acer\Documents\GitHub\ImageProcessing\Fingerprint_Enhancement_Jupyter_Project\Fingerprint_Enhancement_Jupyter_Project\Fingerprint_Enhancement_Project\data\SOCOFing\Real\510__M_Right_index_finger.BMP
510__M_Right_little_finger.BMP,510,development,12224fd1811bef9bb8ccaa87511396f50fc7687da580be3e6c39b180de288822,40,C:\Users\Acer\Documents\GitHub\ImageProcessing\Fingerprint_Enhancement_Jupyter_Project\Fingerprint_Enhancement_Jupyter_Project\Fingerprint_Enhancement_Project\data\SOCOFing\Real\510__M_Right_little_finger.BMP
510__M_Right_middle_finger.BMP,510,development,12224fd1811bef9bb8ccaa87511396f50fc7687da580be3e6c39b180de288822,40,C:\Users\Acer\Documents\GitHub\ImageProcessing\Fingerprint_Enhancement_Jupyter_Project\Fingerprint_Enhancement_Jupyter_Project\Fingerprint_Enhancement_Project\data\SOCOFing\Real\510__M_Right_middle_finger.BMP
510__M_Right_ring_finger.BMP,510,development,12224fd1811bef9bb8ccaa87511396f50fc7687da580be3e6c39b180de288822,40,C:\Users\Acer\Documents\GitHub\ImageProcessing\Fingerprint_Enhancement_Jupyter_Project\Fingerprint_Enhancement_Jupyter_Project\Fingerprint_Enhancement_Project\data\SOCOFing\Real\510__M_Right_ring_finger.BMP
510__M_Right_thumb_finger.BMP,510,development,12224fd1811bef9bb8ccaa87511396f50fc7687da580be3e6c39b180de288822,40,C:\Users\Acer\Documents\GitHub\ImageProcessing\Fingerprint_Enhancement_Jupyter_Project\Fingerprint_Enhancement_Jupyter_Project\Fingerprint_Enhancement_Project\data\SOCOFing\Real\510__M_Right_thumb_finger.BMP
329__M_Left_index_finger.BMP,329,development,129b020993402ed233561b6aac11ce98c1ba5be00f9c81288c5bdd82ba4dca17,41,C:\Users\Acer\Documents\GitHub\ImageProcessing\Fingerprint_Enhancement_Jupyter_Project\Fingerprint_Enhancement_Jupyter_Project\Fingerprint_Enhancement_Project\data\SOCOFing\Real\329__M_Left_index_finger.BMP
329__M_Left_little_finger.BMP,329,development,129b020993402ed233561b6aac11ce98c1ba5be00f9c81288c5bdd82ba4dca17,41,C:\Users\Acer\Documents\GitHub\ImageProcessing\Fingerprint_Enhancement_Jupyter_Project\Fingerprint_Enhancement_Jupyter_Project\Fingerprint_Enhancement_Project\data\SOCOFing\Real\329__M_Left_little_finger.BMP
329__M_Left_middle_finger.BMP,329,development,129b020993402ed233561b6aac11ce98c1ba5be00f9c81288c5bdd82ba4dca17,41,C:\Users\Acer\Documents\GitHub\ImageProcessing\Fingerprint_Enhancement_Jupyter_Project\Fingerprint_Enhancement_Jupyter_Project\Fingerprint_Enhancement_Project\data\SOCOFing\Real\329__M_Left_middle_finger.BMP
329__M_Left_ring_finger.BMP,329,development,129b020993402ed233561b6aac11ce98c1ba5be00f9c81288c5bdd82ba4dca17,41,C:\Users\Acer\Documents\GitHub\ImageProcessing\Fingerprint_Enhancement_Jupyter_Project\Fingerprint_Enhancement_Jupyter_Project\Fingerprint_Enhancement_Project\data\SOCOFing\Real\329__M_Left_ring_finger.BMP
329__M_Left_thumb_finger.BMP,329,development,129b020993402ed233561b6aac11ce98c1ba5be00f9c81288c5bdd82ba4dca17,41,C:\Users\Acer\Documents\GitHub\ImageProcessing\Fingerprint_Enhancement_Jupyter_Project\Fingerprint_Enhancement_Jupyter_Project\Fingerprint_Enhancement_Project\data\SOCOFing\Real\329__M_Left_thumb_finger.BMP
329__M_Right_index_finger.BMP,329,development,129b020993402ed233561b6aac11ce98c1ba5be00f9c81288c5bdd82ba4dca17,41,C:\Users\Acer\Documents\GitHub\ImageProcessing\Fingerprint_Enhancement_Jupyter_Project\Fingerprint_Enhancement_Jupyter_Project\Fingerprint_Enhancement_Project\data\SOCOFing\Real\329__M_Right_index_finger.BMP
329__M_Right_little_finger.BMP,329,development,129b020993402ed233561b6aac11ce98c1ba5be00f9c81288c5bdd82ba4dca17,41,C:\Users\Acer\Documents\GitHub\ImageProcessing\Fingerprint_Enhancement_Jupyter_Project\Fingerprint_Enhancement_Jupyter_Project\Fingerprint_Enhancement_Project\data\SOCOFing\Real\329__M_Right_little_finger.BMP
329__M_Right_middle_finger.BMP,329,development,129b020993402ed233561b6aac11ce98c1ba5be00f9c81288c5bdd82ba4dca17,41,C:\Users\Acer\Documents\GitHub\ImageProcessing\Fingerprint_Enhancement_Jupyter_Project\Fingerprint_Enhancement_Jupyter_Project\Fingerprint_Enhancement_Project\data\SOCOFing\Real\329__M_Right_middle_finger.BMP
329__M_Right_ring_finger.BMP,329,development,129b020993402ed233561b6aac11ce98c1ba5be00f9c81288c5bdd82ba4dca17,41,C:\Users\Acer\Documents\GitHub\ImageProcessing\Fingerprint_Enhancement_Jupyter_Project\Fingerprint_Enhancement_Jupyter_Project\Fingerprint_Enhancement_Project\data\SOCOFing\Real\329__M_Right_ring_finger.BMP
329__M_Right_thumb_finger.BMP,329,development,129b020993402ed233561b6aac11ce98c1ba5be00f9c81288c5bdd82ba4dca17,41,C:\Users\Acer\Documents\GitHub\ImageProcessing\Fingerprint_Enhancement_Jupyter_Project\Fingerprint_Enhancement_Jupyter_Project\Fingerprint_Enhancement_Project\data\SOCOFing\Real\329__M_Right_thumb_finger.BMP
500__M_Left_index_finger.BMP,500,development,12e34dcc3453b8cca92ceef61a912e5371b472b7194f7d49ab294a2cc9be5a60,42,C:\Users\Acer\Documents\GitHub\ImageProcessing\Fingerprint_Enhancement_Jupyter_Project\Fingerprint_Enhancement_Jupyter_Project\Fingerprint_Enhancement_Project\data\SOCOFing\Real\500__M_Left_index_finger.BMP
500__M_Left_little_finger.BMP,500,development,12e34dcc3453b8cca92ceef61a912e5371b472b7194f7d49ab294a2cc9be5a60,42,C:\Users\Acer\Documents\GitHub\ImageProcessing\Fingerprint_Enhancement_Jupyter_Project\Fingerprint_Enhancement_Jupyter_Project\Fingerprint_Enhancement_Project\data\SOCOFing\Real\500__M_Left_little_finger.BMP
500__M_Left_middle_finger.BMP,500,development,12e34dcc3453b8cca92ceef61a912e5371b472b7194f7d49ab294a2cc9be5a60,42,C:\Users\Acer\Documents\GitHub\ImageProcessing\Fingerprint_Enhancement_Jupyter_Project\Fingerprint_Enhancement_Jupyter_Project\Fingerprint_Enhancement_Project\data\SOCOFing\Real\500__M_Left_middle_finger.BMP
500__M_Left_ring_finger.BMP,500,development,12e34dcc3453b8cca92ceef61a912e5371b472b7194f7d49ab294a2cc9be5a60,42,C:\Users\Acer\Documents\GitHub\ImageProcessing\Fingerprint_Enhancement_Jupyter_Project\Fingerprint_Enhancement_Jupyter_Project\Fingerprint_Enhancement_Project\data\SOCOFing\Real\500__M_Left_ring_finger.BMP
500__M_Left_thumb_finger.BMP,500,development,12e34dcc3453b8cca92ceef61a912e5371b472b7194f7d49ab294a2cc9be5a60,42,C:\Users\Acer\Documents\GitHub\ImageProcessing\Fingerprint_Enhancement_Jupyter_Project\Fingerprint_Enhancement_Jupyter_Project\Fingerprint_Enhancement_Project\data\SOCOFing\Real\500__M_Left_thumb_finger.BMP
500__M_Right_index_finger.BMP,500,development,12e34dcc3453b8cca92ceef61a912e5371b472b7194f7d49ab294a2cc9be5a60,42,C:\Users\Acer\Documents\GitHub\ImageProcessing\Fingerprint_Enhancement_Jupyter_Project\Fingerprint_Enhancement_Jupyter_Project\Fingerprint_Enhancement_Project\data\SOCOFing\Real\500__M_Right_index_finger.BMP
500__M_Right_little_finger.BMP,500,development,12e34dcc3453b8cca92ceef61a912e5371b472b7194f7d49ab294a2cc9be5a60,42,C:\Users\Acer\Documents\GitHub\ImageProcessing\Fingerprint_Enhancement_Jupyter_Project\Fingerprint_Enhancement_Jupyter_Project\Fingerprint_Enhancement_Project\data\SOCOFing\Real\500__M_Right_little_finger.BMP
500__M_Right_middle_finger.BMP,500,development,12e34dcc3453b8cca92ceef61a912e5371b472b7194f7d49ab294a2cc9be5a60,42,C:\Users\Acer\Documents\GitHub\ImageProcessing\Fingerprint_Enhancement_Jupyter_Project\Fingerprint_Enhancement_Jupyter_Project\Fingerprint_Enhancement_Project\data\SOCOFing\Real\500__M_Right_middle_finger.BMP
500__M_Right_ring_finger.BMP,500,development,12e34dcc3453b8cca92ceef61a912e5371b472b7194f7d49ab294a2cc9be5a60,42,C:\Users\Acer\Documents\GitHub\ImageProcessing\Fingerprint_Enhancement_Jupyter_Project\Fingerprint_Enhancement_Jupyter_Project\Fingerprint_Enhancement_Project\data\SOCOFing\Real\500__M_Right_ring_finger.BMP
500__M_Right_thumb_finger.BMP,500,development,12e34dcc3453b8cca92ceef61a912e5371b472b7194f7d49ab294a2cc9be5a60,42,C:\Users\Acer\Documents\GitHub\ImageProcessing\Fingerprint_Enhancement_Jupyter_Project\Fingerprint_Enhancement_Jupyter_Project\Fingerprint_Enhancement_Project\data\SOCOFing\Real\500__M_Right_thumb_finger.BMP
546__M_Left_index_finger.BMP,546,development,12ede983f116520393f31c885426e8d4737fa8be5c9955141b962e98bd133dd6,43,C:\Users\Acer\Documents\GitHub\ImageProcessing\Fingerprint_Enhancement_Jupyter_Project\Fingerprint_Enhancement_Jupyter_Project\Fingerprint_Enhancement_Project\data\SOCOFing\Real\546__M_Left_index_finger.BMP
546__M_Left_little_finger.BMP,546,development,12ede983f116520393f31c885426e8d4737fa8be5c9955141b962e98bd133dd6,43,C:\Users\Acer\Documents\GitHub\ImageProcessing\Fingerprint_Enhancement_Jupyter_Project\Fingerprint_Enhancement_Jupyter_Project\Fingerprint_Enhancement_Project\data\SOCOFing\Real\546__M_Left_little_finger.BMP
546__M_Left_middle_finger.BMP,546,development,12ede983f116520393f31c885426e8d4737fa8be5c9955141b962e98bd133dd6,43,C:\Users\Acer\Documents\GitHub\ImageProcessing\Fingerprint_Enhancement_Jupyter_Project\Fingerprint_Enhancement_Jupyter_Project\Fingerprint_Enhancement_Project\data\SOCOFing\Real\546__M_Left_middle_finger.BMP
546__M_Left_ring_finger.BMP,546,development,12ede983f116520393f31c885426e8d4737fa8be5c9955141b962e98bd133dd6,43,C:\Users\Acer\Documents\GitHub\ImageProcessing\Fingerprint_Enhancement_Jupyter_Project\Fingerprint_Enhancement_Jupyter_Project\Fingerprint_Enhancement_Project\data\SOCOFing\Real\546__M_Left_ring_finger.BMP
546__M_Left_thumb_finger.BMP,546,development,12ede983f116520393f31c885426e8d4737fa8be5c9955141b962e98bd133dd6,43,C:\Users\Acer\Documents\GitHub\ImageProcessing\Fingerprint_Enhancement_Jupyter_Project\Fingerprint_Enhancement_Jupyter_Project\Fingerprint_Enhancement_Project\data\SOCOFing\Real\546__M_Left_thumb_finger.BMP
546__M_Right_index_finger.BMP,546,development,12ede983f116520393f31c885426e8d4737fa8be5c9955141b962e98bd133dd6,43,C:\Users\Acer\Documents\GitHub\ImageProcessing\Fingerprint_Enhancement_Jupyter_Project\Fingerprint_Enhancement_Jupyter_Project\Fingerprint_Enhancement_Project\data\SOCOFing\Real\546__M_Right_index_finger.BMP
546__M_Right_little_finger.BMP,546,development,12ede983f116520393f31c885426e8d4737fa8be5c9955141b962e98bd133dd6,43,C:\Users\Acer\Documents\GitHub\ImageProcessing\Fingerprint_Enhancement_Jupyter_Project\Fingerprint_Enhancement_Jupyter_Project\Fingerprint_Enhancement_Project\data\SOCOFing\Real\546__M_Right_little_finger.BMP
546__M_Right_middle_finger.BMP,546,development,12ede983f116520393f31c885426e8d4737fa8be5c9955141b962e98bd133dd6,43,C:\Users\Acer\Documents\GitHub\ImageProcessing\Fingerprint_Enhancement_Jupyter_Project\Fingerprint_Enhancement_Jupyter_Project\Fingerprint_Enhancement_Project\data\SOCOFing\Real\546__M_Right_middle_finger.BMP
546__M_Right_ring_finger.BMP,546,development,12ede983f116520393f31c885426e8d4737fa8be5c9955141b962e98bd133dd6,43,C:\Users\Acer\Documents\GitHub\ImageProcessing\Fingerprint_Enhancement_Jupyter_Project\Fingerprint_Enhancement_Jupyter_Project\Fingerprint_Enhancement_Project\data\SOCOFing\Real\546__M_Right_ring_finger.BMP
546__M_Right_thumb_finger.BMP,546,development,12ede983f116520393f31c885426e8d4737fa8be5c9955141b962e98bd133dd6,43,C:\Users\Acer\Documents\GitHub\ImageProcessing\Fingerprint_Enhancement_Jupyter_Project\Fingerprint_Enhancement_Jupyter_Project\Fingerprint_Enhancement_Project\data\SOCOFing\Real\546__M_Right_thumb_finger.BMP
339__M_Left_index_finger.BMP,339,development,1327f29d383fb0ca013ba87a5e8a0ecd34b52a676fdb495a94a16b0c47ee5e00,44,C:\Users\Acer\Documents\GitHub\ImageProcessing\Fingerprint_Enhancement_Jupyter_Project\Fingerprint_Enhancement_Jupyter_Project\Fingerprint_Enhancement_Project\data\SOCOFing\Real\339__M_Left_index_finger.BMP
339__M_Left_little_finger.BMP,339,development,1327f29d383fb0ca013ba87a5e8a0ecd34b52a676fdb495a94a16b0c47ee5e00,44,C:\Users\Acer\Documents\GitHub\ImageProcessing\Fingerprint_Enhancement_Jupyter_Project\Fingerprint_Enhancement_Jupyter_Project\Fingerprint_Enhancement_Project\data\SOCOFing\Real\339__M_Left_little_finger.BMP
339__M_Left_middle_finger.BMP,339,development,1327f29d383fb0ca013ba87a5e8a0ecd34b52a676fdb495a94a16b0c47ee5e00,44,C:\Users\Acer\Documents\GitHub\ImageProcessing\Fingerprint_Enhancement_Jupyter_Project\Fingerprint_Enhancement_Jupyter_Project\Fingerprint_Enhancement_Project\data\SOCOFing\Real\339__M_Left_middle_finger.BMP
339__M_Left_ring_finger.BMP,339,development,1327f29d383fb0ca013ba87a5e8a0ecd34b52a676fdb495a94a16b0c47ee5e00,44,C:\Users\Acer\Documents\GitHub\ImageProcessing\Fingerprint_Enhancement_Jupyter_Project\Fingerprint_Enhancement_Jupyter_Project\Fingerprint_Enhancement_Project\data\SOCOFing\Real\339__M_Left_ring_finger.BMP
339__M_Left_thumb_finger.BMP,339,development,1327f29d383fb0ca013ba87a5e8a0ecd34b52a676fdb495a94a16b0c47ee5e00,44,C:\Users\Acer\Documents\GitHub\ImageProcessing\Fingerprint_Enhancement_Jupyter_Project\Fingerprint_Enhancement_Jupyter_Project\Fingerprint_Enhancement_Project\data\SOCOFing\Real\339__M_Left_thumb_finger.BMP
339__M_Right_index_finger.BMP,339,development,1327f29d383fb0ca013ba87a5e8a0ecd34b52a676fdb495a94a16b0c47ee5e00,44,C:\Users\Acer\Documents\GitHub\ImageProcessing\Fingerprint_Enhancement_Jupyter_Project\Fingerprint_Enhancement_Jupyter_Project\Fingerprint_Enhancement_Project\data\SOCOFing\Real\339__M_Right_index_finger.BMP
339__M_Right_little_finger.BMP,339,development,1327f29d383fb0ca013ba87a5e8a0ecd34b52a676fdb495a94a16b0c47ee5e00,44,C:\Users\Acer\Documents\GitHub\ImageProcessing\Fingerprint_Enhancement_Jupyter_Project\Fingerprint_Enhancement_Jupyter_Project\Fingerprint_Enhancement_Project\data\SOCOFing\Real\339__M_Right_little_finger.BMP
339__M_Right_middle_finger.BMP,339,development,1327f29d383fb0ca013ba87a5e8a0ecd34b52a676fdb495a94a16b0c47ee5e00,44,C:\Users\Acer\Documents\GitHub\ImageProcessing\Fingerprint_Enhancement_Jupyter_Project\Fingerprint_Enhancement_Jupyter_Project\Fingerprint_Enhancement_Project\data\SOCOFing\Real\339__M_Right_middle_finger.BMP
339__M_Right_ring_finger.BMP,339,development,1327f29d383fb0ca013ba87a5e8a0ecd34b52a676fdb495a94a16b0c47ee5e00,44,C:\Users\Acer\Documents\GitHub\ImageProcessing\Fingerprint_Enhancement_Jupyter_Project\Fingerprint_Enhancement_Jupyter_Project\Fingerprint_Enhancement_Project\data\SOCOFing\Real\339__M_Right_ring_finger.BMP
339__M_Right_thumb_finger.BMP,339,development,1327f29d383fb0ca013ba87a5e8a0ecd34b52a676fdb495a94a16b0c47ee5e00,44,C:\Users\Acer\Documents\GitHub\ImageProcessing\Fingerprint_Enhancement_Jupyter_Project\Fingerprint_Enhancement_Jupyter_Project\Fingerprint_Enhancement_Project\data\SOCOFing\Real\339__M_Right_thumb_finger.BMP
82__M_Left_index_finger.BMP,82,development,1354b88f190443194e06940e6e364809343c9a1290f031a727fcde912895e6cd,45,C:\Users\Acer\Documents\GitHub\ImageProcessing\Fingerprint_Enhancement_Jupyter_Project\Fingerprint_Enhancement_Jupyter_Project\Fingerprint_Enhancement_Project\data\SOCOFing\Real\82__M_Left_index_finger.BMP
82__M_Left_little_finger.BMP,82,development,1354b88f190443194e06940e6e364809343c9a1290f031a727fcde912895e6cd,45,C:\Users\Acer\Documents\GitHub\ImageProcessing\Fingerprint_Enhancement_Jupyter_Project\Fingerprint_Enhancement_Jupyter_Project\Fingerprint_Enhancement_Project\data\SOCOFing\Real\82__M_Left_little_finger.BMP
82__M_Left_middle_finger.BMP,82,development,1354b88f190443194e06940e6e364809343c9a1290f031a727fcde912895e6cd,45,C:\Users\Acer\Documents\GitHub\ImageProcessing\Fingerprint_Enhancement_Jupyter_Project\Fingerprint_Enhancement_Jupyter_Project\Fingerprint_Enhancement_Project\data\SOCOFing\Real\82__M_Left_middle_finger.BMP
82__M_Left_ring_finger.BMP,82,development,1354b88f190443194e06940e6e364809343c9a1290f031a727fcde912895e6cd,45,C:\Users\Acer\Documents\GitHub\ImageProcessing\Fingerprint_Enhancement_Jupyter_Project\Fingerprint_Enhancement_Jupyter_Project\Fingerprint_Enhancement_Project\data\SOCOFing\Real\82__M_Left_ring_finger.BMP
82__M_Left_thumb_finger.BMP,82,development,1354b88f190443194e06940e6e364809343c9a1290f031a727fcde912895e6cd,45,C:\Users\Acer\Documents\GitHub\ImageProcessing\Fingerprint_Enhancement_Jupyter_Project\Fingerprint_Enhancement_Jupyter_Project\Fingerprint_Enhancement_Project\data\SOCOFing\Real\82__M_Left_thumb_finger.BMP
82__M_Right_index_finger.BMP,82,development,1354b88f190443194e06940e6e364809343c9a1290f031a727fcde912895e6cd,45,C:\Users\Acer\Documents\GitHub\ImageProcessing\Fingerprint_Enhancement_Jupyter_Project\Fingerprint_Enhancement_Jupyter_Project\Fingerprint_Enhancement_Project\data\SOCOFing\Real\82__M_Right_index_finger.BMP
82__M_Right_little_finger.BMP,82,development,1354b88f190443194e06940e6e364809343c9a1290f031a727fcde912895e6cd,45,C:\Users\Acer\Documents\GitHub\ImageProcessing\Fingerprint_Enhancement_Jupyter_Project\Fingerprint_Enhancement_Jupyter_Project\Fingerprint_Enhancement_Project\data\SOCOFing\Real\82__M_Right_little_finger.BMP
82__M_Right_middle_finger.BMP,82,development,1354b88f190443194e06940e6e364809343c9a1290f031a727fcde912895e6cd,45,C:\Users\Acer\Documents\GitHub\ImageProcessing\Fingerprint_Enhancement_Jupyter_Project\Fingerprint_Enhancement_Jupyter_Project\Fingerprint_Enhancement_Project\data\SOCOFing\Real\82__M_Right_middle_finger.BMP
82__M_Right_ring_finger.BMP,82,development,1354b88f190443194e06940e6e364809343c9a1290f031a727fcde912895e6cd,45,C:\Users\Acer\Documents\GitHub\ImageProcessing\Fingerprint_Enhancement_Jupyter_Project\Fingerprint_Enhancement_Jupyter_Project\Fingerprint_Enhancement_Project\data\SOCOFing\Real\82__M_Right_ring_finger.BMP
82__M_Right_thumb_finger.BMP,82,development,1354b88f190443194e06940e6e364809343c9a1290f031a727fcde912895e6cd,45,C:\Users\Acer\Documents\GitHub\ImageProcessing\Fingerprint_Enhancement_Jupyter_Project\Fingerprint_Enhancement_Jupyter_Project\Fingerprint_Enhancement_Project\data\SOCOFing\Real\82__M_Right_thumb_finger.BMP
233__M_Left_index_finger.BMP,233,development,13c09dceba2d46ab280c1c8ab10ee8cb20e43151a84fa66ef8d0aff593d4b731,46,C:\Users\Acer\Documents\GitHub\ImageProcessing\Fingerprint_Enhancement_Jupyter_Project\Fingerprint_Enhancement_Jupyter_Project\Fingerprint_Enhancement_Project\data\SOCOFing\Real\233__M_Left_index_finger.BMP
233__M_Left_little_finger.BMP,233,development,13c09dceba2d46ab280c1c8ab10ee8cb20e43151a84fa66ef8d0aff593d4b731,46,C:\Users\Acer\Documents\GitHub\ImageProcessing\Fingerprint_Enhancement_Jupyter_Project\Fingerprint_Enhancement_Jupyter_Project\Fingerprint_Enhancement_Project\data\SOCOFing\Real\233__M_Left_little_finger.BMP
233__M_Left_middle_finger.BMP,233,development,13c09dceba2d46ab280c1c8ab10ee8cb20e43151a84fa66ef8d0aff593d4b731,46,C:\Users\Acer\Documents\GitHub\ImageProcessing\Fingerprint_Enhancement_Jupyter_Project\Fingerprint_Enhancement_Jupyter_Project\Fingerprint_Enhancement_Project\data\SOCOFing\Real\233__M_Left_middle_finger.BMP
233__M_Left_ring_finger.BMP,233,development,13c09dceba2d46ab280c1c8ab10ee8cb20e43151a84fa66ef8d0aff593d4b731,46,C:\Users\Acer\Documents\GitHub\ImageProcessing\Fingerprint_Enhancement_Jupyter_Project\Fingerprint_Enhancement_Jupyter_Project\Fingerprint_Enhancement_Project\data\SOCOFing\Real\233__M_Left_ring_finger.BMP
233__M_Left_thumb_finger.BMP,233,development,13c09dceba2d46ab280c1c8ab10ee8cb20e43151a84fa66ef8d0aff593d4b731,46,C:\Users\Acer\Documents\GitHub\ImageProcessing\Fingerprint_Enhancement_Jupyter_Project\Fingerprint_Enhancement_Jupyter_Project\Fingerprint_Enhancement_Project\data\SOCOFing\Real\233__M_Left_thumb_finger.BMP
233__M_Right_index_finger.BMP,233,development,13c09dceba2d46ab280c1c8ab10ee8cb20e43151a84fa66ef8d0aff593d4b731,46,C:\Users\Acer\Documents\GitHub\ImageProcessing\Fingerprint_Enhancement_Jupyter_Project\Fingerprint_Enhancement_Jupyter_Project\Fingerprint_Enhancement_Project\data\SOCOFing\Real\233__M_Right_index_finger.BMP
233__M_Right_little_finger.BMP,233,development,13c09dceba2d46ab280c1c8ab10ee8cb20e43151a84fa66ef8d0aff593d4b731,46,C:\Users\Acer\Documents\GitHub\ImageProcessing\Fingerprint_Enhancement_Jupyter_Project\Fingerprint_Enhancement_Jupyter_Project\Fingerprint_Enhancement_Project\data\SOCOFing\Real\233__M_Right_little_finger.BMP
233__M_Right_middle_finger.BMP,233,development,13c09dceba2d46ab280c1c8ab10ee8cb20e43151a84fa66ef8d0aff593d4b731,46,C:\Users\Acer\Documents\GitHub\ImageProcessing\Fingerprint_Enhancement_Jupyter_Project\Fingerprint_Enhancement_Jupyter_Project\Fingerprint_Enhancement_Project\data\SOCOFing\Real\233__M_Right_middle_finger.BMP
233__M_Right_ring_finger.BMP,233,development,13c09dceba2d46ab280c1c8ab10ee8cb20e43151a84fa66ef8d0aff593d4b731,46,C:\Users\Acer\Documents\GitHub\ImageProcessing\Fingerprint_Enhancement_Jupyter_Project\Fingerprint_Enhancement_Jupyter_Project\Fingerprint_Enhancement_Project\data\SOCOFing\Real\233__M_Right_ring_finger.BMP
233__M_Right_thumb_finger.BMP,233,development,13c09dceba2d46ab280c1c8ab10ee8cb20e43151a84fa66ef8d0aff593d4b731,46,C:\Users\Acer\Documents\GitHub\ImageProcessing\Fingerprint_Enhancement_Jupyter_Project\Fingerprint_Enhancement_Jupyter_Project\Fingerprint_Enhancement_Project\data\SOCOFing\Real\233__M_Right_thumb_finger.BMP
384__F_Left_index_finger.BMP,384,development,13f38573fc2b6e2b37fb3095806919ccbd753ff67d9851e696762d4862283e82,47,C:\Users\Acer\Documents\GitHub\ImageProcessing\Fingerprint_Enhancement_Jupyter_Project\Fingerprint_Enhancement_Jupyter_Project\Fingerprint_Enhancement_Project\data\SOCOFing\Real\384__F_Left_index_finger.BMP
384__F_Left_little_finger.BMP,384,development,13f38573fc2b6e2b37fb3095806919ccbd753ff67d9851e696762d4862283e82,47,C:\Users\Acer\Documents\GitHub\ImageProcessing\Fingerprint_Enhancement_Jupyter_Project\Fingerprint_Enhancement_Jupyter_Project\Fingerprint_Enhancement_Project\data\SOCOFing\Real\384__F_Left_little_finger.BMP
384__F_Left_middle_finger.BMP,384,development,13f38573fc2b6e2b37fb3095806919ccbd753ff67d9851e696762d4862283e82,47,C:\Users\Acer\Documents\GitHub\ImageProcessing\Fingerprint_Enhancement_Jupyter_Project\Fingerprint_Enhancement_Jupyter_Project\Fingerprint_Enhancement_Project\data\SOCOFing\Real\384__F_Left_middle_finger.BMP
384__F_Left_ring_finger.BMP,384,development,13f38573fc2b6e2b37fb3095806919ccbd753ff67d9851e696762d4862283e82,47,C:\Users\Acer\Documents\GitHub\ImageProcessing\Fingerprint_Enhancement_Jupyter_Project\Fingerprint_Enhancement_Jupyter_Project\Fingerprint_Enhancement_Project\data\SOCOFing\Real\384__F_Left_ring_finger.BMP
384__F_Left_thumb_finger.BMP,384,development,13f38573fc2b6e2b37fb3095806919ccbd753ff67d9851e696762d4862283e82,47,C:\Users\Acer\Documents\GitHub\ImageProcessing\Fingerprint_Enhancement_Jupyter_Project\Fingerprint_Enhancement_Jupyter_Project\Fingerprint_Enhancement_Project\data\SOCOFing\Real\384__F_Left_thumb_finger.BMP
384__F_Right_index_finger.BMP,384,development,13f38573fc2b6e2b37fb3095806919ccbd753ff67d9851e696762d4862283e82,47,C:\Users\Acer\Documents\GitHub\ImageProcessing\Fingerprint_Enhancement_Jupyter_Project\Fingerprint_Enhancement_Jupyter_Project\Fingerprint_Enhancement_Project\data\SOCOFing\Real\384__F_Right_index_finger.BMP
384__F_Right_little_finger.BMP,384,development,13f38573fc2b6e2b37fb3095806919ccbd753ff67d9851e696762d4862283e82,47,C:\Users\Acer\Documents\GitHub\ImageProcessing\Fingerprint_Enhancement_Jupyter_Project\Fingerprint_Enhancement_Jupyter_Project\Fingerprint_Enhancement_Project\data\SOCOFing\Real\384__F_Right_little_finger.BMP
384__F_Right_middle_finger.BMP,384,development,13f38573fc2b6e2b37fb3095806919ccbd753ff67d9851e696762d4862283e82,47,C:\Users\Acer\Documents\GitHub\ImageProcessing\Fingerprint_Enhancement_Jupyter_Project\Fingerprint_Enhancement_Jupyter_Project\Fingerprint_Enhancement_Project\data\SOCOFing\Real\384__F_Right_middle_finger.BMP
384__F_Right_ring_finger.BMP,384,development,13f38573fc2b6e2b37fb3095806919ccbd753ff67d9851e696762d4862283e82,47,C:\Users\Acer\Documents\GitHub\ImageProcessing\Fingerprint_Enhancement_Jupyter_Project\Fingerprint_Enhancement_Jupyter_Project\Fingerprint_Enhancement_Project\data\SOCOFing\Real\384__F_Right_ring_finger.BMP
384__F_Right_thumb_finger.BMP,384,development,13f38573fc2b6e2b37fb3095806919ccbd753ff67d9851e696762d4862283e82,47,C:\Users\Acer\Documents\GitHub\ImageProcessing\Fingerprint_Enhancement_Jupyter_Project\Fingerprint_Enhancement_Jupyter_Project\Fingerprint_Enhancement_Project\data\SOCOFing\Real\384__F_Right_thumb_finger.BMP
218__M_Left_index_finger.BMP,218,development,1480446bdf7bd6230b0e5357a6a006d8bd4387da5a7d30f1d3ae0f3ad19e9020,48,C:\Users\Acer\Documents\GitHub\ImageProcessing\Fingerprint_Enhancement_Jupyter_Project\Fingerprint_Enhancement_Jupyter_Project\Fingerprint_Enhancement_Project\data\SOCOFing\Real\218__M_Left_index_finger.BMP
218__M_Left_little_finger.BMP,218,development,1480446bdf7bd6230b0e5357a6a006d8bd4387da5a7d30f1d3ae0f3ad19e9020,48,C:\Users\Acer\Documents\GitHub\ImageProcessing\Fingerprint_Enhancement_Jupyter_Project\Fingerprint_Enhancement_Jupyter_Project\Fingerprint_Enhancement_Project\data\SOCOFing\Real\218__M_Left_little_finger.BMP
218__M_Left_middle_finger.BMP,218,development,1480446bdf7bd6230b0e5357a6a006d8bd4387da5a7d30f1d3ae0f3ad19e9020,48,C:\Users\Acer\Documents\GitHub\ImageProcessing\Fingerprint_Enhancement_Jupyter_Project\Fingerprint_Enhancement_Jupyter_Project\Fingerprint_Enhancement_Project\data\SOCOFing\Real\218__M_Left_middle_finger.BMP
218__M_Left_ring_finger.BMP,218,development,1480446bdf7bd6230b0e5357a6a006d8bd4387da5a7d30f1d3ae0f3ad19e9020,48,C:\Users\Acer\Documents\GitHub\ImageProcessing\Fingerprint_Enhancement_Jupyter_Project\Fingerprint_Enhancement_Jupyter_Project\Fingerprint_Enhancement_Project\data\SOCOFing\Real\218__M_Left_ring_finger.BMP
218__M_Left_thumb_finger.BMP,218,development,1480446bdf7bd6230b0e5357a6a006d8bd4387da5a7d30f1d3ae0f3ad19e9020,48,C:\Users\Acer\Documents\GitHub\ImageProcessing\Fingerprint_Enhancement_Jupyter_Project\Fingerprint_Enhancement_Jupyter_Project\Fingerprint_Enhancement_Project\data\SOCOFing\Real\218__M_Left_thumb_finger.BMP
218__M_Right_index_finger.BMP,218,development,1480446bdf7bd6230b0e5357a6a006d8bd4387da5a7d30f1d3ae0f3ad19e9020,48,C:\Users\Acer\Documents\GitHub\ImageProcessing\Fingerprint_Enhancement_Jupyter_Project\Fingerprint_Enhancement_Jupyter_Project\Fingerprint_Enhancement_Project\data\SOCOFing\Real\218__M_Right_index_finger.BMP
218__M_Right_little_finger.BMP,218,development,1480446bdf7bd6230b0e5357a6a006d8bd4387da5a7d30f1d3ae0f3ad19e9020,48,C:\Users\Acer\Documents\GitHub\ImageProcessing\Fingerprint_Enhancement_Jupyter_Project\Fingerprint_Enhancement_Jupyter_Project\Fingerprint_Enhancement_Project\data\SOCOFing\Real\218__M_Right_little_finger.BMP
218__M_Right_middle_finger.BMP,218,development,1480446bdf7bd6230b0e5357a6a006d8bd4387da5a7d30f1d3ae0f3ad19e9020,48,C:\Users\Acer\Documents\GitHub\ImageProcessing\Fingerprint_Enhancement_Jupyter_Project\Fingerprint_Enhancement_Jupyter_Project\Fingerprint_Enhancement_Project\data\SOCOFing\Real\218__M_Right_middle_finger.BMP
218__M_Right_ring_finger.BMP,218,development,1480446bdf7bd6230b0e5357a6a006d8bd4387da5a7d30f1d3ae0f3ad19e9020,48,C:\Users\Acer\Documents\GitHub\ImageProcessing\Fingerprint_Enhancement_Jupyter_Project\Fingerprint_Enhancement_Jupyter_Project\Fingerprint_Enhancement_Project\data\SOCOFing\Real\218__M_Right_ring_finger.BMP
218__M_Right_thumb_finger.BMP,218,development,1480446bdf7bd6230b0e5357a6a006d8bd4387da5a7d30f1d3ae0f3ad19e9020,48,C:\Users\Acer\Documents\GitHub\ImageProcessing\Fingerprint_Enhancement_Jupyter_Project\Fingerprint_Enhancement_Jupyter_Project\Fingerprint_Enhancement_Project\data\SOCOFing\Real\218__M_Right_thumb_finger.BMP
388__F_Left_index_finger.BMP,388,development,14ae22cf722ee89086057171b24b0c09654287ffe64f37a6f88e2f1065e37c65,49,C:\Users\Acer\Documents\GitHub\ImageProcessing\Fingerprint_Enhancement_Jupyter_Project\Fingerprint_Enhancement_Jupyter_Project\Fingerprint_Enhancement_Project\data\SOCOFing\Real\388__F_Left_index_finger.BMP
388__F_Left_little_finger.BMP,388,development,14ae22cf722ee89086057171b24b0c09654287ffe64f37a6f88e2f1065e37c65,49,C:\Users\Acer\Documents\GitHub\ImageProcessing\Fingerprint_Enhancement_Jupyter_Project\Fingerprint_Enhancement_Jupyter_Project\Fingerprint_Enhancement_Project\data\SOCOFing\Real\388__F_Left_little_finger.BMP
388__F_Left_middle_finger.BMP,388,development,14ae22cf722ee89086057171b24b0c09654287ffe64f37a6f88e2f1065e37c65,49,C:\Users\Acer\Documents\GitHub\ImageProcessing\Fingerprint_Enhancement_Jupyter_Project\Fingerprint_Enhancement_Jupyter_Project\Fingerprint_Enhancement_Project\data\SOCOFing\Real\388__F_Left_middle_finger.BMP
388__F_Left_ring_finger.BMP,388,development,14ae22cf722ee89086057171b24b0c09654287ffe64f37a6f88e2f1065e37c65,49,C:\Users\Acer\Documents\GitHub\ImageProcessing\Fingerprint_Enhancement_Jupyter_Project\Fingerprint_Enhancement_Jupyter_Project\Fingerprint_Enhancement_Project\data\SOCOFing\Real\388__F_Left_ring_finger.BMP
388__F_Left_thumb_finger.BMP,388,development,14ae22cf722ee89086057171b24b0c09654287ffe64f37a6f88e2f1065e37c65,49,C:\Users\Acer\Documents\GitHub\ImageProcessing\Fingerprint_Enhancement_Jupyter_Project\Fingerprint_Enhancement_Jupyter_Project\Fingerprint_Enhancement_Project\data\SOCOFing\Real\388__F_Left_thumb_finger.BMP
388__F_Right_index_finger.BMP,388,development,14ae22cf722ee89086057171b24b0c09654287ffe64f37a6f88e2f1065e37c65,49,C:\Users\Acer\Documents\GitHub\ImageProcessing\Fingerprint_Enhancement_Jupyter_Project\Fingerprint_Enhancement_Jupyter_Project\Fingerprint_Enhancement_Project\data\SOCOFing\Real\388__F_Right_index_finger.BMP
388__F_Right_little_finger.BMP,388,development,14ae22cf722ee89086057171b24b0c09654287ffe64f37a6f88e2f1065e37c65,49,C:\Users\Acer\Documents\GitHub\ImageProcessing\Fingerprint_Enhancement_Jupyter_Project\Fingerprint_Enhancement_Jupyter_Project\Fingerprint_Enhancement_Project\data\SOCOFing\Real\388__F_Right_little_finger.BMP
388__F_Right_middle_finger.BMP,388,development,14ae22cf722ee89086057171b24b0c09654287ffe64f37a6f88e2f1065e37c65,49,C:\Users\Acer\Documents\GitHub\ImageProcessing\Fingerprint_Enhancement_Jupyter_Project\Fingerprint_Enhancement_Jupyter_Project\Fingerprint_Enhancement_Project\data\SOCOFing\Real\388__F_Right_middle_finger.BMP
388__F_Right_ring_finger.BMP,388,development,14ae22cf722ee89086057171b24b0c09654287ffe64f37a6f88e2f1065e37c65,49,C:\Users\Acer\Documents\GitHub\ImageProcessing\Fingerprint_Enhancement_Jupyter_Project\Fingerprint_Enhancement_Jupyter_Project\Fingerprint_Enhancement_Project\data\SOCOFing\Real\388__F_Right_ring_finger.BMP
388__F_Right_thumb_finger.BMP,388,development,14ae22cf722ee89086057171b24b0c09654287ffe64f37a6f88e2f1065e37c65,49,C:\Users\Acer\Documents\GitHub\ImageProcessing\Fingerprint_Enhancement_Jupyter_Project\Fingerprint_Enhancement_Jupyter_Project\Fingerprint_Enhancement_Project\data\SOCOFing\Real\388__F_Right_thumb_finger.BMP
360__M_Left_index_finger.BMP,360,development,154c5516ac0a8f19f5bd4ebe07d9de978e052b51313b5ad4adc52b5a0271956b,50,C:\Users\Acer\Documents\GitHub\ImageProcessing\Fingerprint_Enhancement_Jupyter_Project\Fingerprint_Enhancement_Jupyter_Project\Fingerprint_Enhancement_Project\data\SOCOFing\Real\360__M_Left_index_finger.BMP
360__M_Left_little_finger.BMP,360,development,154c5516ac0a8f19f5bd4ebe07d9de978e052b51313b5ad4adc52b5a0271956b,50,C:\Users\Acer\Documents\GitHub\ImageProcessing\Fingerprint_Enhancement_Jupyter_Project\Fingerprint_Enhancement_Jupyter_Project\Fingerprint_Enhancement_Project\data\SOCOFing\Real\360__M_Left_little_finger.BMP
360__M_Left_middle_finger.BMP,360,development,154c5516ac0a8f19f5bd4ebe07d9de978e052b51313b5ad4adc52b5a0271956b,50,C:\Users\Acer\Documents\GitHub\ImageProcessing\Fingerprint_Enhancement_Jupyter_Project\Fingerprint_Enhancement_Jupyter_Project\Fingerprint_Enhancement_Project\data\SOCOFing\Real\360__M_Left_middle_finger.BMP
360__M_Left_ring_finger.BMP,360,development,154c5516ac0a8f19f5bd4ebe07d9de978e052b51313b5ad4adc52b5a0271956b,50,C:\Users\Acer\Documents\GitHub\ImageProcessing\Fingerprint_Enhancement_Jupyter_Project\Fingerprint_Enhancement_Jupyter_Project\Fingerprint_Enhancement_Project\data\SOCOFing\Real\360__M_Left_ring_finger.BMP
360__M_Left_thumb_finger.BMP,360,development,154c5516ac0a8f19f5bd4ebe07d9de978e052b51313b5ad4adc52b5a0271956b,50,C:\Users\Acer\Documents\GitHub\ImageProcessing\Fingerprint_Enhancement_Jupyter_Project\Fingerprint_Enhancement_Jupyter_Project\Fingerprint_Enhancement_Project\data\SOCOFing\Real\360__M_Left_thumb_finger.BMP
360__M_Right_index_finger.BMP,360,development,154c5516ac0a8f19f5bd4ebe07d9de978e052b51313b5ad4adc52b5a0271956b,50,C:\Users\Acer\Documents\GitHub\ImageProcessing\Fingerprint_Enhancement_Jupyter_Project\Fingerprint_Enhancement_Jupyter_Project\Fingerprint_Enhancement_Project\data\SOCOFing\Real\360__M_Right_index_finger.BMP
360__M_Right_little_finger.BMP,360,development,154c5516ac0a8f19f5bd4ebe07d9de978e052b51313b5ad4adc52b5a0271956b,50,C:\Users\Acer\Documents\GitHub\ImageProcessing\Fingerprint_Enhancement_Jupyter_Project\Fingerprint_Enhancement_Jupyter_Project\Fingerprint_Enhancement_Project\data\SOCOFing\Real\360__M_Right_little_finger.BMP
360__M_Right_middle_finger.BMP,360,development,154c5516ac0a8f19f5bd4ebe07d9de978e052b51313b5ad4adc52b5a0271956b,50,C:\Users\Acer\Documents\GitHub\ImageProcessing\Fingerprint_Enhancement_Jupyter_Project\Fingerprint_Enhancement_Jupyter_Project\Fingerprint_Enhancement_Project\data\SOCOFing\Real\360__M_Right_middle_finger.BMP
360__M_Right_ring_finger.BMP,360,development,154c5516ac0a8f19f5bd4ebe07d9de978e052b51313b5ad4adc52b5a0271956b,50,C:\Users\Acer\Documents\GitHub\ImageProcessing\Fingerprint_Enhancement_Jupyter_Project\Fingerprint_Enhancement_Jupyter_Project\Fingerprint_Enhancement_Project\data\SOCOFing\Real\360__M_Right_ring_finger.BMP
360__M_Right_thumb_finger.BMP,360,development,154c5516ac0a8f19f5bd4ebe07d9de978e052b51313b5ad4adc52b5a0271956b,50,C:\Users\Acer\Documents\GitHub\ImageProcessing\Fingerprint_Enhancement_Jupyter_Project\Fingerprint_Enhancement_Jupyter_Project\Fingerprint_Enhancement_Project\data\SOCOFing\Real\360__M_Right_thumb_finger.BMP
461__F_Left_index_finger.BMP,461,validation,15948861aa85c59f7b7e198b865254885526e2ecdb867ab589aec2e30ad4dc61,51,C:\Users\Acer\Documents\GitHub\ImageProcessing\Fingerprint_Enhancement_Jupyter_Project\Fingerprint_Enhancement_Jupyter_Project\Fingerprint_Enhancement_Project\data\SOCOFing\Real\461__F_Left_index_finger.BMP
461__F_Left_little_finger.BMP,461,validation,15948861aa85c59f7b7e198b865254885526e2ecdb867ab589aec2e30ad4dc61,51,C:\Users\Acer\Documents\GitHub\ImageProcessing\Fingerprint_Enhancement_Jupyter_Project\Fingerprint_Enhancement_Jupyter_Project\Fingerprint_Enhancement_Project\data\SOCOFing\Real\461__F_Left_little_finger.BMP
461__F_Left_middle_finger.BMP,461,validation,15948861aa85c59f7b7e198b865254885526e2ecdb867ab589aec2e30ad4dc61,51,C:\Users\Acer\Documents\GitHub\ImageProcessing\Fingerprint_Enhancement_Jupyter_Project\Fingerprint_Enhancement_Jupyter_Project\Fingerprint_Enhancement_Project\data\SOCOFing\Real\461__F_Left_middle_finger.BMP
461__F_Left_ring_finger.BMP,461,validation,15948861aa85c59f7b7e198b865254885526e2ecdb867ab589aec2e30ad4dc61,51,C:\Users\Acer\Documents\GitHub\ImageProcessing\Fingerprint_Enhancement_Jupyter_Project\Fingerprint_Enhancement_Jupyter_Project\Fingerprint_Enhancement_Project\data\SOCOFing\Real\461__F_Left_ring_finger.BMP
461__F_Left_thumb_finger.BMP,461,validation,15948861aa85c59f7b7e198b865254885526e2ecdb867ab589aec2e30ad4dc61,51,C:\Users\Acer\Documents\GitHub\ImageProcessing\Fingerprint_Enhancement_Jupyter_Project\Fingerprint_Enhancement_Jupyter_Project\Fingerprint_Enhancement_Project\data\SOCOFing\Real\461__F_Left_thumb_finger.BMP
461__F_Right_index_finger.BMP,461,validation,15948861aa85c59f7b7e198b865254885526e2ecdb867ab589aec2e30ad4dc61,51,C:\Users\Acer\Documents\GitHub\ImageProcessing\Fingerprint_Enhancement_Jupyter_Project\Fingerprint_Enhancement_Jupyter_Project\Fingerprint_Enhancement_Project\data\SOCOFing\Real\461__F_Right_index_finger.BMP
461__F_Right_little_finger.BMP,461,validation,15948861aa85c59f7b7e198b865254885526e2ecdb867ab589aec2e30ad4dc61,51,C:\Users\Acer\Documents\GitHub\ImageProcessing\Fingerprint_Enhancement_Jupyter_Project\Fingerprint_Enhancement_Jupyter_Project\Fingerprint_Enhancement_Project\data\SOCOFing\Real\461__F_Right_little_finger.BMP
461__F_Right_middle_finger.BMP,461,validation,15948861aa85c59f7b7e198b865254885526e2ecdb867ab589aec2e30ad4dc61,51,C:\Users\Acer\Documents\GitHub\ImageProcessing\Fingerprint_Enhancement_Jupyter_Project\Fingerprint_Enhancement_Jupyter_Project\Fingerprint_Enhancement_Project\data\SOCOFing\Real\461__F_Right_middle_finger.BMP
461__F_Right_ring_finger.BMP,461,validation,15948861aa85c59f7b7e198b865254885526e2ecdb867ab589aec2e30ad4dc61,51,C:\Users\Acer\Documents\GitHub\ImageProcessing\Fingerprint_Enhancement_Jupyter_Project\Fingerprint_Enhancement_Jupyter_Project\Fingerprint_Enhancement_Project\data\SOCOFing\Real\461__F_Right_ring_finger.BMP
461__F_Right_thumb_finger.BMP,461,validation,15948861aa85c59f7b7e198b865254885526e2ecdb867ab589aec2e30ad4dc61,51,C:\Users\Acer\Documents\GitHub\ImageProcessing\Fingerprint_Enhancement_Jupyter_Project\Fingerprint_Enhancement_Jupyter_Project\Fingerprint_Enhancement_Project\data\SOCOFing\Real\461__F_Right_thumb_finger.BMP
115__F_Left_index_finger.BMP,115,validation,16938db7daca9f83f1dcd54ba01ac1ac22ee22cc40a0566ecefee1613b20bec9,52,C:\Users\Acer\Documents\GitHub\ImageProcessing\Fingerprint_Enhancement_Jupyter_Project\Fingerprint_Enhancement_Jupyter_Project\Fingerprint_Enhancement_Project\data\SOCOFing\Real\115__F_Left_index_finger.BMP
115__F_Left_little_finger.BMP,115,validation,16938db7daca9f83f1dcd54ba01ac1ac22ee22cc40a0566ecefee1613b20bec9,52,C:\Users\Acer\Documents\GitHub\ImageProcessing\Fingerprint_Enhancement_Jupyter_Project\Fingerprint_Enhancement_Jupyter_Project\Fingerprint_Enhancement_Project\data\SOCOFing\Real\115__F_Left_little_finger.BMP
115__F_Left_middle_finger.BMP,115,validation,16938db7daca9f83f1dcd54ba01ac1ac22ee22cc40a0566ecefee1613b20bec9,52,C:\Users\Acer\Documents\GitHub\ImageProcessing\Fingerprint_Enhancement_Jupyter_Project\Fingerprint_Enhancement_Jupyter_Project\Fingerprint_Enhancement_Project\data\SOCOFing\Real\115__F_Left_middle_finger.BMP
115__F_Left_ring_finger.BMP,115,validation,16938db7daca9f83f1dcd54ba01ac1ac22ee22cc40a0566ecefee1613b20bec9,52,C:\Users\Acer\Documents\GitHub\ImageProcessing\Fingerprint_Enhancement_Jupyter_Project\Fingerprint_Enhancement_Jupyter_Project\Fingerprint_Enhancement_Project\data\SOCOFing\Real\115__F_Left_ring_finger.BMP
115__F_Left_thumb_finger.BMP,115,validation,16938db7daca9f83f1dcd54ba01ac1ac22ee22cc40a0566ecefee1613b20bec9,52,C:\Users\Acer\Documents\GitHub\ImageProcessing\Fingerprint_Enhancement_Jupyter_Project\Fingerprint_Enhancement_Jupyter_Project\Fingerprint_Enhancement_Project\data\SOCOFing\Real\115__F_Left_thumb_finger.BMP
115__F_Right_index_finger.BMP,115,validation,16938db7daca9f83f1dcd54ba01ac1ac22ee22cc40a0566ecefee1613b20bec9,52,C:\Users\Acer\Documents\GitHub\ImageProcessing\Fingerprint_Enhancement_Jupyter_Project\Fingerprint_Enhancement_Jupyter_Project\Fingerprint_Enhancement_Project\data\SOCOFing\Real\115__F_Right_index_finger.BMP
115__F_Right_little_finger.BMP,115,validation,16938db7daca9f83f1dcd54ba01ac1ac22ee22cc40a0566ecefee1613b20bec9,52,C:\Users\Acer\Documents\GitHub\ImageProcessing\Fingerprint_Enhancement_Jupyter_Project\Fingerprint_Enhancement_Jupyter_Project\Fingerprint_Enhancement_Project\data\SOCOFing\Real\115__F_Right_little_finger.BMP
115__F_Right_middle_finger.BMP,115,validation,16938db7daca9f83f1dcd54ba01ac1ac22ee22cc40a0566ecefee1613b20bec9,52,C:\Users\Acer\Documents\GitHub\ImageProcessing\Fingerprint_Enhancement_Jupyter_Project\Fingerprint_Enhancement_Jupyter_Project\Fingerprint_Enhancement_Project\data\SOCOFing\Real\115__F_Right_middle_finger.BMP
115__F_Right_ring_finger.BMP,115,validation,16938db7daca9f83f1dcd54ba01ac1ac22ee22cc40a0566ecefee1613b20bec9,52,C:\Users\Acer\Documents\GitHub\ImageProcessing\Fingerprint_Enhancement_Jupyter_Project\Fingerprint_Enhancement_Jupyter_Project\Fingerprint_Enhancement_Project\data\SOCOFing\Real\115__F_Right_ring_finger.BMP
115__F_Right_thumb_finger.BMP,115,validation,16938db7daca9f83f1dcd54ba01ac1ac22ee22cc40a0566ecefee1613b20bec9,52,C:\Users\Acer\Documents\GitHub\ImageProcessing\Fingerprint_Enhancement_Jupyter_Project\Fingerprint_Enhancement_Jupyter_Project\Fingerprint_Enhancement_Project\data\SOCOFing\Real\115__F_Right_thumb_finger.BMP
464__M_Left_index_finger.BMP,464,validation,1719055f52042012364d9086e12a59ed1cfd138bf6378789e7d6c7f28b0e1ea4,53,C:\Users\Acer\Documents\GitHub\ImageProcessing\Fingerprint_Enhancement_Jupyter_Project\Fingerprint_Enhancement_Jupyter_Project\Fingerprint_Enhancement_Project\data\SOCOFing\Real\464__M_Left_index_finger.BMP
464__M_Left_little_finger.BMP,464,validation,1719055f52042012364d9086e12a59ed1cfd138bf6378789e7d6c7f28b0e1ea4,53,C:\Users\Acer\Documents\GitHub\ImageProcessing\Fingerprint_Enhancement_Jupyter_Project\Fingerprint_Enhancement_Jupyter_Project\Fingerprint_Enhancement_Project\data\SOCOFing\Real\464__M_Left_little_finger.BMP
464__M_Left_middle_finger.BMP,464,validation,1719055f52042012364d9086e12a59ed1cfd138bf6378789e7d6c7f28b0e1ea4,53,C:\Users\Acer\Documents\GitHub\ImageProcessing\Fingerprint_Enhancement_Jupyter_Project\Fingerprint_Enhancement_Jupyter_Project\Fingerprint_Enhancement_Project\data\SOCOFing\Real\464__M_Left_middle_finger.BMP
464__M_Left_ring_finger.BMP,464,validation,1719055f52042012364d9086e12a59ed1cfd138bf6378789e7d6c7f28b0e1ea4,53,C:\Users\Acer\Documents\GitHub\ImageProcessing\Fingerprint_Enhancement_Jupyter_Project\Fingerprint_Enhancement_Jupyter_Project\Fingerprint_Enhancement_Project\data\SOCOFing\Real\464__M_Left_ring_finger.BMP
464__M_Left_thumb_finger.BMP,464,validation,1719055f52042012364d9086e12a59ed1cfd138bf6378789e7d6c7f28b0e1ea4,53,C:\Users\Acer\Documents\GitHub\ImageProcessing\Fingerprint_Enhancement_Jupyter_Project\Fingerprint_Enhancement_Jupyter_Project\Fingerprint_Enhancement_Project\data\SOCOFing\Real\464__M_Left_thumb_finger.BMP
464__M_Right_index_finger.BMP,464,validation,1719055f52042012364d9086e12a59ed1cfd138bf6378789e7d6c7f28b0e1ea4,53,C:\Users\Acer\Documents\GitHub\ImageProcessing\Fingerprint_Enhancement_Jupyter_Project\Fingerprint_Enhancement_Jupyter_Project\Fingerprint_Enhancement_Project\data\SOCOFing\Real\464__M_Right_index_finger.BMP
464__M_Right_little_finger.BMP,464,validation,1719055f52042012364d9086e12a59ed1cfd138bf6378789e7d6c7f28b0e1ea4,53,C:\Users\Acer\Documents\GitHub\ImageProcessing\Fingerprint_Enhancement_Jupyter_Project\Fingerprint_Enhancement_Jupyter_Project\Fingerprint_Enhancement_Project\data\SOCOFing\Real\464__M_Right_little_finger.BMP
464__M_Right_middle_finger.BMP,464,validation,1719055f52042012364d9086e12a59ed1cfd138bf6378789e7d6c7f28b0e1ea4,53,C:\Users\Acer\Documents\GitHub\ImageProcessing\Fingerprint_Enhancement_Jupyter_Project\Fingerprint_Enhancement_Jupyter_Project\Fingerprint_Enhancement_Project\data\SOCOFing\Real\464__M_Right_middle_finger.BMP
464__M_Right_ring_finger.BMP,464,validation,1719055f52042012364d9086e12a59ed1cfd138bf6378789e7d6c7f28b0e1ea4,53,C:\Users\Acer\Documents\GitHub\ImageProcessing\Fingerprint_Enhancement_Jupyter_Project\Fingerprint_Enhancement_Jupyter_Project\Fingerprint_Enhancement_Project\data\SOCOFing\Real\464__M_Right_ring_finger.BMP
464__M_Right_thumb_finger.BMP,464,validation,1719055f52042012364d9086e12a59ed1cfd138bf6378789e7d6c7f28b0e1ea4,53,C:\Users\Acer\Documents\GitHub\ImageProcessing\Fingerprint_Enhancement_Jupyter_Project\Fingerprint_Enhancement_Jupyter_Project\Fingerprint_Enhancement_Project\data\SOCOFing\Real\464__M_Right_thumb_finger.BMP
527__M_Left_index_finger.BMP,527,validation,1817195b4841f3f72d7b73c3ec398e1cda359e7c729ca39a2e33ac2e73d880b6,54,C:\Users\Acer\Documents\GitHub\ImageProcessing\Fingerprint_Enhancement_Jupyter_Project\Fingerprint_Enhancement_Jupyter_Project\Fingerprint_Enhancement_Project\data\SOCOFing\Real\527__M_Left_index_finger.BMP
527__M_Left_little_finger.BMP,527,validation,1817195b4841f3f72d7b73c3ec398e1cda359e7c729ca39a2e33ac2e73d880b6,54,C:\Users\Acer\Documents\GitHub\ImageProcessing\Fingerprint_Enhancement_Jupyter_Project\Fingerprint_Enhancement_Jupyter_Project\Fingerprint_Enhancement_Project\data\SOCOFing\Real\527__M_Left_little_finger.BMP
527__M_Left_middle_finger.BMP,527,validation,1817195b4841f3f72d7b73c3ec398e1cda359e7c729ca39a2e33ac2e73d880b6,54,C:\Users\Acer\Documents\GitHub\ImageProcessing\Fingerprint_Enhancement_Jupyter_Project\Fingerprint_Enhancement_Jupyter_Project\Fingerprint_Enhancement_Project\data\SOCOFing\Real\527__M_Left_middle_finger.BMP
527__M_Left_ring_finger.BMP,527,validation,1817195b4841f3f72d7b73c3ec398e1cda359e7c729ca39a2e33ac2e73d880b6,54,C:\Users\Acer\Documents\GitHub\ImageProcessing\Fingerprint_Enhancement_Jupyter_Project\Fingerprint_Enhancement_Jupyter_Project\Fingerprint_Enhancement_Project\data\SOCOFing\Real\527__M_Left_ring_finger.BMP
527__M_Left_thumb_finger.BMP,527,validation,1817195b4841f3f72d7b73c3ec398e1cda359e7c729ca39a2e33ac2e73d880b6,54,C:\Users\Acer\Documents\GitHub\ImageProcessing\Fingerprint_Enhancement_Jupyter_Project\Fingerprint_Enhancement_Jupyter_Project\Fingerprint_Enhancement_Project\data\SOCOFing\Real\527__M_Left_thumb_finger.BMP
527__M_Right_index_finger.BMP,527,validation,1817195b4841f3f72d7b73c3ec398e1cda359e7c729ca39a2e33ac2e73d880b6,54,C:\Users\Acer\Documents\GitHub\ImageProcessing\Fingerprint_Enhancement_Jupyter_Project\Fingerprint_Enhancement_Jupyter_Project\Fingerprint_Enhancement_Project\data\SOCOFing\Real\527__M_Right_index_finger.BMP
527__M_Right_little_finger.BMP,527,validation,1817195b4841f3f72d7b73c3ec398e1cda359e7c729ca39a2e33ac2e73d880b6,54,C:\Users\Acer\Documents\GitHub\ImageProcessing\Fingerprint_Enhancement_Jupyter_Project\Fingerprint_Enhancement_Jupyter_Project\Fingerprint_Enhancement_Project\data\SOCOFing\Real\527__M_Right_little_finger.BMP
527__M_Right_middle_finger.BMP,527,validation,1817195b4841f3f72d7b73c3ec398e1cda359e7c729ca39a2e33ac2e73d880b6,54,C:\Users\Acer\Documents\GitHub\ImageProcessing\Fingerprint_Enhancement_Jupyter_Project\Fingerprint_Enhancement_Jupyter_Project\Fingerprint_Enhancement_Project\data\SOCOFing\Real\527__M_Right_middle_finger.BMP
527__M_Right_ring_finger.BMP,527,validation,1817195b4841f3f72d7b73c3ec398e1cda359e7c729ca39a2e33ac2e73d880b6,54,C:\Users\Acer\Documents\GitHub\ImageProcessing\Fingerprint_Enhancement_Jupyter_Project\Fingerprint_Enhancement_Jupyter_Project\Fingerprint_Enhancement_Project\data\SOCOFing\Real\527__M_Right_ring_finger.BMP
527__M_Right_thumb_finger.BMP,527,validation,1817195b4841f3f72d7b73c3ec398e1cda359e7c729ca39a2e33ac2e73d880b6,54,C:\Users\Acer\Documents\GitHub\ImageProcessing\Fingerprint_Enhancement_Jupyter_Project\Fingerprint_Enhancement_Jupyter_Project\Fingerprint_Enhancement_Project\data\SOCOFing\Real\527__M_Right_thumb_finger.BMP
425__M_Left_index_finger.BMP,425,validation,182a213eab930c80f5967baa0ce032a68dae418f9d2d35056ffec6102ee919d4,55,C:\Users\Acer\Documents\GitHub\ImageProcessing\Fingerprint_Enhancement_Jupyter_Project\Fingerprint_Enhancement_Jupyter_Project\Fingerprint_Enhancement_Project\data\SOCOFing\Real\425__M_Left_index_finger.BMP
425__M_Left_little_finger.BMP,425,validation,182a213eab930c80f5967baa0ce032a68dae418f9d2d35056ffec6102ee919d4,55,C:\Users\Acer\Documents\GitHub\ImageProcessing\Fingerprint_Enhancement_Jupyter_Project\Fingerprint_Enhancement_Jupyter_Project\Fingerprint_Enhancement_Project\data\SOCOFing\Real\425__M_Left_little_finger.BMP
425__M_Left_middle_finger.BMP,425,validation,182a213eab930c80f5967baa0ce032a68dae418f9d2d35056ffec6102ee919d4,55,C:\Users\Acer\Documents\GitHub\ImageProcessing\Fingerprint_Enhancement_Jupyter_Project\Fingerprint_Enhancement_Jupyter_Project\Fingerprint_Enhancement_Project\data\SOCOFing\Real\425__M_Left_middle_finger.BMP
425__M_Left_ring_finger.BMP,425,validation,182a213eab930c80f5967baa0ce032a68dae418f9d2d35056ffec6102ee919d4,55,C:\Users\Acer\Documents\GitHub\ImageProcessing\Fingerprint_Enhancement_Jupyter_Project\Fingerprint_Enhancement_Jupyter_Project\Fingerprint_Enhancement_Project\data\SOCOFing\Real\425__M_Left_ring_finger.BMP
425__M_Left_thumb_finger.BMP,425,validation,182a213eab930c80f5967baa0ce032a68dae418f9d2d35056ffec6102ee919d4,55,C:\Users\Acer\Documents\GitHub\ImageProcessing\Fingerprint_Enhancement_Jupyter_Project\Fingerprint_Enhancement_Jupyter_Project\Fingerprint_Enhancement_Project\data\SOCOFing\Real\425__M_Left_thumb_finger.BMP
425__M_Right_index_finger.BMP,425,validation,182a213eab930c80f5967baa0ce032a68dae418f9d2d35056ffec6102ee919d4,55,C:\Users\Acer\Documents\GitHub\ImageProcessing\Fingerprint_Enhancement_Jupyter_Project\Fingerprint_Enhancement_Jupyter_Project\Fingerprint_Enhancement_Project\data\SOCOFing\Real\425__M_Right_index_finger.BMP
425__M_Right_little_finger.BMP,425,validation,182a213eab930c80f5967baa0ce032a68dae418f9d2d35056ffec6102ee919d4,55,C:\Users\Acer\Documents\GitHub\ImageProcessing\Fingerprint_Enhancement_Jupyter_Project\Fingerprint_Enhancement_Jupyter_Project\Fingerprint_Enhancement_Project\data\SOCOFing\Real\425__M_Right_little_finger.BMP
425__M_Right_middle_finger.BMP,425,validation,182a213eab930c80f5967baa0ce032a68dae418f9d2d35056ffec6102ee919d4,55,C:\Users\Acer\Documents\GitHub\ImageProcessing\Fingerprint_Enhancement_Jupyter_Project\Fingerprint_Enhancement_Jupyter_Project\Fingerprint_Enhancement_Project\data\SOCOFing\Real\425__M_Right_middle_finger.BMP
425__M_Right_ring_finger.BMP,425,validation,182a213eab930c80f5967baa0ce032a68dae418f9d2d35056ffec6102ee919d4,55,C:\Users\Acer\Documents\GitHub\ImageProcessing\Fingerprint_Enhancement_Jupyter_Project\Fingerprint_Enhancement_Jupyter_Project\Fingerprint_Enhancement_Project\data\SOCOFing\Real\425__M_Right_ring_finger.BMP
425__M_Right_thumb_finger.BMP,425,validation,182a213eab930c80f5967baa0ce032a68dae418f9d2d35056ffec6102ee919d4,55,C:\Users\Acer\Documents\GitHub\ImageProcessing\Fingerprint_Enhancement_Jupyter_Project\Fingerprint_Enhancement_Jupyter_Project\Fingerprint_Enhancement_Project\data\SOCOFing\Real\425__M_Right_thumb_finger.BMP
185__M_Left_index_finger.BMP,185,validation,18dd9a5375cd8a07151b9fa18460012c5b2120c09f0d72e65f87360d3b50be9b,56,C:\Users\Acer\Documents\GitHub\ImageProcessing\Fingerprint_Enhancement_Jupyter_Project\Fingerprint_Enhancement_Jupyter_Project\Fingerprint_Enhancement_Project\data\SOCOFing\Real\185__M_Left_index_finger.BMP
185__M_Left_little_finger.BMP,185,validation,18dd9a5375cd8a07151b9fa18460012c5b2120c09f0d72e65f87360d3b50be9b,56,C:\Users\Acer\Documents\GitHub\ImageProcessing\Fingerprint_Enhancement_Jupyter_Project\Fingerprint_Enhancement_Jupyter_Project\Fingerprint_Enhancement_Project\data\SOCOFing\Real\185__M_Left_little_finger.BMP
185__M_Left_middle_finger.BMP,185,validation,18dd9a5375cd8a07151b9fa18460012c5b2120c09f0d72e65f87360d3b50be9b,56,C:\Users\Acer\Documents\GitHub\ImageProcessing\Fingerprint_Enhancement_Jupyter_Project\Fingerprint_Enhancement_Jupyter_Project\Fingerprint_Enhancement_Project\data\SOCOFing\Real\185__M_Left_middle_finger.BMP
185__M_Left_ring_finger.BMP,185,validation,18dd9a5375cd8a07151b9fa18460012c5b2120c09f0d72e65f87360d3b50be9b,56,C:\Users\Acer\Documents\GitHub\ImageProcessing\Fingerprint_Enhancement_Jupyter_Project\Fingerprint_Enhancement_Jupyter_Project\Fingerprint_Enhancement_Project\data\SOCOFing\Real\185__M_Left_ring_finger.BMP
185__M_Left_thumb_finger.BMP,185,validation,18dd9a5375cd8a07151b9fa18460012c5b2120c09f0d72e65f87360d3b50be9b,56,C:\Users\Acer\Documents\GitHub\ImageProcessing\Fingerprint_Enhancement_Jupyter_Project\Fingerprint_Enhancement_Jupyter_Project\Fingerprint_Enhancement_Project\data\SOCOFing\Real\185__M_Left_thumb_finger.BMP
185__M_Right_index_finger.BMP,185,validation,18dd9a5375cd8a07151b9fa18460012c5b2120c09f0d72e65f87360d3b50be9b,56,C:\Users\Acer\Documents\GitHub\ImageProcessing\Fingerprint_Enhancement_Jupyter_Project\Fingerprint_Enhancement_Jupyter_Project\Fingerprint_Enhancement_Project\data\SOCOFing\Real\185__M_Right_index_finger.BMP
185__M_Right_little_finger.BMP,185,validation,18dd9a5375cd8a07151b9fa18460012c5b2120c09f0d72e65f87360d3b50be9b,56,C:\Users\Acer\Documents\GitHub\ImageProcessing\Fingerprint_Enhancement_Jupyter_Project\Fingerprint_Enhancement_Jupyter_Project\Fingerprint_Enhancement_Project\data\SOCOFing\Real\185__M_Right_little_finger.BMP
185__M_Right_middle_finger.BMP,185,validation,18dd9a5375cd8a07151b9fa18460012c5b2120c09f0d72e65f87360d3b50be9b,56,C:\Users\Acer\Documents\GitHub\ImageProcessing\Fingerprint_Enhancement_Jupyter_Project\Fingerprint_Enhancement_Jupyter_Project\Fingerprint_Enhancement_Project\data\SOCOFing\Real\185__M_Right_middle_finger.BMP
185__M_Right_ring_finger.BMP,185,validation,18dd9a5375cd8a07151b9fa18460012c5b2120c09f0d72e65f87360d3b50be9b,56,C:\Users\Acer\Documents\GitHub\ImageProcessing\Fingerprint_Enhancement_Jupyter_Project\Fingerprint_Enhancement_Jupyter_Project\Fingerprint_Enhancement_Project\data\SOCOFing\Real\185__M_Right_ring_finger.BMP
185__M_Right_thumb_finger.BMP,185,validation,18dd9a5375cd8a07151b9fa18460012c5b2120c09f0d72e65f87360d3b50be9b,56,C:\Users\Acer\Documents\GitHub\ImageProcessing\Fingerprint_Enhancement_Jupyter_Project\Fingerprint_Enhancement_Jupyter_Project\Fingerprint_Enhancement_Project\data\SOCOFing\Real\185__M_Right_thumb_finger.BMP
413__M_Left_index_finger.BMP,413,validation,1999aed68e2fde86574531b13df8d9bbe2e69aa1848cac3cb50360af03f24c0e,57,C:\Users\Acer\Documents\GitHub\ImageProcessing\Fingerprint_Enhancement_Jupyter_Project\Fingerprint_Enhancement_Jupyter_Project\Fingerprint_Enhancement_Project\data\SOCOFing\Real\413__M_Left_index_finger.BMP
413__M_Left_little_finger.BMP,413,validation,1999aed68e2fde86574531b13df8d9bbe2e69aa1848cac3cb50360af03f24c0e,57,C:\Users\Acer\Documents\GitHub\ImageProcessing\Fingerprint_Enhancement_Jupyter_Project\Fingerprint_Enhancement_Jupyter_Project\Fingerprint_Enhancement_Project\data\SOCOFing\Real\413__M_Left_little_finger.BMP
413__M_Left_middle_finger.BMP,413,validation,1999aed68e2fde86574531b13df8d9bbe2e69aa1848cac3cb50360af03f24c0e,57,C:\Users\Acer\Documents\GitHub\ImageProcessing\Fingerprint_Enhancement_Jupyter_Project\Fingerprint_Enhancement_Jupyter_Project\Fingerprint_Enhancement_Project\data\SOCOFing\Real\413__M_Left_middle_finger.BMP
413__M_Left_ring_finger.BMP,413,validation,1999aed68e2fde86574531b13df8d9bbe2e69aa1848cac3cb50360af03f24c0e,57,C:\Users\Acer\Documents\GitHub\ImageProcessing\Fingerprint_Enhancement_Jupyter_Project\Fingerprint_Enhancement_Jupyter_Project\Fingerprint_Enhancement_Project\data\SOCOFing\Real\413__M_Left_ring_finger.BMP
413__M_Left_thumb_finger.BMP,413,validation,1999aed68e2fde86574531b13df8d9bbe2e69aa1848cac3cb50360af03f24c0e,57,C:\Users\Acer\Documents\GitHub\ImageProcessing\Fingerprint_Enhancement_Jupyter_Project\Fingerprint_Enhancement_Jupyter_Project\Fingerprint_Enhancement_Project\data\SOCOFing\Real\413__M_Left_thumb_finger.BMP
413__M_Right_index_finger.BMP,413,validation,1999aed68e2fde86574531b13df8d9bbe2e69aa1848cac3cb50360af03f24c0e,57,C:\Users\Acer\Documents\GitHub\ImageProcessing\Fingerprint_Enhancement_Jupyter_Project\Fingerprint_Enhancement_Jupyter_Project\Fingerprint_Enhancement_Project\data\SOCOFing\Real\413__M_Right_index_finger.BMP
413__M_Right_little_finger.BMP,413,validation,1999aed68e2fde86574531b13df8d9bbe2e69aa1848cac3cb50360af03f24c0e,57,C:\Users\Acer\Documents\GitHub\ImageProcessing\Fingerprint_Enhancement_Jupyter_Project\Fingerprint_Enhancement_Jupyter_Project\Fingerprint_Enhancement_Project\data\SOCOFing\Real\413__M_Right_little_finger.BMP
413__M_Right_middle_finger.BMP,413,validation,1999aed68e2fde86574531b13df8d9bbe2e69aa1848cac3cb50360af03f24c0e,57,C:\Users\Acer\Documents\GitHub\ImageProcessing\Fingerprint_Enhancement_Jupyter_Project\Fingerprint_Enhancement_Jupyter_Project\Fingerprint_Enhancement_Project\data\SOCOFing\Real\413__M_Right_middle_finger.BMP
413__M_Right_ring_finger.BMP,413,validation,1999aed68e2fde86574531b13df8d9bbe2e69aa1848cac3cb50360af03f24c0e,57,C:\Users\Acer\Documents\GitHub\ImageProcessing\Fingerprint_Enhancement_Jupyter_Project\Fingerprint_Enhancement_Jupyter_Project\Fingerprint_Enhancement_Project\data\SOCOFing\Real\413__M_Right_ring_finger.BMP
413__M_Right_thumb_finger.BMP,413,validation,1999aed68e2fde86574531b13df8d9bbe2e69aa1848cac3cb50360af03f24c0e,57,C:\Users\Acer\Documents\GitHub\ImageProcessing\Fingerprint_Enhancement_Jupyter_Project\Fingerprint_Enhancement_Jupyter_Project\Fingerprint_Enhancement_Project\data\SOCOFing\Real\413__M_Right_thumb_finger.BMP
43__F_Left_index_finger.BMP,43,validation,1a336100d8d085e84c8ea8e62a00a2754b5fc3f9a8608c33ca595bfcec33035a,58,C:\Users\Acer\Documents\GitHub\ImageProcessing\Fingerprint_Enhancement_Jupyter_Project\Fingerprint_Enhancement_Jupyter_Project\Fingerprint_Enhancement_Project\data\SOCOFing\Real\43__F_Left_index_finger.BMP
43__F_Left_little_finger.BMP,43,validation,1a336100d8d085e84c8ea8e62a00a2754b5fc3f9a8608c33ca595bfcec33035a,58,C:\Users\Acer\Documents\GitHub\ImageProcessing\Fingerprint_Enhancement_Jupyter_Project\Fingerprint_Enhancement_Jupyter_Project\Fingerprint_Enhancement_Project\data\SOCOFing\Real\43__F_Left_little_finger.BMP
43__F_Left_middle_finger.BMP,43,validation,1a336100d8d085e84c8ea8e62a00a2754b5fc3f9a8608c33ca595bfcec33035a,58,C:\Users\Acer\Documents\GitHub\ImageProcessing\Fingerprint_Enhancement_Jupyter_Project\Fingerprint_Enhancement_Jupyter_Project\Fingerprint_Enhancement_Project\data\SOCOFing\Real\43__F_Left_middle_finger.BMP
43__F_Left_ring_finger.BMP,43,validation,1a336100d8d085e84c8ea8e62a00a2754b5fc3f9a8608c33ca595bfcec33035a,58,C:\Users\Acer\Documents\GitHub\ImageProcessing\Fingerprint_Enhancement_Jupyter_Project\Fingerprint_Enhancement_Jupyter_Project\Fingerprint_Enhancement_Project\data\SOCOFing\Real\43__F_Left_ring_finger.BMP
43__F_Left_thumb_finger.BMP,43,validation,1a336100d8d085e84c8ea8e62a00a2754b5fc3f9a8608c33ca595bfcec33035a,58,C:\Users\Acer\Documents\GitHub\ImageProcessing\Fingerprint_Enhancement_Jupyter_Project\Fingerprint_Enhancement_Jupyter_Project\Fingerprint_Enhancement_Project\data\SOCOFing\Real\43__F_Left_thumb_finger.BMP
43__F_Right_index_finger.BMP,43,validation,1a336100d8d085e84c8ea8e62a00a2754b5fc3f9a8608c33ca595bfcec33035a,58,C:\Users\Acer\Documents\GitHub\ImageProcessing\Fingerprint_Enhancement_Jupyter_Project\Fingerprint_Enhancement_Jupyter_Project\Fingerprint_Enhancement_Project\data\SOCOFing\Real\43__F_Right_index_finger.BMP
43__F_Right_little_finger.BMP,43,validation,1a336100d8d085e84c8ea8e62a00a2754b5fc3f9a8608c33ca595bfcec33035a,58,C:\Users\Acer\Documents\GitHub\ImageProcessing\Fingerprint_Enhancement_Jupyter_Project\Fingerprint_Enhancement_Jupyter_Project\Fingerprint_Enhancement_Project\data\SOCOFing\Real\43__F_Right_little_finger.BMP
43__F_Right_middle_finger.BMP,43,validation,1a336100d8d085e84c8ea8e62a00a2754b5fc3f9a8608c33ca595bfcec33035a,58,C:\Users\Acer\Documents\GitHub\ImageProcessing\Fingerprint_Enhancement_Jupyter_Project\Fingerprint_Enhancement_Jupyter_Project\Fingerprint_Enhancement_Project\data\SOCOFing\Real\43__F_Right_middle_finger.BMP
43__F_Right_ring_finger.BMP,43,validation,1a336100d8d085e84c8ea8e62a00a2754b5fc3f9a8608c33ca595bfcec33035a,58,C:\Users\Acer\Documents\GitHub\ImageProcessing\Fingerprint_Enhancement_Jupyter_Project\Fingerprint_Enhancement_Jupyter_Project\Fingerprint_Enhancement_Project\data\SOCOFing\Real\43__F_Right_ring_finger.BMP
43__F_Right_thumb_finger.BMP,43,validation,1a336100d8d085e84c8ea8e62a00a2754b5fc3f9a8608c33ca595bfcec33035a,58,C:\Users\Acer\Documents\GitHub\ImageProcessing\Fingerprint_Enhancement_Jupyter_Project\Fingerprint_Enhancement_Jupyter_Project\Fingerprint_Enhancement_Project\data\SOCOFing\Real\43__F_Right_thumb_finger.BMP
96__M_Left_index_finger.BMP,96,validation,1b14db2c3888eac040b39166239e190d5e0df90697f89a6ac15a0da99d8b92ee,59,C:\Users\Acer\Documents\GitHub\ImageProcessing\Fingerprint_Enhancement_Jupyter_Project\Fingerprint_Enhancement_Jupyter_Project\Fingerprint_Enhancement_Project\data\SOCOFing\Real\96__M_Left_index_finger.BMP
96__M_Left_little_finger.BMP,96,validation,1b14db2c3888eac040b39166239e190d5e0df90697f89a6ac15a0da99d8b92ee,59,C:\Users\Acer\Documents\GitHub\ImageProcessing\Fingerprint_Enhancement_Jupyter_Project\Fingerprint_Enhancement_Jupyter_Project\Fingerprint_Enhancement_Project\data\SOCOFing\Real\96__M_Left_little_finger.BMP
96__M_Left_middle_finger.BMP,96,validation,1b14db2c3888eac040b39166239e190d5e0df90697f89a6ac15a0da99d8b92ee,59,C:\Users\Acer\Documents\GitHub\ImageProcessing\Fingerprint_Enhancement_Jupyter_Project\Fingerprint_Enhancement_Jupyter_Project\Fingerprint_Enhancement_Project\data\SOCOFing\Real\96__M_Left_middle_finger.BMP
96__M_Left_ring_finger.BMP,96,validation,1b14db2c3888eac040b39166239e190d5e0df90697f89a6ac15a0da99d8b92ee,59,C:\Users\Acer\Documents\GitHub\ImageProcessing\Fingerprint_Enhancement_Jupyter_Project\Fingerprint_Enhancement_Jupyter_Project\Fingerprint_Enhancement_Project\data\SOCOFing\Real\96__M_Left_ring_finger.BMP
96__M_Left_thumb_finger.BMP,96,validation,1b14db2c3888eac040b39166239e190d5e0df90697f89a6ac15a0da99d8b92ee,59,C:\Users\Acer\Documents\GitHub\ImageProcessing\Fingerprint_Enhancement_Jupyter_Project\Fingerprint_Enhancement_Jupyter_Project\Fingerprint_Enhancement_Project\data\SOCOFing\Real\96__M_Left_thumb_finger.BMP
96__M_Right_index_finger.BMP,96,validation,1b14db2c3888eac040b39166239e190d5e0df90697f89a6ac15a0da99d8b92ee,59,C:\Users\Acer\Documents\GitHub\ImageProcessing\Fingerprint_Enhancement_Jupyter_Project\Fingerprint_Enhancement_Jupyter_Project\Fingerprint_Enhancement_Project\data\SOCOFing\Real\96__M_Right_index_finger.BMP
96__M_Right_little_finger.BMP,96,validation,1b14db2c3888eac040b39166239e190d5e0df90697f89a6ac15a0da99d8b92ee,59,C:\Users\Acer\Documents\GitHub\ImageProcessing\Fingerprint_Enhancement_Jupyter_Project\Fingerprint_Enhancement_Jupyter_Project\Fingerprint_Enhancement_Project\data\SOCOFing\Real\96__M_Right_little_finger.BMP
96__M_Right_middle_finger.BMP,96,validation,1b14db2c3888eac040b39166239e190d5e0df90697f89a6ac15a0da99d8b92ee,59,C:\Users\Acer\Documents\GitHub\ImageProcessing\Fingerprint_Enhancement_Jupyter_Project\Fingerprint_Enhancement_Jupyter_Project\Fingerprint_Enhancement_Project\data\SOCOFing\Real\96__M_Right_middle_finger.BMP
96__M_Right_ring_finger.BMP,96,validation,1b14db2c3888eac040b39166239e190d5e0df90697f89a6ac15a0da99d8b92ee,59,C:\Users\Acer\Documents\GitHub\ImageProcessing\Fingerprint_Enhancement_Jupyter_Project\Fingerprint_Enhancement_Jupyter_Project\Fingerprint_Enhancement_Project\data\SOCOFing\Real\96__M_Right_ring_finger.BMP
96__M_Right_thumb_finger.BMP,96,validation,1b14db2c3888eac040b39166239e190d5e0df90697f89a6ac15a0da99d8b92ee,59,C:\Users\Acer\Documents\GitHub\ImageProcessing\Fingerprint_Enhancement_Jupyter_Project\Fingerprint_Enhancement_Jupyter_Project\Fingerprint_Enhancement_Project\data\SOCOFing\Real\96__M_Right_thumb_finger.BMP
446__M_Left_index_finger.BMP,446,validation,1b5c99d1655d039a11af80768e20f3aed8bf0af7fce403a2233db72739533dc2,60,C:\Users\Acer\Documents\GitHub\ImageProcessing\Fingerprint_Enhancement_Jupyter_Project\Fingerprint_Enhancement_Jupyter_Project\Fingerprint_Enhancement_Project\data\SOCOFing\Real\446__M_Left_index_finger.BMP
446__M_Left_little_finger.BMP,446,validation,1b5c99d1655d039a11af80768e20f3aed8bf0af7fce403a2233db72739533dc2,60,C:\Users\Acer\Documents\GitHub\ImageProcessing\Fingerprint_Enhancement_Jupyter_Project\Fingerprint_Enhancement_Jupyter_Project\Fingerprint_Enhancement_Project\data\SOCOFing\Real\446__M_Left_little_finger.BMP
446__M_Left_middle_finger.BMP,446,validation,1b5c99d1655d039a11af80768e20f3aed8bf0af7fce403a2233db72739533dc2,60,C:\Users\Acer\Documents\GitHub\ImageProcessing\Fingerprint_Enhancement_Jupyter_Project\Fingerprint_Enhancement_Jupyter_Project\Fingerprint_Enhancement_Project\data\SOCOFing\Real\446__M_Left_middle_finger.BMP
446__M_Left_ring_finger.BMP,446,validation,1b5c99d1655d039a11af80768e20f3aed8bf0af7fce403a2233db72739533dc2,60,C:\Users\Acer\Documents\GitHub\ImageProcessing\Fingerprint_Enhancement_Jupyter_Project\Fingerprint_Enhancement_Jupyter_Project\Fingerprint_Enhancement_Project\data\SOCOFing\Real\446__M_Left_ring_finger.BMP
446__M_Left_thumb_finger.BMP,446,validation,1b5c99d1655d039a11af80768e20f3aed8bf0af7fce403a2233db72739533dc2,60,C:\Users\Acer\Documents\GitHub\ImageProcessing\Fingerprint_Enhancement_Jupyter_Project\Fingerprint_Enhancement_Jupyter_Project\Fingerprint_Enhancement_Project\data\SOCOFing\Real\446__M_Left_thumb_finger.BMP
446__M_Right_index_finger.BMP,446,validation,1b5c99d1655d039a11af80768e20f3aed8bf0af7fce403a2233db72739533dc2,60,C:\Users\Acer\Documents\GitHub\ImageProcessing\Fingerprint_Enhancement_Jupyter_Project\Fingerprint_Enhancement_Jupyter_Project\Fingerprint_Enhancement_Project\data\SOCOFing\Real\446__M_Right_index_finger.BMP
446__M_Right_little_finger.BMP,446,validation,1b5c99d1655d039a11af80768e20f3aed8bf0af7fce403a2233db72739533dc2,60,C:\Users\Acer\Documents\GitHub\ImageProcessing\Fingerprint_Enhancement_Jupyter_Project\Fingerprint_Enhancement_Jupyter_Project\Fingerprint_Enhancement_Project\data\SOCOFing\Real\446__M_Right_little_finger.BMP
446__M_Right_middle_finger.BMP,446,validation,1b5c99d1655d039a11af80768e20f3aed8bf0af7fce403a2233db72739533dc2,60,C:\Users\Acer\Documents\GitHub\ImageProcessing\Fingerprint_Enhancement_Jupyter_Project\Fingerprint_Enhancement_Jupyter_Project\Fingerprint_Enhancement_Project\data\SOCOFing\Real\446__M_Right_middle_finger.BMP
446__M_Right_ring_finger.BMP,446,validation,1b5c99d1655d039a11af80768e20f3aed8bf0af7fce403a2233db72739533dc2,60,C:\Users\Acer\Documents\GitHub\ImageProcessing\Fingerprint_Enhancement_Jupyter_Project\Fingerprint_Enhancement_Jupyter_Project\Fingerprint_Enhancement_Project\data\SOCOFing\Real\446__M_Right_ring_finger.BMP
446__M_Right_thumb_finger.BMP,446,validation,1b5c99d1655d039a11af80768e20f3aed8bf0af7fce403a2233db72739533dc2,60,C:\Users\Acer\Documents\GitHub\ImageProcessing\Fingerprint_Enhancement_Jupyter_Project\Fingerprint_Enhancement_Jupyter_Project\Fingerprint_Enhancement_Project\data\SOCOFing\Real\446__M_Right_thumb_finger.BMP
509__M_Left_index_finger.BMP,509,validation,1b9bcef3f45d8cc6d3c3c4619f35e1f8f98b64d3c523ec5134642c4911798b60,61,C:\Users\Acer\Documents\GitHub\ImageProcessing\Fingerprint_Enhancement_Jupyter_Project\Fingerprint_Enhancement_Jupyter_Project\Fingerprint_Enhancement_Project\data\SOCOFing\Real\509__M_Left_index_finger.BMP
509__M_Left_little_finger.BMP,509,validation,1b9bcef3f45d8cc6d3c3c4619f35e1f8f98b64d3c523ec5134642c4911798b60,61,C:\Users\Acer\Documents\GitHub\ImageProcessing\Fingerprint_Enhancement_Jupyter_Project\Fingerprint_Enhancement_Jupyter_Project\Fingerprint_Enhancement_Project\data\SOCOFing\Real\509__M_Left_little_finger.BMP
509__M_Left_middle_finger.BMP,509,validation,1b9bcef3f45d8cc6d3c3c4619f35e1f8f98b64d3c523ec5134642c4911798b60,61,C:\Users\Acer\Documents\GitHub\ImageProcessing\Fingerprint_Enhancement_Jupyter_Project\Fingerprint_Enhancement_Jupyter_Project\Fingerprint_Enhancement_Project\data\SOCOFing\Real\509__M_Left_middle_finger.BMP
509__M_Left_ring_finger.BMP,509,validation,1b9bcef3f45d8cc6d3c3c4619f35e1f8f98b64d3c523ec5134642c4911798b60,61,C:\Users\Acer\Documents\GitHub\ImageProcessing\Fingerprint_Enhancement_Jupyter_Project\Fingerprint_Enhancement_Jupyter_Project\Fingerprint_Enhancement_Project\data\SOCOFing\Real\509__M_Left_ring_finger.BMP
509__M_Left_thumb_finger.BMP,509,validation,1b9bcef3f45d8cc6d3c3c4619f35e1f8f98b64d3c523ec5134642c4911798b60,61,C:\Users\Acer\Documents\GitHub\ImageProcessing\Fingerprint_Enhancement_Jupyter_Project\Fingerprint_Enhancement_Jupyter_Project\Fingerprint_Enhancement_Project\data\SOCOFing\Real\509__M_Left_thumb_finger.BMP
509__M_Right_index_finger.BMP,509,validation,1b9bcef3f45d8cc6d3c3c4619f35e1f8f98b64d3c523ec5134642c4911798b60,61,C:\Users\Acer\Documents\GitHub\ImageProcessing\Fingerprint_Enhancement_Jupyter_Project\Fingerprint_Enhancement_Jupyter_Project\Fingerprint_Enhancement_Project\data\SOCOFing\Real\509__M_Right_index_finger.BMP
509__M_Right_little_finger.BMP,509,validation,1b9bcef3f45d8cc6d3c3c4619f35e1f8f98b64d3c523ec5134642c4911798b60,61,C:\Users\Acer\Documents\GitHub\ImageProcessing\Fingerprint_Enhancement_Jupyter_Project\Fingerprint_Enhancement_Jupyter_Project\Fingerprint_Enhancement_Project\data\SOCOFing\Real\509__M_Right_little_finger.BMP
509__M_Right_middle_finger.BMP,509,validation,1b9bcef3f45d8cc6d3c3c4619f35e1f8f98b64d3c523ec5134642c4911798b60,61,C:\Users\Acer\Documents\GitHub\ImageProcessing\Fingerprint_Enhancement_Jupyter_Project\Fingerprint_Enhancement_Jupyter_Project\Fingerprint_Enhancement_Project\data\SOCOFing\Real\509__M_Right_middle_finger.BMP
509__M_Right_ring_finger.BMP,509,validation,1b9bcef3f45d8cc6d3c3c4619f35e1f8f98b64d3c523ec5134642c4911798b60,61,C:\Users\Acer\Documents\GitHub\ImageProcessing\Fingerprint_Enhancement_Jupyter_Project\Fingerprint_Enhancement_Jupyter_Project\Fingerprint_Enhancement_Project\data\SOCOFing\Real\509__M_Right_ring_finger.BMP
509__M_Right_thumb_finger.BMP,509,validation,1b9bcef3f45d8cc6d3c3c4619f35e1f8f98b64d3c523ec5134642c4911798b60,61,C:\Users\Acer\Documents\GitHub\ImageProcessing\Fingerprint_Enhancement_Jupyter_Project\Fingerprint_Enhancement_Jupyter_Project\Fingerprint_Enhancement_Project\data\SOCOFing\Real\509__M_Right_thumb_finger.BMP
261__M_Left_index_finger.BMP,261,validation,1bc7b9ee3610d7179eaefbfe3b075562d6b60816e1f923234b5c13157e982f39,62,C:\Users\Acer\Documents\GitHub\ImageProcessing\Fingerprint_Enhancement_Jupyter_Project\Fingerprint_Enhancement_Jupyter_Project\Fingerprint_Enhancement_Project\data\SOCOFing\Real\261__M_Left_index_finger.BMP
261__M_Left_little_finger.BMP,261,validation,1bc7b9ee3610d7179eaefbfe3b075562d6b60816e1f923234b5c13157e982f39,62,C:\Users\Acer\Documents\GitHub\ImageProcessing\Fingerprint_Enhancement_Jupyter_Project\Fingerprint_Enhancement_Jupyter_Project\Fingerprint_Enhancement_Project\data\SOCOFing\Real\261__M_Left_little_finger.BMP
261__M_Left_middle_finger.BMP,261,validation,1bc7b9ee3610d7179eaefbfe3b075562d6b60816e1f923234b5c13157e982f39,62,C:\Users\Acer\Documents\GitHub\ImageProcessing\Fingerprint_Enhancement_Jupyter_Project\Fingerprint_Enhancement_Jupyter_Project\Fingerprint_Enhancement_Project\data\SOCOFing\Real\261__M_Left_middle_finger.BMP
261__M_Left_ring_finger.BMP,261,validation,1bc7b9ee3610d7179eaefbfe3b075562d6b60816e1f923234b5c13157e982f39,62,C:\Users\Acer\Documents\GitHub\ImageProcessing\Fingerprint_Enhancement_Jupyter_Project\Fingerprint_Enhancement_Jupyter_Project\Fingerprint_Enhancement_Project\data\SOCOFing\Real\261__M_Left_ring_finger.BMP
261__M_Left_thumb_finger.BMP,261,validation,1bc7b9ee3610d7179eaefbfe3b075562d6b60816e1f923234b5c13157e982f39,62,C:\Users\Acer\Documents\GitHub\ImageProcessing\Fingerprint_Enhancement_Jupyter_Project\Fingerprint_Enhancement_Jupyter_Project\Fingerprint_Enhancement_Project\data\SOCOFing\Real\261__M_Left_thumb_finger.BMP
261__M_Right_index_finger.BMP,261,validation,1bc7b9ee3610d7179eaefbfe3b075562d6b60816e1f923234b5c13157e982f39,62,C:\Users\Acer\Documents\GitHub\ImageProcessing\Fingerprint_Enhancement_Jupyter_Project\Fingerprint_Enhancement_Jupyter_Project\Fingerprint_Enhancement_Project\data\SOCOFing\Real\261__M_Right_index_finger.BMP
261__M_Right_little_finger.BMP,261,validation,1bc7b9ee3610d7179eaefbfe3b075562d6b60816e1f923234b5c13157e982f39,62,C:\Users\Acer\Documents\GitHub\ImageProcessing\Fingerprint_Enhancement_Jupyter_Project\Fingerprint_Enhancement_Jupyter_Project\Fingerprint_Enhancement_Project\data\SOCOFing\Real\261__M_Right_little_finger.BMP
261__M_Right_middle_finger.BMP,261,validation,1bc7b9ee3610d7179eaefbfe3b075562d6b60816e1f923234b5c13157e982f39,62,C:\Users\Acer\Documents\GitHub\ImageProcessing\Fingerprint_Enhancement_Jupyter_Project\Fingerprint_Enhancement_Jupyter_Project\Fingerprint_Enhancement_Project\data\SOCOFing\Real\261__M_Right_middle_finger.BMP
261__M_Right_ring_finger.BMP,261,validation,1bc7b9ee3610d7179eaefbfe3b075562d6b60816e1f923234b5c13157e982f39,62,C:\Users\Acer\Documents\GitHub\ImageProcessing\Fingerprint_Enhancement_Jupyter_Project\Fingerprint_Enhancement_Jupyter_Project\Fingerprint_Enhancement_Project\data\SOCOFing\Real\261__M_Right_ring_finger.BMP
261__M_Right_thumb_finger.BMP,261,validation,1bc7b9ee3610d7179eaefbfe3b075562d6b60816e1f923234b5c13157e982f39,62,C:\Users\Acer\Documents\GitHub\ImageProcessing\Fingerprint_Enhancement_Jupyter_Project\Fingerprint_Enhancement_Jupyter_Project\Fingerprint_Enhancement_Project\data\SOCOFing\Real\261__M_Right_thumb_finger.BMP
489__M_Left_index_finger.BMP,489,validation,1c12f605a62170e38dfba30bc97fc62582e8dc67e7a847580f99ee61a51dcf6b,63,C:\Users\Acer\Documents\GitHub\ImageProcessing\Fingerprint_Enhancement_Jupyter_Project\Fingerprint_Enhancement_Jupyter_Project\Fingerprint_Enhancement_Project\data\SOCOFing\Real\489__M_Left_index_finger.BMP
489__M_Left_little_finger.BMP,489,validation,1c12f605a62170e38dfba30bc97fc62582e8dc67e7a847580f99ee61a51dcf6b,63,C:\Users\Acer\Documents\GitHub\ImageProcessing\Fingerprint_Enhancement_Jupyter_Project\Fingerprint_Enhancement_Jupyter_Project\Fingerprint_Enhancement_Project\data\SOCOFing\Real\489__M_Left_little_finger.BMP
489__M_Left_middle_finger.BMP,489,validation,1c12f605a62170e38dfba30bc97fc62582e8dc67e7a847580f99ee61a51dcf6b,63,C:\Users\Acer\Documents\GitHub\ImageProcessing\Fingerprint_Enhancement_Jupyter_Project\Fingerprint_Enhancement_Jupyter_Project\Fingerprint_Enhancement_Project\data\SOCOFing\Real\489__M_Left_middle_finger.BMP
489__M_Left_ring_finger.BMP,489,validation,1c12f605a62170e38dfba30bc97fc62582e8dc67e7a847580f99ee61a51dcf6b,63,C:\Users\Acer\Documents\GitHub\ImageProcessing\Fingerprint_Enhancement_Jupyter_Project\Fingerprint_Enhancement_Jupyter_Project\Fingerprint_Enhancement_Project\data\SOCOFing\Real\489__M_Left_ring_finger.BMP
489__M_Left_thumb_finger.BMP,489,validation,1c12f605a62170e38dfba30bc97fc62582e8dc67e7a847580f99ee61a51dcf6b,63,C:\Users\Acer\Documents\GitHub\ImageProcessing\Fingerprint_Enhancement_Jupyter_Project\Fingerprint_Enhancement_Jupyter_Project\Fingerprint_Enhancement_Project\data\SOCOFing\Real\489__M_Left_thumb_finger.BMP
489__M_Right_index_finger.BMP,489,validation,1c12f605a62170e38dfba30bc97fc62582e8dc67e7a847580f99ee61a51dcf6b,63,C:\Users\Acer\Documents\GitHub\ImageProcessing\Fingerprint_Enhancement_Jupyter_Project\Fingerprint_Enhancement_Jupyter_Project\Fingerprint_Enhancement_Project\data\SOCOFing\Real\489__M_Right_index_finger.BMP
489__M_Right_little_finger.BMP,489,validation,1c12f605a62170e38dfba30bc97fc62582e8dc67e7a847580f99ee61a51dcf6b,63,C:\Users\Acer\Documents\GitHub\ImageProcessing\Fingerprint_Enhancement_Jupyter_Project\Fingerprint_Enhancement_Jupyter_Project\Fingerprint_Enhancement_Project\data\SOCOFing\Real\489__M_Right_little_finger.BMP
489__M_Right_middle_finger.BMP,489,validation,1c12f605a62170e38dfba30bc97fc62582e8dc67e7a847580f99ee61a51dcf6b,63,C:\Users\Acer\Documents\GitHub\ImageProcessing\Fingerprint_Enhancement_Jupyter_Project\Fingerprint_Enhancement_Jupyter_Project\Fingerprint_Enhancement_Project\data\SOCOFing\Real\489__M_Right_middle_finger.BMP
489__M_Right_ring_finger.BMP,489,validation,1c12f605a62170e38dfba30bc97fc62582e8dc67e7a847580f99ee61a51dcf6b,63,C:\Users\Acer\Documents\GitHub\ImageProcessing\Fingerprint_Enhancement_Jupyter_Project\Fingerprint_Enhancement_Jupyter_Project\Fingerprint_Enhancement_Project\data\SOCOFing\Real\489__M_Right_ring_finger.BMP
489__M_Right_thumb_finger.BMP,489,validation,1c12f605a62170e38dfba30bc97fc62582e8dc67e7a847580f99ee61a51dcf6b,63,C:\Users\Acer\Documents\GitHub\ImageProcessing\Fingerprint_Enhancement_Jupyter_Project\Fingerprint_Enhancement_Jupyter_Project\Fingerprint_Enhancement_Project\data\SOCOFing\Real\489__M_Right_thumb_finger.BMP
505__M_Left_index_finger.BMP,505,validation,1c7c09a7d482b5ec7816756023c9da2b65ed63f7abfd061a6feb60c52fb13ad4,64,C:\Users\Acer\Documents\GitHub\ImageProcessing\Fingerprint_Enhancement_Jupyter_Project\Fingerprint_Enhancement_Jupyter_Project\Fingerprint_Enhancement_Project\data\SOCOFing\Real\505__M_Left_index_finger.BMP
505__M_Left_little_finger.BMP,505,validation,1c7c09a7d482b5ec7816756023c9da2b65ed63f7abfd061a6feb60c52fb13ad4,64,C:\Users\Acer\Documents\GitHub\ImageProcessing\Fingerprint_Enhancement_Jupyter_Project\Fingerprint_Enhancement_Jupyter_Project\Fingerprint_Enhancement_Project\data\SOCOFing\Real\505__M_Left_little_finger.BMP
505__M_Left_middle_finger.BMP,505,validation,1c7c09a7d482b5ec7816756023c9da2b65ed63f7abfd061a6feb60c52fb13ad4,64,C:\Users\Acer\Documents\GitHub\ImageProcessing\Fingerprint_Enhancement_Jupyter_Project\Fingerprint_Enhancement_Jupyter_Project\Fingerprint_Enhancement_Project\data\SOCOFing\Real\505__M_Left_middle_finger.BMP
505__M_Left_ring_finger.BMP,505,validation,1c7c09a7d482b5ec7816756023c9da2b65ed63f7abfd061a6feb60c52fb13ad4,64,C:\Users\Acer\Documents\GitHub\ImageProcessing\Fingerprint_Enhancement_Jupyter_Project\Fingerprint_Enhancement_Jupyter_Project\Fingerprint_Enhancement_Project\data\SOCOFing\Real\505__M_Left_ring_finger.BMP
505__M_Left_thumb_finger.BMP,505,validation,1c7c09a7d482b5ec7816756023c9da2b65ed63f7abfd061a6feb60c52fb13ad4,64,C:\Users\Acer\Documents\GitHub\ImageProcessing\Fingerprint_Enhancement_Jupyter_Project\Fingerprint_Enhancement_Jupyter_Project\Fingerprint_Enhancement_Project\data\SOCOFing\Real\505__M_Left_thumb_finger.BMP
505__M_Right_index_finger.BMP,505,validation,1c7c09a7d482b5ec7816756023c9da2b65ed63f7abfd061a6feb60c52fb13ad4,64,C:\Users\Acer\Documents\GitHub\ImageProcessing\Fingerprint_Enhancement_Jupyter_Project\Fingerprint_Enhancement_Jupyter_Project\Fingerprint_Enhancement_Project\data\SOCOFing\Real\505__M_Right_index_finger.BMP
505__M_Right_little_finger.BMP,505,validation,1c7c09a7d482b5ec7816756023c9da2b65ed63f7abfd061a6feb60c52fb13ad4,64,C:\Users\Acer\Documents\GitHub\ImageProcessing\Fingerprint_Enhancement_Jupyter_Project\Fingerprint_Enhancement_Jupyter_Project\Fingerprint_Enhancement_Project\data\SOCOFing\Real\505__M_Right_little_finger.BMP
505__M_Right_middle_finger.BMP,505,validation,1c7c09a7d482b5ec7816756023c9da2b65ed63f7abfd061a6feb60c52fb13ad4,64,C:\Users\Acer\Documents\GitHub\ImageProcessing\Fingerprint_Enhancement_Jupyter_Project\Fingerprint_Enhancement_Jupyter_Project\Fingerprint_Enhancement_Project\data\SOCOFing\Real\505__M_Right_middle_finger.BMP
505__M_Right_ring_finger.BMP,505,validation,1c7c09a7d482b5ec7816756023c9da2b65ed63f7abfd061a6feb60c52fb13ad4,64,C:\Users\Acer\Documents\GitHub\ImageProcessing\Fingerprint_Enhancement_Jupyter_Project\Fingerprint_Enhancement_Jupyter_Project\Fingerprint_Enhancement_Project\data\SOCOFing\Real\505__M_Right_ring_finger.BMP
505__M_Right_thumb_finger.BMP,505,validation,1c7c09a7d482b5ec7816756023c9da2b65ed63f7abfd061a6feb60c52fb13ad4,64,C:\Users\Acer\Documents\GitHub\ImageProcessing\Fingerprint_Enhancement_Jupyter_Project\Fingerprint_Enhancement_Jupyter_Project\Fingerprint_Enhancement_Project\data\SOCOFing\Real\505__M_Right_thumb_finger.BMP
72__M_Left_index_finger.BMP,72,validation,1c9efee2f7e218aeb2a3c2bed9c1b3dda80fdda2c7b1e6bf212349136c4bac3f,65,C:\Users\Acer\Documents\GitHub\ImageProcessing\Fingerprint_Enhancement_Jupyter_Project\Fingerprint_Enhancement_Jupyter_Project\Fingerprint_Enhancement_Project\data\SOCOFing\Real\72__M_Left_index_finger.BMP
72__M_Left_little_finger.BMP,72,validation,1c9efee2f7e218aeb2a3c2bed9c1b3dda80fdda2c7b1e6bf212349136c4bac3f,65,C:\Users\Acer\Documents\GitHub\ImageProcessing\Fingerprint_Enhancement_Jupyter_Project\Fingerprint_Enhancement_Jupyter_Project\Fingerprint_Enhancement_Project\data\SOCOFing\Real\72__M_Left_little_finger.BMP
72__M_Left_middle_finger.BMP,72,validation,1c9efee2f7e218aeb2a3c2bed9c1b3dda80fdda2c7b1e6bf212349136c4bac3f,65,C:\Users\Acer\Documents\GitHub\ImageProcessing\Fingerprint_Enhancement_Jupyter_Project\Fingerprint_Enhancement_Jupyter_Project\Fingerprint_Enhancement_Project\data\SOCOFing\Real\72__M_Left_middle_finger.BMP
72__M_Left_ring_finger.BMP,72,validation,1c9efee2f7e218aeb2a3c2bed9c1b3dda80fdda2c7b1e6bf212349136c4bac3f,65,C:\Users\Acer\Documents\GitHub\ImageProcessing\Fingerprint_Enhancement_Jupyter_Project\Fingerprint_Enhancement_Jupyter_Project\Fingerprint_Enhancement_Project\data\SOCOFing\Real\72__M_Left_ring_finger.BMP
72__M_Left_thumb_finger.BMP,72,validation,1c9efee2f7e218aeb2a3c2bed9c1b3dda80fdda2c7b1e6bf212349136c4bac3f,65,C:\Users\Acer\Documents\GitHub\ImageProcessing\Fingerprint_Enhancement_Jupyter_Project\Fingerprint_Enhancement_Jupyter_Project\Fingerprint_Enhancement_Project\data\SOCOFing\Real\72__M_Left_thumb_finger.BMP
72__M_Right_index_finger.BMP,72,validation,1c9efee2f7e218aeb2a3c2bed9c1b3dda80fdda2c7b1e6bf212349136c4bac3f,65,C:\Users\Acer\Documents\GitHub\ImageProcessing\Fingerprint_Enhancement_Jupyter_Project\Fingerprint_Enhancement_Jupyter_Project\Fingerprint_Enhancement_Project\data\SOCOFing\Real\72__M_Right_index_finger.BMP
72__M_Right_little_finger.BMP,72,validation,1c9efee2f7e218aeb2a3c2bed9c1b3dda80fdda2c7b1e6bf212349136c4bac3f,65,C:\Users\Acer\Documents\GitHub\ImageProcessing\Fingerprint_Enhancement_Jupyter_Project\Fingerprint_Enhancement_Jupyter_Project\Fingerprint_Enhancement_Project\data\SOCOFing\Real\72__M_Right_little_finger.BMP
72__M_Right_middle_finger.BMP,72,validation,1c9efee2f7e218aeb2a3c2bed9c1b3dda80fdda2c7b1e6bf212349136c4bac3f,65,C:\Users\Acer\Documents\GitHub\ImageProcessing\Fingerprint_Enhancement_Jupyter_Project\Fingerprint_Enhancement_Jupyter_Project\Fingerprint_Enhancement_Project\data\SOCOFing\Real\72__M_Right_middle_finger.BMP
72__M_Right_ring_finger.BMP,72,validation,1c9efee2f7e218aeb2a3c2bed9c1b3dda80fdda2c7b1e6bf212349136c4bac3f,65,C:\Users\Acer\Documents\GitHub\ImageProcessing\Fingerprint_Enhancement_Jupyter_Project\Fingerprint_Enhancement_Jupyter_Project\Fingerprint_Enhancement_Project\data\SOCOFing\Real\72__M_Right_ring_finger.BMP
72__M_Right_thumb_finger.BMP,72,validation,1c9efee2f7e218aeb2a3c2bed9c1b3dda80fdda2c7b1e6bf212349136c4bac3f,65,C:\Users\Acer\Documents\GitHub\ImageProcessing\Fingerprint_Enhancement_Jupyter_Project\Fingerprint_Enhancement_Jupyter_Project\Fingerprint_Enhancement_Project\data\SOCOFing\Real\72__M_Right_thumb_finger.BMP
210__M_Left_index_finger.BMP,210,validation,1cadb8b88f3a3e9d6718b1832b27477b20adea935ed04f2f3e4500b80f80bd43,66,C:\Users\Acer\Documents\GitHub\ImageProcessing\Fingerprint_Enhancement_Jupyter_Project\Fingerprint_Enhancement_Jupyter_Project\Fingerprint_Enhancement_Project\data\SOCOFing\Real\210__M_Left_index_finger.BMP
210__M_Left_little_finger.BMP,210,validation,1cadb8b88f3a3e9d6718b1832b27477b20adea935ed04f2f3e4500b80f80bd43,66,C:\Users\Acer\Documents\GitHub\ImageProcessing\Fingerprint_Enhancement_Jupyter_Project\Fingerprint_Enhancement_Jupyter_Project\Fingerprint_Enhancement_Project\data\SOCOFing\Real\210__M_Left_little_finger.BMP
210__M_Left_middle_finger.BMP,210,validation,1cadb8b88f3a3e9d6718b1832b27477b20adea935ed04f2f3e4500b80f80bd43,66,C:\Users\Acer\Documents\GitHub\ImageProcessing\Fingerprint_Enhancement_Jupyter_Project\Fingerprint_Enhancement_Jupyter_Project\Fingerprint_Enhancement_Project\data\SOCOFing\Real\210__M_Left_middle_finger.BMP
210__M_Left_ring_finger.BMP,210,validation,1cadb8b88f3a3e9d6718b1832b27477b20adea935ed04f2f3e4500b80f80bd43,66,C:\Users\Acer\Documents\GitHub\ImageProcessing\Fingerprint_Enhancement_Jupyter_Project\Fingerprint_Enhancement_Jupyter_Project\Fingerprint_Enhancement_Project\data\SOCOFing\Real\210__M_Left_ring_finger.BMP
210__M_Left_thumb_finger.BMP,210,validation,1cadb8b88f3a3e9d6718b1832b27477b20adea935ed04f2f3e4500b80f80bd43,66,C:\Users\Acer\Documents\GitHub\ImageProcessing\Fingerprint_Enhancement_Jupyter_Project\Fingerprint_Enhancement_Jupyter_Project\Fingerprint_Enhancement_Project\data\SOCOFing\Real\210__M_Left_thumb_finger.BMP
210__M_Right_index_finger.BMP,210,validation,1cadb8b88f3a3e9d6718b1832b27477b20adea935ed04f2f3e4500b80f80bd43,66,C:\Users\Acer\Documents\GitHub\ImageProcessing\Fingerprint_Enhancement_Jupyter_Project\Fingerprint_Enhancement_Jupyter_Project\Fingerprint_Enhancement_Project\data\SOCOFing\Real\210__M_Right_index_finger.BMP
210__M_Right_little_finger.BMP,210,validation,1cadb8b88f3a3e9d6718b1832b27477b20adea935ed04f2f3e4500b80f80bd43,66,C:\Users\Acer\Documents\GitHub\ImageProcessing\Fingerprint_Enhancement_Jupyter_Project\Fingerprint_Enhancement_Jupyter_Project\Fingerprint_Enhancement_Project\data\SOCOFing\Real\210__M_Right_little_finger.BMP
210__M_Right_middle_finger.BMP,210,validation,1cadb8b88f3a3e9d6718b1832b27477b20adea935ed04f2f3e4500b80f80bd43,66,C:\Users\Acer\Documents\GitHub\ImageProcessing\Fingerprint_Enhancement_Jupyter_Project\Fingerprint_Enhancement_Jupyter_Project\Fingerprint_Enhancement_Project\data\SOCOFing\Real\210__M_Right_middle_finger.BMP
210__M_Right_ring_finger.BMP,210,validation,1cadb8b88f3a3e9d6718b1832b27477b20adea935ed04f2f3e4500b80f80bd43,66,C:\Users\Acer\Documents\GitHub\ImageProcessing\Fingerprint_Enhancement_Jupyter_Project\Fingerprint_Enhancement_Jupyter_Project\Fingerprint_Enhancement_Project\data\SOCOFing\Real\210__M_Right_ring_finger.BMP
210__M_Right_thumb_finger.BMP,210,validation,1cadb8b88f3a3e9d6718b1832b27477b20adea935ed04f2f3e4500b80f80bd43,66,C:\Users\Acer\Documents\GitHub\ImageProcessing\Fingerprint_Enhancement_Jupyter_Project\Fingerprint_Enhancement_Jupyter_Project\Fingerprint_Enhancement_Project\data\SOCOFing\Real\210__M_Right_thumb_finger.BMP
55__M_Left_index_finger.BMP,55,validation,1d13af5a9caf247562d1893b5cae8b9aaa19b7e5a193817e2d302f8eada7b66a,67,C:\Users\Acer\Documents\GitHub\ImageProcessing\Fingerprint_Enhancement_Jupyter_Project\Fingerprint_Enhancement_Jupyter_Project\Fingerprint_Enhancement_Project\data\SOCOFing\Real\55__M_Left_index_finger.BMP
55__M_Left_little_finger.BMP,55,validation,1d13af5a9caf247562d1893b5cae8b9aaa19b7e5a193817e2d302f8eada7b66a,67,C:\Users\Acer\Documents\GitHub\ImageProcessing\Fingerprint_Enhancement_Jupyter_Project\Fingerprint_Enhancement_Jupyter_Project\Fingerprint_Enhancement_Project\data\SOCOFing\Real\55__M_Left_little_finger.BMP
55__M_Left_middle_finger.BMP,55,validation,1d13af5a9caf247562d1893b5cae8b9aaa19b7e5a193817e2d302f8eada7b66a,67,C:\Users\Acer\Documents\GitHub\ImageProcessing\Fingerprint_Enhancement_Jupyter_Project\Fingerprint_Enhancement_Jupyter_Project\Fingerprint_Enhancement_Project\data\SOCOFing\Real\55__M_Left_middle_finger.BMP
55__M_Left_ring_finger.BMP,55,validation,1d13af5a9caf247562d1893b5cae8b9aaa19b7e5a193817e2d302f8eada7b66a,67,C:\Users\Acer\Documents\GitHub\ImageProcessing\Fingerprint_Enhancement_Jupyter_Project\Fingerprint_Enhancement_Jupyter_Project\Fingerprint_Enhancement_Project\data\SOCOFing\Real\55__M_Left_ring_finger.BMP
55__M_Left_thumb_finger.BMP,55,validation,1d13af5a9caf247562d1893b5cae8b9aaa19b7e5a193817e2d302f8eada7b66a,67,C:\Users\Acer\Documents\GitHub\ImageProcessing\Fingerprint_Enhancement_Jupyter_Project\Fingerprint_Enhancement_Jupyter_Project\Fingerprint_Enhancement_Project\data\SOCOFing\Real\55__M_Left_thumb_finger.BMP
55__M_Right_index_finger.BMP,55,validation,1d13af5a9caf247562d1893b5cae8b9aaa19b7e5a193817e2d302f8eada7b66a,67,C:\Users\Acer\Documents\GitHub\ImageProcessing\Fingerprint_Enhancement_Jupyter_Project\Fingerprint_Enhancement_Jupyter_Project\Fingerprint_Enhancement_Project\data\SOCOFing\Real\55__M_Right_index_finger.BMP
55__M_Right_little_finger.BMP,55,validation,1d13af5a9caf247562d1893b5cae8b9aaa19b7e5a193817e2d302f8eada7b66a,67,C:\Users\Acer\Documents\GitHub\ImageProcessing\Fingerprint_Enhancement_Jupyter_Project\Fingerprint_Enhancement_Jupyter_Project\Fingerprint_Enhancement_Project\data\SOCOFing\Real\55__M_Right_little_finger.BMP
55__M_Right_middle_finger.BMP,55,validation,1d13af5a9caf247562d1893b5cae8b9aaa19b7e5a193817e2d302f8eada7b66a,67,C:\Users\Acer\Documents\GitHub\ImageProcessing\Fingerprint_Enhancement_Jupyter_Project\Fingerprint_Enhancement_Jupyter_Project\Fingerprint_Enhancement_Project\data\SOCOFing\Real\55__M_Right_middle_finger.BMP
55__M_Right_ring_finger.BMP,55,validation,1d13af5a9caf247562d1893b5cae8b9aaa19b7e5a193817e2d302f8eada7b66a,67,C:\Users\Acer\Documents\GitHub\ImageProcessing\Fingerprint_Enhancement_Jupyter_Project\Fingerprint_Enhancement_Jupyter_Project\Fingerprint_Enhancement_Project\data\SOCOFing\Real\55__M_Right_ring_finger.BMP
55__M_Right_thumb_finger.BMP,55,validation,1d13af5a9caf247562d1893b5cae8b9aaa19b7e5a193817e2d302f8eada7b66a,67,C:\Users\Acer\Documents\GitHub\ImageProcessing\Fingerprint_Enhancement_Jupyter_Project\Fingerprint_Enhancement_Jupyter_Project\Fingerprint_Enhancement_Project\data\SOCOFing\Real\55__M_Right_thumb_finger.BMP
343__M_Left_index_finger.BMP,343,validation,1d1a39a6bfc74b56490c645ce8905465e9774eea1857c507f18a512d6713d233,68,C:\Users\Acer\Documents\GitHub\ImageProcessing\Fingerprint_Enhancement_Jupyter_Project\Fingerprint_Enhancement_Jupyter_Project\Fingerprint_Enhancement_Project\data\SOCOFing\Real\343__M_Left_index_finger.BMP
343__M_Left_little_finger.BMP,343,validation,1d1a39a6bfc74b56490c645ce8905465e9774eea1857c507f18a512d6713d233,68,C:\Users\Acer\Documents\GitHub\ImageProcessing\Fingerprint_Enhancement_Jupyter_Project\Fingerprint_Enhancement_Jupyter_Project\Fingerprint_Enhancement_Project\data\SOCOFing\Real\343__M_Left_little_finger.BMP
343__M_Left_middle_finger.BMP,343,validation,1d1a39a6bfc74b56490c645ce8905465e9774eea1857c507f18a512d6713d233,68,C:\Users\Acer\Documents\GitHub\ImageProcessing\Fingerprint_Enhancement_Jupyter_Project\Fingerprint_Enhancement_Jupyter_Project\Fingerprint_Enhancement_Project\data\SOCOFing\Real\343__M_Left_middle_finger.BMP
343__M_Left_ring_finger.BMP,343,validation,1d1a39a6bfc74b56490c645ce8905465e9774eea1857c507f18a512d6713d233,68,C:\Users\Acer\Documents\GitHub\ImageProcessing\Fingerprint_Enhancement_Jupyter_Project\Fingerprint_Enhancement_Jupyter_Project\Fingerprint_Enhancement_Project\data\SOCOFing\Real\343__M_Left_ring_finger.BMP
343__M_Left_thumb_finger.BMP,343,validation,1d1a39a6bfc74b56490c645ce8905465e9774eea1857c507f18a512d6713d233,68,C:\Users\Acer\Documents\GitHub\ImageProcessing\Fingerprint_Enhancement_Jupyter_Project\Fingerprint_Enhancement_Jupyter_Project\Fingerprint_Enhancement_Project\data\SOCOFing\Real\343__M_Left_thumb_finger.BMP
343__M_Right_index_finger.BMP,343,validation,1d1a39a6bfc74b56490c645ce8905465e9774eea1857c507f18a512d6713d233,68,C:\Users\Acer\Documents\GitHub\ImageProcessing\Fingerprint_Enhancement_Jupyter_Project\Fingerprint_Enhancement_Jupyter_Project\Fingerprint_Enhancement_Project\data\SOCOFing\Real\343__M_Right_index_finger.BMP
343__M_Right_little_finger.BMP,343,validation,1d1a39a6bfc74b56490c645ce8905465e9774eea1857c507f18a512d6713d233,68,C:\Users\Acer\Documents\GitHub\ImageProcessing\Fingerprint_Enhancement_Jupyter_Project\Fingerprint_Enhancement_Jupyter_Project\Fingerprint_Enhancement_Project\data\SOCOFing\Real\343__M_Right_little_finger.BMP
343__M_Right_middle_finger.BMP,343,validation,1d1a39a6bfc74b56490c645ce8905465e9774eea1857c507f18a512d6713d233,68,C:\Users\Acer\Documents\GitHub\ImageProcessing\Fingerprint_Enhancement_Jupyter_Project\Fingerprint_Enhancement_Jupyter_Project\Fingerprint_Enhancement_Project\data\SOCOFing\Real\343__M_Right_middle_finger.BMP
343__M_Right_ring_finger.BMP,343,validation,1d1a39a6bfc74b56490c645ce8905465e9774eea1857c507f18a512d6713d233,68,C:\Users\Acer\Documents\GitHub\ImageProcessing\Fingerprint_Enhancement_Jupyter_Project\Fingerprint_Enhancement_Jupyter_Project\Fingerprint_Enhancement_Project\data\SOCOFing\Real\343__M_Right_ring_finger.BMP
343__M_Right_thumb_finger.BMP,343,validation,1d1a39a6bfc74b56490c645ce8905465e9774eea1857c507f18a512d6713d233,68,C:\Users\Acer\Documents\GitHub\ImageProcessing\Fingerprint_Enhancement_Jupyter_Project\Fingerprint_Enhancement_Jupyter_Project\Fingerprint_Enhancement_Project\data\SOCOFing\Real\343__M_Right_thumb_finger.BMP
455__M_Left_index_finger.BMP,455,validation,1d5c0fc563e0d68f552e2763bffb1c1277e9996a4af3154558ba344f4af206d7,69,C:\Users\Acer\Documents\GitHub\ImageProcessing\Fingerprint_Enhancement_Jupyter_Project\Fingerprint_Enhancement_Jupyter_Project\Fingerprint_Enhancement_Project\data\SOCOFing\Real\455__M_Left_index_finger.BMP
455__M_Left_little_finger.BMP,455,validation,1d5c0fc563e0d68f552e2763bffb1c1277e9996a4af3154558ba344f4af206d7,69,C:\Users\Acer\Documents\GitHub\ImageProcessing\Fingerprint_Enhancement_Jupyter_Project\Fingerprint_Enhancement_Jupyter_Project\Fingerprint_Enhancement_Project\data\SOCOFing\Real\455__M_Left_little_finger.BMP
455__M_Left_middle_finger.BMP,455,validation,1d5c0fc563e0d68f552e2763bffb1c1277e9996a4af3154558ba344f4af206d7,69,C:\Users\Acer\Documents\GitHub\ImageProcessing\Fingerprint_Enhancement_Jupyter_Project\Fingerprint_Enhancement_Jupyter_Project\Fingerprint_Enhancement_Project\data\SOCOFing\Real\455__M_Left_middle_finger.BMP
455__M_Left_ring_finger.BMP,455,validation,1d5c0fc563e0d68f552e2763bffb1c1277e9996a4af3154558ba344f4af206d7,69,C:\Users\Acer\Documents\GitHub\ImageProcessing\Fingerprint_Enhancement_Jupyter_Project\Fingerprint_Enhancement_Jupyter_Project\Fingerprint_Enhancement_Project\data\SOCOFing\Real\455__M_Left_ring_finger.BMP
455__M_Left_thumb_finger.BMP,455,validation,1d5c0fc563e0d68f552e2763bffb1c1277e9996a4af3154558ba344f4af206d7,69,C:\Users\Acer\Documents\GitHub\ImageProcessing\Fingerprint_Enhancement_Jupyter_Project\Fingerprint_Enhancement_Jupyter_Project\Fingerprint_Enhancement_Project\data\SOCOFing\Real\455__M_Left_thumb_finger.BMP
455__M_Right_index_finger.BMP,455,validation,1d5c0fc563e0d68f552e2763bffb1c1277e9996a4af3154558ba344f4af206d7,69,C:\Users\Acer\Documents\GitHub\ImageProcessing\Fingerprint_Enhancement_Jupyter_Project\Fingerprint_Enhancement_Jupyter_Project\Fingerprint_Enhancement_Project\data\SOCOFing\Real\455__M_Right_index_finger.BMP
455__M_Right_little_finger.BMP,455,validation,1d5c0fc563e0d68f552e2763bffb1c1277e9996a4af3154558ba344f4af206d7,69,C:\Users\Acer\Documents\GitHub\ImageProcessing\Fingerprint_Enhancement_Jupyter_Project\Fingerprint_Enhancement_Jupyter_Project\Fingerprint_Enhancement_Project\data\SOCOFing\Real\455__M_Right_little_finger.BMP
455__M_Right_middle_finger.BMP,455,validation,1d5c0fc563e0d68f552e2763bffb1c1277e9996a4af3154558ba344f4af206d7,69,C:\Users\Acer\Documents\GitHub\ImageProcessing\Fingerprint_Enhancement_Jupyter_Project\Fingerprint_Enhancement_Jupyter_Project\Fingerprint_Enhancement_Project\data\SOCOFing\Real\455__M_Right_middle_finger.BMP
455__M_Right_ring_finger.BMP,455,validation,1d5c0fc563e0d68f552e2763bffb1c1277e9996a4af3154558ba344f4af206d7,69,C:\Users\Acer\Documents\GitHub\ImageProcessing\Fingerprint_Enhancement_Jupyter_Project\Fingerprint_Enhancement_Jupyter_Project\Fingerprint_Enhancement_Project\data\SOCOFing\Real\455__M_Right_ring_finger.BMP
455__M_Right_thumb_finger.BMP,455,validation,1d5c0fc563e0d68f552e2763bffb1c1277e9996a4af3154558ba344f4af206d7,69,C:\Users\Acer\Documents\GitHub\ImageProcessing\Fingerprint_Enhancement_Jupyter_Project\Fingerprint_Enhancement_Jupyter_Project\Fingerprint_Enhancement_Project\data\SOCOFing\Real\455__M_Right_thumb_finger.BMP
198__M_Left_index_finger.BMP,198,validation,1dc47bc18b0c72cd2a912a5c8682fa005a9a31ab3d0bde1d208db5ee9cca162e,70,C:\Users\Acer\Documents\GitHub\ImageProcessing\Fingerprint_Enhancement_Jupyter_Project\Fingerprint_Enhancement_Jupyter_Project\Fingerprint_Enhancement_Project\data\SOCOFing\Real\198__M_Left_index_finger.BMP
198__M_Left_little_finger.BMP,198,validation,1dc47bc18b0c72cd2a912a5c8682fa005a9a31ab3d0bde1d208db5ee9cca162e,70,C:\Users\Acer\Documents\GitHub\ImageProcessing\Fingerprint_Enhancement_Jupyter_Project\Fingerprint_Enhancement_Jupyter_Project\Fingerprint_Enhancement_Project\data\SOCOFing\Real\198__M_Left_little_finger.BMP
198__M_Left_middle_finger.BMP,198,validation,1dc47bc18b0c72cd2a912a5c8682fa005a9a31ab3d0bde1d208db5ee9cca162e,70,C:\Users\Acer\Documents\GitHub\ImageProcessing\Fingerprint_Enhancement_Jupyter_Project\Fingerprint_Enhancement_Jupyter_Project\Fingerprint_Enhancement_Project\data\SOCOFing\Real\198__M_Left_middle_finger.BMP
198__M_Left_ring_finger.BMP,198,validation,1dc47bc18b0c72cd2a912a5c8682fa005a9a31ab3d0bde1d208db5ee9cca162e,70,C:\Users\Acer\Documents\GitHub\ImageProcessing\Fingerprint_Enhancement_Jupyter_Project\Fingerprint_Enhancement_Jupyter_Project\Fingerprint_Enhancement_Project\data\SOCOFing\Real\198__M_Left_ring_finger.BMP
198__M_Left_thumb_finger.BMP,198,validation,1dc47bc18b0c72cd2a912a5c8682fa005a9a31ab3d0bde1d208db5ee9cca162e,70,C:\Users\Acer\Documents\GitHub\ImageProcessing\Fingerprint_Enhancement_Jupyter_Project\Fingerprint_Enhancement_Jupyter_Project\Fingerprint_Enhancement_Project\data\SOCOFing\Real\198__M_Left_thumb_finger.BMP
198__M_Right_index_finger.BMP,198,validation,1dc47bc18b0c72cd2a912a5c8682fa005a9a31ab3d0bde1d208db5ee9cca162e,70,C:\Users\Acer\Documents\GitHub\ImageProcessing\Fingerprint_Enhancement_Jupyter_Project\Fingerprint_Enhancement_Jupyter_Project\Fingerprint_Enhancement_Project\data\SOCOFing\Real\198__M_Right_index_finger.BMP
198__M_Right_little_finger.BMP,198,validation,1dc47bc18b0c72cd2a912a5c8682fa005a9a31ab3d0bde1d208db5ee9cca162e,70,C:\Users\Acer\Documents\GitHub\ImageProcessing\Fingerprint_Enhancement_Jupyter_Project\Fingerprint_Enhancement_Jupyter_Project\Fingerprint_Enhancement_Project\data\SOCOFing\Real\198__M_Right_little_finger.BMP
198__M_Right_middle_finger.BMP,198,validation,1dc47bc18b0c72cd2a912a5c8682fa005a9a31ab3d0bde1d208db5ee9cca162e,70,C:\Users\Acer\Documents\GitHub\ImageProcessing\Fingerprint_Enhancement_Jupyter_Project\Fingerprint_Enhancement_Jupyter_Project\Fingerprint_Enhancement_Project\data\SOCOFing\Real\198__M_Right_middle_finger.BMP
198__M_Right_ring_finger.BMP,198,validation,1dc47bc18b0c72cd2a912a5c8682fa005a9a31ab3d0bde1d208db5ee9cca162e,70,C:\Users\Acer\Documents\GitHub\ImageProcessing\Fingerprint_Enhancement_Jupyter_Project\Fingerprint_Enhancement_Jupyter_Project\Fingerprint_Enhancement_Project\data\SOCOFing\Real\198__M_Right_ring_finger.BMP
198__M_Right_thumb_finger.BMP,198,validation,1dc47bc18b0c72cd2a912a5c8682fa005a9a31ab3d0bde1d208db5ee9cca162e,70,C:\Users\Acer\Documents\GitHub\ImageProcessing\Fingerprint_Enhancement_Jupyter_Project\Fingerprint_Enhancement_Jupyter_Project\Fingerprint_Enhancement_Project\data\SOCOFing\Real\198__M_Right_thumb_finger.BMP
449__F_Left_index_finger.BMP,449,validation,1e68b90dc8ea940bd2b80243ab4550e061c3ad4af606f3c77893349180b0087e,71,C:\Users\Acer\Documents\GitHub\ImageProcessing\Fingerprint_Enhancement_Jupyter_Project\Fingerprint_Enhancement_Jupyter_Project\Fingerprint_Enhancement_Project\data\SOCOFing\Real\449__F_Left_index_finger.BMP
449__F_Left_little_finger.BMP,449,validation,1e68b90dc8ea940bd2b80243ab4550e061c3ad4af606f3c77893349180b0087e,71,C:\Users\Acer\Documents\GitHub\ImageProcessing\Fingerprint_Enhancement_Jupyter_Project\Fingerprint_Enhancement_Jupyter_Project\Fingerprint_Enhancement_Project\data\SOCOFing\Real\449__F_Left_little_finger.BMP
449__F_Left_middle_finger.BMP,449,validation,1e68b90dc8ea940bd2b80243ab4550e061c3ad4af606f3c77893349180b0087e,71,C:\Users\Acer\Documents\GitHub\ImageProcessing\Fingerprint_Enhancement_Jupyter_Project\Fingerprint_Enhancement_Jupyter_Project\Fingerprint_Enhancement_Project\data\SOCOFing\Real\449__F_Left_middle_finger.BMP
449__F_Left_ring_finger.BMP,449,validation,1e68b90dc8ea940bd2b80243ab4550e061c3ad4af606f3c77893349180b0087e,71,C:\Users\Acer\Documents\GitHub\ImageProcessing\Fingerprint_Enhancement_Jupyter_Project\Fingerprint_Enhancement_Jupyter_Project\Fingerprint_Enhancement_Project\data\SOCOFing\Real\449__F_Left_ring_finger.BMP
449__F_Left_thumb_finger.BMP,449,validation,1e68b90dc8ea940bd2b80243ab4550e061c3ad4af606f3c77893349180b0087e,71,C:\Users\Acer\Documents\GitHub\ImageProcessing\Fingerprint_Enhancement_Jupyter_Project\Fingerprint_Enhancement_Jupyter_Project\Fingerprint_Enhancement_Project\data\SOCOFing\Real\449__F_Left_thumb_finger.BMP
449__F_Right_index_finger.BMP,449,validation,1e68b90dc8ea940bd2b80243ab4550e061c3ad4af606f3c77893349180b0087e,71,C:\Users\Acer\Documents\GitHub\ImageProcessing\Fingerprint_Enhancement_Jupyter_Project\Fingerprint_Enhancement_Jupyter_Project\Fingerprint_Enhancement_Project\data\SOCOFing\Real\449__F_Right_index_finger.BMP
449__F_Right_little_finger.BMP,449,validation,1e68b90dc8ea940bd2b80243ab4550e061c3ad4af606f3c77893349180b0087e,71,C:\Users\Acer\Documents\GitHub\ImageProcessing\Fingerprint_Enhancement_Jupyter_Project\Fingerprint_Enhancement_Jupyter_Project\Fingerprint_Enhancement_Project\data\SOCOFing\Real\449__F_Right_little_finger.BMP
449__F_Right_middle_finger.BMP,449,validation,1e68b90dc8ea940bd2b80243ab4550e061c3ad4af606f3c77893349180b0087e,71,C:\Users\Acer\Documents\GitHub\ImageProcessing\Fingerprint_Enhancement_Jupyter_Project\Fingerprint_Enhancement_Jupyter_Project\Fingerprint_Enhancement_Project\data\SOCOFing\Real\449__F_Right_middle_finger.BMP
449__F_Right_ring_finger.BMP,449,validation,1e68b90dc8ea940bd2b80243ab4550e061c3ad4af606f3c77893349180b0087e,71,C:\Users\Acer\Documents\GitHub\ImageProcessing\Fingerprint_Enhancement_Jupyter_Project\Fingerprint_Enhancement_Jupyter_Project\Fingerprint_Enhancement_Project\data\SOCOFing\Real\449__F_Right_ring_finger.BMP
449__F_Right_thumb_finger.BMP,449,validation,1e68b90dc8ea940bd2b80243ab4550e061c3ad4af606f3c77893349180b0087e,71,C:\Users\Acer\Documents\GitHub\ImageProcessing\Fingerprint_Enhancement_Jupyter_Project\Fingerprint_Enhancement_Jupyter_Project\Fingerprint_Enhancement_Project\data\SOCOFing\Real\449__F_Right_thumb_finger.BMP
493__M_Left_index_finger.BMP,493,validation,1e84b6fa7d39e905bcd4f6ed5fe24d7accfeaa315660b2159a72d4337536ee56,72,C:\Users\Acer\Documents\GitHub\ImageProcessing\Fingerprint_Enhancement_Jupyter_Project\Fingerprint_Enhancement_Jupyter_Project\Fingerprint_Enhancement_Project\data\SOCOFing\Real\493__M_Left_index_finger.BMP
493__M_Left_little_finger.BMP,493,validation,1e84b6fa7d39e905bcd4f6ed5fe24d7accfeaa315660b2159a72d4337536ee56,72,C:\Users\Acer\Documents\GitHub\ImageProcessing\Fingerprint_Enhancement_Jupyter_Project\Fingerprint_Enhancement_Jupyter_Project\Fingerprint_Enhancement_Project\data\SOCOFing\Real\493__M_Left_little_finger.BMP
493__M_Left_middle_finger.BMP,493,validation,1e84b6fa7d39e905bcd4f6ed5fe24d7accfeaa315660b2159a72d4337536ee56,72,C:\Users\Acer\Documents\GitHub\ImageProcessing\Fingerprint_Enhancement_Jupyter_Project\Fingerprint_Enhancement_Jupyter_Project\Fingerprint_Enhancement_Project\data\SOCOFing\Real\493__M_Left_middle_finger.BMP
493__M_Left_ring_finger.BMP,493,validation,1e84b6fa7d39e905bcd4f6ed5fe24d7accfeaa315660b2159a72d4337536ee56,72,C:\Users\Acer\Documents\GitHub\ImageProcessing\Fingerprint_Enhancement_Jupyter_Project\Fingerprint_Enhancement_Jupyter_Project\Fingerprint_Enhancement_Project\data\SOCOFing\Real\493__M_Left_ring_finger.BMP
493__M_Left_thumb_finger.BMP,493,validation,1e84b6fa7d39e905bcd4f6ed5fe24d7accfeaa315660b2159a72d4337536ee56,72,C:\Users\Acer\Documents\GitHub\ImageProcessing\Fingerprint_Enhancement_Jupyter_Project\Fingerprint_Enhancement_Jupyter_Project\Fingerprint_Enhancement_Project\data\SOCOFing\Real\493__M_Left_thumb_finger.BMP
493__M_Right_index_finger.BMP,493,validation,1e84b6fa7d39e905bcd4f6ed5fe24d7accfeaa315660b2159a72d4337536ee56,72,C:\Users\Acer\Documents\GitHub\ImageProcessing\Fingerprint_Enhancement_Jupyter_Project\Fingerprint_Enhancement_Jupyter_Project\Fingerprint_Enhancement_Project\data\SOCOFing\Real\493__M_Right_index_finger.BMP
493__M_Right_little_finger.BMP,493,validation,1e84b6fa7d39e905bcd4f6ed5fe24d7accfeaa315660b2159a72d4337536ee56,72,C:\Users\Acer\Documents\GitHub\ImageProcessing\Fingerprint_Enhancement_Jupyter_Project\Fingerprint_Enhancement_Jupyter_Project\Fingerprint_Enhancement_Project\data\SOCOFing\Real\493__M_Right_little_finger.BMP
493__M_Right_middle_finger.BMP,493,validation,1e84b6fa7d39e905bcd4f6ed5fe24d7accfeaa315660b2159a72d4337536ee56,72,C:\Users\Acer\Documents\GitHub\ImageProcessing\Fingerprint_Enhancement_Jupyter_Project\Fingerprint_Enhancement_Jupyter_Project\Fingerprint_Enhancement_Project\data\SOCOFing\Real\493__M_Right_middle_finger.BMP
493__M_Right_ring_finger.BMP,493,validation,1e84b6fa7d39e905bcd4f6ed5fe24d7accfeaa315660b2159a72d4337536ee56,72,C:\Users\Acer\Documents\GitHub\ImageProcessing\Fingerprint_Enhancement_Jupyter_Project\Fingerprint_Enhancement_Jupyter_Project\Fingerprint_Enhancement_Project\data\SOCOFing\Real\493__M_Right_ring_finger.BMP
493__M_Right_thumb_finger.BMP,493,validation,1e84b6fa7d39e905bcd4f6ed5fe24d7accfeaa315660b2159a72d4337536ee56,72,C:\Users\Acer\Documents\GitHub\ImageProcessing\Fingerprint_Enhancement_Jupyter_Project\Fingerprint_Enhancement_Jupyter_Project\Fingerprint_Enhancement_Project\data\SOCOFing\Real\493__M_Right_thumb_finger.BMP
426__M_Left_index_finger.BMP,426,validation,1f13d79d6ab121b0191c6d8f8bd3ddd2cbd6a6935d43874f1a51c01d72f5aca1,73,C:\Users\Acer\Documents\GitHub\ImageProcessing\Fingerprint_Enhancement_Jupyter_Project\Fingerprint_Enhancement_Jupyter_Project\Fingerprint_Enhancement_Project\data\SOCOFing\Real\426__M_Left_index_finger.BMP
426__M_Left_little_finger.BMP,426,validation,1f13d79d6ab121b0191c6d8f8bd3ddd2cbd6a6935d43874f1a51c01d72f5aca1,73,C:\Users\Acer\Documents\GitHub\ImageProcessing\Fingerprint_Enhancement_Jupyter_Project\Fingerprint_Enhancement_Jupyter_Project\Fingerprint_Enhancement_Project\data\SOCOFing\Real\426__M_Left_little_finger.BMP
426__M_Left_middle_finger.BMP,426,validation,1f13d79d6ab121b0191c6d8f8bd3ddd2cbd6a6935d43874f1a51c01d72f5aca1,73,C:\Users\Acer\Documents\GitHub\ImageProcessing\Fingerprint_Enhancement_Jupyter_Project\Fingerprint_Enhancement_Jupyter_Project\Fingerprint_Enhancement_Project\data\SOCOFing\Real\426__M_Left_middle_finger.BMP
426__M_Left_ring_finger.BMP,426,validation,1f13d79d6ab121b0191c6d8f8bd3ddd2cbd6a6935d43874f1a51c01d72f5aca1,73,C:\Users\Acer\Documents\GitHub\ImageProcessing\Fingerprint_Enhancement_Jupyter_Project\Fingerprint_Enhancement_Jupyter_Project\Fingerprint_Enhancement_Project\data\SOCOFing\Real\426__M_Left_ring_finger.BMP
426__M_Left_thumb_finger.BMP,426,validation,1f13d79d6ab121b0191c6d8f8bd3ddd2cbd6a6935d43874f1a51c01d72f5aca1,73,C:\Users\Acer\Documents\GitHub\ImageProcessing\Fingerprint_Enhancement_Jupyter_Project\Fingerprint_Enhancement_Jupyter_Project\Fingerprint_Enhancement_Project\data\SOCOFing\Real\426__M_Left_thumb_finger.BMP
426__M_Right_index_finger.BMP,426,validation,1f13d79d6ab121b0191c6d8f8bd3ddd2cbd6a6935d43874f1a51c01d72f5aca1,73,C:\Users\Acer\Documents\GitHub\ImageProcessing\Fingerprint_Enhancement_Jupyter_Project\Fingerprint_Enhancement_Jupyter_Project\Fingerprint_Enhancement_Project\data\SOCOFing\Real\426__M_Right_index_finger.BMP
426__M_Right_little_finger.BMP,426,validation,1f13d79d6ab121b0191c6d8f8bd3ddd2cbd6a6935d43874f1a51c01d72f5aca1,73,C:\Users\Acer\Documents\GitHub\ImageProcessing\Fingerprint_Enhancement_Jupyter_Project\Fingerprint_Enhancement_Jupyter_Project\Fingerprint_Enhancement_Project\data\SOCOFing\Real\426__M_Right_little_finger.BMP
426__M_Right_middle_finger.BMP,426,validation,1f13d79d6ab121b0191c6d8f8bd3ddd2cbd6a6935d43874f1a51c01d72f5aca1,73,C:\Users\Acer\Documents\GitHub\ImageProcessing\Fingerprint_Enhancement_Jupyter_Project\Fingerprint_Enhancement_Jupyter_Project\Fingerprint_Enhancement_Project\data\SOCOFing\Real\426__M_Right_middle_finger.BMP
426__M_Right_ring_finger.BMP,426,validation,1f13d79d6ab121b0191c6d8f8bd3ddd2cbd6a6935d43874f1a51c01d72f5aca1,73,C:\Users\Acer\Documents\GitHub\ImageProcessing\Fingerprint_Enhancement_Jupyter_Project\Fingerprint_Enhancement_Jupyter_Project\Fingerprint_Enhancement_Project\data\SOCOFing\Real\426__M_Right_ring_finger.BMP
426__M_Right_thumb_finger.BMP,426,validation,1f13d79d6ab121b0191c6d8f8bd3ddd2cbd6a6935d43874f1a51c01d72f5aca1,73,C:\Users\Acer\Documents\GitHub\ImageProcessing\Fingerprint_Enhancement_Jupyter_Project\Fingerprint_Enhancement_Jupyter_Project\Fingerprint_Enhancement_Project\data\SOCOFing\Real\426__M_Right_thumb_finger.BMP
532__M_Left_index_finger.BMP,532,validation,1f4c19f87362277d8b5890255f19d173c8d60dfbce58b0a8b9cf516b86a52804,74,C:\Users\Acer\Documents\GitHub\ImageProcessing\Fingerprint_Enhancement_Jupyter_Project\Fingerprint_Enhancement_Jupyter_Project\Fingerprint_Enhancement_Project\data\SOCOFing\Real\532__M_Left_index_finger.BMP
532__M_Left_little_finger.BMP,532,validation,1f4c19f87362277d8b5890255f19d173c8d60dfbce58b0a8b9cf516b86a52804,74,C:\Users\Acer\Documents\GitHub\ImageProcessing\Fingerprint_Enhancement_Jupyter_Project\Fingerprint_Enhancement_Jupyter_Project\Fingerprint_Enhancement_Project\data\SOCOFing\Real\532__M_Left_little_finger.BMP
532__M_Left_middle_finger.BMP,532,validation,1f4c19f87362277d8b5890255f19d173c8d60dfbce58b0a8b9cf516b86a52804,74,C:\Users\Acer\Documents\GitHub\ImageProcessing\Fingerprint_Enhancement_Jupyter_Project\Fingerprint_Enhancement_Jupyter_Project\Fingerprint_Enhancement_Project\data\SOCOFing\Real\532__M_Left_middle_finger.BMP
532__M_Left_ring_finger.BMP,532,validation,1f4c19f87362277d8b5890255f19d173c8d60dfbce58b0a8b9cf516b86a52804,74,C:\Users\Acer\Documents\GitHub\ImageProcessing\Fingerprint_Enhancement_Jupyter_Project\Fingerprint_Enhancement_Jupyter_Project\Fingerprint_Enhancement_Project\data\SOCOFing\Real\532__M_Left_ring_finger.BMP
532__M_Left_thumb_finger.BMP,532,validation,1f4c19f87362277d8b5890255f19d173c8d60dfbce58b0a8b9cf516b86a52804,74,C:\Users\Acer\Documents\GitHub\ImageProcessing\Fingerprint_Enhancement_Jupyter_Project\Fingerprint_Enhancement_Jupyter_Project\Fingerprint_Enhancement_Project\data\SOCOFing\Real\532__M_Left_thumb_finger.BMP
532__M_Right_index_finger.BMP,532,validation,1f4c19f87362277d8b5890255f19d173c8d60dfbce58b0a8b9cf516b86a52804,74,C:\Users\Acer\Documents\GitHub\ImageProcessing\Fingerprint_Enhancement_Jupyter_Project\Fingerprint_Enhancement_Jupyter_Project\Fingerprint_Enhancement_Project\data\SOCOFing\Real\532__M_Right_index_finger.BMP
532__M_Right_little_finger.BMP,532,validation,1f4c19f87362277d8b5890255f19d173c8d60dfbce58b0a8b9cf516b86a52804,74,C:\Users\Acer\Documents\GitHub\ImageProcessing\Fingerprint_Enhancement_Jupyter_Project\Fingerprint_Enhancement_Jupyter_Project\Fingerprint_Enhancement_Project\data\SOCOFing\Real\532__M_Right_little_finger.BMP
532__M_Right_middle_finger.BMP,532,validation,1f4c19f87362277d8b5890255f19d173c8d60dfbce58b0a8b9cf516b86a52804,74,C:\Users\Acer\Documents\GitHub\ImageProcessing\Fingerprint_Enhancement_Jupyter_Project\Fingerprint_Enhancement_Jupyter_Project\Fingerprint_Enhancement_Project\data\SOCOFing\Real\532__M_Right_middle_finger.BMP
532__M_Right_ring_finger.BMP,532,validation,1f4c19f87362277d8b5890255f19d173c8d60dfbce58b0a8b9cf516b86a52804,74,C:\Users\Acer\Documents\GitHub\ImageProcessing\Fingerprint_Enhancement_Jupyter_Project\Fingerprint_Enhancement_Jupyter_Project\Fingerprint_Enhancement_Project\data\SOCOFing\Real\532__M_Right_ring_finger.BMP
532__M_Right_thumb_finger.BMP,532,validation,1f4c19f87362277d8b5890255f19d173c8d60dfbce58b0a8b9cf516b86a52804,74,C:\Users\Acer\Documents\GitHub\ImageProcessing\Fingerprint_Enhancement_Jupyter_Project\Fingerprint_Enhancement_Jupyter_Project\Fingerprint_Enhancement_Project\data\SOCOFing\Real\532__M_Right_thumb_finger.BMP
450__M_Left_index_finger.BMP,450,validation,1fb63589e7d61d00044ccd8282d9da0c3e979c0cf35615f6bb26eb3531e58fc0,75,C:\Users\Acer\Documents\GitHub\ImageProcessing\Fingerprint_Enhancement_Jupyter_Project\Fingerprint_Enhancement_Jupyter_Project\Fingerprint_Enhancement_Project\data\SOCOFing\Real\450__M_Left_index_finger.BMP
450__M_Left_little_finger.BMP,450,validation,1fb63589e7d61d00044ccd8282d9da0c3e979c0cf35615f6bb26eb3531e58fc0,75,C:\Users\Acer\Documents\GitHub\ImageProcessing\Fingerprint_Enhancement_Jupyter_Project\Fingerprint_Enhancement_Jupyter_Project\Fingerprint_Enhancement_Project\data\SOCOFing\Real\450__M_Left_little_finger.BMP
450__M_Left_middle_finger.BMP,450,validation,1fb63589e7d61d00044ccd8282d9da0c3e979c0cf35615f6bb26eb3531e58fc0,75,C:\Users\Acer\Documents\GitHub\ImageProcessing\Fingerprint_Enhancement_Jupyter_Project\Fingerprint_Enhancement_Jupyter_Project\Fingerprint_Enhancement_Project\data\SOCOFing\Real\450__M_Left_middle_finger.BMP
450__M_Left_ring_finger.BMP,450,validation,1fb63589e7d61d00044ccd8282d9da0c3e979c0cf35615f6bb26eb3531e58fc0,75,C:\Users\Acer\Documents\GitHub\ImageProcessing\Fingerprint_Enhancement_Jupyter_Project\Fingerprint_Enhancement_Jupyter_Project\Fingerprint_Enhancement_Project\data\SOCOFing\Real\450__M_Left_ring_finger.BMP
450__M_Left_thumb_finger.BMP,450,validation,1fb63589e7d61d00044ccd8282d9da0c3e979c0cf35615f6bb26eb3531e58fc0,75,C:\Users\Acer\Documents\GitHub\ImageProcessing\Fingerprint_Enhancement_Jupyter_Project\Fingerprint_Enhancement_Jupyter_Project\Fingerprint_Enhancement_Project\data\SOCOFing\Real\450__M_Left_thumb_finger.BMP
450__M_Right_index_finger.BMP,450,validation,1fb63589e7d61d00044ccd8282d9da0c3e979c0cf35615f6bb26eb3531e58fc0,75,C:\Users\Acer\Documents\GitHub\ImageProcessing\Fingerprint_Enhancement_Jupyter_Project\Fingerprint_Enhancement_Jupyter_Project\Fingerprint_Enhancement_Project\data\SOCOFing\Real\450__M_Right_index_finger.BMP
450__M_Right_little_finger.BMP,450,validation,1fb63589e7d61d00044ccd8282d9da0c3e979c0cf35615f6bb26eb3531e58fc0,75,C:\Users\Acer\Documents\GitHub\ImageProcessing\Fingerprint_Enhancement_Jupyter_Project\Fingerprint_Enhancement_Jupyter_Project\Fingerprint_Enhancement_Project\data\SOCOFing\Real\450__M_Right_little_finger.BMP
450__M_Right_middle_finger.BMP,450,validation,1fb63589e7d61d00044ccd8282d9da0c3e979c0cf35615f6bb26eb3531e58fc0,75,C:\Users\Acer\Documents\GitHub\ImageProcessing\Fingerprint_Enhancement_Jupyter_Project\Fingerprint_Enhancement_Jupyter_Project\Fingerprint_Enhancement_Project\data\SOCOFing\Real\450__M_Right_middle_finger.BMP
450__M_Right_ring_finger.BMP,450,validation,1fb63589e7d61d00044ccd8282d9da0c3e979c0cf35615f6bb26eb3531e58fc0,75,C:\Users\Acer\Documents\GitHub\ImageProcessing\Fingerprint_Enhancement_Jupyter_Project\Fingerprint_Enhancement_Jupyter_Project\Fingerprint_Enhancement_Project\data\SOCOFing\Real\450__M_Right_ring_finger.BMP
450__M_Right_thumb_finger.BMP,450,validation,1fb63589e7d61d00044ccd8282d9da0c3e979c0cf35615f6bb26eb3531e58fc0,75,C:\Users\Acer\Documents\GitHub\ImageProcessing\Fingerprint_Enhancement_Jupyter_Project\Fingerprint_Enhancement_Jupyter_Project\Fingerprint_Enhancement_Project\data\SOCOFing\Real\450__M_Right_thumb_finger.BMP
266__M_Left_index_finger.BMP,266,validation,20df3e347bb268ad23f123fd9e4ad0ed86bc9781e545b81da09ef8cd42a2bb73,76,C:\Users\Acer\Documents\GitHub\ImageProcessing\Fingerprint_Enhancement_Jupyter_Project\Fingerprint_Enhancement_Jupyter_Project\Fingerprint_Enhancement_Project\data\SOCOFing\Real\266__M_Left_index_finger.BMP
266__M_Left_little_finger.BMP,266,validation,20df3e347bb268ad23f123fd9e4ad0ed86bc9781e545b81da09ef8cd42a2bb73,76,C:\Users\Acer\Documents\GitHub\ImageProcessing\Fingerprint_Enhancement_Jupyter_Project\Fingerprint_Enhancement_Jupyter_Project\Fingerprint_Enhancement_Project\data\SOCOFing\Real\266__M_Left_little_finger.BMP
266__M_Left_middle_finger.BMP,266,validation,20df3e347bb268ad23f123fd9e4ad0ed86bc9781e545b81da09ef8cd42a2bb73,76,C:\Users\Acer\Documents\GitHub\ImageProcessing\Fingerprint_Enhancement_Jupyter_Project\Fingerprint_Enhancement_Jupyter_Project\Fingerprint_Enhancement_Project\data\SOCOFing\Real\266__M_Left_middle_finger.BMP
266__M_Left_ring_finger.BMP,266,validation,20df3e347bb268ad23f123fd9e4ad0ed86bc9781e545b81da09ef8cd42a2bb73,76,C:\Users\Acer\Documents\GitHub\ImageProcessing\Fingerprint_Enhancement_Jupyter_Project\Fingerprint_Enhancement_Jupyter_Project\Fingerprint_Enhancement_Project\data\SOCOFing\Real\266__M_Left_ring_finger.BMP
266__M_Left_thumb_finger.BMP,266,validation,20df3e347bb268ad23f123fd9e4ad0ed86bc9781e545b81da09ef8cd42a2bb73,76,C:\Users\Acer\Documents\GitHub\ImageProcessing\Fingerprint_Enhancement_Jupyter_Project\Fingerprint_Enhancement_Jupyter_Project\Fingerprint_Enhancement_Project\data\SOCOFing\Real\266__M_Left_thumb_finger.BMP
266__M_Right_index_finger.BMP,266,validation,20df3e347bb268ad23f123fd9e4ad0ed86bc9781e545b81da09ef8cd42a2bb73,76,C:\Users\Acer\Documents\GitHub\ImageProcessing\Fingerprint_Enhancement_Jupyter_Project\Fingerprint_Enhancement_Jupyter_Project\Fingerprint_Enhancement_Project\data\SOCOFing\Real\266__M_Right_index_finger.BMP
266__M_Right_little_finger.BMP,266,validation,20df3e347bb268ad23f123fd9e4ad0ed86bc9781e545b81da09ef8cd42a2bb73,76,C:\Users\Acer\Documents\GitHub\ImageProcessing\Fingerprint_Enhancement_Jupyter_Project\Fingerprint_Enhancement_Jupyter_Project\Fingerprint_Enhancement_Project\data\SOCOFing\Real\266__M_Right_little_finger.BMP
266__M_Right_middle_finger.BMP,266,validation,20df3e347bb268ad23f123fd9e4ad0ed86bc9781e545b81da09ef8cd42a2bb73,76,C:\Users\Acer\Documents\GitHub\ImageProcessing\Fingerprint_Enhancement_Jupyter_Project\Fingerprint_Enhancement_Jupyter_Project\Fingerprint_Enhancement_Project\data\SOCOFing\Real\266__M_Right_middle_finger.BMP
266__M_Right_ring_finger.BMP,266,validation,20df3e347bb268ad23f123fd9e4ad0ed86bc9781e545b81da09ef8cd42a2bb73,76,C:\Users\Acer\Documents\GitHub\ImageProcessing\Fingerprint_Enhancement_Jupyter_Project\Fingerprint_Enhancement_Jupyter_Project\Fingerprint_Enhancement_Project\data\SOCOFing\Real\266__M_Right_ring_finger.BMP
266__M_Right_thumb_finger.BMP,266,validation,20df3e347bb268ad23f123fd9e4ad0ed86bc9781e545b81da09ef8cd42a2bb73,76,C:\Users\Acer\Documents\GitHub\ImageProcessing\Fingerprint_Enhancement_Jupyter_Project\Fingerprint_Enhancement_Jupyter_Project\Fingerprint_Enhancement_Project\data\SOCOFing\Real\266__M_Right_thumb_finger.BMP
497__M_Left_index_finger.BMP,497,validation,216b2cb3edee7a77ae9ea70e835d452b9f43cc2f764a94c1edfa0635d796f932,77,C:\Users\Acer\Documents\GitHub\ImageProcessing\Fingerprint_Enhancement_Jupyter_Project\Fingerprint_Enhancement_Jupyter_Project\Fingerprint_Enhancement_Project\data\SOCOFing\Real\497__M_Left_index_finger.BMP
497__M_Left_little_finger.BMP,497,validation,216b2cb3edee7a77ae9ea70e835d452b9f43cc2f764a94c1edfa0635d796f932,77,C:\Users\Acer\Documents\GitHub\ImageProcessing\Fingerprint_Enhancement_Jupyter_Project\Fingerprint_Enhancement_Jupyter_Project\Fingerprint_Enhancement_Project\data\SOCOFing\Real\497__M_Left_little_finger.BMP
497__M_Left_middle_finger.BMP,497,validation,216b2cb3edee7a77ae9ea70e835d452b9f43cc2f764a94c1edfa0635d796f932,77,C:\Users\Acer\Documents\GitHub\ImageProcessing\Fingerprint_Enhancement_Jupyter_Project\Fingerprint_Enhancement_Jupyter_Project\Fingerprint_Enhancement_Project\data\SOCOFing\Real\497__M_Left_middle_finger.BMP
497__M_Left_ring_finger.BMP,497,validation,216b2cb3edee7a77ae9ea70e835d452b9f43cc2f764a94c1edfa0635d796f932,77,C:\Users\Acer\Documents\GitHub\ImageProcessing\Fingerprint_Enhancement_Jupyter_Project\Fingerprint_Enhancement_Jupyter_Project\Fingerprint_Enhancement_Project\data\SOCOFing\Real\497__M_Left_ring_finger.BMP
497__M_Left_thumb_finger.BMP,497,validation,216b2cb3edee7a77ae9ea70e835d452b9f43cc2f764a94c1edfa0635d796f932,77,C:\Users\Acer\Documents\GitHub\ImageProcessing\Fingerprint_Enhancement_Jupyter_Project\Fingerprint_Enhancement_Jupyter_Project\Fingerprint_Enhancement_Project\data\SOCOFing\Real\497__M_Left_thumb_finger.BMP
497__M_Right_index_finger.BMP,497,validation,216b2cb3edee7a77ae9ea70e835d452b9f43cc2f764a94c1edfa0635d796f932,77,C:\Users\Acer\Documents\GitHub\ImageProcessing\Fingerprint_Enhancement_Jupyter_Project\Fingerprint_Enhancement_Jupyter_Project\Fingerprint_Enhancement_Project\data\SOCOFing\Real\497__M_Right_index_finger.BMP
497__M_Right_little_finger.BMP,497,validation,216b2cb3edee7a77ae9ea70e835d452b9f43cc2f764a94c1edfa0635d796f932,77,C:\Users\Acer\Documents\GitHub\ImageProcessing\Fingerprint_Enhancement_Jupyter_Project\Fingerprint_Enhancement_Jupyter_Project\Fingerprint_Enhancement_Project\data\SOCOFing\Real\497__M_Right_little_finger.BMP
497__M_Right_middle_finger.BMP,497,validation,216b2cb3edee7a77ae9ea70e835d452b9f43cc2f764a94c1edfa0635d796f932,77,C:\Users\Acer\Documents\GitHub\ImageProcessing\Fingerprint_Enhancement_Jupyter_Project\Fingerprint_Enhancement_Jupyter_Project\Fingerprint_Enhancement_Project\data\SOCOFing\Real\497__M_Right_middle_finger.BMP
497__M_Right_ring_finger.BMP,497,validation,216b2cb3edee7a77ae9ea70e835d452b9f43cc2f764a94c1edfa0635d796f932,77,C:\Users\Acer\Documents\GitHub\ImageProcessing\Fingerprint_Enhancement_Jupyter_Project\Fingerprint_Enhancement_Jupyter_Project\Fingerprint_Enhancement_Project\data\SOCOFing\Real\497__M_Right_ring_finger.BMP
497__M_Right_thumb_finger.BMP,497,validation,216b2cb3edee7a77ae9ea70e835d452b9f43cc2f764a94c1edfa0635d796f932,77,C:\Users\Acer\Documents\GitHub\ImageProcessing\Fingerprint_Enhancement_Jupyter_Project\Fingerprint_Enhancement_Jupyter_Project\Fingerprint_Enhancement_Project\data\SOCOFing\Real\497__M_Right_thumb_finger.BMP
457__M_Left_index_finger.BMP,457,validation,22070b7712e4ead95eb17f4b44aff19180fe758f3a4ae336ca577c63335a84dd,78,C:\Users\Acer\Documents\GitHub\ImageProcessing\Fingerprint_Enhancement_Jupyter_Project\Fingerprint_Enhancement_Jupyter_Project\Fingerprint_Enhancement_Project\data\SOCOFing\Real\457__M_Left_index_finger.BMP
457__M_Left_little_finger.BMP,457,validation,22070b7712e4ead95eb17f4b44aff19180fe758f3a4ae336ca577c63335a84dd,78,C:\Users\Acer\Documents\GitHub\ImageProcessing\Fingerprint_Enhancement_Jupyter_Project\Fingerprint_Enhancement_Jupyter_Project\Fingerprint_Enhancement_Project\data\SOCOFing\Real\457__M_Left_little_finger.BMP
457__M_Left_middle_finger.BMP,457,validation,22070b7712e4ead95eb17f4b44aff19180fe758f3a4ae336ca577c63335a84dd,78,C:\Users\Acer\Documents\GitHub\ImageProcessing\Fingerprint_Enhancement_Jupyter_Project\Fingerprint_Enhancement_Jupyter_Project\Fingerprint_Enhancement_Project\data\SOCOFing\Real\457__M_Left_middle_finger.BMP
457__M_Left_ring_finger.BMP,457,validation,22070b7712e4ead95eb17f4b44aff19180fe758f3a4ae336ca577c63335a84dd,78,C:\Users\Acer\Documents\GitHub\ImageProcessing\Fingerprint_Enhancement_Jupyter_Project\Fingerprint_Enhancement_Jupyter_Project\Fingerprint_Enhancement_Project\data\SOCOFing\Real\457__M_Left_ring_finger.BMP
457__M_Left_thumb_finger.BMP,457,validation,22070b7712e4ead95eb17f4b44aff19180fe758f3a4ae336ca577c63335a84dd,78,C:\Users\Acer\Documents\GitHub\ImageProcessing\Fingerprint_Enhancement_Jupyter_Project\Fingerprint_Enhancement_Jupyter_Project\Fingerprint_Enhancement_Project\data\SOCOFing\Real\457__M_Left_thumb_finger.BMP
457__M_Right_index_finger.BMP,457,validation,22070b7712e4ead95eb17f4b44aff19180fe758f3a4ae336ca577c63335a84dd,78,C:\Users\Acer\Documents\GitHub\ImageProcessing\Fingerprint_Enhancement_Jupyter_Project\Fingerprint_Enhancement_Jupyter_Project\Fingerprint_Enhancement_Project\data\SOCOFing\Real\457__M_Right_index_finger.BMP
457__M_Right_little_finger.BMP,457,validation,22070b7712e4ead95eb17f4b44aff19180fe758f3a4ae336ca577c63335a84dd,78,C:\Users\Acer\Documents\GitHub\ImageProcessing\Fingerprint_Enhancement_Jupyter_Project\Fingerprint_Enhancement_Jupyter_Project\Fingerprint_Enhancement_Project\data\SOCOFing\Real\457__M_Right_little_finger.BMP
457__M_Right_middle_finger.BMP,457,validation,22070b7712e4ead95eb17f4b44aff19180fe758f3a4ae336ca577c63335a84dd,78,C:\Users\Acer\Documents\GitHub\ImageProcessing\Fingerprint_Enhancement_Jupyter_Project\Fingerprint_Enhancement_Jupyter_Project\Fingerprint_Enhancement_Project\data\SOCOFing\Real\457__M_Right_middle_finger.BMP
457__M_Right_ring_finger.BMP,457,validation,22070b7712e4ead95eb17f4b44aff19180fe758f3a4ae336ca577c63335a84dd,78,C:\Users\Acer\Documents\GitHub\ImageProcessing\Fingerprint_Enhancement_Jupyter_Project\Fingerprint_Enhancement_Jupyter_Project\Fingerprint_Enhancement_Project\data\SOCOFing\Real\457__M_Right_ring_finger.BMP
457__M_Right_thumb_finger.BMP,457,validation,22070b7712e4ead95eb17f4b44aff19180fe758f3a4ae336ca577c63335a84dd,78,C:\Users\Acer\Documents\GitHub\ImageProcessing\Fingerprint_Enhancement_Jupyter_Project\Fingerprint_Enhancement_Jupyter_Project\Fingerprint_Enhancement_Project\data\SOCOFing\Real\457__M_Right_thumb_finger.BMP
107__M_Left_index_finger.BMP,107,validation,2256183b187d993f2cc400abb2688a414ca6ccbe84ae4edc2060a5a293a38126,79,C:\Users\Acer\Documents\GitHub\ImageProcessing\Fingerprint_Enhancement_Jupyter_Project\Fingerprint_Enhancement_Jupyter_Project\Fingerprint_Enhancement_Project\data\SOCOFing\Real\107__M_Left_index_finger.BMP
107__M_Left_little_finger.BMP,107,validation,2256183b187d993f2cc400abb2688a414ca6ccbe84ae4edc2060a5a293a38126,79,C:\Users\Acer\Documents\GitHub\ImageProcessing\Fingerprint_Enhancement_Jupyter_Project\Fingerprint_Enhancement_Jupyter_Project\Fingerprint_Enhancement_Project\data\SOCOFing\Real\107__M_Left_little_finger.BMP
107__M_Left_middle_finger.BMP,107,validation,2256183b187d993f2cc400abb2688a414ca6ccbe84ae4edc2060a5a293a38126,79,C:\Users\Acer\Documents\GitHub\ImageProcessing\Fingerprint_Enhancement_Jupyter_Project\Fingerprint_Enhancement_Jupyter_Project\Fingerprint_Enhancement_Project\data\SOCOFing\Real\107__M_Left_middle_finger.BMP
107__M_Left_ring_finger.BMP,107,validation,2256183b187d993f2cc400abb2688a414ca6ccbe84ae4edc2060a5a293a38126,79,C:\Users\Acer\Documents\GitHub\ImageProcessing\Fingerprint_Enhancement_Jupyter_Project\Fingerprint_Enhancement_Jupyter_Project\Fingerprint_Enhancement_Project\data\SOCOFing\Real\107__M_Left_ring_finger.BMP
107__M_Left_thumb_finger.BMP,107,validation,2256183b187d993f2cc400abb2688a414ca6ccbe84ae4edc2060a5a293a38126,79,C:\Users\Acer\Documents\GitHub\ImageProcessing\Fingerprint_Enhancement_Jupyter_Project\Fingerprint_Enhancement_Jupyter_Project\Fingerprint_Enhancement_Project\data\SOCOFing\Real\107__M_Left_thumb_finger.BMP
107__M_Right_index_finger.BMP,107,validation,2256183b187d993f2cc400abb2688a414ca6ccbe84ae4edc2060a5a293a38126,79,C:\Users\Acer\Documents\GitHub\ImageProcessing\Fingerprint_Enhancement_Jupyter_Project\Fingerprint_Enhancement_Jupyter_Project\Fingerprint_Enhancement_Project\data\SOCOFing\Real\107__M_Right_index_finger.BMP
107__M_Right_little_finger.BMP,107,validation,2256183b187d993f2cc400abb2688a414ca6ccbe84ae4edc2060a5a293a38126,79,C:\Users\Acer\Documents\GitHub\ImageProcessing\Fingerprint_Enhancement_Jupyter_Project\Fingerprint_Enhancement_Jupyter_Project\Fingerprint_Enhancement_Project\data\SOCOFing\Real\107__M_Right_little_finger.BMP
107__M_Right_middle_finger.BMP,107,validation,2256183b187d993f2cc400abb2688a414ca6ccbe84ae4edc2060a5a293a38126,79,C:\Users\Acer\Documents\GitHub\ImageProcessing\Fingerprint_Enhancement_Jupyter_Project\Fingerprint_Enhancement_Jupyter_Project\Fingerprint_Enhancement_Project\data\SOCOFing\Real\107__M_Right_middle_finger.BMP
107__M_Right_ring_finger.BMP,107,validation,2256183b187d993f2cc400abb2688a414ca6ccbe84ae4edc2060a5a293a38126,79,C:\Users\Acer\Documents\GitHub\ImageProcessing\Fingerprint_Enhancement_Jupyter_Project\Fingerprint_Enhancement_Jupyter_Project\Fingerprint_Enhancement_Project\data\SOCOFing\Real\107__M_Right_ring_finger.BMP
107__M_Right_thumb_finger.BMP,107,validation,2256183b187d993f2cc400abb2688a414ca6ccbe84ae4edc2060a5a293a38126,79,C:\Users\Acer\Documents\GitHub\ImageProcessing\Fingerprint_Enhancement_Jupyter_Project\Fingerprint_Enhancement_Jupyter_Project\Fingerprint_Enhancement_Project\data\SOCOFing\Real\107__M_Right_thumb_finger.BMP
60__M_Left_index_finger.BMP,60,validation,225bbeb8927dfbbeaf80204dc74f6f387e2008b4a01151604d87335f4a3608d0,80,C:\Users\Acer\Documents\GitHub\ImageProcessing\Fingerprint_Enhancement_Jupyter_Project\Fingerprint_Enhancement_Jupyter_Project\Fingerprint_Enhancement_Project\data\SOCOFing\Real\60__M_Left_index_finger.BMP
60__M_Left_little_finger.BMP,60,validation,225bbeb8927dfbbeaf80204dc74f6f387e2008b4a01151604d87335f4a3608d0,80,C:\Users\Acer\Documents\GitHub\ImageProcessing\Fingerprint_Enhancement_Jupyter_Project\Fingerprint_Enhancement_Jupyter_Project\Fingerprint_Enhancement_Project\data\SOCOFing\Real\60__M_Left_little_finger.BMP
60__M_Left_middle_finger.BMP,60,validation,225bbeb8927dfbbeaf80204dc74f6f387e2008b4a01151604d87335f4a3608d0,80,C:\Users\Acer\Documents\GitHub\ImageProcessing\Fingerprint_Enhancement_Jupyter_Project\Fingerprint_Enhancement_Jupyter_Project\Fingerprint_Enhancement_Project\data\SOCOFing\Real\60__M_Left_middle_finger.BMP
60__M_Left_ring_finger.BMP,60,validation,225bbeb8927dfbbeaf80204dc74f6f387e2008b4a01151604d87335f4a3608d0,80,C:\Users\Acer\Documents\GitHub\ImageProcessing\Fingerprint_Enhancement_Jupyter_Project\Fingerprint_Enhancement_Jupyter_Project\Fingerprint_Enhancement_Project\data\SOCOFing\Real\60__M_Left_ring_finger.BMP
60__M_Left_thumb_finger.BMP,60,validation,225bbeb8927dfbbeaf80204dc74f6f387e2008b4a01151604d87335f4a3608d0,80,C:\Users\Acer\Documents\GitHub\ImageProcessing\Fingerprint_Enhancement_Jupyter_Project\Fingerprint_Enhancement_Jupyter_Project\Fingerprint_Enhancement_Project\data\SOCOFing\Real\60__M_Left_thumb_finger.BMP
60__M_Right_index_finger.BMP,60,validation,225bbeb8927dfbbeaf80204dc74f6f387e2008b4a01151604d87335f4a3608d0,80,C:\Users\Acer\Documents\GitHub\ImageProcessing\Fingerprint_Enhancement_Jupyter_Project\Fingerprint_Enhancement_Jupyter_Project\Fingerprint_Enhancement_Project\data\SOCOFing\Real\60__M_Right_index_finger.BMP
60__M_Right_little_finger.BMP,60,validation,225bbeb8927dfbbeaf80204dc74f6f387e2008b4a01151604d87335f4a3608d0,80,C:\Users\Acer\Documents\GitHub\ImageProcessing\Fingerprint_Enhancement_Jupyter_Project\Fingerprint_Enhancement_Jupyter_Project\Fingerprint_Enhancement_Project\data\SOCOFing\Real\60__M_Right_little_finger.BMP
60__M_Right_middle_finger.BMP,60,validation,225bbeb8927dfbbeaf80204dc74f6f387e2008b4a01151604d87335f4a3608d0,80,C:\Users\Acer\Documents\GitHub\ImageProcessing\Fingerprint_Enhancement_Jupyter_Project\Fingerprint_Enhancement_Jupyter_Project\Fingerprint_Enhancement_Project\data\SOCOFing\Real\60__M_Right_middle_finger.BMP
60__M_Right_ring_finger.BMP,60,validation,225bbeb8927dfbbeaf80204dc74f6f387e2008b4a01151604d87335f4a3608d0,80,C:\Users\Acer\Documents\GitHub\ImageProcessing\Fingerprint_Enhancement_Jupyter_Project\Fingerprint_Enhancement_Jupyter_Project\Fingerprint_Enhancement_Project\data\SOCOFing\Real\60__M_Right_ring_finger.BMP
60__M_Right_thumb_finger.BMP,60,validation,225bbeb8927dfbbeaf80204dc74f6f387e2008b4a01151604d87335f4a3608d0,80,C:\Users\Acer\Documents\GitHub\ImageProcessing\Fingerprint_Enhancement_Jupyter_Project\Fingerprint_Enhancement_Jupyter_Project\Fingerprint_Enhancement_Project\data\SOCOFing\Real\60__M_Right_thumb_finger.BMP
438__M_Left_index_finger.BMP,438,validation,2309a6aea521e150923010f156212c4989f55759a20d22beba7a75fb8e8bccb8,81,C:\Users\Acer\Documents\GitHub\ImageProcessing\Fingerprint_Enhancement_Jupyter_Project\Fingerprint_Enhancement_Jupyter_Project\Fingerprint_Enhancement_Project\data\SOCOFing\Real\438__M_Left_index_finger.BMP
438__M_Left_little_finger.BMP,438,validation,2309a6aea521e150923010f156212c4989f55759a20d22beba7a75fb8e8bccb8,81,C:\Users\Acer\Documents\GitHub\ImageProcessing\Fingerprint_Enhancement_Jupyter_Project\Fingerprint_Enhancement_Jupyter_Project\Fingerprint_Enhancement_Project\data\SOCOFing\Real\438__M_Left_little_finger.BMP
438__M_Left_middle_finger.BMP,438,validation,2309a6aea521e150923010f156212c4989f55759a20d22beba7a75fb8e8bccb8,81,C:\Users\Acer\Documents\GitHub\ImageProcessing\Fingerprint_Enhancement_Jupyter_Project\Fingerprint_Enhancement_Jupyter_Project\Fingerprint_Enhancement_Project\data\SOCOFing\Real\438__M_Left_middle_finger.BMP
438__M_Left_ring_finger.BMP,438,validation,2309a6aea521e150923010f156212c4989f55759a20d22beba7a75fb8e8bccb8,81,C:\Users\Acer\Documents\GitHub\ImageProcessing\Fingerprint_Enhancement_Jupyter_Project\Fingerprint_Enhancement_Jupyter_Project\Fingerprint_Enhancement_Project\data\SOCOFing\Real\438__M_Left_ring_finger.BMP
438__M_Left_thumb_finger.BMP,438,validation,2309a6aea521e150923010f156212c4989f55759a20d22beba7a75fb8e8bccb8,81,C:\Users\Acer\Documents\GitHub\ImageProcessing\Fingerprint_Enhancement_Jupyter_Project\Fingerprint_Enhancement_Jupyter_Project\Fingerprint_Enhancement_Project\data\SOCOFing\Real\438__M_Left_thumb_finger.BMP
438__M_Right_index_finger.BMP,438,validation,2309a6aea521e150923010f156212c4989f55759a20d22beba7a75fb8e8bccb8,81,C:\Users\Acer\Documents\GitHub\ImageProcessing\Fingerprint_Enhancement_Jupyter_Project\Fingerprint_Enhancement_Jupyter_Project\Fingerprint_Enhancement_Project\data\SOCOFing\Real\438__M_Right_index_finger.BMP
438__M_Right_little_finger.BMP,438,validation,2309a6aea521e150923010f156212c4989f55759a20d22beba7a75fb8e8bccb8,81,C:\Users\Acer\Documents\GitHub\ImageProcessing\Fingerprint_Enhancement_Jupyter_Project\Fingerprint_Enhancement_Jupyter_Project\Fingerprint_Enhancement_Project\data\SOCOFing\Real\438__M_Right_little_finger.BMP
438__M_Right_middle_finger.BMP,438,validation,2309a6aea521e150923010f156212c4989f55759a20d22beba7a75fb8e8bccb8,81,C:\Users\Acer\Documents\GitHub\ImageProcessing\Fingerprint_Enhancement_Jupyter_Project\Fingerprint_Enhancement_Jupyter_Project\Fingerprint_Enhancement_Project\data\SOCOFing\Real\438__M_Right_middle_finger.BMP
438__M_Right_ring_finger.BMP,438,validation,2309a6aea521e150923010f156212c4989f55759a20d22beba7a75fb8e8bccb8,81,C:\Users\Acer\Documents\GitHub\ImageProcessing\Fingerprint_Enhancement_Jupyter_Project\Fingerprint_Enhancement_Jupyter_Project\Fingerprint_Enhancement_Project\data\SOCOFing\Real\438__M_Right_ring_finger.BMP
438__M_Right_thumb_finger.BMP,438,validation,2309a6aea521e150923010f156212c4989f55759a20d22beba7a75fb8e8bccb8,81,C:\Users\Acer\Documents\GitHub\ImageProcessing\Fingerprint_Enhancement_Jupyter_Project\Fingerprint_Enhancement_Jupyter_Project\Fingerprint_Enhancement_Project\data\SOCOFing\Real\438__M_Right_thumb_finger.BMP
288__M_Left_index_finger.BMP,288,validation,2315bfe9c478f48bf46f0071708334589fb211767842c6b7d865bdc0eea3005e,82,C:\Users\Acer\Documents\GitHub\ImageProcessing\Fingerprint_Enhancement_Jupyter_Project\Fingerprint_Enhancement_Jupyter_Project\Fingerprint_Enhancement_Project\data\SOCOFing\Real\288__M_Left_index_finger.BMP
288__M_Left_little_finger.BMP,288,validation,2315bfe9c478f48bf46f0071708334589fb211767842c6b7d865bdc0eea3005e,82,C:\Users\Acer\Documents\GitHub\ImageProcessing\Fingerprint_Enhancement_Jupyter_Project\Fingerprint_Enhancement_Jupyter_Project\Fingerprint_Enhancement_Project\data\SOCOFing\Real\288__M_Left_little_finger.BMP
288__M_Left_middle_finger.BMP,288,validation,2315bfe9c478f48bf46f0071708334589fb211767842c6b7d865bdc0eea3005e,82,C:\Users\Acer\Documents\GitHub\ImageProcessing\Fingerprint_Enhancement_Jupyter_Project\Fingerprint_Enhancement_Jupyter_Project\Fingerprint_Enhancement_Project\data\SOCOFing\Real\288__M_Left_middle_finger.BMP
288__M_Left_ring_finger.BMP,288,validation,2315bfe9c478f48bf46f0071708334589fb211767842c6b7d865bdc0eea3005e,82,C:\Users\Acer\Documents\GitHub\ImageProcessing\Fingerprint_Enhancement_Jupyter_Project\Fingerprint_Enhancement_Jupyter_Project\Fingerprint_Enhancement_Project\data\SOCOFing\Real\288__M_Left_ring_finger.BMP
288__M_Left_thumb_finger.BMP,288,validation,2315bfe9c478f48bf46f0071708334589fb211767842c6b7d865bdc0eea3005e,82,C:\Users\Acer\Documents\GitHub\ImageProcessing\Fingerprint_Enhancement_Jupyter_Project\Fingerprint_Enhancement_Jupyter_Project\Fingerprint_Enhancement_Project\data\SOCOFing\Real\288__M_Left_thumb_finger.BMP
288__M_Right_index_finger.BMP,288,validation,2315bfe9c478f48bf46f0071708334589fb211767842c6b7d865bdc0eea3005e,82,C:\Users\Acer\Documents\GitHub\ImageProcessing\Fingerprint_Enhancement_Jupyter_Project\Fingerprint_Enhancement_Jupyter_Project\Fingerprint_Enhancement_Project\data\SOCOFing\Real\288__M_Right_index_finger.BMP
288__M_Right_little_finger.BMP,288,validation,2315bfe9c478f48bf46f0071708334589fb211767842c6b7d865bdc0eea3005e,82,C:\Users\Acer\Documents\GitHub\ImageProcessing\Fingerprint_Enhancement_Jupyter_Project\Fingerprint_Enhancement_Jupyter_Project\Fingerprint_Enhancement_Project\data\SOCOFing\Real\288__M_Right_little_finger.BMP
288__M_Right_middle_finger.BMP,288,validation,2315bfe9c478f48bf46f0071708334589fb211767842c6b7d865bdc0eea3005e,82,C:\Users\Acer\Documents\GitHub\ImageProcessing\Fingerprint_Enhancement_Jupyter_Project\Fingerprint_Enhancement_Jupyter_Project\Fingerprint_Enhancement_Project\data\SOCOFing\Real\288__M_Right_middle_finger.BMP
288__M_Right_ring_finger.BMP,288,validation,2315bfe9c478f48bf46f0071708334589fb211767842c6b7d865bdc0eea3005e,82,C:\Users\Acer\Documents\GitHub\ImageProcessing\Fingerprint_Enhancement_Jupyter_Project\Fingerprint_Enhancement_Jupyter_Project\Fingerprint_Enhancement_Project\data\SOCOFing\Real\288__M_Right_ring_finger.BMP
288__M_Right_thumb_finger.BMP,288,validation,2315bfe9c478f48bf46f0071708334589fb211767842c6b7d865bdc0eea3005e,82,C:\Users\Acer\Documents\GitHub\ImageProcessing\Fingerprint_Enhancement_Jupyter_Project\Fingerprint_Enhancement_Jupyter_Project\Fingerprint_Enhancement_Project\data\SOCOFing\Real\288__M_Right_thumb_finger.BMP
87__M_Left_index_finger.BMP,87,validation,238be6a2d00c46a8ff8d0f2d8b1e5d85a428de3a4b2479ef49a5502966f485af,83,C:\Users\Acer\Documents\GitHub\ImageProcessing\Fingerprint_Enhancement_Jupyter_Project\Fingerprint_Enhancement_Jupyter_Project\Fingerprint_Enhancement_Project\data\SOCOFing\Real\87__M_Left_index_finger.BMP
87__M_Left_little_finger.BMP,87,validation,238be6a2d00c46a8ff8d0f2d8b1e5d85a428de3a4b2479ef49a5502966f485af,83,C:\Users\Acer\Documents\GitHub\ImageProcessing\Fingerprint_Enhancement_Jupyter_Project\Fingerprint_Enhancement_Jupyter_Project\Fingerprint_Enhancement_Project\data\SOCOFing\Real\87__M_Left_little_finger.BMP
87__M_Left_middle_finger.BMP,87,validation,238be6a2d00c46a8ff8d0f2d8b1e5d85a428de3a4b2479ef49a5502966f485af,83,C:\Users\Acer\Documents\GitHub\ImageProcessing\Fingerprint_Enhancement_Jupyter_Project\Fingerprint_Enhancement_Jupyter_Project\Fingerprint_Enhancement_Project\data\SOCOFing\Real\87__M_Left_middle_finger.BMP
87__M_Left_ring_finger.BMP,87,validation,238be6a2d00c46a8ff8d0f2d8b1e5d85a428de3a4b2479ef49a5502966f485af,83,C:\Users\Acer\Documents\GitHub\ImageProcessing\Fingerprint_Enhancement_Jupyter_Project\Fingerprint_Enhancement_Jupyter_Project\Fingerprint_Enhancement_Project\data\SOCOFing\Real\87__M_Left_ring_finger.BMP
87__M_Left_thumb_finger.BMP,87,validation,238be6a2d00c46a8ff8d0f2d8b1e5d85a428de3a4b2479ef49a5502966f485af,83,C:\Users\Acer\Documents\GitHub\ImageProcessing\Fingerprint_Enhancement_Jupyter_Project\Fingerprint_Enhancement_Jupyter_Project\Fingerprint_Enhancement_Project\data\SOCOFing\Real\87__M_Left_thumb_finger.BMP
87__M_Right_index_finger.BMP,87,validation,238be6a2d00c46a8ff8d0f2d8b1e5d85a428de3a4b2479ef49a5502966f485af,83,C:\Users\Acer\Documents\GitHub\ImageProcessing\Fingerprint_Enhancement_Jupyter_Project\Fingerprint_Enhancement_Jupyter_Project\Fingerprint_Enhancement_Project\data\SOCOFing\Real\87__M_Right_index_finger.BMP
87__M_Right_little_finger.BMP,87,validation,238be6a2d00c46a8ff8d0f2d8b1e5d85a428de3a4b2479ef49a5502966f485af,83,C:\Users\Acer\Documents\GitHub\ImageProcessing\Fingerprint_Enhancement_Jupyter_Project\Fingerprint_Enhancement_Jupyter_Project\Fingerprint_Enhancement_Project\data\SOCOFing\Real\87__M_Right_little_finger.BMP
87__M_Right_middle_finger.BMP,87,validation,238be6a2d00c46a8ff8d0f2d8b1e5d85a428de3a4b2479ef49a5502966f485af,83,C:\Users\Acer\Documents\GitHub\ImageProcessing\Fingerprint_Enhancement_Jupyter_Project\Fingerprint_Enhancement_Jupyter_Project\Fingerprint_Enhancement_Project\data\SOCOFing\Real\87__M_Right_middle_finger.BMP
87__M_Right_ring_finger.BMP,87,validation,238be6a2d00c46a8ff8d0f2d8b1e5d85a428de3a4b2479ef49a5502966f485af,83,C:\Users\Acer\Documents\GitHub\ImageProcessing\Fingerprint_Enhancement_Jupyter_Project\Fingerprint_Enhancement_Jupyter_Project\Fingerprint_Enhancement_Project\data\SOCOFing\Real\87__M_Right_ring_finger.BMP
87__M_Right_thumb_finger.BMP,87,validation,238be6a2d00c46a8ff8d0f2d8b1e5d85a428de3a4b2479ef49a5502966f485af,83,C:\Users\Acer\Documents\GitHub\ImageProcessing\Fingerprint_Enhancement_Jupyter_Project\Fingerprint_Enhancement_Jupyter_Project\Fingerprint_Enhancement_Project\data\SOCOFing\Real\87__M_Right_thumb_finger.BMP
19__M_Left_index_finger.BMP,19,validation,23ae6cbd6fd01d10619aa0ec94e660b58749fdd92f865ac68ba9e93d4f71b055,84,C:\Users\Acer\Documents\GitHub\ImageProcessing\Fingerprint_Enhancement_Jupyter_Project\Fingerprint_Enhancement_Jupyter_Project\Fingerprint_Enhancement_Project\data\SOCOFing\Real\19__M_Left_index_finger.BMP
19__M_Left_little_finger.BMP,19,validation,23ae6cbd6fd01d10619aa0ec94e660b58749fdd92f865ac68ba9e93d4f71b055,84,C:\Users\Acer\Documents\GitHub\ImageProcessing\Fingerprint_Enhancement_Jupyter_Project\Fingerprint_Enhancement_Jupyter_Project\Fingerprint_Enhancement_Project\data\SOCOFing\Real\19__M_Left_little_finger.BMP
19__M_Left_middle_finger.BMP,19,validation,23ae6cbd6fd01d10619aa0ec94e660b58749fdd92f865ac68ba9e93d4f71b055,84,C:\Users\Acer\Documents\GitHub\ImageProcessing\Fingerprint_Enhancement_Jupyter_Project\Fingerprint_Enhancement_Jupyter_Project\Fingerprint_Enhancement_Project\data\SOCOFing\Real\19__M_Left_middle_finger.BMP
19__M_Left_ring_finger.BMP,19,validation,23ae6cbd6fd01d10619aa0ec94e660b58749fdd92f865ac68ba9e93d4f71b055,84,C:\Users\Acer\Documents\GitHub\ImageProcessing\Fingerprint_Enhancement_Jupyter_Project\Fingerprint_Enhancement_Jupyter_Project\Fingerprint_Enhancement_Project\data\SOCOFing\Real\19__M_Left_ring_finger.BMP
19__M_Left_thumb_finger.BMP,19,validation,23ae6cbd6fd01d10619aa0ec94e660b58749fdd92f865ac68ba9e93d4f71b055,84,C:\Users\Acer\Documents\GitHub\ImageProcessing\Fingerprint_Enhancement_Jupyter_Project\Fingerprint_Enhancement_Jupyter_Project\Fingerprint_Enhancement_Project\data\SOCOFing\Real\19__M_Left_thumb_finger.BMP
19__M_Right_index_finger.BMP,19,validation,23ae6cbd6fd01d10619aa0ec94e660b58749fdd92f865ac68ba9e93d4f71b055,84,C:\Users\Acer\Documents\GitHub\ImageProcessing\Fingerprint_Enhancement_Jupyter_Project\Fingerprint_Enhancement_Jupyter_Project\Fingerprint_Enhancement_Project\data\SOCOFing\Real\19__M_Right_index_finger.BMP
19__M_Right_little_finger.BMP,19,validation,23ae6cbd6fd01d10619aa0ec94e660b58749fdd92f865ac68ba9e93d4f71b055,84,C:\Users\Acer\Documents\GitHub\ImageProcessing\Fingerprint_Enhancement_Jupyter_Project\Fingerprint_Enhancement_Jupyter_Project\Fingerprint_Enhancement_Project\data\SOCOFing\Real\19__M_Right_little_finger.BMP
19__M_Right_middle_finger.BMP,19,validation,23ae6cbd6fd01d10619aa0ec94e660b58749fdd92f865ac68ba9e93d4f71b055,84,C:\Users\Acer\Documents\GitHub\ImageProcessing\Fingerprint_Enhancement_Jupyter_Project\Fingerprint_Enhancement_Jupyter_Project\Fingerprint_Enhancement_Project\data\SOCOFing\Real\19__M_Right_middle_finger.BMP
19__M_Right_ring_finger.BMP,19,validation,23ae6cbd6fd01d10619aa0ec94e660b58749fdd92f865ac68ba9e93d4f71b055,84,C:\Users\Acer\Documents\GitHub\ImageProcessing\Fingerprint_Enhancement_Jupyter_Project\Fingerprint_Enhancement_Jupyter_Project\Fingerprint_Enhancement_Project\data\SOCOFing\Real\19__M_Right_ring_finger.BMP
19__M_Right_thumb_finger.BMP,19,validation,23ae6cbd6fd01d10619aa0ec94e660b58749fdd92f865ac68ba9e93d4f71b055,84,C:\Users\Acer\Documents\GitHub\ImageProcessing\Fingerprint_Enhancement_Jupyter_Project\Fingerprint_Enhancement_Jupyter_Project\Fingerprint_Enhancement_Project\data\SOCOFing\Real\19__M_Right_thumb_finger.BMP
456__M_Left_index_finger.BMP,456,validation,23e0076d7f03fcd93720533889010d88fd77044189d98db97cf061825357c98a,85,C:\Users\Acer\Documents\GitHub\ImageProcessing\Fingerprint_Enhancement_Jupyter_Project\Fingerprint_Enhancement_Jupyter_Project\Fingerprint_Enhancement_Project\data\SOCOFing\Real\456__M_Left_index_finger.BMP
456__M_Left_little_finger.BMP,456,validation,23e0076d7f03fcd93720533889010d88fd77044189d98db97cf061825357c98a,85,C:\Users\Acer\Documents\GitHub\ImageProcessing\Fingerprint_Enhancement_Jupyter_Project\Fingerprint_Enhancement_Jupyter_Project\Fingerprint_Enhancement_Project\data\SOCOFing\Real\456__M_Left_little_finger.BMP
456__M_Left_middle_finger.BMP,456,validation,23e0076d7f03fcd93720533889010d88fd77044189d98db97cf061825357c98a,85,C:\Users\Acer\Documents\GitHub\ImageProcessing\Fingerprint_Enhancement_Jupyter_Project\Fingerprint_Enhancement_Jupyter_Project\Fingerprint_Enhancement_Project\data\SOCOFing\Real\456__M_Left_middle_finger.BMP
456__M_Left_ring_finger.BMP,456,validation,23e0076d7f03fcd93720533889010d88fd77044189d98db97cf061825357c98a,85,C:\Users\Acer\Documents\GitHub\ImageProcessing\Fingerprint_Enhancement_Jupyter_Project\Fingerprint_Enhancement_Jupyter_Project\Fingerprint_Enhancement_Project\data\SOCOFing\Real\456__M_Left_ring_finger.BMP
456__M_Left_thumb_finger.BMP,456,validation,23e0076d7f03fcd93720533889010d88fd77044189d98db97cf061825357c98a,85,C:\Users\Acer\Documents\GitHub\ImageProcessing\Fingerprint_Enhancement_Jupyter_Project\Fingerprint_Enhancement_Jupyter_Project\Fingerprint_Enhancement_Project\data\SOCOFing\Real\456__M_Left_thumb_finger.BMP
456__M_Right_index_finger.BMP,456,validation,23e0076d7f03fcd93720533889010d88fd77044189d98db97cf061825357c98a,85,C:\Users\Acer\Documents\GitHub\ImageProcessing\Fingerprint_Enhancement_Jupyter_Project\Fingerprint_Enhancement_Jupyter_Project\Fingerprint_Enhancement_Project\data\SOCOFing\Real\456__M_Right_index_finger.BMP
456__M_Right_little_finger.BMP,456,validation,23e0076d7f03fcd93720533889010d88fd77044189d98db97cf061825357c98a,85,C:\Users\Acer\Documents\GitHub\ImageProcessing\Fingerprint_Enhancement_Jupyter_Project\Fingerprint_Enhancement_Jupyter_Project\Fingerprint_Enhancement_Project\data\SOCOFing\Real\456__M_Right_little_finger.BMP
456__M_Right_middle_finger.BMP,456,validation,23e0076d7f03fcd93720533889010d88fd77044189d98db97cf061825357c98a,85,C:\Users\Acer\Documents\GitHub\ImageProcessing\Fingerprint_Enhancement_Jupyter_Project\Fingerprint_Enhancement_Jupyter_Project\Fingerprint_Enhancement_Project\data\SOCOFing\Real\456__M_Right_middle_finger.BMP
456__M_Right_ring_finger.BMP,456,validation,23e0076d7f03fcd93720533889010d88fd77044189d98db97cf061825357c98a,85,C:\Users\Acer\Documents\GitHub\ImageProcessing\Fingerprint_Enhancement_Jupyter_Project\Fingerprint_Enhancement_Jupyter_Project\Fingerprint_Enhancement_Project\data\SOCOFing\Real\456__M_Right_ring_finger.BMP
456__M_Right_thumb_finger.BMP,456,validation,23e0076d7f03fcd93720533889010d88fd77044189d98db97cf061825357c98a,85,C:\Users\Acer\Documents\GitHub\ImageProcessing\Fingerprint_Enhancement_Jupyter_Project\Fingerprint_Enhancement_Jupyter_Project\Fingerprint_Enhancement_Project\data\SOCOFing\Real\456__M_Right_thumb_finger.BMP
3__M_Left_index_finger.BMP,3,validation,24006237793ff233286819a9302c76457b7be4da559e4054d0b023e4a2456d39,86,C:\Users\Acer\Documents\GitHub\ImageProcessing\Fingerprint_Enhancement_Jupyter_Project\Fingerprint_Enhancement_Jupyter_Project\Fingerprint_Enhancement_Project\data\SOCOFing\Real\3__M_Left_index_finger.BMP
3__M_Left_little_finger.BMP,3,validation,24006237793ff233286819a9302c76457b7be4da559e4054d0b023e4a2456d39,86,C:\Users\Acer\Documents\GitHub\ImageProcessing\Fingerprint_Enhancement_Jupyter_Project\Fingerprint_Enhancement_Jupyter_Project\Fingerprint_Enhancement_Project\data\SOCOFing\Real\3__M_Left_little_finger.BMP
3__M_Left_middle_finger.BMP,3,validation,24006237793ff233286819a9302c76457b7be4da559e4054d0b023e4a2456d39,86,C:\Users\Acer\Documents\GitHub\ImageProcessing\Fingerprint_Enhancement_Jupyter_Project\Fingerprint_Enhancement_Jupyter_Project\Fingerprint_Enhancement_Project\data\SOCOFing\Real\3__M_Left_middle_finger.BMP
3__M_Left_ring_finger.BMP,3,validation,24006237793ff233286819a9302c76457b7be4da559e4054d0b023e4a2456d39,86,C:\Users\Acer\Documents\GitHub\ImageProcessing\Fingerprint_Enhancement_Jupyter_Project\Fingerprint_Enhancement_Jupyter_Project\Fingerprint_Enhancement_Project\data\SOCOFing\Real\3__M_Left_ring_finger.BMP
3__M_Left_thumb_finger.BMP,3,validation,24006237793ff233286819a9302c76457b7be4da559e4054d0b023e4a2456d39,86,C:\Users\Acer\Documents\GitHub\ImageProcessing\Fingerprint_Enhancement_Jupyter_Project\Fingerprint_Enhancement_Jupyter_Project\Fingerprint_Enhancement_Project\data\SOCOFing\Real\3__M_Left_thumb_finger.BMP
3__M_Right_index_finger.BMP,3,validation,24006237793ff233286819a9302c76457b7be4da559e4054d0b023e4a2456d39,86,C:\Users\Acer\Documents\GitHub\ImageProcessing\Fingerprint_Enhancement_Jupyter_Project\Fingerprint_Enhancement_Jupyter_Project\Fingerprint_Enhancement_Project\data\SOCOFing\Real\3__M_Right_index_finger.BMP
3__M_Right_little_finger.BMP,3,validation,24006237793ff233286819a9302c76457b7be4da559e4054d0b023e4a2456d39,86,C:\Users\Acer\Documents\GitHub\ImageProcessing\Fingerprint_Enhancement_Jupyter_Project\Fingerprint_Enhancement_Jupyter_Project\Fingerprint_Enhancement_Project\data\SOCOFing\Real\3__M_Right_little_finger.BMP
3__M_Right_middle_finger.BMP,3,validation,24006237793ff233286819a9302c76457b7be4da559e4054d0b023e4a2456d39,86,C:\Users\Acer\Documents\GitHub\ImageProcessing\Fingerprint_Enhancement_Jupyter_Project\Fingerprint_Enhancement_Jupyter_Project\Fingerprint_Enhancement_Project\data\SOCOFing\Real\3__M_Right_middle_finger.BMP
3__M_Right_ring_finger.BMP,3,validation,24006237793ff233286819a9302c76457b7be4da559e4054d0b023e4a2456d39,86,C:\Users\Acer\Documents\GitHub\ImageProcessing\Fingerprint_Enhancement_Jupyter_Project\Fingerprint_Enhancement_Jupyter_Project\Fingerprint_Enhancement_Project\data\SOCOFing\Real\3__M_Right_ring_finger.BMP
3__M_Right_thumb_finger.BMP,3,validation,24006237793ff233286819a9302c76457b7be4da559e4054d0b023e4a2456d39,86,C:\Users\Acer\Documents\GitHub\ImageProcessing\Fingerprint_Enhancement_Jupyter_Project\Fingerprint_Enhancement_Jupyter_Project\Fingerprint_Enhancement_Project\data\SOCOFing\Real\3__M_Right_thumb_finger.BMP
407__M_Left_index_finger.BMP,407,validation,240629f034ea9e25aec951431581d6ce295f477b2fa516542372a67ca7c0176c,87,C:\Users\Acer\Documents\GitHub\ImageProcessing\Fingerprint_Enhancement_Jupyter_Project\Fingerprint_Enhancement_Jupyter_Project\Fingerprint_Enhancement_Project\data\SOCOFing\Real\407__M_Left_index_finger.BMP
407__M_Left_little_finger.BMP,407,validation,240629f034ea9e25aec951431581d6ce295f477b2fa516542372a67ca7c0176c,87,C:\Users\Acer\Documents\GitHub\ImageProcessing\Fingerprint_Enhancement_Jupyter_Project\Fingerprint_Enhancement_Jupyter_Project\Fingerprint_Enhancement_Project\data\SOCOFing\Real\407__M_Left_little_finger.BMP
407__M_Left_middle_finger.BMP,407,validation,240629f034ea9e25aec951431581d6ce295f477b2fa516542372a67ca7c0176c,87,C:\Users\Acer\Documents\GitHub\ImageProcessing\Fingerprint_Enhancement_Jupyter_Project\Fingerprint_Enhancement_Jupyter_Project\Fingerprint_Enhancement_Project\data\SOCOFing\Real\407__M_Left_middle_finger.BMP
407__M_Left_ring_finger.BMP,407,validation,240629f034ea9e25aec951431581d6ce295f477b2fa516542372a67ca7c0176c,87,C:\Users\Acer\Documents\GitHub\ImageProcessing\Fingerprint_Enhancement_Jupyter_Project\Fingerprint_Enhancement_Jupyter_Project\Fingerprint_Enhancement_Project\data\SOCOFing\Real\407__M_Left_ring_finger.BMP
407__M_Left_thumb_finger.BMP,407,validation,240629f034ea9e25aec951431581d6ce295f477b2fa516542372a67ca7c0176c,87,C:\Users\Acer\Documents\GitHub\ImageProcessing\Fingerprint_Enhancement_Jupyter_Project\Fingerprint_Enhancement_Jupyter_Project\Fingerprint_Enhancement_Project\data\SOCOFing\Real\407__M_Left_thumb_finger.BMP
407__M_Right_index_finger.BMP,407,validation,240629f034ea9e25aec951431581d6ce295f477b2fa516542372a67ca7c0176c,87,C:\Users\Acer\Documents\GitHub\ImageProcessing\Fingerprint_Enhancement_Jupyter_Project\Fingerprint_Enhancement_Jupyter_Project\Fingerprint_Enhancement_Project\data\SOCOFing\Real\407__M_Right_index_finger.BMP
407__M_Right_little_finger.BMP,407,validation,240629f034ea9e25aec951431581d6ce295f477b2fa516542372a67ca7c0176c,87,C:\Users\Acer\Documents\GitHub\ImageProcessing\Fingerprint_Enhancement_Jupyter_Project\Fingerprint_Enhancement_Jupyter_Project\Fingerprint_Enhancement_Project\data\SOCOFing\Real\407__M_Right_little_finger.BMP
407__M_Right_middle_finger.BMP,407,validation,240629f034ea9e25aec951431581d6ce295f477b2fa516542372a67ca7c0176c,87,C:\Users\Acer\Documents\GitHub\ImageProcessing\Fingerprint_Enhancement_Jupyter_Project\Fingerprint_Enhancement_Jupyter_Project\Fingerprint_Enhancement_Project\data\SOCOFing\Real\407__M_Right_middle_finger.BMP
407__M_Right_ring_finger.BMP,407,validation,240629f034ea9e25aec951431581d6ce295f477b2fa516542372a67ca7c0176c,87,C:\Users\Acer\Documents\GitHub\ImageProcessing\Fingerprint_Enhancement_Jupyter_Project\Fingerprint_Enhancement_Jupyter_Project\Fingerprint_Enhancement_Project\data\SOCOFing\Real\407__M_Right_ring_finger.BMP
407__M_Right_thumb_finger.BMP,407,validation,240629f034ea9e25aec951431581d6ce295f477b2fa516542372a67ca7c0176c,87,C:\Users\Acer\Documents\GitHub\ImageProcessing\Fingerprint_Enhancement_Jupyter_Project\Fingerprint_Enhancement_Jupyter_Project\Fingerprint_Enhancement_Project\data\SOCOFing\Real\407__M_Right_thumb_finger.BMP
292__M_Left_index_finger.BMP,292,validation,24790cae3a8c630b580340cecdc5e55855191e3b393f34823063d90fff056efb,88,C:\Users\Acer\Documents\GitHub\ImageProcessing\Fingerprint_Enhancement_Jupyter_Project\Fingerprint_Enhancement_Jupyter_Project\Fingerprint_Enhancement_Project\data\SOCOFing\Real\292__M_Left_index_finger.BMP
292__M_Left_little_finger.BMP,292,validation,24790cae3a8c630b580340cecdc5e55855191e3b393f34823063d90fff056efb,88,C:\Users\Acer\Documents\GitHub\ImageProcessing\Fingerprint_Enhancement_Jupyter_Project\Fingerprint_Enhancement_Jupyter_Project\Fingerprint_Enhancement_Project\data\SOCOFing\Real\292__M_Left_little_finger.BMP
292__M_Left_middle_finger.BMP,292,validation,24790cae3a8c630b580340cecdc5e55855191e3b393f34823063d90fff056efb,88,C:\Users\Acer\Documents\GitHub\ImageProcessing\Fingerprint_Enhancement_Jupyter_Project\Fingerprint_Enhancement_Jupyter_Project\Fingerprint_Enhancement_Project\data\SOCOFing\Real\292__M_Left_middle_finger.BMP
292__M_Left_ring_finger.BMP,292,validation,24790cae3a8c630b580340cecdc5e55855191e3b393f34823063d90fff056efb,88,C:\Users\Acer\Documents\GitHub\ImageProcessing\Fingerprint_Enhancement_Jupyter_Project\Fingerprint_Enhancement_Jupyter_Project\Fingerprint_Enhancement_Project\data\SOCOFing\Real\292__M_Left_ring_finger.BMP
292__M_Left_thumb_finger.BMP,292,validation,24790cae3a8c630b580340cecdc5e55855191e3b393f34823063d90fff056efb,88,C:\Users\Acer\Documents\GitHub\ImageProcessing\Fingerprint_Enhancement_Jupyter_Project\Fingerprint_Enhancement_Jupyter_Project\Fingerprint_Enhancement_Project\data\SOCOFing\Real\292__M_Left_thumb_finger.BMP
292__M_Right_index_finger.BMP,292,validation,24790cae3a8c630b580340cecdc5e55855191e3b393f34823063d90fff056efb,88,C:\Users\Acer\Documents\GitHub\ImageProcessing\Fingerprint_Enhancement_Jupyter_Project\Fingerprint_Enhancement_Jupyter_Project\Fingerprint_Enhancement_Project\data\SOCOFing\Real\292__M_Right_index_finger.BMP
292__M_Right_little_finger.BMP,292,validation,24790cae3a8c630b580340cecdc5e55855191e3b393f34823063d90fff056efb,88,C:\Users\Acer\Documents\GitHub\ImageProcessing\Fingerprint_Enhancement_Jupyter_Project\Fingerprint_Enhancement_Jupyter_Project\Fingerprint_Enhancement_Project\data\SOCOFing\Real\292__M_Right_little_finger.BMP
292__M_Right_middle_finger.BMP,292,validation,24790cae3a8c630b580340cecdc5e55855191e3b393f34823063d90fff056efb,88,C:\Users\Acer\Documents\GitHub\ImageProcessing\Fingerprint_Enhancement_Jupyter_Project\Fingerprint_Enhancement_Jupyter_Project\Fingerprint_Enhancement_Project\data\SOCOFing\Real\292__M_Right_middle_finger.BMP
292__M_Right_ring_finger.BMP,292,validation,24790cae3a8c630b580340cecdc5e55855191e3b393f34823063d90fff056efb,88,C:\Users\Acer\Documents\GitHub\ImageProcessing\Fingerprint_Enhancement_Jupyter_Project\Fingerprint_Enhancement_Jupyter_Project\Fingerprint_Enhancement_Project\data\SOCOFing\Real\292__M_Right_ring_finger.BMP
292__M_Right_thumb_finger.BMP,292,validation,24790cae3a8c630b580340cecdc5e55855191e3b393f34823063d90fff056efb,88,C:\Users\Acer\Documents\GitHub\ImageProcessing\Fingerprint_Enhancement_Jupyter_Project\Fingerprint_Enhancement_Jupyter_Project\Fingerprint_Enhancement_Project\data\SOCOFing\Real\292__M_Right_thumb_finger.BMP
416__M_Left_index_finger.BMP,416,validation,249f49c3c0ae8b1ae560972931d8f3772ddb89538e1a59cbdfeb1b2aa6095d2e,89,C:\Users\Acer\Documents\GitHub\ImageProcessing\Fingerprint_Enhancement_Jupyter_Project\Fingerprint_Enhancement_Jupyter_Project\Fingerprint_Enhancement_Project\data\SOCOFing\Real\416__M_Left_index_finger.BMP
416__M_Left_little_finger.BMP,416,validation,249f49c3c0ae8b1ae560972931d8f3772ddb89538e1a59cbdfeb1b2aa6095d2e,89,C:\Users\Acer\Documents\GitHub\ImageProcessing\Fingerprint_Enhancement_Jupyter_Project\Fingerprint_Enhancement_Jupyter_Project\Fingerprint_Enhancement_Project\data\SOCOFing\Real\416__M_Left_little_finger.BMP
416__M_Left_middle_finger.BMP,416,validation,249f49c3c0ae8b1ae560972931d8f3772ddb89538e1a59cbdfeb1b2aa6095d2e,89,C:\Users\Acer\Documents\GitHub\ImageProcessing\Fingerprint_Enhancement_Jupyter_Project\Fingerprint_Enhancement_Jupyter_Project\Fingerprint_Enhancement_Project\data\SOCOFing\Real\416__M_Left_middle_finger.BMP
416__M_Left_ring_finger.BMP,416,validation,249f49c3c0ae8b1ae560972931d8f3772ddb89538e1a59cbdfeb1b2aa6095d2e,89,C:\Users\Acer\Documents\GitHub\ImageProcessing\Fingerprint_Enhancement_Jupyter_Project\Fingerprint_Enhancement_Jupyter_Project\Fingerprint_Enhancement_Project\data\SOCOFing\Real\416__M_Left_ring_finger.BMP
416__M_Left_thumb_finger.BMP,416,validation,249f49c3c0ae8b1ae560972931d8f3772ddb89538e1a59cbdfeb1b2aa6095d2e,89,C:\Users\Acer\Documents\GitHub\ImageProcessing\Fingerprint_Enhancement_Jupyter_Project\Fingerprint_Enhancement_Jupyter_Project\Fingerprint_Enhancement_Project\data\SOCOFing\Real\416__M_Left_thumb_finger.BMP
416__M_Right_index_finger.BMP,416,validation,249f49c3c0ae8b1ae560972931d8f3772ddb89538e1a59cbdfeb1b2aa6095d2e,89,C:\Users\Acer\Documents\GitHub\ImageProcessing\Fingerprint_Enhancement_Jupyter_Project\Fingerprint_Enhancement_Jupyter_Project\Fingerprint_Enhancement_Project\data\SOCOFing\Real\416__M_Right_index_finger.BMP
416__M_Right_little_finger.BMP,416,validation,249f49c3c0ae8b1ae560972931d8f3772ddb89538e1a59cbdfeb1b2aa6095d2e,89,C:\Users\Acer\Documents\GitHub\ImageProcessing\Fingerprint_Enhancement_Jupyter_Project\Fingerprint_Enhancement_Jupyter_Project\Fingerprint_Enhancement_Project\data\SOCOFing\Real\416__M_Right_little_finger.BMP
416__M_Right_middle_finger.BMP,416,validation,249f49c3c0ae8b1ae560972931d8f3772ddb89538e1a59cbdfeb1b2aa6095d2e,89,C:\Users\Acer\Documents\GitHub\ImageProcessing\Fingerprint_Enhancement_Jupyter_Project\Fingerprint_Enhancement_Jupyter_Project\Fingerprint_Enhancement_Project\data\SOCOFing\Real\416__M_Right_middle_finger.BMP
416__M_Right_ring_finger.BMP,416,validation,249f49c3c0ae8b1ae560972931d8f3772ddb89538e1a59cbdfeb1b2aa6095d2e,89,C:\Users\Acer\Documents\GitHub\ImageProcessing\Fingerprint_Enhancement_Jupyter_Project\Fingerprint_Enhancement_Jupyter_Project\Fingerprint_Enhancement_Project\data\SOCOFing\Real\416__M_Right_ring_finger.BMP
416__M_Right_thumb_finger.BMP,416,validation,249f49c3c0ae8b1ae560972931d8f3772ddb89538e1a59cbdfeb1b2aa6095d2e,89,C:\Users\Acer\Documents\GitHub\ImageProcessing\Fingerprint_Enhancement_Jupyter_Project\Fingerprint_Enhancement_Jupyter_Project\Fingerprint_Enhancement_Project\data\SOCOFing\Real\416__M_Right_thumb_finger.BMP
327__M_Left_index_finger.BMP,327,validation,250dbe3023d08e2042a9d311f9f0224003b4667d5bbf13de7c0754346d45abcb,90,C:\Users\Acer\Documents\GitHub\ImageProcessing\Fingerprint_Enhancement_Jupyter_Project\Fingerprint_Enhancement_Jupyter_Project\Fingerprint_Enhancement_Project\data\SOCOFing\Real\327__M_Left_index_finger.BMP
327__M_Left_little_finger.BMP,327,validation,250dbe3023d08e2042a9d311f9f0224003b4667d5bbf13de7c0754346d45abcb,90,C:\Users\Acer\Documents\GitHub\ImageProcessing\Fingerprint_Enhancement_Jupyter_Project\Fingerprint_Enhancement_Jupyter_Project\Fingerprint_Enhancement_Project\data\SOCOFing\Real\327__M_Left_little_finger.BMP
327__M_Left_middle_finger.BMP,327,validation,250dbe3023d08e2042a9d311f9f0224003b4667d5bbf13de7c0754346d45abcb,90,C:\Users\Acer\Documents\GitHub\ImageProcessing\Fingerprint_Enhancement_Jupyter_Project\Fingerprint_Enhancement_Jupyter_Project\Fingerprint_Enhancement_Project\data\SOCOFing\Real\327__M_Left_middle_finger.BMP
327__M_Left_ring_finger.BMP,327,validation,250dbe3023d08e2042a9d311f9f0224003b4667d5bbf13de7c0754346d45abcb,90,C:\Users\Acer\Documents\GitHub\ImageProcessing\Fingerprint_Enhancement_Jupyter_Project\Fingerprint_Enhancement_Jupyter_Project\Fingerprint_Enhancement_Project\data\SOCOFing\Real\327__M_Left_ring_finger.BMP
327__M_Left_thumb_finger.BMP,327,validation,250dbe3023d08e2042a9d311f9f0224003b4667d5bbf13de7c0754346d45abcb,90,C:\Users\Acer\Documents\GitHub\ImageProcessing\Fingerprint_Enhancement_Jupyter_Project\Fingerprint_Enhancement_Jupyter_Project\Fingerprint_Enhancement_Project\data\SOCOFing\Real\327__M_Left_thumb_finger.BMP
327__M_Right_index_finger.BMP,327,validation,250dbe3023d08e2042a9d311f9f0224003b4667d5bbf13de7c0754346d45abcb,90,C:\Users\Acer\Documents\GitHub\ImageProcessing\Fingerprint_Enhancement_Jupyter_Project\Fingerprint_Enhancement_Jupyter_Project\Fingerprint_Enhancement_Project\data\SOCOFing\Real\327__M_Right_index_finger.BMP
327__M_Right_little_finger.BMP,327,validation,250dbe3023d08e2042a9d311f9f0224003b4667d5bbf13de7c0754346d45abcb,90,C:\Users\Acer\Documents\GitHub\ImageProcessing\Fingerprint_Enhancement_Jupyter_Project\Fingerprint_Enhancement_Jupyter_Project\Fingerprint_Enhancement_Project\data\SOCOFing\Real\327__M_Right_little_finger.BMP
327__M_Right_middle_finger.BMP,327,validation,250dbe3023d08e2042a9d311f9f0224003b4667d5bbf13de7c0754346d45abcb,90,C:\Users\Acer\Documents\GitHub\ImageProcessing\Fingerprint_Enhancement_Jupyter_Project\Fingerprint_Enhancement_Jupyter_Project\Fingerprint_Enhancement_Project\data\SOCOFing\Real\327__M_Right_middle_finger.BMP
327__M_Right_ring_finger.BMP,327,validation,250dbe3023d08e2042a9d311f9f0224003b4667d5bbf13de7c0754346d45abcb,90,C:\Users\Acer\Documents\GitHub\ImageProcessing\Fingerprint_Enhancement_Jupyter_Project\Fingerprint_Enhancement_Jupyter_Project\Fingerprint_Enhancement_Project\data\SOCOFing\Real\327__M_Right_ring_finger.BMP
327__M_Right_thumb_finger.BMP,327,validation,250dbe3023d08e2042a9d311f9f0224003b4667d5bbf13de7c0754346d45abcb,90,C:\Users\Acer\Documents\GitHub\ImageProcessing\Fingerprint_Enhancement_Jupyter_Project\Fingerprint_Enhancement_Jupyter_Project\Fingerprint_Enhancement_Project\data\SOCOFing\Real\327__M_Right_thumb_finger.BMP
477__M_Left_index_finger.BMP,477,validation,264473d00d0bb1f83b1be527c7e33ec71aa1f5ac3f9a967862a4a7519e64411b,91,C:\Users\Acer\Documents\GitHub\ImageProcessing\Fingerprint_Enhancement_Jupyter_Project\Fingerprint_Enhancement_Jupyter_Project\Fingerprint_Enhancement_Project\data\SOCOFing\Real\477__M_Left_index_finger.BMP
477__M_Left_little_finger.BMP,477,validation,264473d00d0bb1f83b1be527c7e33ec71aa1f5ac3f9a967862a4a7519e64411b,91,C:\Users\Acer\Documents\GitHub\ImageProcessing\Fingerprint_Enhancement_Jupyter_Project\Fingerprint_Enhancement_Jupyter_Project\Fingerprint_Enhancement_Project\data\SOCOFing\Real\477__M_Left_little_finger.BMP
477__M_Left_middle_finger.BMP,477,validation,264473d00d0bb1f83b1be527c7e33ec71aa1f5ac3f9a967862a4a7519e64411b,91,C:\Users\Acer\Documents\GitHub\ImageProcessing\Fingerprint_Enhancement_Jupyter_Project\Fingerprint_Enhancement_Jupyter_Project\Fingerprint_Enhancement_Project\data\SOCOFing\Real\477__M_Left_middle_finger.BMP
477__M_Left_ring_finger.BMP,477,validation,264473d00d0bb1f83b1be527c7e33ec71aa1f5ac3f9a967862a4a7519e64411b,91,C:\Users\Acer\Documents\GitHub\ImageProcessing\Fingerprint_Enhancement_Jupyter_Project\Fingerprint_Enhancement_Jupyter_Project\Fingerprint_Enhancement_Project\data\SOCOFing\Real\477__M_Left_ring_finger.BMP
477__M_Left_thumb_finger.BMP,477,validation,264473d00d0bb1f83b1be527c7e33ec71aa1f5ac3f9a967862a4a7519e64411b,91,C:\Users\Acer\Documents\GitHub\ImageProcessing\Fingerprint_Enhancement_Jupyter_Project\Fingerprint_Enhancement_Jupyter_Project\Fingerprint_Enhancement_Project\data\SOCOFing\Real\477__M_Left_thumb_finger.BMP
477__M_Right_index_finger.BMP,477,validation,264473d00d0bb1f83b1be527c7e33ec71aa1f5ac3f9a967862a4a7519e64411b,91,C:\Users\Acer\Documents\GitHub\ImageProcessing\Fingerprint_Enhancement_Jupyter_Project\Fingerprint_Enhancement_Jupyter_Project\Fingerprint_Enhancement_Project\data\SOCOFing\Real\477__M_Right_index_finger.BMP
477__M_Right_little_finger.BMP,477,validation,264473d00d0bb1f83b1be527c7e33ec71aa1f5ac3f9a967862a4a7519e64411b,91,C:\Users\Acer\Documents\GitHub\ImageProcessing\Fingerprint_Enhancement_Jupyter_Project\Fingerprint_Enhancement_Jupyter_Project\Fingerprint_Enhancement_Project\data\SOCOFing\Real\477__M_Right_little_finger.BMP
477__M_Right_middle_finger.BMP,477,validation,264473d00d0bb1f83b1be527c7e33ec71aa1f5ac3f9a967862a4a7519e64411b,91,C:\Users\Acer\Documents\GitHub\ImageProcessing\Fingerprint_Enhancement_Jupyter_Project\Fingerprint_Enhancement_Jupyter_Project\Fingerprint_Enhancement_Project\data\SOCOFing\Real\477__M_Right_middle_finger.BMP
477__M_Right_ring_finger.BMP,477,validation,264473d00d0bb1f83b1be527c7e33ec71aa1f5ac3f9a967862a4a7519e64411b,91,C:\Users\Acer\Documents\GitHub\ImageProcessing\Fingerprint_Enhancement_Jupyter_Project\Fingerprint_Enhancement_Jupyter_Project\Fingerprint_Enhancement_Project\data\SOCOFing\Real\477__M_Right_ring_finger.BMP
477__M_Right_thumb_finger.BMP,477,validation,264473d00d0bb1f83b1be527c7e33ec71aa1f5ac3f9a967862a4a7519e64411b,91,C:\Users\Acer\Documents\GitHub\ImageProcessing\Fingerprint_Enhancement_Jupyter_Project\Fingerprint_Enhancement_Jupyter_Project\Fingerprint_Enhancement_Project\data\SOCOFing\Real\477__M_Right_thumb_finger.BMP
598__M_Left_index_finger.BMP,598,validation,27eec65a42b8a427cfa0bd24890cd24c3bd05dd8e8f4367be1360a43cc698e57,92,C:\Users\Acer\Documents\GitHub\ImageProcessing\Fingerprint_Enhancement_Jupyter_Project\Fingerprint_Enhancement_Jupyter_Project\Fingerprint_Enhancement_Project\data\SOCOFing\Real\598__M_Left_index_finger.BMP
598__M_Left_little_finger.BMP,598,validation,27eec65a42b8a427cfa0bd24890cd24c3bd05dd8e8f4367be1360a43cc698e57,92,C:\Users\Acer\Documents\GitHub\ImageProcessing\Fingerprint_Enhancement_Jupyter_Project\Fingerprint_Enhancement_Jupyter_Project\Fingerprint_Enhancement_Project\data\SOCOFing\Real\598__M_Left_little_finger.BMP
598__M_Left_middle_finger.BMP,598,validation,27eec65a42b8a427cfa0bd24890cd24c3bd05dd8e8f4367be1360a43cc698e57,92,C:\Users\Acer\Documents\GitHub\ImageProcessing\Fingerprint_Enhancement_Jupyter_Project\Fingerprint_Enhancement_Jupyter_Project\Fingerprint_Enhancement_Project\data\SOCOFing\Real\598__M_Left_middle_finger.BMP
598__M_Left_ring_finger.BMP,598,validation,27eec65a42b8a427cfa0bd24890cd24c3bd05dd8e8f4367be1360a43cc698e57,92,C:\Users\Acer\Documents\GitHub\ImageProcessing\Fingerprint_Enhancement_Jupyter_Project\Fingerprint_Enhancement_Jupyter_Project\Fingerprint_Enhancement_Project\data\SOCOFing\Real\598__M_Left_ring_finger.BMP
598__M_Left_thumb_finger.BMP,598,validation,27eec65a42b8a427cfa0bd24890cd24c3bd05dd8e8f4367be1360a43cc698e57,92,C:\Users\Acer\Documents\GitHub\ImageProcessing\Fingerprint_Enhancement_Jupyter_Project\Fingerprint_Enhancement_Jupyter_Project\Fingerprint_Enhancement_Project\data\SOCOFing\Real\598__M_Left_thumb_finger.BMP
598__M_Right_index_finger.BMP,598,validation,27eec65a42b8a427cfa0bd24890cd24c3bd05dd8e8f4367be1360a43cc698e57,92,C:\Users\Acer\Documents\GitHub\ImageProcessing\Fingerprint_Enhancement_Jupyter_Project\Fingerprint_Enhancement_Jupyter_Project\Fingerprint_Enhancement_Project\data\SOCOFing\Real\598__M_Right_index_finger.BMP
598__M_Right_little_finger.BMP,598,validation,27eec65a42b8a427cfa0bd24890cd24c3bd05dd8e8f4367be1360a43cc698e57,92,C:\Users\Acer\Documents\GitHub\ImageProcessing\Fingerprint_Enhancement_Jupyter_Project\Fingerprint_Enhancement_Jupyter_Project\Fingerprint_Enhancement_Project\data\SOCOFing\Real\598__M_Right_little_finger.BMP
598__M_Right_middle_finger.BMP,598,validation,27eec65a42b8a427cfa0bd24890cd24c3bd05dd8e8f4367be1360a43cc698e57,92,C:\Users\Acer\Documents\GitHub\ImageProcessing\Fingerprint_Enhancement_Jupyter_Project\Fingerprint_Enhancement_Jupyter_Project\Fingerprint_Enhancement_Project\data\SOCOFing\Real\598__M_Right_middle_finger.BMP
598__M_Right_ring_finger.BMP,598,validation,27eec65a42b8a427cfa0bd24890cd24c3bd05dd8e8f4367be1360a43cc698e57,92,C:\Users\Acer\Documents\GitHub\ImageProcessing\Fingerprint_Enhancement_Jupyter_Project\Fingerprint_Enhancement_Jupyter_Project\Fingerprint_Enhancement_Project\data\SOCOFing\Real\598__M_Right_ring_finger.BMP
598__M_Right_thumb_finger.BMP,598,validation,27eec65a42b8a427cfa0bd24890cd24c3bd05dd8e8f4367be1360a43cc698e57,92,C:\Users\Acer\Documents\GitHub\ImageProcessing\Fingerprint_Enhancement_Jupyter_Project\Fingerprint_Enhancement_Jupyter_Project\Fingerprint_Enhancement_Project\data\SOCOFing\Real\598__M_Right_thumb_finger.BMP
154__F_Left_index_finger.BMP,154,validation,283d8be95752616f562ad3e15fd859af25b8f168e5cfbc1995041fe554c12534,93,C:\Users\Acer\Documents\GitHub\ImageProcessing\Fingerprint_Enhancement_Jupyter_Project\Fingerprint_Enhancement_Jupyter_Project\Fingerprint_Enhancement_Project\data\SOCOFing\Real\154__F_Left_index_finger.BMP
154__F_Left_little_finger.BMP,154,validation,283d8be95752616f562ad3e15fd859af25b8f168e5cfbc1995041fe554c12534,93,C:\Users\Acer\Documents\GitHub\ImageProcessing\Fingerprint_Enhancement_Jupyter_Project\Fingerprint_Enhancement_Jupyter_Project\Fingerprint_Enhancement_Project\data\SOCOFing\Real\154__F_Left_little_finger.BMP
154__F_Left_middle_finger.BMP,154,validation,283d8be95752616f562ad3e15fd859af25b8f168e5cfbc1995041fe554c12534,93,C:\Users\Acer\Documents\GitHub\ImageProcessing\Fingerprint_Enhancement_Jupyter_Project\Fingerprint_Enhancement_Jupyter_Project\Fingerprint_Enhancement_Project\data\SOCOFing\Real\154__F_Left_middle_finger.BMP
154__F_Left_ring_finger.BMP,154,validation,283d8be95752616f562ad3e15fd859af25b8f168e5cfbc1995041fe554c12534,93,C:\Users\Acer\Documents\GitHub\ImageProcessing\Fingerprint_Enhancement_Jupyter_Project\Fingerprint_Enhancement_Jupyter_Project\Fingerprint_Enhancement_Project\data\SOCOFing\Real\154__F_Left_ring_finger.BMP
154__F_Left_thumb_finger.BMP,154,validation,283d8be95752616f562ad3e15fd859af25b8f168e5cfbc1995041fe554c12534,93,C:\Users\Acer\Documents\GitHub\ImageProcessing\Fingerprint_Enhancement_Jupyter_Project\Fingerprint_Enhancement_Jupyter_Project\Fingerprint_Enhancement_Project\data\SOCOFing\Real\154__F_Left_thumb_finger.BMP
154__F_Right_index_finger.BMP,154,validation,283d8be95752616f562ad3e15fd859af25b8f168e5cfbc1995041fe554c12534,93,C:\Users\Acer\Documents\GitHub\ImageProcessing\Fingerprint_Enhancement_Jupyter_Project\Fingerprint_Enhancement_Jupyter_Project\Fingerprint_Enhancement_Project\data\SOCOFing\Real\154__F_Right_index_finger.BMP
154__F_Right_little_finger.BMP,154,validation,283d8be95752616f562ad3e15fd859af25b8f168e5cfbc1995041fe554c12534,93,C:\Users\Acer\Documents\GitHub\ImageProcessing\Fingerprint_Enhancement_Jupyter_Project\Fingerprint_Enhancement_Jupyter_Project\Fingerprint_Enhancement_Project\data\SOCOFing\Real\154__F_Right_little_finger.BMP
154__F_Right_middle_finger.BMP,154,validation,283d8be95752616f562ad3e15fd859af25b8f168e5cfbc1995041fe554c12534,93,C:\Users\Acer\Documents\GitHub\ImageProcessing\Fingerprint_Enhancement_Jupyter_Project\Fingerprint_Enhancement_Jupyter_Project\Fingerprint_Enhancement_Project\data\SOCOFing\Real\154__F_Right_middle_finger.BMP
154__F_Right_ring_finger.BMP,154,validation,283d8be95752616f562ad3e15fd859af25b8f168e5cfbc1995041fe554c12534,93,C:\Users\Acer\Documents\GitHub\ImageProcessing\Fingerprint_Enhancement_Jupyter_Project\Fingerprint_Enhancement_Jupyter_Project\Fingerprint_Enhancement_Project\data\SOCOFing\Real\154__F_Right_ring_finger.BMP
154__F_Right_thumb_finger.BMP,154,validation,283d8be95752616f562ad3e15fd859af25b8f168e5cfbc1995041fe554c12534,93,C:\Users\Acer\Documents\GitHub\ImageProcessing\Fingerprint_Enhancement_Jupyter_Project\Fingerprint_Enhancement_Jupyter_Project\Fingerprint_Enhancement_Project\data\SOCOFing\Real\154__F_Right_thumb_finger.BMP
268__M_Left_index_finger.BMP,268,validation,284501245892365e1b51fc2098853dc8b17282cfd7abc31d63b9f5e321a592d2,94,C:\Users\Acer\Documents\GitHub\ImageProcessing\Fingerprint_Enhancement_Jupyter_Project\Fingerprint_Enhancement_Jupyter_Project\Fingerprint_Enhancement_Project\data\SOCOFing\Real\268__M_Left_index_finger.BMP
268__M_Left_little_finger.BMP,268,validation,284501245892365e1b51fc2098853dc8b17282cfd7abc31d63b9f5e321a592d2,94,C:\Users\Acer\Documents\GitHub\ImageProcessing\Fingerprint_Enhancement_Jupyter_Project\Fingerprint_Enhancement_Jupyter_Project\Fingerprint_Enhancement_Project\data\SOCOFing\Real\268__M_Left_little_finger.BMP
268__M_Left_middle_finger.BMP,268,validation,284501245892365e1b51fc2098853dc8b17282cfd7abc31d63b9f5e321a592d2,94,C:\Users\Acer\Documents\GitHub\ImageProcessing\Fingerprint_Enhancement_Jupyter_Project\Fingerprint_Enhancement_Jupyter_Project\Fingerprint_Enhancement_Project\data\SOCOFing\Real\268__M_Left_middle_finger.BMP
268__M_Left_ring_finger.BMP,268,validation,284501245892365e1b51fc2098853dc8b17282cfd7abc31d63b9f5e321a592d2,94,C:\Users\Acer\Documents\GitHub\ImageProcessing\Fingerprint_Enhancement_Jupyter_Project\Fingerprint_Enhancement_Jupyter_Project\Fingerprint_Enhancement_Project\data\SOCOFing\Real\268__M_Left_ring_finger.BMP
268__M_Left_thumb_finger.BMP,268,validation,284501245892365e1b51fc2098853dc8b17282cfd7abc31d63b9f5e321a592d2,94,C:\Users\Acer\Documents\GitHub\ImageProcessing\Fingerprint_Enhancement_Jupyter_Project\Fingerprint_Enhancement_Jupyter_Project\Fingerprint_Enhancement_Project\data\SOCOFing\Real\268__M_Left_thumb_finger.BMP
268__M_Right_index_finger.BMP,268,validation,284501245892365e1b51fc2098853dc8b17282cfd7abc31d63b9f5e321a592d2,94,C:\Users\Acer\Documents\GitHub\ImageProcessing\Fingerprint_Enhancement_Jupyter_Project\Fingerprint_Enhancement_Jupyter_Project\Fingerprint_Enhancement_Project\data\SOCOFing\Real\268__M_Right_index_finger.BMP
268__M_Right_little_finger.BMP,268,validation,284501245892365e1b51fc2098853dc8b17282cfd7abc31d63b9f5e321a592d2,94,C:\Users\Acer\Documents\GitHub\ImageProcessing\Fingerprint_Enhancement_Jupyter_Project\Fingerprint_Enhancement_Jupyter_Project\Fingerprint_Enhancement_Project\data\SOCOFing\Real\268__M_Right_little_finger.BMP
268__M_Right_middle_finger.BMP,268,validation,284501245892365e1b51fc2098853dc8b17282cfd7abc31d63b9f5e321a592d2,94,C:\Users\Acer\Documents\GitHub\ImageProcessing\Fingerprint_Enhancement_Jupyter_Project\Fingerprint_Enhancement_Jupyter_Project\Fingerprint_Enhancement_Project\data\SOCOFing\Real\268__M_Right_middle_finger.BMP
268__M_Right_ring_finger.BMP,268,validation,284501245892365e1b51fc2098853dc8b17282cfd7abc31d63b9f5e321a592d2,94,C:\Users\Acer\Documents\GitHub\ImageProcessing\Fingerprint_Enhancement_Jupyter_Project\Fingerprint_Enhancement_Jupyter_Project\Fingerprint_Enhancement_Project\data\SOCOFing\Real\268__M_Right_ring_finger.BMP
268__M_Right_thumb_finger.BMP,268,validation,284501245892365e1b51fc2098853dc8b17282cfd7abc31d63b9f5e321a592d2,94,C:\Users\Acer\Documents\GitHub\ImageProcessing\Fingerprint_Enhancement_Jupyter_Project\Fingerprint_Enhancement_Jupyter_Project\Fingerprint_Enhancement_Project\data\SOCOFing\Real\268__M_Right_thumb_finger.BMP
183__M_Left_index_finger.BMP,183,validation,28730c1cd1d78ce6803148684254a02ba39ebc0aa085650ed8c950f8b38a6184,95,C:\Users\Acer\Documents\GitHub\ImageProcessing\Fingerprint_Enhancement_Jupyter_Project\Fingerprint_Enhancement_Jupyter_Project\Fingerprint_Enhancement_Project\data\SOCOFing\Real\183__M_Left_index_finger.BMP
183__M_Left_little_finger.BMP,183,validation,28730c1cd1d78ce6803148684254a02ba39ebc0aa085650ed8c950f8b38a6184,95,C:\Users\Acer\Documents\GitHub\ImageProcessing\Fingerprint_Enhancement_Jupyter_Project\Fingerprint_Enhancement_Jupyter_Project\Fingerprint_Enhancement_Project\data\SOCOFing\Real\183__M_Left_little_finger.BMP
183__M_Left_middle_finger.BMP,183,validation,28730c1cd1d78ce6803148684254a02ba39ebc0aa085650ed8c950f8b38a6184,95,C:\Users\Acer\Documents\GitHub\ImageProcessing\Fingerprint_Enhancement_Jupyter_Project\Fingerprint_Enhancement_Jupyter_Project\Fingerprint_Enhancement_Project\data\SOCOFing\Real\183__M_Left_middle_finger.BMP
183__M_Left_ring_finger.BMP,183,validation,28730c1cd1d78ce6803148684254a02ba39ebc0aa085650ed8c950f8b38a6184,95,C:\Users\Acer\Documents\GitHub\ImageProcessing\Fingerprint_Enhancement_Jupyter_Project\Fingerprint_Enhancement_Jupyter_Project\Fingerprint_Enhancement_Project\data\SOCOFing\Real\183__M_Left_ring_finger.BMP
183__M_Left_thumb_finger.BMP,183,validation,28730c1cd1d78ce6803148684254a02ba39ebc0aa085650ed8c950f8b38a6184,95,C:\Users\Acer\Documents\GitHub\ImageProcessing\Fingerprint_Enhancement_Jupyter_Project\Fingerprint_Enhancement_Jupyter_Project\Fingerprint_Enhancement_Project\data\SOCOFing\Real\183__M_Left_thumb_finger.BMP
183__M_Right_index_finger.BMP,183,validation,28730c1cd1d78ce6803148684254a02ba39ebc0aa085650ed8c950f8b38a6184,95,C:\Users\Acer\Documents\GitHub\ImageProcessing\Fingerprint_Enhancement_Jupyter_Project\Fingerprint_Enhancement_Jupyter_Project\Fingerprint_Enhancement_Project\data\SOCOFing\Real\183__M_Right_index_finger.BMP
183__M_Right_little_finger.BMP,183,validation,28730c1cd1d78ce6803148684254a02ba39ebc0aa085650ed8c950f8b38a6184,95,C:\Users\Acer\Documents\GitHub\ImageProcessing\Fingerprint_Enhancement_Jupyter_Project\Fingerprint_Enhancement_Jupyter_Project\Fingerprint_Enhancement_Project\data\SOCOFing\Real\183__M_Right_little_finger.BMP
183__M_Right_middle_finger.BMP,183,validation,28730c1cd1d78ce6803148684254a02ba39ebc0aa085650ed8c950f8b38a6184,95,C:\Users\Acer\Documents\GitHub\ImageProcessing\Fingerprint_Enhancement_Jupyter_Project\Fingerprint_Enhancement_Jupyter_Project\Fingerprint_Enhancement_Project\data\SOCOFing\Real\183__M_Right_middle_finger.BMP
183__M_Right_ring_finger.BMP,183,validation,28730c1cd1d78ce6803148684254a02ba39ebc0aa085650ed8c950f8b38a6184,95,C:\Users\Acer\Documents\GitHub\ImageProcessing\Fingerprint_Enhancement_Jupyter_Project\Fingerprint_Enhancement_Jupyter_Project\Fingerprint_Enhancement_Project\data\SOCOFing\Real\183__M_Right_ring_finger.BMP
183__M_Right_thumb_finger.BMP,183,validation,28730c1cd1d78ce6803148684254a02ba39ebc0aa085650ed8c950f8b38a6184,95,C:\Users\Acer\Documents\GitHub\ImageProcessing\Fingerprint_Enhancement_Jupyter_Project\Fingerprint_Enhancement_Jupyter_Project\Fingerprint_Enhancement_Project\data\SOCOFing\Real\183__M_Right_thumb_finger.BMP
320__M_Left_index_finger.BMP,320,validation,28922db539a2442b3650594a732be3b0ae0abfd1e57a73c911c5a0130cc95349,96,C:\Users\Acer\Documents\GitHub\ImageProcessing\Fingerprint_Enhancement_Jupyter_Project\Fingerprint_Enhancement_Jupyter_Project\Fingerprint_Enhancement_Project\data\SOCOFing\Real\320__M_Left_index_finger.BMP
320__M_Left_little_finger.BMP,320,validation,28922db539a2442b3650594a732be3b0ae0abfd1e57a73c911c5a0130cc95349,96,C:\Users\Acer\Documents\GitHub\ImageProcessing\Fingerprint_Enhancement_Jupyter_Project\Fingerprint_Enhancement_Jupyter_Project\Fingerprint_Enhancement_Project\data\SOCOFing\Real\320__M_Left_little_finger.BMP
320__M_Left_middle_finger.BMP,320,validation,28922db539a2442b3650594a732be3b0ae0abfd1e57a73c911c5a0130cc95349,96,C:\Users\Acer\Documents\GitHub\ImageProcessing\Fingerprint_Enhancement_Jupyter_Project\Fingerprint_Enhancement_Jupyter_Project\Fingerprint_Enhancement_Project\data\SOCOFing\Real\320__M_Left_middle_finger.BMP
320__M_Left_ring_finger.BMP,320,validation,28922db539a2442b3650594a732be3b0ae0abfd1e57a73c911c5a0130cc95349,96,C:\Users\Acer\Documents\GitHub\ImageProcessing\Fingerprint_Enhancement_Jupyter_Project\Fingerprint_Enhancement_Jupyter_Project\Fingerprint_Enhancement_Project\data\SOCOFing\Real\320__M_Left_ring_finger.BMP
320__M_Left_thumb_finger.BMP,320,validation,28922db539a2442b3650594a732be3b0ae0abfd1e57a73c911c5a0130cc95349,96,C:\Users\Acer\Documents\GitHub\ImageProcessing\Fingerprint_Enhancement_Jupyter_Project\Fingerprint_Enhancement_Jupyter_Project\Fingerprint_Enhancement_Project\data\SOCOFing\Real\320__M_Left_thumb_finger.BMP
320__M_Right_index_finger.BMP,320,validation,28922db539a2442b3650594a732be3b0ae0abfd1e57a73c911c5a0130cc95349,96,C:\Users\Acer\Documents\GitHub\ImageProcessing\Fingerprint_Enhancement_Jupyter_Project\Fingerprint_Enhancement_Jupyter_Project\Fingerprint_Enhancement_Project\data\SOCOFing\Real\320__M_Right_index_finger.BMP
320__M_Right_little_finger.BMP,320,validation,28922db539a2442b3650594a732be3b0ae0abfd1e57a73c911c5a0130cc95349,96,C:\Users\Acer\Documents\GitHub\ImageProcessing\Fingerprint_Enhancement_Jupyter_Project\Fingerprint_Enhancement_Jupyter_Project\Fingerprint_Enhancement_Project\data\SOCOFing\Real\320__M_Right_little_finger.BMP
320__M_Right_middle_finger.BMP,320,validation,28922db539a2442b3650594a732be3b0ae0abfd1e57a73c911c5a0130cc95349,96,C:\Users\Acer\Documents\GitHub\ImageProcessing\Fingerprint_Enhancement_Jupyter_Project\Fingerprint_Enhancement_Jupyter_Project\Fingerprint_Enhancement_Project\data\SOCOFing\Real\320__M_Right_middle_finger.BMP
320__M_Right_ring_finger.BMP,320,validation,28922db539a2442b3650594a732be3b0ae0abfd1e57a73c911c5a0130cc95349,96,C:\Users\Acer\Documents\GitHub\ImageProcessing\Fingerprint_Enhancement_Jupyter_Project\Fingerprint_Enhancement_Jupyter_Project\Fingerprint_Enhancement_Project\data\SOCOFing\Real\320__M_Right_ring_finger.BMP
320__M_Right_thumb_finger.BMP,320,validation,28922db539a2442b3650594a732be3b0ae0abfd1e57a73c911c5a0130cc95349,96,C:\Users\Acer\Documents\GitHub\ImageProcessing\Fingerprint_Enhancement_Jupyter_Project\Fingerprint_Enhancement_Jupyter_Project\Fingerprint_Enhancement_Project\data\SOCOFing\Real\320__M_Right_thumb_finger.BMP
495__M_Left_index_finger.BMP,495,validation,29634c2c959f98b360894149cbf3a58755be335a8979f5e8cc1c8941d59eaacc,97,C:\Users\Acer\Documents\GitHub\ImageProcessing\Fingerprint_Enhancement_Jupyter_Project\Fingerprint_Enhancement_Jupyter_Project\Fingerprint_Enhancement_Project\data\SOCOFing\Real\495__M_Left_index_finger.BMP
495__M_Left_little_finger.BMP,495,validation,29634c2c959f98b360894149cbf3a58755be335a8979f5e8cc1c8941d59eaacc,97,C:\Users\Acer\Documents\GitHub\ImageProcessing\Fingerprint_Enhancement_Jupyter_Project\Fingerprint_Enhancement_Jupyter_Project\Fingerprint_Enhancement_Project\data\SOCOFing\Real\495__M_Left_little_finger.BMP
495__M_Left_middle_finger.BMP,495,validation,29634c2c959f98b360894149cbf3a58755be335a8979f5e8cc1c8941d59eaacc,97,C:\Users\Acer\Documents\GitHub\ImageProcessing\Fingerprint_Enhancement_Jupyter_Project\Fingerprint_Enhancement_Jupyter_Project\Fingerprint_Enhancement_Project\data\SOCOFing\Real\495__M_Left_middle_finger.BMP
495__M_Left_ring_finger.BMP,495,validation,29634c2c959f98b360894149cbf3a58755be335a8979f5e8cc1c8941d59eaacc,97,C:\Users\Acer\Documents\GitHub\ImageProcessing\Fingerprint_Enhancement_Jupyter_Project\Fingerprint_Enhancement_Jupyter_Project\Fingerprint_Enhancement_Project\data\SOCOFing\Real\495__M_Left_ring_finger.BMP
495__M_Left_thumb_finger.BMP,495,validation,29634c2c959f98b360894149cbf3a58755be335a8979f5e8cc1c8941d59eaacc,97,C:\Users\Acer\Documents\GitHub\ImageProcessing\Fingerprint_Enhancement_Jupyter_Project\Fingerprint_Enhancement_Jupyter_Project\Fingerprint_Enhancement_Project\data\SOCOFing\Real\495__M_Left_thumb_finger.BMP
495__M_Right_index_finger.BMP,495,validation,29634c2c959f98b360894149cbf3a58755be335a8979f5e8cc1c8941d59eaacc,97,C:\Users\Acer\Documents\GitHub\ImageProcessing\Fingerprint_Enhancement_Jupyter_Project\Fingerprint_Enhancement_Jupyter_Project\Fingerprint_Enhancement_Project\data\SOCOFing\Real\495__M_Right_index_finger.BMP
495__M_Right_little_finger.BMP,495,validation,29634c2c959f98b360894149cbf3a58755be335a8979f5e8cc1c8941d59eaacc,97,C:\Users\Acer\Documents\GitHub\ImageProcessing\Fingerprint_Enhancement_Jupyter_Project\Fingerprint_Enhancement_Jupyter_Project\Fingerprint_Enhancement_Project\data\SOCOFing\Real\495__M_Right_little_finger.BMP
495__M_Right_middle_finger.BMP,495,validation,29634c2c959f98b360894149cbf3a58755be335a8979f5e8cc1c8941d59eaacc,97,C:\Users\Acer\Documents\GitHub\ImageProcessing\Fingerprint_Enhancement_Jupyter_Project\Fingerprint_Enhancement_Jupyter_Project\Fingerprint_Enhancement_Project\data\SOCOFing\Real\495__M_Right_middle_finger.BMP
495__M_Right_ring_finger.BMP,495,validation,29634c2c959f98b360894149cbf3a58755be335a8979f5e8cc1c8941d59eaacc,97,C:\Users\Acer\Documents\GitHub\ImageProcessing\Fingerprint_Enhancement_Jupyter_Project\Fingerprint_Enhancement_Jupyter_Project\Fingerprint_Enhancement_Project\data\SOCOFing\Real\495__M_Right_ring_finger.BMP
495__M_Right_thumb_finger.BMP,495,validation,29634c2c959f98b360894149cbf3a58755be335a8979f5e8cc1c8941d59eaacc,97,C:\Users\Acer\Documents\GitHub\ImageProcessing\Fingerprint_Enhancement_Jupyter_Project\Fingerprint_Enhancement_Jupyter_Project\Fingerprint_Enhancement_Project\data\SOCOFing\Real\495__M_Right_thumb_finger.BMP
494__F_Left_index_finger.BMP,494,validation,296d0b25b5d2a32c4e947683c6871cfb5904621ad7529cdc9244621011631f7e,98,C:\Users\Acer\Documents\GitHub\ImageProcessing\Fingerprint_Enhancement_Jupyter_Project\Fingerprint_Enhancement_Jupyter_Project\Fingerprint_Enhancement_Project\data\SOCOFing\Real\494__F_Left_index_finger.BMP
494__F_Left_little_finger.BMP,494,validation,296d0b25b5d2a32c4e947683c6871cfb5904621ad7529cdc9244621011631f7e,98,C:\Users\Acer\Documents\GitHub\ImageProcessing\Fingerprint_Enhancement_Jupyter_Project\Fingerprint_Enhancement_Jupyter_Project\Fingerprint_Enhancement_Project\data\SOCOFing\Real\494__F_Left_little_finger.BMP
494__F_Left_middle_finger.BMP,494,validation,296d0b25b5d2a32c4e947683c6871cfb5904621ad7529cdc9244621011631f7e,98,C:\Users\Acer\Documents\GitHub\ImageProcessing\Fingerprint_Enhancement_Jupyter_Project\Fingerprint_Enhancement_Jupyter_Project\Fingerprint_Enhancement_Project\data\SOCOFing\Real\494__F_Left_middle_finger.BMP
494__F_Left_ring_finger.BMP,494,validation,296d0b25b5d2a32c4e947683c6871cfb5904621ad7529cdc9244621011631f7e,98,C:\Users\Acer\Documents\GitHub\ImageProcessing\Fingerprint_Enhancement_Jupyter_Project\Fingerprint_Enhancement_Jupyter_Project\Fingerprint_Enhancement_Project\data\SOCOFing\Real\494__F_Left_ring_finger.BMP
494__F_Left_thumb_finger.BMP,494,validation,296d0b25b5d2a32c4e947683c6871cfb5904621ad7529cdc9244621011631f7e,98,C:\Users\Acer\Documents\GitHub\ImageProcessing\Fingerprint_Enhancement_Jupyter_Project\Fingerprint_Enhancement_Jupyter_Project\Fingerprint_Enhancement_Project\data\SOCOFing\Real\494__F_Left_thumb_finger.BMP
494__F_Right_index_finger.BMP,494,validation,296d0b25b5d2a32c4e947683c6871cfb5904621ad7529cdc9244621011631f7e,98,C:\Users\Acer\Documents\GitHub\ImageProcessing\Fingerprint_Enhancement_Jupyter_Project\Fingerprint_Enhancement_Jupyter_Project\Fingerprint_Enhancement_Project\data\SOCOFing\Real\494__F_Right_index_finger.BMP
494__F_Right_little_finger.BMP,494,validation,296d0b25b5d2a32c4e947683c6871cfb5904621ad7529cdc9244621011631f7e,98,C:\Users\Acer\Documents\GitHub\ImageProcessing\Fingerprint_Enhancement_Jupyter_Project\Fingerprint_Enhancement_Jupyter_Project\Fingerprint_Enhancement_Project\data\SOCOFing\Real\494__F_Right_little_finger.BMP
494__F_Right_middle_finger.BMP,494,validation,296d0b25b5d2a32c4e947683c6871cfb5904621ad7529cdc9244621011631f7e,98,C:\Users\Acer\Documents\GitHub\ImageProcessing\Fingerprint_Enhancement_Jupyter_Project\Fingerprint_Enhancement_Jupyter_Project\Fingerprint_Enhancement_Project\data\SOCOFing\Real\494__F_Right_middle_finger.BMP
494__F_Right_ring_finger.BMP,494,validation,296d0b25b5d2a32c4e947683c6871cfb5904621ad7529cdc9244621011631f7e,98,C:\Users\Acer\Documents\GitHub\ImageProcessing\Fingerprint_Enhancement_Jupyter_Project\Fingerprint_Enhancement_Jupyter_Project\Fingerprint_Enhancement_Project\data\SOCOFing\Real\494__F_Right_ring_finger.BMP
494__F_Right_thumb_finger.BMP,494,validation,296d0b25b5d2a32c4e947683c6871cfb5904621ad7529cdc9244621011631f7e,98,C:\Users\Acer\Documents\GitHub\ImageProcessing\Fingerprint_Enhancement_Jupyter_Project\Fingerprint_Enhancement_Jupyter_Project\Fingerprint_Enhancement_Project\data\SOCOFing\Real\494__F_Right_thumb_finger.BMP
346__M_Left_index_finger.BMP,346,validation,29921040df660ad27b7dd7329255dc221568e38c552859a92f6a2806b5e13752,99,C:\Users\Acer\Documents\GitHub\ImageProcessing\Fingerprint_Enhancement_Jupyter_Project\Fingerprint_Enhancement_Jupyter_Project\Fingerprint_Enhancement_Project\data\SOCOFing\Real\346__M_Left_index_finger.BMP
346__M_Left_little_finger.BMP,346,validation,29921040df660ad27b7dd7329255dc221568e38c552859a92f6a2806b5e13752,99,C:\Users\Acer\Documents\GitHub\ImageProcessing\Fingerprint_Enhancement_Jupyter_Project\Fingerprint_Enhancement_Jupyter_Project\Fingerprint_Enhancement_Project\data\SOCOFing\Real\346__M_Left_little_finger.BMP
346__M_Left_middle_finger.BMP,346,validation,29921040df660ad27b7dd7329255dc221568e38c552859a92f6a2806b5e13752,99,C:\Users\Acer\Documents\GitHub\ImageProcessing\Fingerprint_Enhancement_Jupyter_Project\Fingerprint_Enhancement_Jupyter_Project\Fingerprint_Enhancement_Project\data\SOCOFing\Real\346__M_Left_middle_finger.BMP
346__M_Left_ring_finger.BMP,346,validation,29921040df660ad27b7dd7329255dc221568e38c552859a92f6a2806b5e13752,99,C:\Users\Acer\Documents\GitHub\ImageProcessing\Fingerprint_Enhancement_Jupyter_Project\Fingerprint_Enhancement_Jupyter_Project\Fingerprint_Enhancement_Project\data\SOCOFing\Real\346__M_Left_ring_finger.BMP
346__M_Left_thumb_finger.BMP,346,validation,29921040df660ad27b7dd7329255dc221568e38c552859a92f6a2806b5e13752,99,C:\Users\Acer\Documents\GitHub\ImageProcessing\Fingerprint_Enhancement_Jupyter_Project\Fingerprint_Enhancement_Jupyter_Project\Fingerprint_Enhancement_Project\data\SOCOFing\Real\346__M_Left_thumb_finger.BMP
346__M_Right_index_finger.BMP,346,validation,29921040df660ad27b7dd7329255dc221568e38c552859a92f6a2806b5e13752,99,C:\Users\Acer\Documents\GitHub\ImageProcessing\Fingerprint_Enhancement_Jupyter_Project\Fingerprint_Enhancement_Jupyter_Project\Fingerprint_Enhancement_Project\data\SOCOFing\Real\346__M_Right_index_finger.BMP
346__M_Right_little_finger.BMP,346,validation,29921040df660ad27b7dd7329255dc221568e38c552859a92f6a2806b5e13752,99,C:\Users\Acer\Documents\GitHub\ImageProcessing\Fingerprint_Enhancement_Jupyter_Project\Fingerprint_Enhancement_Jupyter_Project\Fingerprint_Enhancement_Project\data\SOCOFing\Real\346__M_Right_little_finger.BMP
346__M_Right_middle_finger.BMP,346,validation,29921040df660ad27b7dd7329255dc221568e38c552859a92f6a2806b5e13752,99,C:\Users\Acer\Documents\GitHub\ImageProcessing\Fingerprint_Enhancement_Jupyter_Project\Fingerprint_Enhancement_Jupyter_Project\Fingerprint_Enhancement_Project\data\SOCOFing\Real\346__M_Right_middle_finger.BMP
346__M_Right_ring_finger.BMP,346,validation,29921040df660ad27b7dd7329255dc221568e38c552859a92f6a2806b5e13752,99,C:\Users\Acer\Documents\GitHub\ImageProcessing\Fingerprint_Enhancement_Jupyter_Project\Fingerprint_Enhancement_Jupyter_Project\Fingerprint_Enhancement_Project\data\SOCOFing\Real\346__M_Right_ring_finger.BMP
346__M_Right_thumb_finger.BMP,346,validation,29921040df660ad27b7dd7329255dc221568e38c552859a92f6a2806b5e13752,99,C:\Users\Acer\Documents\GitHub\ImageProcessing\Fingerprint_Enhancement_Jupyter_Project\Fingerprint_Enhancement_Jupyter_Project\Fingerprint_Enhancement_Project\data\SOCOFing\Real\346__M_Right_thumb_finger.BMP
217__M_Left_index_finger.BMP,217,validation,29a0677ae28b75152990c7b1c3c3b7b5520ae789527d19c333f2ecd9ed78437f,100,C:\Users\Acer\Documents\GitHub\ImageProcessing\Fingerprint_Enhancement_Jupyter_Project\Fingerprint_Enhancement_Jupyter_Project\Fingerprint_Enhancement_Project\data\SOCOFing\Real\217__M_Left_index_finger.BMP
217__M_Left_little_finger.BMP,217,validation,29a0677ae28b75152990c7b1c3c3b7b5520ae789527d19c333f2ecd9ed78437f,100,C:\Users\Acer\Documents\GitHub\ImageProcessing\Fingerprint_Enhancement_Jupyter_Project\Fingerprint_Enhancement_Jupyter_Project\Fingerprint_Enhancement_Project\data\SOCOFing\Real\217__M_Left_little_finger.BMP
217__M_Left_middle_finger.BMP,217,validation,29a0677ae28b75152990c7b1c3c3b7b5520ae789527d19c333f2ecd9ed78437f,100,C:\Users\Acer\Documents\GitHub\ImageProcessing\Fingerprint_Enhancement_Jupyter_Project\Fingerprint_Enhancement_Jupyter_Project\Fingerprint_Enhancement_Project\data\SOCOFing\Real\217__M_Left_middle_finger.BMP
217__M_Left_ring_finger.BMP,217,validation,29a0677ae28b75152990c7b1c3c3b7b5520ae789527d19c333f2ecd9ed78437f,100,C:\Users\Acer\Documents\GitHub\ImageProcessing\Fingerprint_Enhancement_Jupyter_Project\Fingerprint_Enhancement_Jupyter_Project\Fingerprint_Enhancement_Project\data\SOCOFing\Real\217__M_Left_ring_finger.BMP
217__M_Left_thumb_finger.BMP,217,validation,29a0677ae28b75152990c7b1c3c3b7b5520ae789527d19c333f2ecd9ed78437f,100,C:\Users\Acer\Documents\GitHub\ImageProcessing\Fingerprint_Enhancement_Jupyter_Project\Fingerprint_Enhancement_Jupyter_Project\Fingerprint_Enhancement_Project\data\SOCOFing\Real\217__M_Left_thumb_finger.BMP
217__M_Right_index_finger.BMP,217,validation,29a0677ae28b75152990c7b1c3c3b7b5520ae789527d19c333f2ecd9ed78437f,100,C:\Users\Acer\Documents\GitHub\ImageProcessing\Fingerprint_Enhancement_Jupyter_Project\Fingerprint_Enhancement_Jupyter_Project\Fingerprint_Enhancement_Project\data\SOCOFing\Real\217__M_Right_index_finger.BMP
217__M_Right_little_finger.BMP,217,validation,29a0677ae28b75152990c7b1c3c3b7b5520ae789527d19c333f2ecd9ed78437f,100,C:\Users\Acer\Documents\GitHub\ImageProcessing\Fingerprint_Enhancement_Jupyter_Project\Fingerprint_Enhancement_Jupyter_Project\Fingerprint_Enhancement_Project\data\SOCOFing\Real\217__M_Right_little_finger.BMP
217__M_Right_middle_finger.BMP,217,validation,29a0677ae28b75152990c7b1c3c3b7b5520ae789527d19c333f2ecd9ed78437f,100,C:\Users\Acer\Documents\GitHub\ImageProcessing\Fingerprint_Enhancement_Jupyter_Project\Fingerprint_Enhancement_Jupyter_Project\Fingerprint_Enhancement_Project\data\SOCOFing\Real\217__M_Right_middle_finger.BMP
217__M_Right_ring_finger.BMP,217,validation,29a0677ae28b75152990c7b1c3c3b7b5520ae789527d19c333f2ecd9ed78437f,100,C:\Users\Acer\Documents\GitHub\ImageProcessing\Fingerprint_Enhancement_Jupyter_Project\Fingerprint_Enhancement_Jupyter_Project\Fingerprint_Enhancement_Project\data\SOCOFing\Real\217__M_Right_ring_finger.BMP
217__M_Right_thumb_finger.BMP,217,validation,29a0677ae28b75152990c7b1c3c3b7b5520ae789527d19c333f2ecd9ed78437f,100,C:\Users\Acer\Documents\GitHub\ImageProcessing\Fingerprint_Enhancement_Jupyter_Project\Fingerprint_Enhancement_Jupyter_Project\Fingerprint_Enhancement_Project\data\SOCOFing\Real\217__M_Right_thumb_finger.BMP
441__M_Left_index_finger.BMP,441,validation,29a1b46a0df213c94c7a7cec4a1a0d239fc80d7bd29f7c51e19c72d612b9f37e,101,C:\Users\Acer\Documents\GitHub\ImageProcessing\Fingerprint_Enhancement_Jupyter_Project\Fingerprint_Enhancement_Jupyter_Project\Fingerprint_Enhancement_Project\data\SOCOFing\Real\441__M_Left_index_finger.BMP
441__M_Left_little_finger.BMP,441,validation,29a1b46a0df213c94c7a7cec4a1a0d239fc80d7bd29f7c51e19c72d612b9f37e,101,C:\Users\Acer\Documents\GitHub\ImageProcessing\Fingerprint_Enhancement_Jupyter_Project\Fingerprint_Enhancement_Jupyter_Project\Fingerprint_Enhancement_Project\data\SOCOFing\Real\441__M_Left_little_finger.BMP
441__M_Left_middle_finger.BMP,441,validation,29a1b46a0df213c94c7a7cec4a1a0d239fc80d7bd29f7c51e19c72d612b9f37e,101,C:\Users\Acer\Documents\GitHub\ImageProcessing\Fingerprint_Enhancement_Jupyter_Project\Fingerprint_Enhancement_Jupyter_Project\Fingerprint_Enhancement_Project\data\SOCOFing\Real\441__M_Left_middle_finger.BMP
441__M_Left_ring_finger.BMP,441,validation,29a1b46a0df213c94c7a7cec4a1a0d239fc80d7bd29f7c51e19c72d612b9f37e,101,C:\Users\Acer\Documents\GitHub\ImageProcessing\Fingerprint_Enhancement_Jupyter_Project\Fingerprint_Enhancement_Jupyter_Project\Fingerprint_Enhancement_Project\data\SOCOFing\Real\441__M_Left_ring_finger.BMP
441__M_Left_thumb_finger.BMP,441,validation,29a1b46a0df213c94c7a7cec4a1a0d239fc80d7bd29f7c51e19c72d612b9f37e,101,C:\Users\Acer\Documents\GitHub\ImageProcessing\Fingerprint_Enhancement_Jupyter_Project\Fingerprint_Enhancement_Jupyter_Project\Fingerprint_Enhancement_Project\data\SOCOFing\Real\441__M_Left_thumb_finger.BMP
441__M_Right_index_finger.BMP,441,validation,29a1b46a0df213c94c7a7cec4a1a0d239fc80d7bd29f7c51e19c72d612b9f37e,101,C:\Users\Acer\Documents\GitHub\ImageProcessing\Fingerprint_Enhancement_Jupyter_Project\Fingerprint_Enhancement_Jupyter_Project\Fingerprint_Enhancement_Project\data\SOCOFing\Real\441__M_Right_index_finger.BMP
441__M_Right_little_finger.BMP,441,validation,29a1b46a0df213c94c7a7cec4a1a0d239fc80d7bd29f7c51e19c72d612b9f37e,101,C:\Users\Acer\Documents\GitHub\ImageProcessing\Fingerprint_Enhancement_Jupyter_Project\Fingerprint_Enhancement_Jupyter_Project\Fingerprint_Enhancement_Project\data\SOCOFing\Real\441__M_Right_little_finger.BMP
441__M_Right_middle_finger.BMP,441,validation,29a1b46a0df213c94c7a7cec4a1a0d239fc80d7bd29f7c51e19c72d612b9f37e,101,C:\Users\Acer\Documents\GitHub\ImageProcessing\Fingerprint_Enhancement_Jupyter_Project\Fingerprint_Enhancement_Jupyter_Project\Fingerprint_Enhancement_Project\data\SOCOFing\Real\441__M_Right_middle_finger.BMP
441__M_Right_ring_finger.BMP,441,validation,29a1b46a0df213c94c7a7cec4a1a0d239fc80d7bd29f7c51e19c72d612b9f37e,101,C:\Users\Acer\Documents\GitHub\ImageProcessing\Fingerprint_Enhancement_Jupyter_Project\Fingerprint_Enhancement_Jupyter_Project\Fingerprint_Enhancement_Project\data\SOCOFing\Real\441__M_Right_ring_finger.BMP
441__M_Right_thumb_finger.BMP,441,validation,29a1b46a0df213c94c7a7cec4a1a0d239fc80d7bd29f7c51e19c72d612b9f37e,101,C:\Users\Acer\Documents\GitHub\ImageProcessing\Fingerprint_Enhancement_Jupyter_Project\Fingerprint_Enhancement_Jupyter_Project\Fingerprint_Enhancement_Project\data\SOCOFing\Real\441__M_Right_thumb_finger.BMP
33__M_Left_index_finger.BMP,33,validation,2a90bccb6b695e2859059365e95f2cbc4ed9b1474e321f3d8e5df2502739a001,102,C:\Users\Acer\Documents\GitHub\ImageProcessing\Fingerprint_Enhancement_Jupyter_Project\Fingerprint_Enhancement_Jupyter_Project\Fingerprint_Enhancement_Project\data\SOCOFing\Real\33__M_Left_index_finger.BMP
33__M_Left_little_finger.BMP,33,validation,2a90bccb6b695e2859059365e95f2cbc4ed9b1474e321f3d8e5df2502739a001,102,C:\Users\Acer\Documents\GitHub\ImageProcessing\Fingerprint_Enhancement_Jupyter_Project\Fingerprint_Enhancement_Jupyter_Project\Fingerprint_Enhancement_Project\data\SOCOFing\Real\33__M_Left_little_finger.BMP
33__M_Left_middle_finger.BMP,33,validation,2a90bccb6b695e2859059365e95f2cbc4ed9b1474e321f3d8e5df2502739a001,102,C:\Users\Acer\Documents\GitHub\ImageProcessing\Fingerprint_Enhancement_Jupyter_Project\Fingerprint_Enhancement_Jupyter_Project\Fingerprint_Enhancement_Project\data\SOCOFing\Real\33__M_Left_middle_finger.BMP
33__M_Left_ring_finger.BMP,33,validation,2a90bccb6b695e2859059365e95f2cbc4ed9b1474e321f3d8e5df2502739a001,102,C:\Users\Acer\Documents\GitHub\ImageProcessing\Fingerprint_Enhancement_Jupyter_Project\Fingerprint_Enhancement_Jupyter_Project\Fingerprint_Enhancement_Project\data\SOCOFing\Real\33__M_Left_ring_finger.BMP
33__M_Left_thumb_finger.BMP,33,validation,2a90bccb6b695e2859059365e95f2cbc4ed9b1474e321f3d8e5df2502739a001,102,C:\Users\Acer\Documents\GitHub\ImageProcessing\Fingerprint_Enhancement_Jupyter_Project\Fingerprint_Enhancement_Jupyter_Project\Fingerprint_Enhancement_Project\data\SOCOFing\Real\33__M_Left_thumb_finger.BMP
33__M_Right_index_finger.BMP,33,validation,2a90bccb6b695e2859059365e95f2cbc4ed9b1474e321f3d8e5df2502739a001,102,C:\Users\Acer\Documents\GitHub\ImageProcessing\Fingerprint_Enhancement_Jupyter_Project\Fingerprint_Enhancement_Jupyter_Project\Fingerprint_Enhancement_Project\data\SOCOFing\Real\33__M_Right_index_finger.BMP
33__M_Right_little_finger.BMP,33,validation,2a90bccb6b695e2859059365e95f2cbc4ed9b1474e321f3d8e5df2502739a001,102,C:\Users\Acer\Documents\GitHub\ImageProcessing\Fingerprint_Enhancement_Jupyter_Project\Fingerprint_Enhancement_Jupyter_Project\Fingerprint_Enhancement_Project\data\SOCOFing\Real\33__M_Right_little_finger.BMP
33__M_Right_middle_finger.BMP,33,validation,2a90bccb6b695e2859059365e95f2cbc4ed9b1474e321f3d8e5df2502739a001,102,C:\Users\Acer\Documents\GitHub\ImageProcessing\Fingerprint_Enhancement_Jupyter_Project\Fingerprint_Enhancement_Jupyter_Project\Fingerprint_Enhancement_Project\data\SOCOFing\Real\33__M_Right_middle_finger.BMP
33__M_Right_ring_finger.BMP,33,validation,2a90bccb6b695e2859059365e95f2cbc4ed9b1474e321f3d8e5df2502739a001,102,C:\Users\Acer\Documents\GitHub\ImageProcessing\Fingerprint_Enhancement_Jupyter_Project\Fingerprint_Enhancement_Jupyter_Project\Fingerprint_Enhancement_Project\data\SOCOFing\Real\33__M_Right_ring_finger.BMP
33__M_Right_thumb_finger.BMP,33,validation,2a90bccb6b695e2859059365e95f2cbc4ed9b1474e321f3d8e5df2502739a001,102,C:\Users\Acer\Documents\GitHub\ImageProcessing\Fingerprint_Enhancement_Jupyter_Project\Fingerprint_Enhancement_Jupyter_Project\Fingerprint_Enhancement_Project\data\SOCOFing\Real\33__M_Right_thumb_finger.BMP
46__M_Left_index_finger.BMP,46,validation,2b2f0f3819ef7b586858adcfe4e5b6ff66813e2a51b29beebdef26a3de81d2aa,103,C:\Users\Acer\Documents\GitHub\ImageProcessing\Fingerprint_Enhancement_Jupyter_Project\Fingerprint_Enhancement_Jupyter_Project\Fingerprint_Enhancement_Project\data\SOCOFing\Real\46__M_Left_index_finger.BMP
46__M_Left_little_finger.BMP,46,validation,2b2f0f3819ef7b586858adcfe4e5b6ff66813e2a51b29beebdef26a3de81d2aa,103,C:\Users\Acer\Documents\GitHub\ImageProcessing\Fingerprint_Enhancement_Jupyter_Project\Fingerprint_Enhancement_Jupyter_Project\Fingerprint_Enhancement_Project\data\SOCOFing\Real\46__M_Left_little_finger.BMP
46__M_Left_middle_finger.BMP,46,validation,2b2f0f3819ef7b586858adcfe4e5b6ff66813e2a51b29beebdef26a3de81d2aa,103,C:\Users\Acer\Documents\GitHub\ImageProcessing\Fingerprint_Enhancement_Jupyter_Project\Fingerprint_Enhancement_Jupyter_Project\Fingerprint_Enhancement_Project\data\SOCOFing\Real\46__M_Left_middle_finger.BMP
46__M_Left_ring_finger.BMP,46,validation,2b2f0f3819ef7b586858adcfe4e5b6ff66813e2a51b29beebdef26a3de81d2aa,103,C:\Users\Acer\Documents\GitHub\ImageProcessing\Fingerprint_Enhancement_Jupyter_Project\Fingerprint_Enhancement_Jupyter_Project\Fingerprint_Enhancement_Project\data\SOCOFing\Real\46__M_Left_ring_finger.BMP
46__M_Left_thumb_finger.BMP,46,validation,2b2f0f3819ef7b586858adcfe4e5b6ff66813e2a51b29beebdef26a3de81d2aa,103,C:\Users\Acer\Documents\GitHub\ImageProcessing\Fingerprint_Enhancement_Jupyter_Project\Fingerprint_Enhancement_Jupyter_Project\Fingerprint_Enhancement_Project\data\SOCOFing\Real\46__M_Left_thumb_finger.BMP
46__M_Right_index_finger.BMP,46,validation,2b2f0f3819ef7b586858adcfe4e5b6ff66813e2a51b29beebdef26a3de81d2aa,103,C:\Users\Acer\Documents\GitHub\ImageProcessing\Fingerprint_Enhancement_Jupyter_Project\Fingerprint_Enhancement_Jupyter_Project\Fingerprint_Enhancement_Project\data\SOCOFing\Real\46__M_Right_index_finger.BMP
46__M_Right_little_finger.BMP,46,validation,2b2f0f3819ef7b586858adcfe4e5b6ff66813e2a51b29beebdef26a3de81d2aa,103,C:\Users\Acer\Documents\GitHub\ImageProcessing\Fingerprint_Enhancement_Jupyter_Project\Fingerprint_Enhancement_Jupyter_Project\Fingerprint_Enhancement_Project\data\SOCOFing\Real\46__M_Right_little_finger.BMP
46__M_Right_middle_finger.BMP,46,validation,2b2f0f3819ef7b586858adcfe4e5b6ff66813e2a51b29beebdef26a3de81d2aa,103,C:\Users\Acer\Documents\GitHub\ImageProcessing\Fingerprint_Enhancement_Jupyter_Project\Fingerprint_Enhancement_Jupyter_Project\Fingerprint_Enhancement_Project\data\SOCOFing\Real\46__M_Right_middle_finger.BMP
46__M_Right_ring_finger.BMP,46,validation,2b2f0f3819ef7b586858adcfe4e5b6ff66813e2a51b29beebdef26a3de81d2aa,103,C:\Users\Acer\Documents\GitHub\ImageProcessing\Fingerprint_Enhancement_Jupyter_Project\Fingerprint_Enhancement_Jupyter_Project\Fingerprint_Enhancement_Project\data\SOCOFing\Real\46__M_Right_ring_finger.BMP
46__M_Right_thumb_finger.BMP,46,validation,2b2f0f3819ef7b586858adcfe4e5b6ff66813e2a51b29beebdef26a3de81d2aa,103,C:\Users\Acer\Documents\GitHub\ImageProcessing\Fingerprint_Enhancement_Jupyter_Project\Fingerprint_Enhancement_Jupyter_Project\Fingerprint_Enhancement_Project\data\SOCOFing\Real\46__M_Right_thumb_finger.BMP
300__F_Left_index_finger.BMP,300,validation,2b7a94b78cd5803f11cc3717fe739bccfec126f8bad0db11c71652b0981d929b,104,C:\Users\Acer\Documents\GitHub\ImageProcessing\Fingerprint_Enhancement_Jupyter_Project\Fingerprint_Enhancement_Jupyter_Project\Fingerprint_Enhancement_Project\data\SOCOFing\Real\300__F_Left_index_finger.BMP
300__F_Left_little_finger.BMP,300,validation,2b7a94b78cd5803f11cc3717fe739bccfec126f8bad0db11c71652b0981d929b,104,C:\Users\Acer\Documents\GitHub\ImageProcessing\Fingerprint_Enhancement_Jupyter_Project\Fingerprint_Enhancement_Jupyter_Project\Fingerprint_Enhancement_Project\data\SOCOFing\Real\300__F_Left_little_finger.BMP
300__F_Left_middle_finger.BMP,300,validation,2b7a94b78cd5803f11cc3717fe739bccfec126f8bad0db11c71652b0981d929b,104,C:\Users\Acer\Documents\GitHub\ImageProcessing\Fingerprint_Enhancement_Jupyter_Project\Fingerprint_Enhancement_Jupyter_Project\Fingerprint_Enhancement_Project\data\SOCOFing\Real\300__F_Left_middle_finger.BMP
300__F_Left_ring_finger.BMP,300,validation,2b7a94b78cd5803f11cc3717fe739bccfec126f8bad0db11c71652b0981d929b,104,C:\Users\Acer\Documents\GitHub\ImageProcessing\Fingerprint_Enhancement_Jupyter_Project\Fingerprint_Enhancement_Jupyter_Project\Fingerprint_Enhancement_Project\data\SOCOFing\Real\300__F_Left_ring_finger.BMP
300__F_Left_thumb_finger.BMP,300,validation,2b7a94b78cd5803f11cc3717fe739bccfec126f8bad0db11c71652b0981d929b,104,C:\Users\Acer\Documents\GitHub\ImageProcessing\Fingerprint_Enhancement_Jupyter_Project\Fingerprint_Enhancement_Jupyter_Project\Fingerprint_Enhancement_Project\data\SOCOFing\Real\300__F_Left_thumb_finger.BMP
300__F_Right_index_finger.BMP,300,validation,2b7a94b78cd5803f11cc3717fe739bccfec126f8bad0db11c71652b0981d929b,104,C:\Users\Acer\Documents\GitHub\ImageProcessing\Fingerprint_Enhancement_Jupyter_Project\Fingerprint_Enhancement_Jupyter_Project\Fingerprint_Enhancement_Project\data\SOCOFing\Real\300__F_Right_index_finger.BMP
300__F_Right_little_finger.BMP,300,validation,2b7a94b78cd5803f11cc3717fe739bccfec126f8bad0db11c71652b0981d929b,104,C:\Users\Acer\Documents\GitHub\ImageProcessing\Fingerprint_Enhancement_Jupyter_Project\Fingerprint_Enhancement_Jupyter_Project\Fingerprint_Enhancement_Project\data\SOCOFing\Real\300__F_Right_little_finger.BMP
300__F_Right_middle_finger.BMP,300,validation,2b7a94b78cd5803f11cc3717fe739bccfec126f8bad0db11c71652b0981d929b,104,C:\Users\Acer\Documents\GitHub\ImageProcessing\Fingerprint_Enhancement_Jupyter_Project\Fingerprint_Enhancement_Jupyter_Project\Fingerprint_Enhancement_Project\data\SOCOFing\Real\300__F_Right_middle_finger.BMP
300__F_Right_ring_finger.BMP,300,validation,2b7a94b78cd5803f11cc3717fe739bccfec126f8bad0db11c71652b0981d929b,104,C:\Users\Acer\Documents\GitHub\ImageProcessing\Fingerprint_Enhancement_Jupyter_Project\Fingerprint_Enhancement_Jupyter_Project\Fingerprint_Enhancement_Project\data\SOCOFing\Real\300__F_Right_ring_finger.BMP
300__F_Right_thumb_finger.BMP,300,validation,2b7a94b78cd5803f11cc3717fe739bccfec126f8bad0db11c71652b0981d929b,104,C:\Users\Acer\Documents\GitHub\ImageProcessing\Fingerprint_Enhancement_Jupyter_Project\Fingerprint_Enhancement_Jupyter_Project\Fingerprint_Enhancement_Project\data\SOCOFing\Real\300__F_Right_thumb_finger.BMP
237__M_Left_index_finger.BMP,237,validation,2bd6e11d9b7126550f51148c6182717721c4bd33cba8733cda1edce3ab4bf5d4,105,C:\Users\Acer\Documents\GitHub\ImageProcessing\Fingerprint_Enhancement_Jupyter_Project\Fingerprint_Enhancement_Jupyter_Project\Fingerprint_Enhancement_Project\data\SOCOFing\Real\237__M_Left_index_finger.BMP
237__M_Left_little_finger.BMP,237,validation,2bd6e11d9b7126550f51148c6182717721c4bd33cba8733cda1edce3ab4bf5d4,105,C:\Users\Acer\Documents\GitHub\ImageProcessing\Fingerprint_Enhancement_Jupyter_Project\Fingerprint_Enhancement_Jupyter_Project\Fingerprint_Enhancement_Project\data\SOCOFing\Real\237__M_Left_little_finger.BMP
237__M_Left_middle_finger.BMP,237,validation,2bd6e11d9b7126550f51148c6182717721c4bd33cba8733cda1edce3ab4bf5d4,105,C:\Users\Acer\Documents\GitHub\ImageProcessing\Fingerprint_Enhancement_Jupyter_Project\Fingerprint_Enhancement_Jupyter_Project\Fingerprint_Enhancement_Project\data\SOCOFing\Real\237__M_Left_middle_finger.BMP
237__M_Left_ring_finger.BMP,237,validation,2bd6e11d9b7126550f51148c6182717721c4bd33cba8733cda1edce3ab4bf5d4,105,C:\Users\Acer\Documents\GitHub\ImageProcessing\Fingerprint_Enhancement_Jupyter_Project\Fingerprint_Enhancement_Jupyter_Project\Fingerprint_Enhancement_Project\data\SOCOFing\Real\237__M_Left_ring_finger.BMP
237__M_Left_thumb_finger.BMP,237,validation,2bd6e11d9b7126550f51148c6182717721c4bd33cba8733cda1edce3ab4bf5d4,105,C:\Users\Acer\Documents\GitHub\ImageProcessing\Fingerprint_Enhancement_Jupyter_Project\Fingerprint_Enhancement_Jupyter_Project\Fingerprint_Enhancement_Project\data\SOCOFing\Real\237__M_Left_thumb_finger.BMP
237__M_Right_index_finger.BMP,237,validation,2bd6e11d9b7126550f51148c6182717721c4bd33cba8733cda1edce3ab4bf5d4,105,C:\Users\Acer\Documents\GitHub\ImageProcessing\Fingerprint_Enhancement_Jupyter_Project\Fingerprint_Enhancement_Jupyter_Project\Fingerprint_Enhancement_Project\data\SOCOFing\Real\237__M_Right_index_finger.BMP
237__M_Right_little_finger.BMP,237,validation,2bd6e11d9b7126550f51148c6182717721c4bd33cba8733cda1edce3ab4bf5d4,105,C:\Users\Acer\Documents\GitHub\ImageProcessing\Fingerprint_Enhancement_Jupyter_Project\Fingerprint_Enhancement_Jupyter_Project\Fingerprint_Enhancement_Project\data\SOCOFing\Real\237__M_Right_little_finger.BMP
237__M_Right_middle_finger.BMP,237,validation,2bd6e11d9b7126550f51148c6182717721c4bd33cba8733cda1edce3ab4bf5d4,105,C:\Users\Acer\Documents\GitHub\ImageProcessing\Fingerprint_Enhancement_Jupyter_Project\Fingerprint_Enhancement_Jupyter_Project\Fingerprint_Enhancement_Project\data\SOCOFing\Real\237__M_Right_middle_finger.BMP
237__M_Right_ring_finger.BMP,237,validation,2bd6e11d9b7126550f51148c6182717721c4bd33cba8733cda1edce3ab4bf5d4,105,C:\Users\Acer\Documents\GitHub\ImageProcessing\Fingerprint_Enhancement_Jupyter_Project\Fingerprint_Enhancement_Jupyter_Project\Fingerprint_Enhancement_Project\data\SOCOFing\Real\237__M_Right_ring_finger.BMP
237__M_Right_thumb_finger.BMP,237,validation,2bd6e11d9b7126550f51148c6182717721c4bd33cba8733cda1edce3ab4bf5d4,105,C:\Users\Acer\Documents\GitHub\ImageProcessing\Fingerprint_Enhancement_Jupyter_Project\Fingerprint_Enhancement_Jupyter_Project\Fingerprint_Enhancement_Project\data\SOCOFing\Real\237__M_Right_thumb_finger.BMP
349__M_Left_index_finger.BMP,349,validation,2be9282cc2eefdaaa830f1c4877786a63597b493d54a164921b3d6aaeb5f5cc7,106,C:\Users\Acer\Documents\GitHub\ImageProcessing\Fingerprint_Enhancement_Jupyter_Project\Fingerprint_Enhancement_Jupyter_Project\Fingerprint_Enhancement_Project\data\SOCOFing\Real\349__M_Left_index_finger.BMP
349__M_Left_little_finger.BMP,349,validation,2be9282cc2eefdaaa830f1c4877786a63597b493d54a164921b3d6aaeb5f5cc7,106,C:\Users\Acer\Documents\GitHub\ImageProcessing\Fingerprint_Enhancement_Jupyter_Project\Fingerprint_Enhancement_Jupyter_Project\Fingerprint_Enhancement_Project\data\SOCOFing\Real\349__M_Left_little_finger.BMP
349__M_Left_middle_finger.BMP,349,validation,2be9282cc2eefdaaa830f1c4877786a63597b493d54a164921b3d6aaeb5f5cc7,106,C:\Users\Acer\Documents\GitHub\ImageProcessing\Fingerprint_Enhancement_Jupyter_Project\Fingerprint_Enhancement_Jupyter_Project\Fingerprint_Enhancement_Project\data\SOCOFing\Real\349__M_Left_middle_finger.BMP
349__M_Left_ring_finger.BMP,349,validation,2be9282cc2eefdaaa830f1c4877786a63597b493d54a164921b3d6aaeb5f5cc7,106,C:\Users\Acer\Documents\GitHub\ImageProcessing\Fingerprint_Enhancement_Jupyter_Project\Fingerprint_Enhancement_Jupyter_Project\Fingerprint_Enhancement_Project\data\SOCOFing\Real\349__M_Left_ring_finger.BMP
349__M_Left_thumb_finger.BMP,349,validation,2be9282cc2eefdaaa830f1c4877786a63597b493d54a164921b3d6aaeb5f5cc7,106,C:\Users\Acer\Documents\GitHub\ImageProcessing\Fingerprint_Enhancement_Jupyter_Project\Fingerprint_Enhancement_Jupyter_Project\Fingerprint_Enhancement_Project\data\SOCOFing\Real\349__M_Left_thumb_finger.BMP
349__M_Right_index_finger.BMP,349,validation,2be9282cc2eefdaaa830f1c4877786a63597b493d54a164921b3d6aaeb5f5cc7,106,C:\Users\Acer\Documents\GitHub\ImageProcessing\Fingerprint_Enhancement_Jupyter_Project\Fingerprint_Enhancement_Jupyter_Project\Fingerprint_Enhancement_Project\data\SOCOFing\Real\349__M_Right_index_finger.BMP
349__M_Right_little_finger.BMP,349,validation,2be9282cc2eefdaaa830f1c4877786a63597b493d54a164921b3d6aaeb5f5cc7,106,C:\Users\Acer\Documents\GitHub\ImageProcessing\Fingerprint_Enhancement_Jupyter_Project\Fingerprint_Enhancement_Jupyter_Project\Fingerprint_Enhancement_Project\data\SOCOFing\Real\349__M_Right_little_finger.BMP
349__M_Right_middle_finger.BMP,349,validation,2be9282cc2eefdaaa830f1c4877786a63597b493d54a164921b3d6aaeb5f5cc7,106,C:\Users\Acer\Documents\GitHub\ImageProcessing\Fingerprint_Enhancement_Jupyter_Project\Fingerprint_Enhancement_Jupyter_Project\Fingerprint_Enhancement_Project\data\SOCOFing\Real\349__M_Right_middle_finger.BMP
349__M_Right_ring_finger.BMP,349,validation,2be9282cc2eefdaaa830f1c4877786a63597b493d54a164921b3d6aaeb5f5cc7,106,C:\Users\Acer\Documents\GitHub\ImageProcessing\Fingerprint_Enhancement_Jupyter_Project\Fingerprint_Enhancement_Jupyter_Project\Fingerprint_Enhancement_Project\data\SOCOFing\Real\349__M_Right_ring_finger.BMP
349__M_Right_thumb_finger.BMP,349,validation,2be9282cc2eefdaaa830f1c4877786a63597b493d54a164921b3d6aaeb5f5cc7,106,C:\Users\Acer\Documents\GitHub\ImageProcessing\Fingerprint_Enhancement_Jupyter_Project\Fingerprint_Enhancement_Jupyter_Project\Fingerprint_Enhancement_Project\data\SOCOFing\Real\349__M_Right_thumb_finger.BMP
313__M_Left_index_finger.BMP,313,validation,2c6c7e5c238c92dfd615755934e7bf62ffcee8c1a139bb50c23f2c16a9742478,107,C:\Users\Acer\Documents\GitHub\ImageProcessing\Fingerprint_Enhancement_Jupyter_Project\Fingerprint_Enhancement_Jupyter_Project\Fingerprint_Enhancement_Project\data\SOCOFing\Real\313__M_Left_index_finger.BMP
313__M_Left_little_finger.BMP,313,validation,2c6c7e5c238c92dfd615755934e7bf62ffcee8c1a139bb50c23f2c16a9742478,107,C:\Users\Acer\Documents\GitHub\ImageProcessing\Fingerprint_Enhancement_Jupyter_Project\Fingerprint_Enhancement_Jupyter_Project\Fingerprint_Enhancement_Project\data\SOCOFing\Real\313__M_Left_little_finger.BMP
313__M_Left_middle_finger.BMP,313,validation,2c6c7e5c238c92dfd615755934e7bf62ffcee8c1a139bb50c23f2c16a9742478,107,C:\Users\Acer\Documents\GitHub\ImageProcessing\Fingerprint_Enhancement_Jupyter_Project\Fingerprint_Enhancement_Jupyter_Project\Fingerprint_Enhancement_Project\data\SOCOFing\Real\313__M_Left_middle_finger.BMP
313__M_Left_ring_finger.BMP,313,validation,2c6c7e5c238c92dfd615755934e7bf62ffcee8c1a139bb50c23f2c16a9742478,107,C:\Users\Acer\Documents\GitHub\ImageProcessing\Fingerprint_Enhancement_Jupyter_Project\Fingerprint_Enhancement_Jupyter_Project\Fingerprint_Enhancement_Project\data\SOCOFing\Real\313__M_Left_ring_finger.BMP
313__M_Left_thumb_finger.BMP,313,validation,2c6c7e5c238c92dfd615755934e7bf62ffcee8c1a139bb50c23f2c16a9742478,107,C:\Users\Acer\Documents\GitHub\ImageProcessing\Fingerprint_Enhancement_Jupyter_Project\Fingerprint_Enhancement_Jupyter_Project\Fingerprint_Enhancement_Project\data\SOCOFing\Real\313__M_Left_thumb_finger.BMP
313__M_Right_index_finger.BMP,313,validation,2c6c7e5c238c92dfd615755934e7bf62ffcee8c1a139bb50c23f2c16a9742478,107,C:\Users\Acer\Documents\GitHub\ImageProcessing\Fingerprint_Enhancement_Jupyter_Project\Fingerprint_Enhancement_Jupyter_Project\Fingerprint_Enhancement_Project\data\SOCOFing\Real\313__M_Right_index_finger.BMP
313__M_Right_little_finger.BMP,313,validation,2c6c7e5c238c92dfd615755934e7bf62ffcee8c1a139bb50c23f2c16a9742478,107,C:\Users\Acer\Documents\GitHub\ImageProcessing\Fingerprint_Enhancement_Jupyter_Project\Fingerprint_Enhancement_Jupyter_Project\Fingerprint_Enhancement_Project\data\SOCOFing\Real\313__M_Right_little_finger.BMP
313__M_Right_middle_finger.BMP,313,validation,2c6c7e5c238c92dfd615755934e7bf62ffcee8c1a139bb50c23f2c16a9742478,107,C:\Users\Acer\Documents\GitHub\ImageProcessing\Fingerprint_Enhancement_Jupyter_Project\Fingerprint_Enhancement_Jupyter_Project\Fingerprint_Enhancement_Project\data\SOCOFing\Real\313__M_Right_middle_finger.BMP
313__M_Right_ring_finger.BMP,313,validation,2c6c7e5c238c92dfd615755934e7bf62ffcee8c1a139bb50c23f2c16a9742478,107,C:\Users\Acer\Documents\GitHub\ImageProcessing\Fingerprint_Enhancement_Jupyter_Project\Fingerprint_Enhancement_Jupyter_Project\Fingerprint_Enhancement_Project\data\SOCOFing\Real\313__M_Right_ring_finger.BMP
313__M_Right_thumb_finger.BMP,313,validation,2c6c7e5c238c92dfd615755934e7bf62ffcee8c1a139bb50c23f2c16a9742478,107,C:\Users\Acer\Documents\GitHub\ImageProcessing\Fingerprint_Enhancement_Jupyter_Project\Fingerprint_Enhancement_Jupyter_Project\Fingerprint_Enhancement_Project\data\SOCOFing\Real\313__M_Right_thumb_finger.BMP
168__M_Left_index_finger.BMP,168,validation,2cf5ca43413d0099fc4c44925cf258c65992a58ccde414ae6b01c05a4b38e9af,108,C:\Users\Acer\Documents\GitHub\ImageProcessing\Fingerprint_Enhancement_Jupyter_Project\Fingerprint_Enhancement_Jupyter_Project\Fingerprint_Enhancement_Project\data\SOCOFing\Real\168__M_Left_index_finger.BMP
168__M_Left_little_finger.BMP,168,validation,2cf5ca43413d0099fc4c44925cf258c65992a58ccde414ae6b01c05a4b38e9af,108,C:\Users\Acer\Documents\GitHub\ImageProcessing\Fingerprint_Enhancement_Jupyter_Project\Fingerprint_Enhancement_Jupyter_Project\Fingerprint_Enhancement_Project\data\SOCOFing\Real\168__M_Left_little_finger.BMP
168__M_Left_middle_finger.BMP,168,validation,2cf5ca43413d0099fc4c44925cf258c65992a58ccde414ae6b01c05a4b38e9af,108,C:\Users\Acer\Documents\GitHub\ImageProcessing\Fingerprint_Enhancement_Jupyter_Project\Fingerprint_Enhancement_Jupyter_Project\Fingerprint_Enhancement_Project\data\SOCOFing\Real\168__M_Left_middle_finger.BMP
168__M_Left_ring_finger.BMP,168,validation,2cf5ca43413d0099fc4c44925cf258c65992a58ccde414ae6b01c05a4b38e9af,108,C:\Users\Acer\Documents\GitHub\ImageProcessing\Fingerprint_Enhancement_Jupyter_Project\Fingerprint_Enhancement_Jupyter_Project\Fingerprint_Enhancement_Project\data\SOCOFing\Real\168__M_Left_ring_finger.BMP
168__M_Left_thumb_finger.BMP,168,validation,2cf5ca43413d0099fc4c44925cf258c65992a58ccde414ae6b01c05a4b38e9af,108,C:\Users\Acer\Documents\GitHub\ImageProcessing\Fingerprint_Enhancement_Jupyter_Project\Fingerprint_Enhancement_Jupyter_Project\Fingerprint_Enhancement_Project\data\SOCOFing\Real\168__M_Left_thumb_finger.BMP
168__M_Right_index_finger.BMP,168,validation,2cf5ca43413d0099fc4c44925cf258c65992a58ccde414ae6b01c05a4b38e9af,108,C:\Users\Acer\Documents\GitHub\ImageProcessing\Fingerprint_Enhancement_Jupyter_Project\Fingerprint_Enhancement_Jupyter_Project\Fingerprint_Enhancement_Project\data\SOCOFing\Real\168__M_Right_index_finger.BMP
168__M_Right_little_finger.BMP,168,validation,2cf5ca43413d0099fc4c44925cf258c65992a58ccde414ae6b01c05a4b38e9af,108,C:\Users\Acer\Documents\GitHub\ImageProcessing\Fingerprint_Enhancement_Jupyter_Project\Fingerprint_Enhancement_Jupyter_Project\Fingerprint_Enhancement_Project\data\SOCOFing\Real\168__M_Right_little_finger.BMP
168__M_Right_middle_finger.BMP,168,validation,2cf5ca43413d0099fc4c44925cf258c65992a58ccde414ae6b01c05a4b38e9af,108,C:\Users\Acer\Documents\GitHub\ImageProcessing\Fingerprint_Enhancement_Jupyter_Project\Fingerprint_Enhancement_Jupyter_Project\Fingerprint_Enhancement_Project\data\SOCOFing\Real\168__M_Right_middle_finger.BMP
168__M_Right_ring_finger.BMP,168,validation,2cf5ca43413d0099fc4c44925cf258c65992a58ccde414ae6b01c05a4b38e9af,108,C:\Users\Acer\Documents\GitHub\ImageProcessing\Fingerprint_Enhancement_Jupyter_Project\Fingerprint_Enhancement_Jupyter_Project\Fingerprint_Enhancement_Project\data\SOCOFing\Real\168__M_Right_ring_finger.BMP
168__M_Right_thumb_finger.BMP,168,validation,2cf5ca43413d0099fc4c44925cf258c65992a58ccde414ae6b01c05a4b38e9af,108,C:\Users\Acer\Documents\GitHub\ImageProcessing\Fingerprint_Enhancement_Jupyter_Project\Fingerprint_Enhancement_Jupyter_Project\Fingerprint_Enhancement_Project\data\SOCOFing\Real\168__M_Right_thumb_finger.BMP
111__M_Left_index_finger.BMP,111,validation,2d74e1b4efce3154be37ae2a9d270fda4146ce24b2bc756a63c67e89d0f1d613,109,C:\Users\Acer\Documents\GitHub\ImageProcessing\Fingerprint_Enhancement_Jupyter_Project\Fingerprint_Enhancement_Jupyter_Project\Fingerprint_Enhancement_Project\data\SOCOFing\Real\111__M_Left_index_finger.BMP
111__M_Left_little_finger.BMP,111,validation,2d74e1b4efce3154be37ae2a9d270fda4146ce24b2bc756a63c67e89d0f1d613,109,C:\Users\Acer\Documents\GitHub\ImageProcessing\Fingerprint_Enhancement_Jupyter_Project\Fingerprint_Enhancement_Jupyter_Project\Fingerprint_Enhancement_Project\data\SOCOFing\Real\111__M_Left_little_finger.BMP
111__M_Left_middle_finger.BMP,111,validation,2d74e1b4efce3154be37ae2a9d270fda4146ce24b2bc756a63c67e89d0f1d613,109,C:\Users\Acer\Documents\GitHub\ImageProcessing\Fingerprint_Enhancement_Jupyter_Project\Fingerprint_Enhancement_Jupyter_Project\Fingerprint_Enhancement_Project\data\SOCOFing\Real\111__M_Left_middle_finger.BMP
111__M_Left_ring_finger.BMP,111,validation,2d74e1b4efce3154be37ae2a9d270fda4146ce24b2bc756a63c67e89d0f1d613,109,C:\Users\Acer\Documents\GitHub\ImageProcessing\Fingerprint_Enhancement_Jupyter_Project\Fingerprint_Enhancement_Jupyter_Project\Fingerprint_Enhancement_Project\data\SOCOFing\Real\111__M_Left_ring_finger.BMP
111__M_Left_thumb_finger.BMP,111,validation,2d74e1b4efce3154be37ae2a9d270fda4146ce24b2bc756a63c67e89d0f1d613,109,C:\Users\Acer\Documents\GitHub\ImageProcessing\Fingerprint_Enhancement_Jupyter_Project\Fingerprint_Enhancement_Jupyter_Project\Fingerprint_Enhancement_Project\data\SOCOFing\Real\111__M_Left_thumb_finger.BMP
111__M_Right_index_finger.BMP,111,validation,2d74e1b4efce3154be37ae2a9d270fda4146ce24b2bc756a63c67e89d0f1d613,109,C:\Users\Acer\Documents\GitHub\ImageProcessing\Fingerprint_Enhancement_Jupyter_Project\Fingerprint_Enhancement_Jupyter_Project\Fingerprint_Enhancement_Project\data\SOCOFing\Real\111__M_Right_index_finger.BMP
111__M_Right_little_finger.BMP,111,validation,2d74e1b4efce3154be37ae2a9d270fda4146ce24b2bc756a63c67e89d0f1d613,109,C:\Users\Acer\Documents\GitHub\ImageProcessing\Fingerprint_Enhancement_Jupyter_Project\Fingerprint_Enhancement_Jupyter_Project\Fingerprint_Enhancement_Project\data\SOCOFing\Real\111__M_Right_little_finger.BMP
111__M_Right_middle_finger.BMP,111,validation,2d74e1b4efce3154be37ae2a9d270fda4146ce24b2bc756a63c67e89d0f1d613,109,C:\Users\Acer\Documents\GitHub\ImageProcessing\Fingerprint_Enhancement_Jupyter_Project\Fingerprint_Enhancement_Jupyter_Project\Fingerprint_Enhancement_Project\data\SOCOFing\Real\111__M_Right_middle_finger.BMP
111__M_Right_ring_finger.BMP,111,validation,2d74e1b4efce3154be37ae2a9d270fda4146ce24b2bc756a63c67e89d0f1d613,109,C:\Users\Acer\Documents\GitHub\ImageProcessing\Fingerprint_Enhancement_Jupyter_Project\Fingerprint_Enhancement_Jupyter_Project\Fingerprint_Enhancement_Project\data\SOCOFing\Real\111__M_Right_ring_finger.BMP
111__M_Right_thumb_finger.BMP,111,validation,2d74e1b4efce3154be37ae2a9d270fda4146ce24b2bc756a63c67e89d0f1d613,109,C:\Users\Acer\Documents\GitHub\ImageProcessing\Fingerprint_Enhancement_Jupyter_Project\Fingerprint_Enhancement_Jupyter_Project\Fingerprint_Enhancement_Project\data\SOCOFing\Real\111__M_Right_thumb_finger.BMP
383__M_Left_index_finger.BMP,383,validation,2e3b2fea1b12c47984e784b7cbbc981099fd1b80d71190a77aa28b6506ef5038,110,C:\Users\Acer\Documents\GitHub\ImageProcessing\Fingerprint_Enhancement_Jupyter_Project\Fingerprint_Enhancement_Jupyter_Project\Fingerprint_Enhancement_Project\data\SOCOFing\Real\383__M_Left_index_finger.BMP
383__M_Left_little_finger.BMP,383,validation,2e3b2fea1b12c47984e784b7cbbc981099fd1b80d71190a77aa28b6506ef5038,110,C:\Users\Acer\Documents\GitHub\ImageProcessing\Fingerprint_Enhancement_Jupyter_Project\Fingerprint_Enhancement_Jupyter_Project\Fingerprint_Enhancement_Project\data\SOCOFing\Real\383__M_Left_little_finger.BMP
383__M_Left_middle_finger.BMP,383,validation,2e3b2fea1b12c47984e784b7cbbc981099fd1b80d71190a77aa28b6506ef5038,110,C:\Users\Acer\Documents\GitHub\ImageProcessing\Fingerprint_Enhancement_Jupyter_Project\Fingerprint_Enhancement_Jupyter_Project\Fingerprint_Enhancement_Project\data\SOCOFing\Real\383__M_Left_middle_finger.BMP
383__M_Left_ring_finger.BMP,383,validation,2e3b2fea1b12c47984e784b7cbbc981099fd1b80d71190a77aa28b6506ef5038,110,C:\Users\Acer\Documents\GitHub\ImageProcessing\Fingerprint_Enhancement_Jupyter_Project\Fingerprint_Enhancement_Jupyter_Project\Fingerprint_Enhancement_Project\data\SOCOFing\Real\383__M_Left_ring_finger.BMP
383__M_Left_thumb_finger.BMP,383,validation,2e3b2fea1b12c47984e784b7cbbc981099fd1b80d71190a77aa28b6506ef5038,110,C:\Users\Acer\Documents\GitHub\ImageProcessing\Fingerprint_Enhancement_Jupyter_Project\Fingerprint_Enhancement_Jupyter_Project\Fingerprint_Enhancement_Project\data\SOCOFing\Real\383__M_Left_thumb_finger.BMP
383__M_Right_index_finger.BMP,383,validation,2e3b2fea1b12c47984e784b7cbbc981099fd1b80d71190a77aa28b6506ef5038,110,C:\Users\Acer\Documents\GitHub\ImageProcessing\Fingerprint_Enhancement_Jupyter_Project\Fingerprint_Enhancement_Jupyter_Project\Fingerprint_Enhancement_Project\data\SOCOFing\Real\383__M_Right_index_finger.BMP
383__M_Right_little_finger.BMP,383,validation,2e3b2fea1b12c47984e784b7cbbc981099fd1b80d71190a77aa28b6506ef5038,110,C:\Users\Acer\Documents\GitHub\ImageProcessing\Fingerprint_Enhancement_Jupyter_Project\Fingerprint_Enhancement_Jupyter_Project\Fingerprint_Enhancement_Project\data\SOCOFing\Real\383__M_Right_little_finger.BMP
383__M_Right_middle_finger.BMP,383,validation,2e3b2fea1b12c47984e784b7cbbc981099fd1b80d71190a77aa28b6506ef5038,110,C:\Users\Acer\Documents\GitHub\ImageProcessing\Fingerprint_Enhancement_Jupyter_Project\Fingerprint_Enhancement_Jupyter_Project\Fingerprint_Enhancement_Project\data\SOCOFing\Real\383__M_Right_middle_finger.BMP
383__M_Right_ring_finger.BMP,383,validation,2e3b2fea1b12c47984e784b7cbbc981099fd1b80d71190a77aa28b6506ef5038,110,C:\Users\Acer\Documents\GitHub\ImageProcessing\Fingerprint_Enhancement_Jupyter_Project\Fingerprint_Enhancement_Jupyter_Project\Fingerprint_Enhancement_Project\data\SOCOFing\Real\383__M_Right_ring_finger.BMP
383__M_Right_thumb_finger.BMP,383,validation,2e3b2fea1b12c47984e784b7cbbc981099fd1b80d71190a77aa28b6506ef5038,110,C:\Users\Acer\Documents\GitHub\ImageProcessing\Fingerprint_Enhancement_Jupyter_Project\Fingerprint_Enhancement_Jupyter_Project\Fingerprint_Enhancement_Project\data\SOCOFing\Real\383__M_Right_thumb_finger.BMP
256__M_Left_index_finger.BMP,256,validation,2e5eaa6e408ed800d5dadbe50de635a14c4e5a0e0870c9d413ecee1b3a9f22df,111,C:\Users\Acer\Documents\GitHub\ImageProcessing\Fingerprint_Enhancement_Jupyter_Project\Fingerprint_Enhancement_Jupyter_Project\Fingerprint_Enhancement_Project\data\SOCOFing\Real\256__M_Left_index_finger.BMP
256__M_Left_little_finger.BMP,256,validation,2e5eaa6e408ed800d5dadbe50de635a14c4e5a0e0870c9d413ecee1b3a9f22df,111,C:\Users\Acer\Documents\GitHub\ImageProcessing\Fingerprint_Enhancement_Jupyter_Project\Fingerprint_Enhancement_Jupyter_Project\Fingerprint_Enhancement_Project\data\SOCOFing\Real\256__M_Left_little_finger.BMP
256__M_Left_middle_finger.BMP,256,validation,2e5eaa6e408ed800d5dadbe50de635a14c4e5a0e0870c9d413ecee1b3a9f22df,111,C:\Users\Acer\Documents\GitHub\ImageProcessing\Fingerprint_Enhancement_Jupyter_Project\Fingerprint_Enhancement_Jupyter_Project\Fingerprint_Enhancement_Project\data\SOCOFing\Real\256__M_Left_middle_finger.BMP
256__M_Left_ring_finger.BMP,256,validation,2e5eaa6e408ed800d5dadbe50de635a14c4e5a0e0870c9d413ecee1b3a9f22df,111,C:\Users\Acer\Documents\GitHub\ImageProcessing\Fingerprint_Enhancement_Jupyter_Project\Fingerprint_Enhancement_Jupyter_Project\Fingerprint_Enhancement_Project\data\SOCOFing\Real\256__M_Left_ring_finger.BMP
256__M_Left_thumb_finger.BMP,256,validation,2e5eaa6e408ed800d5dadbe50de635a14c4e5a0e0870c9d413ecee1b3a9f22df,111,C:\Users\Acer\Documents\GitHub\ImageProcessing\Fingerprint_Enhancement_Jupyter_Project\Fingerprint_Enhancement_Jupyter_Project\Fingerprint_Enhancement_Project\data\SOCOFing\Real\256__M_Left_thumb_finger.BMP
256__M_Right_index_finger.BMP,256,validation,2e5eaa6e408ed800d5dadbe50de635a14c4e5a0e0870c9d413ecee1b3a9f22df,111,C:\Users\Acer\Documents\GitHub\ImageProcessing\Fingerprint_Enhancement_Jupyter_Project\Fingerprint_Enhancement_Jupyter_Project\Fingerprint_Enhancement_Project\data\SOCOFing\Real\256__M_Right_index_finger.BMP
256__M_Right_little_finger.BMP,256,validation,2e5eaa6e408ed800d5dadbe50de635a14c4e5a0e0870c9d413ecee1b3a9f22df,111,C:\Users\Acer\Documents\GitHub\ImageProcessing\Fingerprint_Enhancement_Jupyter_Project\Fingerprint_Enhancement_Jupyter_Project\Fingerprint_Enhancement_Project\data\SOCOFing\Real\256__M_Right_little_finger.BMP
256__M_Right_middle_finger.BMP,256,validation,2e5eaa6e408ed800d5dadbe50de635a14c4e5a0e0870c9d413ecee1b3a9f22df,111,C:\Users\Acer\Documents\GitHub\ImageProcessing\Fingerprint_Enhancement_Jupyter_Project\Fingerprint_Enhancement_Jupyter_Project\Fingerprint_Enhancement_Project\data\SOCOFing\Real\256__M_Right_middle_finger.BMP
256__M_Right_ring_finger.BMP,256,validation,2e5eaa6e408ed800d5dadbe50de635a14c4e5a0e0870c9d413ecee1b3a9f22df,111,C:\Users\Acer\Documents\GitHub\ImageProcessing\Fingerprint_Enhancement_Jupyter_Project\Fingerprint_Enhancement_Jupyter_Project\Fingerprint_Enhancement_Project\data\SOCOFing\Real\256__M_Right_ring_finger.BMP
256__M_Right_thumb_finger.BMP,256,validation,2e5eaa6e408ed800d5dadbe50de635a14c4e5a0e0870c9d413ecee1b3a9f22df,111,C:\Users\Acer\Documents\GitHub\ImageProcessing\Fingerprint_Enhancement_Jupyter_Project\Fingerprint_Enhancement_Jupyter_Project\Fingerprint_Enhancement_Project\data\SOCOFing\Real\256__M_Right_thumb_finger.BMP
86__M_Left_index_finger.BMP,86,validation,2f3787450b5747b7439a4606cda1c376255fe3fedf325fa510ea794a47106a57,112,C:\Users\Acer\Documents\GitHub\ImageProcessing\Fingerprint_Enhancement_Jupyter_Project\Fingerprint_Enhancement_Jupyter_Project\Fingerprint_Enhancement_Project\data\SOCOFing\Real\86__M_Left_index_finger.BMP
86__M_Left_little_finger.BMP,86,validation,2f3787450b5747b7439a4606cda1c376255fe3fedf325fa510ea794a47106a57,112,C:\Users\Acer\Documents\GitHub\ImageProcessing\Fingerprint_Enhancement_Jupyter_Project\Fingerprint_Enhancement_Jupyter_Project\Fingerprint_Enhancement_Project\data\SOCOFing\Real\86__M_Left_little_finger.BMP
86__M_Left_middle_finger.BMP,86,validation,2f3787450b5747b7439a4606cda1c376255fe3fedf325fa510ea794a47106a57,112,C:\Users\Acer\Documents\GitHub\ImageProcessing\Fingerprint_Enhancement_Jupyter_Project\Fingerprint_Enhancement_Jupyter_Project\Fingerprint_Enhancement_Project\data\SOCOFing\Real\86__M_Left_middle_finger.BMP
86__M_Left_ring_finger.BMP,86,validation,2f3787450b5747b7439a4606cda1c376255fe3fedf325fa510ea794a47106a57,112,C:\Users\Acer\Documents\GitHub\ImageProcessing\Fingerprint_Enhancement_Jupyter_Project\Fingerprint_Enhancement_Jupyter_Project\Fingerprint_Enhancement_Project\data\SOCOFing\Real\86__M_Left_ring_finger.BMP
86__M_Left_thumb_finger.BMP,86,validation,2f3787450b5747b7439a4606cda1c376255fe3fedf325fa510ea794a47106a57,112,C:\Users\Acer\Documents\GitHub\ImageProcessing\Fingerprint_Enhancement_Jupyter_Project\Fingerprint_Enhancement_Jupyter_Project\Fingerprint_Enhancement_Project\data\SOCOFing\Real\86__M_Left_thumb_finger.BMP
86__M_Right_index_finger.BMP,86,validation,2f3787450b5747b7439a4606cda1c376255fe3fedf325fa510ea794a47106a57,112,C:\Users\Acer\Documents\GitHub\ImageProcessing\Fingerprint_Enhancement_Jupyter_Project\Fingerprint_Enhancement_Jupyter_Project\Fingerprint_Enhancement_Project\data\SOCOFing\Real\86__M_Right_index_finger.BMP
86__M_Right_little_finger.BMP,86,validation,2f3787450b5747b7439a4606cda1c376255fe3fedf325fa510ea794a47106a57,112,C:\Users\Acer\Documents\GitHub\ImageProcessing\Fingerprint_Enhancement_Jupyter_Project\Fingerprint_Enhancement_Jupyter_Project\Fingerprint_Enhancement_Project\data\SOCOFing\Real\86__M_Right_little_finger.BMP
86__M_Right_middle_finger.BMP,86,validation,2f3787450b5747b7439a4606cda1c376255fe3fedf325fa510ea794a47106a57,112,C:\Users\Acer\Documents\GitHub\ImageProcessing\Fingerprint_Enhancement_Jupyter_Project\Fingerprint_Enhancement_Jupyter_Project\Fingerprint_Enhancement_Project\data\SOCOFing\Real\86__M_Right_middle_finger.BMP
86__M_Right_ring_finger.BMP,86,validation,2f3787450b5747b7439a4606cda1c376255fe3fedf325fa510ea794a47106a57,112,C:\Users\Acer\Documents\GitHub\ImageProcessing\Fingerprint_Enhancement_Jupyter_Project\Fingerprint_Enhancement_Jupyter_Project\Fingerprint_Enhancement_Project\data\SOCOFing\Real\86__M_Right_ring_finger.BMP
86__M_Right_thumb_finger.BMP,86,validation,2f3787450b5747b7439a4606cda1c376255fe3fedf325fa510ea794a47106a57,112,C:\Users\Acer\Documents\GitHub\ImageProcessing\Fingerprint_Enhancement_Jupyter_Project\Fingerprint_Enhancement_Jupyter_Project\Fingerprint_Enhancement_Project\data\SOCOFing\Real\86__M_Right_thumb_finger.BMP
504__M_Left_index_finger.BMP,504,validation,2fb501e8fbd245d52d3560f22e2dbff4ccc437abee45c413ae91d8143e37c397,113,C:\Users\Acer\Documents\GitHub\ImageProcessing\Fingerprint_Enhancement_Jupyter_Project\Fingerprint_Enhancement_Jupyter_Project\Fingerprint_Enhancement_Project\data\SOCOFing\Real\504__M_Left_index_finger.BMP
504__M_Left_little_finger.BMP,504,validation,2fb501e8fbd245d52d3560f22e2dbff4ccc437abee45c413ae91d8143e37c397,113,C:\Users\Acer\Documents\GitHub\ImageProcessing\Fingerprint_Enhancement_Jupyter_Project\Fingerprint_Enhancement_Jupyter_Project\Fingerprint_Enhancement_Project\data\SOCOFing\Real\504__M_Left_little_finger.BMP
504__M_Left_middle_finger.BMP,504,validation,2fb501e8fbd245d52d3560f22e2dbff4ccc437abee45c413ae91d8143e37c397,113,C:\Users\Acer\Documents\GitHub\ImageProcessing\Fingerprint_Enhancement_Jupyter_Project\Fingerprint_Enhancement_Jupyter_Project\Fingerprint_Enhancement_Project\data\SOCOFing\Real\504__M_Left_middle_finger.BMP
504__M_Left_ring_finger.BMP,504,validation,2fb501e8fbd245d52d3560f22e2dbff4ccc437abee45c413ae91d8143e37c397,113,C:\Users\Acer\Documents\GitHub\ImageProcessing\Fingerprint_Enhancement_Jupyter_Project\Fingerprint_Enhancement_Jupyter_Project\Fingerprint_Enhancement_Project\data\SOCOFing\Real\504__M_Left_ring_finger.BMP
504__M_Left_thumb_finger.BMP,504,validation,2fb501e8fbd245d52d3560f22e2dbff4ccc437abee45c413ae91d8143e37c397,113,C:\Users\Acer\Documents\GitHub\ImageProcessing\Fingerprint_Enhancement_Jupyter_Project\Fingerprint_Enhancement_Jupyter_Project\Fingerprint_Enhancement_Project\data\SOCOFing\Real\504__M_Left_thumb_finger.BMP
504__M_Right_index_finger.BMP,504,validation,2fb501e8fbd245d52d3560f22e2dbff4ccc437abee45c413ae91d8143e37c397,113,C:\Users\Acer\Documents\GitHub\ImageProcessing\Fingerprint_Enhancement_Jupyter_Project\Fingerprint_Enhancement_Jupyter_Project\Fingerprint_Enhancement_Project\data\SOCOFing\Real\504__M_Right_index_finger.BMP
504__M_Right_little_finger.BMP,504,validation,2fb501e8fbd245d52d3560f22e2dbff4ccc437abee45c413ae91d8143e37c397,113,C:\Users\Acer\Documents\GitHub\ImageProcessing\Fingerprint_Enhancement_Jupyter_Project\Fingerprint_Enhancement_Jupyter_Project\Fingerprint_Enhancement_Project\data\SOCOFing\Real\504__M_Right_little_finger.BMP
504__M_Right_middle_finger.BMP,504,validation,2fb501e8fbd245d52d3560f22e2dbff4ccc437abee45c413ae91d8143e37c397,113,C:\Users\Acer\Documents\GitHub\ImageProcessing\Fingerprint_Enhancement_Jupyter_Project\Fingerprint_Enhancement_Jupyter_Project\Fingerprint_Enhancement_Project\data\SOCOFing\Real\504__M_Right_middle_finger.BMP
504__M_Right_ring_finger.BMP,504,validation,2fb501e8fbd245d52d3560f22e2dbff4ccc437abee45c413ae91d8143e37c397,113,C:\Users\Acer\Documents\GitHub\ImageProcessing\Fingerprint_Enhancement_Jupyter_Project\Fingerprint_Enhancement_Jupyter_Project\Fingerprint_Enhancement_Project\data\SOCOFing\Real\504__M_Right_ring_finger.BMP
504__M_Right_thumb_finger.BMP,504,validation,2fb501e8fbd245d52d3560f22e2dbff4ccc437abee45c413ae91d8143e37c397,113,C:\Users\Acer\Documents\GitHub\ImageProcessing\Fingerprint_Enhancement_Jupyter_Project\Fingerprint_Enhancement_Jupyter_Project\Fingerprint_Enhancement_Project\data\SOCOFing\Real\504__M_Right_thumb_finger.BMP
573__F_Left_index_finger.BMP,573,validation,3009e65cde434a3182fe462aec41a1d80b2ea3d6b7fa8d5e5b6a7d0dc1c2d269,114,C:\Users\Acer\Documents\GitHub\ImageProcessing\Fingerprint_Enhancement_Jupyter_Project\Fingerprint_Enhancement_Jupyter_Project\Fingerprint_Enhancement_Project\data\SOCOFing\Real\573__F_Left_index_finger.BMP
573__F_Left_little_finger.BMP,573,validation,3009e65cde434a3182fe462aec41a1d80b2ea3d6b7fa8d5e5b6a7d0dc1c2d269,114,C:\Users\Acer\Documents\GitHub\ImageProcessing\Fingerprint_Enhancement_Jupyter_Project\Fingerprint_Enhancement_Jupyter_Project\Fingerprint_Enhancement_Project\data\SOCOFing\Real\573__F_Left_little_finger.BMP
573__F_Left_middle_finger.BMP,573,validation,3009e65cde434a3182fe462aec41a1d80b2ea3d6b7fa8d5e5b6a7d0dc1c2d269,114,C:\Users\Acer\Documents\GitHub\ImageProcessing\Fingerprint_Enhancement_Jupyter_Project\Fingerprint_Enhancement_Jupyter_Project\Fingerprint_Enhancement_Project\data\SOCOFing\Real\573__F_Left_middle_finger.BMP
573__F_Left_ring_finger.BMP,573,validation,3009e65cde434a3182fe462aec41a1d80b2ea3d6b7fa8d5e5b6a7d0dc1c2d269,114,C:\Users\Acer\Documents\GitHub\ImageProcessing\Fingerprint_Enhancement_Jupyter_Project\Fingerprint_Enhancement_Jupyter_Project\Fingerprint_Enhancement_Project\data\SOCOFing\Real\573__F_Left_ring_finger.BMP
573__F_Left_thumb_finger.BMP,573,validation,3009e65cde434a3182fe462aec41a1d80b2ea3d6b7fa8d5e5b6a7d0dc1c2d269,114,C:\Users\Acer\Documents\GitHub\ImageProcessing\Fingerprint_Enhancement_Jupyter_Project\Fingerprint_Enhancement_Jupyter_Project\Fingerprint_Enhancement_Project\data\SOCOFing\Real\573__F_Left_thumb_finger.BMP
573__F_Right_index_finger.BMP,573,validation,3009e65cde434a3182fe462aec41a1d80b2ea3d6b7fa8d5e5b6a7d0dc1c2d269,114,C:\Users\Acer\Documents\GitHub\ImageProcessing\Fingerprint_Enhancement_Jupyter_Project\Fingerprint_Enhancement_Jupyter_Project\Fingerprint_Enhancement_Project\data\SOCOFing\Real\573__F_Right_index_finger.BMP
573__F_Right_little_finger.BMP,573,validation,3009e65cde434a3182fe462aec41a1d80b2ea3d6b7fa8d5e5b6a7d0dc1c2d269,114,C:\Users\Acer\Documents\GitHub\ImageProcessing\Fingerprint_Enhancement_Jupyter_Project\Fingerprint_Enhancement_Jupyter_Project\Fingerprint_Enhancement_Project\data\SOCOFing\Real\573__F_Right_little_finger.BMP
573__F_Right_middle_finger.BMP,573,validation,3009e65cde434a3182fe462aec41a1d80b2ea3d6b7fa8d5e5b6a7d0dc1c2d269,114,C:\Users\Acer\Documents\GitHub\ImageProcessing\Fingerprint_Enhancement_Jupyter_Project\Fingerprint_Enhancement_Jupyter_Project\Fingerprint_Enhancement_Project\data\SOCOFing\Real\573__F_Right_middle_finger.BMP
573__F_Right_ring_finger.BMP,573,validation,3009e65cde434a3182fe462aec41a1d80b2ea3d6b7fa8d5e5b6a7d0dc1c2d269,114,C:\Users\Acer\Documents\GitHub\ImageProcessing\Fingerprint_Enhancement_Jupyter_Project\Fingerprint_Enhancement_Jupyter_Project\Fingerprint_Enhancement_Project\data\SOCOFing\Real\573__F_Right_ring_finger.BMP
573__F_Right_thumb_finger.BMP,573,validation,3009e65cde434a3182fe462aec41a1d80b2ea3d6b7fa8d5e5b6a7d0dc1c2d269,114,C:\Users\Acer\Documents\GitHub\ImageProcessing\Fingerprint_Enhancement_Jupyter_Project\Fingerprint_Enhancement_Jupyter_Project\Fingerprint_Enhancement_Project\data\SOCOFing\Real\573__F_Right_thumb_finger.BMP
229__M_Left_index_finger.BMP,229,validation,311f3614c9ee08a03386406af6f8a45f880704f987a857efb2afd17ac1496f60,115,C:\Users\Acer\Documents\GitHub\ImageProcessing\Fingerprint_Enhancement_Jupyter_Project\Fingerprint_Enhancement_Jupyter_Project\Fingerprint_Enhancement_Project\data\SOCOFing\Real\229__M_Left_index_finger.BMP
229__M_Left_little_finger.BMP,229,validation,311f3614c9ee08a03386406af6f8a45f880704f987a857efb2afd17ac1496f60,115,C:\Users\Acer\Documents\GitHub\ImageProcessing\Fingerprint_Enhancement_Jupyter_Project\Fingerprint_Enhancement_Jupyter_Project\Fingerprint_Enhancement_Project\data\SOCOFing\Real\229__M_Left_little_finger.BMP
229__M_Left_middle_finger.BMP,229,validation,311f3614c9ee08a03386406af6f8a45f880704f987a857efb2afd17ac1496f60,115,C:\Users\Acer\Documents\GitHub\ImageProcessing\Fingerprint_Enhancement_Jupyter_Project\Fingerprint_Enhancement_Jupyter_Project\Fingerprint_Enhancement_Project\data\SOCOFing\Real\229__M_Left_middle_finger.BMP
229__M_Left_ring_finger.BMP,229,validation,311f3614c9ee08a03386406af6f8a45f880704f987a857efb2afd17ac1496f60,115,C:\Users\Acer\Documents\GitHub\ImageProcessing\Fingerprint_Enhancement_Jupyter_Project\Fingerprint_Enhancement_Jupyter_Project\Fingerprint_Enhancement_Project\data\SOCOFing\Real\229__M_Left_ring_finger.BMP
229__M_Left_thumb_finger.BMP,229,validation,311f3614c9ee08a03386406af6f8a45f880704f987a857efb2afd17ac1496f60,115,C:\Users\Acer\Documents\GitHub\ImageProcessing\Fingerprint_Enhancement_Jupyter_Project\Fingerprint_Enhancement_Jupyter_Project\Fingerprint_Enhancement_Project\data\SOCOFing\Real\229__M_Left_thumb_finger.BMP
229__M_Right_index_finger.BMP,229,validation,311f3614c9ee08a03386406af6f8a45f880704f987a857efb2afd17ac1496f60,115,C:\Users\Acer\Documents\GitHub\ImageProcessing\Fingerprint_Enhancement_Jupyter_Project\Fingerprint_Enhancement_Jupyter_Project\Fingerprint_Enhancement_Project\data\SOCOFing\Real\229__M_Right_index_finger.BMP
229__M_Right_little_finger.BMP,229,validation,311f3614c9ee08a03386406af6f8a45f880704f987a857efb2afd17ac1496f60,115,C:\Users\Acer\Documents\GitHub\ImageProcessing\Fingerprint_Enhancement_Jupyter_Project\Fingerprint_Enhancement_Jupyter_Project\Fingerprint_Enhancement_Project\data\SOCOFing\Real\229__M_Right_little_finger.BMP
229__M_Right_middle_finger.BMP,229,validation,311f3614c9ee08a03386406af6f8a45f880704f987a857efb2afd17ac1496f60,115,C:\Users\Acer\Documents\GitHub\ImageProcessing\Fingerprint_Enhancement_Jupyter_Project\Fingerprint_Enhancement_Jupyter_Project\Fingerprint_Enhancement_Project\data\SOCOFing\Real\229__M_Right_middle_finger.BMP
229__M_Right_ring_finger.BMP,229,validation,311f3614c9ee08a03386406af6f8a45f880704f987a857efb2afd17ac1496f60,115,C:\Users\Acer\Documents\GitHub\ImageProcessing\Fingerprint_Enhancement_Jupyter_Project\Fingerprint_Enhancement_Jupyter_Project\Fingerprint_Enhancement_Project\data\SOCOFing\Real\229__M_Right_ring_finger.BMP
229__M_Right_thumb_finger.BMP,229,validation,311f3614c9ee08a03386406af6f8a45f880704f987a857efb2afd17ac1496f60,115,C:\Users\Acer\Documents\GitHub\ImageProcessing\Fingerprint_Enhancement_Jupyter_Project\Fingerprint_Enhancement_Jupyter_Project\Fingerprint_Enhancement_Project\data\SOCOFing\Real\229__M_Right_thumb_finger.BMP
490__M_Left_index_finger.BMP,490,validation,31230f1761f26648074d0ac67c10ee5f44da25417f4a5028b6318b8f8994e3e6,116,C:\Users\Acer\Documents\GitHub\ImageProcessing\Fingerprint_Enhancement_Jupyter_Project\Fingerprint_Enhancement_Jupyter_Project\Fingerprint_Enhancement_Project\data\SOCOFing\Real\490__M_Left_index_finger.BMP
490__M_Left_little_finger.BMP,490,validation,31230f1761f26648074d0ac67c10ee5f44da25417f4a5028b6318b8f8994e3e6,116,C:\Users\Acer\Documents\GitHub\ImageProcessing\Fingerprint_Enhancement_Jupyter_Project\Fingerprint_Enhancement_Jupyter_Project\Fingerprint_Enhancement_Project\data\SOCOFing\Real\490__M_Left_little_finger.BMP
490__M_Left_middle_finger.BMP,490,validation,31230f1761f26648074d0ac67c10ee5f44da25417f4a5028b6318b8f8994e3e6,116,C:\Users\Acer\Documents\GitHub\ImageProcessing\Fingerprint_Enhancement_Jupyter_Project\Fingerprint_Enhancement_Jupyter_Project\Fingerprint_Enhancement_Project\data\SOCOFing\Real\490__M_Left_middle_finger.BMP
490__M_Left_ring_finger.BMP,490,validation,31230f1761f26648074d0ac67c10ee5f44da25417f4a5028b6318b8f8994e3e6,116,C:\Users\Acer\Documents\GitHub\ImageProcessing\Fingerprint_Enhancement_Jupyter_Project\Fingerprint_Enhancement_Jupyter_Project\Fingerprint_Enhancement_Project\data\SOCOFing\Real\490__M_Left_ring_finger.BMP
490__M_Left_thumb_finger.BMP,490,validation,31230f1761f26648074d0ac67c10ee5f44da25417f4a5028b6318b8f8994e3e6,116,C:\Users\Acer\Documents\GitHub\ImageProcessing\Fingerprint_Enhancement_Jupyter_Project\Fingerprint_Enhancement_Jupyter_Project\Fingerprint_Enhancement_Project\data\SOCOFing\Real\490__M_Left_thumb_finger.BMP
490__M_Right_index_finger.BMP,490,validation,31230f1761f26648074d0ac67c10ee5f44da25417f4a5028b6318b8f8994e3e6,116,C:\Users\Acer\Documents\GitHub\ImageProcessing\Fingerprint_Enhancement_Jupyter_Project\Fingerprint_Enhancement_Jupyter_Project\Fingerprint_Enhancement_Project\data\SOCOFing\Real\490__M_Right_index_finger.BMP
490__M_Right_little_finger.BMP,490,validation,31230f1761f26648074d0ac67c10ee5f44da25417f4a5028b6318b8f8994e3e6,116,C:\Users\Acer\Documents\GitHub\ImageProcessing\Fingerprint_Enhancement_Jupyter_Project\Fingerprint_Enhancement_Jupyter_Project\Fingerprint_Enhancement_Project\data\SOCOFing\Real\490__M_Right_little_finger.BMP
490__M_Right_middle_finger.BMP,490,validation,31230f1761f26648074d0ac67c10ee5f44da25417f4a5028b6318b8f8994e3e6,116,C:\Users\Acer\Documents\GitHub\ImageProcessing\Fingerprint_Enhancement_Jupyter_Project\Fingerprint_Enhancement_Jupyter_Project\Fingerprint_Enhancement_Project\data\SOCOFing\Real\490__M_Right_middle_finger.BMP
490__M_Right_ring_finger.BMP,490,validation,31230f1761f26648074d0ac67c10ee5f44da25417f4a5028b6318b8f8994e3e6,116,C:\Users\Acer\Documents\GitHub\ImageProcessing\Fingerprint_Enhancement_Jupyter_Project\Fingerprint_Enhancement_Jupyter_Project\Fingerprint_Enhancement_Project\data\SOCOFing\Real\490__M_Right_ring_finger.BMP
490__M_Right_thumb_finger.BMP,490,validation,31230f1761f26648074d0ac67c10ee5f44da25417f4a5028b6318b8f8994e3e6,116,C:\Users\Acer\Documents\GitHub\ImageProcessing\Fingerprint_Enhancement_Jupyter_Project\Fingerprint_Enhancement_Jupyter_Project\Fingerprint_Enhancement_Project\data\SOCOFing\Real\490__M_Right_thumb_finger.BMP
354__M_Left_index_finger.BMP,354,validation,316ba66081560fc4d88963badd957a2001e31c8e6a633880dff5d1e5da1b5945,117,C:\Users\Acer\Documents\GitHub\ImageProcessing\Fingerprint_Enhancement_Jupyter_Project\Fingerprint_Enhancement_Jupyter_Project\Fingerprint_Enhancement_Project\data\SOCOFing\Real\354__M_Left_index_finger.BMP
354__M_Left_little_finger.BMP,354,validation,316ba66081560fc4d88963badd957a2001e31c8e6a633880dff5d1e5da1b5945,117,C:\Users\Acer\Documents\GitHub\ImageProcessing\Fingerprint_Enhancement_Jupyter_Project\Fingerprint_Enhancement_Jupyter_Project\Fingerprint_Enhancement_Project\data\SOCOFing\Real\354__M_Left_little_finger.BMP
354__M_Left_middle_finger.BMP,354,validation,316ba66081560fc4d88963badd957a2001e31c8e6a633880dff5d1e5da1b5945,117,C:\Users\Acer\Documents\GitHub\ImageProcessing\Fingerprint_Enhancement_Jupyter_Project\Fingerprint_Enhancement_Jupyter_Project\Fingerprint_Enhancement_Project\data\SOCOFing\Real\354__M_Left_middle_finger.BMP
354__M_Left_ring_finger.BMP,354,validation,316ba66081560fc4d88963badd957a2001e31c8e6a633880dff5d1e5da1b5945,117,C:\Users\Acer\Documents\GitHub\ImageProcessing\Fingerprint_Enhancement_Jupyter_Project\Fingerprint_Enhancement_Jupyter_Project\Fingerprint_Enhancement_Project\data\SOCOFing\Real\354__M_Left_ring_finger.BMP
354__M_Left_thumb_finger.BMP,354,validation,316ba66081560fc4d88963badd957a2001e31c8e6a633880dff5d1e5da1b5945,117,C:\Users\Acer\Documents\GitHub\ImageProcessing\Fingerprint_Enhancement_Jupyter_Project\Fingerprint_Enhancement_Jupyter_Project\Fingerprint_Enhancement_Project\data\SOCOFing\Real\354__M_Left_thumb_finger.BMP
354__M_Right_index_finger.BMP,354,validation,316ba66081560fc4d88963badd957a2001e31c8e6a633880dff5d1e5da1b5945,117,C:\Users\Acer\Documents\GitHub\ImageProcessing\Fingerprint_Enhancement_Jupyter_Project\Fingerprint_Enhancement_Jupyter_Project\Fingerprint_Enhancement_Project\data\SOCOFing\Real\354__M_Right_index_finger.BMP
354__M_Right_little_finger.BMP,354,validation,316ba66081560fc4d88963badd957a2001e31c8e6a633880dff5d1e5da1b5945,117,C:\Users\Acer\Documents\GitHub\ImageProcessing\Fingerprint_Enhancement_Jupyter_Project\Fingerprint_Enhancement_Jupyter_Project\Fingerprint_Enhancement_Project\data\SOCOFing\Real\354__M_Right_little_finger.BMP
354__M_Right_middle_finger.BMP,354,validation,316ba66081560fc4d88963badd957a2001e31c8e6a633880dff5d1e5da1b5945,117,C:\Users\Acer\Documents\GitHub\ImageProcessing\Fingerprint_Enhancement_Jupyter_Project\Fingerprint_Enhancement_Jupyter_Project\Fingerprint_Enhancement_Project\data\SOCOFing\Real\354__M_Right_middle_finger.BMP
354__M_Right_ring_finger.BMP,354,validation,316ba66081560fc4d88963badd957a2001e31c8e6a633880dff5d1e5da1b5945,117,C:\Users\Acer\Documents\GitHub\ImageProcessing\Fingerprint_Enhancement_Jupyter_Project\Fingerprint_Enhancement_Jupyter_Project\Fingerprint_Enhancement_Project\data\SOCOFing\Real\354__M_Right_ring_finger.BMP
354__M_Right_thumb_finger.BMP,354,validation,316ba66081560fc4d88963badd957a2001e31c8e6a633880dff5d1e5da1b5945,117,C:\Users\Acer\Documents\GitHub\ImageProcessing\Fingerprint_Enhancement_Jupyter_Project\Fingerprint_Enhancement_Jupyter_Project\Fingerprint_Enhancement_Project\data\SOCOFing\Real\354__M_Right_thumb_finger.BMP
305__M_Left_index_finger.BMP,305,validation,32289cd11dd1ffa0d03628ec89e1a8a35b3fd7ab693e586288a3d63d698b60aa,118,C:\Users\Acer\Documents\GitHub\ImageProcessing\Fingerprint_Enhancement_Jupyter_Project\Fingerprint_Enhancement_Jupyter_Project\Fingerprint_Enhancement_Project\data\SOCOFing\Real\305__M_Left_index_finger.BMP
305__M_Left_little_finger.BMP,305,validation,32289cd11dd1ffa0d03628ec89e1a8a35b3fd7ab693e586288a3d63d698b60aa,118,C:\Users\Acer\Documents\GitHub\ImageProcessing\Fingerprint_Enhancement_Jupyter_Project\Fingerprint_Enhancement_Jupyter_Project\Fingerprint_Enhancement_Project\data\SOCOFing\Real\305__M_Left_little_finger.BMP
305__M_Left_middle_finger.BMP,305,validation,32289cd11dd1ffa0d03628ec89e1a8a35b3fd7ab693e586288a3d63d698b60aa,118,C:\Users\Acer\Documents\GitHub\ImageProcessing\Fingerprint_Enhancement_Jupyter_Project\Fingerprint_Enhancement_Jupyter_Project\Fingerprint_Enhancement_Project\data\SOCOFing\Real\305__M_Left_middle_finger.BMP
305__M_Left_ring_finger.BMP,305,validation,32289cd11dd1ffa0d03628ec89e1a8a35b3fd7ab693e586288a3d63d698b60aa,118,C:\Users\Acer\Documents\GitHub\ImageProcessing\Fingerprint_Enhancement_Jupyter_Project\Fingerprint_Enhancement_Jupyter_Project\Fingerprint_Enhancement_Project\data\SOCOFing\Real\305__M_Left_ring_finger.BMP
305__M_Left_thumb_finger.BMP,305,validation,32289cd11dd1ffa0d03628ec89e1a8a35b3fd7ab693e586288a3d63d698b60aa,118,C:\Users\Acer\Documents\GitHub\ImageProcessing\Fingerprint_Enhancement_Jupyter_Project\Fingerprint_Enhancement_Jupyter_Project\Fingerprint_Enhancement_Project\data\SOCOFing\Real\305__M_Left_thumb_finger.BMP
305__M_Right_index_finger.BMP,305,validation,32289cd11dd1ffa0d03628ec89e1a8a35b3fd7ab693e586288a3d63d698b60aa,118,C:\Users\Acer\Documents\GitHub\ImageProcessing\Fingerprint_Enhancement_Jupyter_Project\Fingerprint_Enhancement_Jupyter_Project\Fingerprint_Enhancement_Project\data\SOCOFing\Real\305__M_Right_index_finger.BMP
305__M_Right_little_finger.BMP,305,validation,32289cd11dd1ffa0d03628ec89e1a8a35b3fd7ab693e586288a3d63d698b60aa,118,C:\Users\Acer\Documents\GitHub\ImageProcessing\Fingerprint_Enhancement_Jupyter_Project\Fingerprint_Enhancement_Jupyter_Project\Fingerprint_Enhancement_Project\data\SOCOFing\Real\305__M_Right_little_finger.BMP
305__M_Right_middle_finger.BMP,305,validation,32289cd11dd1ffa0d03628ec89e1a8a35b3fd7ab693e586288a3d63d698b60aa,118,C:\Users\Acer\Documents\GitHub\ImageProcessing\Fingerprint_Enhancement_Jupyter_Project\Fingerprint_Enhancement_Jupyter_Project\Fingerprint_Enhancement_Project\data\SOCOFing\Real\305__M_Right_middle_finger.BMP
305__M_Right_ring_finger.BMP,305,validation,32289cd11dd1ffa0d03628ec89e1a8a35b3fd7ab693e586288a3d63d698b60aa,118,C:\Users\Acer\Documents\GitHub\ImageProcessing\Fingerprint_Enhancement_Jupyter_Project\Fingerprint_Enhancement_Jupyter_Project\Fingerprint_Enhancement_Project\data\SOCOFing\Real\305__M_Right_ring_finger.BMP
305__M_Right_thumb_finger.BMP,305,validation,32289cd11dd1ffa0d03628ec89e1a8a35b3fd7ab693e586288a3d63d698b60aa,118,C:\Users\Acer\Documents\GitHub\ImageProcessing\Fingerprint_Enhancement_Jupyter_Project\Fingerprint_Enhancement_Jupyter_Project\Fingerprint_Enhancement_Project\data\SOCOFing\Real\305__M_Right_thumb_finger.BMP
512__M_Left_index_finger.BMP,512,validation,3262e54ee022bab3d4ae46fb1e2bd60eb59e0ed3fe787290fe644e0467f26d79,119,C:\Users\Acer\Documents\GitHub\ImageProcessing\Fingerprint_Enhancement_Jupyter_Project\Fingerprint_Enhancement_Jupyter_Project\Fingerprint_Enhancement_Project\data\SOCOFing\Real\512__M_Left_index_finger.BMP
512__M_Left_little_finger.BMP,512,validation,3262e54ee022bab3d4ae46fb1e2bd60eb59e0ed3fe787290fe644e0467f26d79,119,C:\Users\Acer\Documents\GitHub\ImageProcessing\Fingerprint_Enhancement_Jupyter_Project\Fingerprint_Enhancement_Jupyter_Project\Fingerprint_Enhancement_Project\data\SOCOFing\Real\512__M_Left_little_finger.BMP
512__M_Left_middle_finger.BMP,512,validation,3262e54ee022bab3d4ae46fb1e2bd60eb59e0ed3fe787290fe644e0467f26d79,119,C:\Users\Acer\Documents\GitHub\ImageProcessing\Fingerprint_Enhancement_Jupyter_Project\Fingerprint_Enhancement_Jupyter_Project\Fingerprint_Enhancement_Project\data\SOCOFing\Real\512__M_Left_middle_finger.BMP
512__M_Left_ring_finger.BMP,512,validation,3262e54ee022bab3d4ae46fb1e2bd60eb59e0ed3fe787290fe644e0467f26d79,119,C:\Users\Acer\Documents\GitHub\ImageProcessing\Fingerprint_Enhancement_Jupyter_Project\Fingerprint_Enhancement_Jupyter_Project\Fingerprint_Enhancement_Project\data\SOCOFing\Real\512__M_Left_ring_finger.BMP
512__M_Left_thumb_finger.BMP,512,validation,3262e54ee022bab3d4ae46fb1e2bd60eb59e0ed3fe787290fe644e0467f26d79,119,C:\Users\Acer\Documents\GitHub\ImageProcessing\Fingerprint_Enhancement_Jupyter_Project\Fingerprint_Enhancement_Jupyter_Project\Fingerprint_Enhancement_Project\data\SOCOFing\Real\512__M_Left_thumb_finger.BMP
512__M_Right_index_finger.BMP,512,validation,3262e54ee022bab3d4ae46fb1e2bd60eb59e0ed3fe787290fe644e0467f26d79,119,C:\Users\Acer\Documents\GitHub\ImageProcessing\Fingerprint_Enhancement_Jupyter_Project\Fingerprint_Enhancement_Jupyter_Project\Fingerprint_Enhancement_Project\data\SOCOFing\Real\512__M_Right_index_finger.BMP
512__M_Right_little_finger.BMP,512,validation,3262e54ee022bab3d4ae46fb1e2bd60eb59e0ed3fe787290fe644e0467f26d79,119,C:\Users\Acer\Documents\GitHub\ImageProcessing\Fingerprint_Enhancement_Jupyter_Project\Fingerprint_Enhancement_Jupyter_Project\Fingerprint_Enhancement_Project\data\SOCOFing\Real\512__M_Right_little_finger.BMP
512__M_Right_middle_finger.BMP,512,validation,3262e54ee022bab3d4ae46fb1e2bd60eb59e0ed3fe787290fe644e0467f26d79,119,C:\Users\Acer\Documents\GitHub\ImageProcessing\Fingerprint_Enhancement_Jupyter_Project\Fingerprint_Enhancement_Jupyter_Project\Fingerprint_Enhancement_Project\data\SOCOFing\Real\512__M_Right_middle_finger.BMP
512__M_Right_ring_finger.BMP,512,validation,3262e54ee022bab3d4ae46fb1e2bd60eb59e0ed3fe787290fe644e0467f26d79,119,C:\Users\Acer\Documents\GitHub\ImageProcessing\Fingerprint_Enhancement_Jupyter_Project\Fingerprint_Enhancement_Jupyter_Project\Fingerprint_Enhancement_Project\data\SOCOFing\Real\512__M_Right_ring_finger.BMP
512__M_Right_thumb_finger.BMP,512,validation,3262e54ee022bab3d4ae46fb1e2bd60eb59e0ed3fe787290fe644e0467f26d79,119,C:\Users\Acer\Documents\GitHub\ImageProcessing\Fingerprint_Enhancement_Jupyter_Project\Fingerprint_Enhancement_Jupyter_Project\Fingerprint_Enhancement_Project\data\SOCOFing\Real\512__M_Right_thumb_finger.BMP
558__M_Left_index_finger.BMP,558,validation,3267f90b630bae1317864487cf8243e41a917c5e5d1ad773e1d94cce3855fc64,120,C:\Users\Acer\Documents\GitHub\ImageProcessing\Fingerprint_Enhancement_Jupyter_Project\Fingerprint_Enhancement_Jupyter_Project\Fingerprint_Enhancement_Project\data\SOCOFing\Real\558__M_Left_index_finger.BMP
558__M_Left_little_finger.BMP,558,validation,3267f90b630bae1317864487cf8243e41a917c5e5d1ad773e1d94cce3855fc64,120,C:\Users\Acer\Documents\GitHub\ImageProcessing\Fingerprint_Enhancement_Jupyter_Project\Fingerprint_Enhancement_Jupyter_Project\Fingerprint_Enhancement_Project\data\SOCOFing\Real\558__M_Left_little_finger.BMP
558__M_Left_middle_finger.BMP,558,validation,3267f90b630bae1317864487cf8243e41a917c5e5d1ad773e1d94cce3855fc64,120,C:\Users\Acer\Documents\GitHub\ImageProcessing\Fingerprint_Enhancement_Jupyter_Project\Fingerprint_Enhancement_Jupyter_Project\Fingerprint_Enhancement_Project\data\SOCOFing\Real\558__M_Left_middle_finger.BMP
558__M_Left_ring_finger.BMP,558,validation,3267f90b630bae1317864487cf8243e41a917c5e5d1ad773e1d94cce3855fc64,120,C:\Users\Acer\Documents\GitHub\ImageProcessing\Fingerprint_Enhancement_Jupyter_Project\Fingerprint_Enhancement_Jupyter_Project\Fingerprint_Enhancement_Project\data\SOCOFing\Real\558__M_Left_ring_finger.BMP
558__M_Left_thumb_finger.BMP,558,validation,3267f90b630bae1317864487cf8243e41a917c5e5d1ad773e1d94cce3855fc64,120,C:\Users\Acer\Documents\GitHub\ImageProcessing\Fingerprint_Enhancement_Jupyter_Project\Fingerprint_Enhancement_Jupyter_Project\Fingerprint_Enhancement_Project\data\SOCOFing\Real\558__M_Left_thumb_finger.BMP
558__M_Right_index_finger.BMP,558,validation,3267f90b630bae1317864487cf8243e41a917c5e5d1ad773e1d94cce3855fc64,120,C:\Users\Acer\Documents\GitHub\ImageProcessing\Fingerprint_Enhancement_Jupyter_Project\Fingerprint_Enhancement_Jupyter_Project\Fingerprint_Enhancement_Project\data\SOCOFing\Real\558__M_Right_index_finger.BMP
558__M_Right_little_finger.BMP,558,validation,3267f90b630bae1317864487cf8243e41a917c5e5d1ad773e1d94cce3855fc64,120,C:\Users\Acer\Documents\GitHub\ImageProcessing\Fingerprint_Enhancement_Jupyter_Project\Fingerprint_Enhancement_Jupyter_Project\Fingerprint_Enhancement_Project\data\SOCOFing\Real\558__M_Right_little_finger.BMP
558__M_Right_middle_finger.BMP,558,validation,3267f90b630bae1317864487cf8243e41a917c5e5d1ad773e1d94cce3855fc64,120,C:\Users\Acer\Documents\GitHub\ImageProcessing\Fingerprint_Enhancement_Jupyter_Project\Fingerprint_Enhancement_Jupyter_Project\Fingerprint_Enhancement_Project\data\SOCOFing\Real\558__M_Right_middle_finger.BMP
558__M_Right_ring_finger.BMP,558,validation,3267f90b630bae1317864487cf8243e41a917c5e5d1ad773e1d94cce3855fc64,120,C:\Users\Acer\Documents\GitHub\ImageProcessing\Fingerprint_Enhancement_Jupyter_Project\Fingerprint_Enhancement_Jupyter_Project\Fingerprint_Enhancement_Project\data\SOCOFing\Real\558__M_Right_ring_finger.BMP
558__M_Right_thumb_finger.BMP,558,validation,3267f90b630bae1317864487cf8243e41a917c5e5d1ad773e1d94cce3855fc64,120,C:\Users\Acer\Documents\GitHub\ImageProcessing\Fingerprint_Enhancement_Jupyter_Project\Fingerprint_Enhancement_Jupyter_Project\Fingerprint_Enhancement_Project\data\SOCOFing\Real\558__M_Right_thumb_finger.BMP
447__M_Left_index_finger.BMP,447,validation,33e4d6d68c2fb146337da9684f65573e33409d28d4bdcef80e7a1d607b3d2fbe,121,C:\Users\Acer\Documents\GitHub\ImageProcessing\Fingerprint_Enhancement_Jupyter_Project\Fingerprint_Enhancement_Jupyter_Project\Fingerprint_Enhancement_Project\data\SOCOFing\Real\447__M_Left_index_finger.BMP
447__M_Left_little_finger.BMP,447,validation,33e4d6d68c2fb146337da9684f65573e33409d28d4bdcef80e7a1d607b3d2fbe,121,C:\Users\Acer\Documents\GitHub\ImageProcessing\Fingerprint_Enhancement_Jupyter_Project\Fingerprint_Enhancement_Jupyter_Project\Fingerprint_Enhancement_Project\data\SOCOFing\Real\447__M_Left_little_finger.BMP
447__M_Left_middle_finger.BMP,447,validation,33e4d6d68c2fb146337da9684f65573e33409d28d4bdcef80e7a1d607b3d2fbe,121,C:\Users\Acer\Documents\GitHub\ImageProcessing\Fingerprint_Enhancement_Jupyter_Project\Fingerprint_Enhancement_Jupyter_Project\Fingerprint_Enhancement_Project\data\SOCOFing\Real\447__M_Left_middle_finger.BMP
447__M_Left_ring_finger.BMP,447,validation,33e4d6d68c2fb146337da9684f65573e33409d28d4bdcef80e7a1d607b3d2fbe,121,C:\Users\Acer\Documents\GitHub\ImageProcessing\Fingerprint_Enhancement_Jupyter_Project\Fingerprint_Enhancement_Jupyter_Project\Fingerprint_Enhancement_Project\data\SOCOFing\Real\447__M_Left_ring_finger.BMP
447__M_Left_thumb_finger.BMP,447,validation,33e4d6d68c2fb146337da9684f65573e33409d28d4bdcef80e7a1d607b3d2fbe,121,C:\Users\Acer\Documents\GitHub\ImageProcessing\Fingerprint_Enhancement_Jupyter_Project\Fingerprint_Enhancement_Jupyter_Project\Fingerprint_Enhancement_Project\data\SOCOFing\Real\447__M_Left_thumb_finger.BMP
447__M_Right_index_finger.BMP,447,validation,33e4d6d68c2fb146337da9684f65573e33409d28d4bdcef80e7a1d607b3d2fbe,121,C:\Users\Acer\Documents\GitHub\ImageProcessing\Fingerprint_Enhancement_Jupyter_Project\Fingerprint_Enhancement_Jupyter_Project\Fingerprint_Enhancement_Project\data\SOCOFing\Real\447__M_Right_index_finger.BMP
447__M_Right_little_finger.BMP,447,validation,33e4d6d68c2fb146337da9684f65573e33409d28d4bdcef80e7a1d607b3d2fbe,121,C:\Users\Acer\Documents\GitHub\ImageProcessing\Fingerprint_Enhancement_Jupyter_Project\Fingerprint_Enhancement_Jupyter_Project\Fingerprint_Enhancement_Project\data\SOCOFing\Real\447__M_Right_little_finger.BMP
447__M_Right_middle_finger.BMP,447,validation,33e4d6d68c2fb146337da9684f65573e33409d28d4bdcef80e7a1d607b3d2fbe,121,C:\Users\Acer\Documents\GitHub\ImageProcessing\Fingerprint_Enhancement_Jupyter_Project\Fingerprint_Enhancement_Jupyter_Project\Fingerprint_Enhancement_Project\data\SOCOFing\Real\447__M_Right_middle_finger.BMP
447__M_Right_ring_finger.BMP,447,validation,33e4d6d68c2fb146337da9684f65573e33409d28d4bdcef80e7a1d607b3d2fbe,121,C:\Users\Acer\Documents\GitHub\ImageProcessing\Fingerprint_Enhancement_Jupyter_Project\Fingerprint_Enhancement_Jupyter_Project\Fingerprint_Enhancement_Project\data\SOCOFing\Real\447__M_Right_ring_finger.BMP
447__M_Right_thumb_finger.BMP,447,validation,33e4d6d68c2fb146337da9684f65573e33409d28d4bdcef80e7a1d607b3d2fbe,121,C:\Users\Acer\Documents\GitHub\ImageProcessing\Fingerprint_Enhancement_Jupyter_Project\Fingerprint_Enhancement_Jupyter_Project\Fingerprint_Enhancement_Project\data\SOCOFing\Real\447__M_Right_thumb_finger.BMP
105__M_Left_index_finger.BMP,105,validation,340b3c4f02fa409be9c72ef3f8da5a12120e675a64ea8201af49eb56a7c869b3,122,C:\Users\Acer\Documents\GitHub\ImageProcessing\Fingerprint_Enhancement_Jupyter_Project\Fingerprint_Enhancement_Jupyter_Project\Fingerprint_Enhancement_Project\data\SOCOFing\Real\105__M_Left_index_finger.BMP
105__M_Left_little_finger.BMP,105,validation,340b3c4f02fa409be9c72ef3f8da5a12120e675a64ea8201af49eb56a7c869b3,122,C:\Users\Acer\Documents\GitHub\ImageProcessing\Fingerprint_Enhancement_Jupyter_Project\Fingerprint_Enhancement_Jupyter_Project\Fingerprint_Enhancement_Project\data\SOCOFing\Real\105__M_Left_little_finger.BMP
105__M_Left_middle_finger.BMP,105,validation,340b3c4f02fa409be9c72ef3f8da5a12120e675a64ea8201af49eb56a7c869b3,122,C:\Users\Acer\Documents\GitHub\ImageProcessing\Fingerprint_Enhancement_Jupyter_Project\Fingerprint_Enhancement_Jupyter_Project\Fingerprint_Enhancement_Project\data\SOCOFing\Real\105__M_Left_middle_finger.BMP
105__M_Left_ring_finger.BMP,105,validation,340b3c4f02fa409be9c72ef3f8da5a12120e675a64ea8201af49eb56a7c869b3,122,C:\Users\Acer\Documents\GitHub\ImageProcessing\Fingerprint_Enhancement_Jupyter_Project\Fingerprint_Enhancement_Jupyter_Project\Fingerprint_Enhancement_Project\data\SOCOFing\Real\105__M_Left_ring_finger.BMP
105__M_Left_thumb_finger.BMP,105,validation,340b3c4f02fa409be9c72ef3f8da5a12120e675a64ea8201af49eb56a7c869b3,122,C:\Users\Acer\Documents\GitHub\ImageProcessing\Fingerprint_Enhancement_Jupyter_Project\Fingerprint_Enhancement_Jupyter_Project\Fingerprint_Enhancement_Project\data\SOCOFing\Real\105__M_Left_thumb_finger.BMP
105__M_Right_index_finger.BMP,105,validation,340b3c4f02fa409be9c72ef3f8da5a12120e675a64ea8201af49eb56a7c869b3,122,C:\Users\Acer\Documents\GitHub\ImageProcessing\Fingerprint_Enhancement_Jupyter_Project\Fingerprint_Enhancement_Jupyter_Project\Fingerprint_Enhancement_Project\data\SOCOFing\Real\105__M_Right_index_finger.BMP
105__M_Right_little_finger.BMP,105,validation,340b3c4f02fa409be9c72ef3f8da5a12120e675a64ea8201af49eb56a7c869b3,122,C:\Users\Acer\Documents\GitHub\ImageProcessing\Fingerprint_Enhancement_Jupyter_Project\Fingerprint_Enhancement_Jupyter_Project\Fingerprint_Enhancement_Project\data\SOCOFing\Real\105__M_Right_little_finger.BMP
105__M_Right_middle_finger.BMP,105,validation,340b3c4f02fa409be9c72ef3f8da5a12120e675a64ea8201af49eb56a7c869b3,122,C:\Users\Acer\Documents\GitHub\ImageProcessing\Fingerprint_Enhancement_Jupyter_Project\Fingerprint_Enhancement_Jupyter_Project\Fingerprint_Enhancement_Project\data\SOCOFing\Real\105__M_Right_middle_finger.BMP
105__M_Right_ring_finger.BMP,105,validation,340b3c4f02fa409be9c72ef3f8da5a12120e675a64ea8201af49eb56a7c869b3,122,C:\Users\Acer\Documents\GitHub\ImageProcessing\Fingerprint_Enhancement_Jupyter_Project\Fingerprint_Enhancement_Jupyter_Project\Fingerprint_Enhancement_Project\data\SOCOFing\Real\105__M_Right_ring_finger.BMP
105__M_Right_thumb_finger.BMP,105,validation,340b3c4f02fa409be9c72ef3f8da5a12120e675a64ea8201af49eb56a7c869b3,122,C:\Users\Acer\Documents\GitHub\ImageProcessing\Fingerprint_Enhancement_Jupyter_Project\Fingerprint_Enhancement_Jupyter_Project\Fingerprint_Enhancement_Project\data\SOCOFing\Real\105__M_Right_thumb_finger.BMP
356__M_Left_index_finger.BMP,356,validation,3444768fb2c602045a5bf9a5a520ad8e0b8cf00642a82f8da78931029837c9a8,123,C:\Users\Acer\Documents\GitHub\ImageProcessing\Fingerprint_Enhancement_Jupyter_Project\Fingerprint_Enhancement_Jupyter_Project\Fingerprint_Enhancement_Project\data\SOCOFing\Real\356__M_Left_index_finger.BMP
356__M_Left_little_finger.BMP,356,validation,3444768fb2c602045a5bf9a5a520ad8e0b8cf00642a82f8da78931029837c9a8,123,C:\Users\Acer\Documents\GitHub\ImageProcessing\Fingerprint_Enhancement_Jupyter_Project\Fingerprint_Enhancement_Jupyter_Project\Fingerprint_Enhancement_Project\data\SOCOFing\Real\356__M_Left_little_finger.BMP
356__M_Left_middle_finger.BMP,356,validation,3444768fb2c602045a5bf9a5a520ad8e0b8cf00642a82f8da78931029837c9a8,123,C:\Users\Acer\Documents\GitHub\ImageProcessing\Fingerprint_Enhancement_Jupyter_Project\Fingerprint_Enhancement_Jupyter_Project\Fingerprint_Enhancement_Project\data\SOCOFing\Real\356__M_Left_middle_finger.BMP
356__M_Left_ring_finger.BMP,356,validation,3444768fb2c602045a5bf9a5a520ad8e0b8cf00642a82f8da78931029837c9a8,123,C:\Users\Acer\Documents\GitHub\ImageProcessing\Fingerprint_Enhancement_Jupyter_Project\Fingerprint_Enhancement_Jupyter_Project\Fingerprint_Enhancement_Project\data\SOCOFing\Real\356__M_Left_ring_finger.BMP
356__M_Left_thumb_finger.BMP,356,validation,3444768fb2c602045a5bf9a5a520ad8e0b8cf00642a82f8da78931029837c9a8,123,C:\Users\Acer\Documents\GitHub\ImageProcessing\Fingerprint_Enhancement_Jupyter_Project\Fingerprint_Enhancement_Jupyter_Project\Fingerprint_Enhancement_Project\data\SOCOFing\Real\356__M_Left_thumb_finger.BMP
356__M_Right_index_finger.BMP,356,validation,3444768fb2c602045a5bf9a5a520ad8e0b8cf00642a82f8da78931029837c9a8,123,C:\Users\Acer\Documents\GitHub\ImageProcessing\Fingerprint_Enhancement_Jupyter_Project\Fingerprint_Enhancement_Jupyter_Project\Fingerprint_Enhancement_Project\data\SOCOFing\Real\356__M_Right_index_finger.BMP
356__M_Right_little_finger.BMP,356,validation,3444768fb2c602045a5bf9a5a520ad8e0b8cf00642a82f8da78931029837c9a8,123,C:\Users\Acer\Documents\GitHub\ImageProcessing\Fingerprint_Enhancement_Jupyter_Project\Fingerprint_Enhancement_Jupyter_Project\Fingerprint_Enhancement_Project\data\SOCOFing\Real\356__M_Right_little_finger.BMP
356__M_Right_middle_finger.BMP,356,validation,3444768fb2c602045a5bf9a5a520ad8e0b8cf00642a82f8da78931029837c9a8,123,C:\Users\Acer\Documents\GitHub\ImageProcessing\Fingerprint_Enhancement_Jupyter_Project\Fingerprint_Enhancement_Jupyter_Project\Fingerprint_Enhancement_Project\data\SOCOFing\Real\356__M_Right_middle_finger.BMP
356__M_Right_ring_finger.BMP,356,validation,3444768fb2c602045a5bf9a5a520ad8e0b8cf00642a82f8da78931029837c9a8,123,C:\Users\Acer\Documents\GitHub\ImageProcessing\Fingerprint_Enhancement_Jupyter_Project\Fingerprint_Enhancement_Jupyter_Project\Fingerprint_Enhancement_Project\data\SOCOFing\Real\356__M_Right_ring_finger.BMP
356__M_Right_thumb_finger.BMP,356,validation,3444768fb2c602045a5bf9a5a520ad8e0b8cf00642a82f8da78931029837c9a8,123,C:\Users\Acer\Documents\GitHub\ImageProcessing\Fingerprint_Enhancement_Jupyter_Project\Fingerprint_Enhancement_Jupyter_Project\Fingerprint_Enhancement_Project\data\SOCOFing\Real\356__M_Right_thumb_finger.BMP
187__M_Left_index_finger.BMP,187,validation,34c6e5907b791287b8b22468ebcbe8fed00fcf96f0ee11f3fa2155080dfc43cb,124,C:\Users\Acer\Documents\GitHub\ImageProcessing\Fingerprint_Enhancement_Jupyter_Project\Fingerprint_Enhancement_Jupyter_Project\Fingerprint_Enhancement_Project\data\SOCOFing\Real\187__M_Left_index_finger.BMP
187__M_Left_little_finger.BMP,187,validation,34c6e5907b791287b8b22468ebcbe8fed00fcf96f0ee11f3fa2155080dfc43cb,124,C:\Users\Acer\Documents\GitHub\ImageProcessing\Fingerprint_Enhancement_Jupyter_Project\Fingerprint_Enhancement_Jupyter_Project\Fingerprint_Enhancement_Project\data\SOCOFing\Real\187__M_Left_little_finger.BMP
187__M_Left_middle_finger.BMP,187,validation,34c6e5907b791287b8b22468ebcbe8fed00fcf96f0ee11f3fa2155080dfc43cb,124,C:\Users\Acer\Documents\GitHub\ImageProcessing\Fingerprint_Enhancement_Jupyter_Project\Fingerprint_Enhancement_Jupyter_Project\Fingerprint_Enhancement_Project\data\SOCOFing\Real\187__M_Left_middle_finger.BMP
187__M_Left_ring_finger.BMP,187,validation,34c6e5907b791287b8b22468ebcbe8fed00fcf96f0ee11f3fa2155080dfc43cb,124,C:\Users\Acer\Documents\GitHub\ImageProcessing\Fingerprint_Enhancement_Jupyter_Project\Fingerprint_Enhancement_Jupyter_Project\Fingerprint_Enhancement_Project\data\SOCOFing\Real\187__M_Left_ring_finger.BMP
187__M_Left_thumb_finger.BMP,187,validation,34c6e5907b791287b8b22468ebcbe8fed00fcf96f0ee11f3fa2155080dfc43cb,124,C:\Users\Acer\Documents\GitHub\ImageProcessing\Fingerprint_Enhancement_Jupyter_Project\Fingerprint_Enhancement_Jupyter_Project\Fingerprint_Enhancement_Project\data\SOCOFing\Real\187__M_Left_thumb_finger.BMP
187__M_Right_index_finger.BMP,187,validation,34c6e5907b791287b8b22468ebcbe8fed00fcf96f0ee11f3fa2155080dfc43cb,124,C:\Users\Acer\Documents\GitHub\ImageProcessing\Fingerprint_Enhancement_Jupyter_Project\Fingerprint_Enhancement_Jupyter_Project\Fingerprint_Enhancement_Project\data\SOCOFing\Real\187__M_Right_index_finger.BMP
187__M_Right_little_finger.BMP,187,validation,34c6e5907b791287b8b22468ebcbe8fed00fcf96f0ee11f3fa2155080dfc43cb,124,C:\Users\Acer\Documents\GitHub\ImageProcessing\Fingerprint_Enhancement_Jupyter_Project\Fingerprint_Enhancement_Jupyter_Project\Fingerprint_Enhancement_Project\data\SOCOFing\Real\187__M_Right_little_finger.BMP
187__M_Right_middle_finger.BMP,187,validation,34c6e5907b791287b8b22468ebcbe8fed00fcf96f0ee11f3fa2155080dfc43cb,124,C:\Users\Acer\Documents\GitHub\ImageProcessing\Fingerprint_Enhancement_Jupyter_Project\Fingerprint_Enhancement_Jupyter_Project\Fingerprint_Enhancement_Project\data\SOCOFing\Real\187__M_Right_middle_finger.BMP
187__M_Right_ring_finger.BMP,187,validation,34c6e5907b791287b8b22468ebcbe8fed00fcf96f0ee11f3fa2155080dfc43cb,124,C:\Users\Acer\Documents\GitHub\ImageProcessing\Fingerprint_Enhancement_Jupyter_Project\Fingerprint_Enhancement_Jupyter_Project\Fingerprint_Enhancement_Project\data\SOCOFing\Real\187__M_Right_ring_finger.BMP
187__M_Right_thumb_finger.BMP,187,validation,34c6e5907b791287b8b22468ebcbe8fed00fcf96f0ee11f3fa2155080dfc43cb,124,C:\Users\Acer\Documents\GitHub\ImageProcessing\Fingerprint_Enhancement_Jupyter_Project\Fingerprint_Enhancement_Jupyter_Project\Fingerprint_Enhancement_Project\data\SOCOFing\Real\187__M_Right_thumb_finger.BMP
402__M_Left_index_finger.BMP,402,validation,34d621c92fa159e05351bd0abd5a14fa7921a09332cca5dc411bc481ca06224f,125,C:\Users\Acer\Documents\GitHub\ImageProcessing\Fingerprint_Enhancement_Jupyter_Project\Fingerprint_Enhancement_Jupyter_Project\Fingerprint_Enhancement_Project\data\SOCOFing\Real\402__M_Left_index_finger.BMP
402__M_Left_little_finger.BMP,402,validation,34d621c92fa159e05351bd0abd5a14fa7921a09332cca5dc411bc481ca06224f,125,C:\Users\Acer\Documents\GitHub\ImageProcessing\Fingerprint_Enhancement_Jupyter_Project\Fingerprint_Enhancement_Jupyter_Project\Fingerprint_Enhancement_Project\data\SOCOFing\Real\402__M_Left_little_finger.BMP
402__M_Left_middle_finger.BMP,402,validation,34d621c92fa159e05351bd0abd5a14fa7921a09332cca5dc411bc481ca06224f,125,C:\Users\Acer\Documents\GitHub\ImageProcessing\Fingerprint_Enhancement_Jupyter_Project\Fingerprint_Enhancement_Jupyter_Project\Fingerprint_Enhancement_Project\data\SOCOFing\Real\402__M_Left_middle_finger.BMP
402__M_Left_ring_finger.BMP,402,validation,34d621c92fa159e05351bd0abd5a14fa7921a09332cca5dc411bc481ca06224f,125,C:\Users\Acer\Documents\GitHub\ImageProcessing\Fingerprint_Enhancement_Jupyter_Project\Fingerprint_Enhancement_Jupyter_Project\Fingerprint_Enhancement_Project\data\SOCOFing\Real\402__M_Left_ring_finger.BMP
402__M_Left_thumb_finger.BMP,402,validation,34d621c92fa159e05351bd0abd5a14fa7921a09332cca5dc411bc481ca06224f,125,C:\Users\Acer\Documents\GitHub\ImageProcessing\Fingerprint_Enhancement_Jupyter_Project\Fingerprint_Enhancement_Jupyter_Project\Fingerprint_Enhancement_Project\data\SOCOFing\Real\402__M_Left_thumb_finger.BMP
402__M_Right_index_finger.BMP,402,validation,34d621c92fa159e05351bd0abd5a14fa7921a09332cca5dc411bc481ca06224f,125,C:\Users\Acer\Documents\GitHub\ImageProcessing\Fingerprint_Enhancement_Jupyter_Project\Fingerprint_Enhancement_Jupyter_Project\Fingerprint_Enhancement_Project\data\SOCOFing\Real\402__M_Right_index_finger.BMP
402__M_Right_little_finger.BMP,402,validation,34d621c92fa159e05351bd0abd5a14fa7921a09332cca5dc411bc481ca06224f,125,C:\Users\Acer\Documents\GitHub\ImageProcessing\Fingerprint_Enhancement_Jupyter_Project\Fingerprint_Enhancement_Jupyter_Project\Fingerprint_Enhancement_Project\data\SOCOFing\Real\402__M_Right_little_finger.BMP
402__M_Right_middle_finger.BMP,402,validation,34d621c92fa159e05351bd0abd5a14fa7921a09332cca5dc411bc481ca06224f,125,C:\Users\Acer\Documents\GitHub\ImageProcessing\Fingerprint_Enhancement_Jupyter_Project\Fingerprint_Enhancement_Jupyter_Project\Fingerprint_Enhancement_Project\data\SOCOFing\Real\402__M_Right_middle_finger.BMP
402__M_Right_ring_finger.BMP,402,validation,34d621c92fa159e05351bd0abd5a14fa7921a09332cca5dc411bc481ca06224f,125,C:\Users\Acer\Documents\GitHub\ImageProcessing\Fingerprint_Enhancement_Jupyter_Project\Fingerprint_Enhancement_Jupyter_Project\Fingerprint_Enhancement_Project\data\SOCOFing\Real\402__M_Right_ring_finger.BMP
402__M_Right_thumb_finger.BMP,402,validation,34d621c92fa159e05351bd0abd5a14fa7921a09332cca5dc411bc481ca06224f,125,C:\Users\Acer\Documents\GitHub\ImageProcessing\Fingerprint_Enhancement_Jupyter_Project\Fingerprint_Enhancement_Jupyter_Project\Fingerprint_Enhancement_Project\data\SOCOFing\Real\402__M_Right_thumb_finger.BMP
124__M_Left_index_finger.BMP,124,validation,3516e3733db9e86e60c577640b38e4ef50848ade4fb19bda533e411e27c53b55,126,C:\Users\Acer\Documents\GitHub\ImageProcessing\Fingerprint_Enhancement_Jupyter_Project\Fingerprint_Enhancement_Jupyter_Project\Fingerprint_Enhancement_Project\data\SOCOFing\Real\124__M_Left_index_finger.BMP
124__M_Left_little_finger.BMP,124,validation,3516e3733db9e86e60c577640b38e4ef50848ade4fb19bda533e411e27c53b55,126,C:\Users\Acer\Documents\GitHub\ImageProcessing\Fingerprint_Enhancement_Jupyter_Project\Fingerprint_Enhancement_Jupyter_Project\Fingerprint_Enhancement_Project\data\SOCOFing\Real\124__M_Left_little_finger.BMP
124__M_Left_middle_finger.BMP,124,validation,3516e3733db9e86e60c577640b38e4ef50848ade4fb19bda533e411e27c53b55,126,C:\Users\Acer\Documents\GitHub\ImageProcessing\Fingerprint_Enhancement_Jupyter_Project\Fingerprint_Enhancement_Jupyter_Project\Fingerprint_Enhancement_Project\data\SOCOFing\Real\124__M_Left_middle_finger.BMP
124__M_Left_ring_finger.BMP,124,validation,3516e3733db9e86e60c577640b38e4ef50848ade4fb19bda533e411e27c53b55,126,C:\Users\Acer\Documents\GitHub\ImageProcessing\Fingerprint_Enhancement_Jupyter_Project\Fingerprint_Enhancement_Jupyter_Project\Fingerprint_Enhancement_Project\data\SOCOFing\Real\124__M_Left_ring_finger.BMP
124__M_Left_thumb_finger.BMP,124,validation,3516e3733db9e86e60c577640b38e4ef50848ade4fb19bda533e411e27c53b55,126,C:\Users\Acer\Documents\GitHub\ImageProcessing\Fingerprint_Enhancement_Jupyter_Project\Fingerprint_Enhancement_Jupyter_Project\Fingerprint_Enhancement_Project\data\SOCOFing\Real\124__M_Left_thumb_finger.BMP
124__M_Right_index_finger.BMP,124,validation,3516e3733db9e86e60c577640b38e4ef50848ade4fb19bda533e411e27c53b55,126,C:\Users\Acer\Documents\GitHub\ImageProcessing\Fingerprint_Enhancement_Jupyter_Project\Fingerprint_Enhancement_Jupyter_Project\Fingerprint_Enhancement_Project\data\SOCOFing\Real\124__M_Right_index_finger.BMP
124__M_Right_little_finger.BMP,124,validation,3516e3733db9e86e60c577640b38e4ef50848ade4fb19bda533e411e27c53b55,126,C:\Users\Acer\Documents\GitHub\ImageProcessing\Fingerprint_Enhancement_Jupyter_Project\Fingerprint_Enhancement_Jupyter_Project\Fingerprint_Enhancement_Project\data\SOCOFing\Real\124__M_Right_little_finger.BMP
124__M_Right_middle_finger.BMP,124,validation,3516e3733db9e86e60c577640b38e4ef50848ade4fb19bda533e411e27c53b55,126,C:\Users\Acer\Documents\GitHub\ImageProcessing\Fingerprint_Enhancement_Jupyter_Project\Fingerprint_Enhancement_Jupyter_Project\Fingerprint_Enhancement_Project\data\SOCOFing\Real\124__M_Right_middle_finger.BMP
124__M_Right_ring_finger.BMP,124,validation,3516e3733db9e86e60c577640b38e4ef50848ade4fb19bda533e411e27c53b55,126,C:\Users\Acer\Documents\GitHub\ImageProcessing\Fingerprint_Enhancement_Jupyter_Project\Fingerprint_Enhancement_Jupyter_Project\Fingerprint_Enhancement_Project\data\SOCOFing\Real\124__M_Right_ring_finger.BMP
124__M_Right_thumb_finger.BMP,124,validation,3516e3733db9e86e60c577640b38e4ef50848ade4fb19bda533e411e27c53b55,126,C:\Users\Acer\Documents\GitHub\ImageProcessing\Fingerprint_Enhancement_Jupyter_Project\Fingerprint_Enhancement_Jupyter_Project\Fingerprint_Enhancement_Project\data\SOCOFing\Real\124__M_Right_thumb_finger.BMP
158__M_Left_index_finger.BMP,158,validation,362c7429814a5f74bd9d5aac4dfbb12f7e536b92b90c7be71b9c946f3ab60ab8,127,C:\Users\Acer\Documents\GitHub\ImageProcessing\Fingerprint_Enhancement_Jupyter_Project\Fingerprint_Enhancement_Jupyter_Project\Fingerprint_Enhancement_Project\data\SOCOFing\Real\158__M_Left_index_finger.BMP
158__M_Left_little_finger.BMP,158,validation,362c7429814a5f74bd9d5aac4dfbb12f7e536b92b90c7be71b9c946f3ab60ab8,127,C:\Users\Acer\Documents\GitHub\ImageProcessing\Fingerprint_Enhancement_Jupyter_Project\Fingerprint_Enhancement_Jupyter_Project\Fingerprint_Enhancement_Project\data\SOCOFing\Real\158__M_Left_little_finger.BMP
158__M_Left_middle_finger.BMP,158,validation,362c7429814a5f74bd9d5aac4dfbb12f7e536b92b90c7be71b9c946f3ab60ab8,127,C:\Users\Acer\Documents\GitHub\ImageProcessing\Fingerprint_Enhancement_Jupyter_Project\Fingerprint_Enhancement_Jupyter_Project\Fingerprint_Enhancement_Project\data\SOCOFing\Real\158__M_Left_middle_finger.BMP
158__M_Left_ring_finger.BMP,158,validation,362c7429814a5f74bd9d5aac4dfbb12f7e536b92b90c7be71b9c946f3ab60ab8,127,C:\Users\Acer\Documents\GitHub\ImageProcessing\Fingerprint_Enhancement_Jupyter_Project\Fingerprint_Enhancement_Jupyter_Project\Fingerprint_Enhancement_Project\data\SOCOFing\Real\158__M_Left_ring_finger.BMP
158__M_Left_thumb_finger.BMP,158,validation,362c7429814a5f74bd9d5aac4dfbb12f7e536b92b90c7be71b9c946f3ab60ab8,127,C:\Users\Acer\Documents\GitHub\ImageProcessing\Fingerprint_Enhancement_Jupyter_Project\Fingerprint_Enhancement_Jupyter_Project\Fingerprint_Enhancement_Project\data\SOCOFing\Real\158__M_Left_thumb_finger.BMP
158__M_Right_index_finger.BMP,158,validation,362c7429814a5f74bd9d5aac4dfbb12f7e536b92b90c7be71b9c946f3ab60ab8,127,C:\Users\Acer\Documents\GitHub\ImageProcessing\Fingerprint_Enhancement_Jupyter_Project\Fingerprint_Enhancement_Jupyter_Project\Fingerprint_Enhancement_Project\data\SOCOFing\Real\158__M_Right_index_finger.BMP
158__M_Right_little_finger.BMP,158,validation,362c7429814a5f74bd9d5aac4dfbb12f7e536b92b90c7be71b9c946f3ab60ab8,127,C:\Users\Acer\Documents\GitHub\ImageProcessing\Fingerprint_Enhancement_Jupyter_Project\Fingerprint_Enhancement_Jupyter_Project\Fingerprint_Enhancement_Project\data\SOCOFing\Real\158__M_Right_little_finger.BMP
158__M_Right_middle_finger.BMP,158,validation,362c7429814a5f74bd9d5aac4dfbb12f7e536b92b90c7be71b9c946f3ab60ab8,127,C:\Users\Acer\Documents\GitHub\ImageProcessing\Fingerprint_Enhancement_Jupyter_Project\Fingerprint_Enhancement_Jupyter_Project\Fingerprint_Enhancement_Project\data\SOCOFing\Real\158__M_Right_middle_finger.BMP
158__M_Right_ring_finger.BMP,158,validation,362c7429814a5f74bd9d5aac4dfbb12f7e536b92b90c7be71b9c946f3ab60ab8,127,C:\Users\Acer\Documents\GitHub\ImageProcessing\Fingerprint_Enhancement_Jupyter_Project\Fingerprint_Enhancement_Jupyter_Project\Fingerprint_Enhancement_Project\data\SOCOFing\Real\158__M_Right_ring_finger.BMP
158__M_Right_thumb_finger.BMP,158,validation,362c7429814a5f74bd9d5aac4dfbb12f7e536b92b90c7be71b9c946f3ab60ab8,127,C:\Users\Acer\Documents\GitHub\ImageProcessing\Fingerprint_Enhancement_Jupyter_Project\Fingerprint_Enhancement_Jupyter_Project\Fingerprint_Enhancement_Project\data\SOCOFing\Real\158__M_Right_thumb_finger.BMP
459__M_Left_index_finger.BMP,459,validation,3678038ab1e7e4aa452e8249656af7805ec260b710108830009a25da2ed9ea57,128,C:\Users\Acer\Documents\GitHub\ImageProcessing\Fingerprint_Enhancement_Jupyter_Project\Fingerprint_Enhancement_Jupyter_Project\Fingerprint_Enhancement_Project\data\SOCOFing\Real\459__M_Left_index_finger.BMP
459__M_Left_little_finger.BMP,459,validation,3678038ab1e7e4aa452e8249656af7805ec260b710108830009a25da2ed9ea57,128,C:\Users\Acer\Documents\GitHub\ImageProcessing\Fingerprint_Enhancement_Jupyter_Project\Fingerprint_Enhancement_Jupyter_Project\Fingerprint_Enhancement_Project\data\SOCOFing\Real\459__M_Left_little_finger.BMP
459__M_Left_middle_finger.BMP,459,validation,3678038ab1e7e4aa452e8249656af7805ec260b710108830009a25da2ed9ea57,128,C:\Users\Acer\Documents\GitHub\ImageProcessing\Fingerprint_Enhancement_Jupyter_Project\Fingerprint_Enhancement_Jupyter_Project\Fingerprint_Enhancement_Project\data\SOCOFing\Real\459__M_Left_middle_finger.BMP
459__M_Left_ring_finger.BMP,459,validation,3678038ab1e7e4aa452e8249656af7805ec260b710108830009a25da2ed9ea57,128,C:\Users\Acer\Documents\GitHub\ImageProcessing\Fingerprint_Enhancement_Jupyter_Project\Fingerprint_Enhancement_Jupyter_Project\Fingerprint_Enhancement_Project\data\SOCOFing\Real\459__M_Left_ring_finger.BMP
459__M_Left_thumb_finger.BMP,459,validation,3678038ab1e7e4aa452e8249656af7805ec260b710108830009a25da2ed9ea57,128,C:\Users\Acer\Documents\GitHub\ImageProcessing\Fingerprint_Enhancement_Jupyter_Project\Fingerprint_Enhancement_Jupyter_Project\Fingerprint_Enhancement_Project\data\SOCOFing\Real\459__M_Left_thumb_finger.BMP
459__M_Right_index_finger.BMP,459,validation,3678038ab1e7e4aa452e8249656af7805ec260b710108830009a25da2ed9ea57,128,C:\Users\Acer\Documents\GitHub\ImageProcessing\Fingerprint_Enhancement_Jupyter_Project\Fingerprint_Enhancement_Jupyter_Project\Fingerprint_Enhancement_Project\data\SOCOFing\Real\459__M_Right_index_finger.BMP
459__M_Right_little_finger.BMP,459,validation,3678038ab1e7e4aa452e8249656af7805ec260b710108830009a25da2ed9ea57,128,C:\Users\Acer\Documents\GitHub\ImageProcessing\Fingerprint_Enhancement_Jupyter_Project\Fingerprint_Enhancement_Jupyter_Project\Fingerprint_Enhancement_Project\data\SOCOFing\Real\459__M_Right_little_finger.BMP
459__M_Right_middle_finger.BMP,459,validation,3678038ab1e7e4aa452e8249656af7805ec260b710108830009a25da2ed9ea57,128,C:\Users\Acer\Documents\GitHub\ImageProcessing\Fingerprint_Enhancement_Jupyter_Project\Fingerprint_Enhancement_Jupyter_Project\Fingerprint_Enhancement_Project\data\SOCOFing\Real\459__M_Right_middle_finger.BMP
459__M_Right_ring_finger.BMP,459,validation,3678038ab1e7e4aa452e8249656af7805ec260b710108830009a25da2ed9ea57,128,C:\Users\Acer\Documents\GitHub\ImageProcessing\Fingerprint_Enhancement_Jupyter_Project\Fingerprint_Enhancement_Jupyter_Project\Fingerprint_Enhancement_Project\data\SOCOFing\Real\459__M_Right_ring_finger.BMP
459__M_Right_thumb_finger.BMP,459,validation,3678038ab1e7e4aa452e8249656af7805ec260b710108830009a25da2ed9ea57,128,C:\Users\Acer\Documents\GitHub\ImageProcessing\Fingerprint_Enhancement_Jupyter_Project\Fingerprint_Enhancement_Jupyter_Project\Fingerprint_Enhancement_Project\data\SOCOFing\Real\459__M_Right_thumb_finger.BMP
56__F_Left_index_finger.BMP,56,validation,36fd7df49aad6d1b2648e77426138d42d4dac91c39e9e16f49d42cdf42ecc0f6,129,C:\Users\Acer\Documents\GitHub\ImageProcessing\Fingerprint_Enhancement_Jupyter_Project\Fingerprint_Enhancement_Jupyter_Project\Fingerprint_Enhancement_Project\data\SOCOFing\Real\56__F_Left_index_finger.BMP
56__F_Left_little_finger.BMP,56,validation,36fd7df49aad6d1b2648e77426138d42d4dac91c39e9e16f49d42cdf42ecc0f6,129,C:\Users\Acer\Documents\GitHub\ImageProcessing\Fingerprint_Enhancement_Jupyter_Project\Fingerprint_Enhancement_Jupyter_Project\Fingerprint_Enhancement_Project\data\SOCOFing\Real\56__F_Left_little_finger.BMP
56__F_Left_middle_finger.BMP,56,validation,36fd7df49aad6d1b2648e77426138d42d4dac91c39e9e16f49d42cdf42ecc0f6,129,C:\Users\Acer\Documents\GitHub\ImageProcessing\Fingerprint_Enhancement_Jupyter_Project\Fingerprint_Enhancement_Jupyter_Project\Fingerprint_Enhancement_Project\data\SOCOFing\Real\56__F_Left_middle_finger.BMP
56__F_Left_ring_finger.BMP,56,validation,36fd7df49aad6d1b2648e77426138d42d4dac91c39e9e16f49d42cdf42ecc0f6,129,C:\Users\Acer\Documents\GitHub\ImageProcessing\Fingerprint_Enhancement_Jupyter_Project\Fingerprint_Enhancement_Jupyter_Project\Fingerprint_Enhancement_Project\data\SOCOFing\Real\56__F_Left_ring_finger.BMP
56__F_Left_thumb_finger.BMP,56,validation,36fd7df49aad6d1b2648e77426138d42d4dac91c39e9e16f49d42cdf42ecc0f6,129,C:\Users\Acer\Documents\GitHub\ImageProcessing\Fingerprint_Enhancement_Jupyter_Project\Fingerprint_Enhancement_Jupyter_Project\Fingerprint_Enhancement_Project\data\SOCOFing\Real\56__F_Left_thumb_finger.BMP
56__F_Right_index_finger.BMP,56,validation,36fd7df49aad6d1b2648e77426138d42d4dac91c39e9e16f49d42cdf42ecc0f6,129,C:\Users\Acer\Documents\GitHub\ImageProcessing\Fingerprint_Enhancement_Jupyter_Project\Fingerprint_Enhancement_Jupyter_Project\Fingerprint_Enhancement_Project\data\SOCOFing\Real\56__F_Right_index_finger.BMP
56__F_Right_little_finger.BMP,56,validation,36fd7df49aad6d1b2648e77426138d42d4dac91c39e9e16f49d42cdf42ecc0f6,129,C:\Users\Acer\Documents\GitHub\ImageProcessing\Fingerprint_Enhancement_Jupyter_Project\Fingerprint_Enhancement_Jupyter_Project\Fingerprint_Enhancement_Project\data\SOCOFing\Real\56__F_Right_little_finger.BMP
56__F_Right_middle_finger.BMP,56,validation,36fd7df49aad6d1b2648e77426138d42d4dac91c39e9e16f49d42cdf42ecc0f6,129,C:\Users\Acer\Documents\GitHub\ImageProcessing\Fingerprint_Enhancement_Jupyter_Project\Fingerprint_Enhancement_Jupyter_Project\Fingerprint_Enhancement_Project\data\SOCOFing\Real\56__F_Right_middle_finger.BMP
56__F_Right_ring_finger.BMP,56,validation,36fd7df49aad6d1b2648e77426138d42d4dac91c39e9e16f49d42cdf42ecc0f6,129,C:\Users\Acer\Documents\GitHub\ImageProcessing\Fingerprint_Enhancement_Jupyter_Project\Fingerprint_Enhancement_Jupyter_Project\Fingerprint_Enhancement_Project\data\SOCOFing\Real\56__F_Right_ring_finger.BMP
56__F_Right_thumb_finger.BMP,56,validation,36fd7df49aad6d1b2648e77426138d42d4dac91c39e9e16f49d42cdf42ecc0f6,129,C:\Users\Acer\Documents\GitHub\ImageProcessing\Fingerprint_Enhancement_Jupyter_Project\Fingerprint_Enhancement_Jupyter_Project\Fingerprint_Enhancement_Project\data\SOCOFing\Real\56__F_Right_thumb_finger.BMP
240__F_Left_index_finger.BMP,240,validation,372118c37abe9addd14f115805cd58cc99f016d30ad54a7007e51adaa84124e3,130,C:\Users\Acer\Documents\GitHub\ImageProcessing\Fingerprint_Enhancement_Jupyter_Project\Fingerprint_Enhancement_Jupyter_Project\Fingerprint_Enhancement_Project\data\SOCOFing\Real\240__F_Left_index_finger.BMP
240__F_Left_little_finger.BMP,240,validation,372118c37abe9addd14f115805cd58cc99f016d30ad54a7007e51adaa84124e3,130,C:\Users\Acer\Documents\GitHub\ImageProcessing\Fingerprint_Enhancement_Jupyter_Project\Fingerprint_Enhancement_Jupyter_Project\Fingerprint_Enhancement_Project\data\SOCOFing\Real\240__F_Left_little_finger.BMP
240__F_Left_middle_finger.BMP,240,validation,372118c37abe9addd14f115805cd58cc99f016d30ad54a7007e51adaa84124e3,130,C:\Users\Acer\Documents\GitHub\ImageProcessing\Fingerprint_Enhancement_Jupyter_Project\Fingerprint_Enhancement_Jupyter_Project\Fingerprint_Enhancement_Project\data\SOCOFing\Real\240__F_Left_middle_finger.BMP
240__F_Left_ring_finger.BMP,240,validation,372118c37abe9addd14f115805cd58cc99f016d30ad54a7007e51adaa84124e3,130,C:\Users\Acer\Documents\GitHub\ImageProcessing\Fingerprint_Enhancement_Jupyter_Project\Fingerprint_Enhancement_Jupyter_Project\Fingerprint_Enhancement_Project\data\SOCOFing\Real\240__F_Left_ring_finger.BMP
240__F_Left_thumb_finger.BMP,240,validation,372118c37abe9addd14f115805cd58cc99f016d30ad54a7007e51adaa84124e3,130,C:\Users\Acer\Documents\GitHub\ImageProcessing\Fingerprint_Enhancement_Jupyter_Project\Fingerprint_Enhancement_Jupyter_Project\Fingerprint_Enhancement_Project\data\SOCOFing\Real\240__F_Left_thumb_finger.BMP
240__F_Right_index_finger.BMP,240,validation,372118c37abe9addd14f115805cd58cc99f016d30ad54a7007e51adaa84124e3,130,C:\Users\Acer\Documents\GitHub\ImageProcessing\Fingerprint_Enhancement_Jupyter_Project\Fingerprint_Enhancement_Jupyter_Project\Fingerprint_Enhancement_Project\data\SOCOFing\Real\240__F_Right_index_finger.BMP
240__F_Right_little_finger.BMP,240,validation,372118c37abe9addd14f115805cd58cc99f016d30ad54a7007e51adaa84124e3,130,C:\Users\Acer\Documents\GitHub\ImageProcessing\Fingerprint_Enhancement_Jupyter_Project\Fingerprint_Enhancement_Jupyter_Project\Fingerprint_Enhancement_Project\data\SOCOFing\Real\240__F_Right_little_finger.BMP
240__F_Right_middle_finger.BMP,240,validation,372118c37abe9addd14f115805cd58cc99f016d30ad54a7007e51adaa84124e3,130,C:\Users\Acer\Documents\GitHub\ImageProcessing\Fingerprint_Enhancement_Jupyter_Project\Fingerprint_Enhancement_Jupyter_Project\Fingerprint_Enhancement_Project\data\SOCOFing\Real\240__F_Right_middle_finger.BMP
240__F_Right_ring_finger.BMP,240,validation,372118c37abe9addd14f115805cd58cc99f016d30ad54a7007e51adaa84124e3,130,C:\Users\Acer\Documents\GitHub\ImageProcessing\Fingerprint_Enhancement_Jupyter_Project\Fingerprint_Enhancement_Jupyter_Project\Fingerprint_Enhancement_Project\data\SOCOFing\Real\240__F_Right_ring_finger.BMP
240__F_Right_thumb_finger.BMP,240,validation,372118c37abe9addd14f115805cd58cc99f016d30ad54a7007e51adaa84124e3,130,C:\Users\Acer\Documents\GitHub\ImageProcessing\Fingerprint_Enhancement_Jupyter_Project\Fingerprint_Enhancement_Jupyter_Project\Fingerprint_Enhancement_Project\data\SOCOFing\Real\240__F_Right_thumb_finger.BMP
336__M_Left_index_finger.BMP,336,validation,37552cbb559e392d861af1a71db81d768b8e32eb7e0d71349e5de65c46af584b,131,C:\Users\Acer\Documents\GitHub\ImageProcessing\Fingerprint_Enhancement_Jupyter_Project\Fingerprint_Enhancement_Jupyter_Project\Fingerprint_Enhancement_Project\data\SOCOFing\Real\336__M_Left_index_finger.BMP
336__M_Left_little_finger.BMP,336,validation,37552cbb559e392d861af1a71db81d768b8e32eb7e0d71349e5de65c46af584b,131,C:\Users\Acer\Documents\GitHub\ImageProcessing\Fingerprint_Enhancement_Jupyter_Project\Fingerprint_Enhancement_Jupyter_Project\Fingerprint_Enhancement_Project\data\SOCOFing\Real\336__M_Left_little_finger.BMP
336__M_Left_middle_finger.BMP,336,validation,37552cbb559e392d861af1a71db81d768b8e32eb7e0d71349e5de65c46af584b,131,C:\Users\Acer\Documents\GitHub\ImageProcessing\Fingerprint_Enhancement_Jupyter_Project\Fingerprint_Enhancement_Jupyter_Project\Fingerprint_Enhancement_Project\data\SOCOFing\Real\336__M_Left_middle_finger.BMP
336__M_Left_ring_finger.BMP,336,validation,37552cbb559e392d861af1a71db81d768b8e32eb7e0d71349e5de65c46af584b,131,C:\Users\Acer\Documents\GitHub\ImageProcessing\Fingerprint_Enhancement_Jupyter_Project\Fingerprint_Enhancement_Jupyter_Project\Fingerprint_Enhancement_Project\data\SOCOFing\Real\336__M_Left_ring_finger.BMP
336__M_Left_thumb_finger.BMP,336,validation,37552cbb559e392d861af1a71db81d768b8e32eb7e0d71349e5de65c46af584b,131,C:\Users\Acer\Documents\GitHub\ImageProcessing\Fingerprint_Enhancement_Jupyter_Project\Fingerprint_Enhancement_Jupyter_Project\Fingerprint_Enhancement_Project\data\SOCOFing\Real\336__M_Left_thumb_finger.BMP
336__M_Right_index_finger.BMP,336,validation,37552cbb559e392d861af1a71db81d768b8e32eb7e0d71349e5de65c46af584b,131,C:\Users\Acer\Documents\GitHub\ImageProcessing\Fingerprint_Enhancement_Jupyter_Project\Fingerprint_Enhancement_Jupyter_Project\Fingerprint_Enhancement_Project\data\SOCOFing\Real\336__M_Right_index_finger.BMP
336__M_Right_little_finger.BMP,336,validation,37552cbb559e392d861af1a71db81d768b8e32eb7e0d71349e5de65c46af584b,131,C:\Users\Acer\Documents\GitHub\ImageProcessing\Fingerprint_Enhancement_Jupyter_Project\Fingerprint_Enhancement_Jupyter_Project\Fingerprint_Enhancement_Project\data\SOCOFing\Real\336__M_Right_little_finger.BMP
336__M_Right_middle_finger.BMP,336,validation,37552cbb559e392d861af1a71db81d768b8e32eb7e0d71349e5de65c46af584b,131,C:\Users\Acer\Documents\GitHub\ImageProcessing\Fingerprint_Enhancement_Jupyter_Project\Fingerprint_Enhancement_Jupyter_Project\Fingerprint_Enhancement_Project\data\SOCOFing\Real\336__M_Right_middle_finger.BMP
336__M_Right_ring_finger.BMP,336,validation,37552cbb559e392d861af1a71db81d768b8e32eb7e0d71349e5de65c46af584b,131,C:\Users\Acer\Documents\GitHub\ImageProcessing\Fingerprint_Enhancement_Jupyter_Project\Fingerprint_Enhancement_Jupyter_Project\Fingerprint_Enhancement_Project\data\SOCOFing\Real\336__M_Right_ring_finger.BMP
336__M_Right_thumb_finger.BMP,336,validation,37552cbb559e392d861af1a71db81d768b8e32eb7e0d71349e5de65c46af584b,131,C:\Users\Acer\Documents\GitHub\ImageProcessing\Fingerprint_Enhancement_Jupyter_Project\Fingerprint_Enhancement_Jupyter_Project\Fingerprint_Enhancement_Project\data\SOCOFing\Real\336__M_Right_thumb_finger.BMP
379__F_Left_index_finger.BMP,379,validation,3798ee02ed99b1f3f978e8484ec3d52af21258ef315674c3aa0250f6d018f9a9,132,C:\Users\Acer\Documents\GitHub\ImageProcessing\Fingerprint_Enhancement_Jupyter_Project\Fingerprint_Enhancement_Jupyter_Project\Fingerprint_Enhancement_Project\data\SOCOFing\Real\379__F_Left_index_finger.BMP
379__F_Left_little_finger.BMP,379,validation,3798ee02ed99b1f3f978e8484ec3d52af21258ef315674c3aa0250f6d018f9a9,132,C:\Users\Acer\Documents\GitHub\ImageProcessing\Fingerprint_Enhancement_Jupyter_Project\Fingerprint_Enhancement_Jupyter_Project\Fingerprint_Enhancement_Project\data\SOCOFing\Real\379__F_Left_little_finger.BMP
379__F_Left_middle_finger.BMP,379,validation,3798ee02ed99b1f3f978e8484ec3d52af21258ef315674c3aa0250f6d018f9a9,132,C:\Users\Acer\Documents\GitHub\ImageProcessing\Fingerprint_Enhancement_Jupyter_Project\Fingerprint_Enhancement_Jupyter_Project\Fingerprint_Enhancement_Project\data\SOCOFing\Real\379__F_Left_middle_finger.BMP
379__F_Left_ring_finger.BMP,379,validation,3798ee02ed99b1f3f978e8484ec3d52af21258ef315674c3aa0250f6d018f9a9,132,C:\Users\Acer\Documents\GitHub\ImageProcessing\Fingerprint_Enhancement_Jupyter_Project\Fingerprint_Enhancement_Jupyter_Project\Fingerprint_Enhancement_Project\data\SOCOFing\Real\379__F_Left_ring_finger.BMP
379__F_Left_thumb_finger.BMP,379,validation,3798ee02ed99b1f3f978e8484ec3d52af21258ef315674c3aa0250f6d018f9a9,132,C:\Users\Acer\Documents\GitHub\ImageProcessing\Fingerprint_Enhancement_Jupyter_Project\Fingerprint_Enhancement_Jupyter_Project\Fingerprint_Enhancement_Project\data\SOCOFing\Real\379__F_Left_thumb_finger.BMP
379__F_Right_index_finger.BMP,379,validation,3798ee02ed99b1f3f978e8484ec3d52af21258ef315674c3aa0250f6d018f9a9,132,C:\Users\Acer\Documents\GitHub\ImageProcessing\Fingerprint_Enhancement_Jupyter_Project\Fingerprint_Enhancement_Jupyter_Project\Fingerprint_Enhancement_Project\data\SOCOFing\Real\379__F_Right_index_finger.BMP
379__F_Right_little_finger.BMP,379,validation,3798ee02ed99b1f3f978e8484ec3d52af21258ef315674c3aa0250f6d018f9a9,132,C:\Users\Acer\Documents\GitHub\ImageProcessing\Fingerprint_Enhancement_Jupyter_Project\Fingerprint_Enhancement_Jupyter_Project\Fingerprint_Enhancement_Project\data\SOCOFing\Real\379__F_Right_little_finger.BMP
379__F_Right_middle_finger.BMP,379,validation,3798ee02ed99b1f3f978e8484ec3d52af21258ef315674c3aa0250f6d018f9a9,132,C:\Users\Acer\Documents\GitHub\ImageProcessing\Fingerprint_Enhancement_Jupyter_Project\Fingerprint_Enhancement_Jupyter_Project\Fingerprint_Enhancement_Project\data\SOCOFing\Real\379__F_Right_middle_finger.BMP
379__F_Right_ring_finger.BMP,379,validation,3798ee02ed99b1f3f978e8484ec3d52af21258ef315674c3aa0250f6d018f9a9,132,C:\Users\Acer\Documents\GitHub\ImageProcessing\Fingerprint_Enhancement_Jupyter_Project\Fingerprint_Enhancement_Jupyter_Project\Fingerprint_Enhancement_Project\data\SOCOFing\Real\379__F_Right_ring_finger.BMP
379__F_Right_thumb_finger.BMP,379,validation,3798ee02ed99b1f3f978e8484ec3d52af21258ef315674c3aa0250f6d018f9a9,132,C:\Users\Acer\Documents\GitHub\ImageProcessing\Fingerprint_Enhancement_Jupyter_Project\Fingerprint_Enhancement_Jupyter_Project\Fingerprint_Enhancement_Project\data\SOCOFing\Real\379__F_Right_thumb_finger.BMP
49__M_Left_index_finger.BMP,49,validation,37f9aaf5fa53bd468db483b8e0c804c0ebc7061f7b9f2560842dede2f247026a,133,C:\Users\Acer\Documents\GitHub\ImageProcessing\Fingerprint_Enhancement_Jupyter_Project\Fingerprint_Enhancement_Jupyter_Project\Fingerprint_Enhancement_Project\data\SOCOFing\Real\49__M_Left_index_finger.BMP
49__M_Left_little_finger.BMP,49,validation,37f9aaf5fa53bd468db483b8e0c804c0ebc7061f7b9f2560842dede2f247026a,133,C:\Users\Acer\Documents\GitHub\ImageProcessing\Fingerprint_Enhancement_Jupyter_Project\Fingerprint_Enhancement_Jupyter_Project\Fingerprint_Enhancement_Project\data\SOCOFing\Real\49__M_Left_little_finger.BMP
49__M_Left_middle_finger.BMP,49,validation,37f9aaf5fa53bd468db483b8e0c804c0ebc7061f7b9f2560842dede2f247026a,133,C:\Users\Acer\Documents\GitHub\ImageProcessing\Fingerprint_Enhancement_Jupyter_Project\Fingerprint_Enhancement_Jupyter_Project\Fingerprint_Enhancement_Project\data\SOCOFing\Real\49__M_Left_middle_finger.BMP
49__M_Left_ring_finger.BMP,49,validation,37f9aaf5fa53bd468db483b8e0c804c0ebc7061f7b9f2560842dede2f247026a,133,C:\Users\Acer\Documents\GitHub\ImageProcessing\Fingerprint_Enhancement_Jupyter_Project\Fingerprint_Enhancement_Jupyter_Project\Fingerprint_Enhancement_Project\data\SOCOFing\Real\49__M_Left_ring_finger.BMP
49__M_Left_thumb_finger.BMP,49,validation,37f9aaf5fa53bd468db483b8e0c804c0ebc7061f7b9f2560842dede2f247026a,133,C:\Users\Acer\Documents\GitHub\ImageProcessing\Fingerprint_Enhancement_Jupyter_Project\Fingerprint_Enhancement_Jupyter_Project\Fingerprint_Enhancement_Project\data\SOCOFing\Real\49__M_Left_thumb_finger.BMP
49__M_Right_index_finger.BMP,49,validation,37f9aaf5fa53bd468db483b8e0c804c0ebc7061f7b9f2560842dede2f247026a,133,C:\Users\Acer\Documents\GitHub\ImageProcessing\Fingerprint_Enhancement_Jupyter_Project\Fingerprint_Enhancement_Jupyter_Project\Fingerprint_Enhancement_Project\data\SOCOFing\Real\49__M_Right_index_finger.BMP
49__M_Right_little_finger.BMP,49,validation,37f9aaf5fa53bd468db483b8e0c804c0ebc7061f7b9f2560842dede2f247026a,133,C:\Users\Acer\Documents\GitHub\ImageProcessing\Fingerprint_Enhancement_Jupyter_Project\Fingerprint_Enhancement_Jupyter_Project\Fingerprint_Enhancement_Project\data\SOCOFing\Real\49__M_Right_little_finger.BMP
49__M_Right_middle_finger.BMP,49,validation,37f9aaf5fa53bd468db483b8e0c804c0ebc7061f7b9f2560842dede2f247026a,133,C:\Users\Acer\Documents\GitHub\ImageProcessing\Fingerprint_Enhancement_Jupyter_Project\Fingerprint_Enhancement_Jupyter_Project\Fingerprint_Enhancement_Project\data\SOCOFing\Real\49__M_Right_middle_finger.BMP
49__M_Right_ring_finger.BMP,49,validation,37f9aaf5fa53bd468db483b8e0c804c0ebc7061f7b9f2560842dede2f247026a,133,C:\Users\Acer\Documents\GitHub\ImageProcessing\Fingerprint_Enhancement_Jupyter_Project\Fingerprint_Enhancement_Jupyter_Project\Fingerprint_Enhancement_Project\data\SOCOFing\Real\49__M_Right_ring_finger.BMP
49__M_Right_thumb_finger.BMP,49,validation,37f9aaf5fa53bd468db483b8e0c804c0ebc7061f7b9f2560842dede2f247026a,133,C:\Users\Acer\Documents\GitHub\ImageProcessing\Fingerprint_Enhancement_Jupyter_Project\Fingerprint_Enhancement_Jupyter_Project\Fingerprint_Enhancement_Project\data\SOCOFing\Real\49__M_Right_thumb_finger.BMP
101__M_Left_index_finger.BMP,101,validation,37f9dbff8e15eb8ee15e637146d1037d000e5dfe370a24fa1ce5c5bf0106fe4e,134,C:\Users\Acer\Documents\GitHub\ImageProcessing\Fingerprint_Enhancement_Jupyter_Project\Fingerprint_Enhancement_Jupyter_Project\Fingerprint_Enhancement_Project\data\SOCOFing\Real\101__M_Left_index_finger.BMP
101__M_Left_little_finger.BMP,101,validation,37f9dbff8e15eb8ee15e637146d1037d000e5dfe370a24fa1ce5c5bf0106fe4e,134,C:\Users\Acer\Documents\GitHub\ImageProcessing\Fingerprint_Enhancement_Jupyter_Project\Fingerprint_Enhancement_Jupyter_Project\Fingerprint_Enhancement_Project\data\SOCOFing\Real\101__M_Left_little_finger.BMP
101__M_Left_middle_finger.BMP,101,validation,37f9dbff8e15eb8ee15e637146d1037d000e5dfe370a24fa1ce5c5bf0106fe4e,134,C:\Users\Acer\Documents\GitHub\ImageProcessing\Fingerprint_Enhancement_Jupyter_Project\Fingerprint_Enhancement_Jupyter_Project\Fingerprint_Enhancement_Project\data\SOCOFing\Real\101__M_Left_middle_finger.BMP
101__M_Left_ring_finger.BMP,101,validation,37f9dbff8e15eb8ee15e637146d1037d000e5dfe370a24fa1ce5c5bf0106fe4e,134,C:\Users\Acer\Documents\GitHub\ImageProcessing\Fingerprint_Enhancement_Jupyter_Project\Fingerprint_Enhancement_Jupyter_Project\Fingerprint_Enhancement_Project\data\SOCOFing\Real\101__M_Left_ring_finger.BMP
101__M_Left_thumb_finger.BMP,101,validation,37f9dbff8e15eb8ee15e637146d1037d000e5dfe370a24fa1ce5c5bf0106fe4e,134,C:\Users\Acer\Documents\GitHub\ImageProcessing\Fingerprint_Enhancement_Jupyter_Project\Fingerprint_Enhancement_Jupyter_Project\Fingerprint_Enhancement_Project\data\SOCOFing\Real\101__M_Left_thumb_finger.BMP
101__M_Right_index_finger.BMP,101,validation,37f9dbff8e15eb8ee15e637146d1037d000e5dfe370a24fa1ce5c5bf0106fe4e,134,C:\Users\Acer\Documents\GitHub\ImageProcessing\Fingerprint_Enhancement_Jupyter_Project\Fingerprint_Enhancement_Jupyter_Project\Fingerprint_Enhancement_Project\data\SOCOFing\Real\101__M_Right_index_finger.BMP
101__M_Right_little_finger.BMP,101,validation,37f9dbff8e15eb8ee15e637146d1037d000e5dfe370a24fa1ce5c5bf0106fe4e,134,C:\Users\Acer\Documents\GitHub\ImageProcessing\Fingerprint_Enhancement_Jupyter_Project\Fingerprint_Enhancement_Jupyter_Project\Fingerprint_Enhancement_Project\data\SOCOFing\Real\101__M_Right_little_finger.BMP
101__M_Right_middle_finger.BMP,101,validation,37f9dbff8e15eb8ee15e637146d1037d000e5dfe370a24fa1ce5c5bf0106fe4e,134,C:\Users\Acer\Documents\GitHub\ImageProcessing\Fingerprint_Enhancement_Jupyter_Project\Fingerprint_Enhancement_Jupyter_Project\Fingerprint_Enhancement_Project\data\SOCOFing\Real\101__M_Right_middle_finger.BMP
101__M_Right_ring_finger.BMP,101,validation,37f9dbff8e15eb8ee15e637146d1037d000e5dfe370a24fa1ce5c5bf0106fe4e,134,C:\Users\Acer\Documents\GitHub\ImageProcessing\Fingerprint_Enhancement_Jupyter_Project\Fingerprint_Enhancement_Jupyter_Project\Fingerprint_Enhancement_Project\data\SOCOFing\Real\101__M_Right_ring_finger.BMP
101__M_Right_thumb_finger.BMP,101,validation,37f9dbff8e15eb8ee15e637146d1037d000e5dfe370a24fa1ce5c5bf0106fe4e,134,C:\Users\Acer\Documents\GitHub\ImageProcessing\Fingerprint_Enhancement_Jupyter_Project\Fingerprint_Enhancement_Jupyter_Project\Fingerprint_Enhancement_Project\data\SOCOFing\Real\101__M_Right_thumb_finger.BMP
434__M_Left_index_finger.BMP,434,validation,38a1fc49dd2ccdfe78b29e2997ec20716a4c71a38b98ef10899259034d5ad780,135,C:\Users\Acer\Documents\GitHub\ImageProcessing\Fingerprint_Enhancement_Jupyter_Project\Fingerprint_Enhancement_Jupyter_Project\Fingerprint_Enhancement_Project\data\SOCOFing\Real\434__M_Left_index_finger.BMP
434__M_Left_little_finger.BMP,434,validation,38a1fc49dd2ccdfe78b29e2997ec20716a4c71a38b98ef10899259034d5ad780,135,C:\Users\Acer\Documents\GitHub\ImageProcessing\Fingerprint_Enhancement_Jupyter_Project\Fingerprint_Enhancement_Jupyter_Project\Fingerprint_Enhancement_Project\data\SOCOFing\Real\434__M_Left_little_finger.BMP
434__M_Left_middle_finger.BMP,434,validation,38a1fc49dd2ccdfe78b29e2997ec20716a4c71a38b98ef10899259034d5ad780,135,C:\Users\Acer\Documents\GitHub\ImageProcessing\Fingerprint_Enhancement_Jupyter_Project\Fingerprint_Enhancement_Jupyter_Project\Fingerprint_Enhancement_Project\data\SOCOFing\Real\434__M_Left_middle_finger.BMP
434__M_Left_ring_finger.BMP,434,validation,38a1fc49dd2ccdfe78b29e2997ec20716a4c71a38b98ef10899259034d5ad780,135,C:\Users\Acer\Documents\GitHub\ImageProcessing\Fingerprint_Enhancement_Jupyter_Project\Fingerprint_Enhancement_Jupyter_Project\Fingerprint_Enhancement_Project\data\SOCOFing\Real\434__M_Left_ring_finger.BMP
434__M_Left_thumb_finger.BMP,434,validation,38a1fc49dd2ccdfe78b29e2997ec20716a4c71a38b98ef10899259034d5ad780,135,C:\Users\Acer\Documents\GitHub\ImageProcessing\Fingerprint_Enhancement_Jupyter_Project\Fingerprint_Enhancement_Jupyter_Project\Fingerprint_Enhancement_Project\data\SOCOFing\Real\434__M_Left_thumb_finger.BMP
434__M_Right_index_finger.BMP,434,validation,38a1fc49dd2ccdfe78b29e2997ec20716a4c71a38b98ef10899259034d5ad780,135,C:\Users\Acer\Documents\GitHub\ImageProcessing\Fingerprint_Enhancement_Jupyter_Project\Fingerprint_Enhancement_Jupyter_Project\Fingerprint_Enhancement_Project\data\SOCOFing\Real\434__M_Right_index_finger.BMP
434__M_Right_little_finger.BMP,434,validation,38a1fc49dd2ccdfe78b29e2997ec20716a4c71a38b98ef10899259034d5ad780,135,C:\Users\Acer\Documents\GitHub\ImageProcessing\Fingerprint_Enhancement_Jupyter_Project\Fingerprint_Enhancement_Jupyter_Project\Fingerprint_Enhancement_Project\data\SOCOFing\Real\434__M_Right_little_finger.BMP
434__M_Right_middle_finger.BMP,434,validation,38a1fc49dd2ccdfe78b29e2997ec20716a4c71a38b98ef10899259034d5ad780,135,C:\Users\Acer\Documents\GitHub\ImageProcessing\Fingerprint_Enhancement_Jupyter_Project\Fingerprint_Enhancement_Jupyter_Project\Fingerprint_Enhancement_Project\data\SOCOFing\Real\434__M_Right_middle_finger.BMP
434__M_Right_ring_finger.BMP,434,validation,38a1fc49dd2ccdfe78b29e2997ec20716a4c71a38b98ef10899259034d5ad780,135,C:\Users\Acer\Documents\GitHub\ImageProcessing\Fingerprint_Enhancement_Jupyter_Project\Fingerprint_Enhancement_Jupyter_Project\Fingerprint_Enhancement_Project\data\SOCOFing\Real\434__M_Right_ring_finger.BMP
434__M_Right_thumb_finger.BMP,434,validation,38a1fc49dd2ccdfe78b29e2997ec20716a4c71a38b98ef10899259034d5ad780,135,C:\Users\Acer\Documents\GitHub\ImageProcessing\Fingerprint_Enhancement_Jupyter_Project\Fingerprint_Enhancement_Jupyter_Project\Fingerprint_Enhancement_Project\data\SOCOFing\Real\434__M_Right_thumb_finger.BMP
141__F_Left_index_finger.BMP,141,validation,3971cff938d5df1372221b5887831fb882e804c9133baf902f85336921167856,136,C:\Users\Acer\Documents\GitHub\ImageProcessing\Fingerprint_Enhancement_Jupyter_Project\Fingerprint_Enhancement_Jupyter_Project\Fingerprint_Enhancement_Project\data\SOCOFing\Real\141__F_Left_index_finger.BMP
141__F_Left_little_finger.BMP,141,validation,3971cff938d5df1372221b5887831fb882e804c9133baf902f85336921167856,136,C:\Users\Acer\Documents\GitHub\ImageProcessing\Fingerprint_Enhancement_Jupyter_Project\Fingerprint_Enhancement_Jupyter_Project\Fingerprint_Enhancement_Project\data\SOCOFing\Real\141__F_Left_little_finger.BMP
141__F_Left_middle_finger.BMP,141,validation,3971cff938d5df1372221b5887831fb882e804c9133baf902f85336921167856,136,C:\Users\Acer\Documents\GitHub\ImageProcessing\Fingerprint_Enhancement_Jupyter_Project\Fingerprint_Enhancement_Jupyter_Project\Fingerprint_Enhancement_Project\data\SOCOFing\Real\141__F_Left_middle_finger.BMP
141__F_Left_ring_finger.BMP,141,validation,3971cff938d5df1372221b5887831fb882e804c9133baf902f85336921167856,136,C:\Users\Acer\Documents\GitHub\ImageProcessing\Fingerprint_Enhancement_Jupyter_Project\Fingerprint_Enhancement_Jupyter_Project\Fingerprint_Enhancement_Project\data\SOCOFing\Real\141__F_Left_ring_finger.BMP
141__F_Left_thumb_finger.BMP,141,validation,3971cff938d5df1372221b5887831fb882e804c9133baf902f85336921167856,136,C:\Users\Acer\Documents\GitHub\ImageProcessing\Fingerprint_Enhancement_Jupyter_Project\Fingerprint_Enhancement_Jupyter_Project\Fingerprint_Enhancement_Project\data\SOCOFing\Real\141__F_Left_thumb_finger.BMP
141__F_Right_index_finger.BMP,141,validation,3971cff938d5df1372221b5887831fb882e804c9133baf902f85336921167856,136,C:\Users\Acer\Documents\GitHub\ImageProcessing\Fingerprint_Enhancement_Jupyter_Project\Fingerprint_Enhancement_Jupyter_Project\Fingerprint_Enhancement_Project\data\SOCOFing\Real\141__F_Right_index_finger.BMP
141__F_Right_little_finger.BMP,141,validation,3971cff938d5df1372221b5887831fb882e804c9133baf902f85336921167856,136,C:\Users\Acer\Documents\GitHub\ImageProcessing\Fingerprint_Enhancement_Jupyter_Project\Fingerprint_Enhancement_Jupyter_Project\Fingerprint_Enhancement_Project\data\SOCOFing\Real\141__F_Right_little_finger.BMP
141__F_Right_middle_finger.BMP,141,validation,3971cff938d5df1372221b5887831fb882e804c9133baf902f85336921167856,136,C:\Users\Acer\Documents\GitHub\ImageProcessing\Fingerprint_Enhancement_Jupyter_Project\Fingerprint_Enhancement_Jupyter_Project\Fingerprint_Enhancement_Project\data\SOCOFing\Real\141__F_Right_middle_finger.BMP
141__F_Right_ring_finger.BMP,141,validation,3971cff938d5df1372221b5887831fb882e804c9133baf902f85336921167856,136,C:\Users\Acer\Documents\GitHub\ImageProcessing\Fingerprint_Enhancement_Jupyter_Project\Fingerprint_Enhancement_Jupyter_Project\Fingerprint_Enhancement_Project\data\SOCOFing\Real\141__F_Right_ring_finger.BMP
141__F_Right_thumb_finger.BMP,141,validation,3971cff938d5df1372221b5887831fb882e804c9133baf902f85336921167856,136,C:\Users\Acer\Documents\GitHub\ImageProcessing\Fingerprint_Enhancement_Jupyter_Project\Fingerprint_Enhancement_Jupyter_Project\Fingerprint_Enhancement_Project\data\SOCOFing\Real\141__F_Right_thumb_finger.BMP
291__M_Left_index_finger.BMP,291,validation,39a4595737234aa8faebb413a0004f1cfeefd0fd886aad988c749320a839cea0,137,C:\Users\Acer\Documents\GitHub\ImageProcessing\Fingerprint_Enhancement_Jupyter_Project\Fingerprint_Enhancement_Jupyter_Project\Fingerprint_Enhancement_Project\data\SOCOFing\Real\291__M_Left_index_finger.BMP
291__M_Left_little_finger.BMP,291,validation,39a4595737234aa8faebb413a0004f1cfeefd0fd886aad988c749320a839cea0,137,C:\Users\Acer\Documents\GitHub\ImageProcessing\Fingerprint_Enhancement_Jupyter_Project\Fingerprint_Enhancement_Jupyter_Project\Fingerprint_Enhancement_Project\data\SOCOFing\Real\291__M_Left_little_finger.BMP
291__M_Left_middle_finger.BMP,291,validation,39a4595737234aa8faebb413a0004f1cfeefd0fd886aad988c749320a839cea0,137,C:\Users\Acer\Documents\GitHub\ImageProcessing\Fingerprint_Enhancement_Jupyter_Project\Fingerprint_Enhancement_Jupyter_Project\Fingerprint_Enhancement_Project\data\SOCOFing\Real\291__M_Left_middle_finger.BMP
291__M_Left_ring_finger.BMP,291,validation,39a4595737234aa8faebb413a0004f1cfeefd0fd886aad988c749320a839cea0,137,C:\Users\Acer\Documents\GitHub\ImageProcessing\Fingerprint_Enhancement_Jupyter_Project\Fingerprint_Enhancement_Jupyter_Project\Fingerprint_Enhancement_Project\data\SOCOFing\Real\291__M_Left_ring_finger.BMP
291__M_Left_thumb_finger.BMP,291,validation,39a4595737234aa8faebb413a0004f1cfeefd0fd886aad988c749320a839cea0,137,C:\Users\Acer\Documents\GitHub\ImageProcessing\Fingerprint_Enhancement_Jupyter_Project\Fingerprint_Enhancement_Jupyter_Project\Fingerprint_Enhancement_Project\data\SOCOFing\Real\291__M_Left_thumb_finger.BMP
291__M_Right_index_finger.BMP,291,validation,39a4595737234aa8faebb413a0004f1cfeefd0fd886aad988c749320a839cea0,137,C:\Users\Acer\Documents\GitHub\ImageProcessing\Fingerprint_Enhancement_Jupyter_Project\Fingerprint_Enhancement_Jupyter_Project\Fingerprint_Enhancement_Project\data\SOCOFing\Real\291__M_Right_index_finger.BMP
291__M_Right_little_finger.BMP,291,validation,39a4595737234aa8faebb413a0004f1cfeefd0fd886aad988c749320a839cea0,137,C:\Users\Acer\Documents\GitHub\ImageProcessing\Fingerprint_Enhancement_Jupyter_Project\Fingerprint_Enhancement_Jupyter_Project\Fingerprint_Enhancement_Project\data\SOCOFing\Real\291__M_Right_little_finger.BMP
291__M_Right_middle_finger.BMP,291,validation,39a4595737234aa8faebb413a0004f1cfeefd0fd886aad988c749320a839cea0,137,C:\Users\Acer\Documents\GitHub\ImageProcessing\Fingerprint_Enhancement_Jupyter_Project\Fingerprint_Enhancement_Jupyter_Project\Fingerprint_Enhancement_Project\data\SOCOFing\Real\291__M_Right_middle_finger.BMP
291__M_Right_ring_finger.BMP,291,validation,39a4595737234aa8faebb413a0004f1cfeefd0fd886aad988c749320a839cea0,137,C:\Users\Acer\Documents\GitHub\ImageProcessing\Fingerprint_Enhancement_Jupyter_Project\Fingerprint_Enhancement_Jupyter_Project\Fingerprint_Enhancement_Project\data\SOCOFing\Real\291__M_Right_ring_finger.BMP
291__M_Right_thumb_finger.BMP,291,validation,39a4595737234aa8faebb413a0004f1cfeefd0fd886aad988c749320a839cea0,137,C:\Users\Acer\Documents\GitHub\ImageProcessing\Fingerprint_Enhancement_Jupyter_Project\Fingerprint_Enhancement_Jupyter_Project\Fingerprint_Enhancement_Project\data\SOCOFing\Real\291__M_Right_thumb_finger.BMP
377__M_Left_index_finger.BMP,377,validation,39b618f4161c0bcada84622721a8149c4dc3e49afbf0511eed6c697e61e91181,138,C:\Users\Acer\Documents\GitHub\ImageProcessing\Fingerprint_Enhancement_Jupyter_Project\Fingerprint_Enhancement_Jupyter_Project\Fingerprint_Enhancement_Project\data\SOCOFing\Real\377__M_Left_index_finger.BMP
377__M_Left_little_finger.BMP,377,validation,39b618f4161c0bcada84622721a8149c4dc3e49afbf0511eed6c697e61e91181,138,C:\Users\Acer\Documents\GitHub\ImageProcessing\Fingerprint_Enhancement_Jupyter_Project\Fingerprint_Enhancement_Jupyter_Project\Fingerprint_Enhancement_Project\data\SOCOFing\Real\377__M_Left_little_finger.BMP
377__M_Left_middle_finger.BMP,377,validation,39b618f4161c0bcada84622721a8149c4dc3e49afbf0511eed6c697e61e91181,138,C:\Users\Acer\Documents\GitHub\ImageProcessing\Fingerprint_Enhancement_Jupyter_Project\Fingerprint_Enhancement_Jupyter_Project\Fingerprint_Enhancement_Project\data\SOCOFing\Real\377__M_Left_middle_finger.BMP
377__M_Left_ring_finger.BMP,377,validation,39b618f4161c0bcada84622721a8149c4dc3e49afbf0511eed6c697e61e91181,138,C:\Users\Acer\Documents\GitHub\ImageProcessing\Fingerprint_Enhancement_Jupyter_Project\Fingerprint_Enhancement_Jupyter_Project\Fingerprint_Enhancement_Project\data\SOCOFing\Real\377__M_Left_ring_finger.BMP
377__M_Left_thumb_finger.BMP,377,validation,39b618f4161c0bcada84622721a8149c4dc3e49afbf0511eed6c697e61e91181,138,C:\Users\Acer\Documents\GitHub\ImageProcessing\Fingerprint_Enhancement_Jupyter_Project\Fingerprint_Enhancement_Jupyter_Project\Fingerprint_Enhancement_Project\data\SOCOFing\Real\377__M_Left_thumb_finger.BMP
377__M_Right_index_finger.BMP,377,validation,39b618f4161c0bcada84622721a8149c4dc3e49afbf0511eed6c697e61e91181,138,C:\Users\Acer\Documents\GitHub\ImageProcessing\Fingerprint_Enhancement_Jupyter_Project\Fingerprint_Enhancement_Jupyter_Project\Fingerprint_Enhancement_Project\data\SOCOFing\Real\377__M_Right_index_finger.BMP
377__M_Right_little_finger.BMP,377,validation,39b618f4161c0bcada84622721a8149c4dc3e49afbf0511eed6c697e61e91181,138,C:\Users\Acer\Documents\GitHub\ImageProcessing\Fingerprint_Enhancement_Jupyter_Project\Fingerprint_Enhancement_Jupyter_Project\Fingerprint_Enhancement_Project\data\SOCOFing\Real\377__M_Right_little_finger.BMP
377__M_Right_middle_finger.BMP,377,validation,39b618f4161c0bcada84622721a8149c4dc3e49afbf0511eed6c697e61e91181,138,C:\Users\Acer\Documents\GitHub\ImageProcessing\Fingerprint_Enhancement_Jupyter_Project\Fingerprint_Enhancement_Jupyter_Project\Fingerprint_Enhancement_Project\data\SOCOFing\Real\377__M_Right_middle_finger.BMP
377__M_Right_ring_finger.BMP,377,validation,39b618f4161c0bcada84622721a8149c4dc3e49afbf0511eed6c697e61e91181,138,C:\Users\Acer\Documents\GitHub\ImageProcessing\Fingerprint_Enhancement_Jupyter_Project\Fingerprint_Enhancement_Jupyter_Project\Fingerprint_Enhancement_Project\data\SOCOFing\Real\377__M_Right_ring_finger.BMP
377__M_Right_thumb_finger.BMP,377,validation,39b618f4161c0bcada84622721a8149c4dc3e49afbf0511eed6c697e61e91181,138,C:\Users\Acer\Documents\GitHub\ImageProcessing\Fingerprint_Enhancement_Jupyter_Project\Fingerprint_Enhancement_Jupyter_Project\Fingerprint_Enhancement_Project\data\SOCOFing\Real\377__M_Right_thumb_finger.BMP
118__F_Left_index_finger.BMP,118,validation,39f48fea22b3e25701f7b527969b927862e3a560448f215e3005e7b07feec751,139,C:\Users\Acer\Documents\GitHub\ImageProcessing\Fingerprint_Enhancement_Jupyter_Project\Fingerprint_Enhancement_Jupyter_Project\Fingerprint_Enhancement_Project\data\SOCOFing\Real\118__F_Left_index_finger.BMP
118__F_Left_little_finger.BMP,118,validation,39f48fea22b3e25701f7b527969b927862e3a560448f215e3005e7b07feec751,139,C:\Users\Acer\Documents\GitHub\ImageProcessing\Fingerprint_Enhancement_Jupyter_Project\Fingerprint_Enhancement_Jupyter_Project\Fingerprint_Enhancement_Project\data\SOCOFing\Real\118__F_Left_little_finger.BMP
118__F_Left_middle_finger.BMP,118,validation,39f48fea22b3e25701f7b527969b927862e3a560448f215e3005e7b07feec751,139,C:\Users\Acer\Documents\GitHub\ImageProcessing\Fingerprint_Enhancement_Jupyter_Project\Fingerprint_Enhancement_Jupyter_Project\Fingerprint_Enhancement_Project\data\SOCOFing\Real\118__F_Left_middle_finger.BMP
118__F_Left_ring_finger.BMP,118,validation,39f48fea22b3e25701f7b527969b927862e3a560448f215e3005e7b07feec751,139,C:\Users\Acer\Documents\GitHub\ImageProcessing\Fingerprint_Enhancement_Jupyter_Project\Fingerprint_Enhancement_Jupyter_Project\Fingerprint_Enhancement_Project\data\SOCOFing\Real\118__F_Left_ring_finger.BMP
118__F_Left_thumb_finger.BMP,118,validation,39f48fea22b3e25701f7b527969b927862e3a560448f215e3005e7b07feec751,139,C:\Users\Acer\Documents\GitHub\ImageProcessing\Fingerprint_Enhancement_Jupyter_Project\Fingerprint_Enhancement_Jupyter_Project\Fingerprint_Enhancement_Project\data\SOCOFing\Real\118__F_Left_thumb_finger.BMP
118__F_Right_index_finger.BMP,118,validation,39f48fea22b3e25701f7b527969b927862e3a560448f215e3005e7b07feec751,139,C:\Users\Acer\Documents\GitHub\ImageProcessing\Fingerprint_Enhancement_Jupyter_Project\Fingerprint_Enhancement_Jupyter_Project\Fingerprint_Enhancement_Project\data\SOCOFing\Real\118__F_Right_index_finger.BMP
118__F_Right_little_finger.BMP,118,validation,39f48fea22b3e25701f7b527969b927862e3a560448f215e3005e7b07feec751,139,C:\Users\Acer\Documents\GitHub\ImageProcessing\Fingerprint_Enhancement_Jupyter_Project\Fingerprint_Enhancement_Jupyter_Project\Fingerprint_Enhancement_Project\data\SOCOFing\Real\118__F_Right_little_finger.BMP
118__F_Right_middle_finger.BMP,118,validation,39f48fea22b3e25701f7b527969b927862e3a560448f215e3005e7b07feec751,139,C:\Users\Acer\Documents\GitHub\ImageProcessing\Fingerprint_Enhancement_Jupyter_Project\Fingerprint_Enhancement_Jupyter_Project\Fingerprint_Enhancement_Project\data\SOCOFing\Real\118__F_Right_middle_finger.BMP
118__F_Right_ring_finger.BMP,118,validation,39f48fea22b3e25701f7b527969b927862e3a560448f215e3005e7b07feec751,139,C:\Users\Acer\Documents\GitHub\ImageProcessing\Fingerprint_Enhancement_Jupyter_Project\Fingerprint_Enhancement_Jupyter_Project\Fingerprint_Enhancement_Project\data\SOCOFing\Real\118__F_Right_ring_finger.BMP
118__F_Right_thumb_finger.BMP,118,validation,39f48fea22b3e25701f7b527969b927862e3a560448f215e3005e7b07feec751,139,C:\Users\Acer\Documents\GitHub\ImageProcessing\Fingerprint_Enhancement_Jupyter_Project\Fingerprint_Enhancement_Jupyter_Project\Fingerprint_Enhancement_Project\data\SOCOFing\Real\118__F_Right_thumb_finger.BMP
177__F_Left_index_finger.BMP,177,validation,3a05bbbdc9564ed2e28395aefd104b29e47cb6857eadb203f3d27bef9c94b812,140,C:\Users\Acer\Documents\GitHub\ImageProcessing\Fingerprint_Enhancement_Jupyter_Project\Fingerprint_Enhancement_Jupyter_Project\Fingerprint_Enhancement_Project\data\SOCOFing\Real\177__F_Left_index_finger.BMP
177__F_Left_little_finger.BMP,177,validation,3a05bbbdc9564ed2e28395aefd104b29e47cb6857eadb203f3d27bef9c94b812,140,C:\Users\Acer\Documents\GitHub\ImageProcessing\Fingerprint_Enhancement_Jupyter_Project\Fingerprint_Enhancement_Jupyter_Project\Fingerprint_Enhancement_Project\data\SOCOFing\Real\177__F_Left_little_finger.BMP
177__F_Left_middle_finger.BMP,177,validation,3a05bbbdc9564ed2e28395aefd104b29e47cb6857eadb203f3d27bef9c94b812,140,C:\Users\Acer\Documents\GitHub\ImageProcessing\Fingerprint_Enhancement_Jupyter_Project\Fingerprint_Enhancement_Jupyter_Project\Fingerprint_Enhancement_Project\data\SOCOFing\Real\177__F_Left_middle_finger.BMP
177__F_Left_ring_finger.BMP,177,validation,3a05bbbdc9564ed2e28395aefd104b29e47cb6857eadb203f3d27bef9c94b812,140,C:\Users\Acer\Documents\GitHub\ImageProcessing\Fingerprint_Enhancement_Jupyter_Project\Fingerprint_Enhancement_Jupyter_Project\Fingerprint_Enhancement_Project\data\SOCOFing\Real\177__F_Left_ring_finger.BMP
177__F_Left_thumb_finger.BMP,177,validation,3a05bbbdc9564ed2e28395aefd104b29e47cb6857eadb203f3d27bef9c94b812,140,C:\Users\Acer\Documents\GitHub\ImageProcessing\Fingerprint_Enhancement_Jupyter_Project\Fingerprint_Enhancement_Jupyter_Project\Fingerprint_Enhancement_Project\data\SOCOFing\Real\177__F_Left_thumb_finger.BMP
177__F_Right_index_finger.BMP,177,validation,3a05bbbdc9564ed2e28395aefd104b29e47cb6857eadb203f3d27bef9c94b812,140,C:\Users\Acer\Documents\GitHub\ImageProcessing\Fingerprint_Enhancement_Jupyter_Project\Fingerprint_Enhancement_Jupyter_Project\Fingerprint_Enhancement_Project\data\SOCOFing\Real\177__F_Right_index_finger.BMP
177__F_Right_little_finger.BMP,177,validation,3a05bbbdc9564ed2e28395aefd104b29e47cb6857eadb203f3d27bef9c94b812,140,C:\Users\Acer\Documents\GitHub\ImageProcessing\Fingerprint_Enhancement_Jupyter_Project\Fingerprint_Enhancement_Jupyter_Project\Fingerprint_Enhancement_Project\data\SOCOFing\Real\177__F_Right_little_finger.BMP
177__F_Right_middle_finger.BMP,177,validation,3a05bbbdc9564ed2e28395aefd104b29e47cb6857eadb203f3d27bef9c94b812,140,C:\Users\Acer\Documents\GitHub\ImageProcessing\Fingerprint_Enhancement_Jupyter_Project\Fingerprint_Enhancement_Jupyter_Project\Fingerprint_Enhancement_Project\data\SOCOFing\Real\177__F_Right_middle_finger.BMP
177__F_Right_ring_finger.BMP,177,validation,3a05bbbdc9564ed2e28395aefd104b29e47cb6857eadb203f3d27bef9c94b812,140,C:\Users\Acer\Documents\GitHub\ImageProcessing\Fingerprint_Enhancement_Jupyter_Project\Fingerprint_Enhancement_Jupyter_Project\Fingerprint_Enhancement_Project\data\SOCOFing\Real\177__F_Right_ring_finger.BMP
177__F_Right_thumb_finger.BMP,177,validation,3a05bbbdc9564ed2e28395aefd104b29e47cb6857eadb203f3d27bef9c94b812,140,C:\Users\Acer\Documents\GitHub\ImageProcessing\Fingerprint_Enhancement_Jupyter_Project\Fingerprint_Enhancement_Jupyter_Project\Fingerprint_Enhancement_Project\data\SOCOFing\Real\177__F_Right_thumb_finger.BMP
8__M_Left_index_finger.BMP,8,validation,3a22ff7dbc490a1b0be5915ccc683f3f657d96652c9dca0f5fb88ceb3133f5f0,141,C:\Users\Acer\Documents\GitHub\ImageProcessing\Fingerprint_Enhancement_Jupyter_Project\Fingerprint_Enhancement_Jupyter_Project\Fingerprint_Enhancement_Project\data\SOCOFing\Real\8__M_Left_index_finger.BMP
8__M_Left_little_finger.BMP,8,validation,3a22ff7dbc490a1b0be5915ccc683f3f657d96652c9dca0f5fb88ceb3133f5f0,141,C:\Users\Acer\Documents\GitHub\ImageProcessing\Fingerprint_Enhancement_Jupyter_Project\Fingerprint_Enhancement_Jupyter_Project\Fingerprint_Enhancement_Project\data\SOCOFing\Real\8__M_Left_little_finger.BMP
8__M_Left_middle_finger.BMP,8,validation,3a22ff7dbc490a1b0be5915ccc683f3f657d96652c9dca0f5fb88ceb3133f5f0,141,C:\Users\Acer\Documents\GitHub\ImageProcessing\Fingerprint_Enhancement_Jupyter_Project\Fingerprint_Enhancement_Jupyter_Project\Fingerprint_Enhancement_Project\data\SOCOFing\Real\8__M_Left_middle_finger.BMP
8__M_Left_ring_finger.BMP,8,validation,3a22ff7dbc490a1b0be5915ccc683f3f657d96652c9dca0f5fb88ceb3133f5f0,141,C:\Users\Acer\Documents\GitHub\ImageProcessing\Fingerprint_Enhancement_Jupyter_Project\Fingerprint_Enhancement_Jupyter_Project\Fingerprint_Enhancement_Project\data\SOCOFing\Real\8__M_Left_ring_finger.BMP
8__M_Left_thumb_finger.BMP,8,validation,3a22ff7dbc490a1b0be5915ccc683f3f657d96652c9dca0f5fb88ceb3133f5f0,141,C:\Users\Acer\Documents\GitHub\ImageProcessing\Fingerprint_Enhancement_Jupyter_Project\Fingerprint_Enhancement_Jupyter_Project\Fingerprint_Enhancement_Project\data\SOCOFing\Real\8__M_Left_thumb_finger.BMP
8__M_Right_index_finger.BMP,8,validation,3a22ff7dbc490a1b0be5915ccc683f3f657d96652c9dca0f5fb88ceb3133f5f0,141,C:\Users\Acer\Documents\GitHub\ImageProcessing\Fingerprint_Enhancement_Jupyter_Project\Fingerprint_Enhancement_Jupyter_Project\Fingerprint_Enhancement_Project\data\SOCOFing\Real\8__M_Right_index_finger.BMP
8__M_Right_little_finger.BMP,8,validation,3a22ff7dbc490a1b0be5915ccc683f3f657d96652c9dca0f5fb88ceb3133f5f0,141,C:\Users\Acer\Documents\GitHub\ImageProcessing\Fingerprint_Enhancement_Jupyter_Project\Fingerprint_Enhancement_Jupyter_Project\Fingerprint_Enhancement_Project\data\SOCOFing\Real\8__M_Right_little_finger.BMP
8__M_Right_middle_finger.BMP,8,validation,3a22ff7dbc490a1b0be5915ccc683f3f657d96652c9dca0f5fb88ceb3133f5f0,141,C:\Users\Acer\Documents\GitHub\ImageProcessing\Fingerprint_Enhancement_Jupyter_Project\Fingerprint_Enhancement_Jupyter_Project\Fingerprint_Enhancement_Project\data\SOCOFing\Real\8__M_Right_middle_finger.BMP
8__M_Right_ring_finger.BMP,8,validation,3a22ff7dbc490a1b0be5915ccc683f3f657d96652c9dca0f5fb88ceb3133f5f0,141,C:\Users\Acer\Documents\GitHub\ImageProcessing\Fingerprint_Enhancement_Jupyter_Project\Fingerprint_Enhancement_Jupyter_Project\Fingerprint_Enhancement_Project\data\SOCOFing\Real\8__M_Right_ring_finger.BMP
8__M_Right_thumb_finger.BMP,8,validation,3a22ff7dbc490a1b0be5915ccc683f3f657d96652c9dca0f5fb88ceb3133f5f0,141,C:\Users\Acer\Documents\GitHub\ImageProcessing\Fingerprint_Enhancement_Jupyter_Project\Fingerprint_Enhancement_Jupyter_Project\Fingerprint_Enhancement_Project\data\SOCOFing\Real\8__M_Right_thumb_finger.BMP
408__M_Left_index_finger.BMP,408,validation,3a513cf76cc1b855d89a74458cc668a91f6e2242c924a0d68855cae029afc0a3,142,C:\Users\Acer\Documents\GitHub\ImageProcessing\Fingerprint_Enhancement_Jupyter_Project\Fingerprint_Enhancement_Jupyter_Project\Fingerprint_Enhancement_Project\data\SOCOFing\Real\408__M_Left_index_finger.BMP
408__M_Left_little_finger.BMP,408,validation,3a513cf76cc1b855d89a74458cc668a91f6e2242c924a0d68855cae029afc0a3,142,C:\Users\Acer\Documents\GitHub\ImageProcessing\Fingerprint_Enhancement_Jupyter_Project\Fingerprint_Enhancement_Jupyter_Project\Fingerprint_Enhancement_Project\data\SOCOFing\Real\408__M_Left_little_finger.BMP
408__M_Left_middle_finger.BMP,408,validation,3a513cf76cc1b855d89a74458cc668a91f6e2242c924a0d68855cae029afc0a3,142,C:\Users\Acer\Documents\GitHub\ImageProcessing\Fingerprint_Enhancement_Jupyter_Project\Fingerprint_Enhancement_Jupyter_Project\Fingerprint_Enhancement_Project\data\SOCOFing\Real\408__M_Left_middle_finger.BMP
408__M_Left_ring_finger.BMP,408,validation,3a513cf76cc1b855d89a74458cc668a91f6e2242c924a0d68855cae029afc0a3,142,C:\Users\Acer\Documents\GitHub\ImageProcessing\Fingerprint_Enhancement_Jupyter_Project\Fingerprint_Enhancement_Jupyter_Project\Fingerprint_Enhancement_Project\data\SOCOFing\Real\408__M_Left_ring_finger.BMP
408__M_Left_thumb_finger.BMP,408,validation,3a513cf76cc1b855d89a74458cc668a91f6e2242c924a0d68855cae029afc0a3,142,C:\Users\Acer\Documents\GitHub\ImageProcessing\Fingerprint_Enhancement_Jupyter_Project\Fingerprint_Enhancement_Jupyter_Project\Fingerprint_Enhancement_Project\data\SOCOFing\Real\408__M_Left_thumb_finger.BMP
408__M_Right_index_finger.BMP,408,validation,3a513cf76cc1b855d89a74458cc668a91f6e2242c924a0d68855cae029afc0a3,142,C:\Users\Acer\Documents\GitHub\ImageProcessing\Fingerprint_Enhancement_Jupyter_Project\Fingerprint_Enhancement_Jupyter_Project\Fingerprint_Enhancement_Project\data\SOCOFing\Real\408__M_Right_index_finger.BMP
408__M_Right_little_finger.BMP,408,validation,3a513cf76cc1b855d89a74458cc668a91f6e2242c924a0d68855cae029afc0a3,142,C:\Users\Acer\Documents\GitHub\ImageProcessing\Fingerprint_Enhancement_Jupyter_Project\Fingerprint_Enhancement_Jupyter_Project\Fingerprint_Enhancement_Project\data\SOCOFing\Real\408__M_Right_little_finger.BMP
408__M_Right_middle_finger.BMP,408,validation,3a513cf76cc1b855d89a74458cc668a91f6e2242c924a0d68855cae029afc0a3,142,C:\Users\Acer\Documents\GitHub\ImageProcessing\Fingerprint_Enhancement_Jupyter_Project\Fingerprint_Enhancement_Jupyter_Project\Fingerprint_Enhancement_Project\data\SOCOFing\Real\408__M_Right_middle_finger.BMP
408__M_Right_ring_finger.BMP,408,validation,3a513cf76cc1b855d89a74458cc668a91f6e2242c924a0d68855cae029afc0a3,142,C:\Users\Acer\Documents\GitHub\ImageProcessing\Fingerprint_Enhancement_Jupyter_Project\Fingerprint_Enhancement_Jupyter_Project\Fingerprint_Enhancement_Project\data\SOCOFing\Real\408__M_Right_ring_finger.BMP
408__M_Right_thumb_finger.BMP,408,validation,3a513cf76cc1b855d89a74458cc668a91f6e2242c924a0d68855cae029afc0a3,142,C:\Users\Acer\Documents\GitHub\ImageProcessing\Fingerprint_Enhancement_Jupyter_Project\Fingerprint_Enhancement_Jupyter_Project\Fingerprint_Enhancement_Project\data\SOCOFing\Real\408__M_Right_thumb_finger.BMP
319__M_Left_index_finger.BMP,319,validation,3bc1ff5d61a2c3953091315cb78e9d5b52dc8f87a1d6d3e3c387a955080ba565,143,C:\Users\Acer\Documents\GitHub\ImageProcessing\Fingerprint_Enhancement_Jupyter_Project\Fingerprint_Enhancement_Jupyter_Project\Fingerprint_Enhancement_Project\data\SOCOFing\Real\319__M_Left_index_finger.BMP
319__M_Left_little_finger.BMP,319,validation,3bc1ff5d61a2c3953091315cb78e9d5b52dc8f87a1d6d3e3c387a955080ba565,143,C:\Users\Acer\Documents\GitHub\ImageProcessing\Fingerprint_Enhancement_Jupyter_Project\Fingerprint_Enhancement_Jupyter_Project\Fingerprint_Enhancement_Project\data\SOCOFing\Real\319__M_Left_little_finger.BMP
319__M_Left_middle_finger.BMP,319,validation,3bc1ff5d61a2c3953091315cb78e9d5b52dc8f87a1d6d3e3c387a955080ba565,143,C:\Users\Acer\Documents\GitHub\ImageProcessing\Fingerprint_Enhancement_Jupyter_Project\Fingerprint_Enhancement_Jupyter_Project\Fingerprint_Enhancement_Project\data\SOCOFing\Real\319__M_Left_middle_finger.BMP
319__M_Left_ring_finger.BMP,319,validation,3bc1ff5d61a2c3953091315cb78e9d5b52dc8f87a1d6d3e3c387a955080ba565,143,C:\Users\Acer\Documents\GitHub\ImageProcessing\Fingerprint_Enhancement_Jupyter_Project\Fingerprint_Enhancement_Jupyter_Project\Fingerprint_Enhancement_Project\data\SOCOFing\Real\319__M_Left_ring_finger.BMP
319__M_Left_thumb_finger.BMP,319,validation,3bc1ff5d61a2c3953091315cb78e9d5b52dc8f87a1d6d3e3c387a955080ba565,143,C:\Users\Acer\Documents\GitHub\ImageProcessing\Fingerprint_Enhancement_Jupyter_Project\Fingerprint_Enhancement_Jupyter_Project\Fingerprint_Enhancement_Project\data\SOCOFing\Real\319__M_Left_thumb_finger.BMP
319__M_Right_index_finger.BMP,319,validation,3bc1ff5d61a2c3953091315cb78e9d5b52dc8f87a1d6d3e3c387a955080ba565,143,C:\Users\Acer\Documents\GitHub\ImageProcessing\Fingerprint_Enhancement_Jupyter_Project\Fingerprint_Enhancement_Jupyter_Project\Fingerprint_Enhancement_Project\data\SOCOFing\Real\319__M_Right_index_finger.BMP
319__M_Right_little_finger.BMP,319,validation,3bc1ff5d61a2c3953091315cb78e9d5b52dc8f87a1d6d3e3c387a955080ba565,143,C:\Users\Acer\Documents\GitHub\ImageProcessing\Fingerprint_Enhancement_Jupyter_Project\Fingerprint_Enhancement_Jupyter_Project\Fingerprint_Enhancement_Project\data\SOCOFing\Real\319__M_Right_little_finger.BMP
319__M_Right_middle_finger.BMP,319,validation,3bc1ff5d61a2c3953091315cb78e9d5b52dc8f87a1d6d3e3c387a955080ba565,143,C:\Users\Acer\Documents\GitHub\ImageProcessing\Fingerprint_Enhancement_Jupyter_Project\Fingerprint_Enhancement_Jupyter_Project\Fingerprint_Enhancement_Project\data\SOCOFing\Real\319__M_Right_middle_finger.BMP
319__M_Right_ring_finger.BMP,319,validation,3bc1ff5d61a2c3953091315cb78e9d5b52dc8f87a1d6d3e3c387a955080ba565,143,C:\Users\Acer\Documents\GitHub\ImageProcessing\Fingerprint_Enhancement_Jupyter_Project\Fingerprint_Enhancement_Jupyter_Project\Fingerprint_Enhancement_Project\data\SOCOFing\Real\319__M_Right_ring_finger.BMP
319__M_Right_thumb_finger.BMP,319,validation,3bc1ff5d61a2c3953091315cb78e9d5b52dc8f87a1d6d3e3c387a955080ba565,143,C:\Users\Acer\Documents\GitHub\ImageProcessing\Fingerprint_Enhancement_Jupyter_Project\Fingerprint_Enhancement_Jupyter_Project\Fingerprint_Enhancement_Project\data\SOCOFing\Real\319__M_Right_thumb_finger.BMP
117__F_Left_index_finger.BMP,117,validation,3c069228295427e7f047544d8c1a988446e50d8ec5640dfcf9ab65c0f0a9f87e,144,C:\Users\Acer\Documents\GitHub\ImageProcessing\Fingerprint_Enhancement_Jupyter_Project\Fingerprint_Enhancement_Jupyter_Project\Fingerprint_Enhancement_Project\data\SOCOFing\Real\117__F_Left_index_finger.BMP
117__F_Left_little_finger.BMP,117,validation,3c069228295427e7f047544d8c1a988446e50d8ec5640dfcf9ab65c0f0a9f87e,144,C:\Users\Acer\Documents\GitHub\ImageProcessing\Fingerprint_Enhancement_Jupyter_Project\Fingerprint_Enhancement_Jupyter_Project\Fingerprint_Enhancement_Project\data\SOCOFing\Real\117__F_Left_little_finger.BMP
117__F_Left_middle_finger.BMP,117,validation,3c069228295427e7f047544d8c1a988446e50d8ec5640dfcf9ab65c0f0a9f87e,144,C:\Users\Acer\Documents\GitHub\ImageProcessing\Fingerprint_Enhancement_Jupyter_Project\Fingerprint_Enhancement_Jupyter_Project\Fingerprint_Enhancement_Project\data\SOCOFing\Real\117__F_Left_middle_finger.BMP
117__F_Left_ring_finger.BMP,117,validation,3c069228295427e7f047544d8c1a988446e50d8ec5640dfcf9ab65c0f0a9f87e,144,C:\Users\Acer\Documents\GitHub\ImageProcessing\Fingerprint_Enhancement_Jupyter_Project\Fingerprint_Enhancement_Jupyter_Project\Fingerprint_Enhancement_Project\data\SOCOFing\Real\117__F_Left_ring_finger.BMP
117__F_Left_thumb_finger.BMP,117,validation,3c069228295427e7f047544d8c1a988446e50d8ec5640dfcf9ab65c0f0a9f87e,144,C:\Users\Acer\Documents\GitHub\ImageProcessing\Fingerprint_Enhancement_Jupyter_Project\Fingerprint_Enhancement_Jupyter_Project\Fingerprint_Enhancement_Project\data\SOCOFing\Real\117__F_Left_thumb_finger.BMP
117__F_Right_index_finger.BMP,117,validation,3c069228295427e7f047544d8c1a988446e50d8ec5640dfcf9ab65c0f0a9f87e,144,C:\Users\Acer\Documents\GitHub\ImageProcessing\Fingerprint_Enhancement_Jupyter_Project\Fingerprint_Enhancement_Jupyter_Project\Fingerprint_Enhancement_Project\data\SOCOFing\Real\117__F_Right_index_finger.BMP
117__F_Right_little_finger.BMP,117,validation,3c069228295427e7f047544d8c1a988446e50d8ec5640dfcf9ab65c0f0a9f87e,144,C:\Users\Acer\Documents\GitHub\ImageProcessing\Fingerprint_Enhancement_Jupyter_Project\Fingerprint_Enhancement_Jupyter_Project\Fingerprint_Enhancement_Project\data\SOCOFing\Real\117__F_Right_little_finger.BMP
117__F_Right_middle_finger.BMP,117,validation,3c069228295427e7f047544d8c1a988446e50d8ec5640dfcf9ab65c0f0a9f87e,144,C:\Users\Acer\Documents\GitHub\ImageProcessing\Fingerprint_Enhancement_Jupyter_Project\Fingerprint_Enhancement_Jupyter_Project\Fingerprint_Enhancement_Project\data\SOCOFing\Real\117__F_Right_middle_finger.BMP
117__F_Right_ring_finger.BMP,117,validation,3c069228295427e7f047544d8c1a988446e50d8ec5640dfcf9ab65c0f0a9f87e,144,C:\Users\Acer\Documents\GitHub\ImageProcessing\Fingerprint_Enhancement_Jupyter_Project\Fingerprint_Enhancement_Jupyter_Project\Fingerprint_Enhancement_Project\data\SOCOFing\Real\117__F_Right_ring_finger.BMP
117__F_Right_thumb_finger.BMP,117,validation,3c069228295427e7f047544d8c1a988446e50d8ec5640dfcf9ab65c0f0a9f87e,144,C:\Users\Acer\Documents\GitHub\ImageProcessing\Fingerprint_Enhancement_Jupyter_Project\Fingerprint_Enhancement_Jupyter_Project\Fingerprint_Enhancement_Project\data\SOCOFing\Real\117__F_Right_thumb_finger.BMP
273__M_Left_index_finger.BMP,273,validation,3c17c1d4b2f56efe7e45625d29b9a1f75249545066776111db69573d4152db97,145,C:\Users\Acer\Documents\GitHub\ImageProcessing\Fingerprint_Enhancement_Jupyter_Project\Fingerprint_Enhancement_Jupyter_Project\Fingerprint_Enhancement_Project\data\SOCOFing\Real\273__M_Left_index_finger.BMP
273__M_Left_little_finger.BMP,273,validation,3c17c1d4b2f56efe7e45625d29b9a1f75249545066776111db69573d4152db97,145,C:\Users\Acer\Documents\GitHub\ImageProcessing\Fingerprint_Enhancement_Jupyter_Project\Fingerprint_Enhancement_Jupyter_Project\Fingerprint_Enhancement_Project\data\SOCOFing\Real\273__M_Left_little_finger.BMP
273__M_Left_middle_finger.BMP,273,validation,3c17c1d4b2f56efe7e45625d29b9a1f75249545066776111db69573d4152db97,145,C:\Users\Acer\Documents\GitHub\ImageProcessing\Fingerprint_Enhancement_Jupyter_Project\Fingerprint_Enhancement_Jupyter_Project\Fingerprint_Enhancement_Project\data\SOCOFing\Real\273__M_Left_middle_finger.BMP
273__M_Left_ring_finger.BMP,273,validation,3c17c1d4b2f56efe7e45625d29b9a1f75249545066776111db69573d4152db97,145,C:\Users\Acer\Documents\GitHub\ImageProcessing\Fingerprint_Enhancement_Jupyter_Project\Fingerprint_Enhancement_Jupyter_Project\Fingerprint_Enhancement_Project\data\SOCOFing\Real\273__M_Left_ring_finger.BMP
273__M_Left_thumb_finger.BMP,273,validation,3c17c1d4b2f56efe7e45625d29b9a1f75249545066776111db69573d4152db97,145,C:\Users\Acer\Documents\GitHub\ImageProcessing\Fingerprint_Enhancement_Jupyter_Project\Fingerprint_Enhancement_Jupyter_Project\Fingerprint_Enhancement_Project\data\SOCOFing\Real\273__M_Left_thumb_finger.BMP
273__M_Right_index_finger.BMP,273,validation,3c17c1d4b2f56efe7e45625d29b9a1f75249545066776111db69573d4152db97,145,C:\Users\Acer\Documents\GitHub\ImageProcessing\Fingerprint_Enhancement_Jupyter_Project\Fingerprint_Enhancement_Jupyter_Project\Fingerprint_Enhancement_Project\data\SOCOFing\Real\273__M_Right_index_finger.BMP
273__M_Right_little_finger.BMP,273,validation,3c17c1d4b2f56efe7e45625d29b9a1f75249545066776111db69573d4152db97,145,C:\Users\Acer\Documents\GitHub\ImageProcessing\Fingerprint_Enhancement_Jupyter_Project\Fingerprint_Enhancement_Jupyter_Project\Fingerprint_Enhancement_Project\data\SOCOFing\Real\273__M_Right_little_finger.BMP
273__M_Right_middle_finger.BMP,273,validation,3c17c1d4b2f56efe7e45625d29b9a1f75249545066776111db69573d4152db97,145,C:\Users\Acer\Documents\GitHub\ImageProcessing\Fingerprint_Enhancement_Jupyter_Project\Fingerprint_Enhancement_Jupyter_Project\Fingerprint_Enhancement_Project\data\SOCOFing\Real\273__M_Right_middle_finger.BMP
273__M_Right_ring_finger.BMP,273,validation,3c17c1d4b2f56efe7e45625d29b9a1f75249545066776111db69573d4152db97,145,C:\Users\Acer\Documents\GitHub\ImageProcessing\Fingerprint_Enhancement_Jupyter_Project\Fingerprint_Enhancement_Jupyter_Project\Fingerprint_Enhancement_Project\data\SOCOFing\Real\273__M_Right_ring_finger.BMP
273__M_Right_thumb_finger.BMP,273,validation,3c17c1d4b2f56efe7e45625d29b9a1f75249545066776111db69573d4152db97,145,C:\Users\Acer\Documents\GitHub\ImageProcessing\Fingerprint_Enhancement_Jupyter_Project\Fingerprint_Enhancement_Jupyter_Project\Fingerprint_Enhancement_Project\data\SOCOFing\Real\273__M_Right_thumb_finger.BMP
153__M_Left_index_finger.BMP,153,validation,3c3ac869d4c72746333c25f010ba55eec7d610653bca92547e7b9008f8937658,146,C:\Users\Acer\Documents\GitHub\ImageProcessing\Fingerprint_Enhancement_Jupyter_Project\Fingerprint_Enhancement_Jupyter_Project\Fingerprint_Enhancement_Project\data\SOCOFing\Real\153__M_Left_index_finger.BMP
153__M_Left_little_finger.BMP,153,validation,3c3ac869d4c72746333c25f010ba55eec7d610653bca92547e7b9008f8937658,146,C:\Users\Acer\Documents\GitHub\ImageProcessing\Fingerprint_Enhancement_Jupyter_Project\Fingerprint_Enhancement_Jupyter_Project\Fingerprint_Enhancement_Project\data\SOCOFing\Real\153__M_Left_little_finger.BMP
153__M_Left_middle_finger.BMP,153,validation,3c3ac869d4c72746333c25f010ba55eec7d610653bca92547e7b9008f8937658,146,C:\Users\Acer\Documents\GitHub\ImageProcessing\Fingerprint_Enhancement_Jupyter_Project\Fingerprint_Enhancement_Jupyter_Project\Fingerprint_Enhancement_Project\data\SOCOFing\Real\153__M_Left_middle_finger.BMP
153__M_Left_ring_finger.BMP,153,validation,3c3ac869d4c72746333c25f010ba55eec7d610653bca92547e7b9008f8937658,146,C:\Users\Acer\Documents\GitHub\ImageProcessing\Fingerprint_Enhancement_Jupyter_Project\Fingerprint_Enhancement_Jupyter_Project\Fingerprint_Enhancement_Project\data\SOCOFing\Real\153__M_Left_ring_finger.BMP
153__M_Left_thumb_finger.BMP,153,validation,3c3ac869d4c72746333c25f010ba55eec7d610653bca92547e7b9008f8937658,146,C:\Users\Acer\Documents\GitHub\ImageProcessing\Fingerprint_Enhancement_Jupyter_Project\Fingerprint_Enhancement_Jupyter_Project\Fingerprint_Enhancement_Project\data\SOCOFing\Real\153__M_Left_thumb_finger.BMP
153__M_Right_index_finger.BMP,153,validation,3c3ac869d4c72746333c25f010ba55eec7d610653bca92547e7b9008f8937658,146,C:\Users\Acer\Documents\GitHub\ImageProcessing\Fingerprint_Enhancement_Jupyter_Project\Fingerprint_Enhancement_Jupyter_Project\Fingerprint_Enhancement_Project\data\SOCOFing\Real\153__M_Right_index_finger.BMP
153__M_Right_little_finger.BMP,153,validation,3c3ac869d4c72746333c25f010ba55eec7d610653bca92547e7b9008f8937658,146,C:\Users\Acer\Documents\GitHub\ImageProcessing\Fingerprint_Enhancement_Jupyter_Project\Fingerprint_Enhancement_Jupyter_Project\Fingerprint_Enhancement_Project\data\SOCOFing\Real\153__M_Right_little_finger.BMP
153__M_Right_middle_finger.BMP,153,validation,3c3ac869d4c72746333c25f010ba55eec7d610653bca92547e7b9008f8937658,146,C:\Users\Acer\Documents\GitHub\ImageProcessing\Fingerprint_Enhancement_Jupyter_Project\Fingerprint_Enhancement_Jupyter_Project\Fingerprint_Enhancement_Project\data\SOCOFing\Real\153__M_Right_middle_finger.BMP
153__M_Right_ring_finger.BMP,153,validation,3c3ac869d4c72746333c25f010ba55eec7d610653bca92547e7b9008f8937658,146,C:\Users\Acer\Documents\GitHub\ImageProcessing\Fingerprint_Enhancement_Jupyter_Project\Fingerprint_Enhancement_Jupyter_Project\Fingerprint_Enhancement_Project\data\SOCOFing\Real\153__M_Right_ring_finger.BMP
153__M_Right_thumb_finger.BMP,153,validation,3c3ac869d4c72746333c25f010ba55eec7d610653bca92547e7b9008f8937658,146,C:\Users\Acer\Documents\GitHub\ImageProcessing\Fingerprint_Enhancement_Jupyter_Project\Fingerprint_Enhancement_Jupyter_Project\Fingerprint_Enhancement_Project\data\SOCOFing\Real\153__M_Right_thumb_finger.BMP
323__M_Left_index_finger.BMP,323,validation,3c6ee7ebee6d2cebd571bf99fc96e732c253df1c10a4053721ba9bd8b62cb670,147,C:\Users\Acer\Documents\GitHub\ImageProcessing\Fingerprint_Enhancement_Jupyter_Project\Fingerprint_Enhancement_Jupyter_Project\Fingerprint_Enhancement_Project\data\SOCOFing\Real\323__M_Left_index_finger.BMP
323__M_Left_little_finger.BMP,323,validation,3c6ee7ebee6d2cebd571bf99fc96e732c253df1c10a4053721ba9bd8b62cb670,147,C:\Users\Acer\Documents\GitHub\ImageProcessing\Fingerprint_Enhancement_Jupyter_Project\Fingerprint_Enhancement_Jupyter_Project\Fingerprint_Enhancement_Project\data\SOCOFing\Real\323__M_Left_little_finger.BMP
323__M_Left_middle_finger.BMP,323,validation,3c6ee7ebee6d2cebd571bf99fc96e732c253df1c10a4053721ba9bd8b62cb670,147,C:\Users\Acer\Documents\GitHub\ImageProcessing\Fingerprint_Enhancement_Jupyter_Project\Fingerprint_Enhancement_Jupyter_Project\Fingerprint_Enhancement_Project\data\SOCOFing\Real\323__M_Left_middle_finger.BMP
323__M_Left_ring_finger.BMP,323,validation,3c6ee7ebee6d2cebd571bf99fc96e732c253df1c10a4053721ba9bd8b62cb670,147,C:\Users\Acer\Documents\GitHub\ImageProcessing\Fingerprint_Enhancement_Jupyter_Project\Fingerprint_Enhancement_Jupyter_Project\Fingerprint_Enhancement_Project\data\SOCOFing\Real\323__M_Left_ring_finger.BMP
323__M_Left_thumb_finger.BMP,323,validation,3c6ee7ebee6d2cebd571bf99fc96e732c253df1c10a4053721ba9bd8b62cb670,147,C:\Users\Acer\Documents\GitHub\ImageProcessing\Fingerprint_Enhancement_Jupyter_Project\Fingerprint_Enhancement_Jupyter_Project\Fingerprint_Enhancement_Project\data\SOCOFing\Real\323__M_Left_thumb_finger.BMP
323__M_Right_index_finger.BMP,323,validation,3c6ee7ebee6d2cebd571bf99fc96e732c253df1c10a4053721ba9bd8b62cb670,147,C:\Users\Acer\Documents\GitHub\ImageProcessing\Fingerprint_Enhancement_Jupyter_Project\Fingerprint_Enhancement_Jupyter_Project\Fingerprint_Enhancement_Project\data\SOCOFing\Real\323__M_Right_index_finger.BMP
323__M_Right_little_finger.BMP,323,validation,3c6ee7ebee6d2cebd571bf99fc96e732c253df1c10a4053721ba9bd8b62cb670,147,C:\Users\Acer\Documents\GitHub\ImageProcessing\Fingerprint_Enhancement_Jupyter_Project\Fingerprint_Enhancement_Jupyter_Project\Fingerprint_Enhancement_Project\data\SOCOFing\Real\323__M_Right_little_finger.BMP
323__M_Right_middle_finger.BMP,323,validation,3c6ee7ebee6d2cebd571bf99fc96e732c253df1c10a4053721ba9bd8b62cb670,147,C:\Users\Acer\Documents\GitHub\ImageProcessing\Fingerprint_Enhancement_Jupyter_Project\Fingerprint_Enhancement_Jupyter_Project\Fingerprint_Enhancement_Project\data\SOCOFing\Real\323__M_Right_middle_finger.BMP
323__M_Right_ring_finger.BMP,323,validation,3c6ee7ebee6d2cebd571bf99fc96e732c253df1c10a4053721ba9bd8b62cb670,147,C:\Users\Acer\Documents\GitHub\ImageProcessing\Fingerprint_Enhancement_Jupyter_Project\Fingerprint_Enhancement_Jupyter_Project\Fingerprint_Enhancement_Project\data\SOCOFing\Real\323__M_Right_ring_finger.BMP
323__M_Right_thumb_finger.BMP,323,validation,3c6ee7ebee6d2cebd571bf99fc96e732c253df1c10a4053721ba9bd8b62cb670,147,C:\Users\Acer\Documents\GitHub\ImageProcessing\Fingerprint_Enhancement_Jupyter_Project\Fingerprint_Enhancement_Jupyter_Project\Fingerprint_Enhancement_Project\data\SOCOFing\Real\323__M_Right_thumb_finger.BMP
478__M_Left_index_finger.BMP,478,validation,3c852cae4e98b9a2b2034df67272bba04aed55a5532857c13af4f65a9b35f9a9,148,C:\Users\Acer\Documents\GitHub\ImageProcessing\Fingerprint_Enhancement_Jupyter_Project\Fingerprint_Enhancement_Jupyter_Project\Fingerprint_Enhancement_Project\data\SOCOFing\Real\478__M_Left_index_finger.BMP
478__M_Left_little_finger.BMP,478,validation,3c852cae4e98b9a2b2034df67272bba04aed55a5532857c13af4f65a9b35f9a9,148,C:\Users\Acer\Documents\GitHub\ImageProcessing\Fingerprint_Enhancement_Jupyter_Project\Fingerprint_Enhancement_Jupyter_Project\Fingerprint_Enhancement_Project\data\SOCOFing\Real\478__M_Left_little_finger.BMP
478__M_Left_middle_finger.BMP,478,validation,3c852cae4e98b9a2b2034df67272bba04aed55a5532857c13af4f65a9b35f9a9,148,C:\Users\Acer\Documents\GitHub\ImageProcessing\Fingerprint_Enhancement_Jupyter_Project\Fingerprint_Enhancement_Jupyter_Project\Fingerprint_Enhancement_Project\data\SOCOFing\Real\478__M_Left_middle_finger.BMP
478__M_Left_ring_finger.BMP,478,validation,3c852cae4e98b9a2b2034df67272bba04aed55a5532857c13af4f65a9b35f9a9,148,C:\Users\Acer\Documents\GitHub\ImageProcessing\Fingerprint_Enhancement_Jupyter_Project\Fingerprint_Enhancement_Jupyter_Project\Fingerprint_Enhancement_Project\data\SOCOFing\Real\478__M_Left_ring_finger.BMP
478__M_Left_thumb_finger.BMP,478,validation,3c852cae4e98b9a2b2034df67272bba04aed55a5532857c13af4f65a9b35f9a9,148,C:\Users\Acer\Documents\GitHub\ImageProcessing\Fingerprint_Enhancement_Jupyter_Project\Fingerprint_Enhancement_Jupyter_Project\Fingerprint_Enhancement_Project\data\SOCOFing\Real\478__M_Left_thumb_finger.BMP
478__M_Right_index_finger.BMP,478,validation,3c852cae4e98b9a2b2034df67272bba04aed55a5532857c13af4f65a9b35f9a9,148,C:\Users\Acer\Documents\GitHub\ImageProcessing\Fingerprint_Enhancement_Jupyter_Project\Fingerprint_Enhancement_Jupyter_Project\Fingerprint_Enhancement_Project\data\SOCOFing\Real\478__M_Right_index_finger.BMP
478__M_Right_little_finger.BMP,478,validation,3c852cae4e98b9a2b2034df67272bba04aed55a5532857c13af4f65a9b35f9a9,148,C:\Users\Acer\Documents\GitHub\ImageProcessing\Fingerprint_Enhancement_Jupyter_Project\Fingerprint_Enhancement_Jupyter_Project\Fingerprint_Enhancement_Project\data\SOCOFing\Real\478__M_Right_little_finger.BMP
478__M_Right_middle_finger.BMP,478,validation,3c852cae4e98b9a2b2034df67272bba04aed55a5532857c13af4f65a9b35f9a9,148,C:\Users\Acer\Documents\GitHub\ImageProcessing\Fingerprint_Enhancement_Jupyter_Project\Fingerprint_Enhancement_Jupyter_Project\Fingerprint_Enhancement_Project\data\SOCOFing\Real\478__M_Right_middle_finger.BMP
478__M_Right_ring_finger.BMP,478,validation,3c852cae4e98b9a2b2034df67272bba04aed55a5532857c13af4f65a9b35f9a9,148,C:\Users\Acer\Documents\GitHub\ImageProcessing\Fingerprint_Enhancement_Jupyter_Project\Fingerprint_Enhancement_Jupyter_Project\Fingerprint_Enhancement_Project\data\SOCOFing\Real\478__M_Right_ring_finger.BMP
478__M_Right_thumb_finger.BMP,478,validation,3c852cae4e98b9a2b2034df67272bba04aed55a5532857c13af4f65a9b35f9a9,148,C:\Users\Acer\Documents\GitHub\ImageProcessing\Fingerprint_Enhancement_Jupyter_Project\Fingerprint_Enhancement_Jupyter_Project\Fingerprint_Enhancement_Project\data\SOCOFing\Real\478__M_Right_thumb_finger.BMP
345__M_Left_index_finger.BMP,345,validation,3d44f279d56a08d1aa8dc3d8580550d1c8905c3d2058ff3c95c21408498ae19d,149,C:\Users\Acer\Documents\GitHub\ImageProcessing\Fingerprint_Enhancement_Jupyter_Project\Fingerprint_Enhancement_Jupyter_Project\Fingerprint_Enhancement_Project\data\SOCOFing\Real\345__M_Left_index_finger.BMP
345__M_Left_little_finger.BMP,345,validation,3d44f279d56a08d1aa8dc3d8580550d1c8905c3d2058ff3c95c21408498ae19d,149,C:\Users\Acer\Documents\GitHub\ImageProcessing\Fingerprint_Enhancement_Jupyter_Project\Fingerprint_Enhancement_Jupyter_Project\Fingerprint_Enhancement_Project\data\SOCOFing\Real\345__M_Left_little_finger.BMP
345__M_Left_middle_finger.BMP,345,validation,3d44f279d56a08d1aa8dc3d8580550d1c8905c3d2058ff3c95c21408498ae19d,149,C:\Users\Acer\Documents\GitHub\ImageProcessing\Fingerprint_Enhancement_Jupyter_Project\Fingerprint_Enhancement_Jupyter_Project\Fingerprint_Enhancement_Project\data\SOCOFing\Real\345__M_Left_middle_finger.BMP
345__M_Left_ring_finger.BMP,345,validation,3d44f279d56a08d1aa8dc3d8580550d1c8905c3d2058ff3c95c21408498ae19d,149,C:\Users\Acer\Documents\GitHub\ImageProcessing\Fingerprint_Enhancement_Jupyter_Project\Fingerprint_Enhancement_Jupyter_Project\Fingerprint_Enhancement_Project\data\SOCOFing\Real\345__M_Left_ring_finger.BMP
345__M_Left_thumb_finger.BMP,345,validation,3d44f279d56a08d1aa8dc3d8580550d1c8905c3d2058ff3c95c21408498ae19d,149,C:\Users\Acer\Documents\GitHub\ImageProcessing\Fingerprint_Enhancement_Jupyter_Project\Fingerprint_Enhancement_Jupyter_Project\Fingerprint_Enhancement_Project\data\SOCOFing\Real\345__M_Left_thumb_finger.BMP
345__M_Right_index_finger.BMP,345,validation,3d44f279d56a08d1aa8dc3d8580550d1c8905c3d2058ff3c95c21408498ae19d,149,C:\Users\Acer\Documents\GitHub\ImageProcessing\Fingerprint_Enhancement_Jupyter_Project\Fingerprint_Enhancement_Jupyter_Project\Fingerprint_Enhancement_Project\data\SOCOFing\Real\345__M_Right_index_finger.BMP
345__M_Right_little_finger.BMP,345,validation,3d44f279d56a08d1aa8dc3d8580550d1c8905c3d2058ff3c95c21408498ae19d,149,C:\Users\Acer\Documents\GitHub\ImageProcessing\Fingerprint_Enhancement_Jupyter_Project\Fingerprint_Enhancement_Jupyter_Project\Fingerprint_Enhancement_Project\data\SOCOFing\Real\345__M_Right_little_finger.BMP
345__M_Right_middle_finger.BMP,345,validation,3d44f279d56a08d1aa8dc3d8580550d1c8905c3d2058ff3c95c21408498ae19d,149,C:\Users\Acer\Documents\GitHub\ImageProcessing\Fingerprint_Enhancement_Jupyter_Project\Fingerprint_Enhancement_Jupyter_Project\Fingerprint_Enhancement_Project\data\SOCOFing\Real\345__M_Right_middle_finger.BMP
345__M_Right_ring_finger.BMP,345,validation,3d44f279d56a08d1aa8dc3d8580550d1c8905c3d2058ff3c95c21408498ae19d,149,C:\Users\Acer\Documents\GitHub\ImageProcessing\Fingerprint_Enhancement_Jupyter_Project\Fingerprint_Enhancement_Jupyter_Project\Fingerprint_Enhancement_Project\data\SOCOFing\Real\345__M_Right_ring_finger.BMP
345__M_Right_thumb_finger.BMP,345,validation,3d44f279d56a08d1aa8dc3d8580550d1c8905c3d2058ff3c95c21408498ae19d,149,C:\Users\Acer\Documents\GitHub\ImageProcessing\Fingerprint_Enhancement_Jupyter_Project\Fingerprint_Enhancement_Jupyter_Project\Fingerprint_Enhancement_Project\data\SOCOFing\Real\345__M_Right_thumb_finger.BMP
513__M_Left_index_finger.BMP,513,validation,3da9f18a193372c03816ee03fca5222e1128d145731eb2ec67e9de49fbd8ed1d,150,C:\Users\Acer\Documents\GitHub\ImageProcessing\Fingerprint_Enhancement_Jupyter_Project\Fingerprint_Enhancement_Jupyter_Project\Fingerprint_Enhancement_Project\data\SOCOFing\Real\513__M_Left_index_finger.BMP
513__M_Left_little_finger.BMP,513,validation,3da9f18a193372c03816ee03fca5222e1128d145731eb2ec67e9de49fbd8ed1d,150,C:\Users\Acer\Documents\GitHub\ImageProcessing\Fingerprint_Enhancement_Jupyter_Project\Fingerprint_Enhancement_Jupyter_Project\Fingerprint_Enhancement_Project\data\SOCOFing\Real\513__M_Left_little_finger.BMP
513__M_Left_middle_finger.BMP,513,validation,3da9f18a193372c03816ee03fca5222e1128d145731eb2ec67e9de49fbd8ed1d,150,C:\Users\Acer\Documents\GitHub\ImageProcessing\Fingerprint_Enhancement_Jupyter_Project\Fingerprint_Enhancement_Jupyter_Project\Fingerprint_Enhancement_Project\data\SOCOFing\Real\513__M_Left_middle_finger.BMP
513__M_Left_ring_finger.BMP,513,validation,3da9f18a193372c03816ee03fca5222e1128d145731eb2ec67e9de49fbd8ed1d,150,C:\Users\Acer\Documents\GitHub\ImageProcessing\Fingerprint_Enhancement_Jupyter_Project\Fingerprint_Enhancement_Jupyter_Project\Fingerprint_Enhancement_Project\data\SOCOFing\Real\513__M_Left_ring_finger.BMP
513__M_Left_thumb_finger.BMP,513,validation,3da9f18a193372c03816ee03fca5222e1128d145731eb2ec67e9de49fbd8ed1d,150,C:\Users\Acer\Documents\GitHub\ImageProcessing\Fingerprint_Enhancement_Jupyter_Project\Fingerprint_Enhancement_Jupyter_Project\Fingerprint_Enhancement_Project\data\SOCOFing\Real\513__M_Left_thumb_finger.BMP
513__M_Right_index_finger.BMP,513,validation,3da9f18a193372c03816ee03fca5222e1128d145731eb2ec67e9de49fbd8ed1d,150,C:\Users\Acer\Documents\GitHub\ImageProcessing\Fingerprint_Enhancement_Jupyter_Project\Fingerprint_Enhancement_Jupyter_Project\Fingerprint_Enhancement_Project\data\SOCOFing\Real\513__M_Right_index_finger.BMP
513__M_Right_little_finger.BMP,513,validation,3da9f18a193372c03816ee03fca5222e1128d145731eb2ec67e9de49fbd8ed1d,150,C:\Users\Acer\Documents\GitHub\ImageProcessing\Fingerprint_Enhancement_Jupyter_Project\Fingerprint_Enhancement_Jupyter_Project\Fingerprint_Enhancement_Project\data\SOCOFing\Real\513__M_Right_little_finger.BMP
513__M_Right_middle_finger.BMP,513,validation,3da9f18a193372c03816ee03fca5222e1128d145731eb2ec67e9de49fbd8ed1d,150,C:\Users\Acer\Documents\GitHub\ImageProcessing\Fingerprint_Enhancement_Jupyter_Project\Fingerprint_Enhancement_Jupyter_Project\Fingerprint_Enhancement_Project\data\SOCOFing\Real\513__M_Right_middle_finger.BMP
513__M_Right_ring_finger.BMP,513,validation,3da9f18a193372c03816ee03fca5222e1128d145731eb2ec67e9de49fbd8ed1d,150,C:\Users\Acer\Documents\GitHub\ImageProcessing\Fingerprint_Enhancement_Jupyter_Project\Fingerprint_Enhancement_Jupyter_Project\Fingerprint_Enhancement_Project\data\SOCOFing\Real\513__M_Right_ring_finger.BMP
513__M_Right_thumb_finger.BMP,513,validation,3da9f18a193372c03816ee03fca5222e1128d145731eb2ec67e9de49fbd8ed1d,150,C:\Users\Acer\Documents\GitHub\ImageProcessing\Fingerprint_Enhancement_Jupyter_Project\Fingerprint_Enhancement_Jupyter_Project\Fingerprint_Enhancement_Project\data\SOCOFing\Real\513__M_Right_thumb_finger.BMP
